Strategia;Konfiguracja;Indeks sygnału;Wymagane K;MSE;RMSE;Max Error;PRD
Fidelity (MSE);Tolerancja_0.01;0;1723;0.009995614221489094;0.09997806870253644;1.7509420775745257;1.5827875631269355
Fidelity (MSE);Tolerancja_0.1;0;210;0.0993957459527727;0.3152709088272699;3.242418018783976;4.991163361959091
Fidelity (MSE);Tolerancja_1.0;0;25;0.9895960601683335;0.9947844289937059;3.785883788147422;15.748778133414993
Fidelity (MSE);Tolerancja_0.01;1;2100;0.00999794172104021;0.09998970807558251;1.3237190960490506;1.7569237730941423
Fidelity (MSE);Tolerancja_0.1;1;298;0.09990229909361743;0.31607324956980687;3.3156668397942255;5.553737648564253
Fidelity (MSE);Tolerancja_1.0;1;30;0.9598430401706668;0.9797157956114961;3.84021023417862;17.214631438713216
Fidelity (MSE);Tolerancja_0.01;2;1438;0.00999339699671184;0.0999669795318026;2.1000088108895376;1.6725178082196073
Fidelity (MSE);Tolerancja_0.1;2;163;0.09989048178029415;0.3160545550696812;3.530828383924238;5.287814778426912
Fidelity (MSE);Tolerancja_1.0;2;18;0.9562769977588609;0.9778941649068477;3.622623153254529;16.360856485019898
Fidelity (MSE);Tolerancja_0.01;3;1952;0.009997845396302621;0.09998922640116094;1.53131610344714;1.646336977593638
Fidelity (MSE);Tolerancja_0.1;3;273;0.09996384371202123;0.31617059273756193;3.3695949581106657;5.205794231902399
Fidelity (MSE);Tolerancja_1.0;3;30;0.9517317022327472;0.975567374522512;3.8645319509232303;16.0628569758762
Fidelity (MSE);Tolerancja_0.01;4;2640;0.00999627735958627;0.0999813850653524;1.0232457128220602;1.600981114071057
Fidelity (MSE);Tolerancja_0.1;4;532;0.09995503845835768;0.31615666758485056;3.652388786022171;5.062550929456889
Fidelity (MSE);Tolerancja_1.0;4;52;0.9801302262750676;0.9900152656777913;4.7472037694227245;15.852908438467402
Fidelity (MSE);Tolerancja_0.01;5;1996;0.009998878832481182;0.09999439400527002;1.5377714836676528;1.6577902369358473
Fidelity (MSE);Tolerancja_0.1;5;275;0.09985106595259294;0.3159921928665215;3.469784832390907;5.23878140863037
Fidelity (MSE);Tolerancja_1.0;5;27;0.9971495098693622;0.998573737822782;3.9599504059254778;16.555186017087102
Fidelity (MSE);Tolerancja_0.01;6;2080;0.009994464677040198;0.09997231955416558;1.4253994341251337;1.6689116633983818
Fidelity (MSE);Tolerancja_0.1;6;294;0.09982451810766593;0.3159501829524172;3.3098366420253402;5.274389428330222
Fidelity (MSE);Tolerancja_1.0;6;34;0.9692648881809142;0.9845125129630979;3.756145601125552;16.435193491289784
Fidelity (MSE);Tolerancja_0.01;7;2080;0.009986762432561216;0.09993379024414722;1.3405148269854168;1.5139406168742555
Fidelity (MSE);Tolerancja_0.1;7;305;0.09992306962978188;0.3161061050182073;3.2943342889588054;4.788829388536185
Fidelity (MSE);Tolerancja_1.0;7;32;0.9855114720506304;0.9927293045189259;4.156163316134661;15.03928963367378
Fidelity (MSE);Tolerancja_0.01;8;2054;0.009996105723260896;0.09998052672026136;1.335319650534708;1.6557149295947564
Fidelity (MSE);Tolerancja_0.1;8;298;0.09983574408611426;0.3159679478778097;3.250142985525099;5.2325474343464204
Fidelity (MSE);Tolerancja_1.0;8;32;0.9569017802228311;0.978213565752812;3.6085790534761357;16.199582641534807
Fidelity (MSE);Tolerancja_0.01;9;2071;0.009995975442572492;0.09997987518782213;1.4682502949327696;1.4752748700917795
Fidelity (MSE);Tolerancja_0.1;9;296;0.09987093027595442;0.31602362297137604;3.7664064799446457;4.663155544545204
Fidelity (MSE);Tolerancja_1.0;9;26;0.946541765774004;0.9729037803267104;5.086940825642985;14.35589407805255
Fidelity (MSE);Tolerancja_0.01;10;2048;0.00999823882844131;0.09999119375445675;1.5135400031215265;1.600732604870913
Fidelity (MSE);Tolerancja_0.1;10;298;0.09955785949238156;0.31552790604379444;3.6890150833314888;5.0512028908389315
Fidelity (MSE);Tolerancja_1.0;10;30;0.9637576767658448;0.9817116056998841;4.551546006125749;15.715961744420515
Fidelity (MSE);Tolerancja_0.01;11;976;0.009984122382829003;0.09992058037676224;1.8230409975606607;1.9638784488479264
Fidelity (MSE);Tolerancja_0.1;11;102;0.09907745236349431;0.314765710272727;2.4230129750933758;6.186529266644252
Fidelity (MSE);Tolerancja_1.0;11;11;0.9862429776350383;0.9930976677220817;2.9083879077178283;19.518732776437187
Fidelity (MSE);Tolerancja_0.01;12;1620;0.009994324170180648;0.09997161682287953;1.9767891996049674;1.7228185588225007
Fidelity (MSE);Tolerancja_0.1;12;195;0.09981277564711347;0.31593159963370787;3.6162693945787425;5.444473546244226
Fidelity (MSE);Tolerancja_1.0;12;20;0.9720871178610996;0.9859447843875941;3.8117653704860768;16.990862271704838
Fidelity (MSE);Tolerancja_0.01;13;1797;0.00999548789725757;0.09997743694082965;1.8077385146699188;1.992080057523268
Fidelity (MSE);Tolerancja_0.1;13;236;0.09953235172504815;0.3154874826756969;3.622425997320833;6.286181581234462
Fidelity (MSE);Tolerancja_1.0;13;20;0.997368828928297;0.9986835479411369;4.708025098758999;19.89906563425462
Fidelity (MSE);Tolerancja_0.01;14;2102;0.009993064248956221;0.09996531522961462;1.545873499420209;1.5268601280682879
Fidelity (MSE);Tolerancja_0.1;14;292;0.0997527593401791;0.31583660228063987;3.841570686587116;4.824056362941454
Fidelity (MSE);Tolerancja_1.0;14;33;0.9964869511675999;0.9982419301790523;4.477180769262481;15.247046416603377
Fidelity (MSE);Tolerancja_0.01;15;1995;0.009990814420929148;0.09995406155294115;1.5835533243291637;1.500603657847927
Fidelity (MSE);Tolerancja_0.1;15;280;0.09970261597206385;0.3157572104830923;3.844750783952552;4.740441935836911
Fidelity (MSE);Tolerancja_1.0;15;28;0.9754762198568327;0.9876619967665217;4.45172277946075;14.827703667451614
Fidelity (MSE);Tolerancja_0.01;16;2641;0.009990928159595588;0.09995463050602302;1.035805135958956;1.6337774744244231
Fidelity (MSE);Tolerancja_0.1;16;509;0.09999157831819122;0.31621444988834907;3.8611650412406027;5.168585414199142
Fidelity (MSE);Tolerancja_1.0;16;50;0.9801939742394817;0.9900474605994815;5.089546165282199;16.182514322246096
Fidelity (MSE);Tolerancja_0.01;17;1775;0.009998050571006249;0.09999025237995077;1.4050451979893985;1.4133055496286497
Fidelity (MSE);Tolerancja_0.1;17;234;0.09962186745999356;0.31562931970904345;3.0802333297864735;4.461241556579479
Fidelity (MSE);Tolerancja_1.0;17;26;0.9950077104298307;0.9975007320447593;3.288751647879132;14.099107531007446
Fidelity (MSE);Tolerancja_0.01;18;2380;0.009999835789992518;0.09999917894659195;1.2196932040266366;2.3013740468173642
Fidelity (MSE);Tolerancja_0.1;18;398;0.0999411530535922;0.316134707132248;3.8032670457777416;7.275501838679438
Fidelity (MSE);Tolerancja_1.0;18;37;0.9958682329905448;0.9979319781380617;4.8088153851547215;22.96633611564587
Fidelity (MSE);Tolerancja_0.01;19;2204;0.009997608999667017;0.09998804428363932;1.3667389383796635;1.7648627989332404
Fidelity (MSE);Tolerancja_0.1;19;332;0.09961859633995257;0.31562413776508375;3.511344351411492;5.570999044714006
Fidelity (MSE);Tolerancja_1.0;19;31;0.9997972321596662;0.9998986109399624;4.28919691522682;17.648948669773212
Fidelity (MSE);Tolerancja_0.01;20;1348;0.009985805418130362;0.09992900188699155;2.1370463987181516;1.596718455318899
Fidelity (MSE);Tolerancja_0.1;20;155;0.09968360751138514;0.31572710924370295;3.4350470414801335;5.044854773432219
Fidelity (MSE);Tolerancja_1.0;20;16;0.9928189755490061;0.9964030186370403;4.308346937101536;15.921054536223991
Fidelity (MSE);Tolerancja_0.01;21;2212;0.009997580888347088;0.0999879037101343;1.192563669430979;1.4984365504083659
Fidelity (MSE);Tolerancja_0.1;21;335;0.09995509146286242;0.31615675141116695;3.346422073146112;4.737981439697371
Fidelity (MSE);Tolerancja_1.0;21;35;0.9865284615508834;0.9932413913802038;4.459951664866892;14.884892561976079
Fidelity (MSE);Tolerancja_0.01;22;2184;0.009995067346046807;0.09997533368809933;1.4374326495346779;1.6391684396838844
Fidelity (MSE);Tolerancja_0.1;22;318;0.09959705400252256;0.31559000935156767;3.6079306008551217;5.174328148006067
Fidelity (MSE);Tolerancja_1.0;22;35;0.9958743524160749;0.9979350441867821;4.603295247645657;16.36187216327574
Fidelity (MSE);Tolerancja_0.01;23;2330;0.009986364806728931;0.09993180077797523;1.174163158677211;1.7470139077005904
Fidelity (MSE);Tolerancja_0.1;23;377;0.0999639621895421;0.31617078010078997;3.636003495456022;5.527317087698905
Fidelity (MSE);Tolerancja_1.0;23;39;0.9973910481370167;0.9986946721280817;4.764061781432949;17.459241884679173
Fidelity (MSE);Tolerancja_0.01;24;1780;0.009988607155411522;0.09994301954319532;1.4412386980011789;1.5844610181947816
Fidelity (MSE);Tolerancja_0.1;24;228;0.0999832758117691;0.3162013216477267;3.230705122866487;5.012943078390352
Fidelity (MSE);Tolerancja_1.0;24;28;0.9532190326377066;0.976329366882768;3.9764603046250135;15.478377877866134
Fidelity (MSE);Tolerancja_0.01;25;2118;0.009991151437503775;0.09995574739605409;1.2403375389577924;1.6091666805617497
Fidelity (MSE);Tolerancja_0.1;25;314;0.09983678532280191;0.3159695955670449;3.680050593314281;5.086728462370859
Fidelity (MSE);Tolerancja_1.0;25;30;0.992835343812582;0.9964112322794149;4.033621317583976;16.041016118546928
Fidelity (MSE);Tolerancja_0.01;26;1146;0.009985695568858352;0.09992845224888831;1.836434480158423;1.4608468418766527
Fidelity (MSE);Tolerancja_0.1;26;132;0.09917194796998823;0.31491577916958724;2.6780484367836066;4.603731080625586
Fidelity (MSE);Tolerancja_1.0;26;14;0.9429748797044444;0.9710689366386118;3.6742967315531203;14.195986802635751
Fidelity (MSE);Tolerancja_0.01;27;2146;0.009994056757227456;0.09997027936955791;1.3693825855498725;1.7923173361714384
Fidelity (MSE);Tolerancja_0.1;27;317;0.09983910862416581;0.31597327200914604;3.7220842686208853;5.664927384020679
Fidelity (MSE);Tolerancja_1.0;27;31;0.989789886899358;0.9948818456979492;4.817326605574934;17.836740986738306
Fidelity (MSE);Tolerancja_0.01;28;2060;0.009986790735847422;0.09993393185423768;1.5080411766371622;1.669379022617723
Fidelity (MSE);Tolerancja_0.1;28;306;0.09984629713408735;0.3159846469910957;3.6456394662756466;5.27846879802151
Fidelity (MSE);Tolerancja_1.0;28;22;0.9710351708674052;0.9854111684304198;6.550402959614614;16.46112289097535
Fidelity (MSE);Tolerancja_0.01;29;2481;0.009988914043467759;0.09994455484651357;1.123680050519961;1.6483257699963005
Fidelity (MSE);Tolerancja_0.1;29;432;0.09965565143096397;0.3156828336019619;3.6286777960593524;5.206368176542232
Fidelity (MSE);Tolerancja_1.0;29;42;0.9701490788604562;0.9849614605965333;4.509365613075621;16.2443803011355
Fidelity (MSE);Tolerancja_0.01;30;1879;0.00999770525489958;0.09998852561619048;1.974139864052737;1.9867222735869847
Fidelity (MSE);Tolerancja_0.1;30;244;0.09980519930389832;0.3159196089259075;4.055281949870173;6.277165503222099
Fidelity (MSE);Tolerancja_1.0;30;27;0.9955184273653129;0.9977566974795573;4.79368174542304;19.82492933351397
Fidelity (MSE);Tolerancja_0.01;31;1798;0.009999522577601847;0.09999761285951704;1.664467190743558;1.6327016737686624
Fidelity (MSE);Tolerancja_0.1;31;224;0.09985684114809158;0.31600133092772187;3.5120526762931563;5.159482183276072
Fidelity (MSE);Tolerancja_1.0;31;23;0.9787840766264915;0.9893351690031501;3.811746224477667;16.153277464922144
Fidelity (MSE);Tolerancja_0.01;32;1871;0.009999558537961327;0.099997792665445;1.4952605927910199;1.511573294259977
Fidelity (MSE);Tolerancja_0.1;32;256;0.09948870035116834;0.3154182942556889;3.250760367944811;4.767883944329189
Fidelity (MSE);Tolerancja_1.0;32;26;0.9621114830566159;0.9808728169628395;4.270316474412047;14.82693883201011
Fidelity (MSE);Tolerancja_0.01;33;1784;0.00998865722419685;0.09994327002953651;1.8340855182713272;1.6686052544571401
Fidelity (MSE);Tolerancja_0.1;33;226;0.09952291111662778;0.31547252038272333;3.812190023164332;5.266979007109545
Fidelity (MSE);Tolerancja_1.0;33;24;0.9761963082366155;0.9880264714250401;4.668908007156822;16.495619577739916
Fidelity (MSE);Tolerancja_0.01;34;2468;0.009998467026134867;0.0999923348369007;1.2303545132249525;1.519824619022276
Fidelity (MSE);Tolerancja_0.1;34;432;0.09995745480564307;0.3161604890014612;3.998411821434088;4.805453293298014
Fidelity (MSE);Tolerancja_1.0;34;42;0.9877332672270437;0.9938477082667363;5.051745009108937;15.105900037702053
Fidelity (MSE);Tolerancja_0.01;35;2127;0.009997713594026953;0.09998856731660352;1.5534092661968941;1.605013152629056
Fidelity (MSE);Tolerancja_0.1;35;292;0.09976160661226748;0.3158506080606265;3.8471288343977785;5.070023441760129
Fidelity (MSE);Tolerancja_1.0;35;34;0.9616618337539731;0.9806435814066051;4.6195329918740455;15.741258110191
Fidelity (MSE);Tolerancja_0.01;36;2175;0.009997575493861996;0.09998787673444215;1.325908075291121;1.644468261702944
Fidelity (MSE);Tolerancja_0.1;36;324;0.0996754463449595;0.3157141845799132;3.5458128735553727;5.19244905749912
Fidelity (MSE);Tolerancja_1.0;36;35;0.995200207061031;0.9975972168470755;4.254983271648482;16.40715869410104
Fidelity (MSE);Tolerancja_0.01;37;1824;0.009994432332777699;0.09997215778794463;1.5193675034965455;1.8562722506530678
Fidelity (MSE);Tolerancja_0.1;37;236;0.09951228531027545;0.3154556788366243;2.984979394973249;5.857347044338423
Fidelity (MSE);Tolerancja_1.0;37;26;0.9495682789544455;0.9744579410905561;3.303077193617033;18.093630021588336
Fidelity (MSE);Tolerancja_0.01;38;1701;0.009999073606104266;0.09999536792324065;1.5546321873814124;1.4495659568086117
Fidelity (MSE);Tolerancja_0.1;38;210;0.09952854679206873;0.3154814523740956;3.1643966185186323;4.573323573518642
Fidelity (MSE);Tolerancja_1.0;38;22;0.9528764737886642;0.976153919107363;3.347406018890971;14.150650366420328
Fidelity (MSE);Tolerancja_0.01;39;2364;0.009995729337568192;0.09997864440753432;1.0714936829112318;1.8722876648389157
Fidelity (MSE);Tolerancja_0.1;39;385;0.09989390706034534;0.31605997383462736;3.4555864428870797;5.918815901801616
Fidelity (MSE);Tolerancja_1.0;39;40;0.9922820800036123;0.996133565343329;4.502375199217623;18.654469641756577
Fidelity (MSE);Tolerancja_0.01;40;2427;0.009998685156280563;0.09999342556528686;1.0614014132913567;1.6313289587735085
Fidelity (MSE);Tolerancja_0.1;40;410;0.09984542786777874;0.31598327149989874;3.397118125291261;5.155065529275408
Fidelity (MSE);Tolerancja_1.0;40;38;0.9583398968559959;0.9789483627117397;4.951620741872974;15.970918129941273
Fidelity (MSE);Tolerancja_0.01;41;2066;0.00999898732568392;0.09999493650022445;1.478589818863252;1.4034074925261537
Fidelity (MSE);Tolerancja_0.1;41;308;0.09959474039342561;0.31558634380059225;3.7227248401620123;4.429186666143757
Fidelity (MSE);Tolerancja_1.0;41;29;0.9898928103238882;0.9949335708095733;4.032462563321594;13.963679329271054
Fidelity (MSE);Tolerancja_0.01;42;2454;0.00999652058355154;0.09998260140420202;1.0862096430622117;1.5524886997375102
Fidelity (MSE);Tolerancja_0.1;42;436;0.09967581658296133;0.3157147709293332;3.792343633473992;4.90228907154047
Fidelity (MSE);Tolerancja_1.0;42;40;0.9993694732805628;0.999684686929115;4.611394083510523;15.522692528110749
Fidelity (MSE);Tolerancja_0.01;43;1400;0.009985734858654137;0.09992864883832933;2.2067135370851743;1.67178563658343
Fidelity (MSE);Tolerancja_0.1;43;165;0.09978002283921528;0.31587976009743846;3.35596570981824;5.2846030838732005
Fidelity (MSE);Tolerancja_1.0;43;16;0.9934852470162218;0.99673730090542;4.153366103657228;16.67520898632893
Fidelity (MSE);Tolerancja_0.01;44;1656;0.009989857505096145;0.09994927466018022;1.5321651685329252;1.6681017538434353
Fidelity (MSE);Tolerancja_0.1;44;194;0.09965485918867761;0.31568157879210756;3.0552513442862077;5.26856244859746
Fidelity (MSE);Tolerancja_1.0;44;21;0.993723188933028;0.9968566541549633;3.5427752773964953;16.63702251747181
Fidelity (MSE);Tolerancja_0.01;45;1364;0.009989889005218662;0.09994943224060186;2.084292297296063;1.6931861899008527
Fidelity (MSE);Tolerancja_0.1;45;152;0.09928855413835463;0.3151008634363839;3.3084976524990743;5.3379435824307695
Fidelity (MSE);Tolerancja_1.0;45;15;0.9629602785640109;0.9813053951568853;4.088310528971012;16.62373368119927
Fidelity (MSE);Tolerancja_0.01;46;2337;0.009997928112645662;0.09998964002658306;1.1472479533636704;1.6101611077616922
Fidelity (MSE);Tolerancja_0.1;46;368;0.0997375275520772;0.31581248796093736;3.17826199012944;5.085616723142195
Fidelity (MSE);Tolerancja_1.0;46;36;0.9709816701440617;0.9853840216606222;4.020692303152346;15.867914190569355
Fidelity (MSE);Tolerancja_0.01;47;2241;0.009999501336022076;0.09999750664902639;1.3527049397002475;1.7201079463635114
Fidelity (MSE);Tolerancja_0.1;47;340;0.09955237320387328;0.31551921209947464;3.7472624095987275;5.427406363916022
Fidelity (MSE);Tolerancja_1.0;47;32;0.9647278835626711;0.9822056218341815;4.250117667764687;16.895418212873405
Fidelity (MSE);Tolerancja_0.01;48;2660;0.009994355594541494;0.09997177398916904;0.8823780800955188;1.429194563307466
Fidelity (MSE);Tolerancja_0.1;48;499;0.09993397187589455;0.316123349146966;3.4179935138206274;4.519293335580301
Fidelity (MSE);Tolerancja_1.0;48;47;0.9942670193905527;0.9971293894929347;4.755541117311612;14.25494262542335
Fidelity (MSE);Tolerancja_0.01;49;2211;0.009999849322120839;0.0999992466077662;1.335754833265388;1.8732365527702324
Fidelity (MSE);Tolerancja_0.1;49;334;0.09990450889494705;0.31607674526125307;3.6178750114176923;5.920909734714357
Fidelity (MSE);Tolerancja_1.0;49;37;0.9866635225088516;0.993309379050078;4.124097909540054;18.60717455546911
Fidelity (MSE);Tolerancja_0.01;50;2602;0.009988388666960722;0.09994192647213042;1.058793949439016;1.6755213871129155
Fidelity (MSE);Tolerancja_0.1;50;494;0.09988046486766321;0.3160387078629186;3.862563140305787;5.298373093973873
Fidelity (MSE);Tolerancja_1.0;50;52;0.9802234145764717;0.990062328632128;4.7438597912796245;16.59834530666702
Fidelity (MSE);Tolerancja_0.01;51;1736;0.009992629785429866;0.09996314213463814;1.9196025241750325;1.6576361434876643
Fidelity (MSE);Tolerancja_0.1;51;210;0.09938454255230367;0.3152531404321037;3.6686997739058222;5.227676809362421
Fidelity (MSE);Tolerancja_1.0;51;22;0.9860965047992409;0.9930239195504008;4.6316906768922514;16.4667927122326
Fidelity (MSE);Tolerancja_0.01;52;2048;0.009991508331774685;0.09995753264149074;1.3792895082135432;1.615821874678223
Fidelity (MSE);Tolerancja_0.1;52;294;0.09961837948554496;0.3156237942322235;3.641881709038728;5.102085029634633
Fidelity (MSE);Tolerancja_1.0;52;28;0.9803845840718055;0.9901437188973152;4.879946375567692;16.00575602248746
Fidelity (MSE);Tolerancja_0.01;53;1606;0.009999068263357827;0.09999534120826743;1.637328608577035;1.6388506517591481
Fidelity (MSE);Tolerancja_0.1;53;206;0.09943951544325812;0.3153403168693437;3.0229476118093004;5.168197613835759
Fidelity (MSE);Tolerancja_1.0;53;22;0.9422087349314315;0.9706743712138647;3.295272105639313;15.908644409707959
Fidelity (MSE);Tolerancja_0.01;54;2340;0.009992995780362736;0.09996497276727852;1.1950595852115988;1.7040089178910534
Fidelity (MSE);Tolerancja_0.1;54;382;0.0997159959936367;0.31577839697109855;3.4942838462405597;5.382777483156836
Fidelity (MSE);Tolerancja_1.0;54;43;0.9968116556209472;0.9984045550882403;5.1009598237022695;17.018863892396254
Fidelity (MSE);Tolerancja_0.01;55;2385;0.009995223605510795;0.09997611517512968;1.043416222190145;1.5545831666308565
Fidelity (MSE);Tolerancja_0.1;55;400;0.09982085393664544;0.3159443842460971;3.4966444316103393;4.912791625081232
Fidelity (MSE);Tolerancja_1.0;55;42;0.9728760973159278;0.9863448166416894;3.879144353978382;15.337213751092124
Fidelity (MSE);Tolerancja_0.01;56;2160;0.009988130517309199;0.0999406349655094;1.2416737194281566;1.836949264390924
Fidelity (MSE);Tolerancja_0.1;56;314;0.09972278349876418;0.3157891440483098;3.382709568202964;5.804332102376349
Fidelity (MSE);Tolerancja_1.0;56;34;0.9573931430239986;0.97846468665149;4.337241883584831;17.984576413760525
Fidelity (MSE);Tolerancja_0.01;57;2574;0.00998935578367806;0.09994676474843026;0.9089379136316165;1.706199589198199
Fidelity (MSE);Tolerancja_0.1;57;496;0.09998628069506055;0.31620607314702315;3.368033277814024;5.397980349472992
Fidelity (MSE);Tolerancja_1.0;57;50;0.967815468001265;0.9837761269726283;4.41679994667572;16.79412463153347
Fidelity (MSE);Tolerancja_0.01;58;1858;0.009997707348138181;0.099988536083584;1.7253716961574932;1.6013513456984083
Fidelity (MSE);Tolerancja_0.1;58;251;0.09991834220104762;0.3160986273317991;3.6517530325269325;5.062429975252943
Fidelity (MSE);Tolerancja_1.0;58;25;0.9814210687988628;0.99066698178493;5.0753474198695425;15.865877895183347
Fidelity (MSE);Tolerancja_0.01;59;1696;0.00999741003801594;0.09998704935148321;1.679001861236764;1.7138239698371365
Fidelity (MSE);Tolerancja_0.1;59;206;0.09981745916496333;0.3159390117806969;3.285462806870334;5.415339835592254
Fidelity (MSE);Tolerancja_1.0;59;20;0.9347545361986102;0.9668270456491224;4.0034926224391585;16.571859818520686
Fidelity (MSE);Tolerancja_0.01;60;2037;0.009997058601063554;0.09998529192368023;1.609450138020387;1.622429158160481
Fidelity (MSE);Tolerancja_0.1;60;277;0.09989420701853662;0.3160604483616016;4.212690056570864;5.128611191679592
Fidelity (MSE);Tolerancja_1.0;60;27;0.9847557040593415;0.9923485799150122;4.450767226095667;16.102521082222804
Fidelity (MSE);Tolerancja_0.01;61;1680;0.009992053624472525;0.09996026022611448;1.787891463055046;1.6994716410412822
Fidelity (MSE);Tolerancja_0.1;61;202;0.09935145142530405;0.31520065264098684;3.320710737880848;5.358875308941191
Fidelity (MSE);Tolerancja_1.0;61;25;0.9878511742457702;0.9939070249504076;3.8778267359752796;16.89788320792755
Fidelity (MSE);Tolerancja_0.01;62;2373;0.009999644458701874;0.09999822227770788;1.2183702461388073;1.6596206199431756
Fidelity (MSE);Tolerancja_0.1;62;404;0.09992046047996976;0.316101977975415;4.0722021446176475;5.246186869161682
Fidelity (MSE);Tolerancja_1.0;62;40;0.9742529664066003;0.9870425352570174;4.923702821465197;16.381452659471048
Fidelity (MSE);Tolerancja_0.01;63;1732;0.009991250596857047;0.09995624341108987;1.5808386720310228;1.6514980578256142
Fidelity (MSE);Tolerancja_0.1;63;208;0.0999863210727001;0.3162061369940503;3.1031218728105534;5.224424241020207
Fidelity (MSE);Tolerancja_1.0;63;22;0.9627613425488551;0.9812040269734196;3.446112264575574;16.211659117808434
Fidelity (MSE);Tolerancja_0.01;64;1496;0.009991001879135044;0.09995499927034687;1.837247404251313;1.5071632524054868
Fidelity (MSE);Tolerancja_0.1;64;176;0.09940243182084561;0.315281512018776;3.4623161504018407;4.7539464013433035
Fidelity (MSE);Tolerancja_1.0;64;21;0.9977046616732365;0.9988516715074548;3.690819690206305;15.061102945217481
Fidelity (MSE);Tolerancja_0.01;65;2161;0.009995781483932728;0.09997890519470959;1.3248243280008953;1.5323089528734113
Fidelity (MSE);Tolerancja_0.1;65;323;0.09992276980565766;0.3161056307718318;3.5898080179437204;4.844736868663025
Fidelity (MSE);Tolerancja_1.0;65;36;0.9843486868087588;0.9921434809586559;3.9936952573727402;15.205911041406212
Fidelity (MSE);Tolerancja_0.01;66;2362;0.009990434370007704;0.09995216040690519;1.310740502593976;1.6949957274098606
Fidelity (MSE);Tolerancja_0.1;66;372;0.099970313711623;0.3161808243894987;3.7889288101138305;5.361816535504353
Fidelity (MSE);Tolerancja_1.0;66;38;0.9768014166919962;0.9883326447568127;4.004642259026089;16.760214119461423
Fidelity (MSE);Tolerancja_0.01;67;2196;0.00998988912863144;0.09994943285797794;1.3703259719466594;1.629827638092023
Fidelity (MSE);Tolerancja_0.1;67;310;0.09967491953466258;0.31571335026359365;3.4772560403618025;5.148186730637967
Fidelity (MSE);Tolerancja_1.0;67;32;0.9553445824717377;0.9774173021139628;4.863739081969507;15.938276860442663
Fidelity (MSE);Tolerancja_0.01;68;1991;0.009999542550778711;0.09999771272773549;1.7937748797446158;1.5453924323500723
Fidelity (MSE);Tolerancja_0.1;68;274;0.09967230864800038;0.31570921533588525;3.910139670188567;4.8790579193711245
Fidelity (MSE);Tolerancja_1.0;68;30;0.9967034165615911;0.9983503476042822;4.192092261969433;15.428783618505676
Fidelity (MSE);Tolerancja_0.01;69;1610;0.009997118332076258;0.09998559062223045;1.5880168334096885;1.7793724672402138
Fidelity (MSE);Tolerancja_0.1;69;204;0.09942570349370444;0.3153184160395717;3.033788952121297;5.611497661042598
Fidelity (MSE);Tolerancja_1.0;69;21;0.980234881886783;0.9900681198214509;3.2011752771114157;17.619538396874606
Fidelity (MSE);Tolerancja_0.01;70;2803;0.009996013473247724;0.0999800653792931;0.8189256659774637;1.6192281566368367
Fidelity (MSE);Tolerancja_0.1;70;586;0.09985906822509194;0.31600485474924583;3.5403463411069094;5.1178598103806365
Fidelity (MSE);Tolerancja_1.0;70;67;0.9919146607313092;0.9959491255738464;4.155643164489482;16.12990410227326
Fidelity (MSE);Tolerancja_0.01;71;2049;0.009998884506078356;0.09999442237484227;1.4803300264831427;1.6377476030147102
Fidelity (MSE);Tolerancja_0.1;71;286;0.09976969622251379;0.31586341387142924;3.768248714616144;5.1733340386606
Fidelity (MSE);Tolerancja_1.0;71;30;0.9858210234884064;0.9928852015658237;4.435182457670819;16.261860614960828
Fidelity (MSE);Tolerancja_0.01;72;2408;0.009993972578760946;0.09996985835120976;0.9933136712147754;1.5671069597278302
Fidelity (MSE);Tolerancja_0.1;72;414;0.09972618851860016;0.3157945352893241;2.987972683934942;4.9503302521177055
Fidelity (MSE);Tolerancja_1.0;72;44;0.9660779931465511;0.9828926661373312;3.64829106880957;15.407623489451655
Fidelity (MSE);Tolerancja_0.01;73;1774;0.009995947608533106;0.09997973598951493;1.6683274789491294;1.6912041385506185
Fidelity (MSE);Tolerancja_0.1;73;226;0.09993845514501322;0.31613044007974495;3.418565766158686;5.34749470273418
Fidelity (MSE);Tolerancja_1.0;73;24;0.9938397829615316;0.9969151332794239;3.74703808069666;16.863287170139316
Fidelity (MSE);Tolerancja_0.01;74;2146;0.009991454350361672;0.09995726261938985;1.2895189449150233;1.7456773560510466
Fidelity (MSE);Tolerancja_0.1;74;320;0.09989603043055031;0.31606333294222905;3.6539730593070106;5.519805054047606
Fidelity (MSE);Tolerancja_1.0;74;35;0.9979651134661369;0.998982038610373;4.181743568093158;17.446459398794666
Fidelity (MSE);Tolerancja_0.01;75;2472;0.009991061168738904;0.09995529585139;1.0539760322336313;1.5778404298172355
Fidelity (MSE);Tolerancja_0.1;75;438;0.09974750117880712;0.315828277991074;3.5664881685894736;4.985494982024444
Fidelity (MSE);Tolerancja_1.0;75;42;0.9794516743218639;0.9896725086218491;4.3498822362466765;15.622436841203996
Fidelity (MSE);Tolerancja_0.01;76;1462;0.009991009041995343;0.09995503510076591;2.067392177882363;1.6640557001054908
Fidelity (MSE);Tolerancja_0.1;76;163;0.09975964332539031;0.31584750010945206;3.449686512450425;5.258242692740308
Fidelity (MSE);Tolerancja_1.0;76;19;0.9774450747948223;0.9886582194038658;4.028028856009524;16.45922432818536
Fidelity (MSE);Tolerancja_0.01;77;2083;0.00999571852504663;0.09997859033336402;1.4307043437401585;1.7469532499965998
Fidelity (MSE);Tolerancja_0.1;77;294;0.09965371901855481;0.315679772900569;3.4466350015928486;5.515959000702203
Fidelity (MSE);Tolerancja_1.0;77;31;0.9984601416242865;0.9992297741882428;4.423454913936201;17.459815103324072
Fidelity (MSE);Tolerancja_0.01;78;2248;0.009986704958338316;0.09993350268222523;1.431472533614988;1.9151893126776793
Fidelity (MSE);Tolerancja_0.1;78;350;0.09994208584865212;0.3161361824414474;3.937890164092444;6.058635209533909
Fidelity (MSE);Tolerancja_1.0;78;37;0.9951198596253591;0.9975569455551694;4.660327711111902;19.11781684456523
Fidelity (MSE);Tolerancja_0.01;79;1669;0.009999593806441795;0.0999979690115844;1.6524855308684714;1.6631166097257664
Fidelity (MSE);Tolerancja_0.1;79;217;0.09985064667335922;0.3159915294329252;3.2251554440934456;5.255414348182065
Fidelity (MSE);Tolerancja_1.0;79;23;0.9811407808315332;0.9905255074108558;3.970004955924916;16.473928820906316
Fidelity (MSE);Tolerancja_0.01;80;2046;0.00999957471842351;0.09999787356950902;1.591222475299345;1.824692215414078
Fidelity (MSE);Tolerancja_0.1;80;282;0.0996703375733477;0.31570609365887714;3.7700575121893287;5.760787013712989
Fidelity (MSE);Tolerancja_1.0;80;31;0.9990931015398808;0.9995464479151936;4.843914945200351;18.239034064938085
Fidelity (MSE);Tolerancja_0.01;81;2174;0.009995026999854897;0.09997513190716428;1.5349897079052806;1.551100975301895
Fidelity (MSE);Tolerancja_0.1;81;328;0.0995421265557907;0.3155029739254302;4.101086514079014;4.894986995574187
Fidelity (MSE);Tolerancja_1.0;81;30;0.9760274410987949;0.9879410109408329;4.804951304941116;15.327774381273443
Fidelity (MSE);Tolerancja_0.01;82;2035;0.009998438120067695;0.09999219029538105;1.655714758423712;1.6228756714261197
Fidelity (MSE);Tolerancja_0.1;82;287;0.09987695417473055;0.31603315360058437;4.00576861075222;5.12922574080422
Fidelity (MSE);Tolerancja_1.0;82;28;0.9966040073894905;0.9983005596459869;4.26700836661338;16.202442273088103
Fidelity (MSE);Tolerancja_0.01;83;1736;0.009995598960306528;0.09997799237985593;1.3520215047453013;1.588812523547757
Fidelity (MSE);Tolerancja_0.1;83;218;0.09989512554368336;0.31606190144287144;2.819553702794626;5.022736457047817
Fidelity (MSE);Tolerancja_1.0;83;20;0.957184147930484;0.9783578833588883;4.009735637020064;15.547694253415228
Fidelity (MSE);Tolerancja_0.01;84;1368;0.009991727906473506;0.09995863097538654;2.071762356028038;1.4520525933613349
Fidelity (MSE);Tolerancja_0.1;84;162;0.09920899051243207;0.31497458708986675;3.298264681800047;4.575489495643207
Fidelity (MSE);Tolerancja_1.0;84;18;0.9076048609960977;0.9526829803224668;3.496143459715972;13.839183057329723
Fidelity (MSE);Tolerancja_0.01;85;2050;0.009999778976430921;0.09999889487604811;1.2480294310297708;1.543089472795574
Fidelity (MSE);Tolerancja_0.1;85;291;0.09996454826380123;0.31617170693121993;3.131284447272988;4.878866243133163
Fidelity (MSE);Tolerancja_1.0;85;32;0.9424759019754559;0.9708119807539748;4.313905241997407;14.980663030548083
Fidelity (MSE);Tolerancja_0.01;86;2018;0.009987301217598938;0.0999364859178015;1.6318181706160102;1.506926829365052
Fidelity (MSE);Tolerancja_0.1;86;282;0.0996198410641513;0.31562610960462584;3.8704806989621474;4.759277337433405
Fidelity (MSE);Tolerancja_1.0;86;28;0.9931077233383933;0.9965479031829796;4.52364085643102;15.026791849466251
Fidelity (MSE);Tolerancja_0.01;87;1940;0.009997409469343273;0.09998704650775156;1.4483121894214124;1.7924589481179223
Fidelity (MSE);Tolerancja_0.1;87;260;0.09976412071060739;0.3158545879207826;3.317272359660384;5.662297289467533
Fidelity (MSE);Tolerancja_1.0;87;26;0.9995678196106437;0.9997838864527892;3.8432386353515784;17.923037393823645
Fidelity (MSE);Tolerancja_0.01;88;1371;0.009991320016381689;0.09995659066005447;1.8809526624173172;1.929101604218411
Fidelity (MSE);Tolerancja_0.1;88;164;0.09911322094674598;0.31482252293434465;3.171364641229256;6.075883841438744
Fidelity (MSE);Tolerancja_1.0;88;18;0.9057144598673834;0.9516903172079578;3.1324314142021823;18.367046189968555
Fidelity (MSE);Tolerancja_0.01;89;1735;0.009996089959132214;0.09998044788423492;1.694559393788169;1.6026226040921152
Fidelity (MSE);Tolerancja_0.1;89;216;0.09952487531611368;0.31547563347446295;3.9052359135345363;5.056872538037264
Fidelity (MSE);Tolerancja_1.0;89;26;0.9482354059074894;0.9737737960673872;4.23248689840196;15.60897085255263
Fidelity (MSE);Tolerancja_0.01;90;1786;0.009998271393077041;0.09999135659184268;1.6046728614998091;1.4495553973242596
Fidelity (MSE);Tolerancja_0.1;90;233;0.09983878675321377;0.31597276267617397;3.6422758508919033;4.5805961550687755
Fidelity (MSE);Tolerancja_1.0;90;22;0.9837481724280697;0.9918407999412353;4.652452334588691;14.378524642984184
Fidelity (MSE);Tolerancja_0.01;91;2073;0.009998448191638623;0.0999922406571561;1.6006348426468886;1.4961246483163084
Fidelity (MSE);Tolerancja_0.1;91;302;0.09990745951144546;0.3160814127901947;3.9270938965442266;4.7293388911193315
Fidelity (MSE);Tolerancja_1.0;91;32;0.9958239057086026;0.9979097683200634;4.270202974999304;14.931132569559185
Fidelity (MSE);Tolerancja_0.01;92;1068;0.009991333615900308;0.09995665868715455;2.0910040492345843;1.9243398885315548
Fidelity (MSE);Tolerancja_0.1;92;114;0.09874394304645588;0.3142354897946059;2.9643325243892393;6.049580841798588
Fidelity (MSE);Tolerancja_1.0;92;13;0.9954221339737193;0.9977084413663739;3.7759749994189535;19.20762634588435
Fidelity (MSE);Tolerancja_0.01;93;1596;0.009989705669731634;0.09994851509518105;1.5019819923571243;1.6880459219671784
Fidelity (MSE);Tolerancja_0.1;93;193;0.0999562338516592;0.31615855808701304;2.8586393741328315;5.339650760849945
Fidelity (MSE);Tolerancja_1.0;93;24;0.9501642887757112;0.9747637092012152;3.4242870144614375;16.462934968385998
Fidelity (MSE);Tolerancja_0.01;94;2472;0.00998829950692787;0.09994148041192841;1.3315701621023508;1.5873871868033018
Fidelity (MSE);Tolerancja_0.1;94;439;0.09999316770309892;0.31621696302238267;4.277043251476812;5.0225267154605095
Fidelity (MSE);Tolerancja_1.0;94;43;0.9990336890673267;0.9995167277576332;4.755839252058518;15.875490738164627
Fidelity (MSE);Tolerancja_0.01;95;1328;0.009991563909946816;0.09995781065002783;2.0999417374079883;1.776428858817066
Fidelity (MSE);Tolerancja_0.1;95;150;0.09978167053598365;0.3158823681942119;3.5030711430738304;5.6137939717022
Fidelity (MSE);Tolerancja_1.0;95;15;0.9799687025221371;0.9899336859215051;3.760461462414727;17.592890005795876
Fidelity (MSE);Tolerancja_0.01;96;2027;0.009995882970719835;0.09997941273442165;1.6987478408310963;1.964148778643756
Fidelity (MSE);Tolerancja_0.1;96;282;0.09964071886052865;0.31565918149252153;3.865312134222719;6.201292634546204
Fidelity (MSE);Tolerancja_1.0;96;26;0.9726516865204378;0.9862310512858727;4.693663166205253;19.375033938129686
Fidelity (MSE);Tolerancja_0.01;97;1951;0.00999555192089294;0.09997775713073853;1.3543698974981107;1.7117373281864634
Fidelity (MSE);Tolerancja_0.1;97;254;0.0999732002877315;0.3161853891117227;3.2974197821413926;5.413467442182653
Fidelity (MSE);Tolerancja_1.0;97;28;0.9660236431208494;0.9828650177521069;3.766813950375159;16.827810382412252
Fidelity (MSE);Tolerancja_0.01;98;1858;0.009995576472112756;0.09997787991407277;1.606847116222514;1.618412426753189
Fidelity (MSE);Tolerancja_0.1;98;242;0.09994513093405817;0.31614099850234256;3.5047076289968;5.117597222726602
Fidelity (MSE);Tolerancja_1.0;98;24;0.9817616896667601;0.9908388817899508;3.714654977068773;16.039407522717145
Fidelity (MSE);Tolerancja_0.01;99;1991;0.009993767577503743;0.09996883303061882;1.568972604518164;1.5300295772574497
Fidelity (MSE);Tolerancja_0.1;99;286;0.09994170304483846;0.3161355769995501;3.6235880138576464;4.838475838609751
Fidelity (MSE);Tolerancja_1.0;99;30;0.983970304786953;0.9919527734660321;4.093975164825195;15.181902565379913
Fidelity (MSE);Tolerancja_0.01;100;2280;0.00999878592759512;0.09999392945371793;1.252890543743801;1.5674737338939544
Fidelity (MSE);Tolerancja_0.1;100;354;0.09965655938407743;0.3156842716767458;3.7126436894338255;4.9485684457052175
Fidelity (MSE);Tolerancja_1.0;100;38;0.9821941470158873;0.9910570856494025;4.858105409350159;15.535502595324497
Fidelity (MSE);Tolerancja_0.01;101;2160;0.009996470131265115;0.09998234909855397;1.1239422103653127;1.778054481005991
Fidelity (MSE);Tolerancja_0.1;101;312;0.09955721945975964;0.31552689181709953;3.01295632863296;5.611230471493297
Fidelity (MSE);Tolerancja_1.0;101;29;0.9987294416259072;0.999364518894836;3.7158046666265125;17.772382595530146
Fidelity (MSE);Tolerancja_0.01;102;1917;0.00999905020489248;0.0999952509116932;1.6521224938170496;1.6129150985915885
Fidelity (MSE);Tolerancja_0.1;102;246;0.09966428987804403;0.31569651546706057;3.636157475958014;5.09215859480414
Fidelity (MSE);Tolerancja_1.0;102;29;0.9737601136562107;0.9867928423211281;3.9340454228612547;15.916886652621386
Fidelity (MSE);Tolerancja_0.01;103;2034;0.009991380610461153;0.0999568937615668;1.6432576935914023;1.6520530112623462
Fidelity (MSE);Tolerancja_0.1;103;278;0.09977844243283204;0.3158772584926494;4.023750350512212;5.220710212612914
Fidelity (MSE);Tolerancja_1.0;103;26;0.9754368800870077;0.9876420809620293;4.382239296089582;16.323407145832007
Fidelity (MSE);Tolerancja_0.01;104;2258;0.009993468615265542;0.0999673377422123;1.1770878460835628;1.6049715369648845
Fidelity (MSE);Tolerancja_0.1;104;344;0.09994407077165614;0.31613932177389154;3.578998791038276;5.075603938467454
Fidelity (MSE);Tolerancja_1.0;104;36;0.9855332953717391;0.9927402960350401;4.578697862677911;15.938405030281565
Fidelity (MSE);Tolerancja_0.01;105;2304;0.009988793863250184;0.09994395361026191;0.9985614496085762;1.6179926096663813
Fidelity (MSE);Tolerancja_0.1;105;365;0.09992439471856651;0.3161082009669577;2.680737240118903;5.1174754904528585
Fidelity (MSE);Tolerancja_1.0;105;40;0.9949549933636613;0.9974743071195675;3.652037518551319;16.148111005745168
Fidelity (MSE);Tolerancja_0.01;106;1949;0.009998261515141512;0.09999130719788352;1.65730366134631;1.968305406839481
Fidelity (MSE);Tolerancja_0.1;106;256;0.0997556744425541;0.3158412171369565;3.6280710422956215;6.217260208061292
Fidelity (MSE);Tolerancja_1.0;106;26;0.9744289744940532;0.9871316905530149;4.274411397757978;19.431455575762516
Fidelity (MSE);Tolerancja_0.01;107;1955;0.009999077353505649;0.09999538666111377;1.586036340133707;1.576984996528485
Fidelity (MSE);Tolerancja_0.1;107;266;0.09991676079220428;0.31609612587345054;3.878769941924544;4.985018455426999
Fidelity (MSE);Tolerancja_1.0;107;26;0.9758325684040672;0.9878423803441859;3.930398072773064;15.57884483228434
Fidelity (MSE);Tolerancja_0.01;108;1508;0.009991181664262092;0.09995589859664157;1.9524317011850112;1.7640625568363397
Fidelity (MSE);Tolerancja_0.1;108;172;0.09999121053640643;0.31621386834926524;3.3077329689685735;5.5806716055680265
Fidelity (MSE);Tolerancja_1.0;108;22;0.9702927635162701;0.9850343971234051;3.8191587115101973;17.38428968732857
Fidelity (MSE);Tolerancja_0.01;109;2034;0.009989055495705723;0.09994526249755775;1.7248556131370656;1.6019683046462947
Fidelity (MSE);Tolerancja_0.1;109;275;0.09992304191529007;0.3161060611808797;4.08314603012476;5.066692289999499
Fidelity (MSE);Tolerancja_1.0;109;26;0.9707049898129688;0.9852436195241098;4.533474938874027;15.791934618923886
Fidelity (MSE);Tolerancja_0.01;110;1946;0.009995438622326758;0.09997719051026968;1.4305134205662406;1.6595784221039775
Fidelity (MSE);Tolerancja_0.1;110;258;0.09992049951957507;0.3161020397270082;3.3778404405120854;5.247158093126356
Fidelity (MSE);Tolerancja_1.0;110;28;0.9683193203243241;0.9840321744355335;3.879330947431087;16.334511452204875
Fidelity (MSE);Tolerancja_0.01;111;1875;0.009996258070479939;0.09998128860181758;1.5325282213601503;1.6352236424724127
Fidelity (MSE);Tolerancja_0.1;111;230;0.0996264195324009;0.3156365307317911;3.3723741790380224;5.162329118762848
Fidelity (MSE);Tolerancja_1.0;111;24;0.9928569495702483;0.9964220740079217;3.8359598283762555;16.296778688142744
Fidelity (MSE);Tolerancja_0.01;112;2196;0.00998827119094341;0.09994133874900521;1.2608958018483545;1.7888495339092494
Fidelity (MSE);Tolerancja_0.1;112;322;0.09978573550120266;0.3158888024308596;3.256415463233558;5.654092131132462
Fidelity (MSE);Tolerancja_1.0;112;32;0.9943285257385825;0.9971602307245223;4.013479914302506;17.84816609715623
Fidelity (MSE);Tolerancja_0.01;113;2112;0.009993837366355179;0.09996918208305587;1.4045958058993173;1.7803139564415853
Fidelity (MSE);Tolerancja_0.1;113;307;0.09994146800737978;0.31613520526410815;3.6284996075558587;5.629934208990707
Fidelity (MSE);Tolerancja_1.0;113;28;0.9723198329430793;0.9860627936105688;4.4928568585337345;17.560425291208023
Fidelity (MSE);Tolerancja_0.01;114;2098;0.009990892932179859;0.09995445428884027;1.2010677399367031;1.8457336922001415
Fidelity (MSE);Tolerancja_0.1;114;307;0.09999126761404725;0.31621395860089296;2.914153531269319;5.839127045274779
Fidelity (MSE);Tolerancja_1.0;114;34;0.9984834683908108;0.9992414464936944;3.362973012617968;18.451740020575883
Fidelity (MSE);Tolerancja_0.01;115;2007;0.009998803225938335;0.09999401595064744;1.518419631305199;1.7915698416251842
Fidelity (MSE);Tolerancja_0.1;115;274;0.09971354175797516;0.31577451093774994;3.6488412601644304;5.65765946263459
Fidelity (MSE);Tolerancja_1.0;115;30;0.9989185778905383;0.9994591426819499;4.032573848168035;17.9070801481691
Fidelity (MSE);Tolerancja_0.01;116;1918;0.009993896343464741;0.0999694770590741;1.4837413923638527;1.5748086223627278
Fidelity (MSE);Tolerancja_0.1;116;258;0.09969117074321061;0.31573908649898036;3.3500663490057843;4.973804509767541
Fidelity (MSE);Tolerancja_1.0;116;26;0.9388430148276462;0.9689391182255189;3.6839220214636494;15.263595677552688
Fidelity (MSE);Tolerancja_0.01;117;1886;0.009997550667224025;0.0999877525861244;1.5578693208464747;1.9323791845798244
Fidelity (MSE);Tolerancja_0.1;117;241;0.0998412878858772;0.3159767204809196;3.1660644746470226;6.106616277260537
Fidelity (MSE);Tolerancja_1.0;117;29;0.9857898841254388;0.9928695201915702;3.915324594613537;19.188354015351656
Fidelity (MSE);Tolerancja_0.01;118;1202;0.009987805371960229;0.0999390082598393;2.045814482955933;1.6440593776341457
Fidelity (MSE);Tolerancja_0.1;118;134;0.09920724786132012;0.3149718207416659;3.1582667911149347;5.1814840330862975
Fidelity (MSE);Tolerancja_1.0;118;16;0.9822702297810391;0.9910954695593351;3.553272386361554;16.304142188636543
Fidelity (MSE);Tolerancja_0.01;119;1432;0.009986035730809101;0.09993015426190986;1.7348329101318054;1.5576851831148066
Fidelity (MSE);Tolerancja_0.1;119;176;0.09987799390868804;0.31603479857238514;3.213798754630176;4.926268019107011
Fidelity (MSE);Tolerancja_1.0;119;16;0.934659543421946;0.9667779183566131;4.213662266083265;15.069882058219603
Fidelity (MSE);Tolerancja_0.01;120;1886;0.009995577461182436;0.0999778848605152;1.5541634300637015;1.749116185224052
Fidelity (MSE);Tolerancja_0.1;120;243;0.09999703295275963;0.31622307466843663;3.5216270521067568;5.5323324634798245
Fidelity (MSE);Tolerancja_1.0;120;27;0.988870022669687;0.9944194400099422;3.7548038158674797;17.397398833246978
Fidelity (MSE);Tolerancja_0.01;121;2175;0.009993378662728682;0.09996688783156492;1.3398377309537643;1.804249133034162
Fidelity (MSE);Tolerancja_0.1;121;337;0.09991224141905668;0.31608897706034716;3.421162404903603;5.704921651494197
Fidelity (MSE);Tolerancja_1.0;121;38;0.9692970351463417;0.9845288391643698;4.291434855026529;17.769236824721474
Fidelity (MSE);Tolerancja_0.01;122;1634;0.009999944253231885;0.09999972126577096;1.7616902644092498;1.7926530488949957
Fidelity (MSE);Tolerancja_0.1;122;202;0.09979027848160485;0.3158959931395219;3.411454468856414;5.662934936890802
Fidelity (MSE);Tolerancja_1.0;122;22;0.9487024022827485;0.9740135534389388;3.809556718676172;17.460732331411272
Fidelity (MSE);Tolerancja_0.01;123;2220;0.009994515986153729;0.0999725761704365;1.102621255687462;1.59660418324629
Fidelity (MSE);Tolerancja_0.1;123;356;0.09996121976657033;0.31616644313805714;3.4636677985731046;5.0493113717079305
Fidelity (MSE);Tolerancja_1.0;123;38;0.9720636535688354;0.9859328849210961;4.643169867300384;15.745763776072472
Fidelity (MSE);Tolerancja_0.01;124;2419;0.0099978014425416;0.09998900660843471;1.0093055846562722;1.6516819492487258
Fidelity (MSE);Tolerancja_0.1;124;426;0.09987767304315723;0.3160342909292554;3.512066332298412;5.220455241800936
Fidelity (MSE);Tolerancja_1.0;124;44;0.9925632269896072;0.99627467446965;3.982202840243728;16.45709815639233
Fidelity (MSE);Tolerancja_0.01;125;2708;0.009998405739548948;0.09999202838001112;0.8724650724476235;1.686586539044899
Fidelity (MSE);Tolerancja_0.1;125;567;0.0999893218561555;0.3162108819382336;3.4777924071557957;5.333595343717952
Fidelity (MSE);Tolerancja_1.0;125;60;0.9786487868420876;0.989266792549961;4.68010305976131;16.686170716509086
Fidelity (MSE);Tolerancja_0.01;126;1563;0.009999107920299602;0.0999955395020178;2.002440949595557;1.6421144500044116
Fidelity (MSE);Tolerancja_0.1;126;179;0.09997189434804615;0.31618332395628673;3.55002808909669;5.1923236546822915
Fidelity (MSE);Tolerancja_1.0;126;19;0.9996381635950377;0.9998190654288593;4.449087806631072;16.418905712264355
Fidelity (MSE);Tolerancja_0.01;127;1928;0.009994532754117727;0.09997266003321972;1.521191323818976;1.5750365077974289
Fidelity (MSE);Tolerancja_0.1;127;256;0.0999710602443707;0.31618200493445336;3.3528490210799395;4.981343906572778
Fidelity (MSE);Tolerancja_1.0;127;26;0.9742575779510553;0.9870448712956545;3.9513019297875775;15.550568591535773
Fidelity (MSE);Tolerancja_0.01;128;2030;0.00998999045709817;0.09994993975535038;1.4816489349337782;1.9115889036374012
Fidelity (MSE);Tolerancja_0.1;128;271;0.099865788445014;0.31601548766637055;3.60220277795153;6.043942608462238
Fidelity (MSE);Tolerancja_1.0;128;28;0.9774483174969507;0.9886598593535345;4.111289952311448;18.908577846449003
Fidelity (MSE);Tolerancja_0.01;129;1772;0.009995940823407266;0.09997970205700388;1.714287283384178;1.5637576318019886
Fidelity (MSE);Tolerancja_0.1;129;230;0.09941817093191976;0.3153064714399623;3.612822589272808;4.931630030160268
Fidelity (MSE);Tolerancja_1.0;129;23;0.9619302550491476;0.9807804316202213;3.9260497636424097;15.340142584078931
Fidelity (MSE);Tolerancja_0.01;130;1824;0.009992953663350568;0.09996476210820775;1.5352971900766024;1.8688174985652186
Fidelity (MSE);Tolerancja_0.1;130;233;0.09992148799981942;0.31610360326927534;2.9112806575807904;5.909481828303535
Fidelity (MSE);Tolerancja_1.0;130;26;0.9856584313045907;0.9928033195475279;3.386604421329334;18.560222393123855
Fidelity (MSE);Tolerancja_0.01;131;2068;0.009992779748512703;0.09996389222370597;1.3317503492746114;1.5460603895483518
Fidelity (MSE);Tolerancja_0.1;131;286;0.09994201436637644;0.31613606938528294;3.3809888287212333;4.889420006679041
Fidelity (MSE);Tolerancja_1.0;131;28;0.9825678740491915;0.9912456174173945;4.128465266949485;15.330791461909504
Fidelity (MSE);Tolerancja_0.01;132;2560;0.009994637715489656;0.0999731849822224;0.9725166504010865;1.7832620066136375
Fidelity (MSE);Tolerancja_0.1;132;467;0.09992339930114665;0.3161066264745911;3.902221085065549;5.638521340809401
Fidelity (MSE);Tolerancja_1.0;132;47;0.9942274576809054;0.9971095514941702;4.722431235478516;17.785845073629574
Fidelity (MSE);Tolerancja_0.01;133;1930;0.009994111486230495;0.09997055309555157;1.662818669129143;1.9986095276606715
Fidelity (MSE);Tolerancja_0.1;133;257;0.09999442427110733;0.3162189498924872;3.6553558341886307;6.321843648078203
Fidelity (MSE);Tolerancja_1.0;133;26;0.9854913967764174;0.9927191933152181;4.0678923612244;19.846424538184298
Fidelity (MSE);Tolerancja_0.01;134;2313;0.00999801711376674;0.09999008507730524;1.2970915577649191;1.520329050697665
Fidelity (MSE);Tolerancja_0.1;134;345;0.09987231204921464;0.31602580915047845;3.584612921804414;4.805108607020869
Fidelity (MSE);Tolerancja_1.0;134;38;0.9868761528478037;0.9934164045594394;4.396473913138184;15.10469581182642
Fidelity (MSE);Tolerancja_0.01;135;1607;0.009995615231315697;0.0999780737527769;2.0250733151670137;1.6255893007226752
Fidelity (MSE);Tolerancja_0.1;135;189;0.09999734354523032;0.3162235657651566;3.624097015136084;5.141623816591425
Fidelity (MSE);Tolerancja_1.0;135;18;0.9330860755416337;0.96596380653813;4.082655368265682;15.706048034858423
Fidelity (MSE);Tolerancja_0.01;136;2118;0.009998931568134124;0.09999465769796967;1.1793599852819137;1.8878326996508061
Fidelity (MSE);Tolerancja_0.1;136;318;0.09986511155736;0.31601441669227687;3.35968751341227;5.966142223264685
Fidelity (MSE);Tolerancja_1.0;136;33;0.9995458552440916;0.9997729018352576;4.359995436881444;18.875048125172967
Fidelity (MSE);Tolerancja_0.01;137;1660;0.009991361454436172;0.09995679794009095;1.5972757755763398;1.5505995850621588
Fidelity (MSE);Tolerancja_0.1;137;198;0.09952445352326666;0.3154749649707036;3.077916005847304;4.893867749487724
Fidelity (MSE);Tolerancja_1.0;137;20;0.9971358022816629;0.9985668742160752;3.3560101178779846;15.490466008567841
Fidelity (MSE);Tolerancja_0.01;138;2594;0.009984956798923205;0.09992475568608214;0.9679048258672118;1.5441942458640139
Fidelity (MSE);Tolerancja_0.1;138;488;0.09973192783389513;0.31580362226215064;3.623426176491149;4.880293506568451
Fidelity (MSE);Tolerancja_1.0;138;48;0.9826764052923908;0.9913003607849594;5.132036065644235;15.319129904665504
Fidelity (MSE);Tolerancja_0.01;139;2018;0.009997197645763192;0.09998598724702973;1.4175467875158212;1.414298973439262
Fidelity (MSE);Tolerancja_0.1;139;287;0.09997853568224241;0.3161938261292311;3.442665009453737;4.472552764794436
Fidelity (MSE);Tolerancja_1.0;139;28;0.9705686384285905;0.9851744203076888;3.8256279906877113;13.935264427177776
Fidelity (MSE);Tolerancja_0.01;140;2078;0.00999470647485985;0.09997352887069581;1.4967511165669105;1.473611382885285
Fidelity (MSE);Tolerancja_0.1;140;317;0.09998172228516426;0.3161988650915184;3.880445174788644;4.660776228644765
Fidelity (MSE);Tolerancja_1.0;140;30;0.9813385388236646;0.9906253271664643;5.158858156603392;14.601832852924893
Fidelity (MSE);Tolerancja_0.01;141;1812;0.009993767086239273;0.09996883057353063;1.491970476784898;1.8908452483198803
Fidelity (MSE);Tolerancja_0.1;141;238;0.0996908891950447;0.31573864064292906;3.144278520300481;5.971990518900153
Fidelity (MSE);Tolerancja_1.0;141;28;0.9859111789188275;0.9929306012601422;3.618835409563806;18.780634909229928
Fidelity (MSE);Tolerancja_0.01;142;1973;0.009999066141474344;0.09999533059835516;1.6637629961624638;1.789388137092133
Fidelity (MSE);Tolerancja_0.1;142;258;0.09943034920915242;0.3153257826584316;3.879390298096294;5.6426656268044875
Fidelity (MSE);Tolerancja_1.0;142;28;0.9377009711300878;0.968349612035905;4.2337777694235434;17.328342213244508
Fidelity (MSE);Tolerancja_0.01;143;2116;0.009988209933258451;0.09994103228033244;1.3167541337326325;1.676948788098868
Fidelity (MSE);Tolerancja_0.1;143;309;0.09995594926682824;0.31615810802006683;3.551843482070747;5.3049377617467055
Fidelity (MSE);Tolerancja_1.0;143;28;0.9542807647318686;0.976872952195867;4.372627172040754;16.391324723526996
Fidelity (MSE);Tolerancja_0.01;144;1857;0.009997850573929901;0.09998925229208337;1.5145429330748073;1.7522026178402836
Fidelity (MSE);Tolerancja_0.1;144;244;0.09951117261862949;0.31545391520573884;3.209208935689632;5.527985892091979
Fidelity (MSE);Tolerancja_1.0;144;24;0.9971729338041314;0.998585466449483;3.7119165279675927;17.49912143896068
Fidelity (MSE);Tolerancja_0.01;145;2340;0.009999504293804485;0.09999752143830609;1.3183802700390803;1.597075883100206
Fidelity (MSE);Tolerancja_0.1;145;376;0.09996037528898341;0.31616510763995354;3.926756106630235;5.049521840409567
Fidelity (MSE);Tolerancja_1.0;145;42;0.9914331609920166;0.9957073671476055;4.374077690961087;15.902596382628708
Fidelity (MSE);Tolerancja_0.01;146;2514;0.009997435031629866;0.099987174335661;1.1939824262747147;1.5264520555759917
Fidelity (MSE);Tolerancja_0.1;146;459;0.09995090459123941;0.316150129829547;4.17283564613121;4.826499186074217
Fidelity (MSE);Tolerancja_1.0;146;44;0.9810950026136357;0.9905023990953458;4.9778638570323315;15.121483662258017
Fidelity (MSE);Tolerancja_0.01;147;2445;0.009996605912139616;0.0999830281204746;1.002456971137665;1.9493385010630588
Fidelity (MSE);Tolerancja_0.1;147;396;0.09979938667653865;0.31591040925638814;3.4662248726256193;6.159208569958863
Fidelity (MSE);Tolerancja_1.0;147;42;0.9833230393694473;0.9916264616121573;4.11239599882323;19.33343765068127
Fidelity (MSE);Tolerancja_0.01;148;2268;0.009987942823045434;0.09993969593232428;1.2760567058023533;1.8173845532546207
Fidelity (MSE);Tolerancja_0.1;148;352;0.09966064685447196;0.3156907455952296;3.8625926707845544;5.740776768409578
Fidelity (MSE);Tolerancja_1.0;148;36;0.9586042436027841;0.9790833690768034;4.837386307788744;17.804446718685277
Fidelity (MSE);Tolerancja_0.01;149;2140;0.009988782763473114;0.09994389808023857;1.326032671560741;1.5095204100050328
Fidelity (MSE);Tolerancja_0.1;149;307;0.0998793552912826;0.3160369524142432;3.6673091066266723;4.773320224132993
Fidelity (MSE);Tolerancja_1.0;149;32;0.984384671572906;0.9921616156518585;4.435101899888061;14.985289123380507
Fidelity (MSE);Tolerancja_0.01;150;2195;0.009996964333591282;0.09998482051587272;1.2484492607281554;1.9108611644767743
Fidelity (MSE);Tolerancja_0.1;150;322;0.09983086344122;0.31596022446064315;3.5573251685345966;6.038477834196447
Fidelity (MSE);Tolerancja_1.0;150;38;0.9863664600390555;0.9931598360984275;4.242768248260661;18.980786794704773
Fidelity (MSE);Tolerancja_0.01;151;2163;0.009993752680951188;0.09996875852460702;1.2770946699971049;1.6465760569556305
Fidelity (MSE);Tolerancja_0.1;151;318;0.09966314166279894;0.3156946969190311;3.3527431909094103;5.199777779842991
Fidelity (MSE);Tolerancja_1.0;151;34;0.9861683430426361;0.9930600903483314;4.347070383719485;16.356599721934835
Fidelity (MSE);Tolerancja_0.01;152;2218;0.009993746711452698;0.09996872866778239;1.1869218590322255;1.6164880821690444
Fidelity (MSE);Tolerancja_0.1;152;332;0.09997366575388425;0.31618612517611244;3.152460869805764;5.112709843424413
Fidelity (MSE);Tolerancja_1.0;152;38;0.996865631781044;0.9984315859291732;3.943363010262975;16.1445762192211
Fidelity (MSE);Tolerancja_0.01;153;1550;0.009999811877128797;0.09999905938122017;1.6068562897061525;1.6233283318447491
Fidelity (MSE);Tolerancja_0.1;153;184;0.09945896547592006;0.31537115511079966;2.9351799043910534;5.119557466898638
Fidelity (MSE);Tolerancja_1.0;153;14;0.9707642289435607;0.9852736822546113;4.8344112606917715;15.994377276365492
Fidelity (MSE);Tolerancja_0.01;154;2300;0.009993582885692246;0.09996790927938948;1.2158665377598332;1.6929431018930925
Fidelity (MSE);Tolerancja_0.1;154;376;0.09964969145689985;0.31567339364745306;3.5412908251556514;5.345886475759476
Fidelity (MSE);Tolerancja_1.0;154;38;0.9956387372878891;0.9978169858685956;4.114818224212148;16.897896488531153
Fidelity (MSE);Tolerancja_0.01;155;2158;0.00998627571374001;0.09993135500802544;1.1555507869707187;1.6254827084819987
Fidelity (MSE);Tolerancja_0.1;155;328;0.09994296544525953;0.316137573605637;3.346524212688867;5.1422915195751004
Fidelity (MSE);Tolerancja_1.0;155;35;0.9829931619405342;0.9914601161622862;3.9544421230324263;16.12708318467135
Fidelity (MSE);Tolerancja_0.01;156;1995;0.009990481681319718;0.09995239707640692;1.758055321826717;1.5635595744143205
Fidelity (MSE);Tolerancja_0.1;156;279;0.0998776846630873;0.3160343093132252;4.040641745774929;4.943738065555089
Fidelity (MSE);Tolerancja_1.0;156;30;0.9638097094097516;0.9817381063245695;5.052551113108302;15.357370714558805
Fidelity (MSE);Tolerancja_0.01;157;2596;0.009998498421076356;0.09999249182351821;0.9849121987929617;1.7026583532327753
Fidelity (MSE);Tolerancja_0.1;157;488;0.09985976908523143;0.31600596368618017;3.6395538963649354;5.380905945331173
Fidelity (MSE);Tolerancja_1.0;157;50;0.9832612405816908;0.9915953008065794;4.719681319655515;16.88474795612194
Fidelity (MSE);Tolerancja_0.01;158;2021;0.009999718441612297;0.09999859219815195;1.7492037342790097;1.5887395191121243
Fidelity (MSE);Tolerancja_0.1;158;270;0.09982173318700337;0.31594577570685034;4.189246720554199;5.019626064008579
Fidelity (MSE);Tolerancja_1.0;158;32;0.9786864486699773;0.9892858275897706;4.6458811395873;15.717396169687861
Fidelity (MSE);Tolerancja_0.01;159;2112;0.009992247542517764;0.09996123019710074;1.3959843800377971;1.7881536894713737
Fidelity (MSE);Tolerancja_0.1;159;314;0.09995567176377697;0.3161576691522396;3.6616439135172376;5.655577681812524
Fidelity (MSE);Tolerancja_1.0;159;32;0.9661903570743074;0.9829498242913051;4.425755597731292;17.583470625621757
Fidelity (MSE);Tolerancja_0.01;160;2588;0.009987548156957021;0.09993772139165982;1.0210929796705466;1.6466222879235017
Fidelity (MSE);Tolerancja_0.1;160;467;0.09997523436900053;0.3161886056912876;3.701910606611139;5.209676567252408
Fidelity (MSE);Tolerancja_1.0;160;50;0.9957244245753345;0.9978599223214321;4.51800057616734;16.441223248233943
Fidelity (MSE);Tolerancja_0.01;161;2121;0.009992109949910514;0.09996054196486989;1.4510673584776972;1.757197805102582
Fidelity (MSE);Tolerancja_0.1;161;308;0.09963205745522084;0.3156454616420468;3.551517526476217;5.548704533664119
Fidelity (MSE);Tolerancja_1.0;161;29;0.9873004381881266;0.9936299301994312;3.923487950393393;17.466935433826357
Fidelity (MSE);Tolerancja_0.01;162;2087;0.009998056253421251;0.09999028079479151;1.4039815510512246;1.6111209450894146
Fidelity (MSE);Tolerancja_0.1;162;299;0.09984966149609079;0.31598997056250183;3.6212435504051306;5.091475451061571
Fidelity (MSE);Tolerancja_1.0;162;33;0.9949500056188019;0.9974718069292996;4.0439207973651365;16.072039277278343
Fidelity (MSE);Tolerancja_0.01;163;1666;0.009999251467514219;0.09999625726753086;1.6791580985162682;1.6394921167692735
Fidelity (MSE);Tolerancja_0.1;163;205;0.09986545878318977;0.31601496607469365;3.49868528422376;5.1812343763470015
Fidelity (MSE);Tolerancja_1.0;163;22;0.9896428020791224;0.9948079222036394;3.7126216523614772;16.310407916457812
Fidelity (MSE);Tolerancja_0.01;164;2182;0.009991703461053589;0.09995850869762708;1.4635111300612689;1.5357682304346632
Fidelity (MSE);Tolerancja_0.1;164;317;0.0999969654445216;0.31622296792693855;4.003744139695695;4.858467720292033
Fidelity (MSE);Tolerancja_1.0;164;34;0.9790379725487847;0.9894634771171621;4.396350899855549;15.202173313016088
Fidelity (MSE);Tolerancja_0.01;165;2591;0.009999579343960492;0.09999789669768305;0.9784526830655782;1.6233858651679371
Fidelity (MSE);Tolerancja_0.1;165;460;0.09991310705747217;0.3160903463528619;3.7864770377994343;5.131473934262888
Fidelity (MSE);Tolerancja_1.0;165;47;0.996575976274754;0.9982865201307458;4.924911084676823;16.206383130911288
Fidelity (MSE);Tolerancja_0.01;166;1354;0.009995768764711786;0.09997884158516633;2.0919145728956017;1.5581692299879297
Fidelity (MSE);Tolerancja_0.1;166;153;0.09993208643103052;0.316120366998127;3.222123514551765;4.926732706833591
Fidelity (MSE);Tolerancja_1.0;166;21;0.988845089527536;0.9944069033989739;3.3338599597287124;15.49782148299816
Fidelity (MSE);Tolerancja_0.01;167;1686;0.009987739566025876;0.09993867902882185;1.629517485486459;1.5466957852067198
Fidelity (MSE);Tolerancja_0.1;167;208;0.09984956883845743;0.3159898239476351;3.177646863753126;4.890400129534134
Fidelity (MSE);Tolerancja_1.0;167;21;0.9851207374729185;0.9925324868602128;3.8646469994494455;15.360877580388133
Fidelity (MSE);Tolerancja_0.01;168;1952;0.009995375178211058;0.09997687321681478;1.7201104460599792;1.5476303373445643
Fidelity (MSE);Tolerancja_0.1;168;252;0.09984730657896759;0.3159862442875759;3.926196313736109;4.891430208889296
Fidelity (MSE);Tolerancja_1.0;168;30;0.9551040116848551;0.9772942298432213;4.798674595286393;15.128400698600567
Fidelity (MSE);Tolerancja_0.01;169;2629;0.009990492677664114;0.09995245208429913;0.9468669440786102;1.6198981878827396
Fidelity (MSE);Tolerancja_0.1;169;512;0.09979450165895164;0.3159026775115267;3.552867215761928;5.119736076275931
Fidelity (MSE);Tolerancja_1.0;169;46;0.9847999624241446;0.9923708794720574;4.167305940083231;16.083045046344633
Fidelity (MSE);Tolerancja_0.01;170;1478;0.009992391124726024;0.09996194838400273;2.1738724324054175;1.7281453251306989
Fidelity (MSE);Tolerancja_0.1;170;176;0.09958745792808445;0.3155748055977924;3.6590591551631695;5.455667219769096
Fidelity (MSE);Tolerancja_1.0;170;20;0.9604661504559403;0.9800337496514803;4.081811180500208;16.942854459222957
Fidelity (MSE);Tolerancja_0.01;171;1894;0.009994667755874147;0.09997333522431942;1.9719284670440131;1.6603434557151593
Fidelity (MSE);Tolerancja_0.1;171;241;0.09996931025982923;0.3161792375533682;4.147001020922474;5.251061462807342
Fidelity (MSE);Tolerancja_1.0;171;24;0.9569052610567638;0.9782153449301252;4.821815505934328;16.24606643952182
Fidelity (MSE);Tolerancja_0.01;172;1614;0.009987587352747716;0.09993791749254992;1.7836761600307338;1.5766352868421243
Fidelity (MSE);Tolerancja_0.1;172;191;0.09986491260449334;0.3160141019076417;3.4784341453364513;4.985484956142429
Fidelity (MSE);Tolerancja_1.0;172;22;0.9734200214530554;0.986620505287142;4.04364452902505;15.565070219455752
Fidelity (MSE);Tolerancja_0.01;173;2470;0.009992333395486495;0.09996165962751166;1.2460204252332;1.8139502403910084
Fidelity (MSE);Tolerancja_0.1;173;410;0.09979096354025026;0.315897077448099;3.969861870106513;5.732413624494166
Fidelity (MSE);Tolerancja_1.0;173;41;0.9888945875146897;0.9944317912831879;4.612407196128498;18.04541654842774
Fidelity (MSE);Tolerancja_0.01;174;2092;0.009991946402679246;0.09995972390257611;1.3739039726270537;1.626149672284562
Fidelity (MSE);Tolerancja_0.1;174;313;0.09982369758044586;0.31594888444247726;3.7189363050877393;5.139871888757453
Fidelity (MSE);Tolerancja_1.0;174;30;0.9566643424945398;0.9780921952937462;4.71858961094458;15.911651620718642
Fidelity (MSE);Tolerancja_0.01;175;2017;0.009999669759535711;0.09999834878404598;1.4700992986062138;1.7181808571797197
Fidelity (MSE);Tolerancja_0.1;175;278;0.09951521569111971;0.31546032348160635;3.598812855896164;5.420268390394592
Fidelity (MSE);Tolerancja_1.0;175;25;0.9949034287106393;0.9974484591750289;3.796303732377974;17.13825147532202
Fidelity (MSE);Tolerancja_0.01;176;1556;0.00999983225450383;0.0999991612690018;1.796164467719175;1.8470383877918577
Fidelity (MSE);Tolerancja_0.1;176;188;0.09972958510803234;0.3157999130906029;3.044094926743706;5.832994546530145
Fidelity (MSE);Tolerancja_1.0;176;19;0.9763176121426997;0.9880878564898466;3.5192837555617498;18.25051508720456
Fidelity (MSE);Tolerancja_0.01;177;1938;0.009997798611594161;0.09998899245214025;1.7966053023775554;1.689556998515972
Fidelity (MSE);Tolerancja_0.1;177;256;0.09987135744211265;0.3160242988159497;3.8317282590909603;5.339998460542159
Fidelity (MSE);Tolerancja_1.0;177;28;0.9656219854718198;0.9826606664926707;4.2610722290064516;16.604439804048884
Fidelity (MSE);Tolerancja_0.01;178;2060;0.009990543127902488;0.09995270445516964;1.3636387037745799;1.7713153996634594
Fidelity (MSE);Tolerancja_0.1;178;301;0.09988672134790443;0.3160486059894972;3.4916220152712953;5.600866588681992
Fidelity (MSE);Tolerancja_1.0;178;34;0.9984985072363927;0.9992489715963648;4.92550999441611;17.70822611688693
Fidelity (MSE);Tolerancja_0.01;179;1975;0.009996470361439112;0.09998235024962712;1.5161957774060237;1.5881317551379475
Fidelity (MSE);Tolerancja_0.1;179;271;0.09983856551514123;0.31597241258556297;3.558983370567219;5.0189440528435
Fidelity (MSE);Tolerancja_1.0;179;30;0.9539069656443285;0.976681609146158;3.9371572488690365;15.513728915869605
Fidelity (MSE);Tolerancja_0.01;180;2246;0.009998233416598858;0.09999116669285772;1.4738555287293824;1.6403213678876718
Fidelity (MSE);Tolerancja_0.1;180;330;0.09965388528049578;0.3156800362400128;3.816459653906146;5.1786245324111695
Fidelity (MSE);Tolerancja_1.0;180;36;0.9914808405264827;0.9957313094035372;4.220161485688287;16.334636323490955
Fidelity (MSE);Tolerancja_0.01;181;1198;0.009985186186897614;0.09992590348301893;1.8729920242023397;1.6687663183160641
Fidelity (MSE);Tolerancja_0.1;181;122;0.09945887141994257;0.3153710059912651;2.8821396689887804;5.266707572587635
Fidelity (MSE);Tolerancja_1.0;181;16;0.9166626851083783;0.9574250284530785;3.0607681097046626;15.989033715034742
Fidelity (MSE);Tolerancja_0.01;182;2232;0.00999909422794847;0.09999547103718483;1.322943307171104;1.6817607624048436
Fidelity (MSE);Tolerancja_0.1;182;353;0.09998199351848776;0.31619929398796537;3.595816152171142;5.317956505563403
Fidelity (MSE);Tolerancja_1.0;182;34;0.9973654785301678;0.9986818705324373;3.979250130300597;16.796200533541796
Fidelity (MSE);Tolerancja_0.01;183;2406;0.009998034424506459;0.09999017163954894;1.2426603667543121;1.587433815927495
Fidelity (MSE);Tolerancja_0.1;183;404;0.09992437800590157;0.31610817453191803;4.067914159241326;5.01850129382717
Fidelity (MSE);Tolerancja_1.0;183;38;0.9672673270074642;0.9834974972044739;4.520803214158553;15.613906440429842
Fidelity (MSE);Tolerancja_0.01;184;1900;0.009999937848497708;0.09999968924200568;1.2184124875914941;1.4016247039105696
Fidelity (MSE);Tolerancja_0.1;184;248;0.09963496169938255;0.31565006209310736;2.7616413127616726;4.424242996894845
Fidelity (MSE);Tolerancja_1.0;184;28;0.9504913957120705;0.9749314825730424;3.8680939486416825;13.664922970785879
Fidelity (MSE);Tolerancja_0.01;185;1503;0.009999768951282382;0.0999988447497389;1.613493546893677;1.8349104227223159
Fidelity (MSE);Tolerancja_0.1;185;167;0.09990396731348773;0.31607588853547136;2.7813751340903714;5.79977642438182
Fidelity (MSE);Tolerancja_1.0;185;18;0.988082935044061;0.9940236088967208;2.9758604839795737;18.239653517611327
Fidelity (MSE);Tolerancja_0.01;186;1632;0.009988111602973459;0.09994054033761003;1.9967436992126784;1.5451505647651624
Fidelity (MSE);Tolerancja_0.1;186;190;0.09999240251938202;0.31621575311704825;3.6406637880785304;4.8889164283673185
Fidelity (MSE);Tolerancja_1.0;186;20;0.9192724056308811;0.9587869448583878;4.244123660168394;14.823515905885989
Fidelity (MSE);Tolerancja_0.01;187;953;0.009998258713201067;0.09999129318696237;1.8385948173118605;2.0621765857486385
Fidelity (MSE);Tolerancja_0.1;187;102;0.09988307186214224;0.31604283232204816;2.442166189328195;6.517928792956036
Fidelity (MSE);Tolerancja_1.0;187;12;0.9821641851785523;0.9910419694334607;3.1593623278687506;20.43881501800973
Fidelity (MSE);Tolerancja_0.01;188;2004;0.009996870818984803;0.09998435287076075;1.2096013474385572;1.7606426950093415
Fidelity (MSE);Tolerancja_0.1;188;278;0.09954096723309869;0.3155011366589647;3.2287214430351323;5.555717025480645
Fidelity (MSE);Tolerancja_1.0;188;28;0.9713889991352472;0.985590685393915;4.132474605088561;17.355446034151477
Fidelity (MSE);Tolerancja_0.01;189;1878;0.009987719542147843;0.09993857884794961;1.8093072670074124;1.5776268652770118
Fidelity (MSE);Tolerancja_0.1;189;244;0.0994115591631305;0.3152959865953427;4.150888375724246;4.977251274741721
Fidelity (MSE);Tolerancja_1.0;189;26;0.9885089895225403;0.9942378938274986;5.013419954363754;15.69500417016262
Fidelity (MSE);Tolerancja_0.01;190;2143;0.00999835252332833;0.09999176227734129;1.2402928499056367;1.700223117796916
Fidelity (MSE);Tolerancja_0.1;190;312;0.09950617384928705;0.31544599196896933;3.2972932552207963;5.363727528618196
Fidelity (MSE);Tolerancja_1.0;190;32;0.9953673427335594;0.9976809824455708;3.771230344622919;16.964200169164194
Fidelity (MSE);Tolerancja_0.01;191;1906;0.009999473376735282;0.09999736684900899;1.6794352181671597;1.8342047455924133
Fidelity (MSE);Tolerancja_0.1;191;262;0.09942804341461427;0.3153221264272684;3.844025254686704;5.783805703169058
Fidelity (MSE);Tolerancja_1.0;191;24;0.9683645022700471;0.9840551317228355;4.792251845646056;18.05006121067157
Fidelity (MSE);Tolerancja_0.01;192;2044;0.00999388820831088;0.09996943637087727;1.510957085102234;1.6283695514004115
Fidelity (MSE);Tolerancja_0.1;192;302;0.09983146942533899;0.3159611834155249;3.73846142246716;5.1465886892622725
Fidelity (MSE);Tolerancja_1.0;192;26;0.9897284637872185;0.9948509756678225;4.049299037559654;16.204803145518202
Fidelity (MSE);Tolerancja_0.01;193;2298;0.00999876906535468;0.09999384513736173;1.0920148508126124;1.509513360119668
Fidelity (MSE);Tolerancja_0.1;193;374;0.09994415203023556;0.31613945029090496;3.3343955332199835;4.772460977167697
Fidelity (MSE);Tolerancja_1.0;193;38;0.9700056322543406;0.9848886395193827;3.936746945872956;14.867940697172969
Fidelity (MSE);Tolerancja_0.01;194;2082;0.009991055844742056;0.09995526921949666;1.3582576055011142;1.694795249695496
Fidelity (MSE);Tolerancja_0.1;194;298;0.09971330294189627;0.31577413279414807;3.3187518687319497;5.354119942001512
Fidelity (MSE);Tolerancja_1.0;194;30;0.9539650103208788;0.976711323944224;4.191068960036368;16.56066483608242
Fidelity (MSE);Tolerancja_0.01;195;1856;0.009999936285569612;0.09999968142734061;2.0443830575514808;1.4558193121941514
Fidelity (MSE);Tolerancja_0.1;195;236;0.09938910618909183;0.3152603784002865;4.151361834775721;4.589636093773489
Fidelity (MSE);Tolerancja_1.0;195;24;0.9761109029481473;0.9879832503378523;4.735905217707149;14.383296780913001
Fidelity (MSE);Tolerancja_0.01;196;1818;0.009992995885682657;0.09996497329406263;1.734290023363084;1.632435495791347
Fidelity (MSE);Tolerancja_0.1;196;234;0.09989607218684297;0.31606339899906627;3.526699777919447;5.161338961485861
Fidelity (MSE);Tolerancja_1.0;196;20;0.9707417911977767;0.985262295633897;4.037025365835036;16.08940702986383
Fidelity (MSE);Tolerancja_0.01;197;1448;0.009992561297799518;0.0999627995696375;1.8746552816819726;1.8219413901008132
Fidelity (MSE);Tolerancja_0.1;197;168;0.09925514147717714;0.3150478399817671;3.1605567652239577;5.742123089747724
Fidelity (MSE);Tolerancja_1.0;197;18;0.983559757129526;0.991745812761277;3.960762680538809;18.075751704714833
Fidelity (MSE);Tolerancja_0.01;198;1975;0.009994104317883609;0.09997051724325332;1.499151610978723;1.7856017910595545
Fidelity (MSE);Tolerancja_0.1;198;266;0.099812681008853;0.3159314498571692;3.3994120007525557;5.642941321833305
Fidelity (MSE);Tolerancja_1.0;198;32;0.9736315441177289;0.9867276950191116;3.8802609319589454;17.624223502085528
Fidelity (MSE);Tolerancja_0.01;199;924;0.009994794000330074;0.09997396661296416;1.7055994930287337;1.6861784675448064
Fidelity (MSE);Tolerancja_0.1;199;96;0.09980885304133248;0.31592539157423305;2.4751434956042835;5.328453103050672
Fidelity (MSE);Tolerancja_1.0;199;10;0.9531587495843954;0.9762984941012638;2.9090709727015804;16.466421753805832
Fidelity (MSE);Tolerancja_0.01;200;2316;0.009989414419468554;0.09994705808310995;1.229192016293105;1.7250513654175657
Fidelity (MSE);Tolerancja_0.1;200;384;0.09974131297480696;0.31581848105328947;3.826273852399172;5.450916839513707
Fidelity (MSE);Tolerancja_1.0;200;38;0.9729051310316449;0.986359534364445;4.6366101512465985;17.024221564712168
Fidelity (MSE);Tolerancja_0.01;201;1349;0.00999725782902689;0.09998628820506784;1.9468289425192564;1.8662141523429439
Fidelity (MSE);Tolerancja_0.1;201;151;0.09993318648792272;0.31612210692693216;3.048954333484449;5.90032453855616
Fidelity (MSE);Tolerancja_1.0;201;17;0.9868461320379062;0.9934012945622258;4.601517098214103;18.541537926335998
Fidelity (MSE);Tolerancja_0.01;202;2524;0.009987733421628169;0.09993864828797801;1.024915632422975;1.750167853753189
Fidelity (MSE);Tolerancja_0.1;202;460;0.09991275545143606;0.316089790172723;3.4169523898951715;5.535498019402753
Fidelity (MSE);Tolerancja_1.0;202;50;0.9711285505631753;0.9854585483738904;4.623629645924671;17.257766661005938
Fidelity (MSE);Tolerancja_0.01;203;1752;0.009993376808012632;0.09996687855491254;1.8507771012233478;1.8172707947309605
Fidelity (MSE);Tolerancja_0.1;203;224;0.09965166608990222;0.3156765212838963;3.7130571375694332;5.738597933678305
Fidelity (MSE);Tolerancja_1.0;203;21;0.9877707965264312;0.9938665888973385;5.373260704056797;18.067231386742737
Fidelity (MSE);Tolerancja_0.01;204;2379;0.00999901217751141;0.09999506076557686;1.0879362768923793;1.555775982410584
Fidelity (MSE);Tolerancja_0.1;204;401;0.09995177393990476;0.31615150472503645;3.6067382142668656;4.9188521321795164
Fidelity (MSE);Tolerancja_1.0;204;38;0.9732700591463425;0.9865445043921447;4.823158158910922;15.349180587135747
Fidelity (MSE);Tolerancja_0.01;205;2048;0.00998844966084201;0.09994223161828042;1.3803532909301999;1.7699416523131173
Fidelity (MSE);Tolerancja_0.1;205;292;0.09959592302804585;0.31558821750509924;3.503449893492042;5.5889559608288595
Fidelity (MSE);Tolerancja_1.0;205;30;0.9912848504684127;0.9956328894067394;4.278383824296064;17.63230711221703
Fidelity (MSE);Tolerancja_0.01;206;2174;0.009986460611999532;0.09993228013009375;1.2847889049371997;1.4405890024275434
Fidelity (MSE);Tolerancja_0.1;206;334;0.09964895153317756;0.3156722216685807;3.455897206809663;4.550620983686349
Fidelity (MSE);Tolerancja_1.0;206;39;0.9975604901596451;0.9987795002700272;4.346906721399786;14.39805798552761
Fidelity (MSE);Tolerancja_0.01;207;2466;0.009993484727770952;0.099967418331029;1.0992097203389761;1.559626891400958
Fidelity (MSE);Tolerancja_0.1;207;418;0.09993852681766553;0.316130553439027;3.854181968122764;4.93206407215917
Fidelity (MSE);Tolerancja_1.0;207;42;0.9718930081179309;0.985846341027815;4.484201817370843;15.380535877847883
Fidelity (MSE);Tolerancja_0.01;208;1997;0.00999646319065763;0.09998231438938403;1.5994724798367583;1.8059687557435673
Fidelity (MSE);Tolerancja_0.1;208;264;0.0997705313231022;0.3158647358017387;3.5588647816415477;5.705427478679223
Fidelity (MSE);Tolerancja_1.0;208;28;0.9725683776149686;0.9861888143834164;4.289980094745575;17.813412271134112
Fidelity (MSE);Tolerancja_0.01;209;2748;0.009991461078588284;0.09995729627490073;0.9198143198868305;1.6555494046733126
Fidelity (MSE);Tolerancja_0.1;209;564;0.09982462277312543;0.31595034858839044;3.671300867401569;5.232948779179599
Fidelity (MSE);Tolerancja_1.0;209;55;0.99877251539586;0.9993860692424424;4.575369690112282;16.552398610531252
Fidelity (MSE);Tolerancja_0.01;210;1963;0.009997781307327501;0.09998890592124458;1.422328716166251;2.0494240861365753
Fidelity (MSE);Tolerancja_0.1;210;263;0.09979805507829585;0.31590830169258904;3.339583119820854;6.475019168718925
Fidelity (MSE);Tolerancja_1.0;210;26;0.9656942856621151;0.9826974537781784;4.29435982127551;20.141872866819487
Fidelity (MSE);Tolerancja_0.01;211;2514;0.00998536294347912;0.09992678791735038;1.0111880635666772;1.66045435095879
Fidelity (MSE);Tolerancja_0.1;211;446;0.09986208948188449;0.316009635109255;3.6622103053027217;5.251040131461631
Fidelity (MSE);Tolerancja_1.0;211;45;0.9933690311456034;0.996679001055808;4.739313452447668;16.561524875403588
Fidelity (MSE);Tolerancja_0.01;212;2066;0.009989735328345255;0.09994866346452691;1.3754932494813081;1.4989579746207364
Fidelity (MSE);Tolerancja_0.1;212;290;0.09963308030714464;0.31564708189233215;3.3972127447983755;4.733847298880592
Fidelity (MSE);Tolerancja_1.0;212;35;0.9907838357926599;0.9953812514773723;4.191319214849413;14.92801017013618
Fidelity (MSE);Tolerancja_0.01;213;2180;0.009988513960386998;0.09994255330131904;1.2134976683183956;1.5828407506156297
Fidelity (MSE);Tolerancja_0.1;213;334;0.09987456802425712;0.3160293784195658;3.6025253674542155;5.005117060058286
Fidelity (MSE);Tolerancja_1.0;213;40;0.9932318450638079;0.9966101770821969;3.8994933421177076;15.783819290747903
Fidelity (MSE);Tolerancja_0.01;214;1896;0.009999277612173466;0.09999638799563446;1.4695904028752182;1.7665009356690353
Fidelity (MSE);Tolerancja_0.1;214;252;0.09956762932256877;0.31554338738526716;3.1740075259215006;5.574278233775664
Fidelity (MSE);Tolerancja_1.0;214;29;0.9734841852391932;0.9866530217047902;3.998001856270241;17.429864427685963
Fidelity (MSE);Tolerancja_0.01;215;2148;0.009996347519740196;0.09998173593081987;1.250263799201285;1.5470727615303148
Fidelity (MSE);Tolerancja_0.1;215;302;0.09988933037269364;0.3160527335314372;3.446413495112197;4.8904589493425865
Fidelity (MSE);Tolerancja_1.0;215;31;0.9998640155639892;0.9999320054703665;3.8929830346825227;15.472501598851771
Fidelity (MSE);Tolerancja_0.01;216;1868;0.009997574108084214;0.09998786980471289;1.7981006065179992;1.5328997681870955
Fidelity (MSE);Tolerancja_0.1;216;245;0.09996749744933665;0.31617637079537847;4.001401944317674;4.847254836462455
Fidelity (MSE);Tolerancja_1.0;216;26;0.9893406725405848;0.9946560574090849;5.085870291380249;15.248930123285914
Fidelity (MSE);Tolerancja_0.01;217;1841;0.009997958949867157;0.09998979422854692;1.6258871184608292;1.5689301200049748
Fidelity (MSE);Tolerancja_0.1;217;239;0.09985302722228036;0.31599529620277633;3.7333341125140045;4.958251407731036
Fidelity (MSE);Tolerancja_1.0;217;26;0.9189303088347438;0.9586085274160374;3.7991919313351126;15.041433013843017
Fidelity (MSE);Tolerancja_0.01;218;1810;0.009997500979514564;0.09998750411683734;1.767373488805183;1.6941677834766344
Fidelity (MSE);Tolerancja_0.1;218;232;0.09938270836214097;0.315250231343517;3.6509850520223397;5.3415353287712
Fidelity (MSE);Tolerancja_1.0;218;23;0.9914273746603998;0.9957044615047177;4.782745885309321;16.87101238744873
Fidelity (MSE);Tolerancja_0.01;219;1726;0.009990168564797364;0.09995083073590416;1.5400145712796043;1.5259352405941158
Fidelity (MSE);Tolerancja_0.1;219;212;0.0996564369515634;0.31568407776060453;3.1124573952897725;4.819504306294068
Fidelity (MSE);Tolerancja_1.0;219;22;0.9869553627237632;0.9934562711683707;3.288200998473749;15.166956822705865
Fidelity (MSE);Tolerancja_0.01;220;2642;0.009992671768469333;0.0999633521270137;1.0103032164646264;1.6530773854654353
Fidelity (MSE);Tolerancja_0.1;220;489;0.09999173600036694;0.31621469921616063;3.546591283359678;5.229190069194669
Fidelity (MSE);Tolerancja_1.0;220;52;0.971719017704815;0.9857580928933908;4.234498410348971;16.301318195403347
Fidelity (MSE);Tolerancja_0.01;221;2144;0.009987230634108292;0.09993613277542959;1.5482075550455898;1.5014965415061101
Fidelity (MSE);Tolerancja_0.1;221;308;0.09963986917852122;0.31565783560450583;4.002374448311125;4.742620464657383
Fidelity (MSE);Tolerancja_1.0;221;34;0.9660849031882862;0.9828961812868571;4.362766677087229;14.767583814536241
Fidelity (MSE);Tolerancja_0.01;222;2570;0.009987976847746794;0.0999398661583394;1.05201098037762;1.4779231634380303
Fidelity (MSE);Tolerancja_0.1;222;484;0.09967851041634819;0.3157190371459222;3.6354729862751993;4.6688923657056005
Fidelity (MSE);Tolerancja_1.0;222;49;0.9921764250966698;0.9960805314314048;4.587008725383841;14.730162713243693
Fidelity (MSE);Tolerancja_0.01;223;1842;0.009990539952151866;0.09995268856890177;1.6750981505064786;1.4108165197176015
Fidelity (MSE);Tolerancja_0.1;223;236;0.09967561716314792;0.3157144551064267;3.542988546281615;4.456260008161197
Fidelity (MSE);Tolerancja_1.0;223;24;0.9647960329282911;0.9822403132270081;4.119435184017577;13.864167938594155
Fidelity (MSE);Tolerancja_0.01;224;2586;0.009995646770119382;0.09997823148125487;0.9367772847218321;1.676707878178108
Fidelity (MSE);Tolerancja_0.1;224;466;0.09991885717983245;0.31609944191635714;3.6297622813040276;5.301218242175361
Fidelity (MSE);Tolerancja_1.0;224;47;0.9973914449616114;0.9986948707996909;4.460991006703771;16.748841552372014
Fidelity (MSE);Tolerancja_0.01;225;1416;0.009991580942236341;0.09995789584738336;2.174175585126378;1.5913957722918233
Fidelity (MSE);Tolerancja_0.1;225;158;0.09939736297307382;0.31527347331019434;3.487144429725062;5.019362085288794
Fidelity (MSE);Tolerancja_1.0;225;18;0.9735257044230102;0.9866740618983607;4.5802845992513355;15.708503239528278
Fidelity (MSE);Tolerancja_0.01;226;1582;0.009986874111207446;0.09993434900577201;1.845078829594593;1.765975917036448
Fidelity (MSE);Tolerancja_0.1;226;186;0.09993300990414009;0.3161218276300137;3.407483900817101;5.586302807775404
Fidelity (MSE);Tolerancja_1.0;226;22;0.9910280795823022;0.995503932479577;3.953291239974693;17.591908963878584
Fidelity (MSE);Tolerancja_0.01;227;2470;0.00999516224288128;0.0999758082882118;1.197292197080258;1.7002776078741388
Fidelity (MSE);Tolerancja_0.1;227;408;0.0998893435059265;0.316052754308401;3.742325705624342;5.375074533114662
Fidelity (MSE);Tolerancja_1.0;227;42;0.987356320308818;0.9936580499894409;4.432325846133867;16.899033488285756
Fidelity (MSE);Tolerancja_0.01;228;1865;0.009993204473201282;0.0999660165916462;1.6681239782651107;1.6317896912446135
Fidelity (MSE);Tolerancja_0.1;228;244;0.0999205079850787;0.31610205311746825;3.667947297812416;5.159874217709366
Fidelity (MSE);Tolerancja_1.0;228;26;0.9961071762261012;0.9980516901574293;4.556068072935778;16.291641048186502
Fidelity (MSE);Tolerancja_0.01;229;1624;0.009999493979995151;0.09999746986796791;1.7968694641357157;1.4901461143115553
Fidelity (MSE);Tolerancja_0.1;229;200;0.0997622561524215;0.31585163629847085;3.2742618504734273;4.706769972785888
Fidelity (MSE);Tolerancja_1.0;229;23;0.9933457282181475;0.9966673107000888;3.4547193129610796;14.85217498264755
Fidelity (MSE);Tolerancja_0.01;230;2679;0.00999984956233985;0.09999924780887029;0.9211177075300481;1.6792506595259868
Fidelity (MSE);Tolerancja_0.1;230;548;0.09988465144506711;0.31604533131351126;3.185958387057779;5.307233231020825
Fidelity (MSE);Tolerancja_1.0;230;52;0.9921402949359129;0.9960623951017893;4.615006559121905;16.726510154362824
Fidelity (MSE);Tolerancja_0.01;231;1402;0.009989904067813877;0.09994950759165289;2.0222188187739984;1.6895775094462278
Fidelity (MSE);Tolerancja_0.1;231;158;0.09973226630152385;0.31580415814476515;3.413750082598038;5.338451542662283
Fidelity (MSE);Tolerancja_1.0;231;20;0.9106733832271282;0.9542920848603578;3.703808950919796;16.13164969866509
Fidelity (MSE);Tolerancja_0.01;232;2856;0.009990631468949568;0.09995314636843389;0.7886168688875035;1.566108786109666
Fidelity (MSE);Tolerancja_0.1;232;620;0.09994081107084817;0.31613416625041996;3.850918207089544;4.953325766547293
Fidelity (MSE);Tolerancja_1.0;232;66;0.9795724927866322;0.9897335463581257;4.718164364274197;15.507569888249689
Fidelity (MSE);Tolerancja_0.01;233;2582;0.009997104888218668;0.09998552339323262;1.0163259470172528;1.6688889950718389
Fidelity (MSE);Tolerancja_0.1;233;501;0.09996301499702578;0.31616928218444273;3.9367250151714597;5.277278327005213
Fidelity (MSE);Tolerancja_1.0;233;52;0.9703632946835176;0.9850701978455736;4.747611513783804;16.442108384952324
Fidelity (MSE);Tolerancja_0.01;234;2155;0.009989829255188895;0.0999491333388584;1.205954545025734;1.9072840320389695
Fidelity (MSE);Tolerancja_0.1;234;318;0.09959172461530891;0.3155815657089446;3.2514224114718884;6.022100052052354
Fidelity (MSE);Tolerancja_1.0;234;29;0.9908541349174574;0.9954165635137169;3.602617096002474;18.99508333284065
Fidelity (MSE);Tolerancja_0.01;235;2534;0.009988665730452949;0.09994331258494962;1.094068565311578;1.7440411607142072
Fidelity (MSE);Tolerancja_0.1;235;454;0.09969055365749263;0.3157381092891586;3.7600802596014153;5.509725907256919
Fidelity (MSE);Tolerancja_1.0;235;48;0.9764677806282538;0.9881638430079568;4.64821327393055;17.243759198701344
Fidelity (MSE);Tolerancja_0.01;236;2552;0.00998576575643591;0.09992880343742694;1.0421318823838155;1.5954058557294624
Fidelity (MSE);Tolerancja_0.1;236;444;0.09999210023194145;0.31621527514011943;3.6472601974046777;5.048511382862204
Fidelity (MSE);Tolerancja_1.0;236;46;0.9792531889063383;0.9895722252096298;4.6372880556628795;15.798941530959745
Fidelity (MSE);Tolerancja_0.01;237;2530;0.009985958258474825;0.09992976662874194;1.1043821432651875;1.9445159765546078
Fidelity (MSE);Tolerancja_0.1;237;446;0.09986998211638266;0.3160221228274734;4.0371757378144135;6.149419612533933
Fidelity (MSE);Tolerancja_1.0;237;50;0.9893572005604203;0.9946643657839666;5.337985206267339;19.35500117559745
Fidelity (MSE);Tolerancja_0.01;238;1800;0.009989586598502947;0.09994791943058619;2.049821446955182;1.8748062323252515
Fidelity (MSE);Tolerancja_0.1;238;222;0.09942958080208489;0.3153245642224609;4.3393658977256875;5.914805046242938
Fidelity (MSE);Tolerancja_1.0;238;26;0.9677231479764716;0.9837292045967079;4.669207399268364;18.45262667002426
Fidelity (MSE);Tolerancja_0.01;239;2187;0.009997677954642514;0.09998838909914748;1.4900606687271765;1.625016486486104
Fidelity (MSE);Tolerancja_0.1;239;332;0.09993684893874197;0.3161278996525646;3.8602709127044488;5.137727024127268
Fidelity (MSE);Tolerancja_1.0;239;34;0.9811955796187405;0.9905531684966439;4.091683599775348;16.098521478848575
Fidelity (MSE);Tolerancja_0.01;240;2379;0.009997630666690595;0.0999881526316523;1.1043842838679545;1.4712357438947727
Fidelity (MSE);Tolerancja_0.1;240;375;0.0999981897726776;0.3162249037831739;3.5868545722305547;4.652965069465778
Fidelity (MSE);Tolerancja_1.0;240;41;0.9958895638829115;0.997942665629099;4.611274978490086;14.68382884760272
Fidelity (MSE);Tolerancja_0.01;241;1766;0.009995175892694195;0.09997587655376769;2.0703156601366124;1.8999545500629216
Fidelity (MSE);Tolerancja_0.1;241;214;0.09948280843378898;0.3154089542701491;4.046736508444935;5.994072754879726
Fidelity (MSE);Tolerancja_1.0;241;26;0.9306383194957373;0.9646959725715337;4.432745693865751;18.333207626631076
Fidelity (MSE);Tolerancja_0.01;242;2004;0.009988589522283275;0.09994293132724932;1.5692962502610506;1.584938692513365
Fidelity (MSE);Tolerancja_0.1;242;276;0.09980541490195914;0.3159199501487032;3.613021331679316;5.009996665877802
Fidelity (MSE);Tolerancja_1.0;242;30;0.9632668217590304;0.981461574265152;4.073545794501457;15.564446665812353
Fidelity (MSE);Tolerancja_0.01;243;1940;0.00999149429373412;0.09995746242144266;1.5604409661300975;1.7585004721003203
Fidelity (MSE);Tolerancja_0.1;243;272;0.09972201843975313;0.3157879327012879;3.5378630365859793;5.555495460633806
Fidelity (MSE);Tolerancja_1.0;243;28;0.9705787150073083;0.9851795344034042;3.954423763613808;17.33175927423625
Fidelity (MSE);Tolerancja_0.01;244;2379;0.009997068494808838;0.09998534139967137;1.130622004643472;1.6521496234837931
Fidelity (MSE);Tolerancja_0.1;244;386;0.09996043388669593;0.3161652003094204;3.561171306720972;5.224287973992993
Fidelity (MSE);Tolerancja_1.0;244;42;0.985175294924646;0.9925599704424141;4.331138846419096;16.40097996861877
Fidelity (MSE);Tolerancja_0.01;245;2035;0.009995950377893012;0.09997974983911999;1.3640699203631987;1.6648976073262767
Fidelity (MSE);Tolerancja_0.1;245;296;0.09972317720823344;0.3157897674216716;3.465611995565322;5.258641165280696
Fidelity (MSE);Tolerancja_1.0;245;29;0.9888904139280473;0.9944296928028886;4.170563980818709;16.559589505533275
Fidelity (MSE);Tolerancja_0.01;246;2012;0.009987516851307577;0.0999375647657455;1.338870972423349;1.4633457698402808
Fidelity (MSE);Tolerancja_0.1;246;285;0.0998252886292692;0.3159514023220489;3.422734205908231;4.626349953061375
Fidelity (MSE);Tolerancja_1.0;246;33;0.9964654668117199;0.9982311690243497;4.097637875838949;14.616699555752913
Fidelity (MSE);Tolerancja_0.01;247;1933;0.009997913582198507;0.09998956736679336;1.9033377820040682;1.6064107999599224
Fidelity (MSE);Tolerancja_0.1;247;252;0.09998659226244813;0.3162065658117303;4.251902407423282;5.0801064122505135
Fidelity (MSE);Tolerancja_1.0;247;28;0.9384343641649866;0.9687282199693507;4.746887152868535;15.563378418032078
Fidelity (MSE);Tolerancja_0.01;248;2242;0.009986453175179048;0.09993224292078633;1.2090129467017636;1.776533385723456
Fidelity (MSE);Tolerancja_0.1;248;352;0.09996740815327212;0.31617622958292124;3.642406220556828;5.620784755841684
Fidelity (MSE);Tolerancja_1.0;248;34;0.9892887095185351;0.9946299359653997;5.3432153655440455;17.681913625046572
Fidelity (MSE);Tolerancja_0.01;249;1926;0.009987449680511566;0.09993722870137818;1.3867251480696203;1.5678699554690998
Fidelity (MSE);Tolerancja_0.1;249;256;0.09978105836314813;0.3158813992041129;3.761302119870511;4.9557203230395315
Fidelity (MSE);Tolerancja_1.0;249;28;0.9866201325956762;0.9932875377229275;4.0480197530167015;15.58323867666126
Fidelity (MSE);Tolerancja_0.01;250;1284;0.009997767364034025;0.09998883619701764;2.617975149728803;1.41980651461936
Fidelity (MSE);Tolerancja_0.1;250;143;0.09994090373886763;0.3161343128147712;3.7746469548005654;4.488996711039974
Fidelity (MSE);Tolerancja_1.0;250;18;0.9381300374324281;0.9685711318392821;4.265660780700478;13.753371427866238
Fidelity (MSE);Tolerancja_0.01;251;2386;0.00999558955440825;0.09997794534000111;1.1110723434031806;1.630966124016325
Fidelity (MSE);Tolerancja_0.1;251;390;0.09977573871281972;0.3158729787633309;3.599482743627812;5.152917737038135
Fidelity (MSE);Tolerancja_1.0;251;44;0.968193412547657;0.9839681969188115;4.105976356228922;16.051728116900186
Fidelity (MSE);Tolerancja_0.01;252;1810;0.009988098738257312;0.09994047597573924;1.593826733846286;1.6065098105447924
Fidelity (MSE);Tolerancja_0.1;252;232;0.09984555172548304;0.3159834674875935;3.245852710729582;5.079328825810363
Fidelity (MSE);Tolerancja_1.0;252;26;0.9611216130383596;0.9803681007858016;4.420498749778416;15.759090163227595
Fidelity (MSE);Tolerancja_0.01;253;1734;0.009996455710974544;0.09998227698434631;1.7797756510634493;1.654194004102201
Fidelity (MSE);Tolerancja_0.1;253;224;0.09945300346951594;0.3153617026043523;3.518201525340511;5.217619095164797
Fidelity (MSE);Tolerancja_1.0;253;26;0.9296929882050359;0.9642058847595962;3.990486094202097;15.952663225894526
Fidelity (MSE);Tolerancja_0.01;254;2053;0.009997796316530912;0.09998898097556007;1.2761214758010093;1.5240046966151937
Fidelity (MSE);Tolerancja_0.1;254;291;0.09989505451627438;0.31606178907972154;3.1699903793587243;4.817327332257056
Fidelity (MSE);Tolerancja_1.0;254;28;0.9855036773213309;0.9927253786024265;4.264205675358268;15.13084866630445
Fidelity (MSE);Tolerancja_0.01;255;2262;0.009985742466996893;0.09992868690719844;1.298518291896535;1.5101770992247874
Fidelity (MSE);Tolerancja_0.1;255;349;0.09999555133445422;0.3162207319807704;3.5224730888416174;4.778901059522059
Fidelity (MSE);Tolerancja_1.0;255;36;0.9963079821925767;0.9981522840692079;4.360665148771092;15.084624521686237
Fidelity (MSE);Tolerancja_0.01;256;1710;0.009994939242294632;0.09997469300925425;1.9308855533013514;1.5625991737085034
Fidelity (MSE);Tolerancja_0.1;256;216;0.09995063098893726;0.3161496971197936;3.653935690027418;4.941403075294807
Fidelity (MSE);Tolerancja_1.0;256;18;0.9738338370906174;0.9868301966856392;5.672207276757877;15.424103875856277
Fidelity (MSE);Tolerancja_0.01;257;1942;0.009987477855308137;0.09993736966374558;1.4118719797573949;1.5997113456501904
Fidelity (MSE);Tolerancja_0.1;257;262;0.09960459848277435;0.31560196210222513;3.261662589575656;5.051884407035219
Fidelity (MSE);Tolerancja_1.0;257;25;0.9706546064880056;0.9852180502244189;3.8017461376695;15.770522059828766
Fidelity (MSE);Tolerancja_0.01;258;2532;0.009999300733278002;0.09999650360526613;1.0164137267038487;1.640534664171088
Fidelity (MSE);Tolerancja_0.1;258;438;0.0999798487419445;0.31619590247494433;3.5909415739190056;5.1874847617340984
Fidelity (MSE);Tolerancja_1.0;258;48;0.9876192539708533;0.9937903470908003;4.291369394917338;16.304045186988077
Fidelity (MSE);Tolerancja_0.01;259;1786;0.00998737121686062;0.09993683613593449;1.4573948426111478;1.7023291906867715
Fidelity (MSE);Tolerancja_0.1;259;220;0.09946921469967532;0.31538740415507294;3.1685827606659838;5.3723252128756895
Fidelity (MSE);Tolerancja_1.0;259;25;0.9894225192677127;0.9946971997888165;3.9125080330407966;16.943723101176207
Fidelity (MSE);Tolerancja_0.01;260;2135;0.009999243313455211;0.09999621649570153;1.2317184295453831;1.6677893012602585
Fidelity (MSE);Tolerancja_0.1;260;306;0.09969176014736156;0.31574001986976813;3.1950487074747738;5.266077513454088
Fidelity (MSE);Tolerancja_1.0;260;34;0.9967081377648599;0.9983527121037233;3.7299527418847194;16.651049714489215
Fidelity (MSE);Tolerancja_0.01;261;1708;0.00999230203366147;0.09996150275811919;1.774636436690912;1.7259151570031144
Fidelity (MSE);Tolerancja_0.1;261;210;0.09987683213457349;0.31603296051926844;3.374002975369369;5.456561392365317
Fidelity (MSE);Tolerancja_1.0;261;23;0.9694377096377108;0.9846002791172217;3.585906226364652;16.99990994963193
Fidelity (MSE);Tolerancja_0.01;262;1776;0.009995325827277947;0.09997662640476496;1.6435470573030972;1.3574725624366468
Fidelity (MSE);Tolerancja_0.1;262;216;0.09968011741553415;0.3157215821186986;3.3738185037869286;4.286835838609527
Fidelity (MSE);Tolerancja_1.0;262;26;0.9570316079898592;0.9782799231252062;4.3290520890630475;13.282986251692591
Fidelity (MSE);Tolerancja_0.01;263;2244;0.0099897283108981;0.09994862835926314;1.334091264952482;1.435925727546501
Fidelity (MSE);Tolerancja_0.1;263;346;0.09987752786717514;0.3160340612452638;3.6029564843534496;4.540346843899664
Fidelity (MSE);Tolerancja_1.0;263;36;0.9890874058562684;0.9945287355608526;4.520181658460253;14.288033979245368
Fidelity (MSE);Tolerancja_0.01;264;1445;0.009997397458638346;0.09998698644642885;1.9444724066432548;1.4057081295249245
Fidelity (MSE);Tolerancja_0.1;264;158;0.09988355754548235;0.3160436007032611;3.1012230992339513;4.443228809890496
Fidelity (MSE);Tolerancja_1.0;264;12;0.9804010244788788;0.9901520208931953;3.555718055618662;13.920458998740129
Fidelity (MSE);Tolerancja_0.01;265;2371;0.009996454796148881;0.09998227240940706;1.1264203247189002;1.6079619911775465
Fidelity (MSE);Tolerancja_0.1;265;392;0.09968400502587332;0.3157277387653377;3.4774927778887834;5.07768218566045
Fidelity (MSE);Tolerancja_1.0;265;40;0.9976505909443458;0.9988246046951116;4.408086843630115;16.063567685540683
Fidelity (MSE);Tolerancja_0.01;266;1629;0.009998838998028114;0.0999941948216401;1.7646124793150308;1.7957397843299134
Fidelity (MSE);Tolerancja_0.1;266;200;0.09971169091304785;0.31577158028082236;3.3050252283283337;5.670765092738004
Fidelity (MSE);Tolerancja_1.0;266;22;0.9453293991702169;0.9722805146511047;3.996807095089934;17.460641638267408
Fidelity (MSE);Tolerancja_0.01;267;2736;0.009988958352715845;0.09994477651541298;0.8783844834415708;1.6461135717259556
Fidelity (MSE);Tolerancja_0.1;267;548;0.09986955793458246;0.3160214517000111;3.375370470271392;5.2049463587494555
Fidelity (MSE);Tolerancja_1.0;267;58;0.9935099570872179;0.9967496963065592;4.30023731303406;16.416697899673842
Fidelity (MSE);Tolerancja_0.01;268;2074;0.009988734989225048;0.09994365907462588;1.2947789689435476;1.89686216503008
Fidelity (MSE);Tolerancja_0.1;268;296;0.09956590586316652;0.3155406564345814;3.359358062225044;5.988745441795334
Fidelity (MSE);Tolerancja_1.0;268;28;0.9759443623008417;0.9878989636095594;4.14609146670859;18.749645393152882
Fidelity (MSE);Tolerancja_0.01;269;1724;0.009993548210414885;0.09996773584719665;1.594322490603128;1.8164571947830233
Fidelity (MSE);Tolerancja_0.1;269;226;0.09985985787738545;0.31600610417741215;3.322177400151991;5.741968212682199
Fidelity (MSE);Tolerancja_1.0;269;24;0.929109918039809;0.9639034796284371;3.4113803137454384;17.51454502604468
Fidelity (MSE);Tolerancja_0.01;270;1674;0.009991087577499036;0.09995542795415882;1.5246726695674742;1.629380562444286
Fidelity (MSE);Tolerancja_0.1;270;208;0.09950832692437407;0.3154494046980816;2.8196668927618322;5.1421632518586
Fidelity (MSE);Tolerancja_1.0;270;27;0.984760387423023;0.9923509396493878;3.711266785562695;16.17638346693468
Fidelity (MSE);Tolerancja_0.01;271;2100;0.009989114082846341;0.09994555559326458;1.5502407468976567;1.660869452776758
Fidelity (MSE);Tolerancja_0.1;271;290;0.09960112987987339;0.31559646683680315;3.8333902573770695;5.244500648999778
Fidelity (MSE);Tolerancja_1.0;271;31;0.9973454456505296;0.9986718408218636;4.69065422705647;16.595670952287396
Fidelity (MSE);Tolerancja_0.01;272;1551;0.00999571770402348;0.0999785862273691;2.093281874221856;1.7844186389555914
Fidelity (MSE);Tolerancja_0.1;272;186;0.09979976694234652;0.3159110111128552;3.7801744714484293;5.638382355188458
Fidelity (MSE);Tolerancja_1.0;272;22;0.9230704025206418;0.9607655294194529;3.94519395997587;17.147751164066673
Fidelity (MSE);Tolerancja_0.01;273;1992;0.009987662195024056;0.09993829193569427;1.421025734293095;1.669602440532678
Fidelity (MSE);Tolerancja_0.1;273;270;0.09956678111882053;0.31554204334576486;3.2323899827176095;5.271550628459289
Fidelity (MSE);Tolerancja_1.0;273;26;0.9463168546435842;0.972788185908723;3.84265159335314;16.251723917391338
Fidelity (MSE);Tolerancja_0.01;274;2220;0.009998040910995794;0.09999020407517825;1.273271116299207;1.8410305936332774
Fidelity (MSE);Tolerancja_0.1;274;334;0.09984562232558052;0.3159835792024334;3.4487189809877323;5.817924283463231
Fidelity (MSE);Tolerancja_1.0;274;35;0.9806175357309949;0.9902613471861834;4.1048064286067865;18.232800430045707
Fidelity (MSE);Tolerancja_0.01;275;1804;0.009988577582813735;0.09994287159579585;1.4764118799573858;1.5510643485620397
Fidelity (MSE);Tolerancja_0.1;275;220;0.09982339434591664;0.3159484045630182;3.1395275045836497;4.9033642767911845
Fidelity (MSE);Tolerancja_1.0;275;25;0.9707380203079927;0.985260381984373;3.524228569341386;15.290757891439883
Fidelity (MSE);Tolerancja_0.01;276;2646;0.00999204959092404;0.09996024005035221;1.098302165934129;1.7460600635552153
Fidelity (MSE);Tolerancja_0.1;276;515;0.09990441854736093;0.3160766023408897;3.5088376747388166;5.521082503339845
Fidelity (MSE);Tolerancja_1.0;276;50;0.9858890208271504;0.9929194432717844;4.759362993210638;17.343865774542344
Fidelity (MSE);Tolerancja_0.01;277;2330;0.009991150011029386;0.09995574026052424;1.0915888915003475;1.6738980080542427
Fidelity (MSE);Tolerancja_0.1;277;377;0.09996584388723354;0.31617375584832075;3.138989901731131;5.2947696523893155
Fidelity (MSE);Tolerancja_1.0;277;35;0.9938951645735142;0.9969429093852437;3.77681309216774;16.695196752225108
Fidelity (MSE);Tolerancja_0.01;278;2392;0.009987179657455467;0.09993587772894912;1.198179269182857;1.7423040371660246
Fidelity (MSE);Tolerancja_0.1;278;403;0.09999049364713038;0.3162127347959446;3.6263110373760217;5.512922255334226
Fidelity (MSE);Tolerancja_1.0;278;34;0.9789619525300537;0.9894250616039871;4.373023086232826;17.24985379106248
Fidelity (MSE);Tolerancja_0.01;279;1596;0.009999113227862838;0.09999556604101423;1.4451781956176912;1.5165058362180504
Fidelity (MSE);Tolerancja_0.1;279;192;0.09962909382963366;0.31564076705906297;2.6724376704849595;4.786922904132361
Fidelity (MSE);Tolerancja_1.0;279;20;0.9435753215359917;0.9713780528383332;3.324482264416903;14.731658058710826
Fidelity (MSE);Tolerancja_0.01;280;1716;0.009996424922822314;0.09998212301617881;1.2091856628739857;1.6006439823599186
Fidelity (MSE);Tolerancja_0.1;280;209;0.0999697234703301;0.31617989099613864;2.5488140134532564;5.0618192992790325
Fidelity (MSE);Tolerancja_1.0;280;23;0.9950792196591236;0.9975365755996738;3.327803278154423;15.969864099196657
Fidelity (MSE);Tolerancja_0.01;281;2200;0.00999666166458537;0.09998330692963386;1.3038249971145106;1.616244863747225
Fidelity (MSE);Tolerancja_0.1;281;333;0.09985721466408783;0.3160019219310032;3.666483503312984;5.108217550902582
Fidelity (MSE);Tolerancja_1.0;281;38;0.971795370894528;0.9857968202903314;4.97088437495631;15.935550607602103
Fidelity (MSE);Tolerancja_0.01;282;1502;0.009997774069613073;0.09998886972865066;1.9941417781374549;1.8059397039462153
Fidelity (MSE);Tolerancja_0.1;282;174;0.0994918507227918;0.31542328817446535;3.3413574977087563;5.696988486912692
Fidelity (MSE);Tolerancja_1.0;282;20;0.949844095967696;0.974599454118304;4.062822978607542;17.602637717708152
Fidelity (MSE);Tolerancja_0.01;283;1260;0.009986994430440918;0.09993495099533956;2.118128407288003;1.6520450251029772
Fidelity (MSE);Tolerancja_0.1;283;138;0.09912094496926342;0.3148347899601685;3.392169922737972;5.204598024041588
Fidelity (MSE);Tolerancja_1.0;283;17;0.9816628102410284;0.9907889837099666;3.9135866242249047;16.378934448481573
Fidelity (MSE);Tolerancja_0.01;284;782;0.00999198254119871;0.09995990466781524;2.1311195693475105;1.6611689041813669
Fidelity (MSE);Tolerancja_0.1;284;81;0.09955421238640193;0.3155221266193576;2.6615000394942614;5.243457835049458
Fidelity (MSE);Tolerancja_1.0;284;10;0.8803240817400596;0.9382558722118715;3.1185792069660767;15.592266561912405
Fidelity (MSE);Tolerancja_0.01;285;2079;0.009997872547823201;0.09998936217329922;1.3206210338233282;1.8576215248018841
Fidelity (MSE);Tolerancja_0.1;285;292;0.09968070824766374;0.31572251780268024;3.2978481849844066;5.8655534167565655
Fidelity (MSE);Tolerancja_1.0;285;31;0.9830982657730835;0.9915131193146581;4.146322496574512;18.42052066868979
Fidelity (MSE);Tolerancja_0.01;286;1157;0.009995745962607931;0.0999787275504541;2.1764668640982565;1.4179029407891477
Fidelity (MSE);Tolerancja_0.1;286;128;0.09924182955275612;0.315026712443177;3.211938384755925;4.467723414212316
Fidelity (MSE);Tolerancja_1.0;286;15;0.9875338383603582;0.9937473714985908;3.361473783590589;14.09337120977329
Fidelity (MSE);Tolerancja_0.01;287;1562;0.009987506322348856;0.09993751208804857;1.5043073827040692;1.6156038171739706
Fidelity (MSE);Tolerancja_0.1;287;194;0.09946181888853026;0.3153756789743468;2.7150765492139115;5.098407396272582
Fidelity (MSE);Tolerancja_1.0;287;20;0.9667328837024608;0.9832257541899829;3.948351996822127;15.894965248019819
Fidelity (MSE);Tolerancja_0.01;288;1870;0.009987098566761873;0.09993547201450481;1.7595950155147477;1.9441389210254516
Fidelity (MSE);Tolerancja_0.1;288;242;0.09990023072603377;0.31606997757780436;3.911276056281306;6.148807153154428
Fidelity (MSE);Tolerancja_1.0;288;28;0.9841979220924639;0.9920674987582568;4.248255976108398;19.29962402479431
Fidelity (MSE);Tolerancja_0.01;289;2344;0.00999506502459648;0.09997532207798322;1.3891305161239114;1.715635361453038
Fidelity (MSE);Tolerancja_0.1;289;368;0.09987165989154453;0.3160247773380191;3.9080243873589664;5.423171156913222
Fidelity (MSE);Tolerancja_1.0;289;36;0.9767135669355037;0.9882882003421389;4.697337456453158;16.959607116756203
Fidelity (MSE);Tolerancja_0.01;290;1962;0.009998640138358564;0.09999320046062414;1.5766235845807588;1.658290078170014
Fidelity (MSE);Tolerancja_0.1;290;257;0.09999831411856211;0.3162251003929987;3.7064830112336624;5.2442860517953385
Fidelity (MSE);Tolerancja_1.0;290;32;0.9492341704482238;0.9742864930030714;4.227389650387028;16.157594888447154
Fidelity (MSE);Tolerancja_0.01;291;1472;0.00998817410860544;0.09994085305121944;1.8710783684486607;1.7936368234382
Fidelity (MSE);Tolerancja_0.1;291;176;0.09925330896775497;0.31504493166492137;3.313864596913734;5.654106135977989
Fidelity (MSE);Tolerancja_1.0;291;20;0.9637794312819445;0.9817226855288333;4.278940403837337;17.618960669334314
Fidelity (MSE);Tolerancja_0.01;292;1590;0.009991457519223798;0.09995727847047356;2.1460819124827744;1.4537444717523622
Fidelity (MSE);Tolerancja_0.1;292;189;0.09979366821844941;0.3159013583675281;3.713488400635976;4.594361314884248
Fidelity (MSE);Tolerancja_1.0;292;22;0.9540456195108834;0.976752588689113;3.9183396465231697;14.205555591392438
Fidelity (MSE);Tolerancja_0.01;293;2146;0.009988730772932213;0.09994363798127529;1.0969278887056122;1.748878847278802
Fidelity (MSE);Tolerancja_0.1;293;316;0.09994574232807024;0.31614196546499523;2.8154888833349414;5.5320579409212804
Fidelity (MSE);Tolerancja_1.0;293;36;0.9882335750077942;0.9940993788388534;4.055828304719629;17.39539815500803
Fidelity (MSE);Tolerancja_0.01;294;2276;0.009994363088935945;0.09997181147171409;1.4125021608305501;1.6939514061329202
Fidelity (MSE);Tolerancja_0.1;294;338;0.09990595854308917;0.3160790384430596;3.6983324008889555;5.355735019078393
Fidelity (MSE);Tolerancja_1.0;294;38;0.9860783734120657;0.9930147901275518;4.375799723109353;16.82593098278798
Fidelity (MSE);Tolerancja_0.01;295;2309;0.009998465440377293;0.09999232690750473;1.2468808722371936;1.724074390889321
Fidelity (MSE);Tolerancja_0.1;295;380;0.09979845695598398;0.3159089377589434;3.7229709186530506;5.446923041875577
Fidelity (MSE);Tolerancja_1.0;295;40;0.9980145762798014;0.9990067949117271;4.11559928914455;17.224942000049207
Fidelity (MSE);Tolerancja_0.01;296;1843;0.009996066183976264;0.09998032898513719;1.3380072360123965;1.569771770239085
Fidelity (MSE);Tolerancja_0.1;296;240;0.0999239079417496;0.3161074310131756;2.824573227381774;4.963141515978092
Fidelity (MSE);Tolerancja_1.0;296;24;0.925878132150666;0.9622256139547866;4.085826593772688;15.107717895304573
Fidelity (MSE);Tolerancja_0.01;297;1900;0.009995493536600838;0.09997746514390549;1.8747944727910335;1.5797538017034367
Fidelity (MSE);Tolerancja_0.1;297;252;0.09948404378307113;0.3154109125935105;4.03337594723447;4.983838983626428
Fidelity (MSE);Tolerancja_1.0;297;26;0.9698536330763884;0.9848114708290051;4.392839647171037;15.561103322273128
Fidelity (MSE);Tolerancja_0.01;298;1602;0.009998074768898295;0.09999037338113252;2.376853190969663;1.6477810737844027
Fidelity (MSE);Tolerancja_0.1;298;186;0.09955132684396628;0.3155175539395016;4.393109388876456;5.199539078092515
Fidelity (MSE);Tolerancja_1.0;298;19;0.9586357504192627;0.9790994589005055;4.351250071404647;16.134968829241604
Fidelity (MSE);Tolerancja_0.01;299;2024;0.009987402939267273;0.09993699484809053;1.4839253350081072;1.4737009626205226
Fidelity (MSE);Tolerancja_0.1;299;294;0.09981381000391093;0.3159332366243079;3.647925326861725;4.658846462661629
Fidelity (MSE);Tolerancja_1.0;299;26;0.965942738276942;0.9828238592326409;5.75709653849818;14.493016021135979
Fidelity (MSE);Tolerancja_0.01;300;2441;0.009999297964053369;0.09999648975865788;1.008110803717564;1.654662788187677
Fidelity (MSE);Tolerancja_0.1;300;410;0.0998791111762775;0.31603656620125065;3.3179442803536627;5.229523026877494
Fidelity (MSE);Tolerancja_1.0;300;41;0.9984377446133827;0.9992185669879152;4.226230499095269;16.534278193679967
Fidelity (MSE);Tolerancja_0.01;301;2303;0.009997777418213694;0.09998888647351611;1.2472944088619247;1.766064354527011
Fidelity (MSE);Tolerancja_0.1;301;360;0.09976542147252154;0.31585664702918875;3.543892138475867;5.578851661743626
Fidelity (MSE);Tolerancja_1.0;301;32;0.9965181622854314;0.9982575630995397;4.2052791547790065;17.631830506423878
Fidelity (MSE);Tolerancja_0.01;302;2312;0.009988827702621316;0.0999441229018561;1.0654958841002724;1.4733471712128627
Fidelity (MSE);Tolerancja_0.1;302;382;0.09996505243715198;0.3161725042396191;2.961544039395778;4.660923035906482
Fidelity (MSE);Tolerancja_1.0;302;34;0.9881528555762786;0.994058778733068;4.231919539168509;14.654125196575007
Fidelity (MSE);Tolerancja_0.01;303;2078;0.009991912055995332;0.09995955209981351;1.1824729528814508;1.5745786052813677
Fidelity (MSE);Tolerancja_0.1;303;288;0.09972203302077014;0.31578795578800994;3.2877236527151767;4.974341606621372
Fidelity (MSE);Tolerancja_1.0;303;30;0.947438909810133;0.9733647362680308;3.3892756981691603;15.332594601190111
Fidelity (MSE);Tolerancja_0.01;304;1677;0.00999788943406246;0.09998944661344246;1.4000588476903362;1.9789121264789027
Fidelity (MSE);Tolerancja_0.1;304;216;0.099590279529056;0.31557927614001524;2.7489941200062935;6.245695696599174
Fidelity (MSE);Tolerancja_1.0;304;18;0.9601102255909886;0.9798521447601105;3.176110805092729;19.392459475432897
Fidelity (MSE);Tolerancja_0.01;305;2370;0.00998816653398539;0.09994081515569797;1.113866287720274;1.644278655858487
Fidelity (MSE);Tolerancja_0.1;305;387;0.09987549518085147;0.31603084529971354;3.5211469855220834;5.199505054163128
Fidelity (MSE);Tolerancja_1.0;305;34;0.9966803470021385;0.9983387936978801;4.5577462679350385;16.425192922786998
Fidelity (MSE);Tolerancja_0.01;306;2367;0.009988481886429892;0.0999423928392246;1.032675969514588;1.8101262098095194
Fidelity (MSE);Tolerancja_0.1;306;392;0.09972657572921735;0.3157951483623796;3.018868886314809;5.719585640710021
Fidelity (MSE);Tolerancja_1.0;306;38;0.9979873275450369;0.9989931569060105;3.8281389078576753;18.093460096006574
Fidelity (MSE);Tolerancja_0.01;307;1141;0.009996816568624676;0.09998408157614229;1.8740869444814758;1.8468814676121121
Fidelity (MSE);Tolerancja_0.1;307;126;0.09964653021075376;0.3156683864607822;3.023843517690797;5.83094912385083
Fidelity (MSE);Tolerancja_1.0;307;15;0.9831475904548519;0.9915379924414656;3.0357799453355065;18.315446957212696
Fidelity (MSE);Tolerancja_0.01;308;923;0.00999665700210761;0.09998328361335014;2.444399803682863;2.5469379706952098
Fidelity (MSE);Tolerancja_0.1;308;100;0.09866590870975292;0.31411129987594033;3.241490464865544;8.001557538080696
Fidelity (MSE);Tolerancja_1.0;308;10;0.9575855403416427;0.9785629976356365;3.9662110720424604;24.92755954119057
Fidelity (MSE);Tolerancja_0.01;309;1700;0.009997585134760496;0.09998792494476769;1.6056761298265592;1.5417149084903108
Fidelity (MSE);Tolerancja_0.1;309;214;0.09927279356958978;0.3150758536758883;3.0579126026070584;4.858158034440218
Fidelity (MSE);Tolerancja_1.0;309;26;0.9719247298576851;0.9858624294787205;3.928642358983115;15.201023584471912
Fidelity (MSE);Tolerancja_0.01;310;1762;0.009988710880792413;0.09994353846443707;1.927856371791492;1.5866408858046372
Fidelity (MSE);Tolerancja_0.1;310;220;0.09958761752156292;0.31557505845925615;3.6597629011251622;5.009871553325181
Fidelity (MSE);Tolerancja_1.0;310;21;0.9649971923987285;0.9823427061869643;4.130438784060921;15.595056223297671
Fidelity (MSE);Tolerancja_0.01;311;2120;0.009997162559256412;0.09998581178975552;1.2977645778439295;1.6998061340059798
Fidelity (MSE);Tolerancja_0.1;311;308;0.09984378003443932;0.3159806640198721;3.5136283811867264;5.371820874522246
Fidelity (MSE);Tolerancja_1.0;311;32;0.9888926991777806;0.9944308418275152;4.4219994357552554;16.905795077580514
Fidelity (MSE);Tolerancja_0.01;312;1344;0.009990169402465355;0.09995083492630441;1.949214530353803;1.9138419393574178
Fidelity (MSE);Tolerancja_0.1;312;152;0.099394714888848;0.3152692736199454;3.118739407649981;6.036723540023258
Fidelity (MSE);Tolerancja_1.0;312;18;0.9268524680879291;0.9627317736981205;3.233021561239269;18.43422765016359
Fidelity (MSE);Tolerancja_0.01;313;2156;0.00999878391791412;0.09999391940470241;1.3912000189298066;1.5454179114399378
Fidelity (MSE);Tolerancja_0.1;313;316;0.09954388353761184;0.31550575832718464;3.7205485726180294;4.876179001523784
Fidelity (MSE);Tolerancja_1.0;313;32;0.9551047212385118;0.9772945928626188;4.281214706108549;15.104204111157848
Fidelity (MSE);Tolerancja_0.01;314;1619;0.009998621301596749;0.0999931062703662;1.7611611107178735;1.573718979805415
Fidelity (MSE);Tolerancja_0.1;314;194;0.09936373937338296;0.3152201443013802;3.2448221482553814;4.961021238432091
Fidelity (MSE);Tolerancja_1.0;314;22;0.9264478625953892;0.9625216166899262;3.397431932770102;15.148429658363707
Fidelity (MSE);Tolerancja_0.01;315;1682;0.009986662551276858;0.09993329050560107;1.7408948008632832;1.6691319498810346
Fidelity (MSE);Tolerancja_0.1;315;210;0.09955064967070243;0.31551648082263856;3.360115069833493;5.269901913472724
Fidelity (MSE);Tolerancja_1.0;315;22;0.9578258006240218;0.9786857517221867;3.59840639269723;16.346461212555408
Fidelity (MSE);Tolerancja_0.01;316;2629;0.009987063239331326;0.09993529526314178;0.8941047647069853;1.6592032611631204
Fidelity (MSE);Tolerancja_0.1;316;508;0.09992496935354626;0.3161091098869918;3.492092860261665;5.248288551375408
Fidelity (MSE);Tolerancja_1.0;316;54;0.988016446080694;0.9939901639758283;4.365904134646045;16.502995436098246
Fidelity (MSE);Tolerancja_0.01;317;2018;0.009990836720559197;0.09995417310227321;1.5351908579631344;1.8973005352572074
Fidelity (MSE);Tolerancja_0.1;317;270;0.09979823277961071;0.3159085829470461;3.678340978305915;5.996483237418181
Fidelity (MSE);Tolerancja_1.0;317;30;0.9768585279446125;0.9883615370625328;4.559878771750091;18.760786219277247
Fidelity (MSE);Tolerancja_0.01;318;2278;0.009999057302647824;0.0999952864021491;1.165020461051315;1.6554465611676987
Fidelity (MSE);Tolerancja_0.1;318;341;0.09999637691455285;0.3162220373638638;3.2894629974517637;5.235133606339678
Fidelity (MSE);Tolerancja_1.0;318;40;0.9913801869596623;0.9956807655868734;3.932638102814966;16.483739971329147
Fidelity (MSE);Tolerancja_0.01;319;2016;0.009993804865001192;0.09996901952605713;1.8207506577408066;1.5571234010404253
Fidelity (MSE);Tolerancja_0.1;319;282;0.09957497848936732;0.31555503242598953;4.219255329340564;4.915103975572204
Fidelity (MSE);Tolerancja_1.0;319;26;0.9584004665729039;0.9789792983372548;5.02350631019086;15.248639846645087
Fidelity (MSE);Tolerancja_0.01;320;2198;0.009998396632224885;0.09999198283975014;1.2752006341530135;1.8837305383922465
Fidelity (MSE);Tolerancja_0.1;320;330;0.09998689473655273;0.3162070440969852;3.3981938632340354;5.956966233731336
Fidelity (MSE);Tolerancja_1.0;320;34;0.9713719726780411;0.9855820476642425;3.962666894289357;18.56719857482662
Fidelity (MSE);Tolerancja_0.01;321;1597;0.009988128850370733;0.09994062662586588;1.703548632566807;1.6658934141762252
Fidelity (MSE);Tolerancja_0.1;321;188;0.09999585144775873;0.31622120651176877;3.251607583040417;5.271037846529528
Fidelity (MSE);Tolerancja_1.0;321;20;0.9888479808274622;0.9944083571790123;4.4819594431036185;16.57562484001449
Fidelity (MSE);Tolerancja_0.01;322;2543;0.009998951296421567;0.09999475634462822;1.1567549591053532;1.5690463476020762
Fidelity (MSE);Tolerancja_0.1;322;459;0.09997915709563568;0.3161948087740146;3.8287043299290255;4.9615032625083915
Fidelity (MSE);Tolerancja_1.0;322;50;0.9794046626349884;0.9896487572037811;4.378286202760427;15.528861958999554
Fidelity (MSE);Tolerancja_0.01;323;1931;0.009998700848942584;0.09999350403372503;1.4435887225453037;1.9519449986332198
Fidelity (MSE);Tolerancja_0.1;323;264;0.09965978030221502;0.315689373122085;3.289086609423022;6.162483242706249
Fidelity (MSE);Tolerancja_1.0;323;27;0.9819328695173308;0.9909252592992727;3.868650265976326;19.343572591037304
Fidelity (MSE);Tolerancja_0.01;324;2614;0.009989762465631413;0.099948799220558;0.8352993933805024;1.630148298912273
Fidelity (MSE);Tolerancja_0.1;324;504;0.09990265660756484;0.3160738151248294;3.150480679688398;5.155111377771053
Fidelity (MSE);Tolerancja_1.0;324;54;0.9959466247329778;0.9979712544622604;4.768550465507752;16.276745248685128
Fidelity (MSE);Tolerancja_0.01;325;2600;0.00998687646508125;0.09993436078287213;1.0304165629085738;1.657459588277474
Fidelity (MSE);Tolerancja_0.1;325;501;0.09990153183469878;0.3160720358315471;3.567755150530466;5.24220720752503
Fidelity (MSE);Tolerancja_1.0;325;48;0.9907631719792588;0.9953708715746401;4.469191755388799;16.508706135300084
Fidelity (MSE);Tolerancja_0.01;326;1717;0.009999844251500117;0.09999922125446836;2.233158347161364;1.5555915772840976
Fidelity (MSE);Tolerancja_0.1;326;218;0.0993937050021569;0.31526767199025796;4.057805234087685;4.904315543518263
Fidelity (MSE);Tolerancja_1.0;326;21;0.9848222428187404;0.9923821052491527;4.50322832248149;15.437532662826234
Fidelity (MSE);Tolerancja_0.01;327;2392;0.009996016586523751;0.09998008094877575;1.2824101745118792;1.4690069247538204
Fidelity (MSE);Tolerancja_0.1;327;401;0.0999919344240321;0.31621501296433113;3.7013705380510022;4.646145905740133
Fidelity (MSE);Tolerancja_1.0;327;41;0.9991302564794569;0.9995650336418621;4.499923616537391;14.686604993988665
Fidelity (MSE);Tolerancja_0.01;328;1398;0.009990422629540894;0.09995210167645747;1.94099479470847;1.8034939117404214
Fidelity (MSE);Tolerancja_0.1;328;163;0.09976278490642135;0.31585247332642713;3.0860774894412017;5.699109904624813
Fidelity (MSE);Tolerancja_1.0;328;18;0.9688789494840229;0.9843164884751362;3.333563527181201;17.76059496914759
Fidelity (MSE);Tolerancja_0.01;329;2202;0.009996062737334886;0.0999803117485382;1.3310579351448146;1.5793930152263314
Fidelity (MSE);Tolerancja_0.1;329;340;0.0996068648970143;0.31560555270307633;3.6632649983186374;4.985633639146685
Fidelity (MSE);Tolerancja_1.0;329;34;0.9861339415618888;0.9930427692510977;5.066938265889062;15.687136658674486
Fidelity (MSE);Tolerancja_0.01;330;1533;0.009996478328563969;0.0999823900922756;1.6652318875675949;1.591089409759407
Fidelity (MSE);Tolerancja_0.1;330;192;0.09945735333220004;0.3153685991537522;3.1407843965951923;5.018680167788477
Fidelity (MSE);Tolerancja_1.0;330;21;0.9953359954079118;0.997665272227069;3.529092053548136;15.876542335707397
Fidelity (MSE);Tolerancja_0.01;331;2130;0.009999245956143965;0.09999622970964438;1.4226199261392716;1.6885439889360219
Fidelity (MSE);Tolerancja_0.1;331;306;0.09996763385918503;0.31617658651327274;3.615588874192337;5.338982041117952
Fidelity (MSE);Tolerancja_1.0;331;33;0.9973851355493459;0.9986917119658829;4.166826316263883;16.863984691590566
Fidelity (MSE);Tolerancja_0.01;332;1391;0.00999865164372944;0.0999932579913738;1.7967059345204408;1.579879201467154
Fidelity (MSE);Tolerancja_0.1;332;156;0.09936278881933133;0.31521863653555027;3.047549815069199;4.980409457408741
Fidelity (MSE);Tolerancja_1.0;332;15;0.9740603391845425;0.986944952459124;3.8290111853082607;15.593589354971037
Fidelity (MSE);Tolerancja_0.01;333;1896;0.00998776011467318;0.0999387818350473;1.4321389572612273;1.716311366562624
Fidelity (MSE);Tolerancja_0.1;333;242;0.09970756045187842;0.31576503994565075;3.4302794259675036;5.422831029863182
Fidelity (MSE);Tolerancja_1.0;333;24;0.9666241980520818;0.9831704826997614;4.25256464994288;16.884603191497998
Fidelity (MSE);Tolerancja_0.01;334;1621;0.009998898826048434;0.09999449397866081;2.0581352470696297;1.5118495642882568
Fidelity (MSE);Tolerancja_0.1;334;196;0.09958434170248597;0.31556986817895966;3.677532614377343;4.771204380619961
Fidelity (MSE);Tolerancja_1.0;334;22;0.9550246226888359;0.9772536122669673;4.025818612867441;14.77541801671835
Fidelity (MSE);Tolerancja_0.01;335;1436;0.009997053639212876;0.09998526711077425;1.547230885564903;1.3606472519173303
Fidelity (MSE);Tolerancja_0.1;335;172;0.09981028820565505;0.3159276629319678;2.5544896741367253;4.299294474022813
Fidelity (MSE);Tolerancja_1.0;335;18;0.9732332757934088;0.9865258616951756;3.4012252063525246;13.425114933920815
Fidelity (MSE);Tolerancja_0.01;336;2038;0.009998769305192506;0.09999384633662467;1.5391777038497203;1.656345174721046
Fidelity (MSE);Tolerancja_0.1;336;286;0.09958331671578052;0.3155682441497885;3.4950215240607214;5.227221050514284
Fidelity (MSE);Tolerancja_1.0;336;31;0.9849552546693645;0.9924491194360366;4.027511428452037;16.439394726352706
Fidelity (MSE);Tolerancja_0.01;337;990;0.009988427510832941;0.09994212080415815;1.7234157746497636;1.3838031223914626
Fidelity (MSE);Tolerancja_0.1;337;109;0.0998885133838644;0.3160514410406388;2.605256804535488;4.37606253929085
Fidelity (MSE);Tolerancja_1.0;337;12;0.9484058392707371;0.9738613039189601;3.2402228668565707;13.484127636034804
Fidelity (MSE);Tolerancja_0.01;338;1677;0.009998073593984797;0.09999036750599928;1.4563412027268363;1.476515711523453
Fidelity (MSE);Tolerancja_0.1;338;208;0.09985882216470286;0.3160044654189286;2.939099305572149;4.666305062581387
Fidelity (MSE);Tolerancja_1.0;338;21;0.999205368116505;0.999602605096898;3.188412126379527;14.760711341687887
Fidelity (MSE);Tolerancja_0.01;339;2096;0.009997354066944521;0.09998676945948659;1.3743384523367288;1.851808677479343
Fidelity (MSE);Tolerancja_0.1;339;306;0.09978259791126641;0.31588383610318904;3.492257742193633;5.850338319094959
Fidelity (MSE);Tolerancja_1.0;339;30;0.9758678606294787;0.9878602434704409;3.797842163436514;18.295702330263204
Fidelity (MSE);Tolerancja_0.01;340;1568;0.009997930236500367;0.0999896506469563;1.4214015155791548;1.4266684859188103
Fidelity (MSE);Tolerancja_0.1;340;189;0.09974206415202606;0.3158196703057396;2.860740827188966;4.5061660676197475
Fidelity (MSE);Tolerancja_1.0;340;17;0.9824287983773298;0.9911754629616947;3.283251574675539;14.142251601780966
Fidelity (MSE);Tolerancja_0.01;341;2116;0.009986624899488587;0.09993310212081173;1.2296513599179892;1.48636846054769
Fidelity (MSE);Tolerancja_0.1;341;312;0.09988634428044889;0.31604800945497014;3.2615845817670563;4.7007826566299915
Fidelity (MSE);Tolerancja_1.0;341;33;0.987495625602715;0.9937281447170121;5.410948961538642;14.780349466989401
Fidelity (MSE);Tolerancja_0.01;342;1940;0.009994796975472373;0.09997398149254821;1.8854664718202911;1.7175006807974311
Fidelity (MSE);Tolerancja_0.1;342;268;0.09982782877779978;0.3159554221370473;4.023411960368279;5.427948797482538
Fidelity (MSE);Tolerancja_1.0;342;29;0.9963151161762759;0.9981558576576485;4.437961790084674;17.14779525107477
Fidelity (MSE);Tolerancja_0.01;343;1873;0.009996642538930421;0.0999832112853474;1.7916835748901052;1.6769860424575262
Fidelity (MSE);Tolerancja_0.1;343;248;0.09988038195322595;0.3160385766852299;3.88296968585958;5.30081275812096
Fidelity (MSE);Tolerancja_1.0;343;28;0.9420534376268622;0.9705943733748214;5.051244849905957;16.279465283347232
Fidelity (MSE);Tolerancja_0.01;344;1393;0.009997480455004076;0.09998740148140703;1.5569158626232262;1.8557481205656887
Fidelity (MSE);Tolerancja_0.1;344;156;0.09968803720466227;0.31573412423218095;2.532215963573596;5.859968345624801
Fidelity (MSE);Tolerancja_1.0;344;21;0.9796604550097825;0.9897779826859064;4.05107423585711;18.37010067201541
Fidelity (MSE);Tolerancja_0.01;345;2070;0.00999543083797706;0.09997715157963373;1.6644289767220175;1.5675301087882572
Fidelity (MSE);Tolerancja_0.1;345;284;0.09972507334318394;0.3157927696182798;4.102396112945071;4.951278033961573
Fidelity (MSE);Tolerancja_1.0;345;30;0.9842288452486555;0.9920830838436141;4.728114651477629;15.554755059266586
Fidelity (MSE);Tolerancja_0.01;346;2108;0.009992318390147541;0.09996158457201217;1.3494683345232121;1.7446918964305538
Fidelity (MSE);Tolerancja_0.1;346;314;0.09992043772879872;0.3161019419883382;3.547170473354498;5.517124393278445
Fidelity (MSE);Tolerancja_1.0;346;32;0.9989340365431956;0.999466876161084;4.180167123324182;17.4443189056572
Fidelity (MSE);Tolerancja_0.01;347;2137;0.009998802250120885;0.09999401107126808;1.2276569743812642;1.553603142193245
Fidelity (MSE);Tolerancja_0.1;347;314;0.09989102689043756;0.31605541743567306;3.1701526537548474;4.910540985152547
Fidelity (MSE);Tolerancja_1.0;347;32;0.9722016262117701;0.9860028530444372;4.022471191673452;15.319488780278565
Fidelity (MSE);Tolerancja_0.01;348;2542;0.009997378193196483;0.09998689010663589;0.9469006660101502;1.5118368571149108
Fidelity (MSE);Tolerancja_0.1;348;465;0.09991627827275056;0.31609536262455756;3.628626297669175;4.77947277957386
Fidelity (MSE);Tolerancja_1.0;348;48;0.9730662153699549;0.9864411869797179;4.1856742923324415;14.915336823273616
Fidelity (MSE);Tolerancja_0.01;349;1836;0.009997674377065223;0.09998837120918223;1.5024861513887533;1.6104003139359349
Fidelity (MSE);Tolerancja_0.1;349;248;0.09975088304840295;0.31583363191465685;3.200940578931533;5.086777330564036
Fidelity (MSE);Tolerancja_1.0;349;24;0.9747381815982686;0.9872882971038747;3.9191145378724066;15.901142946664443
Fidelity (MSE);Tolerancja_0.01;350;1757;0.00999602026362297;0.0999800993379331;1.8051843786796233;1.63506834565601
Fidelity (MSE);Tolerancja_0.1;350;222;0.09959589099866778;0.3155881667595726;3.598923689460383;5.1611093122450065
Fidelity (MSE);Tolerancja_1.0;350;22;0.9663049074054012;0.9830080912207189;3.928551214808799;16.07605337584335
Fidelity (MSE);Tolerancja_0.01;351;2186;0.009990332002955292;0.09995164832535425;1.4618268992427659;1.5657127418794312
Fidelity (MSE);Tolerancja_0.1;351;332;0.09957031774940019;0.31554764735202856;4.093571345674162;4.942959725095634
Fidelity (MSE);Tolerancja_1.0;351;31;0.9891302659990295;0.9945502832934238;4.486832605527617;15.57933337851027
Fidelity (MSE);Tolerancja_0.01;352;1428;0.009999542245695327;0.09999771120228367;2.397080259004966;1.6841366365551942
Fidelity (MSE);Tolerancja_0.1;352;156;0.09945971276393162;0.3153723398840355;3.839591942627705;5.3114226852695365
Fidelity (MSE);Tolerancja_1.0;352;22;0.9771314762495176;0.9884996086238566;4.3111969304141615;16.648065101572936
Fidelity (MSE);Tolerancja_0.01;353;1742;0.009988260668223942;0.0999412861045121;1.9287516674071181;1.623327795798668
Fidelity (MSE);Tolerancja_0.1;353;227;0.09978262186626827;0.31588387402060947;3.804132601283305;5.130843247364107
Fidelity (MSE);Tolerancja_1.0;353;22;0.9773100686731825;0.9885899395973957;4.035016257855527;16.057483249887113
Fidelity (MSE);Tolerancja_0.01;354;2029;0.009992764362606963;0.09996381526636007;1.4937522659652505;1.608893578931743
Fidelity (MSE);Tolerancja_0.1;354;290;0.09985061523603542;0.3159914796889869;3.5576875892568456;5.085806912372195
Fidelity (MSE);Tolerancja_1.0;354;28;0.9759728042966938;0.987913358699382;3.7793830548841436;15.900228048690835
Fidelity (MSE);Tolerancja_0.01;355;1806;0.009988936529490872;0.09994466733893746;1.759176671231638;1.41002240708975
Fidelity (MSE);Tolerancja_0.1;355;220;0.09947044505765823;0.31538935469932755;3.6986009568945546;4.4495226101010354
Fidelity (MSE);Tolerancja_1.0;355;20;0.995853781938933;0.997924737612478;3.961439621892038;14.078752554660436
Fidelity (MSE);Tolerancja_0.01;356;1903;0.00999687884625728;0.09998439301339625;1.3517951192689424;1.616908727344018
Fidelity (MSE);Tolerancja_0.1;356;250;0.09960385772064066;0.31560078852981444;3.0143248081443024;5.103773238510728
Fidelity (MSE);Tolerancja_1.0;356;28;0.9396171422332238;0.969338507557202;4.220739689177995;15.675765440811034
Fidelity (MSE);Tolerancja_0.01;357;1824;0.009992951382374169;0.09996475069930484;1.3959518991998199;1.582428896388572
Fidelity (MSE);Tolerancja_0.1;357;243;0.09995181974346351;0.3161515771642829;3.2674515634513064;5.004638013337852
Fidelity (MSE);Tolerancja_1.0;357;26;0.9955589072543356;0.9977769827242637;3.832184014800644;15.79467880997032
Fidelity (MSE);Tolerancja_0.01;358;2141;0.0099932467945558;0.09996622827013031;1.0871393976895583;1.7813828494720754
Fidelity (MSE);Tolerancja_0.1;358;326;0.09981924594511833;0.3159418394975859;3.057793528588848;5.630035103363264
Fidelity (MSE);Tolerancja_1.0;358;31;0.9868407921575552;0.9933986068832366;3.8903231349015504;17.70221075270887
Fidelity (MSE);Tolerancja_0.01;359;2068;0.009990596915917345;0.09995297352213862;1.2775808441365677;1.8258353680575763
Fidelity (MSE);Tolerancja_0.1;359;305;0.09998348893313418;0.31620165865019456;3.3924266762956004;5.776037985244337
Fidelity (MSE);Tolerancja_1.0;359;32;0.9697230514068161;0.9847451707963925;3.7687294496251678;17.988284870441763
Fidelity (MSE);Tolerancja_0.01;360;2100;0.009986746785247061;0.09993371195571123;1.3720872504509547;1.6404849053536168
Fidelity (MSE);Tolerancja_0.1;360;316;0.09985634728939015;0.31600054950805095;3.544200140721469;5.187379928218302
Fidelity (MSE);Tolerancja_1.0;360;32;0.973434198469915;0.9866276898962014;4.118134633454732;16.196214478612962
Fidelity (MSE);Tolerancja_0.01;361;2200;0.00998749094863826;0.09993743517140241;1.464823458702996;1.6209345990077735
Fidelity (MSE);Tolerancja_0.1;361;328;0.09996546634616664;0.3161731588009435;3.807159975983318;5.128168553646069
Fidelity (MSE);Tolerancja_1.0;361;33;0.9921410773201431;0.9960627878402762;4.7065741950235855;16.155634100728406
Fidelity (MSE);Tolerancja_0.01;362;1730;0.009995450762844083;0.09997725122668698;1.9152004286625024;1.6851263263238114
Fidelity (MSE);Tolerancja_0.1;362;212;0.09951621388848911;0.3154619056058736;3.676855431912351;5.317141205286871
Fidelity (MSE);Tolerancja_1.0;362;21;0.9999711471011442;0.9999855734465094;4.068848809224531;16.854854430213834
Fidelity (MSE);Tolerancja_0.01;363;1598;0.009992809917320645;0.09996404312211789;1.8418666235766326;1.5810584636813456
Fidelity (MSE);Tolerancja_0.1;363;199;0.09997393399491857;0.31618654935799934;3.3711162810753694;5.00089236440713
Fidelity (MSE);Tolerancja_1.0;363;20;0.9499159164720972;0.9746362995867213;3.994982461696361;15.415112497902792
Fidelity (MSE);Tolerancja_0.01;364;2095;0.00999872356900118;0.0999936176413334;1.6398501891801036;1.59397453217117
Fidelity (MSE);Tolerancja_0.1;364;300;0.0996837798755293;0.3157273822073868;4.00752792540059;5.032935283457725
Fidelity (MSE);Tolerancja_1.0;364;32;0.9485932705287029;0.9739575301463113;4.4144714304747845;15.525625885824818
Fidelity (MSE);Tolerancja_0.01;365;2034;0.009988107528398519;0.09994051995261241;1.5374189686679633;1.6775397896906883
Fidelity (MSE);Tolerancja_0.1;365;272;0.09987454614203191;0.3160293437990085;3.6410317150007314;5.304673211466686
Fidelity (MSE);Tolerancja_1.0;365;31;0.984272611817224;0.9921051415133499;4.182060541364721;16.65286363563542
Fidelity (MSE);Tolerancja_0.01;366;1644;0.00999959658779243;0.09999798291861907;1.8041252945632196;1.9324894343001275
Fidelity (MSE);Tolerancja_0.1;366;203;0.0998857643983662;0.31604709205807635;3.559780880056241;6.107699858711777
Fidelity (MSE);Tolerancja_1.0;366;22;0.9015989696868113;0.9495256550966968;4.56420616915529;18.34985309218289
Fidelity (MSE);Tolerancja_0.01;367;1902;0.009996985094884527;0.09998492433804472;1.7228923755227932;1.6006512343502588
Fidelity (MSE);Tolerancja_0.1;367;263;0.09999418133657238;0.3162185657683185;3.7153585935875184;5.0623195543983925
Fidelity (MSE);Tolerancja_1.0;367;27;0.9971894928184817;0.998593757650468;4.175814819860163;15.986413365614622
Fidelity (MSE);Tolerancja_0.01;368;2190;0.009990084727598573;0.09995041134281826;1.3375174951182665;1.6697940224029022
Fidelity (MSE);Tolerancja_0.1;368;328;0.09991263795455381;0.3160896043126914;3.264565405005065;5.280663928582772
Fidelity (MSE);Tolerancja_1.0;368;38;0.9344887233030685;0.9666895692532679;4.162681385998347;16.14973307835542
Fidelity (MSE);Tolerancja_0.01;369;2862;0.009996347466528329;0.09998173566471193;0.7149743622732148;1.6811985936921263
Fidelity (MSE);Tolerancja_0.1;369;622;0.0998481829209695;0.31598763096198795;3.2491157225080327;5.313350056043273
Fidelity (MSE);Tolerancja_1.0;369;62;0.9973087283794652;0.9986534576015171;4.251768169592293;16.79241490801627
Fidelity (MSE);Tolerancja_0.01;370;2327;0.009995615022329304;0.09997807270761576;1.0456207669329523;1.72208596559664
Fidelity (MSE);Tolerancja_0.1;370;382;0.09996734096647228;0.31617612333392964;3.3269630637740386;5.446018810969107
Fidelity (MSE);Tolerancja_1.0;370;40;0.989944598114653;0.9949595962222049;3.8315766985342483;17.13781742923557
Fidelity (MSE);Tolerancja_0.01;371;1444;0.009992793159696431;0.09996395930382325;1.924567934100901;1.966715912990753
Fidelity (MSE);Tolerancja_0.1;371;165;0.09984889458349178;0.3159887570523543;3.290176786258731;6.216841761261307
Fidelity (MSE);Tolerancja_1.0;371;18;0.9732953186963483;0.9865573063417797;3.885285794911148;19.409774952615972
Fidelity (MSE);Tolerancja_0.01;372;1920;0.009993347576204653;0.0999667323473397;1.5859226633707801;1.7152527411129006
Fidelity (MSE);Tolerancja_0.1;372;254;0.09945722066820936;0.31536838882203994;3.696808516321706;5.4111651014844675
Fidelity (MSE);Tolerancja_1.0;372;28;0.9403245771926948;0.9697033449425112;3.7411424072725206;16.63839840938098
Fidelity (MSE);Tolerancja_0.01;373;2522;0.009997508585887766;0.09998754215344913;0.9900308412262078;1.7358439987012635
Fidelity (MSE);Tolerancja_0.1;373;464;0.09974818954559049;0.315829367769355;3.7292757766985543;5.482988188815456
Fidelity (MSE);Tolerancja_1.0;373;48;0.9752819278496004;0.987563632304066;4.763104839296895;17.14469990511213
Fidelity (MSE);Tolerancja_0.01;374;2036;0.009990087912742746;0.09995042727643913;1.6396997282827064;1.5669747063670703
Fidelity (MSE);Tolerancja_0.1;374;292;0.09975927931172289;0.3158469238598389;4.0375985766564035;4.951696098340539
Fidelity (MSE);Tolerancja_1.0;374;30;0.9632239435479163;0.9814397299620167;4.545733753461958;15.386539853609293
Fidelity (MSE);Tolerancja_0.01;375;2035;0.009993888975896797;0.09996944020998015;1.1214419018713464;1.9445360958046645
Fidelity (MSE);Tolerancja_0.1;375;292;0.09957614083091355;0.31555687416203365;2.97185918097546;6.137993078669921
Fidelity (MSE);Tolerancja_1.0;375;32;0.9589200588633219;0.9792446368825932;3.782988546306114;19.047586332800492
Fidelity (MSE);Tolerancja_0.01;376;1503;0.009995662883554107;0.09997831206593812;2.1232630132355874;1.6190397030359314
Fidelity (MSE);Tolerancja_0.1;376;181;0.09992054096195321;0.31610210527921706;3.544477708438407;5.118928776500685
Fidelity (MSE);Tolerancja_1.0;376;22;0.9391052527265976;0.969074430952854;3.761123138631972;15.693103298991975
Fidelity (MSE);Tolerancja_0.01;377;2767;0.00998822075765512;0.09994108643423444;0.7830515891523331;1.5077859882203073
Fidelity (MSE);Tolerancja_0.1;377;573;0.09999569872096918;0.31622096502441005;3.1609611929529895;4.770746019046532
Fidelity (MSE);Tolerancja_1.0;377;55;0.9990255467527724;0.9995126546236283;4.130013154958331;15.079395566528037
Fidelity (MSE);Tolerancja_0.01;378;2252;0.009991874853762218;0.09995936601320668;1.2101836725725121;1.4331664003581404
Fidelity (MSE);Tolerancja_0.1;378;364;0.09979533438980537;0.3159039955268141;3.545652799929624;4.529270344392756
Fidelity (MSE);Tolerancja_1.0;378;38;0.9954079056881184;0.9977013108581738;4.239944438969153;14.304532464984737
Fidelity (MSE);Tolerancja_0.01;379;2039;0.0099966598298528;0.09998329775443897;1.2106756763187192;1.7386416170522623
Fidelity (MSE);Tolerancja_0.1;379;294;0.09985189081119804;0.3159934980520929;3.1380797286241258;5.494912238048279
Fidelity (MSE);Tolerancja_1.0;379;32;0.9794541636955942;0.989673766296548;4.035406369645447;17.20975438931888
Fidelity (MSE);Tolerancja_0.01;380;2472;0.009990666630430233;0.09995332225809321;0.9686464078682651;1.551917490206807
Fidelity (MSE);Tolerancja_0.1;380;439;0.09995375369231183;0.3161546357280118;3.5608023513728453;4.908750381796697
Fidelity (MSE);Tolerancja_1.0;380;43;0.9987285657509402;0.9993640806787786;4.273488396197058;15.51654873346908
Fidelity (MSE);Tolerancja_0.01;381;2064;0.009999317163937304;0.09999658576140139;1.488349045534214;1.5170379236373333
Fidelity (MSE);Tolerancja_0.1;381;294;0.09978124310914042;0.3158816916333399;3.5799451013118846;4.792208673343155
Fidelity (MSE);Tolerancja_1.0;381;30;0.9452534973183163;0.9722414809697827;4.303865347644015;14.749775568175508
Fidelity (MSE);Tolerancja_0.01;382;1730;0.009995871450686946;0.09997935512237988;1.8911824514372533;1.3920450716777955
Fidelity (MSE);Tolerancja_0.1;382;217;0.09985147251096359;0.3159928361703214;3.6183450693469332;4.39967100945944
Fidelity (MSE);Tolerancja_1.0;382;24;0.9472599859157464;0.9732728219341925;3.8836503444895847;13.55119397912739
Fidelity (MSE);Tolerancja_0.01;383;1868;0.009994755159573022;0.0999737723584192;1.7702843341303147;1.5820690682632268
Fidelity (MSE);Tolerancja_0.1;383;244;0.09968646499827183;0.3157316344591904;3.9726570816488387;4.996402966162669
Fidelity (MSE);Tolerancja_1.0;383;28;0.9478831182308862;0.9735928914237646;4.353431875608372;15.406952866401285
Fidelity (MSE);Tolerancja_0.01;384;2051;0.009997109497812335;0.09998554644453535;1.6723351640097341;1.748335733814647
Fidelity (MSE);Tolerancja_0.1;384;292;0.09983380677547087;0.3159648821870413;4.009287036945764;5.5249254897514355
Fidelity (MSE);Tolerancja_1.0;384;28;0.9728001860160386;0.9863063347743634;4.6867893734458175;17.24643881933815
Fidelity (MSE);Tolerancja_0.01;385;2237;0.009986727765034804;0.09993361679152218;1.3165400228840323;1.5964608069218074
Fidelity (MSE);Tolerancja_0.1;385;344;0.09993401604934324;0.3161234190143831;3.9435467382945038;5.050138930320361
Fidelity (MSE);Tolerancja_1.0;385;32;0.9637686384479639;0.9817171886281527;4.1839533017913055;15.68314112353099
Fidelity (MSE);Tolerancja_0.01;386;2150;0.00999268302352641;0.09996340842291448;1.5467044073810747;1.4174763782430988
Fidelity (MSE);Tolerancja_0.1;386;318;0.09962755000616344;0.3156383215108131;4.025197836209237;4.4757363906303045
Fidelity (MSE);Tolerancja_1.0;386;36;0.9629252705787988;0.9812875575379517;4.419803017528462;13.914610906315056
Fidelity (MSE);Tolerancja_0.01;387;2029;0.009999671248694662;0.0999983562299634;1.5007611308928057;1.6594321027527805
Fidelity (MSE);Tolerancja_0.1;387;284;0.09998085302234079;0.316197490537703;3.617147082201953;5.247168917471765
Fidelity (MSE);Tolerancja_1.0;387;30;0.96783102735455;0.9837840349154635;3.9847318862356227;16.32549645076281
Fidelity (MSE);Tolerancja_0.01;388;2088;0.009989938034477218;0.0999496775106214;1.5157817302372916;1.6520009704376792
Fidelity (MSE);Tolerancja_0.1;388;308;0.09959826678587103;0.3155919307996816;3.8892400750242677;5.216206684488517
Fidelity (MSE);Tolerancja_1.0;388;34;0.9781294122371571;0.9890042528913398;4.508735219392697;16.346585864370216
Fidelity (MSE);Tolerancja_0.01;389;1997;0.009998275627888204;0.09999137776772657;1.5387169395437987;1.7791838301403093
Fidelity (MSE);Tolerancja_0.1;389;284;0.09959465926451139;0.3155862152637713;3.5965227034202187;5.6153430800481186
Fidelity (MSE);Tolerancja_1.0;389;29;0.9852790353510497;0.9926122280886175;4.332813527007239;17.661919109837722
Fidelity (MSE);Tolerancja_0.01;390;1784;0.009995817739676812;0.09997908651151406;1.5300279806269796;1.7015616677427743
Fidelity (MSE);Tolerancja_0.1;390;228;0.09957487231625738;0.3155548641936254;3.1294844262340726;5.370483765320398
Fidelity (MSE);Tolerancja_1.0;390;24;0.997440870359224;0.9987196154873619;4.082390171671605;16.99738489149317
Fidelity (MSE);Tolerancja_0.01;391;2482;0.009992906897131636;0.09996452819441322;1.0250454151176016;1.5749180932808022
Fidelity (MSE);Tolerancja_0.1;391;442;0.09991586225990265;0.31609470457428207;3.6943281594504063;4.979999189873724
Fidelity (MSE);Tolerancja_1.0;391;44;0.9799862302529806;0.9899425388642417;4.167564736186678;15.596316452707084
Fidelity (MSE);Tolerancja_0.01;392;2162;0.009986628279426998;0.09993311903181547;1.481602211346221;1.603534518895045
Fidelity (MSE);Tolerancja_0.1;392;326;0.09976652263114424;0.31585839015474043;4.035157829864431;5.068288037067022
Fidelity (MSE);Tolerancja_1.0;392;34;0.9772314134084776;0.9885501572547939;4.444982854201637;15.862351902701233
Fidelity (MSE);Tolerancja_0.01;393;2111;0.009998212812264904;0.09999106366203384;1.512275006893823;1.4848330813674993
Fidelity (MSE);Tolerancja_0.1;393;314;0.09981681520832965;0.31593799266363903;3.843533609819327;4.6915710863263325
Fidelity (MSE);Tolerancja_1.0;393;26;0.9691589201942916;0.9844586940010697;5.090828619150168;14.618874752981101
Fidelity (MSE);Tolerancja_0.01;394;2520;0.009993709143935714;0.0999685407712632;1.107334529108272;1.6441837438351363
Fidelity (MSE);Tolerancja_0.1;394;462;0.0998471595499862;0.3159860116365694;3.869857415134444;5.197025580286289
Fidelity (MSE);Tolerancja_1.0;394;48;0.971779940995168;0.9857889941540066;5.088123717934289;16.213282964169522
Fidelity (MSE);Tolerancja_0.01;395;1698;0.009994658105610605;0.09997328696012053;1.9499628646186222;1.4799256139496313
Fidelity (MSE);Tolerancja_0.1;395;218;0.0993920042824624;0.31526497471565473;3.8870308376351184;4.666933792513946
Fidelity (MSE);Tolerancja_1.0;395;22;0.949874616845031;0.9746151121571177;4.503692257012945;14.427432688084663
Fidelity (MSE);Tolerancja_0.01;396;1876;0.00999131248246249;0.09995655297409216;1.6482186115890674;1.643191687456377
Fidelity (MSE);Tolerancja_0.1;396;241;0.09982236308718499;0.3159467725538354;3.66580967338948;5.193867684429803
Fidelity (MSE);Tolerancja_1.0;396;24;0.9815184114847026;0.9907161104396671;4.24586742861541;16.28644074716664
Fidelity (MSE);Tolerancja_0.01;397;1694;0.009991602714095731;0.09995800475247459;1.626813010851829;1.5143176478590032
Fidelity (MSE);Tolerancja_0.1;397;205;0.09977748000636023;0.3158757350705499;3.2544972944204624;4.785371630138776
Fidelity (MSE);Tolerancja_1.0;397;26;0.950925496294101;0.9751540884876098;3.5672123483881477;14.773134470174487
Fidelity (MSE);Tolerancja_0.01;398;2295;0.009998103162478778;0.09999051536260216;1.1222811795228784;1.6602466035072272
Fidelity (MSE);Tolerancja_0.1;398;348;0.09958105911824008;0.31556466709414743;3.133941546974297;5.23964862897285
Fidelity (MSE);Tolerancja_1.0;398;38;0.9695380842907636;0.9846512500833803;3.8806778633262233;16.34918959725156
Fidelity (MSE);Tolerancja_0.01;399;2370;0.009996079072036245;0.09998039343809488;1.0503805881400994;1.5526761535579756
Fidelity (MSE);Tolerancja_0.1;399;390;0.09980017641618281;0.3159116591963374;3.425078681450005;4.906046905774547
Fidelity (MSE);Tolerancja_1.0;399;45;0.9914255296576437;0.9957035350231733;4.49326640185971;15.463083127404412
Fidelity (MSE);Tolerancja_0.01;400;2047;0.009995835135520775;0.09997917350889021;1.611615010975667;1.886432167058281
Fidelity (MSE);Tolerancja_0.1;400;285;0.09997232959579419;0.3161840122393828;3.970314886384455;5.965839388989182
Fidelity (MSE);Tolerancja_1.0;400;29;0.9809013427245172;0.990404635855728;4.394555113265143;18.6872035235994
Fidelity (MSE);Tolerancja_0.01;401;1821;0.009999703337585517;0.09999851667692634;1.8636553606460753;1.4120962655001663
Fidelity (MSE);Tolerancja_0.1;401;228;0.0994747916871231;0.3153962455184321;3.8982943759551154;4.453764668212485
Fidelity (MSE);Tolerancja_1.0;401;24;0.9645399675598494;0.9821099569599371;4.6273321728862555;13.868543740645848
Fidelity (MSE);Tolerancja_0.01;402;1350;0.009991064442902845;0.09995531222953008;1.5723450703217274;1.7739371739898522
Fidelity (MSE);Tolerancja_0.1;402;153;0.09988556094603601;0.3160467701876354;2.5683214291028973;5.608977670619899
Fidelity (MSE);Tolerancja_1.0;402;20;0.9353920327288286;0.9671566743443529;3.0451920831819743;17.164422174502285
Fidelity (MSE);Tolerancja_0.01;403;1390;0.009994609816531025;0.09997304544991627;2.311449672476974;1.5026149030881442
Fidelity (MSE);Tolerancja_0.1;403;158;0.0994290485453791;0.31532372023902533;3.647672872662664;4.739378691486616
Fidelity (MSE);Tolerancja_1.0;403;13;0.9665075431707406;0.9831111550433861;4.073807417265016;14.776357630321927
Fidelity (MSE);Tolerancja_0.01;404;2194;0.009990606220981225;0.0999530200693367;1.5371530980848185;1.5465061002315053
Fidelity (MSE);Tolerancja_0.1;404;334;0.09954398988554022;0.3155059268627774;4.107566888759589;4.8816117833558765
Fidelity (MSE);Tolerancja_1.0;404;35;0.9955870522909114;0.9977910864960217;4.708953082061138;15.43815285373357
Fidelity (MSE);Tolerancja_0.01;405;1548;0.009987459515528442;0.09993727790733767;1.8016871135278185;1.4111396332844186
Fidelity (MSE);Tolerancja_0.1;405;178;0.0995515772404072;0.31551795074196204;3.278707626871733;4.455193243481098
Fidelity (MSE);Tolerancja_1.0;405;22;0.9623804162396996;0.9810098960967212;3.72195615929284;13.852107782141928
Fidelity (MSE);Tolerancja_0.01;406;1600;0.009986770787458103;0.09993383204630003;1.8000002551014216;1.8021531573673824
Fidelity (MSE);Tolerancja_0.1;406;191;0.09977783987004496;0.31587630469860345;3.2639457378347725;5.696343952730529
Fidelity (MSE);Tolerancja_1.0;406;16;0.9355514554600352;0.9672390890881298;4.402381464708871;17.442671241924636
Fidelity (MSE);Tolerancja_0.01;407;2464;0.00998579977156455;0.09992897363409949;1.0737826166239628;1.5686971345087082
Fidelity (MSE);Tolerancja_0.1;407;436;0.09974645384715132;0.3158266199153443;3.5441333564577002;4.957884541843329
Fidelity (MSE);Tolerancja_1.0;407;48;0.9719879181161527;0.9858944761566284;4.688809605360516;15.476690927876394
Fidelity (MSE);Tolerancja_0.01;408;1552;0.00999190936614512;0.0999595386451194;1.9903751887332897;1.7477169406056925
Fidelity (MSE);Tolerancja_0.1;408;183;0.09994662327693554;0.3161433587424154;3.710165571152155;5.5275275498791006
Fidelity (MSE);Tolerancja_1.0;408;19;0.9931543661414602;0.9965713050963589;4.060410851537421;17.4242956304748
Fidelity (MSE);Tolerancja_0.01;409;2310;0.009993394372947316;0.09996696640864579;1.2094475620409706;1.4569782541831282
Fidelity (MSE);Tolerancja_0.1;409;366;0.09990580449009166;0.3160787947491759;3.3974235555424555;4.606721070993036
Fidelity (MSE);Tolerancja_1.0;409;37;0.9977962583296268;0.9988975214353206;3.8384829119557224;14.558528873822235
Fidelity (MSE);Tolerancja_0.01;410;2916;0.009997701063438752;0.09998850465647914;0.7499202338061735;1.5503706989906063
Fidelity (MSE);Tolerancja_0.1;410;664;0.0997844105967122;0.3158867053180811;3.036160012247535;4.897977960650483
Fidelity (MSE);Tolerancja_1.0;410;76;0.9911014465024491;0.9955407809338848;4.652622519837494;15.43634702521883
Fidelity (MSE);Tolerancja_0.01;411;2348;0.009996482657563692;0.0999824117410842;1.2893546178919575;1.6712475490443812
Fidelity (MSE);Tolerancja_0.1;411;380;0.09966928982891718;0.3157044342877008;3.9182118047778287;5.27713077568178
Fidelity (MSE);Tolerancja_1.0;411;39;0.9962201416194439;0.9981082815102998;4.888891773601011;16.683794580537683
Fidelity (MSE);Tolerancja_0.01;412;2105;0.009998089854866892;0.0999904488182091;1.5314102967614636;1.4384903595307683
Fidelity (MSE);Tolerancja_0.1;412;326;0.09962983810295771;0.3156419460448147;3.8676910629676255;4.540912675314554
Fidelity (MSE);Tolerancja_1.0;412;28;0.9833598403293293;0.9916450172966783;4.442652809413486;14.266080553868074
Fidelity (MSE);Tolerancja_0.01;413;2251;0.009991194017001092;0.09995596038756814;1.2089889130983762;1.54792074697534
Fidelity (MSE);Tolerancja_0.1;413;342;0.09969578891915773;0.31574639969310453;3.469280505652341;4.889657414851993
Fidelity (MSE);Tolerancja_1.0;413;36;0.9962036529847673;0.9981000215332967;4.072740247223446;15.456604337524608
Fidelity (MSE);Tolerancja_0.01;414;1968;0.009998327827446937;0.09999163878768533;1.4970256584077837;1.6864027337577445
Fidelity (MSE);Tolerancja_0.1;414;262;0.09965151484288133;0.3156762817236691;3.475204879359524;5.324018597311349
Fidelity (MSE);Tolerancja_1.0;414;24;0.9965118481876462;0.9982544005350771;3.852715115080609;16.835997193951204
Fidelity (MSE);Tolerancja_0.01;415;2258;0.009991062592234121;0.09995530297204906;1.1359543932116178;1.5357208251968892
Fidelity (MSE);Tolerancja_0.1;415;332;0.09985136913242552;0.31599267259293456;3.2088839882639393;4.854935290889887
Fidelity (MSE);Tolerancja_1.0;415;36;0.9512538983671539;0.9753224586602904;3.73298797359839;14.984927927892757
Fidelity (MSE);Tolerancja_0.01;416;2221;0.009985932704021797;0.09992963876659315;1.4687341977216732;1.6355106118952376
Fidelity (MSE);Tolerancja_0.1;416;335;0.09985490880349286;0.3159982734185313;3.817505381127617;5.171824254500909
Fidelity (MSE);Tolerancja_1.0;416;38;0.9818045570816742;0.9908605134334874;4.370219497312785;16.217039355196714
Fidelity (MSE);Tolerancja_0.01;417;2325;0.009999864439253731;0.09999932219397155;1.365166476139916;1.496125179059757
Fidelity (MSE);Tolerancja_0.1;417;377;0.09988370118887391;0.3160438279556712;4.159725830274522;4.728443336583084
Fidelity (MSE);Tolerancja_1.0;417;34;0.9437853723325963;0.9714861668251361;4.685755426453944;14.534747670349269
Fidelity (MSE);Tolerancja_0.01;418;2291;0.009997138799858243;0.09998569297583651;1.2357298211292989;1.6975520113159448
Fidelity (MSE);Tolerancja_0.1;418;375;0.09993116221262877;0.31611890518067526;3.6066141678235026;5.3670506982847686
Fidelity (MSE);Tolerancja_1.0;418;34;0.9640632084688917;0.9818672051091694;4.470153347765058;16.67009148279888
Fidelity (MSE);Tolerancja_0.01;419;2547;0.009989986798884099;0.0999499214551172;0.9644416574533228;1.5333129514289767
Fidelity (MSE);Tolerancja_0.1;419;440;0.09972031062219701;0.31578522863205144;3.6786642227108017;4.844401815252204
Fidelity (MSE);Tolerancja_1.0;419;39;0.9958340756023583;0.9979148639049116;4.157619258198252;15.308824288931419
Fidelity (MSE);Tolerancja_0.01;420;1879;0.00999822042428344;0.09999110172552075;1.7062955904655173;1.984451033329758
Fidelity (MSE);Tolerancja_0.1;420;248;0.09981069244701349;0.31592830270017513;3.659749078878828;6.270000389359286
Fidelity (MSE);Tolerancja_1.0;420;26;0.9749450125096024;0.98739303851587;4.5492731651142115;19.596075068401024
Fidelity (MSE);Tolerancja_0.01;421;1576;0.00998746116401106;0.09993728615492348;2.1922602090794294;1.7930213059494837
Fidelity (MSE);Tolerancja_0.1;421;188;0.0993820442755252;0.3152491780727195;3.919324364302059;5.6560320448485735
Fidelity (MSE);Tolerancja_1.0;421;21;0.9945943082227797;0.9972934915173064;4.372272052320594;17.89290611517357
Fidelity (MSE);Tolerancja_0.01;422;1579;0.009996094943335917;0.09998047281012386;1.8296029738131514;1.6154196277521153
Fidelity (MSE);Tolerancja_0.1;422;186;0.09926964659719638;0.3150708596446145;3.2032044353420606;5.090710580747569
Fidelity (MSE);Tolerancja_1.0;422;22;0.9885911624250772;0.9942792175365415;3.500524179638349;16.064918661916007
Fidelity (MSE);Tolerancja_0.01;423;2344;0.0099947509892968;0.09997375150156565;1.1599516887717647;1.803202292060886
Fidelity (MSE);Tolerancja_0.1;423;376;0.09974023872510802;0.31581678030957766;3.6054252143495003;5.696310617258382
Fidelity (MSE);Tolerancja_1.0;423;38;0.9847105701533349;0.9923258387008447;4.270957566635413;17.898340313743066
Fidelity (MSE);Tolerancja_0.01;424;2618;0.009996908588331509;0.09998454174686959;0.8922262125067841;2.014164959038475
Fidelity (MSE);Tolerancja_0.1;424;497;0.09992800959778943;0.3161139187030356;3.0329203028220824;6.368040168928673
Fidelity (MSE);Tolerancja_1.0;424;50;0.9774817917855712;0.9886767883315413;4.326455372807606;19.916660196469188
Fidelity (MSE);Tolerancja_0.01;425;2220;0.009987219976659117;0.09993607945411465;1.1977979220906598;1.5841341451751618
Fidelity (MSE);Tolerancja_0.1;425;338;0.09996469269376627;0.3161719353354536;3.134192474706873;5.011791149371366
Fidelity (MSE);Tolerancja_1.0;425;34;0.97847986713068;0.9891814126492067;4.138827365359672;15.679983246387922
Fidelity (MSE);Tolerancja_0.01;426;1774;0.00998952547547755;0.09994761365574242;1.6940867133087754;1.7000894888248055
Fidelity (MSE);Tolerancja_0.1;426;230;0.09944504557765463;0.3153490852652892;3.3953296577474816;5.364026669177338
Fidelity (MSE);Tolerancja_1.0;426;25;0.9992651506049961;0.9996325077772311;3.5844764702829597;17.00355473231461
Fidelity (MSE);Tolerancja_0.01;427;2188;0.00999091439694182;0.09995456166149606;1.4154286789396213;1.5561219308927237
Fidelity (MSE);Tolerancja_0.1;427;336;0.0995678271342372;0.31554370083117994;3.751251259040113;4.912476878057296
Fidelity (MSE);Tolerancja_1.0;427;32;0.9696911440803875;0.9847289698594164;4.156941702286359;15.330549406770338
Fidelity (MSE);Tolerancja_0.01;428;2373;0.009999189576563608;0.09999594780071644;1.0531331557183012;1.733010447161212
Fidelity (MSE);Tolerancja_0.1;428;377;0.09998268600497502;0.31620038900193503;3.2505626877906755;5.480007836206203
Fidelity (MSE);Tolerancja_1.0;428;36;0.966591602699115;0.9831539059064532;4.195584700892828;17.03885034920412
Fidelity (MSE);Tolerancja_0.01;429;2310;0.009989647558546241;0.09994822438916182;1.21920795959866;1.6502796642864817
Fidelity (MSE);Tolerancja_0.1;429;374;0.09976637126415086;0.31585815054253524;3.7027146660686925;5.21524305034085
Fidelity (MSE);Tolerancja_1.0;429;40;0.970341904245158;0.9850593404689679;4.117567045167123;16.26465510144341
Fidelity (MSE);Tolerancja_0.01;430;2318;0.009989512501166021;0.09994754875016205;1.1377028353664809;1.5894385232076302
Fidelity (MSE);Tolerancja_0.1;430;356;0.09966175108911057;0.31569249450867626;3.4816148574575703;5.02037137012617
Fidelity (MSE);Tolerancja_1.0;430;38;0.9885053446578353;0.9942360608315489;4.55992263856902;15.811064063192509
Fidelity (MSE);Tolerancja_0.01;431;2023;0.009997594918699353;0.0999879738703578;1.5682669704380425;1.577773390701427
Fidelity (MSE);Tolerancja_0.1;431;288;0.09950132606795264;0.31543830786376065;3.7151593753487475;4.9775002861906215
Fidelity (MSE);Tolerancja_1.0;431;28;0.9736124470987783;0.9867180180268212;4.055561831843104;15.570046803697663
Fidelity (MSE);Tolerancja_0.01;432;2500;0.009993530840345478;0.09996764896878128;1.004360259901377;1.4237397398470937
Fidelity (MSE);Tolerancja_0.1;432;448;0.09988501462975359;0.31604590588987796;3.7406665110525097;4.501127319418238
Fidelity (MSE);Tolerancja_1.0;432;46;0.9819211289564924;0.9909193352420228;4.153229827594019;14.11267796252278
Fidelity (MSE);Tolerancja_0.01;433;2532;0.009993485675086887;0.09996742306915232;0.8651619126912617;1.5635519306442474
Fidelity (MSE);Tolerancja_0.1;433;450;0.09976661604235484;0.3158585380235191;3.233475286567038;4.940221641959449
Fidelity (MSE);Tolerancja_1.0;433;50;0.9973371943831466;0.998667709692842;3.9369678419603122;15.61977669947707
Fidelity (MSE);Tolerancja_0.01;434;2224;0.009989350284388535;0.09994673723733324;1.433932512096784;1.4148544748109444
Fidelity (MSE);Tolerancja_0.1;434;314;0.09962057979097531;0.3156272798586575;4.138549980664446;4.468046497806245
Fidelity (MSE);Tolerancja_1.0;434;34;0.9864329068358256;0.9931932877520999;4.714304720261798;14.05972827498522
Fidelity (MSE);Tolerancja_0.01;435;1774;0.009997351549666193;0.09998675687142869;1.4531909237275826;1.6242428725928209
Fidelity (MSE);Tolerancja_0.1;435;239;0.0999717631617372;0.31618311650329656;3.2376661063882883;5.136261935918583
Fidelity (MSE);Tolerancja_1.0;435;26;0.9979054012983983;0.9989521516561233;3.4838859489808858;16.22755816027836
Fidelity (MSE);Tolerancja_0.01;436;2066;0.009998802708963077;0.09999401336561643;1.6720913179484889;1.5719734191244703
Fidelity (MSE);Tolerancja_0.1;436;294;0.0997870092147191;0.31589081850335426;3.950786771485361;4.966016997608526
Fidelity (MSE);Tolerancja_1.0;436;35;0.9879995916040907;0.9939816857488324;4.7152267733290625;15.62606336621925
Fidelity (MSE);Tolerancja_0.01;437;2086;0.009992006296314911;0.09996002349096818;1.3558910645321458;1.9992138127907468
Fidelity (MSE);Tolerancja_0.1;437;293;0.09988043268235804;0.31603865694303607;3.447413712120606;6.32081532467269
Fidelity (MSE);Tolerancja_1.0;437;31;0.9963595734321403;0.9981781271056486;4.489003241329736;19.963695781999476
Fidelity (MSE);Tolerancja_0.01;438;2062;0.009995257096087161;0.09997628266787659;1.2049190849756095;1.708133716011545
Fidelity (MSE);Tolerancja_0.1;438;280;0.09966379677934371;0.3156957344965936;3.779022897643892;5.393784542740629
Fidelity (MSE);Tolerancja_1.0;438;22;0.9945703111834675;0.9972814603628544;4.784495469408709;17.038942050466655
Fidelity (MSE);Tolerancja_0.01;439;1992;0.009991487314830984;0.09995742751207128;1.5600068787275845;1.6527653959908517
Fidelity (MSE);Tolerancja_0.1;439;272;0.09959324887156576;0.31558398069541765;3.6331660593769506;5.218084296531565
Fidelity (MSE);Tolerancja_1.0;439;26;0.9757368713250675;0.987793941733329;3.958516304437766;16.3328697616702
Fidelity (MSE);Tolerancja_0.01;440;1960;0.009992053367211803;0.0999602589392995;1.8648037194878935;1.682724399266907
Fidelity (MSE);Tolerancja_0.1;440;268;0.09991580974366648;0.3160946215038568;4.089362251551271;5.321115988750812
Fidelity (MSE);Tolerancja_1.0;440;24;0.9898156734436725;0.9948948052149396;4.557395928062968;16.747993464639656
Fidelity (MSE);Tolerancja_0.01;441;2493;0.00999729231023271;0.09998646063459148;1.231652575422995;1.7785437589911683
Fidelity (MSE);Tolerancja_0.1;441;428;0.09978817959906885;0.31589267101195756;3.898449330502708;5.619050169128562
Fidelity (MSE);Tolerancja_1.0;441;42;0.9616174125278824;0.9806209321281503;5.305601945325058;17.443134077387676
Fidelity (MSE);Tolerancja_0.01;442;2116;0.009995662589538863;0.09997831059554299;1.6617605799916704;1.7051035701356725
Fidelity (MSE);Tolerancja_0.1;442;292;0.09945443069877631;0.315363965441165;4.125078121005018;5.378448787169695
Fidelity (MSE);Tolerancja_1.0;442;30;0.9814941244957437;0.9907038530740373;4.75478033786087;16.896191451538833
Fidelity (MSE);Tolerancja_0.01;443;2459;0.009985691795393825;0.09992843336805508;1.2026161444686565;1.5539328831260724
Fidelity (MSE);Tolerancja_0.1;443;419;0.09996412416317896;0.3161710362496523;3.6431285966640754;4.916604347341251
Fidelity (MSE);Tolerancja_1.0;443;37;0.9988679691460355;0.9994338242955536;4.526295157944206;15.541653478756354
Fidelity (MSE);Tolerancja_0.01;444;1884;0.009997856128416598;0.09998928006749823;1.8342529731828017;1.5366831026864691
Fidelity (MSE);Tolerancja_0.1;444;250;0.09991445143738735;0.3160924729211174;3.7764372965411166;4.857860379596337
Fidelity (MSE);Tolerancja_1.0;444;29;0.9998989668256941;0.9999494821368198;4.139987124289042;15.367702134693277
Fidelity (MSE);Tolerancja_0.01;445;1974;0.009993606831093356;0.09996802904475688;1.5560255189723513;1.7439674389696447
Fidelity (MSE);Tolerancja_0.1;445;268;0.09998032633782451;0.3161966576955305;3.8088318149184968;5.516130312873838
Fidelity (MSE);Tolerancja_1.0;445;30;0.9966207662814796;0.998308953321305;4.444534101152579;17.4157510682215
Fidelity (MSE);Tolerancja_0.01;446;1212;0.009994628906078998;0.099973140923345;1.5913263587885358;1.5627061819704788
Fidelity (MSE);Tolerancja_0.1;446;138;0.09973868438700574;0.3158143194774514;2.665734150821508;4.936575812703797
Fidelity (MSE);Tolerancja_1.0;446;15;0.9819723604006176;0.9909451853662833;2.9725810757231055;15.489722067981615
Fidelity (MSE);Tolerancja_0.01;447;1860;0.00999037524217138;0.09995186462578565;1.5078898067906645;1.6495999942826616
Fidelity (MSE);Tolerancja_0.1;447;254;0.0993164708555774;0.3151451583882853;3.378066229567985;5.201138102044063
Fidelity (MSE);Tolerancja_1.0;447;27;0.9956597386216963;0.9978275094532604;3.788212711726826;16.468089515406003
Fidelity (MSE);Tolerancja_0.01;448;2144;0.009995664357076809;0.09997831943514958;1.3938147917099677;1.7065687244837158
Fidelity (MSE);Tolerancja_0.1;448;303;0.09993026627612522;0.31611748808967405;3.594786591817071;5.395932052909927
Fidelity (MSE);Tolerancja_1.0;448;32;0.9688760181357308;0.9843149994466867;4.432446416224073;16.80165462458604
Fidelity (MSE);Tolerancja_0.01;449;2016;0.009998238598004857;0.099991192602173;1.6319687964994072;1.6350187637364295
Fidelity (MSE);Tolerancja_0.1;449;282;0.09948002188889508;0.31540453688698755;3.999560192307963;5.157377590540074
Fidelity (MSE);Tolerancja_1.0;449;28;0.9768554118934666;0.9883599606891543;4.181446555674047;16.16129419999986
Fidelity (MSE);Tolerancja_0.01;450;2134;0.009997764477475352;0.0999888217626118;1.5185809096487306;1.5471792476281392
Fidelity (MSE);Tolerancja_0.1;450;322;0.09994060031873235;0.31613383292322944;3.866282123992474;4.891703863989865
Fidelity (MSE);Tolerancja_1.0;450;32;0.9713547076977337;0.985573288851587;4.328451869094479;15.250290108908654
Fidelity (MSE);Tolerancja_0.01;451;2501;0.009994725958761302;0.09997362631595046;1.0957340053597122;1.7887154249783301
Fidelity (MSE);Tolerancja_0.1;451;454;0.09979366624387384;0.31590135524222407;3.6613847162079436;5.652066927206902
Fidelity (MSE);Tolerancja_1.0;451;47;0.9917786125045229;0.9958808224403776;4.536419406518348;17.8181731940937
Fidelity (MSE);Tolerancja_0.01;452;1636;0.009993313141118648;0.09996656011446352;1.9145806230659277;1.7278502652218968
Fidelity (MSE);Tolerancja_0.1;452;202;0.09950841658879993;0.3154495468197726;3.5332431067211347;5.452319080626358
Fidelity (MSE);Tolerancja_1.0;452;22;0.9614204175776504;0.9805204829974998;3.946867356789755;16.94759302173498
Fidelity (MSE);Tolerancja_0.01;453;2504;0.009985800489639202;0.09992897722702461;0.9609330712432689;1.5744846252349347
Fidelity (MSE);Tolerancja_0.1;453;458;0.09999512949335215;0.3162200649758838;3.373087685510387;4.982374925785534
Fidelity (MSE);Tolerancja_1.0;453;48;0.9891634611540856;0.9945669716786726;4.049790198843446;15.67043363324899
Fidelity (MSE);Tolerancja_0.01;454;2282;0.009989273871275533;0.09994635496743007;1.3239615632616601;1.5710226205998052
Fidelity (MSE);Tolerancja_0.1;454;364;0.09968269059651527;0.3157256571717213;3.8096968841220695;4.962783780180387
Fidelity (MSE);Tolerancja_1.0;454;38;0.9804843068811521;0.9901940753615688;4.184222262170526;15.564522504936457
Fidelity (MSE);Tolerancja_0.01;455;2177;0.00999810461854517;0.09999052264362443;1.4521020605369444;1.673315545273868
Fidelity (MSE);Tolerancja_0.1;455;317;0.0999053542147661;0.31607808246502334;3.676723026487261;5.289484992433957
Fidelity (MSE);Tolerancja_1.0;455;32;0.964682649510886;0.9821825947912567;4.1722798126220955;16.436571794101194
Fidelity (MSE);Tolerancja_0.01;456;1255;0.00999872581957138;0.099993628894902;1.69941234639224;1.7086033643139882
Fidelity (MSE);Tolerancja_0.1;456;139;0.09973506671752591;0.31580859189946986;2.585601516756503;5.396260027384682
Fidelity (MSE);Tolerancja_1.0;456;18;0.9216238332220186;0.960012413056216;2.9600648980423987;16.403849493801776
Fidelity (MSE);Tolerancja_0.01;457;2466;0.009992254274846853;0.09996126387179612;0.9591869404212903;1.594201478896835
Fidelity (MSE);Tolerancja_0.1;457;427;0.0999552580562777;0.316157014877541;3.254246313633613;5.042132933891327
Fidelity (MSE);Tolerancja_1.0;457;44;0.9879101391985677;0.9939366877213899;4.053467653241052;15.8514936298473
Fidelity (MSE);Tolerancja_0.01;458;1822;0.009998080614855494;0.09999040261372835;1.407811580807131;1.8674341606284814
Fidelity (MSE);Tolerancja_0.1;458;232;0.09954135755715864;0.3155017552362564;2.8074383413733304;5.892353066548596
Fidelity (MSE);Tolerancja_1.0;458;25;0.9757040845661866;0.987777345643332;3.400892301465227;18.447862096077074
Fidelity (MSE);Tolerancja_0.01;459;1291;0.0099964272189938;0.09998213449908838;1.8422218869193259;1.4958760185239723
Fidelity (MSE);Tolerancja_0.1;459;141;0.09996874658146628;0.3161783461615711;2.9095835501706873;4.730481180155017
Fidelity (MSE);Tolerancja_1.0;459;17;0.9960820176785946;0.9980390862479258;4.3655295669270044;14.932095040254048
Fidelity (MSE);Tolerancja_0.01;460;1494;0.009988243547864149;0.09994120045238675;1.444123454152142;1.5106231886388046
Fidelity (MSE);Tolerancja_0.1;460;177;0.09998452245612535;0.31620329292422833;2.6728026413220825;4.779450561461416
Fidelity (MSE);Tolerancja_1.0;460;23;0.979893785439941;0.9898958457534515;2.968445946981727;14.96239400931344
Fidelity (MSE);Tolerancja_0.01;461;1593;0.009996417194449998;0.09998208436740054;1.4430134795859635;1.6084934075748438
Fidelity (MSE);Tolerancja_0.1;461;188;0.09989733533016079;0.3160653972363327;2.713813902572676;5.084802052625812
Fidelity (MSE);Tolerancja_1.0;461;22;0.9324565242620417;0.9656378846451923;2.9950092932910217;15.535004909967071
Fidelity (MSE);Tolerancja_0.01;462;1668;0.009994686510674835;0.09997342902329016;2.0126750700917144;1.7267050029192492
Fidelity (MSE);Tolerancja_0.1;462;196;0.09995533502355652;0.3161571366007045;3.631995715765698;5.460552016775215
Fidelity (MSE);Tolerancja_1.0;462;23;0.9845826194545975;0.992261366503099;3.8149132960980996;17.13798038622088
Fidelity (MSE);Tolerancja_0.01;463;1961;0.009996795302722074;0.09998397522964404;1.5985136848328514;1.9147344284081576
Fidelity (MSE);Tolerancja_0.1;463;280;0.09992644950773973;0.31611145108606825;3.6599201435465782;6.053664871979415
Fidelity (MSE);Tolerancja_1.0;463;28;0.965618127269445;0.9826587033499703;4.029674701740218;18.818320099371842
Fidelity (MSE);Tolerancja_0.01;464;2151;0.009995571511641474;0.09997785510622577;1.5812809154115968;1.5314176618493676
Fidelity (MSE);Tolerancja_0.1;464;330;0.09973717765803088;0.31581193400191654;4.045838394022349;4.837470988345146
Fidelity (MSE);Tolerancja_1.0;464;36;0.9738146838520563;0.986820492213278;4.382527706774437;15.115690662143374
Fidelity (MSE);Tolerancja_0.01;465;2000;0.009999431934837261;0.0999971596338479;1.4183796520348042;1.5221506153219162
Fidelity (MSE);Tolerancja_0.1;465;278;0.09943847658125471;0.31533866965733004;3.2826180452529456;4.80006583998239
Fidelity (MSE);Tolerancja_1.0;465;30;0.9594605397515694;0.9795205662728932;4.295417473490787;14.910201831053582
Fidelity (MSE);Tolerancja_0.01;466;1444;0.009987093939342634;0.09993544886246639;1.845885959447239;1.6042143402847275
Fidelity (MSE);Tolerancja_0.1;466;162;0.09979941321637462;0.3159104512617058;3.2044364851939315;5.071154249352521
Fidelity (MSE);Tolerancja_1.0;466;20;0.9297224988688962;0.9642211877307489;3.4966922897545376;15.478165897796767
Fidelity (MSE);Tolerancja_0.01;467;1524;0.009998540172954932;0.09999270059836834;1.72364823481007;1.5622756263196447
Fidelity (MSE);Tolerancja_0.1;467;180;0.0997997208251497;0.3159109381220436;3.1228551347737517;4.9357598680947685
Fidelity (MSE);Tolerancja_1.0;467;18;0.9899578323255872;0.9949662468272917;3.447641589331591;15.54524987451312
Fidelity (MSE);Tolerancja_0.01;468;2532;0.00999096917401687;0.09995483567100127;1.1361807324241906;1.6114063032926735
Fidelity (MSE);Tolerancja_0.1;468;454;0.09971276918454447;0.31577328763615276;3.7638939323288136;5.090689836989752
Fidelity (MSE);Tolerancja_1.0;468;48;0.9788193868249521;0.9893530142598;5.1421553530311925;15.949700408765406
Fidelity (MSE);Tolerancja_0.01;469;2482;0.009993099719983082;0.09996549264612806;1.3699501374605934;1.4038525708508125
Fidelity (MSE);Tolerancja_0.1;469;434;0.09966489923212624;0.3156974805603083;3.922585821343051;4.433457065675546
Fidelity (MSE);Tolerancja_1.0;469;46;0.9968353699417865;0.9984164311257034;4.588340272721541;14.021133058156355
Fidelity (MSE);Tolerancja_0.01;470;2021;0.009998946500516309;0.09999473236384158;1.4127505284562556;1.7452771061476178
Fidelity (MSE);Tolerancja_0.1;470;282;0.09978995655037717;0.31589548358654507;3.347412553662889;5.513541987721632
Fidelity (MSE);Tolerancja_1.0;470;26;0.9615680213092126;0.9805957481598687;3.94749098581016;17.115014653191526
Fidelity (MSE);Tolerancja_0.01;471;1164;0.00998890974667375;0.09994453335062278;2.3087102010893084;1.759464821532238
Fidelity (MSE);Tolerancja_0.1;471;128;0.09884731419036401;0.314399927147517;3.2915456744770384;5.534826099669889
Fidelity (MSE);Tolerancja_1.0;471;14;0.956996282135533;0.9782618678735939;3.834467300733597;17.221725741934048
Fidelity (MSE);Tolerancja_0.01;472;1170;0.009994993288352256;0.09997496330758145;2.2528916559685657;1.7906668036710638
Fidelity (MSE);Tolerancja_0.1;472;134;0.09927202464463784;0.31507463345156467;3.2661877974476523;5.643349776131007
Fidelity (MSE);Tolerancja_1.0;472;14;0.9813341544147265;0.9906231142138399;3.586911370037834;17.743201566521133
Fidelity (MSE);Tolerancja_0.01;473;2078;0.009997196608970216;0.0999859820623382;1.5374300251564548;1.5307766236807947
Fidelity (MSE);Tolerancja_0.1;473;284;0.09972917246605342;0.31579925976172496;3.76507869984121;4.83485899370925
Fidelity (MSE);Tolerancja_1.0;473;30;0.9671534248668162;0.9834395888242532;4.613909716711302;15.056373926855388
Fidelity (MSE);Tolerancja_0.01;474;1862;0.009999192507116809;0.09999596245407516;1.6157872542808076;1.8924068883659815
Fidelity (MSE);Tolerancja_0.1;474;243;0.09991778615739325;0.31609774778918187;3.5109922682246015;5.982097083049202
Fidelity (MSE);Tolerancja_1.0;474;26;0.9619693637334276;0.9808003689504953;3.8335954448007934;18.561483171545515
Fidelity (MSE);Tolerancja_0.01;475;1538;0.009990853266342695;0.0999542558690859;1.7490556973646507;1.8497271928371992
Fidelity (MSE);Tolerancja_0.1;475;187;0.09991782929379722;0.316097816021872;3.2519678670181653;5.849623118178227
Fidelity (MSE);Tolerancja_1.0;475;20;0.9683778228228086;0.9840618998939084;3.647051682594124;18.2107909247291
Fidelity (MSE);Tolerancja_0.01;476;1414;0.009986297871576299;0.09993146587324885;1.9016630414978302;1.7395263144765902
Fidelity (MSE);Tolerancja_0.1;476;174;0.09956732220443282;0.3155429007352769;3.077362342765939;5.49271617681959
Fidelity (MSE);Tolerancja_1.0;476;16;0.972932775973553;0.9863735478881989;3.896814493120624;17.169994730503337
Fidelity (MSE);Tolerancja_0.01;477;1926;0.009989147612620434;0.09994572333331944;1.4639942125227856;1.8494994181764324
Fidelity (MSE);Tolerancja_0.1;477;248;0.09959757860192352;0.31559084049117064;3.2779449633596762;5.840020527177925
Fidelity (MSE);Tolerancja_1.0;477;30;0.9716720305015064;0.9857342595758283;4.157572746330531;18.241050029544276
Fidelity (MSE);Tolerancja_0.01;478;1697;0.009996029467967963;0.09998014536880792;1.634712059015615;1.6561756731415744
Fidelity (MSE);Tolerancja_0.1;478;217;0.09978038896963952;0.3158803396377171;3.3515857118516577;5.232572249238799
Fidelity (MSE);Tolerancja_1.0;478;21;0.9866204403960084;0.9932876926631118;3.843345882893048;16.45385598261793
Fidelity (MSE);Tolerancja_0.01;479;1820;0.009993132390494791;0.09996565605494115;1.6868777955868883;1.4936678472070613
Fidelity (MSE);Tolerancja_0.1;479;244;0.09972436526423455;0.31579164850298774;3.6377602440215684;4.718498836502278
Fidelity (MSE);Tolerancja_1.0;479;24;0.9843961847287271;0.9921674176915543;4.133389696609401;14.824777121833153
Fidelity (MSE);Tolerancja_0.01;480;2552;0.009997455505832024;0.09998727671975081;1.036128753120605;1.5540181486758884
Fidelity (MSE);Tolerancja_0.1;480;465;0.09995935883721808;0.31616350016600286;3.6553977122814656;4.913863376677083
Fidelity (MSE);Tolerancja_1.0;480;47;0.9988239672492711;0.9994118106412747;4.720793804218735;15.533017226688617
Fidelity (MSE);Tolerancja_0.01;481;2113;0.00999139388497213;0.09995696016272268;1.4937639738706148;1.6022758984250318
Fidelity (MSE);Tolerancja_0.1;481;293;0.0999520791125584;0.316151987361393;3.904662537170224;5.0678082723172855
Fidelity (MSE);Tolerancja_1.0;481;30;0.9907299577499223;0.9953541870861459;4.564315482454799;15.955187330309975
Fidelity (MSE);Tolerancja_0.01;482;1838;0.009992142555302615;0.09996070505604998;1.5346760748288903;1.6499267892776246
Fidelity (MSE);Tolerancja_0.1;482;258;0.09989808963536408;0.3160665905080195;3.3759024719671573;5.216917333490337
Fidelity (MSE);Tolerancja_1.0;482;29;0.9854109410144863;0.9926786695675929;3.946100852887641;16.384909741739705
Fidelity (MSE);Tolerancja_0.01;483;1849;0.00999679787558182;0.09998398809600376;1.4677104309169486;1.6292322121415923
Fidelity (MSE);Tolerancja_0.1;483;249;0.09980529867787839;0.31591976620319023;3.196548533402858;5.147890870848855
Fidelity (MSE);Tolerancja_1.0;483;26;0.9802679840396104;0.9900848367890553;3.934837005420671;16.133364347307456
Fidelity (MSE);Tolerancja_0.01;484;2238;0.009988450639550587;0.09994223651465174;1.4350663233017311;1.6690994902913485
Fidelity (MSE);Tolerancja_0.1;484;331;0.09996085006985934;0.31616585848231515;3.862184559989858;5.280172744213055
Fidelity (MSE);Tolerancja_1.0;484;38;0.9567883127707937;0.9781555667534657;4.400871778746925;16.33582572123555
Fidelity (MSE);Tolerancja_0.01;485;2588;0.009994849562799536;0.09997424449726808;1.1320378394672992;1.5705026007058764
Fidelity (MSE);Tolerancja_0.1;485;478;0.09966805048200883;0.31570247145375474;3.7888749118450034;4.959392841232655
Fidelity (MSE);Tolerancja_1.0;485;52;0.9805304907896725;0.9902173957216024;4.239763909358787;15.555396322974687
Fidelity (MSE);Tolerancja_0.01;486;1640;0.009995143973013262;0.09997571691672565;1.571399996249828;1.816260895610527
Fidelity (MSE);Tolerancja_0.1;486;200;0.09948966247688877;0.3154198194103991;2.9670703075517366;5.730238315498393
Fidelity (MSE);Tolerancja_1.0;486;18;0.9501846899239219;0.9747741738084374;3.4023583251997422;17.708742368049318
Fidelity (MSE);Tolerancja_0.01;487;1780;0.009998683359856878;0.09999341658257746;1.8816806986633496;1.6572157011036304
Fidelity (MSE);Tolerancja_0.1;487;224;0.09959626139880255;0.31558875360000166;3.7215587422672254;5.2303307100797
Fidelity (MSE);Tolerancja_1.0;487;23;0.9941452950089872;0.9970683502192752;4.323497806676393;16.52466113798914
Fidelity (MSE);Tolerancja_0.01;488;1799;0.009997604888907743;0.09998802372738319;1.5253058402868782;1.4635823822063443
Fidelity (MSE);Tolerancja_0.1;488;225;0.09996215427184946;0.3161679210037752;3.310469904001101;4.627932243781363
Fidelity (MSE);Tolerancja_1.0;488;25;0.9815011530471791;0.9907074003191755;4.313924444086842;14.501555716132176
Fidelity (MSE);Tolerancja_0.01;489;1814;0.009999110120481375;0.09999555050341678;1.8789270094089234;1.3875270725546023
Fidelity (MSE);Tolerancja_0.1;489;242;0.09950099810103204;0.31543778800427835;3.829178293696174;4.37697945917824
Fidelity (MSE);Tolerancja_1.0;489;24;0.9437061116144203;0.9714453724293612;4.2413594851821355;13.479667314872875
Fidelity (MSE);Tolerancja_0.01;490;2468;0.009989459543991051;0.09994728382497971;1.0487210064268115;1.6361714267379392
Fidelity (MSE);Tolerancja_0.1;490;434;0.0999347457857528;0.31612457320770365;3.587450970806834;5.175068037645851
Fidelity (MSE);Tolerancja_1.0;490;48;0.9885349269303279;0.9942509376059586;4.272741363894706;16.276229957053616
Fidelity (MSE);Tolerancja_0.01;491;2454;0.009995847972742382;0.09997923770834814;1.0205775729591249;1.5552982812446245
Fidelity (MSE);Tolerancja_0.1;491;417;0.09999354883403408;0.3162175656633168;3.1641657632503075;4.919147691545663
Fidelity (MSE);Tolerancja_1.0;491;36;0.9655304982941479;0.9826141146422374;3.806911654509743;15.285754109147131
Fidelity (MSE);Tolerancja_0.01;492;1817;0.009998634839128532;0.09999317396266873;1.8656354001378075;1.986353779923902
Fidelity (MSE);Tolerancja_0.1;492;224;0.0997978132445638;0.3159079189329761;3.8289537172626895;6.275477255224263
Fidelity (MSE);Tolerancja_1.0;492;22;0.976683560271291;0.9882730190950733;3.9881647431592606;19.631938554217616
Fidelity (MSE);Tolerancja_0.01;493;2020;0.009994038348334903;0.09997018729768842;1.4784053888553057;1.4308139756852956
Fidelity (MSE);Tolerancja_0.1;493;276;0.09993430786910465;0.31612388057390517;3.6657290782028937;4.524493537519576
Fidelity (MSE);Tolerancja_1.0;493;31;0.9992794467546336;0.999639658454302;4.2694233048456605;14.307249317304855
Fidelity (MSE);Tolerancja_0.01;494;2375;0.009987977856583287;0.09993987120555684;1.058548104507987;1.4948768996788897
Fidelity (MSE);Tolerancja_0.1;494;400;0.09978844799913976;0.31589309583962066;3.4275107592197225;4.725054035415269
Fidelity (MSE);Tolerancja_1.0;494;34;0.9769323600150405;0.9883988870972288;3.8076900562388847;14.78423622290817
Fidelity (MSE);Tolerancja_0.01;495;1902;0.009990169004166417;0.09995083293383011;1.8980655795003827;1.6308509430435225
Fidelity (MSE);Tolerancja_0.1;495;233;0.0999695664144333;0.3161796426312632;3.8806363143851517;5.158955190475772
Fidelity (MSE);Tolerancja_1.0;495;23;0.9863090413579554;0.993130928608084;4.95843939935073;16.204452368680407
Fidelity (MSE);Tolerancja_0.01;496;2625;0.009998694272913247;0.09999347115143692;1.0956076311857403;1.5268259175485113
Fidelity (MSE);Tolerancja_0.1;496;490;0.09972078717124125;0.3157859831772798;3.92734657856074;4.821817044268899
Fidelity (MSE);Tolerancja_1.0;496;49;0.9987321773181677;0.9993658876098221;5.0008523251376715;15.259573657620967
Fidelity (MSE);Tolerancja_0.01;497;1338;0.009994121194153412;0.09997060164945198;2.3773119789524575;1.4316310671678119
Fidelity (MSE);Tolerancja_0.1;497;149;0.09985712904073323;0.31600178645180665;3.653031957921922;4.525310114180101
Fidelity (MSE);Tolerancja_1.0;497;16;0.9971277476347663;0.9985628411045377;3.9761757687150463;14.29993980487811
Fidelity (MSE);Tolerancja_0.01;498;995;0.009996399143999869;0.09998199409893697;2.2706677310193584;1.7826730291154125
Fidelity (MSE);Tolerancja_0.1;498;110;0.09874885955165251;0.3142433126601941;3.0324626667476267;5.602939640360362
Fidelity (MSE);Tolerancja_1.0;498;12;0.8767580065626862;0.936353569204863;3.592522679910389;16.695128643720544
Fidelity (MSE);Tolerancja_0.01;499;1962;0.009989118749432903;0.09994557893890506;1.334938535789357;1.5339732005320617
Fidelity (MSE);Tolerancja_0.1;499;282;0.09993055650883408;0.3161179471476336;3.1642287834995653;4.8518049950773845
Fidelity (MSE);Tolerancja_1.0;499;25;0.9791720225705122;0.9895312135402865;3.855956905311505;15.187408775616195
Fidelity (MSE);Tolerancja_0.01;500;1650;0.009991138534257713;0.0999556828512402;2.351955553072301;1.5595020498496621
Fidelity (MSE);Tolerancja_0.1;500;201;0.09997531132706332;0.3161887273877159;4.310841563862467;4.933155919052189
Fidelity (MSE);Tolerancja_1.0;500;22;0.9688205403730857;0.9842868181445313;4.4472873735483835;15.356778791865889
Fidelity (MSE);Tolerancja_0.01;501;1815;0.009999804764918;0.09999902381982537;1.5893750931302133;1.4304675383218044
Fidelity (MSE);Tolerancja_0.1;501;241;0.09990840616995601;0.31608291027823066;3.3454620042135783;4.521507563773356
Fidelity (MSE);Tolerancja_1.0;501;24;0.9561344586982843;0.9778212815736239;3.915930489785544;13.987552559427938
Fidelity (MSE);Tolerancja_0.01;502;2824;0.009985941584698302;0.09992968320123057;0.7299705027286816;1.5677227935276032
Fidelity (MSE);Tolerancja_0.1;502;625;0.09993213446105269;0.31612044296605163;3.625750011590908;4.959379516293903
Fidelity (MSE);Tolerancja_1.0;502;64;0.9930959317300767;0.9965419869378694;4.689532573035035;15.634009211094407
Fidelity (MSE);Tolerancja_0.01;503;2476;0.009991571171817497;0.09995784697469978;1.1066407119843795;1.6542512087298185
Fidelity (MSE);Tolerancja_0.1;503;448;0.09978487275574503;0.3158874368437989;3.7656211756059417;5.227775407704433
Fidelity (MSE);Tolerancja_1.0;503;48;0.9745642366137487;0.9872002008780938;4.292219621889952;16.33765807274993
Fidelity (MSE);Tolerancja_0.01;504;1300;0.009989058674796969;0.09994527840171825;2.039380053778298;1.9860376697557038
Fidelity (MSE);Tolerancja_0.1;504;140;0.09902328623751284;0.3146796565358378;3.2505671069082704;6.253078302248404
Fidelity (MSE);Tolerancja_1.0;504;16;0.9588112509023445;0.9791890782184739;3.505360487649186;19.457711522286584
Fidelity (MSE);Tolerancja_0.01;505;1460;0.009998992924545803;0.09999496449594751;2.1144667368708885;1.70268749061873
Fidelity (MSE);Tolerancja_0.1;505;176;0.09982581154037982;0.31595222983922716;3.6026025942347206;5.379950001403802
Fidelity (MSE);Tolerancja_1.0;505;18;0.9274309327900675;0.9630321556365953;4.470915879109748;16.398253779393805
Fidelity (MSE);Tolerancja_0.01;506;2144;0.009997057781102344;0.099985287823271;1.1610181392700207;1.7995877631318034
Fidelity (MSE);Tolerancja_0.1;506;306;0.09974396995048337;0.315822687517036;3.4562990317524944;5.684342728298642
Fidelity (MSE);Tolerancja_1.0;506;28;0.9730736847856977;0.9864449730145608;3.6454557590886116;17.754555105923487
Fidelity (MSE);Tolerancja_0.01;507;1442;0.0099923307953393;0.0999616466217884;2.2780016086337485;1.507916314504938
Fidelity (MSE);Tolerancja_0.1;507;166;0.099556280104466;0.3155254032632967;3.863783581683556;4.759684532024993
Fidelity (MSE);Tolerancja_1.0;507;17;0.982410131284958;0.9911660462732559;3.9192078972112148;14.951688993416653
Fidelity (MSE);Tolerancja_0.01;508;2230;0.009999940710747425;0.09999970355329772;1.4315502064622585;1.4405585802339396
Fidelity (MSE);Tolerancja_0.1;508;332;0.09979351345382245;0.31590111341022914;3.6402261403164493;4.550754084846018
Fidelity (MSE);Tolerancja_1.0;508;32;0.961738555575619;0.9806826987235061;4.9820920631493815;14.127350641396319
Fidelity (MSE);Tolerancja_0.01;509;1888;0.009989877477404863;0.0999493745723547;1.4245141902386447;1.6039956317537831
Fidelity (MSE);Tolerancja_0.1;509;243;0.09989073259658549;0.31605495186214927;3.242249893582844;5.072075381662854
Fidelity (MSE);Tolerancja_1.0;509;24;0.9803879141116597;0.9901454004900794;3.526121951040615;15.889933318566952
Fidelity (MSE);Tolerancja_0.01;510;2303;0.009995243862460168;0.09997621648402268;1.1951636218274135;1.716750018115111
Fidelity (MSE);Tolerancja_0.1;510;370;0.09964155404491634;0.31566050441085647;3.4561192126705116;5.420390926197594
Fidelity (MSE);Tolerancja_1.0;510;33;0.9908593256996224;0.9954191708519695;4.65133560185103;17.09292409425542
Fidelity (MSE);Tolerancja_0.01;511;1730;0.009999317820412069;0.09999658904388724;2.0444426465980636;1.740582552970232
Fidelity (MSE);Tolerancja_0.1;511;220;0.09976505482916011;0.315856066633459;4.023552058451413;5.497923120064758
Fidelity (MSE);Tolerancja_1.0;511;24;0.9595711066492136;0.9795770039405853;4.202375631217814;17.05092802317004
Fidelity (MSE);Tolerancja_0.01;512;1889;0.009998123433689918;0.09999061672822064;1.9029957328824996;1.4898682167432387
Fidelity (MSE);Tolerancja_0.1;512;262;0.09950354708612733;0.3154418283711393;4.052985064934078;4.700108567176144
Fidelity (MSE);Tolerancja_1.0;512;28;0.9724101941435472;0.9861086117378487;4.331638393817684;14.693097482119743
Fidelity (MSE);Tolerancja_0.01;513;2490;0.009995696547527558;0.09997848042217664;0.956149341021284;1.626516775589297
Fidelity (MSE);Tolerancja_0.1;513;426;0.0999641857495783;0.31617113364375676;3.349671872920557;5.143683427244673
Fidelity (MSE);Tolerancja_1.0;513;43;0.9928928772202631;0.9964401021738652;4.700326429784335;16.21075390635968
Fidelity (MSE);Tolerancja_0.01;514;2226;0.009996099743410527;0.09998049681518155;1.3134693723137758;1.904135706672016
Fidelity (MSE);Tolerancja_0.1;514;338;0.09983814384194481;0.31597174532218036;3.7918350642300176;6.017704469698955
Fidelity (MSE);Tolerancja_1.0;514;38;0.9569648733268056;0.9782458143671281;4.119631916440738;18.630761442226092
Fidelity (MSE);Tolerancja_0.01;515;1858;0.009994671718117673;0.09997335504081911;1.7654560601194578;1.6597277242301063
Fidelity (MSE);Tolerancja_0.1;515;244;0.09990159955435418;0.3160721429584616;3.833032119552376;5.2473351355547555
Fidelity (MSE);Tolerancja_1.0;515;20;0.9875865973306867;0.9937739166081422;4.02921727542606;16.49833718532127
Fidelity (MSE);Tolerancja_0.01;516;1476;0.009991254190045646;0.09995626138489597;1.9179626996473318;1.4606827511977718
Fidelity (MSE);Tolerancja_0.1;516;172;0.09904089913759906;0.3147076407359679;3.307921943191008;4.598891716478658
Fidelity (MSE);Tolerancja_1.0;516;22;0.9217623321832749;0.9600845442893428;3.8961484342533055;14.029925830608592
Fidelity (MSE);Tolerancja_0.01;517;1427;0.009999216529076985;0.09999608256865358;1.7660437099653326;1.836021624603018
Fidelity (MSE);Tolerancja_0.1;517;161;0.09981547391852898;0.31593586994598916;3.0498132603687136;5.800878137504554
Fidelity (MSE);Tolerancja_1.0;517;16;0.9836193758309478;0.9917758697563416;3.6863047420555386;18.20993279793668
Fidelity (MSE);Tolerancja_0.01;518;2212;0.00999631166942788;0.09998155664635293;1.2034461497668545;1.6551032392338734
Fidelity (MSE);Tolerancja_0.1;518;352;0.09999884124731002;0.3162259338626578;3.5484978220120977;5.234831153080806
Fidelity (MSE);Tolerancja_1.0;518;38;0.9807497681530102;0.9903281113615882;4.054518213398932;16.393976249205746
Fidelity (MSE);Tolerancja_0.01;519;2385;0.009997839685249466;0.09998919784281433;1.175533798639087;1.6424784562395556
Fidelity (MSE);Tolerancja_0.1;519;392;0.09981263815248796;0.3159313820317443;3.5403711577542705;5.189665482194083
Fidelity (MSE);Tolerancja_1.0;519;42;0.9707218742868161;0.9852521881664694;4.450204889622512;16.184303184132425
Fidelity (MSE);Tolerancja_0.01;520;2548;0.009985972913009317;0.09992983995288553;1.0391700505170487;1.461168460951237
Fidelity (MSE);Tolerancja_0.1;520;470;0.09993734342781413;0.31612868175446235;3.69915272173876;4.622415682838017
Fidelity (MSE);Tolerancja_1.0;520;42;0.9864119397721329;0.9931827323167338;4.3681369567454045;14.52226166985552
Fidelity (MSE);Tolerancja_0.01;521;1354;0.00998888491533202;0.09994440912493315;1.56374577508634;1.4653565027762292
Fidelity (MSE);Tolerancja_0.1;521;154;0.099884168035264;0.31604456653336727;2.756656874139784;4.633755552627808
Fidelity (MSE);Tolerancja_1.0;521;18;0.9469541288705648;0.9731156811348612;3.3521542905087056;14.267545366364606
Fidelity (MSE);Tolerancja_0.01;522;2352;0.009986582904185123;0.09993289200350965;1.2221733407666386;1.6421889334229611
Fidelity (MSE);Tolerancja_0.1;522;390;0.09989788001008516;0.31606625889215884;3.928206584936437;5.193890641760582
Fidelity (MSE);Tolerancja_1.0;522;44;0.9725591677042558;0.9861841449264208;5.072400931601147;16.205882334101535
Fidelity (MSE);Tolerancja_0.01;523;1710;0.009987383439189972;0.0999368972861874;1.8311466298619403;1.8353463515505648
Fidelity (MSE);Tolerancja_0.1;523;204;0.09989930580529885;0.3160685144162557;3.527740718247851;5.80461481721485
Fidelity (MSE);Tolerancja_1.0;523;23;0.9790764036023176;0.9894828970741827;4.087797461312353;18.171905216010593
Fidelity (MSE);Tolerancja_0.01;524;2481;0.009991994018919856;0.09995996207942386;1.0690022899167966;1.7270788441885967
Fidelity (MSE);Tolerancja_0.1;524;426;0.09970002553881377;0.31575310851805366;3.360877312956312;5.455489401596818
Fidelity (MSE);Tolerancja_1.0;524;43;0.9893937843682241;0.9946827556403218;3.888629464108253;17.185836290940667
Fidelity (MSE);Tolerancja_0.01;525;2484;0.009990857053965643;0.0999542748158659;1.1969964579151817;1.5549887826178586
Fidelity (MSE);Tolerancja_0.1;525;436;0.09990423971524524;0.3160763194471317;3.8340086625400334;4.91719971053617
Fidelity (MSE);Tolerancja_1.0;525;46;0.9763465451821678;0.9881024973059059;4.489239337007988;15.371911828862443
Fidelity (MSE);Tolerancja_0.01;526;1959;0.009999181769464693;0.09999590876363239;1.7029117611909639;1.6489743671994888
Fidelity (MSE);Tolerancja_0.1;526;274;0.09980800261609721;0.3159240456440396;3.78126477453283;5.209719674435797
Fidelity (MSE);Tolerancja_1.0;526;26;0.9821678772964036;0.9910438321771664;4.468594480890896;16.34272737991902
Fidelity (MSE);Tolerancja_0.01;527;1711;0.00999680403558244;0.09998401890093456;1.9620236585929085;1.6561318891278758
Fidelity (MSE);Tolerancja_0.1;527;212;0.09946566496171053;0.3153817765212672;3.771005952215778;5.223973021770478
Fidelity (MSE);Tolerancja_1.0;527;22;0.9976346155422109;0.9988166075622746;4.066709862221489;16.544364322996262
Fidelity (MSE);Tolerancja_0.01;528;1485;0.009998106816868002;0.0999905336362798;1.6522409193127894;1.8001541150769451
Fidelity (MSE);Tolerancja_0.1;528;170;0.09958327275396725;0.3155681744947789;2.643386822020439;5.68125128695164
Fidelity (MSE);Tolerancja_1.0;528;20;0.9237025236255114;0.9610944405340774;3.260347679982938;17.302819068836843
Fidelity (MSE);Tolerancja_0.01;529;2087;0.009999796902709192;0.09999898450838984;1.6620134586205229;1.5916880027429345
Fidelity (MSE);Tolerancja_0.1;529;294;0.09955606729805601;0.3155250660376383;4.232979450660423;5.022225622047645
Fidelity (MSE);Tolerancja_1.0;529;30;0.9967690474072027;0.9983832167094971;5.165542177093853;15.891307256655995
Fidelity (MSE);Tolerancja_0.01;530;2358;0.009988551092126536;0.09994273906656019;1.0207099709648624;1.647987578321523
Fidelity (MSE);Tolerancja_0.1;530;383;0.09988037109816428;0.3160385595115955;3.24388494039257;5.211260219703147
Fidelity (MSE);Tolerancja_1.0;530;39;0.9999834318618436;0.9999917158966086;4.015402615757375;16.489181121246972
Fidelity (MSE);Tolerancja_0.01;531;2320;0.009989996867247768;0.09994997182214595;1.2778508709872396;1.7433000028491716
Fidelity (MSE);Tolerancja_0.1;531;378;0.09984943910334873;0.31598961866388703;3.8687946019774495;5.51140428630924
Fidelity (MSE);Tolerancja_1.0;531;39;0.9927831092042779;0.9963850205639775;4.74881983743008;17.37867432598102
Fidelity (MSE);Tolerancja_0.01;532;936;0.009989602498452025;0.09994799897172542;2.0256924243981524;1.8832110572282272
Fidelity (MSE);Tolerancja_0.1;532;97;0.09985605664835821;0.3160000896334655;2.7326224406815474;5.954044793344999
Fidelity (MSE);Tolerancja_1.0;532;11;0.9884606791604658;0.9942135983582531;3.0779106508567624;18.73288170786281
Fidelity (MSE);Tolerancja_0.01;533;2173;0.009999361963830123;0.09999680976826272;1.334961894132232;1.7770197773677512
Fidelity (MSE);Tolerancja_0.1;533;318;0.09991556130609101;0.31609422852385494;3.561522183653965;5.617236158837614
Fidelity (MSE);Tolerancja_1.0;533;32;0.9655682275116231;0.9826333128444319;4.720372741471301;17.46214539115376
Fidelity (MSE);Tolerancja_0.01;534;1714;0.00999199134018044;0.09995994868036118;1.9900746086772196;1.8373537800618949
Fidelity (MSE);Tolerancja_0.1;534;198;0.09979721958078333;0.31590697931635403;3.803223415788747;5.8066544676895555
Fidelity (MSE);Tolerancja_1.0;534;22;0.9725329127196825;0.9861708334359126;5.1072250208874115;18.12670707139179
Fidelity (MSE);Tolerancja_0.01;535;1835;0.009996272468139226;0.09998136060356064;1.5157533171025817;1.6378887946576481
Fidelity (MSE);Tolerancja_0.1;535;230;0.09979660923399411;0.31590601329191903;3.2666955123642962;5.175153810793183
Fidelity (MSE);Tolerancja_1.0;535;24;0.9517923757608074;0.9755984705609206;4.056321365713928;15.982197015230101
Fidelity (MSE);Tolerancja_0.01;536;2070;0.0099885623870405;0.09994279557347042;1.4910336425659079;1.3719911962405726
Fidelity (MSE);Tolerancja_0.1;536;284;0.09968251023455273;0.3157253715407628;3.669593943251591;4.334203658184393
Fidelity (MSE);Tolerancja_1.0;536;34;0.9589396809482096;0.9792546558215639;4.705886131773969;13.442977644918052
Fidelity (MSE);Tolerancja_0.01;537;1900;0.009986308413006505;0.09993151861653311;1.4604353646184403;1.543183293881727
Fidelity (MSE);Tolerancja_0.1;537;258;0.09982369592539424;0.31594888182330105;3.6392060881063637;4.879011576130145
Fidelity (MSE);Tolerancja_1.0;537;27;0.9925146270309492;0.9962502833279141;3.948026250944128;15.384503458373548
Fidelity (MSE);Tolerancja_0.01;538;2193;0.009995842766267462;0.0999792116705641;1.2611288929422342;1.5803134898348496
Fidelity (MSE);Tolerancja_0.1;538;335;0.09990653706269209;0.31607995359195445;3.2565498735321308;4.996092749497077
Fidelity (MSE);Tolerancja_1.0;538;36;0.9703602823553381;0.9850686688527547;3.7503369388520396;15.570409886118311
Fidelity (MSE);Tolerancja_0.01;539;2582;0.009994295484762333;0.09997147335496429;1.0439497198632477;1.7389707687773328
Fidelity (MSE);Tolerancja_0.1;539;462;0.09979826646383415;0.31590863626028676;3.6121979580742707;5.4951264158164
Fidelity (MSE);Tolerancja_1.0;539;48;0.9794638603020307;0.9896786651747277;4.74651664733601;17.215133592266497
Fidelity (MSE);Tolerancja_0.01;540;1732;0.00999631813126567;0.09998158896149666;1.582432135510838;1.6152893661828007
Fidelity (MSE);Tolerancja_0.1;540;225;0.09984998323284794;0.3159904796553971;2.9864618000248706;5.105100518045667
Fidelity (MSE);Tolerancja_1.0;540;22;0.9901078858745092;0.9950416503214874;4.493372032130692;16.0757616814057
Fidelity (MSE);Tolerancja_0.01;541;2076;0.009991615669598957;0.09995806955718461;1.673683078612981;1.7530092891030178
Fidelity (MSE);Tolerancja_0.1;541;282;0.09966632754348433;0.3156997427041782;3.782579512861954;5.5365673224736565
Fidelity (MSE);Tolerancja_1.0;541;26;0.9909730582749618;0.9954762971939422;4.348973414281251;17.458112224391463
Fidelity (MSE);Tolerancja_0.01;542;1655;0.009998481044859153;0.09999240493587076;1.7871901918127802;1.4912711687366649
Fidelity (MSE);Tolerancja_0.1;542;208;0.0995413191568334;0.3155016943802892;3.2612030166292127;4.705343179000865
Fidelity (MSE);Tolerancja_1.0;542;24;0.9493877599362406;0.9743653113366878;3.9404979419213477;14.531532645358642
Fidelity (MSE);Tolerancja_0.01;543;1082;0.009985661920519518;0.09992828388659299;1.9745033037516109;1.7500832644531208
Fidelity (MSE);Tolerancja_0.1;543;118;0.09981459960996784;0.31593448626252857;2.8680485125230852;5.533084684003342
Fidelity (MSE);Tolerancja_1.0;543;14;0.915422157052341;0.9567769630652386;2.980864181946199;16.756410555144228
Fidelity (MSE);Tolerancja_0.01;544;1866;0.009997881504022603;0.09998940695905044;1.4074296587233706;1.5900330193334828
Fidelity (MSE);Tolerancja_0.1;544;252;0.09946744163757205;0.315384593215287;3.163105013886308;5.015250437546222
Fidelity (MSE);Tolerancja_1.0;544;28;0.970490080138628;0.985134549256409;3.6137781274260146;15.6656240840132
Fidelity (MSE);Tolerancja_0.01;545;1552;0.009990744808857756;0.09995371333201061;1.8034257053893388;1.8201354652736856
Fidelity (MSE);Tolerancja_0.1;545;188;0.09922378042239936;0.31499806415659026;3.3142232662047224;5.736046505441347
Fidelity (MSE);Tolerancja_1.0;545;20;0.9662804377484574;0.9829956448268006;3.658006779475114;17.900137730909503
Fidelity (MSE);Tolerancja_0.01;546;1695;0.009997086360711551;0.0999854307422414;1.6723455838289931;1.789489187103869
Fidelity (MSE);Tolerancja_0.1;546;210;0.09950012037902041;0.3154363967252676;3.248012327766065;5.645522722345964
Fidelity (MSE);Tolerancja_1.0;546;21;0.9795811729890181;0.9897379314692442;4.637858759985299;17.71383403844762
Fidelity (MSE);Tolerancja_0.01;547;1581;0.00999812997384332;0.099990649432051;1.8752776609671802;1.4562339839644642
Fidelity (MSE);Tolerancja_0.1;547;188;0.09946196404796721;0.31537590911159846;3.5550736604288677;4.59304064110605
Fidelity (MSE);Tolerancja_1.0;547;20;0.98665010530248;0.9933026252368812;4.076788644842962;14.466163060717255
Fidelity (MSE);Tolerancja_0.01;548;1968;0.009999059594636777;0.0999952978626334;1.1206645613241406;1.692654333650153
Fidelity (MSE);Tolerancja_0.1;548;274;0.0996040852140875;0.3156011489429142;2.786441311236785;5.342287726339324
Fidelity (MSE);Tolerancja_1.0;548;28;0.9545697547107302;0.977020856845303;3.4978320790285817;16.53836353062928
Fidelity (MSE);Tolerancja_0.01;549;2036;0.009989210465315701;0.09994603776696553;1.3903983891207465;1.6969289119765216
Fidelity (MSE);Tolerancja_0.1;549;302;0.09973203302132187;0.31580378880140414;3.6309588432993127;5.361859176231958
Fidelity (MSE);Tolerancja_1.0;549;28;0.9650807314182835;0.9823852255700325;4.4546459388706054;16.679379485310218
Fidelity (MSE);Tolerancja_0.01;550;1636;0.009987657408017497;0.09993826798587965;2.1694646202365044;1.9708544080136572
Fidelity (MSE);Tolerancja_0.1;550;200;0.09980288389456624;0.31591594435002207;4.077000554903063;6.230089274430984
Fidelity (MSE);Tolerancja_1.0;550;22;0.9766364726798027;0.9882491956383282;4.086036652138912;19.488983776614393
Fidelity (MSE);Tolerancja_0.01;551;1392;0.00999198744303824;0.09995992918684087;1.7029931224377135;1.551408092713999
Fidelity (MSE);Tolerancja_0.1;551;161;0.099955313298328;0.3161571022424263;2.5583969216104325;4.906853085811083
Fidelity (MSE);Tolerancja_1.0;551;18;0.9725508825432096;0.986179944301855;3.5307271056036442;15.305808626598644
Fidelity (MSE);Tolerancja_0.01;552;1355;0.00999635017691018;0.09998174921909589;2.04391853159185;1.7929890282435408
Fidelity (MSE);Tolerancja_0.1;552;155;0.09967374601280724;0.3157114917338411;3.2702497105253654;5.661705713196936
Fidelity (MSE);Tolerancja_1.0;552;16;0.982265663361827;0.9910931658334785;3.694115198138591;17.773435513840592
Fidelity (MSE);Tolerancja_0.01;553;1968;0.009990816708907918;0.09995407299809207;1.473338306334846;1.61969119450811
Fidelity (MSE);Tolerancja_0.1;553;274;0.09954741840595784;0.3155113601852679;3.3556967836335128;5.112657809043056
Fidelity (MSE);Tolerancja_1.0;553;32;0.9567925225511557;0.9781577186482534;3.901416552982731;15.850414057313694
Fidelity (MSE);Tolerancja_0.01;554;793;0.009994836422913177;0.0999741787808891;2.0887014912134645;2.310723764404605
Fidelity (MSE);Tolerancja_0.1;554;78;0.09961824648585094;0.3156235835387637;2.5764573754088147;7.295072827634755
Fidelity (MSE);Tolerancja_1.0;554;10;0.7886313746680823;0.8880491960854885;2.7101518052694433;20.525663790172654
Fidelity (MSE);Tolerancja_0.01;555;2122;0.009993019132818632;0.09996508957040269;1.252758709619715;1.6218738917468036
Fidelity (MSE);Tolerancja_0.1;555;305;0.09998005034962436;0.3161962212766376;3.5252722224880335;5.130094897743289
Fidelity (MSE);Tolerancja_1.0;555;32;0.9722952809473391;0.9860503440227274;4.573280549913232;15.998078086971631
Fidelity (MSE);Tolerancja_0.01;556;2182;0.009999456942101798;0.09999728467364401;1.414009421823243;1.4374016695608485
Fidelity (MSE);Tolerancja_0.1;556;334;0.0997863965038498;0.31588984868756037;4.062467163732831;4.540729254626436
Fidelity (MSE);Tolerancja_1.0;556;34;0.968890635245199;0.9843224244347982;4.113263564709677;14.149051155602763
Fidelity (MSE);Tolerancja_0.01;557;2177;0.009999932685398323;0.0999996634264252;1.3283995654168974;1.8746795248221446
Fidelity (MSE);Tolerancja_0.1;557;334;0.09974246075557493;0.31582029820069346;3.6511396771809155;5.920638392904929
Fidelity (MSE);Tolerancja_1.0;557;33;0.9873301925652226;0.9936449026514566;4.602393297005374;18.627720235429685
Fidelity (MSE);Tolerancja_0.01;558;1392;0.00999323827095694;0.09996618563772923;2.3233239463072923;1.638750300487991
Fidelity (MSE);Tolerancja_0.1;558;171;0.09982898268273956;0.3159572481883262;3.8804493519233447;5.179501769591974
Fidelity (MSE);Tolerancja_1.0;558;18;0.9802795601605939;0.990090682796578;3.9708105341020805;16.23060231409774
Fidelity (MSE);Tolerancja_0.01;559;1965;0.009995864230592554;0.09997931901444695;1.5187152454231398;1.6955364688676686
Fidelity (MSE);Tolerancja_0.1;559;274;0.09969669777036225;0.3157478389005414;3.7177918530692002;5.354727168572353
Fidelity (MSE);Tolerancja_1.0;559;30;0.9751462937683607;0.9874949588571886;4.254478950566085;16.746800559057633
Fidelity (MSE);Tolerancja_0.01;560;2824;0.009990382915418348;0.09995190301048974;0.8533458024448932;1.5237755206538326
Fidelity (MSE);Tolerancja_0.1;560;624;0.09999180371844366;0.3162148062922476;3.4467170235542834;4.82072243332728
Fidelity (MSE);Tolerancja_1.0;560;62;0.9977306562787076;0.9988646836677667;4.631638218149925;15.227779637760788
Fidelity (MSE);Tolerancja_0.01;561;1422;0.009997776289763909;0.0999888808306399;1.9167677546157922;1.889922835654478
Fidelity (MSE);Tolerancja_0.1;561;174;0.09919780908067356;0.31495683685335923;3.1889335625289865;5.953103117764501
Fidelity (MSE);Tolerancja_1.0;561;17;0.994312629696841;0.997152260036972;3.30938083206647;18.847503954568314
Fidelity (MSE);Tolerancja_0.01;562;1777;0.009989741921962492;0.09994869644954102;1.2331851352898298;1.6777216007442926
Fidelity (MSE);Tolerancja_0.1;562;219;0.09976878689787327;0.3158619744411683;2.82612865458964;5.302004690388569
Fidelity (MSE);Tolerancja_1.0;562;25;0.9854302719693964;0.9926884062833595;3.241767975386031;16.663096580462376
Fidelity (MSE);Tolerancja_0.01;563;1903;0.009997784656676096;0.09998892266984427;1.3013805631734012;1.8796788782877396
Fidelity (MSE);Tolerancja_0.1;563;248;0.09999668660439635;0.31622252703499215;3.0423266466779575;5.944626554974505
Fidelity (MSE);Tolerancja_1.0;563;30;0.954890359410843;0.977184915668904;4.432927792743054;18.369973364241325
Fidelity (MSE);Tolerancja_0.01;564;2486;0.00998990627537257;0.0999495186350218;0.8750269703208793;1.525857211703959
Fidelity (MSE);Tolerancja_0.1;564;432;0.09989705847517329;0.31606495926497974;3.0274118980633693;4.825135769012123
Fidelity (MSE);Tolerancja_1.0;564;46;0.9959553463237364;0.9979756241130022;4.2439407120386505;15.235374056359024
Fidelity (MSE);Tolerancja_0.01;565;1690;0.009997993453003694;0.09998996676168911;1.558840201989133;1.6367277905860105
Fidelity (MSE);Tolerancja_0.1;565;199;0.0999576626080048;0.31616081763559;3.019167339267524;5.175211206459093
Fidelity (MSE);Tolerancja_1.0;565;21;0.9960208462627914;0.9980084399757305;3.7081410666039547;16.33632055144884
Fidelity (MSE);Tolerancja_0.01;566;2548;0.009996229740621124;0.0999811469259136;0.9535746156497642;1.5158255817451054
Fidelity (MSE);Tolerancja_0.1;566;452;0.09971177144982109;0.3157717078045801;3.578154379882578;4.787450908481856
Fidelity (MSE);Tolerancja_1.0;566;50;0.9914110465324116;0.9956962621866227;4.366161494594365;15.095864693259244
Fidelity (MSE);Tolerancja_0.01;567;2129;0.009996221276191668;0.09998110459577683;1.5315679463189573;1.7490933060220284
Fidelity (MSE);Tolerancja_0.1;567;310;0.09977180407732263;0.3158667505093289;3.7429522272405475;5.525848320484887
Fidelity (MSE);Tolerancja_1.0;567;33;0.9974148824202461;0.9987066047745184;4.496718511035941;17.471611702566477
Fidelity (MSE);Tolerancja_0.01;568;1828;0.009999115213275062;0.09999557596851504;1.4946659863120644;1.600005284311564
Fidelity (MSE);Tolerancja_0.1;568;238;0.09985845090310169;0.3160038779874413;3.133691671495755;5.056302438840397
Fidelity (MSE);Tolerancja_1.0;568;28;0.9773304777462294;0.9886002618582647;3.5928996879103896;15.818356239510631
Fidelity (MSE);Tolerancja_0.01;569;2634;0.009998199016109478;0.099990994675068;0.8892552502969071;1.8051557305117045
Fidelity (MSE);Tolerancja_0.1;569;520;0.09980038396380925;0.3159119876861422;3.4778406246957023;5.703216942307058
Fidelity (MSE);Tolerancja_1.0;569;52;0.9723344784698035;0.9860702198473512;4.332106032522012;17.801706181928946
Fidelity (MSE);Tolerancja_0.01;570;1949;0.009996923723310246;0.09998461743343447;1.7891705841890908;1.7312713759818892
Fidelity (MSE);Tolerancja_0.1;570;258;0.09948583400353932;0.3154137504985148;3.96660102645846;5.46150809841044
Fidelity (MSE);Tolerancja_1.0;570;28;0.9273724534256875;0.9630017930542433;4.481916882171887;16.674739396227718
Fidelity (MSE);Tolerancja_0.01;571;1684;0.00999749924737311;0.09998749545504733;1.9507154052264006;1.48843386578541
Fidelity (MSE);Tolerancja_0.1;571;220;0.09986994684598784;0.31602206702378843;3.6142364190138454;4.70436772871451
Fidelity (MSE);Tolerancja_1.0;571;18;0.9565638484188282;0.9780408214480765;3.8904376800938945;14.559311383275706
Fidelity (MSE);Tolerancja_0.01;572;2052;0.009999275156392531;0.09999637571628549;1.565055508521751;1.7792446678091867
Fidelity (MSE);Tolerancja_0.1;572;282;0.09976710760761331;0.31585931616403734;3.7203761674331393;5.620113729493831
Fidelity (MSE);Tolerancja_1.0;572;31;0.9872182563529995;0.9935885749911779;4.044543415018218;17.679012478061942
Fidelity (MSE);Tolerancja_0.01;573;2299;0.009998982027124546;0.09999491000608254;1.326215766688173;1.6336327053480808
Fidelity (MSE);Tolerancja_0.1;573;370;0.09995543062998016;0.31615728780146785;4.017465370166767;5.1651117577405365
Fidelity (MSE);Tolerancja_1.0;573;40;0.988182631640977;0.9940737556343477;5.145403622734661;16.240340619674384
Fidelity (MSE);Tolerancja_0.01;574;2097;0.009996925939216188;0.09998462851466813;1.501606543499756;1.684370536355452
Fidelity (MSE);Tolerancja_0.1;574;292;0.09966065398859104;0.3156907568944505;3.78248611284751;5.318219584470986
Fidelity (MSE);Tolerancja_1.0;574;27;0.9999091249501042;0.9999545614427209;4.294237205366469;16.84552941796712
Fidelity (MSE);Tolerancja_0.01;575;1676;0.00999962128300122;0.09999810639707744;1.5610055330548152;1.8227717008377193
Fidelity (MSE);Tolerancja_0.1;575;208;0.09988510206209485;0.3160460442120655;2.970904632045645;5.760906944216857
Fidelity (MSE);Tolerancja_1.0;575;22;0.9981974388422384;0.9990983129013072;4.402795400952204;18.211626166997462
Fidelity (MSE);Tolerancja_0.01;576;2122;0.009994503426970435;0.09997251335727453;1.4502402206617138;1.6538915092831594
Fidelity (MSE);Tolerancja_0.1;576;297;0.0999886615116761;0.3162098377844625;3.811179475588909;5.23120554141268
Fidelity (MSE);Tolerancja_1.0;576;33;0.9939522193662826;0.9969715238492435;4.288646503962448;16.49336085408495
Fidelity (MSE);Tolerancja_0.01;577;1810;0.009991969923998048;0.09995984155648731;1.6841787079761632;2.1359668873850475
Fidelity (MSE);Tolerancja_0.1;577;242;0.09983657191768762;0.31596925786805213;3.748521893074882;6.751710104066149
Fidelity (MSE);Tolerancja_1.0;577;24;0.9911798502051086;0.99558015759913;4.034797259636496;21.273805732951555
Fidelity (MSE);Tolerancja_0.01;578;2082;0.009998998622445942;0.0999949929868788;1.5013604097779956;1.8584145413091255
Fidelity (MSE);Tolerancja_0.1;578;296;0.09959070220530115;0.3155799458224511;3.4313391185319544;5.865077267808258
Fidelity (MSE);Tolerancja_1.0;578;30;0.9889593930300696;0.9944643749426471;4.26285457099178;18.48219595804976
Fidelity (MSE);Tolerancja_0.01;579;1636;0.009986766575373887;0.09993381097193225;1.7513736128704585;1.6638699396650587
Fidelity (MSE);Tolerancja_0.1;579;213;0.09987382163131542;0.3160281975256566;3.3138174300996455;5.261780901132228
Fidelity (MSE);Tolerancja_1.0;579;21;0.9807918324208822;0.9903493486749422;3.7185453789289795;16.489039044952627
Fidelity (MSE);Tolerancja_0.01;580;1547;0.009997651441418452;0.09998825651754537;1.8253561317107287;1.7124361296141053
Fidelity (MSE);Tolerancja_0.1;580;176;0.09977055102604587;0.31586476699063143;4.206539121576574;5.409617668170706
Fidelity (MSE);Tolerancja_1.0;580;14;0.9251716645482222;0.961858443092445;5.51948186907366;16.473146016270906
Fidelity (MSE);Tolerancja_0.01;581;1591;0.009996866961066027;0.09998433357814626;1.8180746768767975;1.441760803276107
Fidelity (MSE);Tolerancja_0.1;581;196;0.09952216533788785;0.3154713383778118;3.2800197497622774;4.549054776413456
Fidelity (MSE);Tolerancja_1.0;581;20;0.9900034175451355;0.9949891544861861;3.7260172075282303;14.347611383555464
Fidelity (MSE);Tolerancja_0.01;582;1706;0.009992501535794965;0.09996250064796781;1.6444917280833238;1.804106618124349
Fidelity (MSE);Tolerancja_0.1;582;210;0.09962588030783767;0.31563567654471136;3.495391238492952;5.696540295403731
Fidelity (MSE);Tolerancja_1.0;582;24;0.9186461501440548;0.9584603018091332;3.7176346147236004;17.29813242460608
Fidelity (MSE);Tolerancja_0.01;583;2120;0.009992071730076475;0.09996035079008314;1.2974301753438056;1.437583803354876
Fidelity (MSE);Tolerancja_0.1;583;312;0.09986163045804163;0.3160089088270165;3.5193085266289375;4.544694826047327
Fidelity (MSE);Tolerancja_1.0;583;28;0.9615373600131341;0.9805801140208453;4.307601455950239;14.102252329711662
Fidelity (MSE);Tolerancja_0.01;584;1664;0.009988740671038693;0.09994368749970502;2.110864375382971;1.6549820140040477
Fidelity (MSE);Tolerancja_0.1;584;210;0.09989334572945642;0.3160590858201302;3.870832053086283;5.233668233388137
Fidelity (MSE);Tolerancja_1.0;584;24;0.9586404633379887;0.9791018656595384;4.6208646838917575;16.213089771668933
Fidelity (MSE);Tolerancja_0.01;585;2618;0.009994272837646534;0.09997136008700959;1.006140948841992;1.7390741967770993
Fidelity (MSE);Tolerancja_0.1;585;495;0.09997323430650468;0.31618544290733036;3.5743932099535485;5.500274725462375
Fidelity (MSE);Tolerancja_1.0;585;50;0.9922199652755384;0.996102386944002;4.91516644522178;17.32792228668987
Fidelity (MSE);Tolerancja_0.01;586;2392;0.009995292282056863;0.099976458639306;1.1153286786422987;1.7022698254066215
Fidelity (MSE);Tolerancja_0.1;586;397;0.0999459408751685;0.31614227948056633;3.5243955829072293;5.382861827868908
Fidelity (MSE);Tolerancja_1.0;586;41;0.9905518817021827;0.9952647294575362;5.001867758300432;16.946080510406933
Fidelity (MSE);Tolerancja_0.01;587;1988;0.00999869367503507;0.0999934681618508;1.6387110851311577;1.719038719375161
Fidelity (MSE);Tolerancja_0.1;587;262;0.09960563253696472;0.31560360032319773;3.98478086802551;5.425702487402733
Fidelity (MSE);Tolerancja_1.0;587;28;0.9304365656070331;0.9645913982651064;4.126384677590387;16.582782780471298
Fidelity (MSE);Tolerancja_0.01;588;2450;0.009997561459678752;0.09998780655499326;1.1178019262871182;1.6751350155993223
Fidelity (MSE);Tolerancja_0.1;588;438;0.09995949275348139;0.31616371194917575;3.828842585639517;5.296814909692344
Fidelity (MSE);Tolerancja_1.0;588;42;0.9925268846221111;0.9962564351722458;4.20021129786823;16.690675559077402
Fidelity (MSE);Tolerancja_0.01;589;1686;0.009990666908604211;0.09995332364961262;1.7443094531685908;1.657026252447726
Fidelity (MSE);Tolerancja_0.1;589;212;0.0997995502709264;0.3159106681815706;3.645701528566396;5.237167224575765
Fidelity (MSE);Tolerancja_1.0;589;24;0.9777479307605388;0.9888113726897253;3.82533465903619;16.392515460611172
Fidelity (MSE);Tolerancja_0.01;590;1486;0.009988355938853473;0.099941762736373;2.0877971976697767;1.7310669858383938
Fidelity (MSE);Tolerancja_0.1;590;166;0.0999640134370353;0.3161708611447856;3.6692009635827643;5.476318654250064
Fidelity (MSE);Tolerancja_1.0;590;20;0.980910633536734;0.9904093262569441;4.270664339801864;17.15463926399086
Fidelity (MSE);Tolerancja_0.01;591;2556;0.009995399329886662;0.09997699400305383;0.9530439319184918;1.609559032252756
Fidelity (MSE);Tolerancja_0.1;591;482;0.0997463989994221;0.31582653308330844;3.543453961504878;5.08458424879013
Fidelity (MSE);Tolerancja_1.0;591;51;0.9959851393514476;0.9979905507325446;4.667960584564035;16.06694341085514
Fidelity (MSE);Tolerancja_0.01;592;1774;0.009993961218083299;0.09996980153067875;1.7463541626783265;1.525505001397373
Fidelity (MSE);Tolerancja_0.1;592;224;0.09987951458590491;0.3160372044331251;3.607255868917399;4.822619717239554
Fidelity (MSE);Tolerancja_1.0;592;25;0.9867001795907385;0.9933278308749527;3.9054458127122427;15.157843176890976
Fidelity (MSE);Tolerancja_0.01;593;2358;0.009988705572597477;0.09994351190846495;1.2541669270588094;2.039365817129009
Fidelity (MSE);Tolerancja_0.1;593;379;0.09994804944872296;0.31614561431201754;4.000135378041145;6.451009642863796
Fidelity (MSE);Tolerancja_1.0;593;42;0.9910344835808839;0.9955071489350962;4.373420022836719;20.313507215007515
Fidelity (MSE);Tolerancja_0.01;594;2119;0.009999619464137813;0.09999809730258778;1.408734531499917;1.5552328875712589
Fidelity (MSE);Tolerancja_0.1;594;310;0.09971750227939385;0.31578078199819865;3.5640909319405605;4.911220019921914
Fidelity (MSE);Tolerancja_1.0;594;32;0.9844184547076191;0.9921786405217656;4.052163991939164;15.430982125749503
Fidelity (MSE);Tolerancja_0.01;595;1189;0.009995457511984971;0.0999772849800642;1.9387901132017928;1.415409879693589
Fidelity (MSE);Tolerancja_0.1;595;124;0.09959525552582384;0.31558715995081904;2.9494741654900736;4.467866717803956
Fidelity (MSE);Tolerancja_1.0;595;16;0.9436323675538404;0.9714074158425189;3.0685077859307017;13.752520423667109
Fidelity (MSE);Tolerancja_0.01;596;1342;0.009991566551169492;0.09995782386171426;1.8164076200499446;1.5083747559725114
Fidelity (MSE);Tolerancja_0.1;596;154;0.09933670005592414;0.31517725180590705;2.8664341966163724;4.756060025261425
Fidelity (MSE);Tolerancja_1.0;596;14;0.9802536866565621;0.9900776164809313;3.224145091078988;14.940382107750885
Fidelity (MSE);Tolerancja_0.01;597;2155;0.009992660471770477;0.09996329562279585;1.4908130627326042;1.5337395499441944
Fidelity (MSE);Tolerancja_0.1;597;317;0.09988941144986038;0.3160528617966627;3.6945810488798667;4.84920761155904
Fidelity (MSE);Tolerancja_1.0;597;36;0.9890621851510653;0.9945160557532821;4.374711786569709;15.258886756985579
Fidelity (MSE);Tolerancja_0.01;598;1701;0.00999251701010536;0.09996257804851454;1.5107330739333151;1.8217887800446697
Fidelity (MSE);Tolerancja_0.1;598;215;0.09983022251333196;0.31595921020494394;3.2038530992316274;5.758264295902639
Fidelity (MSE);Tolerancja_1.0;598;23;0.9816619045156776;0.990788526637081;3.932939243002325;18.056831430942132
Fidelity (MSE);Tolerancja_0.01;599;2212;0.009993806267519133;0.0999690265408198;1.3715206085358722;1.6707422449430294
Fidelity (MSE);Tolerancja_0.1;599;342;0.09981188137086924;0.3159301843301289;3.7403715861802223;5.280014457252473
Fidelity (MSE);Tolerancja_1.0;599;36;0.9676202294643783;0.9836768928181542;4.543889001432559;16.439797375985428
Fidelity (MSE);Tolerancja_0.01;600;1274;0.009988762643034058;0.09994379742152115;2.000001948961196;1.7370324730746818
Fidelity (MSE);Tolerancja_0.1;600;145;0.09966047825702824;0.3156904785656803;3.1659562799759557;5.486729810718525
Fidelity (MSE);Tolerancja_1.0;600;17;0.9781008069971067;0.9889897911490829;3.6411247806315314;17.188734339559755
Fidelity (MSE);Tolerancja_0.01;601;1903;0.009998797048265283;0.09999398506042892;1.778147926605408;1.581718389607396
Fidelity (MSE);Tolerancja_0.1;601;264;0.09954498354965842;0.3155075015743024;3.5609976249111934;4.99074036300857
Fidelity (MSE);Tolerancja_1.0;601;23;0.997494979230882;0.9987467042403104;4.5416670402207355;15.798310545399339
Fidelity (MSE);Tolerancja_0.01;602;1534;0.009996583631797847;0.0999829166997935;1.9088550166799463;1.7455020914172967
Fidelity (MSE);Tolerancja_0.1;602;182;0.0993076503417401;0.3151311637108271;3.1556580708408477;5.50156090144499
Fidelity (MSE);Tolerancja_1.0;602;23;0.9809698799224658;0.9904392358557216;3.704502714187572;17.291091465143086
Fidelity (MSE);Tolerancja_0.01;603;2704;0.00999246250107251;0.09996230540094857;0.9659597558994246;1.672247082967895
Fidelity (MSE);Tolerancja_0.1;603;545;0.09999039675130178;0.31621258158286775;3.659313511207843;5.28984965911641
Fidelity (MSE);Tolerancja_1.0;603;54;0.9863869329376205;0.993170142995459;4.535001300013331;16.61452152242183
Fidelity (MSE);Tolerancja_0.01;604;2126;0.009990486714518342;0.09995242225438232;1.3356440809344554;1.6302731893571516
Fidelity (MSE);Tolerancja_0.1;604;302;0.09978520287453445;0.3158879593693537;3.532873728398408;5.152288052509099
Fidelity (MSE);Tolerancja_1.0;604;28;0.9742341341894335;0.9870329954917584;4.0305006786446835;16.09899383394424
Fidelity (MSE);Tolerancja_0.01;605;1282;0.009996751327682976;0.09998375531896657;1.6369690967810788;1.4234855674326727
Fidelity (MSE);Tolerancja_0.1;605;142;0.09918050670948991;0.31492936781045033;2.478289651500914;4.4837024615520855
Fidelity (MSE);Tolerancja_1.0;605;17;0.9851705326063126;0.9925575714316589;3.352241652386974;14.1312093476746
Fidelity (MSE);Tolerancja_0.01;606;2642;0.009989642689098287;0.09994820002930661;1.0976271588584927;1.8390225402814213
Fidelity (MSE);Tolerancja_0.1;606;504;0.099851560158199;0.31599297485576955;3.7197883911277705;5.814193783979563
Fidelity (MSE);Tolerancja_1.0;606;60;0.9996028715993892;0.9998014160819083;5.002166169999233;18.39610257554199
Fidelity (MSE);Tolerancja_0.01;607;2626;0.009995040664215825;0.09997520024594012;0.9837820645543949;1.5708438900583284
Fidelity (MSE);Tolerancja_0.1;607;515;0.09999943908014246;0.3162268791234269;3.5189370248443894;4.968662825593299
Fidelity (MSE);Tolerancja_1.0;607;52;0.9954876460467785;0.9977412720975205;4.407387281204052;15.676845630494851
Fidelity (MSE);Tolerancja_0.01;608;2628;0.009990645180199454;0.09995321495679593;0.9666244954916199;1.576453620793057
Fidelity (MSE);Tolerancja_0.1;608;523;0.09997451336627532;0.3161874655426355;3.526643555964884;4.986881863875227
Fidelity (MSE);Tolerancja_1.0;608;52;0.9983255147105661;0.9991624065739093;5.101684941102026;15.758704652817663
Fidelity (MSE);Tolerancja_0.01;609;2297;0.009999523935971;0.0999976196515247;1.3579321063448173;1.9526854695182474
Fidelity (MSE);Tolerancja_0.1;609;362;0.09973270153317246;0.31580484722874735;4.045770252412174;6.166822155727206
Fidelity (MSE);Tolerancja_1.0;609;36;0.991791446233188;0.9958872658253985;4.24007504824027;19.447008839133513
Fidelity (MSE);Tolerancja_0.01;610;1674;0.009997223877410897;0.09998611842356367;1.6343581238837812;1.6017064041623108
Fidelity (MSE);Tolerancja_0.1;610;192;0.09998349099019538;0.31620166190296245;3.17875551316049;5.065325415786749
Fidelity (MSE);Tolerancja_1.0;610;24;0.9991214341134528;0.9995606205295668;3.449784183177088;16.012249225121966
Fidelity (MSE);Tolerancja_0.01;611;1308;0.009986373341822287;0.09993184348255708;1.9657932553870592;1.660242874039988
Fidelity (MSE);Tolerancja_0.1;611;136;0.09935494297363506;0.3152061912044798;3.1285499605106533;5.236757519557496
Fidelity (MSE);Tolerancja_1.0;611;14;0.9701016233058101;0.9849373702453421;3.4859973992898676;16.36350529859826
Fidelity (MSE);Tolerancja_0.01;612;2431;0.009998526316900467;0.0999926313130146;1.2370827120170187;1.5497912003245984
Fidelity (MSE);Tolerancja_0.1;612;411;0.09992689523873748;0.3161121561071916;3.677414749495552;4.899439402859249
Fidelity (MSE);Tolerancja_1.0;612;44;0.980408370396723;0.990155730376148;4.57453559677846;15.346477212748391
Fidelity (MSE);Tolerancja_0.01;613;2332;0.009991535843232917;0.09995767025712893;1.2207522576455019;1.6861647413129268
Fidelity (MSE);Tolerancja_0.1;613;370;0.09997945823802169;0.31619528497120525;3.9373786292590687;5.333831205913034
Fidelity (MSE);Tolerancja_1.0;613;34;0.9855596062228328;0.9927535475750429;6.516295028362096;16.746549058499863
Fidelity (MSE);Tolerancja_0.01;614;1668;0.00999141156850077;0.09995704861839794;1.528095061467702;1.5374785454808577
Fidelity (MSE);Tolerancja_0.1;614;200;0.09992044825363737;0.31610195863619284;3.033798852656061;4.862088129902744
Fidelity (MSE);Tolerancja_1.0;614;23;0.9912510540944303;0.9956159169551431;3.735929371599873;15.313958675406894
Fidelity (MSE);Tolerancja_0.01;615;1317;0.009997708064717035;0.099988539666889;1.7760174763379526;1.5831591771224958
Fidelity (MSE);Tolerancja_0.1;615;140;0.09909530511697485;0.3147940677919056;2.763209146424537;4.984262386357367
Fidelity (MSE);Tolerancja_1.0;615;19;0.979531839317938;0.989713008562552;3.22526990091788;15.670528216967108
Fidelity (MSE);Tolerancja_0.01;616;2333;0.009999696510152097;0.09999848253924705;1.2019912117204736;1.5353393235818116
Fidelity (MSE);Tolerancja_0.1;616;367;0.09991710617758652;0.3160966722026452;3.6931306107991055;4.853230154723557
Fidelity (MSE);Tolerancja_1.0;616;36;0.9649070951110161;0.9822968467377955;4.108427073874202;15.081818622947967
Fidelity (MSE);Tolerancja_0.01;617;1434;0.009997608268017428;0.09998804062495388;1.7978616038031654;1.5685774214259736
Fidelity (MSE);Tolerancja_0.1;617;174;0.09908937584242408;0.31478464994726807;3.0632239653178353;4.938231526816572
Fidelity (MSE);Tolerancja_1.0;617;16;0.9467735679160145;0.973022902051136;3.9502268216729783;15.264443078874388
Fidelity (MSE);Tolerancja_0.01;618;1303;0.009999712326177837;0.0999985616205445;1.504148925797248;1.5504080232627515
Fidelity (MSE);Tolerancja_0.1;618;134;0.09994182159273461;0.3161357644948363;2.376601406525598;4.901464758793087
Fidelity (MSE);Tolerancja_1.0;618;17;0.9728828252111369;0.9863482271546581;3.268860011197826;15.292642017336705
Fidelity (MSE);Tolerancja_0.01;619;1570;0.009987767697396708;0.09993881977188197;1.6911444111985574;1.8983142766217855
Fidelity (MSE);Tolerancja_0.1;619;196;0.09925005160421446;0.3150397619415912;3.129766143428842;5.98410586759313
Fidelity (MSE);Tolerancja_1.0;619;18;0.9841185196190807;0.9920274792661142;3.49353813341577;18.84332765776592
Fidelity (MSE);Tolerancja_0.01;620;2458;0.009992489314029324;0.0999624395161969;1.0284950986838082;1.8315443946555514
Fidelity (MSE);Tolerancja_0.1;620;412;0.09972719959870538;0.3157961361364407;3.3789532314340525;5.786119724507746
Fidelity (MSE);Tolerancja_1.0;620;45;0.9872709489843826;0.9936150909604697;4.558727219653677;18.20533951653855
Fidelity (MSE);Tolerancja_0.01;621;1404;0.009999671383149698;0.09999835690224963;1.773010193384621;2.0408343169419867
Fidelity (MSE);Tolerancja_0.1;621;169;0.09998991558391868;0.3162118207529862;2.803682376606406;6.453465388898651
Fidelity (MSE);Tolerancja_1.0;621;17;0.9973797704361583;0.9986890258915226;3.8743681581321656;20.381923254850317
Fidelity (MSE);Tolerancja_0.01;622;1640;0.009998460370575467;0.09999230155654718;1.605091439093917;1.3859182624268447
Fidelity (MSE);Tolerancja_0.1;622;204;0.09963687107785313;0.31565308659642966;3.17503606867085;4.375030582309365
Fidelity (MSE);Tolerancja_1.0;622;25;0.9946008118154724;0.9972967521332216;3.9119369652294083;13.822781957456703
Fidelity (MSE);Tolerancja_0.01;623;2016;0.009990968156325018;0.09995483058024268;1.3368811543227066;1.6688872803843464
Fidelity (MSE);Tolerancja_0.1;623;276;0.09955033570657539;0.3155159832822664;3.4707463167219346;5.26798563111982
Fidelity (MSE);Tolerancja_1.0;623;29;0.9957779681682514;0.997886751173825;4.102260404518129;16.661130799087516
Fidelity (MSE);Tolerancja_0.01;624;2250;0.009994558222777235;0.09997278741126124;1.2455979738285605;1.4721777567240069
Fidelity (MSE);Tolerancja_0.1;624;356;0.09981227524418648;0.31593080768450943;3.859447331217991;4.652329096553666
Fidelity (MSE);Tolerancja_1.0;624;34;0.9837847148869245;0.9918592213045784;4.3643999727231355;14.60590547905153
Fidelity (MSE);Tolerancja_0.01;625;2260;0.009996408025311461;0.09998203851348232;1.347244534515537;1.5759713052578899
Fidelity (MSE);Tolerancja_0.1;625;343;0.09985454785221837;0.3159977022894603;3.964389219548459;4.980927762024579
Fidelity (MSE);Tolerancja_1.0;625;36;0.9567283516022862;0.9781249161545197;5.433713551780695;15.417737262972844
Fidelity (MSE);Tolerancja_0.01;626;2759;0.009994596416615821;0.09997297843225349;0.9333787438429988;1.568661956671006
Fidelity (MSE);Tolerancja_0.1;626;571;0.09997534669230812;0.31618878331197664;3.943620182866426;4.961273769028487
Fidelity (MSE);Tolerancja_1.0;626;59;0.9923855156375851;0.9961854825470933;4.526012133975535;15.631006425586488
Fidelity (MSE);Tolerancja_0.01;627;2115;0.009995511885659098;0.09997755690983401;1.1569759428560284;1.622919033263881
Fidelity (MSE);Tolerancja_0.1;627;304;0.0995459992269167;0.3155091111630799;2.9093962260675714;5.121606863593664
Fidelity (MSE);Tolerancja_1.0;627;34;0.9785314927606225;0.9892075074324004;3.771886146006106;16.057640747387115
Fidelity (MSE);Tolerancja_0.01;628;1420;0.009994355957294953;0.09997177580344842;1.719629983968904;1.7820797918376663
Fidelity (MSE);Tolerancja_0.1;628;168;0.09957622309664843;0.3155570045120983;3.0305438013754498;5.625065238607476
Fidelity (MSE);Tolerancja_1.0;628;20;0.9672960892074447;0.9835121195020653;3.347304993864049;17.531918975191445
Fidelity (MSE);Tolerancja_0.01;629;2631;0.009995416622071287;0.09997708048383533;0.9937101443093059;1.4597853470707405
Fidelity (MSE);Tolerancja_0.1;629;514;0.09979384063099724;0.315901631257259;3.8200023564584;4.612542896765736
Fidelity (MSE);Tolerancja_1.0;629;48;0.9687833553192946;0.9842679286247696;4.227880096845364;14.371492874613583
Fidelity (MSE);Tolerancja_0.01;630;1966;0.00998875925816312;0.09994378048764775;1.6881800209731699;1.7438481389286296
Fidelity (MSE);Tolerancja_0.1;630;264;0.09988475871870979;0.31604550102589624;3.8231355054900735;5.514453786835603
Fidelity (MSE);Tolerancja_1.0;630;28;0.9568964475513254;0.9782108400295538;4.54452557510605;17.068107135252685
Fidelity (MSE);Tolerancja_0.01;631;2250;0.009994763865320883;0.09997381589856857;1.1473563568722622;1.6538865830521894
Fidelity (MSE);Tolerancja_0.1;631;344;0.09965357309866577;0.3156795417803722;3.181236821132627;5.22234901210864
Fidelity (MSE);Tolerancja_1.0;631;36;0.9843991722268107;0.9921689232317301;4.015603583277556;16.413646468382836
Fidelity (MSE);Tolerancja_0.01;632;1664;0.009987933336913625;0.09993964847303409;1.6820711733484677;1.5873504612541687
Fidelity (MSE);Tolerancja_0.1;632;192;0.09941179352799033;0.31529635825361246;3.2772152655751006;5.00788052942445
Fidelity (MSE);Tolerancja_1.0;632;18;0.9889757554158818;0.9944726016416349;3.7554819399245636;15.795298132816797
Fidelity (MSE);Tolerancja_0.01;633;2186;0.009987675773510202;0.09993835987002289;1.3257046179196843;1.762499310926716
Fidelity (MSE);Tolerancja_0.1;633;328;0.09971619989687028;0.31577871982904465;3.444924944245053;5.569030518690303
Fidelity (MSE);Tolerancja_1.0;633;34;0.9895327743976068;0.9947526196987906;3.7374363439693425;17.543321793972748
Fidelity (MSE);Tolerancja_0.01;634;1508;0.009986976409032905;0.09993486082960693;2.250332026763088;1.8890637664624288
Fidelity (MSE);Tolerancja_0.1;634;174;0.09962371230365304;0.3156322421801249;3.928876889805852;5.96638077323586
Fidelity (MSE);Tolerancja_1.0;634;18;0.9676023854408111;0.9836678227129375;3.9198929189117386;18.594224544829512
Fidelity (MSE);Tolerancja_0.01;635;1732;0.009986516680610274;0.09993256066273032;1.2907673427750286;1.5908743571012234
Fidelity (MSE);Tolerancja_0.1;635;226;0.09968596002272499;0.3157308347670924;2.9591484082999813;5.0262705713339955
Fidelity (MSE);Tolerancja_1.0;635;23;0.9993592754152444;0.9996795863751767;3.616146039760241;15.914378744374055
Fidelity (MSE);Tolerancja_0.01;636;1794;0.009986824687709745;0.09993410172563591;1.6104494551424269;1.5748197845627956
Fidelity (MSE);Tolerancja_0.1;636;241;0.09993390124510801;0.3161232374329796;3.50241185036822;4.981654110788782
Fidelity (MSE);Tolerancja_1.0;636;25;0.9947076729964388;0.997350326112364;3.903550778804057;15.716827375044007
Fidelity (MSE);Tolerancja_0.01;637;2066;0.009995845429357962;0.09997922498878435;1.1731805878604944;1.6600162526030755
Fidelity (MSE);Tolerancja_0.1;637;292;0.09949694826580781;0.31543136855076387;3.1474516776473;5.237300033420326
Fidelity (MSE);Tolerancja_1.0;637;30;0.9799861676228666;0.9899425072310344;3.5350856114909512;16.436621221363758
Fidelity (MSE);Tolerancja_0.01;638;2252;0.009995850048272263;0.09997924808815209;1.3825519869443998;1.8688033846707228
Fidelity (MSE);Tolerancja_0.1;638;344;0.09984633498186474;0.3159847068797234;4.167228247543925;5.906358579535982
Fidelity (MSE);Tolerancja_1.0;638;34;0.9986084433582928;0.9993039794568481;4.795348940785876;18.678902820686307
Fidelity (MSE);Tolerancja_0.01;639;2160;0.00999865999417745;0.09999329974642027;1.1711299522157361;1.6886549088700475
Fidelity (MSE);Tolerancja_0.1;639;316;0.0998920313513762;0.31605700648993085;3.0708790808798985;5.337469778929872
Fidelity (MSE);Tolerancja_1.0;639;36;0.979767440072064;0.989832026190335;3.6731183685847473;16.715967112015758
Fidelity (MSE);Tolerancja_0.01;640;1646;0.009999732440369226;0.09999866219289749;1.7485572484865806;1.6852470576572427
Fidelity (MSE);Tolerancja_0.1;640;193;0.09976856916219037;0.31586162977194676;3.4045344583508372;5.32312003507785
Fidelity (MSE);Tolerancja_1.0;640;22;0.9441288910520849;0.9716629513633237;3.6314288034394204;16.375140365986802
Fidelity (MSE);Tolerancja_0.01;641;1487;0.009995664507532826;0.0999783201875928;1.7608578507175867;1.5330248256920207
Fidelity (MSE);Tolerancja_0.1;641;177;0.09985453941311238;0.3159976889363471;3.0299217230847937;4.845373487889852
Fidelity (MSE);Tolerancja_1.0;641;19;0.9762570576563412;0.9880572137565421;3.4076352711122935;15.150446967410053
Fidelity (MSE);Tolerancja_0.01;642;2448;0.009998606736880722;0.09999303344173893;1.0603910939386698;1.646270102068414
Fidelity (MSE);Tolerancja_0.1;642;423;0.09990669820446628;0.3160802084985175;3.670242855012496;5.203896503548365
Fidelity (MSE);Tolerancja_1.0;642;42;0.9958557755423318;0.9979257364866044;4.348875729790385;16.429697625082163
Fidelity (MSE);Tolerancja_0.01;643;921;0.009998287302433646;0.09999143614547021;1.9376814809755434;1.713665406093367
Fidelity (MSE);Tolerancja_0.1;643;88;0.0998428217279516;0.3159791476157115;2.722404642954575;5.415289100640089
Fidelity (MSE);Tolerancja_1.0;643;10;0.9276211570282515;0.9631309137538113;3.386487330782333;16.506254856044194
Fidelity (MSE);Tolerancja_0.01;644;1774;0.009995846381941108;0.09997922975268968;1.6465900487749194;1.5768791321127167
Fidelity (MSE);Tolerancja_0.1;644;224;0.09986613149613613;0.31601603044171056;3.2209443889868234;4.984226074248432
Fidelity (MSE);Tolerancja_1.0;644;22;0.9870156278558903;0.9934866017495607;4.133157068144582;15.669337463467647
Fidelity (MSE);Tolerancja_0.01;645;1535;0.009996101241019096;0.0999805043046848;1.8133609135814455;1.6338586280468599
Fidelity (MSE);Tolerancja_0.1;645;188;0.09955605437587502;0.3155250455603723;3.1686906616546904;5.156238425070005
Fidelity (MSE);Tolerancja_1.0;645;22;0.9673623493965373;0.9835458044222126;3.8004335434664074;16.072881506352065
Fidelity (MSE);Tolerancja_0.01;646;1015;0.00999944414761058;0.09999722069943034;2.3870480800867697;1.8229565791302365
Fidelity (MSE);Tolerancja_0.1;646;110;0.09932425033178378;0.3151575008337637;3.317802202759659;5.745344076452171
Fidelity (MSE);Tolerancja_1.0;646;14;0.9403179599344672;0.9696999329351669;3.494964078616128;17.677700041681078
Fidelity (MSE);Tolerancja_0.01;647;2425;0.009999845102299556;0.0999992255084986;1.3709813351340197;1.6421213429608446
Fidelity (MSE);Tolerancja_0.1;647;406;0.09984673999993922;0.3159853477614733;4.019578018385871;5.188903023833136
Fidelity (MSE);Tolerancja_1.0;647;46;0.9739056162157984;0.9868665645444669;4.6427055512886986;16.20567199448149
Fidelity (MSE);Tolerancja_0.01;648;1989;0.009996484175394518;0.09998241933157308;1.347960306423452;1.6172460779084907
Fidelity (MSE);Tolerancja_0.1;648;264;0.09959021199062426;0.3155791691329202;3.2356059538617563;5.104589156392496
Fidelity (MSE);Tolerancja_1.0;648;28;0.9965544002986728;0.9982757135674857;3.7494410530285767;16.147413647636075
Fidelity (MSE);Tolerancja_0.01;649;1540;0.00999786626017677;0.09998933073171742;1.5497180933817276;1.579972687428375
Fidelity (MSE);Tolerancja_0.1;649;189;0.09988572694911138;0.31604703281175;2.8287944431437215;4.993989620004007
Fidelity (MSE);Tolerancja_1.0;649;18;0.959232403370359;0.9794041062658247;3.849576057951246;15.475968551156061
Fidelity (MSE);Tolerancja_0.01;650;2072;0.00999103143842801;0.09995514713324177;1.3992094462560187;1.3971755875754899
Fidelity (MSE);Tolerancja_0.1;650;293;0.09990110334920688;0.3160713580019659;3.4537344570398556;4.418053476961125
Fidelity (MSE);Tolerancja_1.0;650;30;0.9811623970485045;0.9905364188400669;4.629085832691684;13.845743242846323
Fidelity (MSE);Tolerancja_0.01;651;2535;0.009992272046643607;0.09996135276517423;1.0932226456656018;1.5872705760326966
Fidelity (MSE);Tolerancja_0.1;651;484;0.09971339167616448;0.315774273296867;3.759556963005159;5.0141299492982165
Fidelity (MSE);Tolerancja_1.0;651;40;0.9786445342738789;0.989264643194064;4.297205964839467;15.7083774540362
Fidelity (MSE);Tolerancja_0.01;652;2445;0.009993987268950533;0.09996993182427671;1.2560542964370849;1.828239635949519
Fidelity (MSE);Tolerancja_0.1;652;416;0.09997219655380137;0.31618380185234246;3.8591684427423765;5.782336230935443
Fidelity (MSE);Tolerancja_1.0;652;43;0.9892320638705098;0.9946014598172023;4.792745050808626;18.189167258884623
Fidelity (MSE);Tolerancja_0.01;653;1628;0.009999207112916351;0.0999960354859949;1.7552603936206177;1.8547998162594872
Fidelity (MSE);Tolerancja_0.1;653;205;0.09999806205919995;0.31622470184854307;3.2956229998864943;5.865567730108027
Fidelity (MSE);Tolerancja_1.0;653;20;0.9357988365465854;0.967366960644504;3.4487362353815585;17.94343197846303
Fidelity (MSE);Tolerancja_0.01;654;1778;0.009989976532446602;0.09994987009719723;1.570041596661965;1.6613279734123414
Fidelity (MSE);Tolerancja_0.1;654;228;0.09935982121851122;0.3152139292901112;3.1484495871496287;5.239363671304724
Fidelity (MSE);Tolerancja_1.0;654;26;0.9312065811109431;0.9649904564869765;3.5931868700708227;16.039697078933116
Fidelity (MSE);Tolerancja_0.01;655;2452;0.009993471334588703;0.09996735134326958;1.0805142707783961;1.455903836245902
Fidelity (MSE);Tolerancja_0.1;655;408;0.09977863671993523;0.315877566028256;3.361818206845605;4.600375562471263
Fidelity (MSE);Tolerancja_1.0;655;36;0.9702662139681973;0.9850209205738716;4.8263690530630035;14.345641029555214
Fidelity (MSE);Tolerancja_0.01;656;2187;0.009996337379074365;0.09998168521821567;1.2448344503003197;1.6513578404845908
Fidelity (MSE);Tolerancja_0.1;656;342;0.09960244820077058;0.3155985554478515;3.4359537677677023;5.2126161691208335
Fidelity (MSE);Tolerancja_1.0;656;36;0.9654731037383492;0.9825849091749522;4.431222114180018;16.228965236647916
Fidelity (MSE);Tolerancja_0.01;657;1626;0.009999089553986176;0.09999544766631217;1.4692678105706598;1.5030109391330677
Fidelity (MSE);Tolerancja_0.1;657;186;0.09958772164934881;0.31557522344022637;2.8258084381917197;4.7433460624409545
Fidelity (MSE);Tolerancja_1.0;657;22;0.9547730958440407;0.9771249131221866;3.5826481440621;14.686962932782258
Fidelity (MSE);Tolerancja_0.01;658;1977;0.00999916538389827;0.09999582683241472;1.3552486094824499;1.5562843632381105
Fidelity (MSE);Tolerancja_0.1;658;263;0.09984980134814525;0.3159901918543442;3.2240460347976114;4.917911177870413
Fidelity (MSE);Tolerancja_1.0;658;28;0.9545218939100265;0.9769963633044018;3.9584005377376448;15.205476181514602
Fidelity (MSE);Tolerancja_0.01;659;1966;0.009987451800226055;0.0999372393066071;1.7303529204606583;1.4796180227791111
Fidelity (MSE);Tolerancja_0.1;659;274;0.09948233786116766;0.3154082082970696;3.695997882682554;4.669767473734473
Fidelity (MSE);Tolerancja_1.0;659;28;0.957951496712214;0.9787499663919351;4.094749336419872;14.490855462046106
Fidelity (MSE);Tolerancja_0.01;660;2308;0.009987275668189577;0.09993635808948402;1.1519830604788783;1.4833830500288792
Fidelity (MSE);Tolerancja_0.1;660;353;0.09999309408157188;0.3162168466125293;3.4792443328515255;4.6936942606873595
Fidelity (MSE);Tolerancja_1.0;660;34;0.9858921098897554;0.9929209988159962;3.8312129708522296;14.738201469604887
Fidelity (MSE);Tolerancja_0.01;661;2317;0.009988858699661986;0.09994427797358879;1.1251037387784635;1.829786012102813
Fidelity (MSE);Tolerancja_0.1;661;364;0.0997514347165376;0.31583450526587115;3.722517554487066;5.782317623302269
Fidelity (MSE);Tolerancja_1.0;661;36;0.9774334817443457;0.9886523563641295;4.32737684135388;18.100308383693772
Fidelity (MSE);Tolerancja_0.01;662;1722;0.009988806261788923;0.0999440156377005;1.6333876144308155;1.8677520824181817
Fidelity (MSE);Tolerancja_0.1;662;206;0.09997043786660578;0.31618102072484644;3.4233722846206285;5.908785594734238
Fidelity (MSE);Tolerancja_1.0;662;22;0.9229180152977018;0.9606862210408255;4.038605107046549;17.953287932755497
Fidelity (MSE);Tolerancja_0.01;663;1545;0.009995473319772226;0.099977364036927;1.499495387495196;1.928067589399191
Fidelity (MSE);Tolerancja_0.1;663;178;0.09974343370053225;0.31582183854276485;2.7386721166207666;6.090637183571475
Fidelity (MSE);Tolerancja_1.0;663;19;0.9923539096920354;0.9961696189364718;3.5373447074641886;19.21117219199881
Fidelity (MSE);Tolerancja_0.01;664;1935;0.009999962828043588;0.09999981414004522;1.768414787779392;1.9960420249119
Fidelity (MSE);Tolerancja_0.1;664;274;0.099993286556105;0.3162171509518499;3.8094771152197424;6.311838954159049
Fidelity (MSE);Tolerancja_1.0;664;27;0.9811750512454124;0.9905428063670002;4.626261908034781;19.77168743747636
Fidelity (MSE);Tolerancja_0.01;665;1926;0.009989671105542934;0.09994834218506544;1.8362870375582685;1.52444030084544
Fidelity (MSE);Tolerancja_0.1;665;234;0.09966040885679536;0.31569036864750144;4.349259859508868;4.814998528579044
Fidelity (MSE);Tolerancja_1.0;665;24;0.96323711791618;0.9814464416952053;4.567874307385748;14.969297900621758
Fidelity (MSE);Tolerancja_0.01;666;1528;0.009999050873528427;0.09999525425503165;1.6605434747372385;1.4228217817465625
Fidelity (MSE);Tolerancja_0.1;666;180;0.09955089869691856;0.31551687545505164;2.906358475527359;4.489455887187519
Fidelity (MSE);Tolerancja_1.0;666;16;0.9739149321904883;0.9868712845100359;3.4568701930674752;14.042085995400457
Fidelity (MSE);Tolerancja_0.01;667;1950;0.009990430214956622;0.09995213962170406;1.2781650097992623;1.365059821418266
Fidelity (MSE);Tolerancja_0.1;667;251;0.09986464567091163;0.3160136795629449;3.095262771616806;4.315841347894983
Fidelity (MSE);Tolerancja_1.0;667;30;0.9690630159634814;0.9844099836772692;3.615100086353527;13.444219619577384
Fidelity (MSE);Tolerancja_0.01;668;2026;0.009996177870178926;0.09998088752446102;1.6478159838299244;1.7242431882788862
Fidelity (MSE);Tolerancja_0.1;668;277;0.09990199099714232;0.3160727621879847;3.943919733104262;5.450904874892116
Fidelity (MSE);Tolerancja_1.0;668;29;0.9874692594953496;0.9937148783707274;4.405259756145652;17.137336470462035
Fidelity (MSE);Tolerancja_0.01;669;2594;0.009996409053832287;0.09998204365701016;0.9701054658604071;1.8982831069790647
Fidelity (MSE);Tolerancja_0.1;669;482;0.09998286498712335;0.3162006720219351;3.590718459961799;6.003461943364486
Fidelity (MSE);Tolerancja_1.0;669;51;0.992433300413237;0.9962094661331204;4.596996550987581;18.914272317342686
Fidelity (MSE);Tolerancja_0.01;670;1132;0.00998846288563984;0.09994229778046851;1.4628352876051254;1.6355799165711862
Fidelity (MSE);Tolerancja_0.1;670;129;0.09964926579474298;0.3156727194338196;2.2398338774960305;5.166060532743395
Fidelity (MSE);Tolerancja_1.0;670;12;0.9504038244347572;0.9748865700350771;2.9499185678166677;15.95425490803506
Fidelity (MSE);Tolerancja_0.01;671;1840;0.009986867008879357;0.09993431347079619;2.01601774471598;2.0234770023371107
Fidelity (MSE);Tolerancja_0.1;671;228;0.09987403967198599;0.31602854249574674;4.04702686711094;6.398968138297502
Fidelity (MSE);Tolerancja_1.0;671;26;0.9772918495212912;0.9885807248380333;4.453768220801912;20.016851991964497
Fidelity (MSE);Tolerancja_0.01;672;2105;0.009992450888860816;0.09996224731797908;1.2499728238702716;1.7144616340566303
Fidelity (MSE);Tolerancja_0.1;672;312;0.09979774500091197;0.31590781092102166;3.1194718852036516;5.418163719349417
Fidelity (MSE);Tolerancja_1.0;672;34;0.9616735612587592;0.9806495608823568;3.945165053430417;16.819210188813837
Fidelity (MSE);Tolerancja_0.01;673;1920;0.009986816175558695;0.09993405913680628;1.5740295640067559;1.5777686195870222
Fidelity (MSE);Tolerancja_0.1;673;274;0.09969302995972011;0.3157420307145061;3.7303736757235515;4.984965808944625
Fidelity (MSE);Tolerancja_1.0;673;30;0.94948649146948;0.9744159745557747;4.695326583096492;15.384173927867334
Fidelity (MSE);Tolerancja_0.01;674;1938;0.00999864809031888;0.09999324022312148;1.5559103287660587;1.3860011902366547
Fidelity (MSE);Tolerancja_0.1;674;257;0.09995913770078467;0.3161631504473358;3.5542366737806512;4.3823212634292865
Fidelity (MSE);Tolerancja_1.0;674;26;0.9815125320069187;0.990713143148368;4.175678428694737;13.732224223585323
Fidelity (MSE);Tolerancja_0.01;675;2331;0.009995485613874214;0.09997742552133564;1.1414312820557369;1.5646839186562627
Fidelity (MSE);Tolerancja_0.1;675;386;0.09990083901985079;0.316070939853462;3.3132891188662894;4.946627842879824
Fidelity (MSE);Tolerancja_1.0;675;42;0.9683897636439025;0.9840679669839388;4.6385616795252815;15.401029930261009
Fidelity (MSE);Tolerancja_0.01;676;1981;0.009996753882553628;0.0999837680953945;1.442465654476119;1.6847312142783468
Fidelity (MSE);Tolerancja_0.1;676;283;0.09986219279200029;0.31600979856960176;3.443199872529715;5.3247800298951145
Fidelity (MSE);Tolerancja_1.0;676;30;0.9701488954232894;0.9849613674775723;3.7843317458770525;16.596645558152225
Fidelity (MSE);Tolerancja_0.01;677;2186;0.009989131072638414;0.09994564058846396;1.125889228285713;1.636694630660954
Fidelity (MSE);Tolerancja_0.1;677;323;0.09993818606835782;0.31613001450092937;3.0442825479044613;5.176897104045992
Fidelity (MSE);Tolerancja_1.0;677;32;0.9798885398743967;0.9898931961956283;3.9016622146394146;16.210340637190317
Fidelity (MSE);Tolerancja_0.01;678;2003;0.009996682497030052;0.09998341110919377;1.6113930895972761;1.5575895884991307
Fidelity (MSE);Tolerancja_0.1;678;272;0.09954729411163407;0.31551116321238787;3.695653400340987;4.915184403322245
Fidelity (MSE);Tolerancja_1.0;678;30;0.958484178444974;0.9790220520728703;4.360747162864139;15.251675636014946
Fidelity (MSE);Tolerancja_0.01;679;1738;0.009994266687493541;0.09997132932743037;1.947931906838297;1.760283527191463
Fidelity (MSE);Tolerancja_0.1;679;220;0.09946717503949913;0.31538417055949264;3.927140447868267;5.5532477552090524
Fidelity (MSE);Tolerancja_1.0;679;24;0.9676330150329006;0.9836833916626327;4.261662704045758;17.3205826306888
Fidelity (MSE);Tolerancja_0.01;680;1940;0.009999160231559407;0.09999580106964195;1.5508244385324348;1.8066187588434626
Fidelity (MSE);Tolerancja_0.1;680;264;0.09939591841717536;0.31527118234493834;3.717489856363817;5.695987492019227
Fidelity (MSE);Tolerancja_1.0;680;33;0.9859374258224459;0.9929438180594338;4.906596188354314;17.939462547377204
Fidelity (MSE);Tolerancja_0.01;681;1134;0.009990893065307637;0.09995445495478246;2.7741800476049177;2.235159109057557
Fidelity (MSE);Tolerancja_0.1;681;124;0.09937736452172917;0.3152417556760671;3.870339871424786;7.04936545423026
Fidelity (MSE);Tolerancja_1.0;681;15;0.9727223513048572;0.9862668763092762;3.968113225709005;22.054678738848406
Fidelity (MSE);Tolerancja_0.01;682;1724;0.00999299780691916;0.0999649829036106;2.0743879085204364;1.5735938035105368
Fidelity (MSE);Tolerancja_0.1;682;220;0.09969592509933596;0.315746615341061;4.097126761126713;4.970309631915845
Fidelity (MSE);Tolerancja_1.0;682;18;0.9637271389576952;0.9816960522268057;4.565286376315806;15.453319550951095
Fidelity (MSE);Tolerancja_0.01;683;1826;0.00999735094262674;0.09998675383582938;1.2171996095411144;1.724304274156162
Fidelity (MSE);Tolerancja_0.1;683;240;0.09942281759483347;0.3153138398402986;2.639219855127118;5.437690302756777
Fidelity (MSE);Tolerancja_1.0;683;24;0.9457892546303894;0.9725169688135984;3.26456533662943;16.771373223777715
Fidelity (MSE);Tolerancja_0.01;684;2200;0.009986495396099799;0.0999324541683021;1.3262873731718035;1.8324412203454625
Fidelity (MSE);Tolerancja_0.1;684;325;0.099878438753863;0.31603550236304623;3.782320705145257;5.795079150636168
Fidelity (MSE);Tolerancja_1.0;684;34;0.9713856526515398;0.9855889876878392;4.4381153136798295;18.072546125166767
Fidelity (MSE);Tolerancja_0.01;685;1762;0.009994617193708834;0.09997308234574362;1.6313252708893025;1.679109103235867
Fidelity (MSE);Tolerancja_0.1;685;216;0.09950467512171958;0.31544361639082125;3.4052113807424123;5.298068594181154
Fidelity (MSE);Tolerancja_1.0;685;21;0.9983428170092884;0.9991710649379757;3.592825414614353;16.78168954544253
Fidelity (MSE);Tolerancja_0.01;686;2288;0.009988059821946185;0.0999402812781022;1.1067972801210613;1.748812170590134
Fidelity (MSE);Tolerancja_0.1;686;369;0.09988765438460417;0.3160500820828942;3.24714153043971;5.53042499975113
Fidelity (MSE);Tolerancja_1.0;686;40;0.9865449823492416;0.9932497079532627;4.67815656733364;17.38045116033064
Fidelity (MSE);Tolerancja_0.01;687;2430;0.009994666989538175;0.0999733313916175;0.9738043901297786;1.6856564024868022
Fidelity (MSE);Tolerancja_0.1;687;410;0.09976060221127953;0.3158490180628705;3.2562576661853253;5.325549445094202
Fidelity (MSE);Tolerancja_1.0;687;43;0.9916371618881642;0.9958098020647137;3.4201221999998643;16.790409453638006
Fidelity (MSE);Tolerancja_0.01;688;2709;0.009991101002585519;0.0999554951095012;0.9441769213182774;1.568984288493445
Fidelity (MSE);Tolerancja_0.1;688;540;0.09990636993611116;0.31607968921794255;3.56785738662534;4.961448750281895
Fidelity (MSE);Tolerancja_1.0;688;60;0.9768781801393206;0.988371478817211;4.182405000329963;15.514297835855864
Fidelity (MSE);Tolerancja_0.01;689;1851;0.009992748779956017;0.09996373732487204;1.9222600100039262;1.5203539087485707
Fidelity (MSE);Tolerancja_0.1;689;234;0.0998265423169477;0.3159533863039732;4.171329838705733;4.80535220775578
Fidelity (MSE);Tolerancja_1.0;689;24;0.9682414722199454;0.9839926179702495;4.652490348207021;14.96559715498535
Fidelity (MSE);Tolerancja_0.01;690;1924;0.009988599115462342;0.09994297932052226;1.471639568479052;1.482860725616402
Fidelity (MSE);Tolerancja_0.1;690;263;0.09995100988945853;0.3161502963614909;3.305565489656516;4.6907432723508595
Fidelity (MSE);Tolerancja_1.0;690;24;0.9709269259628817;0.985356243174458;4.375224788215137;14.619797045056643
Fidelity (MSE);Tolerancja_0.01;691;1652;0.009988464842191585;0.09994230756887487;1.9173177967201034;2.0129205961738426
Fidelity (MSE);Tolerancja_0.1;691;201;0.09989205791707825;0.31605704851668515;3.6509061390407984;6.365649923449261
Fidelity (MSE);Tolerancja_1.0;691;20;0.9920879471347834;0.9960361173846978;4.651280489498502;20.060989824904603
Fidelity (MSE);Tolerancja_0.01;692;1896;0.009989867072054924;0.09994932251923934;1.5526329062546327;1.5495284644561664
Fidelity (MSE);Tolerancja_0.1;692;262;0.09972146550922602;0.3157870572224676;3.600086408841481;4.895691351773514
Fidelity (MSE);Tolerancja_1.0;692;25;0.9990924966251922;0.9995461453205611;3.696168502453128;15.496105072783402
Fidelity (MSE);Tolerancja_0.01;693;2648;0.009997502487778715;0.09998751165910029;1.0450063690452085;1.5892666404637859
Fidelity (MSE);Tolerancja_0.1;693;538;0.09992987488896637;0.31611686903575137;3.4394779549872556;5.024567429573133
Fidelity (MSE);Tolerancja_1.0;693;56;0.9766198535896967;0.9882407872526294;4.690969933130935;15.707742795730715
Fidelity (MSE);Tolerancja_0.01;694;1970;0.009987456724623495;0.0999372639440539;1.3248609485670801;1.7271848128222769
Fidelity (MSE);Tolerancja_0.1;694;272;0.09988589365358043;0.3160472965452804;3.177876670046526;5.462147643266806
Fidelity (MSE);Tolerancja_1.0;694;28;0.9907817454863791;0.995380201473979;4.056478740195739;17.202848058080384
Fidelity (MSE);Tolerancja_0.01;695;2365;0.009992916482191305;0.09996457613670608;1.0811422522101217;1.4806472337368501
Fidelity (MSE);Tolerancja_0.1;695;389;0.09991217029081231;0.3160888645473173;3.7259784133592087;4.68181951041311
Fidelity (MSE);Tolerancja_1.0;695;37;0.9923136667104935;0.9961494198715841;4.250011735073095;14.754685508838389
Fidelity (MSE);Tolerancja_0.01;696;1776;0.009998913258916954;0.09999456614695097;1.6521897389165199;1.5799160681205853
Fidelity (MSE);Tolerancja_0.1;696;228;0.09994374805381533;0.31613881136901767;3.3407441452133106;4.9949992993062615
Fidelity (MSE);Tolerancja_1.0;696;27;0.9891091765181828;0.9945396807157484;3.5404323166590683;15.713746081333829
Fidelity (MSE);Tolerancja_0.01;697;2040;0.00998694624422453;0.09993470990714153;1.5039302609203196;1.6406561359390732
Fidelity (MSE);Tolerancja_0.1;697;292;0.09954332375021763;0.31550487119887327;3.596442934129773;5.17973188026543
Fidelity (MSE);Tolerancja_1.0;697;28;0.9645119222964349;0.9820956787892079;4.236654952029426;16.123339958478407
Fidelity (MSE);Tolerancja_0.01;698;2338;0.009998397338155628;0.09999198636968679;1.1688443228954641;1.6116544339504695
Fidelity (MSE);Tolerancja_0.1;698;377;0.09998130888205037;0.3161982113833827;3.494939739823021;5.096430902964098
Fidelity (MSE);Tolerancja_1.0;698;42;0.9950241157792101;0.997508955237601;5.12211018054221;16.077685712435716
Fidelity (MSE);Tolerancja_0.01;699;1574;0.009986580386722493;0.09993287940774294;1.5790907006113608;1.9425090735207322
Fidelity (MSE);Tolerancja_0.1;699;188;0.09970063751461498;0.3157540775898468;2.921218584712321;6.137671248487242
Fidelity (MSE);Tolerancja_1.0;699;20;0.9604032904793992;0.980001678814582;3.5714612974790367;19.04940760683593
Fidelity (MSE);Tolerancja_0.01;700;1358;0.009987894946709592;0.09993945640591403;1.8255756541683357;1.733360974512375
Fidelity (MSE);Tolerancja_0.1;700;150;0.09972872964095252;0.31579855864293066;3.0559087275496006;5.477245094626322
Fidelity (MSE);Tolerancja_1.0;700;18;0.9493400955738963;0.9743408518449261;3.831675049489757;16.89907539222114
Fidelity (MSE);Tolerancja_0.01;701;2374;0.009996596117364892;0.0999829791382758;1.1825582565961321;1.7053855347779472
Fidelity (MSE);Tolerancja_0.1;701;388;0.09998464142798297;0.3162034810497553;3.569649302592256;5.393406430537621
Fidelity (MSE);Tolerancja_1.0;701;44;0.9911002977478219;0.9955402039836573;4.172441693773483;16.98068889121215
Fidelity (MSE);Tolerancja_0.01;702;2336;0.009998272644172001;0.09999136284785802;1.2990111924700374;1.5843215514806541
Fidelity (MSE);Tolerancja_0.1;702;370;0.09978663280923285;0.31589022271864137;3.83275886559827;5.005149179901274
Fidelity (MSE);Tolerancja_1.0;702;37;0.9981690275349965;0.9990840943258963;4.712115444182894;15.830071891213912
Fidelity (MSE);Tolerancja_0.01;703;1782;0.009987088191322548;0.09993542010379777;1.6024482785670129;1.6064720689398035
Fidelity (MSE);Tolerancja_0.1;703;224;0.09982544247100572;0.3159516457798657;3.6373957173180225;5.07895492462765
Fidelity (MSE);Tolerancja_1.0;703;24;0.9944697011166037;0.9972310169246661;4.481615097780011;16.03059028826789
Fidelity (MSE);Tolerancja_0.01;704;2186;0.009988567715069441;0.09994282222885964;1.315075616872063;1.7692901035727249
Fidelity (MSE);Tolerancja_0.1;704;325;0.0998604176735071;0.3160069899124181;3.6281517418259313;5.5942790832096225
Fidelity (MSE);Tolerancja_1.0;704;39;0.9906350475776817;0.9953065093616548;4.132320683058527;17.61993425603489
Fidelity (MSE);Tolerancja_0.01;705;2344;0.009986038632125613;0.09993016877863067;1.1476887573810286;1.6727715505268925
Fidelity (MSE);Tolerancja_0.1;705;376;0.09968518276684762;0.3157296038809912;3.97566885588346;5.285125658110434
Fidelity (MSE);Tolerancja_1.0;705;35;0.9912738547513378;0.9956273674178195;4.594822399042738;16.66620956912323
Fidelity (MSE);Tolerancja_0.01;706;1674;0.009995067561539854;0.09997533476583038;1.6190983963139916;1.4342108446259454
Fidelity (MSE);Tolerancja_0.1;706;202;0.09975975783929109;0.31584768138976593;3.23395647650241;4.531039290442932
Fidelity (MSE);Tolerancja_1.0;706;22;0.9549475187007965;0.9772141621470682;3.9024671336863967;14.018769250997279
Fidelity (MSE);Tolerancja_0.01;707;1758;0.009989534311114337;0.09994765785707205;1.7132887845845541;1.641053426104732
Fidelity (MSE);Tolerancja_0.1;707;219;0.0999212104464054;0.31610316424611345;3.573791598926533;5.190138436564938
Fidelity (MSE);Tolerancja_1.0;707;26;0.950547824496697;0.9749604220155282;3.8232413960244624;16.008000339068364
Fidelity (MSE);Tolerancja_0.01;708;2383;0.009988328106867892;0.09994162349525794;1.0028217933653956;1.658416309409553
Fidelity (MSE);Tolerancja_0.1;708;416;0.0997875783317214;0.31589171931489657;3.300497934468459;5.241859807731725
Fidelity (MSE);Tolerancja_1.0;708;42;0.9816069249556676;0.99076078089298;4.22943920640454;16.440535787716364
Fidelity (MSE);Tolerancja_0.01;709;1775;0.009986617570053622;0.0999330654490976;1.8614412440423003;1.4043878094938664
Fidelity (MSE);Tolerancja_0.1;709;216;0.09979395023869694;0.3159018047411204;3.732611636186901;4.43945796700813
Fidelity (MSE);Tolerancja_1.0;709;24;0.9440126266655927;0.9716031219925102;4.4848212632313285;13.654215189541
Fidelity (MSE);Tolerancja_0.01;710;2372;0.009990689807561133;0.09995343819779855;1.2289566780484715;1.7088432935776692
Fidelity (MSE);Tolerancja_0.1;710;382;0.09973684803356922;0.31581141213320524;3.6678490788589126;5.399236118232973
Fidelity (MSE);Tolerancja_1.0;710;39;0.9891529706841804;0.9945616977765535;4.359864780430133;17.003417970789886
Fidelity (MSE);Tolerancja_0.01;711;2360;0.009999218693647133;0.09999609339192773;1.1216897221511832;1.6101623622046428
Fidelity (MSE);Tolerancja_0.1;711;376;0.09982876172307173;0.3159568985210985;3.625238893377194;5.087617814064056
Fidelity (MSE);Tolerancja_1.0;711;38;0.9970147325302186;0.9985062506215064;3.9806441074097085;16.078199944025144
Fidelity (MSE);Tolerancja_0.01;712;2249;0.009996792815411916;0.09998396279109924;1.2739740610457149;1.7332258479396412
Fidelity (MSE);Tolerancja_0.1;712;360;0.09993519659744116;0.3161252862354436;3.673233732997196;5.480044019013068
Fidelity (MSE);Tolerancja_1.0;712;40;0.9893112423455356;0.9946412631424134;4.850280066296108;17.242144625810262
Fidelity (MSE);Tolerancja_0.01;713;1618;0.00999432132830846;0.09997160260948336;2.112414079918238;1.6228491086060262
Fidelity (MSE);Tolerancja_0.1;713;192;0.0994943969617652;0.315427324374039;3.919628356394669;5.120363571543213
Fidelity (MSE);Tolerancja_1.0;713;20;0.924579727472037;0.9615506889769446;4.481753535308094;15.608949319151153
Fidelity (MSE);Tolerancja_0.01;714;2392;0.009991228974765044;0.09995613525324518;1.1508549287095695;1.8457962169601518
Fidelity (MSE);Tolerancja_0.1;714;410;0.09971458448392036;0.3157761619944108;3.582142651852461;5.831142267943541
Fidelity (MSE);Tolerancja_1.0;714;40;0.9961547322377764;0.9980755142962763;4.154621052860893;18.430524588222454
Fidelity (MSE);Tolerancja_0.01;715;1298;0.0099953129860189;0.09997656218343827;1.8488768573696728;1.7141090503648555
Fidelity (MSE);Tolerancja_0.1;715;148;0.09916381159223472;0.3149028605653412;2.9463316272832625;5.399043850802173
Fidelity (MSE);Tolerancja_1.0;715;16;0.9281574421272238;0.9634092806939446;3.4048298037546028;16.517757074032986
Fidelity (MSE);Tolerancja_0.01;716;1416;0.009994211594024034;0.09997105378070212;1.7297035742023024;1.5074212055739045
Fidelity (MSE);Tolerancja_0.1;716;167;0.09996220584965412;0.31616800257087074;2.9001857074098334;4.767363487482568
Fidelity (MSE);Tolerancja_1.0;716;18;0.9393269436724578;0.9691888070301152;3.4348770300489306;14.613987796176353
Fidelity (MSE);Tolerancja_0.01;717;1955;0.009990347595347514;0.09995172632499909;1.3596930139783745;1.609144185682988
Fidelity (MSE);Tolerancja_0.1;717;266;0.09980945600463056;0.31592634585395146;3.090837959719493;5.086165704451762
Fidelity (MSE);Tolerancja_1.0;717;28;0.9775020157889758;0.988687016092037;3.9041057726154955;15.917083395155442
Fidelity (MSE);Tolerancja_0.01;718;2124;0.009992202506677008;0.09996100493030774;1.3664750154683931;1.443491299470862
Fidelity (MSE);Tolerancja_0.1;718;308;0.09987392868949593;0.31602836690635216;3.6569499430674055;4.563621567563808
Fidelity (MSE);Tolerancja_1.0;718;30;0.9966930866649069;0.9983451741080872;4.182494324503267;14.416647508680763
Fidelity (MSE);Tolerancja_0.01;719;1019;0.009997685502565724;0.09998842684313883;2.052256736200758;2.1019076487081043
Fidelity (MSE);Tolerancja_0.1;719;112;0.09922390836688316;0.3149982672442551;2.8714690749275356;6.6217390167483385
Fidelity (MSE);Tolerancja_1.0;719;10;0.942355070196679;0.9707497464314265;3.017390197788874;20.40662486076189
Fidelity (MSE);Tolerancja_0.01;720;2304;0.009993023271408481;0.09996511027057631;1.3756017548206492;1.5316061538016785
Fidelity (MSE);Tolerancja_0.1;720;372;0.09966222903678953;0.31569325149073035;3.7825188662975107;4.836864836022514
Fidelity (MSE);Tolerancja_1.0;720;32;0.9907708974210359;0.9953747522521534;4.7571107657737715;15.25054183166291
Fidelity (MSE);Tolerancja_0.01;721;2287;0.00999911531174485;0.09999557646088576;1.2842160680274328;1.498082654173834
Fidelity (MSE);Tolerancja_0.1;721;363;0.09995270144834728;0.3161529715949975;3.8441935943176118;4.736442346499606
Fidelity (MSE);Tolerancja_1.0;721;36;0.9609752417140509;0.9802934467362571;4.903911356308977;14.68625573782566
Fidelity (MSE);Tolerancja_0.01;722;2264;0.009991707846016867;0.09995853063154173;1.1264207084924251;1.693740627732377
Fidelity (MSE);Tolerancja_0.1;722;346;0.09998407792572483;0.31620259000477025;3.0847918796709046;5.3578736092013575
Fidelity (MSE);Tolerancja_1.0;722;42;0.9660645720267046;0.9828858387558062;4.118842892731527;16.654443267678577
Fidelity (MSE);Tolerancja_0.01;723;1821;0.009997759839828774;0.0999887985717839;2.0628221999945575;1.5547090264417793
Fidelity (MSE);Tolerancja_0.1;723;222;0.09949280452494678;0.3154248001108137;4.1116021363239765;4.904487211573132
Fidelity (MSE);Tolerancja_1.0;723;26;0.9556712851154774;0.9775844132940528;4.388932344030741;15.200295764789276
Fidelity (MSE);Tolerancja_0.01;724;2126;0.009998049834020514;0.09999024869466279;1.5470506468056593;1.5235988173817727
Fidelity (MSE);Tolerancja_0.1;724;298;0.0996965680652806;0.3157476335070155;3.8488526998110144;4.811196364471694
Fidelity (MSE);Tolerancja_1.0;724;38;0.9607307881587233;0.9801687549390274;4.621429943884993;14.93529594490727
Fidelity (MSE);Tolerancja_0.01;725;2665;0.009992718973912167;0.09996358824047968;0.8849435253133677;1.4572568955832648
Fidelity (MSE);Tolerancja_0.1;725;532;0.09994302959170884;0.31613767505899837;3.3692670622307586;4.608616147562734
Fidelity (MSE);Tolerancja_1.0;725;55;0.9990353205591218;0.9995175438976155;4.445939626728407;14.57084383162854
Fidelity (MSE);Tolerancja_0.01;726;1611;0.009989499709023962;0.09994748475586547;1.760582902028065;1.717171144383398
Fidelity (MSE);Tolerancja_0.1;726;190;0.09999256919388483;0.3162160166624784;3.0397072298769783;5.432823252441094
Fidelity (MSE);Tolerancja_1.0;726;22;0.990862956165582;0.9954209944368172;3.875787411935078;17.10206327188256
Fidelity (MSE);Tolerancja_0.01;727;2136;0.00999951043061742;0.0999975521231266;1.1865981724100068;1.7527009601588026
Fidelity (MSE);Tolerancja_0.1;727;317;0.09999799112433366;0.3162245896895649;3.200098233603353;5.542607095944523
Fidelity (MSE);Tolerancja_1.0;727;32;0.9651270379205256;0.982408793690552;3.6262472444706497;17.21910986230694
Fidelity (MSE);Tolerancja_0.01;728;1321;0.009999019187617761;0.09999509581783379;1.6394045654164504;1.6885130122150749
Fidelity (MSE);Tolerancja_0.1;728;146;0.09979753669110128;0.3159074812205328;2.5344987664836065;5.334400535689335
Fidelity (MSE);Tolerancja_1.0;728;15;0.9804561427877106;0.9901798537577456;2.731644313734658;16.720135660942983
Fidelity (MSE);Tolerancja_0.01;729;2474;0.009999354444883167;0.09999677217232147;1.1877071100274135;1.768771375786175
Fidelity (MSE);Tolerancja_0.1;729;442;0.09999771186958711;0.3162241481442983;3.9288193346159206;5.59346276303927
Fidelity (MSE);Tolerancja_1.0;729;46;0.9720711209480796;0.985936671875065;4.911302048508337;17.439528553434663
Fidelity (MSE);Tolerancja_0.01;730;2315;0.009996229149730234;0.099981143970902;1.2274157721871548;1.588438445809567
Fidelity (MSE);Tolerancja_0.1;730;370;0.09975867046412254;0.3158459600250137;3.539849749132518;5.017964847485403
Fidelity (MSE);Tolerancja_1.0;730;38;0.9563945362921779;0.9779542608385005;4.192253115190369;15.537131147561697
Fidelity (MSE);Tolerancja_0.01;731;2001;0.009998057587850601;0.09999028746758658;1.6726993549270066;1.6106990235728658
Fidelity (MSE);Tolerancja_0.1;731;273;0.09986692580756218;0.31601728719733385;3.9663418063741354;5.09058178361468
Fidelity (MSE);Tolerancja_1.0;731;26;0.9819855807870302;0.990951855938032;4.169966898512339;15.96280226001467
Fidelity (MSE);Tolerancja_0.01;732;1678;0.009987177410272535;0.09993586648582448;2.035319342476517;1.5875425301732526
Fidelity (MSE);Tolerancja_0.1;732;206;0.09988900691642306;0.31605222181852016;4.012401785157338;5.020683379613489
Fidelity (MSE);Tolerancja_1.0;732;18;0.9987368404972321;0.999368220676059;4.001854686941915;15.875577101759125
Fidelity (MSE);Tolerancja_0.01;733;2061;0.009996112906349924;0.09998056264269532;1.5143228439549679;1.9019606642591658
Fidelity (MSE);Tolerancja_0.1;733;294;0.09993840439236826;0.31613035980805176;3.65571128041809;6.013844023680741
Fidelity (MSE);Tolerancja_1.0;733;26;0.9678082810145192;0.9837724742106374;4.614002180200541;18.714603109570028
Fidelity (MSE);Tolerancja_0.01;734;1908;0.009998373402952933;0.09999186668401051;1.664920110703856;1.5252157284933898
Fidelity (MSE);Tolerancja_0.1;734;264;0.09951674423601412;0.3154627461936102;3.7744898118752763;4.811878787788967
Fidelity (MSE);Tolerancja_1.0;734;26;0.962170861365658;0.9809030845938135;4.365123887850192;14.962105042783472
Fidelity (MSE);Tolerancja_0.01;735;1672;0.00999917629684608;0.09999588139941604;2.0619826006204827;1.6431839723987873
Fidelity (MSE);Tolerancja_0.1;735;203;0.09986415500128833;0.31601290321961273;4.2714808368674495;5.192887250701399
Fidelity (MSE);Tolerancja_1.0;735;26;0.9299050675963907;0.9643158546847556;4.090228108455556;15.846136206538622
Fidelity (MSE);Tolerancja_0.01;736;1670;0.009994275003483637;0.09997137091929688;1.646807415707391;1.5716361032155926
Fidelity (MSE);Tolerancja_0.1;736;203;0.09979084531183417;0.3158968903168155;3.1386461183999232;4.966171346357038
Fidelity (MSE);Tolerancja_1.0;736;22;0.9537647333509672;0.9766087923784873;3.2878407774670846;15.353131828699809
Fidelity (MSE);Tolerancja_0.01;737;2439;0.009995982874670267;0.09997991235578409;1.1718536982564114;1.624483721197321
Fidelity (MSE);Tolerancja_0.1;737;412;0.09994932181820898;0.31614762662118623;3.779697771211772;5.1367985912379535
Fidelity (MSE);Tolerancja_1.0;737;38;0.9934704124184626;0.9967298592991295;4.283358395528955;16.194967496078817
Fidelity (MSE);Tolerancja_0.01;738;1480;0.009987336712457821;0.09993666350473095;2.227485549950276;1.8062022036762369
Fidelity (MSE);Tolerancja_0.1;738;174;0.09997877499985075;0.3161942045639843;3.8392270489816553;5.714726198019281
Fidelity (MSE);Tolerancja_1.0;738;18;0.882035088286676;0.9391672312675076;4.033835197858198;16.97400997038068
Fidelity (MSE);Tolerancja_0.01;739;2016;0.00999338992773159;0.09996694417522019;1.4993844558987046;1.5634333974255292
Fidelity (MSE);Tolerancja_0.1;739;272;0.09969050930226647;0.31573803904861775;3.361762473859362;4.9379862429426655
Fidelity (MSE);Tolerancja_1.0;739;33;0.9852424001011163;0.992593773958469;3.8783268036045353;15.523674041323657
Fidelity (MSE);Tolerancja_0.01;740;2168;0.009989464985421307;0.09994731104647742;1.3161404977465478;1.600930662380195
Fidelity (MSE);Tolerancja_0.1;740;303;0.09985363646478593;0.3159962602069618;3.3787947501886846;5.06154789824759
Fidelity (MSE);Tolerancja_1.0;740;34;0.9734045481082237;0.9866126636670663;4.066509604345331;15.803311250892063
Fidelity (MSE);Tolerancja_0.01;741;1866;0.00999558538730352;0.09997792449987908;1.7124714134180956;1.5865945848348617
Fidelity (MSE);Tolerancja_0.1;741;246;0.09970155505825957;0.31575553052679783;3.654041336123549;5.010866322455836
Fidelity (MSE);Tolerancja_1.0;741;23;0.9830967612338576;0.9915123606056848;4.349801053743127;15.734754947185495
Fidelity (MSE);Tolerancja_0.01;742;1874;0.009987267152620325;0.09993631548451407;1.5592548547787364;1.5681386704681282
Fidelity (MSE);Tolerancja_0.1;742;256;0.09984238300196857;0.31597845338245545;3.355690632486349;4.958137883925893
Fidelity (MSE);Tolerancja_1.0;742;25;0.9863412667546334;0.993147152618701;4.317734536180612;15.583849053630832
Fidelity (MSE);Tolerancja_0.01;743;1824;0.009998873853914224;0.09999436911103657;1.4169522986697585;1.6382668810542993
Fidelity (MSE);Tolerancja_0.1;743;238;0.0996972196027385;0.3157486652430038;3.339810918359283;5.17309710140089
Fidelity (MSE);Tolerancja_1.0;743;24;0.9641520723448284;0.9819124565585409;4.244645224128279;16.087252432066975
Fidelity (MSE);Tolerancja_0.01;744;1753;0.009997806143714191;0.09998903011687928;1.945864523298532;1.4134665536268094
Fidelity (MSE);Tolerancja_0.1;744;220;0.09956365094893145;0.31553708331816;3.8476944324415463;4.4605004486775695
Fidelity (MSE);Tolerancja_1.0;744;25;0.9659323474372137;0.9828185730017589;4.046749549546249;13.89333589492139
Fidelity (MSE);Tolerancja_0.01;745;1786;0.009997558089615208;0.09998778970261923;1.3523422813584451;1.6895554462950384
Fidelity (MSE);Tolerancja_0.1;745;235;0.09992752696120374;0.3161131553118341;2.889267127953479;5.341559252295661
Fidelity (MSE);Tolerancja_1.0;745;21;0.9780198883223067;0.9889488805404992;3.363989808324357;16.710880120403463
Fidelity (MSE);Tolerancja_0.01;746;1579;0.0099964219979229;0.0999821083890658;1.7110502148183526;1.6556672980123275
Fidelity (MSE);Tolerancja_0.1;746;182;0.09960064194629213;0.3155956938018834;3.0885163097664776;5.22614973859097
Fidelity (MSE);Tolerancja_1.0;746;22;0.9277238898224781;0.9631842450032486;3.703675592875009;15.94998027254017
Fidelity (MSE);Tolerancja_0.01;747;2351;0.00999589988704825;0.09997949733344456;1.3236864778432529;1.5585009602857354
Fidelity (MSE);Tolerancja_0.1;747;396;0.09968654635535115;0.31573176329813757;4.0069508657248125;4.921691640954591
Fidelity (MSE);Tolerancja_1.0;747;42;0.9766033403744743;0.9882324323631937;4.497114032495518;15.404770336931268
Fidelity (MSE);Tolerancja_0.01;748;2493;0.00998592366397619;0.09992959353452906;0.8566827696408643;1.59351029149839
Fidelity (MSE);Tolerancja_0.1;748;444;0.0997494928064071;0.3158314309982575;3.413698639426105;5.0363522743689195
Fidelity (MSE);Tolerancja_1.0;748;48;0.9723500185346365;0.9860780996121131;3.95399433842553;15.724326942349975
Fidelity (MSE);Tolerancja_0.01;749;1791;0.009995876152439789;0.09997937863599568;1.495435595529723;1.9048237119110634
Fidelity (MSE);Tolerancja_0.1;749;225;0.09996636718406678;0.31617458339352134;3.21294803026575;6.023810627432227
Fidelity (MSE);Tolerancja_1.0;749;27;0.9915884534978988;0.9957853450909482;4.476741177847417;18.97186763091038
Fidelity (MSE);Tolerancja_0.01;750;2345;0.009992917349967616;0.09996458047712507;1.075242418750047;1.4464996634187541
Fidelity (MSE);Tolerancja_0.1;750;386;0.09988782382518113;0.3160503501424751;3.399613829065591;4.573287087510794
Fidelity (MSE);Tolerancja_1.0;750;40;0.9856913692373226;0.9928199077563477;3.8819877704566013;14.366225072425745
Fidelity (MSE);Tolerancja_0.01;751;2389;0.00999569582180408;0.09997847679277816;1.2328826717769;1.6191421696387451
Fidelity (MSE);Tolerancja_0.1;751;396;0.09982960788764654;0.31595823756890173;3.989482712660963;5.116914387012337
Fidelity (MSE);Tolerancja_1.0;751;33;0.9920173613645235;0.9960006834156909;4.553241620375571;16.13013879827227
Fidelity (MSE);Tolerancja_0.01;752;1834;0.00999327165186724;0.0999663525985981;1.8604549059543354;1.6838893665716927
Fidelity (MSE);Tolerancja_0.1;752;248;0.09937207377627573;0.31523336399606516;3.85270210640732;5.309967762383301
Fidelity (MSE);Tolerancja_1.0;752;28;0.9473466155884606;0.9733173252277288;4.401709294744185;16.395103468784143
Fidelity (MSE);Tolerancja_0.01;753;1526;0.009992420736282173;0.09996209649803356;1.919816405557464;1.6103367979230565
Fidelity (MSE);Tolerancja_0.1;753;168;0.09967312746096821;0.3157105121166671;3.4826234298352228;5.085930297216238
Fidelity (MSE);Tolerancja_1.0;753;26;0.9338235722652467;0.9663454725227654;3.6903312813924796;15.567317297515517
Fidelity (MSE);Tolerancja_0.01;754;1434;0.009989823220127087;0.0999491031481878;1.666742707677332;1.7007963718894819
Fidelity (MSE);Tolerancja_0.1;754;165;0.09992491904192166;0.3161090303074584;2.901709127632236;5.379108715676109
Fidelity (MSE);Tolerancja_1.0;754;16;0.9583106535217938;0.9789334265014111;3.637119892780804;16.658142671339483
Fidelity (MSE);Tolerancja_0.01;755;1666;0.009997962544586795;0.09998981220397804;2.028588518008551;1.7215146937185561
Fidelity (MSE);Tolerancja_0.1;755;202;0.09957853584613408;0.3155606690418406;3.8249220595670375;5.432976785744722
Fidelity (MSE);Tolerancja_1.0;755;19;0.9801916489164283;0.9900462862495008;4.177119148614457;17.04552885611076
Fidelity (MSE);Tolerancja_0.01;756;2060;0.009998534044299753;0.0999926699528508;1.615677090500887;1.588970604377737
Fidelity (MSE);Tolerancja_0.1;756;303;0.09999033967752448;0.316212491336956;3.8889882133132216;5.024891861657385
Fidelity (MSE);Tolerancja_1.0;756;30;0.9966384052608248;0.9983177877113203;5.021133603547016;15.864139033878018
Fidelity (MSE);Tolerancja_0.01;757;1763;0.009999982982394382;0.09999991491193572;1.4470538853251815;1.6814506606027093
Fidelity (MSE);Tolerancja_0.1;757;211;0.09982258240821086;0.3159471196390479;3.0459889950438654;5.312499450628952
Fidelity (MSE);Tolerancja_1.0;757;24;0.9403058391075246;0.9696936831327327;4.059110533773425;16.30493471441141
Fidelity (MSE);Tolerancja_0.01;758;2358;0.009999528808149211;0.09999764401299269;1.2206418350554635;1.5623116725230388
Fidelity (MSE);Tolerancja_0.1;758;362;0.09979059178839901;0.31589648904094997;3.914931377968435;4.935403998854194
Fidelity (MSE);Tolerancja_1.0;758;38;0.9979080518794646;0.9989534783359356;4.70856867868239;15.607134497178194
Fidelity (MSE);Tolerancja_0.01;759;2157;0.009996946210642168;0.09998472988732914;1.6374861627231094;1.9137406419578724
Fidelity (MSE);Tolerancja_0.1;759;320;0.09969566923822795;0.3157462101723914;3.8638888785613323;6.043486396692799
Fidelity (MSE);Tolerancja_1.0;759;36;0.9778695260710653;0.9888728563728834;4.476392024389308;18.927351977670167
Fidelity (MSE);Tolerancja_0.01;760;1754;0.009994078916671983;0.09997039019965853;1.887136819805292;1.5121562955779615
Fidelity (MSE);Tolerancja_0.1;760;224;0.09936161761284547;0.3152167787616095;3.7021255679459024;4.767982154758074
Fidelity (MSE);Tolerancja_1.0;760;23;0.9963636851620132;0.9981801867208211;3.856446287799778;15.098515174908563
Fidelity (MSE);Tolerancja_0.01;761;1740;0.009993478901057083;0.09996738918796011;1.7266139373332372;1.7968987458024972
Fidelity (MSE);Tolerancja_0.1;761;219;0.09988332534968104;0.3160432333553133;3.4452609338317064;5.68082946097311
Fidelity (MSE);Tolerancja_1.0;761;22;0.9915236254629123;0.9957527933492892;4.777517012486648;17.898506303235205
Fidelity (MSE);Tolerancja_0.01;762;1597;0.009995922119726846;0.09997960851957186;1.6115871156251318;1.7216915892793723
Fidelity (MSE);Tolerancja_0.1;762;192;0.0998991755539878;0.3160683083670171;3.0501252497185716;5.4428313554231025
Fidelity (MSE);Tolerancja_1.0;762;22;0.9297241077311713;0.9642220220110985;3.75632977050587;16.604315320653416
Fidelity (MSE);Tolerancja_0.01;763;1411;0.009998078303284171;0.09999039105476171;1.9415873262332815;1.438405804939492
Fidelity (MSE);Tolerancja_0.1;763;156;0.09929698991618072;0.31511424898944307;3.2058627323558335;4.533057228642354
Fidelity (MSE);Tolerancja_1.0;763;18;0.9437411675786578;0.9714634154607459;3.7662319988236366;13.974929004125922
Fidelity (MSE);Tolerancja_0.01;764;1866;0.009999335674339704;0.09999667831653061;1.3750848440492511;1.6338224607535006
Fidelity (MSE);Tolerancja_0.1;764;238;0.09948845454213488;0.31541790459981006;2.996283347969856;5.153539754867872
Fidelity (MSE);Tolerancja_1.0;764;25;0.9823607988716025;0.9911411599119484;3.4980922022403034;16.194024802659083
Fidelity (MSE);Tolerancja_0.01;765;2128;0.009991329737330254;0.09995663928589363;1.7666486336000609;1.6108423474346028
Fidelity (MSE);Tolerancja_0.1;765;313;0.09983334966029951;0.31596415882232515;4.138746033244629;5.091892353911722
Fidelity (MSE);Tolerancja_1.0;765;32;0.9316132071782169;0.9652011226569398;5.362306999941299;15.554613012951085
Fidelity (MSE);Tolerancja_0.01;766;1950;0.009991260975037114;0.09995629532469234;1.6747950199138248;1.36271184402263
Fidelity (MSE);Tolerancja_0.1;766;262;0.0996614862200989;0.31569207500363217;3.6774739182747105;4.303854282255074
Fidelity (MSE);Tolerancja_1.0;766;28;0.979745339674277;0.9898208624161632;4.514602844517453;13.494303768399005
Fidelity (MSE);Tolerancja_0.01;767;1446;0.009989552624507871;0.09994774947195095;2.116532276104037;1.7444923487309212
Fidelity (MSE);Tolerancja_0.1;767;168;0.09934337956229654;0.3151878480561973;3.4349614798091714;5.50130235299902
Fidelity (MSE);Tolerancja_1.0;767;18;0.9201185648716764;0.9592281088832189;3.596414782074688;16.74240896343559
Fidelity (MSE);Tolerancja_0.01;768;2807;0.00999617931723142;0.09998089476110633;0.8092574157080197;1.7310744896543977
Fidelity (MSE);Tolerancja_0.1;768;610;0.09997899402981687;0.3161945509173377;3.5825709023472694;5.474609145763111
Fidelity (MSE);Tolerancja_1.0;768;63;0.9969313642294135;0.998464503239556;4.657049843601851;17.287467115725587
Fidelity (MSE);Tolerancja_0.01;769;2100;0.009988025741457917;0.09994011077369244;1.1579298421943252;1.8424503697577594
Fidelity (MSE);Tolerancja_0.1;769;296;0.09956921224937366;0.31554589563068897;3.034337699561298;5.817260433068724
Fidelity (MSE);Tolerancja_1.0;769;32;0.9679140171097937;0.9838262128596664;4.132080991974088;18.137372028387013
Fidelity (MSE);Tolerancja_0.01;770;2254;0.00999207471845682;0.09996036573791045;1.2282535603721367;1.5980792096992789
Fidelity (MSE);Tolerancja_0.1;770;348;0.0998096970779715;0.3159267273878098;3.4596152710191515;5.050761180191581
Fidelity (MSE);Tolerancja_1.0;770;34;0.9893482916417579;0.9946598874196938;5.936519382351001;15.90175541148901
Fidelity (MSE);Tolerancja_0.01;771;2266;0.009991957653913017;0.09995978018139604;1.3101262369254707;1.5203401584073262
Fidelity (MSE);Tolerancja_0.1;771;344;0.09992085472191102;0.316102601574095;3.47087650079278;4.807768469258508
Fidelity (MSE);Tolerancja_1.0;771;37;0.9908115442749209;0.9953951699073694;4.214092763122945;15.139481574975608
Fidelity (MSE);Tolerancja_0.01;772;2785;0.009991936930298954;0.0999596765215802;0.8845408468741116;1.7229178787940045
Fidelity (MSE);Tolerancja_0.1;772;556;0.09984167674859266;0.3159773358147585;3.6398923076982532;5.446226119503437
Fidelity (MSE);Tolerancja_1.0;772;59;0.9982557691253789;0.9991275039380003;4.964891743120802;17.22109054002364
Fidelity (MSE);Tolerancja_0.01;773;1524;0.009999353975227316;0.0999967698239664;2.292119059256585;1.5361533470405957
Fidelity (MSE);Tolerancja_0.1;773;178;0.09926756033556075;0.31506754884557814;3.9772348439282212;4.8400770400386675
Fidelity (MSE);Tolerancja_1.0;773;19;0.9708624447598595;0.9853235228897459;4.117096641521808;15.136569213880197
Fidelity (MSE);Tolerancja_0.01;774;1613;0.009997533092891505;0.09998766470365984;1.6016349891966728;1.7857153071701877
Fidelity (MSE);Tolerancja_0.1;774;182;0.09959348054711947;0.3155843477536861;2.969895574203944;5.6361332386078775
Fidelity (MSE);Tolerancja_1.0;774;22;0.9495246011841367;0.9744355295165179;4.066791885779429;17.402791094934354
Fidelity (MSE);Tolerancja_0.01;775;1702;0.009998019740591509;0.09999009821273058;1.6636643830213647;1.8454715835158892
Fidelity (MSE);Tolerancja_0.1;775;204;0.0996325206228213;0.3156461953244824;3.365499251481504;5.82573769131545
Fidelity (MSE);Tolerancja_1.0;775;21;0.9906189970896495;0.9952984462409501;3.9278084843402015;18.369768931993434
Fidelity (MSE);Tolerancja_0.01;776;1904;0.009992442967766864;0.0999622076975437;1.8515797669804093;1.782009857379455
Fidelity (MSE);Tolerancja_0.1;776;232;0.09991725805233352;0.31609691243720417;3.915595110753612;5.63500773767074
Fidelity (MSE);Tolerancja_1.0;776;24;0.97253996453081;0.9861744087791013;4.3996313562309854;17.58036920169879
Fidelity (MSE);Tolerancja_0.01;777;1918;0.00999220617990349;0.09996102330360314;1.4436571488530223;1.4632344091078342
Fidelity (MSE);Tolerancja_0.1;777;252;0.09958797152158758;0.31557561933962447;3.0710909196365095;4.619411542944959
Fidelity (MSE);Tolerancja_1.0;777;28;0.9426805551183214;0.9709173781111972;3.562718076055475;14.21233665984146
Fidelity (MSE);Tolerancja_0.01;778;2076;0.009988783873581415;0.09994390363389562;1.2978976686369759;1.5299155348267968
Fidelity (MSE);Tolerancja_0.1;778;298;0.09978272857879494;0.3158840429315716;3.4299696392604586;4.8354715686831025
Fidelity (MSE);Tolerancja_1.0;778;34;0.9409985094651976;0.9700507767458348;3.7424515467189785;14.849287439788652
Fidelity (MSE);Tolerancja_0.01;779;2282;0.00999166054358847;0.09995829402099893;1.197584669889281;1.4698877147998135
Fidelity (MSE);Tolerancja_0.1;779;369;0.09987368995123977;0.3160279891896282;3.617900302104743;4.647194746492339
Fidelity (MSE);Tolerancja_1.0;779;31;0.9906439332231023;0.995310973125034;4.1987197754998515;14.636057829224193
Fidelity (MSE);Tolerancja_0.01;780;1718;0.009986181967159847;0.09993088595204111;1.7257291937789783;1.8642996123924573
Fidelity (MSE);Tolerancja_0.1;780;220;0.09980469134477714;0.3159188049875745;3.313038873647444;5.893746463615674
Fidelity (MSE);Tolerancja_1.0;780;23;0.984447238244971;0.992193145634947;3.6740378598734607;18.510246148657338
Fidelity (MSE);Tolerancja_0.01;781;2147;0.009997407251711245;0.09998703541815432;1.2936192263061095;1.8324517619835539
Fidelity (MSE);Tolerancja_0.1;781;323;0.09987027784439924;0.3160225907184473;3.6448930381463516;5.791712403181039
Fidelity (MSE);Tolerancja_1.0;781;30;0.9489572450177564;0.9741443655935994;3.8683017284012857;17.853040163587377
Fidelity (MSE);Tolerancja_0.01;782;1946;0.00999976515133906;0.09999882574980098;1.470104636779035;1.599062895625871
Fidelity (MSE);Tolerancja_0.1;782;263;0.09986653793344599;0.3160166735054434;3.285551654849215;5.053364709161852
Fidelity (MSE);Tolerancja_1.0;782;28;0.9551656650484898;0.9773257722215708;4.529662374596665;15.628237307591844
Fidelity (MSE);Tolerancja_0.01;783;1966;0.009990919335954206;0.09995458636778108;1.3242917161919252;1.8877186260446346
Fidelity (MSE);Tolerancja_0.1;783;266;0.09973922485826654;0.31581517515513174;3.114435844026691;5.964410540745909
Fidelity (MSE);Tolerancja_1.0;783;28;0.9890550582859526;0.9945124726648493;3.8551197026117947;18.782126830833263
Fidelity (MSE);Tolerancja_0.01;784;1786;0.009992680148462631;0.09996339404233247;1.6903265011161168;1.6318112282121884
Fidelity (MSE);Tolerancja_0.1;784;228;0.09987669403034724;0.316032742022638;3.524257740882244;5.158946250832935
Fidelity (MSE);Tolerancja_1.0;784;22;0.951132885953136;0.9752604195563029;4.264069289857753;15.920236785767417
Fidelity (MSE);Tolerancja_0.01;785;2239;0.009996311126519103;0.09998155393130827;1.4144878792382727;1.7768288271468404
Fidelity (MSE);Tolerancja_0.1;785;340;0.0995853892210938;0.31557152789992604;3.9845356176617788;5.60820037048633
Fidelity (MSE);Tolerancja_1.0;785;36;0.9907113013654881;0.9953448153104973;4.431839770261865;17.688836502880484
Fidelity (MSE);Tolerancja_0.01;786;2410;0.009991288099477934;0.09995643100610352;1.2461614346342853;1.6852790944510545
Fidelity (MSE);Tolerancja_0.1;786;402;0.09988412499970718;0.3160444984487267;3.573963573820637;5.328553458650247
Fidelity (MSE);Tolerancja_1.0;786;40;0.9845530696227363;0.9922464762460668;4.308286554294507;16.72941126577551
Fidelity (MSE);Tolerancja_0.01;787;2314;0.009995616701359128;0.09997808110460576;1.3458194085983557;1.506756242429053
Fidelity (MSE);Tolerancja_0.1;787;374;0.0996131941874061;0.31561557976026167;4.0115777288756815;4.756600044304424
Fidelity (MSE);Tolerancja_1.0;787;34;0.9853345876482683;0.9926402105739361;4.241152559375889;14.959947392903766
Fidelity (MSE);Tolerancja_0.01;788;2434;0.00998534025313264;0.09992667438243225;1.0860537752366817;1.6782126226571776
Fidelity (MSE);Tolerancja_0.1;788;406;0.09983029158071693;0.3159593195028704;3.5843839705710794;5.306360103675281
Fidelity (MSE);Tolerancja_1.0;788;42;0.995138775037733;0.9975664263785811;4.45026562437584;16.75357034579617
Fidelity (MSE);Tolerancja_0.01;789;2128;0.009991776524111543;0.09995887416388574;1.3684761721906513;1.6852646496103807
Fidelity (MSE);Tolerancja_0.1;789;306;0.09964541026395786;0.31566661252650374;3.375551322016766;5.322006551223988
Fidelity (MSE);Tolerancja_1.0;789;30;0.9752463907878602;0.9875456398505642;4.467889349810176;16.64960485637711
Fidelity (MSE);Tolerancja_0.01;790;1897;0.009998502400475593;0.09999251172200643;1.4979738006578955;1.5216971034153115
Fidelity (MSE);Tolerancja_0.1;790;244;0.09978329203713004;0.31588493480558716;3.2250826821223804;4.807171877455778
Fidelity (MSE);Tolerancja_1.0;790;27;0.9856833980416548;0.9928158933264791;4.058497260253565;15.108782078599372
Fidelity (MSE);Tolerancja_0.01;791;2318;0.009997904725679107;0.09998952307956623;1.173959097521875;1.4189490201961008
Fidelity (MSE);Tolerancja_0.1;791;382;0.09985868706401381;0.316004251654964;3.54253759644788;4.484409060605336
Fidelity (MSE);Tolerancja_1.0;791;40;0.9763065895600477;0.9880822787400084;4.3240348499101;14.02185287128132
Fidelity (MSE);Tolerancja_0.01;792;2436;0.009998993343502295;0.09999496659083544;1.1243861356105658;1.6919044678844233
Fidelity (MSE);Tolerancja_0.1;792;416;0.09977175892448266;0.3158666790348147;3.532580930778436;5.344431462251195
Fidelity (MSE);Tolerancja_1.0;792;43;0.9882770356829649;0.994121237919684;4.525329666025711;16.820428281529708
Fidelity (MSE);Tolerancja_0.01;793;2377;0.009997031178545186;0.09998515479082475;1.2318006349737278;1.6268606377077437
Fidelity (MSE);Tolerancja_0.1;793;384;0.09963567307105647;0.3156511889270441;3.7900804834901933;5.1359673902128335
Fidelity (MSE);Tolerancja_1.0;793;39;0.9999412040533012;0.9999706015945174;4.500048799294942;16.27054350220738
Fidelity (MSE);Tolerancja_0.01;794;1826;0.009995869533083181;0.09997934553238075;1.7863611456965496;1.4430538385548715
Fidelity (MSE);Tolerancja_0.1;794;220;0.09988382486078386;0.3160440236118757;3.8900278530463828;4.561627594148781
Fidelity (MSE);Tolerancja_1.0;794;24;0.9822966128280796;0.991108779513167;4.422059596975837;14.305187947431572
Fidelity (MSE);Tolerancja_0.01;795;1814;0.009987337656456284;0.09993666822771452;1.6793002383681515;1.5871056515671742
Fidelity (MSE);Tolerancja_0.1;795;225;0.09992006494379933;0.3161013523283305;3.561074516941807;5.020041708866896
Fidelity (MSE);Tolerancja_1.0;795;21;0.9825200999976863;0.9912215191357007;3.7584910428003226;15.74170224877476
Fidelity (MSE);Tolerancja_0.01;796;2072;0.009991654301186769;0.09995826279596284;1.281446750287243;1.6618841725660842
Fidelity (MSE);Tolerancja_0.1;796;291;0.09994878058960271;0.3161467706455385;3.175820375329038;5.256186928900092
Fidelity (MSE);Tolerancja_1.0;796;29;0.9921640208682798;0.9960743048931038;3.7207747499371315;16.56051311516461
Fidelity (MSE);Tolerancja_0.01;797;1084;0.009987303844080805;0.0999364990585562;1.6974438463050365;1.4363222703035659
Fidelity (MSE);Tolerancja_0.1;797;120;0.09994551264732522;0.31614160220908166;2.4066048935655084;4.543697528930778
Fidelity (MSE);Tolerancja_1.0;797;14;0.8575785337389614;0.9260553621349867;2.54257838459708;13.309591117346983
Fidelity (MSE);Tolerancja_0.01;798;1138;0.009995130822372326;0.09997565114752854;2.3483233442686933;1.9664974546361422
Fidelity (MSE);Tolerancja_0.1;798;124;0.0992605249175954;0.315056383711861;3.456361056349463;6.197084685369996
Fidelity (MSE);Tolerancja_1.0;798;17;0.9693109085981861;0.9845358848707274;3.563156306326258;19.365588414515553
Fidelity (MSE);Tolerancja_0.01;799;1526;0.009997205357494241;0.09998602581108143;1.896702359678156;1.7340765660823227
Fidelity (MSE);Tolerancja_0.1;799;165;0.09982940078197976;0.3159579098265776;3.3618281185034693;5.479717819106445
Fidelity (MSE);Tolerancja_1.0;799;20;0.9534255066700537;0.9764351011050625;3.8832327898355254;16.934498730110082
Fidelity (MSE);Tolerancja_0.01;800;2239;0.009996439554902816;0.09998219618963576;1.376998352826316;1.5999616040456823
Fidelity (MSE);Tolerancja_0.1;800;344;0.09985708838771304;0.31600172212776473;3.656361499964479;5.056806526411814
Fidelity (MSE);Tolerancja_1.0;800;36;0.9968848869071207;0.9984412285693739;4.998414420690305;15.977520903594556
Fidelity (MSE);Tolerancja_0.01;801;1574;0.00999182417389523;0.09995911251054218;1.3611733800095207;1.4367856795378773
Fidelity (MSE);Tolerancja_0.1;801;182;0.09933871703595637;0.31518045154475616;3.4196060560804127;4.53031992658026
Fidelity (MSE);Tolerancja_1.0;801;16;0.9909158080455495;0.9954475415839599;4.104299013168815;14.308298028638244
Fidelity (MSE);Tolerancja_0.01;802;1855;0.009994327930143092;0.09997163562802747;1.8022240510768324;1.4341007100771355
Fidelity (MSE);Tolerancja_0.1;802;232;0.09952487492406116;0.3154756328530956;3.897748799858357;4.52552192673958
Fidelity (MSE);Tolerancja_1.0;802;22;0.9775463488053489;0.9887094359847836;4.017829391684536;14.183111992700312
Fidelity (MSE);Tolerancja_0.01;803;2175;0.009989678767787407;0.09994838051608143;1.4829050829023362;1.848991433951041
Fidelity (MSE);Tolerancja_0.1;803;328;0.099595026617351;0.3155867972798466;3.7074081431573536;5.838186490121204
Fidelity (MSE);Tolerancja_1.0;803;36;0.9809452505593821;0.9904268022218412;4.525152968384692;18.322364642707306
Fidelity (MSE);Tolerancja_0.01;804;2272;0.00999633875072615;0.09998169207773067;1.3698338614113634;1.606121448857327
Fidelity (MSE);Tolerancja_0.1;804;364;0.09993044718027576;0.31611777422390497;3.98991412322932;5.078165081976432
Fidelity (MSE);Tolerancja_1.0;804;39;0.9927965070496315;0.996391743768299;4.368913555672821;16.006191912479803
Fidelity (MSE);Tolerancja_0.01;805;2749;0.009999748285027303;0.09999874141721636;0.8583740967161164;1.6802197823381344
Fidelity (MSE);Tolerancja_0.1;805;590;0.09995442825065386;0.31615570254330994;3.3608198980666737;5.312177515274445
Fidelity (MSE);Tolerancja_1.0;805;66;0.9848677717835215;0.9924050442150733;4.404853476278688;16.67479573993156
Fidelity (MSE);Tolerancja_0.01;806;1900;0.0099869005402454;0.09993448123768593;1.25602567685866;1.8848551049940474
Fidelity (MSE);Tolerancja_0.1;806;264;0.09983037366419169;0.31595944939848164;2.9399878765328005;5.959282259677709
Fidelity (MSE);Tolerancja_1.0;806;24;0.9689294902993574;0.9843421611916038;3.6965604000265495;18.565587418921893
Fidelity (MSE);Tolerancja_0.01;807;2424;0.009999937566343339;0.09999968783122945;1.03356815733774;1.7848590848720085
Fidelity (MSE);Tolerancja_0.1;807;412;0.09982449157434978;0.31595014096269963;3.4076910756817975;5.639282398717194
Fidelity (MSE);Tolerancja_1.0;807;48;0.9839484253027302;0.9919417449138483;3.9647601099105523;17.70481761964424
Fidelity (MSE);Tolerancja_0.01;808;1766;0.009992022451341275;0.09996010429837134;1.6004362668914132;1.5130545516642766
Fidelity (MSE);Tolerancja_0.1;808;225;0.09981680786610818;0.31593798104391974;3.2320041201162595;4.782221903603129
Fidelity (MSE);Tolerancja_1.0;808;26;0.9627927123075891;0.9812200121825834;4.35591453779277;14.852319493239307
Fidelity (MSE);Tolerancja_0.01;809;2072;0.009996153091591898;0.09998076360776556;1.2103197899176323;1.7334779321509786
Fidelity (MSE);Tolerancja_0.1;809;299;0.09997351117358409;0.3161858807309145;3.232447107632952;5.4820670189619385
Fidelity (MSE);Tolerancja_1.0;809;31;0.9957696078503614;0.9978825621536641;3.8436459630748794;17.301402169299884
Fidelity (MSE);Tolerancja_0.01;810;1946;0.00999194095018571;0.09995969662912003;1.711993003273776;1.4468663559421244
Fidelity (MSE);Tolerancja_0.1;810;282;0.09973411534588499;0.31580708564863613;3.6241446899999863;4.571148798985376
Fidelity (MSE);Tolerancja_1.0;810;24;0.9800563049325679;0.989977931538157;4.640420904821799;14.329432867150796
Fidelity (MSE);Tolerancja_0.01;811;2350;0.00998903850564028;0.09994517750066924;1.1173543155132233;1.6144968171591505
Fidelity (MSE);Tolerancja_0.1;811;388;0.09962288451223579;0.3156309308547497;3.591411368881599;5.098646538083952
Fidelity (MSE);Tolerancja_1.0;811;36;0.9798811718808429;0.9898894745782697;4.3373010439450015;15.990500452463142
Fidelity (MSE);Tolerancja_0.01;812;2279;0.00999715862684978;0.09998579212493033;1.2683168569046934;1.7839113026957811
Fidelity (MSE);Tolerancja_0.1;812;357;0.0999376065697117;0.31612909794846744;3.7965783354019966;5.640264071085746
Fidelity (MSE);Tolerancja_1.0;812;36;0.9791660808422241;0.9895282112412077;4.022925882206742;17.65481397760901
Fidelity (MSE);Tolerancja_0.01;813;1606;0.00999765195454998;0.0999882590835043;1.6256985906949204;1.5601325849455656
Fidelity (MSE);Tolerancja_0.1;813;184;0.09980696891933907;0.3159224096504379;2.9687107708426597;4.929387211337928
Fidelity (MSE);Tolerancja_1.0;813;18;0.9800553872009248;0.9899774680268864;3.3914897366846395;15.446774655220072
Fidelity (MSE);Tolerancja_0.01;814;1630;0.00999168933638312;0.09995843804493507;1.8677863484412134;1.8947014676866987
Fidelity (MSE);Tolerancja_0.1;814;198;0.09966236094874557;0.3156934604149183;3.5273811584910177;5.983935668526052
Fidelity (MSE);Tolerancja_1.0;814;23;0.9684348236238457;0.9840908614674997;3.7861197196779925;18.65333668700736
Fidelity (MSE);Tolerancja_0.01;815;1481;0.009998996194546141;0.0999949808467712;1.7357655479855971;1.8674674991064015
Fidelity (MSE);Tolerancja_0.1;815;176;0.09966306179868661;0.3156945704295318;3.0195512666017708;5.895789417920007
Fidelity (MSE);Tolerancja_1.0;815;21;0.9777422544563026;0.9888085024190997;3.5431424660028954;18.4666042782423
Fidelity (MSE);Tolerancja_0.01;816;2386;0.00999148819806772;0.09995743193013575;1.2762445859235214;1.5692460826822174
Fidelity (MSE);Tolerancja_0.1;816;392;0.0996387487018017;0.31565606077153296;3.6711291551934133;4.9555298418114875
Fidelity (MSE);Tolerancja_1.0;816;38;0.9784710805902754;0.9891769713202362;4.3848308540546945;15.529231367295221
Fidelity (MSE);Tolerancja_0.01;817;1818;0.009986196103988773;0.09993095668504717;1.4123816525584738;1.5902589999167887
Fidelity (MSE);Tolerancja_0.1;817;234;0.09989628469365915;0.31606373517640257;2.978788448894526;5.0297046689516876
Fidelity (MSE);Tolerancja_1.0;817;24;0.9829031497568369;0.9914147213738743;3.7378939858993383;15.77695476571685
Fidelity (MSE);Tolerancja_0.01;818;1664;0.009991871722430106;0.09995935035018037;1.4184603630377044;1.900812773381898
Fidelity (MSE);Tolerancja_0.1;818;203;0.09976227215620538;0.31585166163280726;2.6791820963127053;6.006190224549152
Fidelity (MSE);Tolerancja_1.0;818;21;0.9872303993915872;0.9935946856699603;3.2644856465200545;18.894055068080227
Fidelity (MSE);Tolerancja_0.01;819;2127;0.009999200890195445;0.09999600437115197;1.5721423340971397;1.659972541823888
Fidelity (MSE);Tolerancja_0.1;819;314;0.09961471835107294;0.31561799433979193;3.9466227057080028;5.23938138933007
Fidelity (MSE);Tolerancja_1.0;819;33;0.996552500753946;0.9982747621541607;4.270658233044786;16.57174908930403
Fidelity (MSE);Tolerancja_0.01;820;1676;0.009992488997146214;0.099962437931186;1.9159194625750362;1.5827532719164101
Fidelity (MSE);Tolerancja_0.1;820;197;0.09992151229596191;0.3161036416999366;3.7325891709792556;5.005020720980042
Fidelity (MSE);Tolerancja_1.0;820;25;0.987439826958765;0.9937000689135354;3.9916138801255694;15.733730268355012
Fidelity (MSE);Tolerancja_0.01;821;2464;0.00999819799548254;0.09999098957147359;1.0437428525471626;1.5917506749981147
Fidelity (MSE);Tolerancja_0.1;821;423;0.09996874557925024;0.3161783445766807;3.57058512302078;5.033224449088738
Fidelity (MSE);Tolerancja_1.0;821;41;0.9949813605946259;0.997487524029562;4.2428353024226535;15.878945157766722
Fidelity (MSE);Tolerancja_0.01;822;2160;0.009996682836337043;0.0999834128060102;1.541087675640437;1.7015654225860777
Fidelity (MSE);Tolerancja_0.1;822;332;0.0999947588104892;0.3162194788599988;4.108470657643169;5.381573963876725
Fidelity (MSE);Tolerancja_1.0;822;30;0.9658587033329761;0.9827811065201528;4.52233445395183;16.72543776906417
Fidelity (MSE);Tolerancja_0.01;823;2038;0.009991487884084485;0.09995743035955099;1.9284163032376682;1.7286720825485613
Fidelity (MSE);Tolerancja_0.1;823;258;0.09954406574975297;0.3155060470890423;4.187870561351384;5.45638771941445
Fidelity (MSE);Tolerancja_1.0;823;27;0.9864197841964986;0.9931866814433722;4.633821181122204;17.1762527587441
Fidelity (MSE);Tolerancja_0.01;824;1925;0.009993247341096818;0.09996623100375855;1.8365205661099682;2.0172121425927645
Fidelity (MSE);Tolerancja_0.1;824;252;0.09995770681923007;0.31616088755446975;4.065451938060189;6.379790204992355
Fidelity (MSE);Tolerancja_1.0;824;26;0.9487231373010924;0.9740241974925943;4.630987240321687;19.65477160269612
Fidelity (MSE);Tolerancja_0.01;825;2010;0.009999615613432952;0.09999807804869527;1.6082107516779403;1.5131300125774265
Fidelity (MSE);Tolerancja_0.1;825;272;0.09953245843793153;0.3154876517994508;3.865386029457942;4.773830096043074
Fidelity (MSE);Tolerancja_1.0;825;24;0.9872481940202342;0.9936036403014203;4.644835545233503;15.034803849071388
Fidelity (MSE);Tolerancja_0.01;826;2089;0.009997539029953074;0.0999876943926255;1.2897872209913461;1.5126998892611954
Fidelity (MSE);Tolerancja_0.1;826;301;0.09984708656460792;0.3159858961482425;3.3350768247040277;4.7805065714846595
Fidelity (MSE);Tolerancja_1.0;826;30;0.9813308005141603;0.9906214213886959;3.6157439074975084;14.986973382446248
Fidelity (MSE);Tolerancja_0.01;827;1852;0.00999917526848628;0.09999587625740514;1.842655565549225;1.663479622247187
Fidelity (MSE);Tolerancja_0.1;827;241;0.09987358677339493;0.3160278259479613;3.6572644707738187;5.257275281775269
Fidelity (MSE);Tolerancja_1.0;827;26;0.9606770960876049;0.9801413653588981;4.1696794301331686;16.30512426331501
Fidelity (MSE);Tolerancja_0.01;828;2236;0.009999929361584243;0.09999964680729749;1.3116046578371572;1.7934761226052147
Fidelity (MSE);Tolerancja_0.1;828;336;0.09971115454870771;0.3157707309880188;3.6664248274957805;5.6632926647824755
Fidelity (MSE);Tolerancja_1.0;828;36;0.9856092420641915;0.992778546335582;4.153277022733444;17.805309065928093
Fidelity (MSE);Tolerancja_0.01;829;2449;0.0099975662379363;0.09998783044919167;1.1104734281858697;1.5938250960128155
Fidelity (MSE);Tolerancja_0.1;829;420;0.09976214827587047;0.3158514655275015;3.456882790883301;5.03473262804682
Fidelity (MSE);Tolerancja_1.0;829;40;0.9921121518879472;0.9960482678504828;4.462764857226498;15.877199445255375
Fidelity (MSE);Tolerancja_0.01;830;2374;0.009998829137752489;0.09999414551738761;1.1098874308000113;1.9039112573720454
Fidelity (MSE);Tolerancja_0.1;830;396;0.09999392212894218;0.3162181559128795;3.33404684708022;6.020865558806855
Fidelity (MSE);Tolerancja_1.0;830;41;0.990664309658933;0.9953212092882041;4.288629586000024;18.951142041965387
Fidelity (MSE);Tolerancja_0.01;831;2133;0.009995720951884439;0.09997860247015078;1.1947110416904958;1.5539083059880623
Fidelity (MSE);Tolerancja_0.1;831;302;0.09963300920587183;0.3156469692645121;3.2841291339111893;4.905914217459897
Fidelity (MSE);Tolerancja_1.0;831;34;0.9629284949375703;0.9812892004590544;4.013103070694462;15.251597856901006
Fidelity (MSE);Tolerancja_0.01;832;1915;0.009995107230117345;0.0999755331574548;1.580108074649388;1.6334327908215338
Fidelity (MSE);Tolerancja_0.1;832;253;0.09989599833549362;0.31606328216908336;3.337786918187356;5.16394474492646
Fidelity (MSE);Tolerancja_1.0;832;28;0.9518519226663499;0.975628988225724;3.8348751500437688;15.940143860339123
Fidelity (MSE);Tolerancja_0.01;833;1265;0.009995502746571823;0.09997751120412941;1.9414023833380392;1.6276897385793383
Fidelity (MSE);Tolerancja_0.1;833;148;0.09973639974188155;0.31581070238654285;3.029914307292102;5.141574674314131
Fidelity (MSE);Tolerancja_1.0;833;16;0.9556427861088911;0.9775698369471569;3.638774796924382;15.915383101453347
Fidelity (MSE);Tolerancja_0.01;834;1804;0.0099860798397282;0.09993037496041031;1.7861654296340959;1.5210580119106747
Fidelity (MSE);Tolerancja_0.1;834;233;0.09990594375743163;0.31607901505388114;3.5476844630758833;4.811094909180621
Fidelity (MSE);Tolerancja_1.0;834;28;0.9319896585410541;0.9653961148363164;3.8154653502520057;14.694465979147642
Fidelity (MSE);Tolerancja_0.01;835;2273;0.009999471722698064;0.09999735857860478;1.2936483009640831;1.666941433309293
Fidelity (MSE);Tolerancja_0.1;835;366;0.09965518148478664;0.3156820892682805;3.9872765104415313;5.262374545036526
Fidelity (MSE);Tolerancja_1.0;835;38;0.9508830671646777;0.9751323331551865;4.682000790741651;16.2553142623082
Fidelity (MSE);Tolerancja_0.01;836;1692;0.009998619074956;0.09999309513639429;1.8649293566532845;1.6283169641052218
Fidelity (MSE);Tolerancja_0.1;836;220;0.09975456082788116;0.3158394541976685;3.5122082632938767;5.143222544539617
Fidelity (MSE);Tolerancja_1.0;836;20;0.9535363698431835;0.9764918688054619;4.015041904235902;15.901480728423028
Fidelity (MSE);Tolerancja_0.01;837;2547;0.009997240305522934;0.0999862005754941;1.03956465037788;1.5975562458153632
Fidelity (MSE);Tolerancja_0.1;837;463;0.09990104479754297;0.31607126537783053;3.894052765947433;5.05011312781972
Fidelity (MSE);Tolerancja_1.0;837;46;0.9808002023949677;0.9903535744343874;4.23674618104845;15.823638955143963
Fidelity (MSE);Tolerancja_0.01;838;1624;0.009993154542465306;0.09996576685278469;1.7682943985115047;1.5361590635857951
Fidelity (MSE);Tolerancja_0.1;838;190;0.09978602972914193;0.31588926814493384;3.293008160871321;4.854223376938024
Fidelity (MSE);Tolerancja_1.0;838;22;0.9388599726011607;0.9689478688769384;4.2010090355411025;14.889677714466377
Fidelity (MSE);Tolerancja_0.01;839;1394;0.00999931198343695;0.09999655985801187;2.1296646234250876;1.74363115656455
Fidelity (MSE);Tolerancja_0.1;839;157;0.09975650154293263;0.31584252649529737;3.415039704152006;5.507318157216994
Fidelity (MSE);Tolerancja_1.0;839;18;0.9428673018457379;0.9710135435954217;3.6907339781947686;16.93147714744583
Fidelity (MSE);Tolerancja_0.01;840;1578;0.0099920090587648;0.09996003730874053;1.8103568873013005;2.121467153132656
Fidelity (MSE);Tolerancja_0.1;840;200;0.09975925728212534;0.31584688898598534;3.2246405989416784;6.70326680984856
Fidelity (MSE);Tolerancja_1.0;840;21;0.9691496881578616;0.9844540051002189;3.574145436987677;20.893217848042802
Fidelity (MSE);Tolerancja_0.01;841;2597;0.009998123525792449;0.09999061718877651;1.0198363474802097;1.4103066703847362
Fidelity (MSE);Tolerancja_0.1;841;464;0.09991362784220828;0.31609117014274263;3.6069223920088485;4.458273168375482
Fidelity (MSE);Tolerancja_1.0;841;51;0.9948377794929558;0.9974155500557207;4.466726129019582;14.067938001956199
Fidelity (MSE);Tolerancja_0.01;842;1748;0.009994538181319417;0.09997268717664548;1.8176363245084113;1.5979380603608835
Fidelity (MSE);Tolerancja_0.1;842;220;0.09947898250729287;0.31540288918666054;3.6067179002761875;5.041319736545889
Fidelity (MSE);Tolerancja_1.0;842;24;0.9685444003633075;0.9841465339893788;4.383422571869095;15.730348438620828
Fidelity (MSE);Tolerancja_0.01;843;1950;0.009988201119240286;0.09994098818422943;1.4957552343003577;1.8213894713276373
Fidelity (MSE);Tolerancja_0.1;843;268;0.09971671510399015;0.3157795356003776;3.4292726143977648;5.754971327109789
Fidelity (MSE);Tolerancja_1.0;843;28;0.987632679155482;0.9937971016034822;4.518064375744329;18.111603761209707
Fidelity (MSE);Tolerancja_0.01;844;1948;0.009991710021936257;0.09995854151565167;1.6436683309269933;1.3675248480971518
Fidelity (MSE);Tolerancja_0.1;844;270;0.09953392367657975;0.3154899739715666;3.897309369085213;4.316193215605145
Fidelity (MSE);Tolerancja_1.0;844;24;0.9801328739914725;0.9900166028867761;4.01168963720816;13.54433832214734
Fidelity (MSE);Tolerancja_0.01;845;2389;0.009997181164496369;0.09998590482911263;1.2050113039728354;1.8191480569554566
Fidelity (MSE);Tolerancja_0.1;845;400;0.09975615031449227;0.3158419704765221;3.8536734799554493;5.746443039939904
Fidelity (MSE);Tolerancja_1.0;845;44;0.9810247153200137;0.9904669178321978;5.193318695255511;18.020599724857174
Fidelity (MSE);Tolerancja_0.01;846;1967;0.009998183339871033;0.09999091628678594;1.5390090152041005;1.539046425021782
Fidelity (MSE);Tolerancja_0.1;846;270;0.09974048440609995;0.31581716927060816;3.4339383340085883;4.861014413872934
Fidelity (MSE);Tolerancja_1.0;846;30;0.9751438358186341;0.9874937143185439;4.235396439394439;15.199367374477005
Fidelity (MSE);Tolerancja_0.01;847;1542;0.009994457748027503;0.09997228489950354;1.9909194733192255;1.6960386425704286
Fidelity (MSE);Tolerancja_0.1;847;188;0.09940105137770301;0.31527932278806836;3.4285774585529287;5.348741555617432
Fidelity (MSE);Tolerancja_1.0;847;15;0.9915410990619119;0.9957615673753993;4.26730841354718;16.89318293317873
Fidelity (MSE);Tolerancja_0.01;848;1462;0.009998499317896698;0.09999249630795652;1.7337028398603724;1.4839691940853046
Fidelity (MSE);Tolerancja_0.1;848;165;0.09994460225457652;0.3161401623561558;3.0863006349376807;4.691774675819667
Fidelity (MSE);Tolerancja_1.0;848;19;0.9921126027890877;0.9960484941954824;3.767226250515357;14.782162019926856
Fidelity (MSE);Tolerancja_0.01;849;2091;0.009995908095270211;0.0999795383829622;1.4819991007875952;1.6871788479899092
Fidelity (MSE);Tolerancja_0.1;849;306;0.09986593894391922;0.31601572578578935;3.802294980658238;5.332841667418851
Fidelity (MSE);Tolerancja_1.0;849;30;0.9676256595671165;0.9836796529191384;4.5929203391616875;16.59983163000931
Fidelity (MSE);Tolerancja_0.01;850;2365;0.009994372118677012;0.09997185663313957;1.2302948765748019;1.6395926028732337
Fidelity (MSE);Tolerancja_0.1;850;400;0.09970215792249276;0.3157564851630015;3.560176382218705;5.178577399860886
Fidelity (MSE);Tolerancja_1.0;850;43;0.9890147004932456;0.9944921822182644;4.185507002356468;16.310210498179476
Fidelity (MSE);Tolerancja_0.01;851;2100;0.009991334433374353;0.09995666277629697;1.2149097671286815;1.6012391075818284
Fidelity (MSE);Tolerancja_0.1;851;312;0.09965514635247787;0.3156820336231979;3.0489045830616393;5.057015748211762
Fidelity (MSE);Tolerancja_1.0;851;30;0.9935372138046547;0.9967633690122519;4.151548302406088;15.967484739255546
Fidelity (MSE);Tolerancja_0.01;852;1918;0.009992290582467624;0.0999614454800831;1.4188526006342812;1.5763600542557126
Fidelity (MSE);Tolerancja_0.1;852;254;0.09954080910486299;0.3155008860603453;3.1777212458588755;4.9753481602755025
Fidelity (MSE);Tolerancja_1.0;852;25;0.9912634070138833;0.99562212059289;4.039338414175512;15.70064270777981
Fidelity (MSE);Tolerancja_0.01;853;2016;0.00999010282617392;0.09995050188055045;1.34803168633914;1.5847667527768217
Fidelity (MSE);Tolerancja_0.1;853;289;0.09997305642106555;0.31618516160798177;3.267557517463466;5.013278797104288
Fidelity (MSE);Tolerancja_1.0;853;31;0.9856549175191445;0.9928015499177791;4.544428837277791;15.74138057150824
Fidelity (MSE);Tolerancja_0.01;854;2163;0.00999598026178374;0.09997989928872573;1.281281980371615;1.5765822873118347
Fidelity (MSE);Tolerancja_0.1;854;324;0.09983928560039283;0.31597355205838484;3.5363109580523897;4.982584589284824
Fidelity (MSE);Tolerancja_1.0;854;32;0.99397224782309;0.996981568447025;3.988933590214203;15.7213949281023
Fidelity (MSE);Tolerancja_0.01;855;2150;0.00999728030747265;0.09998640061264658;1.5100192872586664;1.5178559775437064
Fidelity (MSE);Tolerancja_0.1;855;304;0.09980985692728506;0.3159269803724985;3.908880433155094;4.795968778628856
Fidelity (MSE);Tolerancja_1.0;855;31;0.9894482258494701;0.9947101215175556;4.618261045884157;15.100320589775096
Fidelity (MSE);Tolerancja_0.01;856;2012;0.009998792352261848;0.09999396157899659;1.5092559291894423;1.7661670035734027
Fidelity (MSE);Tolerancja_0.1;856;269;0.0999381559413751;0.3161299668512542;3.754575127048052;5.5837203314756545
Fidelity (MSE);Tolerancja_1.0;856;28;0.9926064330262682;0.9962963580312176;3.8481605438417676;17.597320133625878
Fidelity (MSE);Tolerancja_0.01;857;2298;0.009988570635797457;0.09994283684085346;1.080905095179208;1.5459887771672443
Fidelity (MSE);Tolerancja_0.1;857;354;0.09961303230023955;0.3156153232975857;3.222233407132549;4.882168278823816
Fidelity (MSE);Tolerancja_1.0;857;34;0.9875521154786815;0.9937565675147417;3.9818075566345854;15.372152213974658
Fidelity (MSE);Tolerancja_0.01;858;2516;0.009999377030183937;0.09999688510240676;0.9441563415099266;1.5287112856166403
Fidelity (MSE);Tolerancja_0.1;858;440;0.09995836123295623;0.31616192249060643;3.2953604457471917;4.8333535439496496
Fidelity (MSE);Tolerancja_1.0;858;45;0.994908274733707;0.9974508883818326;4.550549318059206;15.24861927805141
Fidelity (MSE);Tolerancja_0.01;859;2400;0.009994251562311639;0.09997125367980357;1.124815616332297;1.7719969507494815
Fidelity (MSE);Tolerancja_0.1;859;404;0.09984519554808385;0.31598290388577016;3.3668544219106167;5.600817450663497
Fidelity (MSE);Tolerancja_1.0;859;46;0.9680026711173662;0.983871267553518;4.232736570650429;17.439181983441205
Fidelity (MSE);Tolerancja_0.01;860;1977;0.009997952050574015;0.09998975972855427;1.728155913221741;1.6425845034254465
Fidelity (MSE);Tolerancja_0.1;860;270;0.09995389357534516;0.3161548569535903;3.8928570384047756;5.193642530239579
Fidelity (MSE);Tolerancja_1.0;860;26;0.97638005177261;0.98811945217803;4.239014651126729;16.23235923445639
Fidelity (MSE);Tolerancja_0.01;861;2098;0.009997145073108865;0.09998572434657292;1.455635336865324;1.6169494185254554
Fidelity (MSE);Tolerancja_0.1;861;299;0.09992636878810142;0.3161113234101262;3.7508350771756307;5.112089990023015
Fidelity (MSE);Tolerancja_1.0;861;29;0.9993399004826089;0.9996698957568988;4.421797136031271;16.16646443504936
Fidelity (MSE);Tolerancja_0.01;862;1922;0.009993979110473093;0.09996989101961196;1.8194737337308862;1.5445298131651342
Fidelity (MSE);Tolerancja_0.1;862;250;0.099601010551801;0.31559627778508575;4.087281528082223;4.875946697464972
Fidelity (MSE);Tolerancja_1.0;862;25;0.9972500093561867;0.998624058069996;4.442386746445795;15.428691720094722
Fidelity (MSE);Tolerancja_0.01;863;1825;0.009988354681851705;0.0999417564477016;1.6752981719427855;1.8121688104427023
Fidelity (MSE);Tolerancja_0.1;863;244;0.09990758785204107;0.3160816158083875;3.537196533104079;5.731270552784702
Fidelity (MSE);Tolerancja_1.0;863;26;0.9189953715176791;0.9586424628179575;3.866983333279663;17.382343809354094
Fidelity (MSE);Tolerancja_0.01;864;2192;0.009997049107890212;0.0999852444508199;1.3844139156563013;1.7723162721958428
Fidelity (MSE);Tolerancja_0.1;864;340;0.09978312180892186;0.3158846653589279;3.7152530606146277;5.59930153321914
Fidelity (MSE);Tolerancja_1.0;864;34;0.9811895540860056;0.9905501269930793;4.539830336999354;17.55827190440096
Fidelity (MSE);Tolerancja_0.01;865;1962;0.009986153436306018;0.09993074319900767;1.339097493191046;1.3897471359657398
Fidelity (MSE);Tolerancja_0.1;865;274;0.09958141412256058;0.31556522958425026;3.179028581110635;4.388598142933033
Fidelity (MSE);Tolerancja_1.0;865;27;0.9870151981098312;0.9934863854677785;3.989689560604105;13.816517466253671
Fidelity (MSE);Tolerancja_0.01;866;2468;0.009993375627919661;0.09996687265249254;0.9938571993802636;1.5454097756093275
Fidelity (MSE);Tolerancja_0.1;866;412;0.09998958152038508;0.31621129252508534;3.3545130551798783;4.888379616766405
Fidelity (MSE);Tolerancja_1.0;866;43;0.9955790318729454;0.9977870674011291;6.604728329602491;15.425008775642842
Fidelity (MSE);Tolerancja_0.01;867;2435;0.00999604544918746;0.09998022529074167;1.1404086295940306;1.5189193394490486
Fidelity (MSE);Tolerancja_0.1;867;404;0.09998384226948243;0.3162022173696485;4.582187350401988;4.803806570176894
Fidelity (MSE);Tolerancja_1.0;867;31;0.9988467759127277;0.9994232216197139;5.753821748670983;15.183435076268317
Fidelity (MSE);Tolerancja_0.01;868;2363;0.009997452235503182;0.09998726036602454;1.2813966013055111;1.6289429407374565
Fidelity (MSE);Tolerancja_0.1;868;381;0.09999768929531366;0.3162241124508276;3.7864899018305582;5.15176667289483
Fidelity (MSE);Tolerancja_1.0;868;39;0.9901963437234804;0.9950860986484941;4.453356557088798;16.211450037591312
Fidelity (MSE);Tolerancja_0.01;869;1854;0.009988602520829396;0.09994299635707045;1.6320431699313014;1.449761501332176
Fidelity (MSE);Tolerancja_0.1;869;240;0.0996043361135308;0.31560154643716626;3.4797414566053053;4.578079389883467
Fidelity (MSE);Tolerancja_1.0;869;25;0.98771168987585;0.9938368527458871;3.8869384854709033;14.41648199708184
Fidelity (MSE);Tolerancja_0.01;870;2466;0.00999722736902698;0.09998613588406635;1.1951450091175135;1.6648328287236163
Fidelity (MSE);Tolerancja_0.1;870;416;0.09981853661085299;0.31594071692463604;3.5871600522874405;5.260614112305443
Fidelity (MSE);Tolerancja_1.0;870;48;0.9632220443808447;0.981438762420175;4.978810317441056;16.341580326231668
Fidelity (MSE);Tolerancja_0.01;871;2365;0.009988669316052117;0.09994333052311254;1.3177155922046666;1.4959963799413418
Fidelity (MSE);Tolerancja_0.1;871;373;0.09987905123247745;0.3160364713644257;3.8728569660479675;4.73057496299146
Fidelity (MSE);Tolerancja_1.0;871;39;0.9893273527907757;0.994649361730442;4.475976908814718;14.88835559783151
Fidelity (MSE);Tolerancja_0.01;872;1998;0.009996712889831606;0.09998356309829934;1.6357141269203357;1.8990411620060255
Fidelity (MSE);Tolerancja_0.1;872;268;0.09968427246000608;0.3157281622852261;3.909000755451243;5.996793448886014
Fidelity (MSE);Tolerancja_1.0;872;29;0.9823602649198099;0.9911408905497795;4.918970576716084;18.825267775772595
Fidelity (MSE);Tolerancja_0.01;873;1306;0.009985427914224448;0.09992711300855463;1.8341800487995217;1.8421060448594928
Fidelity (MSE);Tolerancja_0.1;873;156;0.09992048777618473;0.316102021151692;3.0234278485089225;5.827181696983337
Fidelity (MSE);Tolerancja_1.0;873;14;0.943859934148473;0.9715245411972222;3.0102202379840577;17.909566044558282
Fidelity (MSE);Tolerancja_0.01;874;1924;0.009992433054903762;0.09996215811447731;1.912472434162276;1.5635681251843496
Fidelity (MSE);Tolerancja_0.1;874;248;0.09957083416324686;0.3155484656328515;4.154416668221086;4.935682983647991
Fidelity (MSE);Tolerancja_1.0;874;26;0.9152815857285492;0.9567034993813649;4.443012721117885;14.964373770041517
Fidelity (MSE);Tolerancja_0.01;875;1458;0.00999091957130597;0.09995458754507454;2.082865197945857;1.8521401340907584
Fidelity (MSE);Tolerancja_0.1;875;171;0.09973965528744959;0.3158158566118072;3.5246122878656974;5.852009771429488
Fidelity (MSE);Tolerancja_1.0;875;12;0.9753936836300123;0.9876202122425464;4.318878176371511;18.300420993771496
Fidelity (MSE);Tolerancja_0.01;876;1627;0.009997719971298289;0.099988599206601;2.21555057395084;1.6970465309291336
Fidelity (MSE);Tolerancja_0.1;876;200;0.09995416277723018;0.31615528269701615;3.9605110156639274;5.365914014129626
Fidelity (MSE);Tolerancja_1.0;876;22;0.9733814020420386;0.986600933529884;4.279108619487684;16.74498597783937
Fidelity (MSE);Tolerancja_0.01;877;1457;0.009997717267040082;0.09998858568376734;1.8809230202501164;1.7632206324784845
Fidelity (MSE);Tolerancja_0.1;877;169;0.09969192545324478;0.3157402816449697;3.5292504482586353;5.567833321112362
Fidelity (MSE);Tolerancja_1.0;877;18;0.9807226309900027;0.9903144101698221;3.39201468375611;17.463421336658318
Fidelity (MSE);Tolerancja_0.01;878;1230;0.009996542349262989;0.09998271025163795;1.7249961780310272;1.7160135773689265
Fidelity (MSE);Tolerancja_0.1;878;140;0.09939643051044511;0.3152719944911776;2.797935815742611;5.411045787310802
Fidelity (MSE);Tolerancja_1.0;878;16;0.9706514200467354;0.9852164330981977;3.6613171965884685;16.90937134619028
Fidelity (MSE);Tolerancja_0.01;879;1659;0.009998175199734298;0.09999087558239651;1.8591381990108755;1.8306628059842516
Fidelity (MSE);Tolerancja_0.1;879;202;0.09960608962160156;0.3156043244659388;3.4526684108809853;5.778178207185294
Fidelity (MSE);Tolerancja_1.0;879;22;0.9941282942145153;0.9970598247921312;4.184537402380037;18.254468979862317
Fidelity (MSE);Tolerancja_0.01;880;2002;0.009994948113296213;0.09997473737548007;1.448615704692049;1.4391487122220594
Fidelity (MSE);Tolerancja_0.1;880;288;0.09959990155471311;0.31559452079323735;3.653195851679725;4.543022168471532
Fidelity (MSE);Tolerancja_1.0;880;28;0.987740498689815;0.9938513463742025;4.131961100654956;14.306613078689523
Fidelity (MSE);Tolerancja_0.01;881;2300;0.009999808785972224;0.09999904392529073;0.997072074369262;1.5422680827821793
Fidelity (MSE);Tolerancja_0.1;881;372;0.09982769415097843;0.31595520908979874;2.9488256166986018;4.8729229344634435
Fidelity (MSE);Tolerancja_1.0;881;38;0.9713579163105791;0.9855749166403227;4.050595400598193;15.200352697978634
Fidelity (MSE);Tolerancja_0.01;882;2319;0.009996535802690285;0.09998267751310866;1.2529908629000683;1.4873487149824334
Fidelity (MSE);Tolerancja_0.1;882;369;0.0998984187072521;0.31606711108125773;3.5221770041667235;4.701834589829662
Fidelity (MSE);Tolerancja_1.0;882;38;0.9586082544664805;0.9790854173495183;4.003348239546439;14.56493738289734
Fidelity (MSE);Tolerancja_0.01;883;1930;0.009988127014084112;0.0999406174389778;1.4529370066498073;1.7590243863192019
Fidelity (MSE);Tolerancja_0.1;883;258;0.09982742606884311;0.3159547848487867;3.3822278616489267;5.561023993699044
Fidelity (MSE);Tolerancja_1.0;883;32;0.9718465776538753;0.9858227922166718;3.895526301973864;17.351166888249615
Fidelity (MSE);Tolerancja_0.01;884;2272;0.009996591453947656;0.09998295581721744;1.118239695377219;1.6050961028753787
Fidelity (MSE);Tolerancja_0.1;884;371;0.0999691746207604;0.31617902305618;3.259948683641836;5.075842313025777
Fidelity (MSE);Tolerancja_1.0;884;37;0.9948270087682275;0.9974101507244788;5.1943126355252005;16.012120594063465
Fidelity (MSE);Tolerancja_0.01;885;1186;0.00998901376049714;0.09994505370701014;1.4375028587555896;1.6195608650423514
Fidelity (MSE);Tolerancja_0.1;885;134;0.09964200790210967;0.31566122331086166;2.3421171150920475;5.1151362165890575
Fidelity (MSE);Tolerancja_1.0;885;14;0.9356581352430093;0.9672942340585978;3.579729955818668;15.67453143859325
Fidelity (MSE);Tolerancja_0.01;886;2358;0.009998836977327894;0.09999418471755192;1.0881845892585136;1.650933745335208
Fidelity (MSE);Tolerancja_0.1;886;385;0.0999927036556694;0.31621622927305515;3.5772850442011555;5.220824042959634
Fidelity (MSE);Tolerancja_1.0;886;42;0.9754111430159074;0.9876290513223613;3.8795011565047623;16.306049529851126
Fidelity (MSE);Tolerancja_0.01;887;1754;0.0099906500468228;0.09995323930129928;1.9733805254109633;1.7149454677621863
Fidelity (MSE);Tolerancja_0.1;887;226;0.0999007985895951;0.31607087589589;3.9384802999171797;5.422978983956101
Fidelity (MSE);Tolerancja_1.0;887;22;0.9807979817927714;0.990352453317894;4.857429277202181;16.991950067621346
Fidelity (MSE);Tolerancja_0.01;888;1475;0.009997974122327257;0.09998987009856178;1.5596738016830178;1.8462176871628315
Fidelity (MSE);Tolerancja_0.1;888;171;0.09977561907176291;0.31587278938167956;2.974946215579282;5.832290111739077
Fidelity (MSE);Tolerancja_1.0;888;19;0.9719727901831342;0.9858868039400539;3.255938897337472;18.203460542356908
Fidelity (MSE);Tolerancja_0.01;889;1750;0.009993890384235333;0.09996944725382517;1.4732620462496595;1.870915069528511
Fidelity (MSE);Tolerancja_0.1;889;220;0.09988883342304317;0.3160519473489179;3.101301231754311;5.914870665910345
Fidelity (MSE);Tolerancja_1.0;889;23;0.9843093613919848;0.992123662348593;3.862612257001288;18.5674639773781
Fidelity (MSE);Tolerancja_0.01;890;2390;0.009996064712434506;0.09998032162598051;1.3441786306192247;1.6299618550648907
Fidelity (MSE);Tolerancja_0.1;890;410;0.09980363014630232;0.3159171254400469;3.8965561996055174;5.150342141880229
Fidelity (MSE);Tolerancja_1.0;890;44;0.9717663868021498;0.985782119335784;4.401170225161326;16.071035037607043
Fidelity (MSE);Tolerancja_0.01;891;1974;0.00999985522903954;0.09999927614257785;1.4417589697061879;1.4567746062150242
Fidelity (MSE);Tolerancja_0.1;891;278;0.09937654540137274;0.31524045647945115;3.57405139807698;4.592376160764663
Fidelity (MSE);Tolerancja_1.0;891;28;0.9891419132444836;0.9945561388099133;4.290417802642117;14.488546151152143
Fidelity (MSE);Tolerancja_0.01;892;1723;0.009991888747938518;0.09995943551230428;1.4778841466816512;1.4681991084565729
Fidelity (MSE);Tolerancja_0.1;892;213;0.09975651763684668;0.31584255197304667;2.8822689154961623;4.639079350967277
Fidelity (MSE);Tolerancja_1.0;892;20;0.9913411516854734;0.9956611630898704;3.415507873679366;14.62422055988343
Fidelity (MSE);Tolerancja_0.01;893;2442;0.009998556600981343;0.09999278274446283;1.2669023488772435;1.6946976352052556
Fidelity (MSE);Tolerancja_0.1;893;431;0.09995779779936392;0.3161610314370889;3.8748338124324126;5.358360249756718
Fidelity (MSE);Tolerancja_1.0;893;46;0.9750768436374848;0.9874597934283121;4.252862728999255;16.73566562358621
Fidelity (MSE);Tolerancja_0.01;894;2068;0.009996633645873393;0.09998316681258597;1.6194834930348798;1.6423870467654607
Fidelity (MSE);Tolerancja_0.1;894;301;0.09984763557430228;0.3159867648720469;4.066467498121196;5.190599439083224
Fidelity (MSE);Tolerancja_1.0;894;30;0.9616975606850862;0.9806617973007239;4.32356908407657;16.10897398522586
Fidelity (MSE);Tolerancja_0.01;895;1691;0.009998289215320418;0.09999144571072277;1.6414062758099415;1.5486601710992893
Fidelity (MSE);Tolerancja_0.1;895;208;0.0999250380627871;0.31610921856660096;3.505913751891735;4.895876372541712
Fidelity (MSE);Tolerancja_1.0;895;24;0.9328210582811629;0.9658266191616189;4.06785628053258;14.958651779175975
Fidelity (MSE);Tolerancja_0.01;896;2579;0.009996829920680472;0.09998414834702785;1.0375651027024286;1.7599556069481204
Fidelity (MSE);Tolerancja_0.1;896;484;0.0997157297580211;0.3157779754163059;4.080026129520402;5.55843328740194
Fidelity (MSE);Tolerancja_1.0;896;55;0.9946739084827361;0.9973333988605496;4.9342230042882225;17.555407895549955
Fidelity (MSE);Tolerancja_0.01;897;2324;0.009996840243367522;0.09998419996863266;1.0709491744388164;1.5990022024334267
Fidelity (MSE);Tolerancja_0.1;897;362;0.09959221498703756;0.31558234264140567;3.437807381030482;5.046966031543162
Fidelity (MSE);Tolerancja_1.0;897;38;0.9829337879853992;0.9914301730255133;3.9414892974379527;15.855495475526068
Fidelity (MSE);Tolerancja_0.01;898;2055;0.009989637032042743;0.09994817172936553;1.380148378888454;1.591909596517654
Fidelity (MSE);Tolerancja_0.1;898;274;0.09993786576816613;0.31612950790485556;3.4025944402772303;5.035105581909155
Fidelity (MSE);Tolerancja_1.0;898;32;0.9858010299110527;0.9928751330912929;3.567169647477265;15.813870580760106
Fidelity (MSE);Tolerancja_0.01;899;2068;0.00999841102376042;0.09999205480317133;1.6987202469692408;1.6508374735868914
Fidelity (MSE);Tolerancja_0.1;899;274;0.09998443403723103;0.3162031531108301;4.142404452102543;5.220414916457303
Fidelity (MSE);Tolerancja_1.0;899;30;0.988124226612476;0.9940443785930666;4.452178204312855;16.411361020833663
Fidelity (MSE);Tolerancja_0.01;900;2107;0.009990286349450983;0.09995141994714724;1.2269196177872839;1.4653060088652796
Fidelity (MSE);Tolerancja_0.1;900;311;0.09988999696876613;0.31605378809431495;3.331977510403787;4.633406059304828
Fidelity (MSE);Tolerancja_1.0;900;33;0.9877084343781313;0.9938352149014097;4.314779100061528;14.569805141207665
Fidelity (MSE);Tolerancja_0.01;901;2041;0.009999901696082678;0.09999950847920543;1.6163890195559523;1.6188596040504248
Fidelity (MSE);Tolerancja_0.1;901;267;0.09980976146127413;0.31592682928373483;4.040254081266256;5.114436956152896
Fidelity (MSE);Tolerancja_1.0;901;26;0.9507588347191871;0.9750686307738482;4.958359725768541;15.785069762265735
Fidelity (MSE);Tolerancja_0.01;902;1802;0.009986075761631309;0.099930354555717;2.059103384294775;1.673983603729407
Fidelity (MSE);Tolerancja_0.1;902;222;0.0996148734854404;0.31561824010256506;3.921421380903247;5.2870797999124965
Fidelity (MSE);Tolerancja_1.0;902;24;0.9896402147069355;0.9948066217647205;4.32045051052906;16.664505806262177
Fidelity (MSE);Tolerancja_0.01;903;2003;0.00999914149023566;0.09999570735904448;1.552674984950622;1.6381902839067288
Fidelity (MSE);Tolerancja_0.1;903;280;0.09983416673148969;0.315965451800493;3.7845162337339744;5.176337533482633
Fidelity (MSE);Tolerancja_1.0;903;33;0.9946290277167673;0.9973108982242034;4.593538319852644;16.338551590408933
Fidelity (MSE);Tolerancja_0.01;904;2264;0.00998889848244549;0.09994447699820881;1.0971589068893954;1.7418290847930114
Fidelity (MSE);Tolerancja_0.1;904;344;0.09975488302630406;0.3158399642640305;3.2703831688790594;5.504448594042203
Fidelity (MSE);Tolerancja_1.0;904;38;0.9862797819999045;0.9931161976324344;3.8346933901568754;17.30799669546743
Fidelity (MSE);Tolerancja_0.01;905;2074;0.009992116859801545;0.09996057652795698;1.1415463517786746;1.4766436461562018
Fidelity (MSE);Tolerancja_0.1;905;284;0.09967725104474034;0.3157170426897166;2.959072025060552;4.663854304007631
Fidelity (MSE);Tolerancja_1.0;905;32;0.9777247125550359;0.9887996321576156;3.3670432293769847;14.606805451334811
Fidelity (MSE);Tolerancja_0.01;906;1452;0.009995981297710711;0.0999799044694018;1.4766256573427992;1.7992347560672604
Fidelity (MSE);Tolerancja_0.1;906;174;0.09970075054684487;0.3157542565775557;2.6622560658324614;5.6823022168858515
Fidelity (MSE);Tolerancja_1.0;906;22;0.9245005919853535;0.9615095381666027;2.9403732520741945;17.303290981729045
Fidelity (MSE);Tolerancja_0.01;907;2391;0.009998342601117685;0.09999171266218859;0.9732834779603134;1.553872570949358
Fidelity (MSE);Tolerancja_0.1;907;406;0.09992204246768066;0.3161044803030806;3.061210801566709;4.912267911207588
Fidelity (MSE);Tolerancja_1.0;907;42;0.9844439362463941;0.992191481643737;3.7810312173035685;15.418669081750892
Fidelity (MSE);Tolerancja_0.01;908;2050;0.009992224318145506;0.09996111403013426;1.411809795674709;1.6931075628107677
Fidelity (MSE);Tolerancja_0.1;908;280;0.09977143620574991;0.31586616818796837;3.0919471185519942;5.350034394713607
Fidelity (MSE);Tolerancja_1.0;908;31;0.9874282085100257;0.9936942228422311;4.315865549906899;16.830856880090035
Fidelity (MSE);Tolerancja_0.01;909;2005;0.00999729925611498;0.09998649536869957;1.278123157631196;1.6612049686863084
Fidelity (MSE);Tolerancja_0.1;909;284;0.09959553131560299;0.31558759689760146;3.1322329727859692;5.2432649238167395
Fidelity (MSE);Tolerancja_1.0;909;29;0.9971362692374715;0.9985671080290355;3.9396236180110096;16.59048689833208
Fidelity (MSE);Tolerancja_0.01;910;1926;0.009999545205804117;0.09999772600316528;1.8475600068349145;1.8149482160194252
Fidelity (MSE);Tolerancja_0.1;910;262;0.09982322583675543;0.3159481378909447;4.022041066071672;5.734425492852492
Fidelity (MSE);Tolerancja_1.0;910;29;0.9876017882708155;0.9937815596351219;5.223914520681924;18.037030849238256
Fidelity (MSE);Tolerancja_0.01;911;1949;0.009996390641621857;0.09998195157938185;1.4293141216836176;1.5514725581719249
Fidelity (MSE);Tolerancja_0.1;911;269;0.09987952454728247;0.31603722019294256;3.4240448876414913;4.904115860360965
Fidelity (MSE);Tolerancja_1.0;911;28;0.9671655682853542;0.9834457627573339;4.0361912582431065;15.260645439162513
Fidelity (MSE);Tolerancja_0.01;912;1964;0.009987759920415732;0.09993878086316509;1.7129167726215258;1.8116762107866922
Fidelity (MSE);Tolerancja_0.1;912;257;0.0998291276861015;0.31595747765498683;3.672486462997221;5.727632866278884
Fidelity (MSE);Tolerancja_1.0;912;26;0.9904329824189679;0.9952049951738425;4.278304938729619;18.040936651820534
Fidelity (MSE);Tolerancja_0.01;913;2216;0.009985904411285235;0.09992949720320439;1.2928208370668313;1.4281001399948257
Fidelity (MSE);Tolerancja_0.1;913;344;0.09978682817276058;0.31589053194542027;3.8700224109042223;4.5144159184244215
Fidelity (MSE);Tolerancja_1.0;913;38;0.9958833256619206;0.9979395400834264;3.987718821934414;14.261630817590195
Fidelity (MSE);Tolerancja_0.01;914;1713;0.009998560699204266;0.09999280323705434;1.860955816099821;1.8266251113455503
Fidelity (MSE);Tolerancja_0.1;914;214;0.0996001528767151;0.3155949189653013;3.534767187003794;5.765150944197747
Fidelity (MSE);Tolerancja_1.0;914;23;0.9638320665604917;0.9817494927732286;3.8696489323818497;17.93417344545249
Fidelity (MSE);Tolerancja_0.01;915;1882;0.009999315841716873;0.09999657915007329;1.6920936656070809;1.4627844014131863
Fidelity (MSE);Tolerancja_0.1;915;240;0.09995358114155048;0.3161543628380771;3.5529521453527404;4.624814911960165
Fidelity (MSE);Tolerancja_1.0;915;28;0.9797314900062453;0.9898138663436905;4.482921550223638;14.479338156328977
Fidelity (MSE);Tolerancja_0.01;916;1492;0.009994306473956239;0.09997152831659742;1.7278702286718906;1.5076417088523562
Fidelity (MSE);Tolerancja_0.1;916;172;0.09917006113391487;0.31491278337646894;3.041583433072261;4.7491086198622074
Fidelity (MSE);Tolerancja_1.0;916;20;0.9387027689970541;0.9688667447059239;3.603585943787855;14.61119920076435
Fidelity (MSE);Tolerancja_0.01;917;2105;0.00999834350186475;0.09999171716629708;1.4433736022548143;1.5690577921927504
Fidelity (MSE);Tolerancja_0.1;917;283;0.09993936879924704;0.31613188513537677;3.394618615430729;4.960702864091193
Fidelity (MSE);Tolerancja_1.0;917;32;0.9637599912225211;0.9817127844856259;3.8370181372832146;15.404916905573495
Fidelity (MSE);Tolerancja_0.01;918;2388;0.00998704139037364;0.09993518594756123;1.008693239485873;1.583717352164868
Fidelity (MSE);Tolerancja_0.1;918;418;0.09963590284840272;0.3156515529003504;3.313434733077895;5.002270589944013
Fidelity (MSE);Tolerancja_1.0;918;43;0.9945459957753899;0.9972692694430075;3.661514212883153;15.804169790872487
Fidelity (MSE);Tolerancja_0.01;919;2437;0.009999871023413561;0.09999935511498842;1.1514036646260135;1.6154741715269334
Fidelity (MSE);Tolerancja_0.1;919;396;0.09974191064815993;0.3158194272810967;3.668221614205157;5.1020141785151285
Fidelity (MSE);Tolerancja_1.0;919;42;0.9627805905724497;0.9812138352940453;4.43187441386482;15.85135829965793
Fidelity (MSE);Tolerancja_0.01;920;2281;0.009998607449571026;0.09999303700543866;1.3407510320186642;1.6622625487004419
Fidelity (MSE);Tolerancja_0.1;920;362;0.09988296943687094;0.3160426702786681;4.03405579687184;5.253824769488085
Fidelity (MSE);Tolerancja_1.0;920;40;0.990753398656038;0.9953659621747359;4.333460736954413;16.54674776088911
Fidelity (MSE);Tolerancja_0.01;921;2527;0.00999484809245609;0.09997423714365662;1.0771462207346292;1.7231757534349
Fidelity (MSE);Tolerancja_0.1;921;445;0.09992565768750225;0.31611019864519124;3.7243256589386933;5.4485379962056095
Fidelity (MSE);Tolerancja_1.0;921;48;0.9750018501875267;0.9874218197850029;4.706445014756578;17.019398065735007
Fidelity (MSE);Tolerancja_0.01;922;2464;0.00999050190564627;0.09995249824614826;1.204140182231484;1.5256984761649677
Fidelity (MSE);Tolerancja_0.1;922;435;0.09990102775281028;0.3160712384143965;3.649251112995776;4.824585830969983
Fidelity (MSE);Tolerancja_1.0;922;40;0.9780037924827726;0.9889407426548734;4.696718843250383;15.095424432216586
Fidelity (MSE);Tolerancja_0.01;923;1586;0.009992128510505061;0.0999606348044322;1.8389018520909959;1.5593977947338211
Fidelity (MSE);Tolerancja_0.1;923;185;0.09992050340224835;0.3161020458684954;3.362621129248285;4.931229520526461
Fidelity (MSE);Tolerancja_1.0;923;20;0.9665511220789238;0.983133318568201;3.6136673463943234;15.336996727802084
Fidelity (MSE);Tolerancja_0.01;924;2417;0.00999794088184548;0.09998970387917688;1.122033213971093;1.5806862142294031
Fidelity (MSE);Tolerancja_0.1;924;415;0.0999364890861548;0.316127330495411;3.6127742904789004;4.997495680745805
Fidelity (MSE);Tolerancja_1.0;924;40;0.9959825934769823;0.9979892752314437;4.678150978256512;15.776703281503135
Fidelity (MSE);Tolerancja_0.01;925;2252;0.00999163947244675;0.0999581886212768;1.2923470434154551;1.6503406366599533
Fidelity (MSE);Tolerancja_0.1;925;348;0.0999093156216369;0.3160843489033218;3.516003767266632;5.2186504457756735
Fidelity (MSE);Tolerancja_1.0;925;30;0.9970603224771326;0.9985290794349119;4.515070577897527;16.486024200795892
Fidelity (MSE);Tolerancja_0.01;926;2031;0.009996132200180897;0.09998065913055833;1.43791545627474;1.6392887001832113
Fidelity (MSE);Tolerancja_0.1;926;286;0.09961163856327658;0.31561311532202935;3.658487944374665;5.17481098920751
Fidelity (MSE);Tolerancja_1.0;926;34;0.969925545081048;0.9848479806960301;4.391515320788822;16.147624752553874
Fidelity (MSE);Tolerancja_0.01;927;2076;0.00999366520293658;0.09996832099688671;1.4813265000372255;1.647876245544834
Fidelity (MSE);Tolerancja_0.1;927;308;0.09980455449599922;0.3159185883989722;3.613936911462499;5.207597088330961
Fidelity (MSE);Tolerancja_1.0;927;30;0.9837689139271508;0.9918512559487692;4.226547347699178;16.34966064742337
Fidelity (MSE);Tolerancja_0.01;928;2370;0.009990524438648559;0.09995261096463944;1.0839802125392155;1.6743667687485722
Fidelity (MSE);Tolerancja_0.1;928;380;0.0998351424602174;0.3159669958400994;3.537946011612271;5.2929546587146445
Fidelity (MSE);Tolerancja_1.0;928;39;0.9902200751205273;0.995098022870374;4.1298106765578915;16.669490121983937
Fidelity (MSE);Tolerancja_0.01;929;2312;0.009997964114201015;0.09998982005284845;1.162232341138827;1.6366865001015005
Fidelity (MSE);Tolerancja_0.1;929;358;0.09965373223844343;0.3156797938393324;3.2547807072837225;5.167214589030972
Fidelity (MSE);Tolerancja_1.0;929;36;0.9729894281347541;0.9864022648670034;4.0893696567305415;16.1459563555978
Fidelity (MSE);Tolerancja_0.01;930;2137;0.00999185288854854;0.09995925614243305;1.5340484487186936;1.5141688810102578
Fidelity (MSE);Tolerancja_0.1;930;294;0.09955862879443883;0.3155291251127839;3.9961832155288155;4.77959121281773
Fidelity (MSE);Tolerancja_1.0;930;34;0.9795204074704561;0.9897072332111432;4.784869516764201;14.991947236019106
Fidelity (MSE);Tolerancja_0.01;931;1861;0.009996203810498478;0.09998101725076855;1.2068181909908238;1.8151393394047315
Fidelity (MSE);Tolerancja_0.1;931;250;0.09988991710458786;0.31605366174842503;2.7681449830700737;5.737903559868739
Fidelity (MSE);Tolerancja_1.0;931;28;0.9598628062240332;0.9797258832061309;2.899248392293875;17.786766341655955
Fidelity (MSE);Tolerancja_0.01;932;1987;0.009998447815012435;0.09999223877387901;1.4165807435152278;1.5155081057420077
Fidelity (MSE);Tolerancja_0.1;932;278;0.09989035375864407;0.31605435253867975;3.3612568344943052;4.7902011096138795
Fidelity (MSE);Tolerancja_1.0;932;26;0.974592748295618;0.9872146414511983;3.7225715609835692;14.962479184107591
Fidelity (MSE);Tolerancja_0.01;933;2036;0.009996637784321907;0.09998318750831015;1.55269848205719;1.5276161992922588
Fidelity (MSE);Tolerancja_0.1;933;276;0.09956243356898596;0.3155351542522417;3.645825131412673;4.8209766571189085
Fidelity (MSE);Tolerancja_1.0;933;30;0.9914974599038873;0.9957396546808244;4.37042224291121;15.213638059315517
Fidelity (MSE);Tolerancja_0.01;934;2393;0.00998976245340202;0.0999487991593797;1.1275851297515045;1.5681454027213622
Fidelity (MSE);Tolerancja_0.1;934;408;0.09985790202052286;0.3160030095118128;3.8889621564460692;4.957925165482695
Fidelity (MSE);Tolerancja_1.0;934;43;0.9864351487793469;0.9931944164056435;4.18979140117972;15.582711060004517
Fidelity (MSE);Tolerancja_0.01;935;1770;0.00999300854575495;0.09996503661658385;1.5777244066560856;1.6047917444118036
Fidelity (MSE);Tolerancja_0.1;935;216;0.09988321072412674;0.31604305201052396;3.3912101180755183;5.073606712019743
Fidelity (MSE);Tolerancja_1.0;935;24;0.9534330462994276;0.9764389618913348;4.25897946813338;15.675292462257643
Fidelity (MSE);Tolerancja_0.01;936;2536;0.009993956931112812;0.09996978008934906;1.128935285558274;1.6583044764083172
Fidelity (MSE);Tolerancja_0.1;936;454;0.09982303184030439;0.3159478308839996;3.6542510496436185;5.240960836346339
Fidelity (MSE);Tolerancja_1.0;936;45;0.9962045407276884;0.9981004662496098;4.678407376034833;16.556548084907703
Fidelity (MSE);Tolerancja_0.01;937;2444;0.00998706958463996;0.09993532701022176;1.0156153206793093;1.6748610307442215
Fidelity (MSE);Tolerancja_0.1;937;408;0.0996359769323377;0.3156516702511452;3.307136709127592;5.290148114879271
Fidelity (MSE);Tolerancja_1.0;937;44;0.974709325126063;0.9872736829907212;4.250830946722026;16.54616308156326
Fidelity (MSE);Tolerancja_0.01;938;1542;0.009991527102534047;0.09995762653511761;1.3420349855726728;1.7470906285467684
Fidelity (MSE);Tolerancja_0.1;938;182;0.09996921785278565;0.31617909142254436;2.461809608122516;5.526276950690597
Fidelity (MSE);Tolerancja_1.0;938;18;0.9631902401065914;0.9814225594037419;3.6548435134671777;17.153610140755674
Fidelity (MSE);Tolerancja_0.01;939;2011;0.009998503871262589;0.09999251907649186;1.4547487883654893;1.6119372370108818
Fidelity (MSE);Tolerancja_0.1;939;272;0.09990291219584256;0.3160742194419573;3.6836322804585517;5.095299215213199
Fidelity (MSE);Tolerancja_1.0;939;28;0.9791913491406856;0.9895409790103115;4.260179453367381;15.951972871037768
Fidelity (MSE);Tolerancja_0.01;940;2758;0.009993884541613247;0.09996941803178233;0.9187676868934975;1.4546330808921006
Fidelity (MSE);Tolerancja_0.1;940;562;0.0998944535923321;0.3160608384351533;3.688429144935582;4.5989319555316674
Fidelity (MSE);Tolerancja_1.0;940;56;0.9926178954116376;0.9963021105124878;4.936647250441095;14.496973544982875
Fidelity (MSE);Tolerancja_0.01;941;1927;0.009995364316106523;0.09997681889371417;1.356433763664155;1.4779148847924417
Fidelity (MSE);Tolerancja_0.1;941;259;0.09995649539099057;0.3161589717072577;3.1901494150894085;4.6736439048292855
Fidelity (MSE);Tolerancja_1.0;941;27;0.99385421827504;0.9969223732442962;3.3861943247797814;14.737080362265722
Fidelity (MSE);Tolerancja_0.01;942;2232;0.009993632167975702;0.09996815576960345;1.3233935557452101;1.661529736978892
Fidelity (MSE);Tolerancja_0.1;942;321;0.09997716252670363;0.3161916547391845;3.683199681242952;5.25529187659037
Fidelity (MSE);Tolerancja_1.0;942;37;0.9933467756784313;0.9966678361813586;4.4175188769133005;16.565207539912013
Fidelity (MSE);Tolerancja_0.01;943;1384;0.009998075153350503;0.09999037530357861;1.9615279577653726;1.7558369470683435
Fidelity (MSE);Tolerancja_0.1;943;164;0.0994064885286753;0.31528794542239524;3.0934569074538496;5.536475104300325
Fidelity (MSE);Tolerancja_1.0;943;18;0.9076281074796411;0.9526951807790575;3.8343090048409465;16.72938412949387
Fidelity (MSE);Tolerancja_0.01;944;2332;0.009994036894232207;0.09997018002500649;1.1578040040516968;1.7240020018734117
Fidelity (MSE);Tolerancja_0.1;944;386;0.0996602850537156;0.3156901725643603;3.385860335113132;5.444128332434547
Fidelity (MSE);Tolerancja_1.0;944;36;0.9722325782691092;0.9860185486435381;4.048163866441598;17.004050120951707
Fidelity (MSE);Tolerancja_0.01;945;1430;0.009994441652110914;0.099972204397577;1.6576367817230917;1.6253525721887148
Fidelity (MSE);Tolerancja_0.1;945;160;0.09940664541138654;0.3152881942150491;2.650114487259331;5.1259695686032645
Fidelity (MSE);Tolerancja_1.0;945;19;0.9977848034827873;0.998891787674114;3.8577954049815872;16.240027377786365
Fidelity (MSE);Tolerancja_0.01;946;1900;0.009989473081715178;0.09994735154927907;1.7460834823004747;1.772636671754433
Fidelity (MSE);Tolerancja_0.1;946;258;0.09997679509569316;0.316191073712863;3.869895765021414;5.607871382849793
Fidelity (MSE);Tolerancja_1.0;946;26;0.9972178598247092;0.9986079610261022;4.701980239294647;17.711015499475323
Fidelity (MSE);Tolerancja_0.01;947;2200;0.009997986379544358;0.09998993139083734;1.3334076451446695;1.7199712614180962
Fidelity (MSE);Tolerancja_0.1;947;342;0.0996288004531437;0.315640302327101;3.6158404644598185;5.429469161508811
Fidelity (MSE);Tolerancja_1.0;947;36;0.9677739397765361;0.9837550202039815;4.070529562981463;16.922007441057985
Fidelity (MSE);Tolerancja_0.01;948;1912;0.009995225895783177;0.09997612662922672;1.5994603151099098;1.4733489096255041
Fidelity (MSE);Tolerancja_0.1;948;262;0.09944934490660003;0.31535590196887076;3.583790004091254;4.647402234664838
Fidelity (MSE);Tolerancja_1.0;948;24;0.9665887466154827;0.9831524533944279;4.137724688156378;14.488724899058669
Fidelity (MSE);Tolerancja_0.01;949;2336;0.009995467666599877;0.09997733576466157;1.1520941383206527;1.5701685105738465
Fidelity (MSE);Tolerancja_0.1;949;362;0.09980763081364212;0.31592345720703;3.4476976607306273;4.9616551637840285
Fidelity (MSE);Tolerancja_1.0;949;34;0.979193058066592;0.9895418425041924;4.508573183574443;15.540996658009586
Fidelity (MSE);Tolerancja_0.01;950;1900;0.009989128526308448;0.0999456278498887;1.7234444648270477;1.6234585484471387
Fidelity (MSE);Tolerancja_0.1;950;241;0.09996860187386167;0.3161781173229129;3.794336536396683;5.135813126020368
Fidelity (MSE);Tolerancja_1.0;950;30;0.9823947885078954;0.9911583064818129;4.251989206486652;16.099798061592548
Fidelity (MSE);Tolerancja_0.01;951;2186;0.009995920403972508;0.0999795999390501;1.3664200291900033;1.5661536188330791
Fidelity (MSE);Tolerancja_0.1;951;328;0.09955221781558778;0.3155189658571855;3.6866915684017947;4.942519978965187
Fidelity (MSE);Tolerancja_1.0;951;33;0.987456651467352;0.993708534464383;4.259460790051732;15.566177682901971
Fidelity (MSE);Tolerancja_0.01;952;1910;0.009999146260830736;0.09999573121304096;1.3893572304712105;1.6561604564555743
Fidelity (MSE);Tolerancja_0.1;952;260;0.09944796826496094;0.3153537192819532;3.2264635499397;5.2229865548785535
Fidelity (MSE);Tolerancja_1.0;952;23;0.9759207210524538;0.9878869981189417;3.63618070323324;16.361692263097538
Fidelity (MSE);Tolerancja_0.01;953;1745;0.00998988124584645;0.09994939342410462;1.4311968242165016;1.53595946511686
Fidelity (MSE);Tolerancja_0.1;953;218;0.09983735085304958;0.31597049047822423;3.0252816600347097;4.855635926556827
Fidelity (MSE);Tolerancja_1.0;953;24;0.9331919694030503;0.9660186175240363;3.749229638872082;14.845167021366937
Fidelity (MSE);Tolerancja_0.01;954;1938;0.009995905407836406;0.09997952494304224;1.7156547799363118;1.5519970428012686
Fidelity (MSE);Tolerancja_0.1;954;252;0.09956142089883956;0.3155335495614366;3.88395377308854;4.898074241730199
Fidelity (MSE);Tolerancja_1.0;954;28;0.9682184529263923;0.9839809210174719;4.202933835977939;15.274482254861535
Fidelity (MSE);Tolerancja_0.01;955;2255;0.009999385712382833;0.09999692851474405;1.2526800567488827;1.6868141147416824
Fidelity (MSE);Tolerancja_0.1;955;354;0.09976546558769764;0.31585671686335504;3.560219852029394;5.3280793335819014
Fidelity (MSE);Tolerancja_1.0;955;40;0.9626474523048447;0.9811459892925439;4.381515353783981;16.550617383381248
Fidelity (MSE);Tolerancja_0.01;956;2671;0.009998720745453124;0.099993603522691;0.9100409317776705;1.649282375339446
Fidelity (MSE);Tolerancja_0.1;956;512;0.0999623344818016;0.3161682059945332;3.704845654594189;5.214840063956142
Fidelity (MSE);Tolerancja_1.0;956;48;0.9921112207831014;0.9960478004509128;4.951203957795267;16.42869168032862
Fidelity (MSE);Tolerancja_0.01;957;1320;0.009986815042820391;0.09993405346937745;2.165185626395897;1.6464394968306102
Fidelity (MSE);Tolerancja_0.1;957;150;0.09994588233122151;0.31614218688941453;3.4273806279329007;5.208524672409439
Fidelity (MSE);Tolerancja_1.0;957;18;0.9586336621538507;0.9790983924784326;4.138732483858689;16.130900415780886
Fidelity (MSE);Tolerancja_0.01;958;1810;0.00999821884344764;0.09999109382063805;1.391696849544977;1.6037744055075323
Fidelity (MSE);Tolerancja_0.1;958;230;0.0994901096165784;0.31542052821048033;2.9468883029977038;5.05908427227571
Fidelity (MSE);Tolerancja_1.0;958;26;0.9799313169486855;0.9899148028738056;3.708978866347339;15.877414315817445
Fidelity (MSE);Tolerancja_0.01;959;1788;0.009989751905328637;0.09994874639198151;1.6129493728035786;1.4866005678498426
Fidelity (MSE);Tolerancja_0.1;959;228;0.09936003341548133;0.3152142658819257;3.3983311596657657;4.688380030467653
Fidelity (MSE);Tolerancja_1.0;959;22;0.9941494272551638;0.9970704224151691;3.763963733821603;14.830055500001624
Fidelity (MSE);Tolerancja_0.01;960;1896;0.009987670660523685;0.09993833428931906;1.7008050128662449;1.6699858845305755
Fidelity (MSE);Tolerancja_0.1;960;258;0.09986308928459893;0.3160112170233818;3.77872678443764;5.280599036747981
Fidelity (MSE);Tolerancja_1.0;960;28;0.9992225211760706;0.999611184999483;4.395501804763284;16.703666124105386
Fidelity (MSE);Tolerancja_0.01;961;2460;0.009998849284541377;0.0999942462571791;1.2951184304041623;1.6148642767399677
Fidelity (MSE);Tolerancja_0.1;961;411;0.09998141862185794;0.31619838491342417;3.970472373310378;5.106468574664642
Fidelity (MSE);Tolerancja_1.0;961;44;0.9741084508140299;0.9869693261768726;5.1452803281816095;15.939132167484285
Fidelity (MSE);Tolerancja_0.01;962;1881;0.009999960777183188;0.09999980388572363;1.4286980348527996;1.5017183192921852
Fidelity (MSE);Tolerancja_0.1;962;248;0.09963930919324573;0.3156569485901518;3.0815524392314506;4.740287519477591
Fidelity (MSE);Tolerancja_1.0;962;22;0.9983578459363079;0.9991785856073517;3.712814831161629;15.004877289216664
Fidelity (MSE);Tolerancja_0.01;963;2052;0.009989150522496855;0.0999457378906017;1.5728986083852394;1.3925282284144072
Fidelity (MSE);Tolerancja_0.1;963;288;0.09969943358901331;0.3157521711548684;4.4094910630791615;4.399325281860146
Fidelity (MSE);Tolerancja_1.0;963;26;0.970100326614211;0.9849367119841818;5.328037900797624;13.722968118369522
Fidelity (MSE);Tolerancja_0.01;964;1438;0.00999068481978076;0.09995341324727615;1.5286786844540012;1.432937574542579
Fidelity (MSE);Tolerancja_0.1;964;170;0.09961770808854052;0.31562273062715324;2.811717798843179;4.524784651190523
Fidelity (MSE);Tolerancja_1.0;964;20;0.977601327384091;0.9887372387970886;3.4943022799559325;14.174590889825728
Fidelity (MSE);Tolerancja_0.01;965;2566;0.009991689968738147;0.09995844120802479;0.9741303081108033;1.534236995632389
Fidelity (MSE);Tolerancja_0.1;965;464;0.09992589060944738;0.31611056706387936;3.550276643944863;4.851901658714559
Fidelity (MSE);Tolerancja_1.0;965;48;0.9691069184321451;0.9844322822988614;4.194527734015072;15.10980372387488
Fidelity (MSE);Tolerancja_0.01;966;2627;0.009996107331685228;0.09998053476394907;0.9287120616181799;1.6849623742952968
Fidelity (MSE);Tolerancja_0.1;966;525;0.09990837358270324;0.31608285872964265;3.5470003426523307;5.32691413760255
Fidelity (MSE);Tolerancja_1.0;966;50;0.9934101143721175;0.9966996109019595;4.18336548053225;16.797283059243266
Fidelity (MSE);Tolerancja_0.01;967;2112;0.00999376695342516;0.09996882990925302;1.3793074596466277;1.8121212283819477
Fidelity (MSE);Tolerancja_0.1;967;298;0.09990456748775739;0.3160768379488718;3.6808313647096003;5.7294813630100965
Fidelity (MSE);Tolerancja_1.0;967;26;0.9674316799947373;0.9835810490217557;4.2645649289063075;17.829238377446835
Fidelity (MSE);Tolerancja_0.01;968;1854;0.009999515340369672;0.09999757667248578;1.9345048905461013;1.6047248065211823
Fidelity (MSE);Tolerancja_0.1;968;248;0.09977895756654209;0.3158780738933016;4.114260674342574;5.069096650940986
Fidelity (MSE);Tolerancja_1.0;968;25;0.9883138937589643;0.9941397757654425;4.6125077958314415;15.953594201039895
Fidelity (MSE);Tolerancja_0.01;969;777;0.009998825958138394;0.09999412961838507;1.684106676798204;1.551399048918235
Fidelity (MSE);Tolerancja_0.1;969;86;0.09892957976508583;0.3145307294448125;2.130179156851953;4.879913214690587
Fidelity (MSE);Tolerancja_1.0;969;10;0.9206918121487546;0.9595268689040212;2.7690183720142194;14.886964639927145
Fidelity (MSE);Tolerancja_0.01;970;1346;0.009992129463108798;0.09996063956932648;1.7031670202144582;1.7013323468582495
Fidelity (MSE);Tolerancja_0.1;970;156;0.09987542673020165;0.31603073700227585;2.7935063000414875;5.37885029327496
Fidelity (MSE);Tolerancja_1.0;970;20;0.9230188699400562;0.9607387105452013;3.4179162893480033;16.351794588067072
Fidelity (MSE);Tolerancja_0.01;971;1891;0.00999458115715967;0.0999729021143213;1.8293937541501908;1.5121318062850093
Fidelity (MSE);Tolerancja_0.1;971;251;0.09995228736687488;0.31615231671913285;4.027659543085494;4.781935540843014
Fidelity (MSE);Tolerancja_1.0;971;29;0.9940406844138272;0.9970158897499213;4.683026943945533;15.08028081988064
Fidelity (MSE);Tolerancja_0.01;972;2068;0.009997478676908858;0.09998739258981033;1.4931186567756711;1.8130105590631072
Fidelity (MSE);Tolerancja_0.1;972;304;0.0998750604442635;0.31603015749175506;4.028224572551151;5.73038257798633
Fidelity (MSE);Tolerancja_1.0;972;30;0.9376101815309957;0.9683027323781523;4.0191005759715654;17.55764434595482
Fidelity (MSE);Tolerancja_0.01;973;2197;0.009997026972392983;0.099985133756939;1.196053519558908;1.7630079745131935
Fidelity (MSE);Tolerancja_0.1;973;330;0.09998233805509897;0.3161998387967631;3.3132546724906713;5.575457234409026
Fidelity (MSE);Tolerancja_1.0;973;36;0.9671588166439722;0.9834423301058238;4.046992920624141;17.340744621748097
Fidelity (MSE);Tolerancja_0.01;974;1682;0.009987203440487534;0.09993599672033864;1.765255794913506;1.695397785688237
Fidelity (MSE);Tolerancja_0.1;974;192;0.0997673218979686;0.3158596553818936;3.386449155208435;5.35850722359111
Fidelity (MSE);Tolerancja_1.0;974;21;0.9992566501546258;0.9996282559805049;3.923758657421484;16.95852933196221
Fidelity (MSE);Tolerancja_0.01;975;2155;0.009998697302283381;0.09999348629927542;1.474217011294206;1.6506127433240532
Fidelity (MSE);Tolerancja_0.1;975;318;0.09984113028547593;0.31597647109472554;3.691868435274761;5.215887645106516
Fidelity (MSE);Tolerancja_1.0;975;31;0.9908151775342365;0.995396994939324;4.307611976866931;16.431219925624514
Fidelity (MSE);Tolerancja_0.01;976;1364;0.009986119300235408;0.09993057240021898;2.1091317962062153;1.7746042088656333
Fidelity (MSE);Tolerancja_0.1;976;162;0.09930165074778503;0.3151216443657672;3.3973350375609677;5.596047165190902
Fidelity (MSE);Tolerancja_1.0;976;16;0.9529237974188912;0.9761781586467151;3.6144721485588427;17.33533419581782
Fidelity (MSE);Tolerancja_0.01;977;1847;0.009998689562952013;0.09999344760009034;1.8143193651738028;1.3897295812585686
Fidelity (MSE);Tolerancja_0.1;977;232;0.09985388567110119;0.31599665452517245;3.8067616433586497;4.39178675115488
Fidelity (MSE);Tolerancja_1.0;977;28;0.9886331206081097;0.9943003171115403;4.1734320194099706;13.818991109007772
Fidelity (MSE);Tolerancja_0.01;978;1987;0.009999115403618652;0.09999557692027508;1.5074705117175355;1.5314068322511112
Fidelity (MSE);Tolerancja_0.1;978;273;0.09989751300999486;0.3160656783170151;3.388130512148214;4.840465489795259
Fidelity (MSE);Tolerancja_1.0;978;29;0.9960538735199056;0.9980249864206334;4.432863843065802;15.284498875189609
Fidelity (MSE);Tolerancja_0.01;979;2211;0.009995994338415911;0.09997996968601217;1.2688704164746554;1.6448095178436946
Fidelity (MSE);Tolerancja_0.1;979;337;0.09995334417066261;0.31615398806699024;3.2848286476348463;5.201172697990731
Fidelity (MSE);Tolerancja_1.0;979;36;0.9803475312893905;0.9901250079103096;4.069856339654725;16.288933093103218
Fidelity (MSE);Tolerancja_0.01;980;1786;0.0099949150671397;0.09997457210280872;1.5438763364098191;1.7822802093734071
Fidelity (MSE);Tolerancja_0.1;980;224;0.09960308522779321;0.3155995646825154;3.389672748745024;5.626299231789429
Fidelity (MSE);Tolerancja_1.0;980;22;0.9865054324748366;0.9932297984227197;4.412602581666057;17.706640557244445
Fidelity (MSE);Tolerancja_0.01;981;1609;0.00999690050221448;0.09998450131002544;1.7181034270308349;1.5963813613915028
Fidelity (MSE);Tolerancja_0.1;981;206;0.09955525363785511;0.3155237766601039;3.142834705761634;5.037743545614299
Fidelity (MSE);Tolerancja_1.0;981;21;0.9937515841423321;0.9968708964265794;4.025922747848984;15.916328010023914
Fidelity (MSE);Tolerancja_0.01;982;2062;0.009994481000261495;0.0999724011928367;1.4376737520117384;1.6788673487705594
Fidelity (MSE);Tolerancja_0.1;982;280;0.0998357235834318;0.31596791543356395;3.390910644866408;5.306146597972455
Fidelity (MSE);Tolerancja_1.0;982;30;0.9916905809876684;0.995836623642487;3.7831046799763888;16.723391377970447
Fidelity (MSE);Tolerancja_0.01;983;1756;0.009995153488847245;0.09997576450744072;1.5262836397864195;1.7238455495613945
Fidelity (MSE);Tolerancja_0.1;983;220;0.09955721640184184;0.31552688697136705;2.8294100810980476;5.440514734269132
Fidelity (MSE);Tolerancja_1.0;983;22;0.984016379396921;0.9919759973895139;3.4367481967760654;17.10427939007529
Fidelity (MSE);Tolerancja_0.01;984;1509;0.009997307499076487;0.09998653658906527;1.3704553758015745;1.5202267506952938
Fidelity (MSE);Tolerancja_0.1;984;164;0.09936469891807728;0.3152216663208246;2.4806814601540568;4.792729360245392
Fidelity (MSE);Tolerancja_1.0;984;18;0.9664266369113086;0.983070006109081;3.4593808706332334;14.946905574251598
Fidelity (MSE);Tolerancja_0.01;985;2094;0.00999730833887103;0.09998654078860329;1.544100018435603;1.486693358284938
Fidelity (MSE);Tolerancja_0.1;985;292;0.09994824130854177;0.31614591774770995;3.804339481594317;4.700753045933856
Fidelity (MSE);Tolerancja_1.0;985;34;0.9846318007309365;0.9922861486138645;4.320419688101659;14.754238070715642
Fidelity (MSE);Tolerancja_0.01;986;2023;0.00999957568647807;0.09999787840988462;1.6991345305956793;1.5549899290459719
Fidelity (MSE);Tolerancja_0.1;986;280;0.09979438459250953;0.31590249222269445;4.014200575308746;4.912356159730851
Fidelity (MSE);Tolerancja_1.0;986;28;0.9644229472134551;0.9820503791626248;4.418693497969169;15.271108484464712
Fidelity (MSE);Tolerancja_0.01;987;1965;0.009995475700007035;0.09997737594079491;1.4821210293883809;1.769345475887709
Fidelity (MSE);Tolerancja_0.1;987;268;0.09953703734171732;0.31549490858287604;3.538631166567038;5.583458096532632
Fidelity (MSE);Tolerancja_1.0;987;28;0.990336143313668;0.9951563411412642;3.62559161557345;17.61173819006778
Fidelity (MSE);Tolerancja_0.01;988;2130;0.0099890693790678;0.09994533195236184;1.3601232802442933;1.5202335969703595
Fidelity (MSE);Tolerancja_0.1;988;304;0.09958763126366016;0.31557508023235953;3.495373466387549;4.800102515688455
Fidelity (MSE);Tolerancja_1.0;988;34;0.9809441386423874;0.9904262408894402;4.470037940669661;15.065028224018064
Fidelity (MSE);Tolerancja_0.01;989;1160;0.00999349777855003;0.09996748360617082;2.1888854767630814;1.591159883345749
Fidelity (MSE);Tolerancja_0.1;989;126;0.09953185348069407;0.31548669303267624;3.132179959910519;5.021530517469406
Fidelity (MSE);Tolerancja_1.0;989;12;0.9060737415976833;0.951879058282975;5.048486602879626;15.150844221543524
Fidelity (MSE);Tolerancja_0.01;990;2041;0.009997332730243046;0.09998666276180562;1.447042997282879;1.6583820107035696
Fidelity (MSE);Tolerancja_0.1;990;294;0.09977438913104268;0.31587084248319386;3.6225151208981305;5.239043972572826
Fidelity (MSE);Tolerancja_1.0;990;36;0.9712793053571626;0.9855350350734177;4.372775333607781;16.346115851245287
Fidelity (MSE);Tolerancja_0.01;991;1752;0.009988179194357667;0.09994087849502659;1.8443999265484283;1.8801562713686124
Fidelity (MSE);Tolerancja_0.1;991;222;0.09967370239629342;0.3157114226572954;3.7275467252354457;5.939379563101995
Fidelity (MSE);Tolerancja_1.0;991;24;0.9724409923513709;0.9861242276464821;3.9824359888443315;18.55164452101877
Fidelity (MSE);Tolerancja_0.01;992;1650;0.009988929601552584;0.09994463268006233;1.934381370615652;1.512549793703508
Fidelity (MSE);Tolerancja_0.1;992;198;0.09941740068847643;0.3153052500173069;3.6254002480050733;4.771790921419325
Fidelity (MSE);Tolerancja_1.0;992;22;0.9681968827313387;0.98396996027894;4.698507236217893;14.891280507224847
Fidelity (MSE);Tolerancja_0.01;993;1733;0.009999107313452988;0.09999553646764933;2.123915392329845;1.726615847009666
Fidelity (MSE);Tolerancja_0.1;993;222;0.0996600350084146;0.3156897765345191;4.065846054731977;5.450993015871104
Fidelity (MSE);Tolerancja_1.0;993;21;0.9665720986726591;0.9831439867449016;4.681148265487933;16.97587759784847
Fidelity (MSE);Tolerancja_0.01;994;2200;0.009998412220687475;0.09999206078828196;1.4108388294832892;1.5334619286932851
Fidelity (MSE);Tolerancja_0.1;994;336;0.09978607242235539;0.31588933572115946;3.3337291870693764;4.84442730942672
Fidelity (MSE);Tolerancja_1.0;994;32;0.9811156777655111;0.9905128357399066;4.103115167123174;15.190343228401321
Fidelity (MSE);Tolerancja_0.01;995;2032;0.009986416743203892;0.0999320606372344;1.358211906659902;1.6530797332397622
Fidelity (MSE);Tolerancja_0.1;995;276;0.09960957685552503;0.31560984911045636;3.1887495957849996;5.220829450012967
Fidelity (MSE);Tolerancja_1.0;995;29;0.9857350214587954;0.9928418914705379;3.9409679245541187;16.4236261979957
Fidelity (MSE);Tolerancja_0.01;996;2103;0.009991191971866027;0.09995595015738697;1.3758241776482012;1.4944106799434138
Fidelity (MSE);Tolerancja_0.1;996;296;0.09982361681002534;0.3159487566204769;3.6524919906334765;4.723652723675195
Fidelity (MSE);Tolerancja_1.0;996;32;0.9782032811330178;0.989041597271327;4.709502167404457;14.786856845873661
Fidelity (MSE);Tolerancja_0.01;997;2192;0.009995631247871716;0.0999781538530879;1.3793064531323473;1.6809399670395706
Fidelity (MSE);Tolerancja_0.1;997;325;0.09990065753331069;0.31607065275553614;3.5870731210118754;5.314118856463131
Fidelity (MSE);Tolerancja_1.0;997;34;0.9721998733288437;0.9860019641607433;4.08831170219465;16.57772268502557
Fidelity (MSE);Tolerancja_0.01;998;2535;0.009999725260986185;0.09999862629549561;1.2579651200554536;1.603822764605375
Fidelity (MSE);Tolerancja_0.1;998;450;0.09980839984004558;0.315924674313428;3.9600467960718864;5.066941450447088
Fidelity (MSE);Tolerancja_1.0;998;42;0.992362618395823;0.9961739900217346;4.811270791930729;15.97708470497852
Fidelity (MSE);Tolerancja_0.01;999;2147;0.009993819565282547;0.09996909305021501;1.5017726040259205;1.8375453951931426
Fidelity (MSE);Tolerancja_0.1;999;312;0.09956633931691103;0.31554134327677413;3.7980116888891757;5.800008028881963
Fidelity (MSE);Tolerancja_1.0;999;36;0.9722127625484233;0.9860085002414651;4.235138440402906;18.123955354180378
