Strategia;Konfiguracja;Indeks sygnału;Wymagane K;MSE;RMSE;Max Error;PRD
Energetyczne;Prog_Energii_99.0%;0;51;0.3988130460352902;0.631516465371482;3.5820915889799645;9.997756710762557
Energetyczne;Prog_Energii_99.9%;0;534;0.03980698032567491;0.19951686727110293;3.027096451669901;3.158620888050197
Energetyczne;Prog_Energii_99.99%;0;2715;0.003986778850367834;0.06314094432591133;0.8077733051601403;0.9996062406495282
Energetyczne;Prog_Energii_99.0%;1;93;0.32285710808885126;0.5682051637294854;3.7484712134869236;9.983959143040698
Energetyczne;Prog_Energii_99.9%;1;892;0.032349707148781964;0.1798602433801922;2.6446652332514047;3.1603326333375446
Energetyczne;Prog_Energii_99.99%;1;3199;0.0032352361000100955;0.05687913589366575;0.5008686460333713;0.9994259206066947
Energetyczne;Prog_Energii_99.0%;2;47;0.34970447601404087;0.5913581622113969;3.817001649444789;9.893837564832404
Energetyczne;Prog_Energii_99.9%;2;463;0.03565516881933384;0.18882576312392818;3.125050082099068;3.159187693321841
Energetyczne;Prog_Energii_99.99%;2;2538;0.0035678311685972395;0.05973132485218488;0.9523977474057972;0.9993470343079416
Energetyczne;Prog_Energii_99.0%;3;71;0.3645457863951773;0.6037762718053579;4.113239390778426;9.941263056469115
Energetyczne;Prog_Energii_99.9%;3;699;0.0368770112656921;0.19203388051511144;2.9114716930926425;3.161865431125644
Energetyczne;Prog_Energii_99.99%;3;2942;0.0036840161963977865;0.06069609704419047;0.6092702663847174;0.9993699577047879
Energetyczne;Prog_Energii_99.0%;4;134;0.38590901407103784;0.6212157548477323;4.484996713740276;9.947398614497377
Energetyczne;Prog_Energii_99.9%;4;1210;0.038954693833372404;0.19736943490158856;2.802025461783755;3.160435690761617
Energetyczne;Prog_Energii_99.99%;4;3422;0.0038956428904178254;0.0624150854394819;0.4878684704812919;0.9994397752784298
Energetyczne;Prog_Energii_99.0%;5;76;0.359373807494316;0.599477945794769;3.8351456583734516;9.938644017829121
Energetyczne;Prog_Energii_99.9%;5;727;0.03635155061333262;0.19066082611100954;3.040088835950372;3.1609337627097047
Energetyczne;Prog_Energii_99.99%;5;3006;0.003634601790292048;0.06028765868975215;0.678856172379402;0.9994989516944753
Energetyczne;Prog_Energii_99.0%;6;87;0.3568088865172674;0.5973348194415485;3.471407428384005;9.971750696249886
Energetyczne;Prog_Energii_99.9%;6;797;0.035842230063947524;0.18932044280517496;2.831706699114627;3.1604657821919817
Energetyczne;Prog_Energii_99.99%;6;3104;0.003585175099200876;0.0598763317112937;0.581362425520175;0.9995597661445347
Energetyczne;Prog_Energii_99.0%;7;65;0.4332028272274627;0.6581814546365331;3.9439013977677377;9.971078201009055
Energetyczne;Prog_Energii_99.9%;7;677;0.04351207380837782;0.20859547887808552;2.9295080181254303;3.160103976826446
Energetyczne;Prog_Energii_99.99%;7;2913;0.004353402528023164;0.06598031924766024;0.653855389556584;0.9995646615556372
Energetyczne;Prog_Energii_99.0%;8;80;0.3564193432920073;0.5970086626607752;3.7843380281482366;9.886686820829956
Energetyczne;Prog_Energii_99.9%;8;793;0.03646120848831199;0.19094818273110636;2.8307392915270473;3.162173348130707
Energetyczne;Prog_Energii_99.99%;8;3023;0.003642786656736392;0.060355502290482116;0.5624817103987252;0.9995096995752307
Energetyczne;Prog_Energii_99.0%;9;57;0.4549678798682249;0.6745130687156661;4.677254294407726;9.952924805670465
Energetyczne;Prog_Energii_99.9%;9;617;0.04587356423480362;0.21418114817790015;3.2215369762409223;3.1603966794384104
Energetyczne;Prog_Energii_99.99%;9;2860;0.004585508045142141;0.06771637944502158;0.7131931451637292;0.9992038167797996
Energetyczne;Prog_Energii_99.0%;10;75;0.3859687433647389;0.6212638275038543;4.3531443972947255;9.945648487349846
Energetyczne;Prog_Energii_99.9%;10;709;0.03901220823875644;0.19751508357276523;3.229153787502882;3.1619667928470596
Energetyczne;Prog_Energii_99.99%;10;2996;0.0038983663339748945;0.062436898817725524;0.6949755338931869;0.999535818424057
Energetyczne;Prog_Energii_99.0%;11;41;0.25723043078955804;0.5071788942666661;2.565771001868556;9.968293782973937
Energetyczne;Prog_Energii_99.9%;11;392;0.025804799351178975;0.1606387230750387;2.2625932591361257;3.1572567443862263
Energetyczne;Prog_Energii_99.99%;11;2359;0.0025864785096036437;0.05085743317946398;0.701575771427031;0.9995720261859147
Energetyczne;Prog_Energii_99.0%;12;57;0.3291322173950486;0.5737004596434001;3.9407196837029934;9.88662412882421
Energetyczne;Prog_Energii_99.9%;12;587;0.03362105747906422;0.1833604577848349;3.085684616981363;3.1598648663008024
Energetyczne;Prog_Energii_99.99%;12;2759;0.003362561571656208;0.057987598429804006;0.8154370736179948;0.9993047419990233
Energetyczne;Prog_Energii_99.0%;13;97;0.25175059568001645;0.5017475417777515;3.87851280263392;9.997468453590535
Energetyczne;Prog_Energii_99.9%;13;897;0.02517066673686893;0.15865266066747488;2.955734955357152;3.1612012776015876
Energetyczne;Prog_Energii_99.99%;13;3147;0.0025170973540359046;0.05017068221616988;0.5189262699070492;0.9996657103174175
Energetyczne;Prog_Energii_99.0%;14;74;0.41907387295428306;0.6473591529856383;4.049598726677665;9.887698317796225
Energetyczne;Prog_Energii_99.9%;14;668;0.0427665778640896;0.20680081688448332;3.398947658229295;3.1586547896897574
Energetyczne;Prog_Energii_99.99%;14;2951;0.004282448556383186;0.06544041989766865;0.7493558316351974;0.9995303638696091
Energetyczne;Prog_Energii_99.0%;15;64;0.4313676482019986;0.6567858465299009;4.029664270909084;9.860282097726483
Energetyczne;Prog_Energii_99.9%;15;624;0.044277207107869206;0.21042149868268975;3.383786148899885;3.1590439218504747
Energetyczne;Prog_Energii_99.99%;15;2824;0.0044364727923480235;0.06660685244288325;0.794530089918922;0.9999642321746823
Energetyczne;Prog_Energii_99.0%;16;141;0.37243281404144496;0.6102727374227404;4.060639267288747;9.97502413453996
Energetyczne;Prog_Energii_99.9%;16;1245;0.03742171197076501;0.19344692287747825;2.545803207844343;3.16192680112902
Energetyczne;Prog_Energii_99.99%;16;3454;0.0037407995876563376;0.06116207638444216;0.43796909131318884;0.9997057883166935
Energetyczne;Prog_Energii_99.0%;17;47;0.49450506807407435;0.7032105432045757;3.4271151424682085;9.93948249567258
Energetyczne;Prog_Energii_99.9%;17;447;0.049947070880888546;0.2234884133034385;2.849232872076003;3.158882063815894
Energetyczne;Prog_Energii_99.99%;17;2519;0.0049988909876790095;0.07070283578244234;0.8248002074128715;0.9993445141643121
Energetyczne;Prog_Energii_99.0%;18;218;0.187781909387993;0.43333810054966665;3.988300577363039;9.97281246313797
Energetyczne;Prog_Energii_99.9%;18;1685;0.0188665284381765;0.1373554820099165;2.0742457263128884;3.1610893690891086
Energetyczne;Prog_Energii_99.99%;18;3725;0.001885838615075553;0.04342624339124388;0.2853988649331769;0.999408500591382
Energetyczne;Prog_Energii_99.0%;19;109;0.31985638298440555;0.5655584699961672;3.972151268819741;9.98252452549627
Energetyczne;Prog_Energii_99.9%;19;976;0.03205230506776641;0.1790315756166113;2.6677698882810237;3.160039481758932
Energetyczne;Prog_Energii_99.99%;19;3263;0.003206862025714861;0.056629162325738676;0.48620519522713224;0.9995465221815649
Energetyczne;Prog_Energii_99.0%;20;44;0.3814625413024808;0.6176265386967118;3.574310118583864;9.868763564225581
Energetyczne;Prog_Energii_99.9%;20;388;0.03908695440881023;0.19770420938566338;3.220892956295605;3.159022444528334
Energetyczne;Prog_Energii_99.99%;20;2375;0.003915725936778313;0.0625757615756957;1.0590438937176145;0.9998686214893061
Energetyczne;Prog_Energii_99.0%;21;78;0.43690067914382397;0.6609846285231026;3.9791290453611254;9.905633480509966
Energetyczne;Prog_Energii_99.9%;21;748;0.04449077412689135;0.2109283625473145;2.9726038306797924;3.161010044524501
Energetyczne;Prog_Energii_99.99%;21;3010;0.004449586238324977;0.06670521897366785;0.56263944211458;0.999656303455502
Energetyczne;Prog_Energii_99.0%;22;86;0.3661474878405046;0.6051012211527131;4.2956065726500405;9.921075408681263
Energetyczne;Prog_Energii_99.9%;22;839;0.03719018926658096;0.19284758040115763;3.1250555245263385;3.1618765929721167
Energetyczne;Prog_Energii_99.99%;22;3144;0.0037161445240339644;0.06096018802492299;0.6749437944271435;0.9994866993831678
Energetyczne;Prog_Energii_99.0%;23;127;0.3257321949597092;0.5707295287259186;4.292379787868805;9.977528839241494
Energetyczne;Prog_Energii_99.9%;23;1066;0.03268800844319533;0.18079825342960404;2.748957415521389;3.160726222989354
Energetyczne;Prog_Energii_99.99%;23;3347;0.0032682881738384196;0.057168944137865794;0.41821680479072576;0.9994310091470093
Energetyczne;Prog_Energii_99.0%;24;60;0.39263997982061494;0.6266099104072764;3.7846527389607347;9.934050233750936
Energetyczne;Prog_Energii_99.9%;24;572;0.03971540097052569;0.19928723233194265;2.878785419682157;3.159428767483029
Energetyczne;Prog_Energii_99.99%;24;2761;0.003974609353044528;0.06304450295659828;0.6815054953761015;0.9994850846288723
Energetyczne;Prog_Energii_99.0%;25;76;0.37574542059805804;0.6129807669071339;4.05544294784124;9.868249216563685
Energetyczne;Prog_Energii_99.9%;25;787;0.038582149353846636;0.19642339309218398;3.0156488237608676;3.162179141079617
Energetyczne;Prog_Energii_99.99%;25;3026;0.003854440637425695;0.062084141593692785;0.5674118301136999;0.9994796161945575
Energetyczne;Prog_Energii_99.0%;26;29;0.4648333405204188;0.6817868732385648;2.8795109285552556;9.96699316549852
Energetyczne;Prog_Energii_99.9%;26;285;0.046705431429987475;0.21611439431464874;2.657085391089173;3.159360755756651
Energetyczne;Prog_Energii_99.99%;26;1968;0.004675145089872538;0.06837503264988279;1.1360814843086389;0.9995696747210001
Energetyczne;Prog_Energii_99.0%;27;105;0.3089070576513866;0.5557940784601673;4.069416744037435;9.964555150267277
Energetyczne;Prog_Energii_99.9%;27;979;0.03110207108761257;0.17635779281793182;2.8333956282782538;3.161831010474927
Energetyczne;Prog_Energii_99.99%;27;3268;0.0031067917896709664;0.05573860232972268;0.4927181355927037;0.9993096336184569
Energetyczne;Prog_Energii_99.0%;28;78;0.3537118790780354;0.5947368149677935;5.7675209255591575;9.934975482940645
Energetyczne;Prog_Energii_99.9%;28;766;0.03578011755813128;0.18915633100198173;3.1298934396489813;3.159823746659203
Energetyczne;Prog_Energii_99.99%;28;3085;0.003582455490317124;0.05985361718657548;0.6170723488209533;0.9998443081855355
Energetyczne;Prog_Energii_99.0%;29;120;0.3657590553654099;0.6047801711079902;3.9429627863984873;9.974277665761669
Energetyczne;Prog_Energii_99.9%;29;1096;0.03671823138340634;0.19162001822201755;2.777336418955984;3.160274359794503
Energetyczne;Prog_Energii_99.99%;29;3374;0.0036717359288739046;0.06059485067952478;0.4380653612769463;0.9993546327513881
Energetyczne;Prog_Energii_99.0%;30;93;0.25232042354090445;0.5023150640194901;4.242383555562719;9.980750490076234
Energetyczne;Prog_Energii_99.9%;30;933;0.025304767207874095;0.15907472208957052;3.283023847220454;3.1607356103352275
Energetyczne;Prog_Energii_99.99%;30;3218;0.002531851399326379;0.05031750589334073;0.5907251594101446;0.9997838161287723
Energetyczne;Prog_Energii_99.0%;31;66;0.3718224612786178;0.6097724668092335;3.9268369603808093;9.956002935551375
Energetyczne;Prog_Energii_99.9%;31;596;0.03739986302377761;0.1933904419142208;3.154999976873735;3.15756435753915
Energetyczne;Prog_Energii_99.99%;31;2789;0.0037487648930161774;0.06122715813277779;0.7410870202566926;0.9996806994175248
Energetyczne;Prog_Energii_99.0%;32;57;0.43314920161845605;0.6581407156668367;3.716067351261737;9.948498893325167
Energetyczne;Prog_Energii_99.9%;32;566;0.043666969017263725;0.2089664303596722;3.0637481815219045;3.158750479476017
Energetyczne;Prog_Energii_99.99%;32;2710;0.004374041479376825;0.06613653664485936;0.6830129421197002;0.99972429293193
Energetyczne;Prog_Energii_99.0%;33;63;0.3560210261730258;0.5966749753199189;4.448862442056059;9.961801317163868
Energetyczne;Prog_Energii_99.9%;33;625;0.03582255314205861;0.18926846843058304;3.21096145920043;3.1599362401589692
Energetyczne;Prog_Energii_99.99%;33;2867;0.0035863005219396514;0.059885728867065245;0.7682734332298704;0.9998236181890927
Energetyczne;Prog_Energii_99.0%;34;100;0.42757499768751134;0.6538921911810167;4.4746637720852025;9.938776326848828
Energetyczne;Prog_Energii_99.9%;34;913;0.04327971686749249;0.20803777750084837;3.216690323127538;3.1620517357475078
Energetyczne;Prog_Energii_99.99%;34;3232;0.004321412496843791;0.06573745124998223;0.5292934372877713;0.9991705560677596
Energetyczne;Prog_Energii_99.0%;35;75;0.3834109952474844;0.6192019018442082;4.288165034590002;9.939408307012025
Energetyczne;Prog_Energii_99.9%;35;750;0.03877585169864923;0.19691584928250247;3.304915773643023;3.160886654759134
Energetyczne;Prog_Energii_99.99%;35;3042;0.0038747616361418666;0.06224758337591803;0.7052626450024047;0.9991961353078819
Energetyczne;Prog_Energii_99.0%;36;87;0.36926326794143277;0.6076703612497756;4.064830148375572;9.994157844823985
Energetyczne;Prog_Energii_99.9%;36;826;0.036906491286952545;0.19211062252502475;3.051080727722699;3.159581259210549
Energetyczne;Prog_Energii_99.99%;36;3134;0.0036947749806269;0.06078466073465328;0.6506573855411624;0.9997056507360205
Energetyczne;Prog_Energii_99.0%;37;83;0.2876988171297301;0.5363756306262711;3.298461093264496;9.95936489807516
Energetyczne;Prog_Energii_99.9%;37;777;0.02898215478994311;0.17024146025555323;2.482968916575537;3.1610250851377337
Energetyczne;Prog_Energii_99.99%;37;3070;0.0028960555706090438;0.05381501250217307;0.5292395602200168;0.9992313518752307
Energetyczne;Prog_Energii_99.0%;38;44;0.4664437478972569;0.6829668717421489;3.9202924725545367;9.900513868456882
Energetyczne;Prog_Energii_99.9%;38;443;0.047488812355524816;0.21791927944889322;2.915420400614562;3.1590300169090155
Energetyczne;Prog_Energii_99.99%;38;2498;0.00475468936737462;0.06895425561467994;0.8672901683177847;0.99958371664622
Energetyczne;Prog_Energii_99.0%;39;140;0.2840642455842555;0.532976777715742;4.261947767887779;9.980989965168769
Energetyczne;Prog_Energii_99.9%;39;1222;0.028474547444950656;0.1687440293608952;2.452684776535364;3.1600484939542857
Energetyczne;Prog_Energii_99.99%;39;3445;0.0028471074715099467;0.053358293371414595;0.3667360420767114;0.999234137331703
Energetyczne;Prog_Energii_99.0%;40;114;0.3706064349111018;0.6087745353668317;4.081042457025633;9.931768246697239
Energetyczne;Prog_Energii_99.9%;40;1016;0.03751671979256565;0.19369233281822398;2.7335913945368695;3.1599668661462235
Energetyczne;Prog_Energii_99.99%;40;3307;0.0037523072300198173;0.06125607912705332;0.44193763853163937;0.9993538596758929
Energetyczne;Prog_Energii_99.0%;41;62;0.49753915698687334;0.705364556089171;4.7363972754666435;9.899640298043542
Energetyczne;Prog_Energii_99.9%;41;588;0.05068354650586041;0.2251300657528008;3.4047847639737583;3.1596521996859015
Energetyczne;Prog_Energii_99.99%;41;2768;0.0050726209390047185;0.07122233455177328;0.8019192803474053;0.9995901936988442
Energetyczne;Prog_Energii_99.0%;42;103;0.4116460843246472;0.6415965120889041;4.499526760628968;9.96244667391863
Energetyczne;Prog_Energii_99.9%;42;974;0.041437926133096374;0.2035630765465495;3.018585125986948;3.1608437026428278
Energetyczne;Prog_Energii_99.99%;42;3273;0.004139998888704531;0.06434282313284467;0.5214582654403248;0.9990888856663858
Energetyczne;Prog_Energii_99.0%;43;45;0.35201769586253934;0.5933107919653403;3.7687736192471757;9.925966893061199
Energetyczne;Prog_Energii_99.9%;43;443;0.035651844611046195;0.18881696060218264;3.1632537957982674;3.1588687163054185
Energetyczne;Prog_Energii_99.99%;43;2515;0.0035703693324696116;0.059752567580561855;0.9186343257138065;0.9996481028356322
Energetyczne;Prog_Energii_99.0%;44;57;0.3587365656711878;0.5989462126695416;3.5804025098325134;9.996102835251369
Energetyczne;Prog_Energii_99.9%;44;565;0.03588425964380164;0.18943141144963693;2.6760739672524556;3.1615123846223114
Energetyczne;Prog_Energii_99.99%;44;2737;0.0035874698053548542;0.0598954906929967;0.6832691673826348;0.9996247937965854
Energetyczne;Prog_Energii_99.0%;45;44;0.3390508070529454;0.5822806943845429;3.4260194202545655;9.86408435021892
Energetyczne;Prog_Energii_99.9%;45;434;0.034798082505957464;0.18654244156748206;3.178332069543009;3.160108855167075
Energetyczne;Prog_Energii_99.99%;45;2508;0.0034836551708906996;0.05902249715905537;0.9533234764960818;0.9998663808575238
Energetyczne;Prog_Energii_99.0%;46;97;0.38553031884171235;0.6209108783406136;3.558089968710945;9.99870133970291
Energetyczne;Prog_Energii_99.9%;46;905;0.03854716823121837;0.1963343276944161;2.4919495228488;3.161626529388869
Energetyczne;Prog_Energii_99.99%;46;3228;0.0038498461480007263;0.06204712844282744;0.5018739554463219;0.9991622436121808
Energetyczne;Prog_Energii_99.0%;47;97;0.3375770227965854;0.5810137888179465;4.073431973319342;9.994313544239272
Energetyczne;Prog_Energii_99.9%;47;974;0.033775530468695435;0.18378120270771828;2.9766172604032093;3.1613138943486585
Energetyczne;Prog_Energii_99.99%;47;3229;0.0033788087480766085;0.05812752143414175;0.5181265208593557;0.9998810457566151
Energetyczne;Prog_Energii_99.0%;48;101;0.48496930776051433;0.6963973777668281;3.7084202887314377;9.95568355437762
Energetyczne;Prog_Energii_99.9%;48;961;0.04892623336916881;0.22119275161986846;2.73601522828368;3.1621673342756127
Energetyczne;Prog_Energii_99.99%;48;3288;0.0048887432009760414;0.06991954806043901;0.43507891934767073;0.999568517887067
Energetyczne;Prog_Energii_99.0%;49;127;0.2840909064472945;0.5330017884090957;3.7686763103489103;9.984459549541068
Energetyczne;Prog_Energii_99.9%;49;1109;0.0284718914840153;0.16873615938504496;2.545205880000635;3.160851228948982
Energetyczne;Prog_Energii_99.99%;49;3328;0.0028458109897253493;0.05334614315698324;0.445509196496261;0.9993069818109388
Energetyczne;Prog_Energii_99.0%;50;145;0.3545428986911601;0.5954350499350539;4.218788067501711;9.982438762385035
Energetyczne;Prog_Energii_99.9%;50;1263;0.035560903176938316;0.18857598780581347;2.9292551845299775;3.16146698205476
Energetyczne;Prog_Energii_99.99%;50;3473;0.003554044952545048;0.059615811262995054;0.41941719408465516;0.9994560872217096
Energetyczne;Prog_Energii_99.0%;51;60;0.3515266740741725;0.5928968494385617;3.966884354217333;9.831696223249988
Energetyczne;Prog_Energii_99.9%;51;593;0.03633763303779032;0.1906243243602199;3.3047798226473537;3.1610227843960956
Energetyczne;Prog_Energii_99.99%;51;2822;0.0036344023485217485;0.06028600458250446;0.7712950722004028;0.9996910662114422
Energetyczne;Prog_Energii_99.0%;52;75;0.3790346600641185;0.6156579083095729;3.709198933631063;9.952161575788288
Energetyczne;Prog_Energii_99.9%;52;739;0.03822204923101892;0.19550460155970478;3.2228993328294067;3.1603482344190637
Energetyczne;Prog_Energii_99.99%;52;3008;0.003821728115496032;0.06182012710676056;0.6160550908613371;0.9993275247475352
Energetyczne;Prog_Energii_99.0%;53;57;0.37123666160758934;0.6092919346319868;3.705553364132785;9.985850061789344
Energetyczne;Prog_Energii_99.9%;53;524;0.03717219807414583;0.1928009286132871;2.8840998917360303;3.1598664867751918
Energetyczne;Prog_Energii_99.99%;53;2637;0.0037205589091882344;0.06099638439439042;0.6947655544887974;0.9996862164957883
Energetyczne;Prog_Energii_99.0%;54;116;0.3406395262089902;0.5836433210523274;4.156612061140651;9.94881903540374
Energetyczne;Prog_Energii_99.9%;54;1062;0.03434113058686985;0.18531360065270397;2.7217773324086814;3.15886674479315
Energetyczne;Prog_Energii_99.99%;54;3301;0.0034371883862497413;0.05862753948657355;0.4446626500152817;0.9993685523398856
Energetyczne;Prog_Energii_99.0%;55;99;0.4131116773889108;0.642737642735285;3.923937334633279;9.994278315435407
Energetyczne;Prog_Energii_99.9%;55;923;0.04133015349453396;0.20329818861596863;2.7145590990098585;3.1611944640508454
Energetyczne;Prog_Energii_99.99%;55;3190;0.004132236419293095;0.06428247365567924;0.4800569143174478;0.9995632584788601
Energetyczne;Prog_Energii_99.0%;56;109;0.29509791578250977;0.5432291558656529;3.6903165355688623;9.984771445643652
Energetyczne;Prog_Energii_99.9%;56;1006;0.02957215229252438;0.1719655555409989;2.6829517567097563;3.1607964153983246
Energetyczne;Prog_Energii_99.99%;56;3312;0.00295519218882692;0.05436167941507069;0.4408459868203263;0.9991896393997496
Energetyczne;Prog_Energii_99.0%;57;146;0.34095623113466295;0.5839145752031396;3.8425447545168736;9.968054602328536
Energetyczne;Prog_Energii_99.9%;57;1314;0.03429791416179911;0.18519696045507633;2.2982880641925343;3.161512817794026
Energetyczne;Prog_Energii_99.99%;57;3448;0.0034276329192245982;0.058545989779186396;0.3537775951474451;0.9994434933624868
Energetyczne;Prog_Energii_99.0%;58;59;0.3849786394244814;0.6204664692185078;4.303356585044289;9.936987322358876
Energetyczne;Prog_Energii_99.9%;58;619;0.03894026686269384;0.19733288337906038;3.3483572604541516;3.1603550839613277
Energetyczne;Prog_Energii_99.99%;58;2829;0.00389586074127445;0.06241683059299351;0.7615020426313883;0.9996273530874267
Energetyczne;Prog_Energii_99.0%;59;54;0.333424264447196;0.5774290124744305;3.482503219427935;9.897398601885893
Energetyczne;Prog_Energii_99.9%;59;603;0.034007713582284535;0.18441180434637186;2.970240382978642;3.160903063542999
Energetyczne;Prog_Energii_99.99%;59;2805;0.0034032461946820938;0.05833734819720634;0.6923862183178624;0.9999289540553321
Energetyczne;Prog_Energii_99.0%;60;68;0.3748153172109756;0.6122216242595288;4.275432007161873;9.934323292401995
Energetyczne;Prog_Energii_99.9%;60;726;0.03790915794445563;0.19470274251909148;3.4017870955809313;3.159378750205676
Energetyczne;Prog_Energii_99.99%;60;3011;0.003797852753760803;0.06162672110181429;0.7086047198391778;0.9999969726920123
Energetyczne;Prog_Energii_99.0%;61;64;0.33838369301330606;0.581707566577319;3.6925499580592156;9.88988534584685
Energetyczne;Prog_Energii_99.9%;61;597;0.03455678812811933;0.18589456185730482;2.9876981625139383;3.160481329136733
Energetyczne;Prog_Energii_99.99%;61;2797;0.0034595255314097415;0.05881773143712482;0.6691705085596409;0.9999880586711575
Energetyczne;Prog_Energii_99.0%;62;109;0.36048569845393497;0.6004046122856943;4.613271542440862;9.964615891781293
Energetyczne;Prog_Energii_99.9%;62;1034;0.03628445056619091;0.19048477778077416;3.1982343496966674;3.161380850474782
Energetyczne;Prog_Energii_99.99%;62;3258;0.0036238932636625514;0.06019878124731888;0.562816661544808;0.9990891475654841
Energetyczne;Prog_Energii_99.0%;63;61;0.3636496575823212;0.6030337118124668;3.385093210768108;9.963449704344999
Energetyczne;Prog_Energii_99.9%;63;589;0.03663104710237086;0.19139239039828845;2.87610181338772;3.1622252921752616
Energetyczne;Prog_Energii_99.99%;63;2803;0.0036631225935385005;0.060523735786371456;0.7040832918674074;0.9999858807464285
Energetyczne;Prog_Energii_99.0%;64;40;0.4331900921007169;0.6581717800853489;3.8530493199217197;9.924189164685696
Energetyczne;Prog_Energii_99.9%;64;399;0.043898436210015664;0.2095195365831446;3.003905406869503;3.1592231354537503
Energetyczne;Prog_Energii_99.99%;64;2370;0.004395707561281727;0.0663001324378898;0.9579143816157139;0.9997011051917316
Energetyczne;Prog_Energii_99.0%;65;76;0.4194040592586157;0.6476141283655072;3.9183517709894184;9.925543042996711
Energetyczne;Prog_Energii_99.9%;65;726;0.04247845996258201;0.20610303239540656;2.9412534013552105;3.158801560577116
Energetyczne;Prog_Energii_99.99%;65;3024;0.004252708413092954;0.0652127933238023;0.5843885844749197;0.9994723072566044
Energetyczne;Prog_Energii_99.0%;66;113;0.347515942904488;0.5895048285675767;4.056066119307802;9.996864116210686
Energetyczne;Prog_Energii_99.9%;66;1057;0.034748766379998124;0.18641020996715316;2.8693679113182267;3.1611573792263052
Energetyczne;Prog_Energii_99.99%;66;3295;0.003475909974484195;0.05895684841037718;0.4667871623351305;0.9997943591245917
Energetyczne;Prog_Energii_99.0%;67;90;0.3701070370568429;0.6083642305862853;4.259470900870253;9.9203047849708
Energetyczne;Prog_Energii_99.9%;67;826;0.03757450403216417;0.19384144044079987;2.925535919838219;3.160879736925562
Energetyczne;Prog_Energii_99.99%;67;3123;0.0037577571897578735;0.06130054803798962;0.6587045814471684;0.9995987427409246
Energetyczne;Prog_Energii_99.0%;68;70;0.4124139333309689;0.6421946226269486;4.255444805174133;9.924654102896612
Energetyczne;Prog_Energii_99.9%;68;640;0.04181459107687776;0.2044861635340586;3.468671470628011;3.160185978515729
Energetyczne;Prog_Energii_99.99%;68;2882;0.004183847081779298;0.06468266446103854;0.8803973116403778;0.99962386574271
Energetyczne;Prog_Energii_99.0%;69;61;0.31399707755866796;0.5603544213787092;3.0687959912928555;9.972229229157637
Energetyczne;Prog_Energii_99.9%;69;615;0.031523224865663474;0.1775478100841108;2.519346400436823;3.1596921408015346
Energetyczne;Prog_Energii_99.99%;69;2817;0.00315429669556881;0.056163125763874736;0.5372928045590806;0.9994952176255784
Energetyczne;Prog_Energii_99.0%;70;157;0.3807366236969393;0.6170385917403702;4.15072055601138;9.993254732202631
Energetyczne;Prog_Energii_99.9%;70;1416;0.03807586028386098;0.19513036740564238;2.381877730453299;3.160235832207664
Energetyczne;Prog_Energii_99.99%;70;3568;0.0038095485526918964;0.06172154042708183;0.39433957067565606;0.9996118301321752
Energetyczne;Prog_Energii_99.0%;71;80;0.3639035999135419;0.6032442290760367;4.055817452775092;9.880168980808058
Energetyczne;Prog_Energii_99.9%;71;748;0.03720498207460231;0.19288593021421316;3.1674726874287202;3.1591609047893017
Energetyczne;Prog_Energii_99.99%;71;3045;0.003726475807763601;0.061044867169677754;0.6376619530692018;0.9998166148579526
Energetyczne;Prog_Energii_99.0%;72;100;0.40405930927748357;0.6356565969747215;3.4394856771123363;9.964422212307154
Energetyczne;Prog_Energii_99.9%;72;961;0.04068571783321337;0.20170700987623946;2.5181014058280895;3.161917644140784
Energetyczne;Prog_Energii_99.99%;72;3235;0.004066666214982942;0.06377041802421356;0.47407652130584577;0.9996519706911117
Energetyczne;Prog_Energii_99.0%;73;68;0.34010066081842044;0.5831814990364668;3.585476976271546;9.864788648772377
Energetyczne;Prog_Energii_99.9%;73;645;0.0349066145147269;0.1868331194267411;2.9563505224733744;3.160369865609199
Energetyczne;Prog_Energii_99.99%;73;2830;0.0034932133911960307;0.05910341268654485;0.6754977870221159;0.9997619532465294
Energetyczne;Prog_Energii_99.0%;74;97;0.32711023242531884;0.5719355142193208;4.519733459894101;9.988417550966483
Energetyczne;Prog_Energii_99.9%;74;927;0.03277138688981143;0.18102869079185055;2.8325182107778524;3.1615280173708813
Energetyczne;Prog_Energii_99.99%;74;3190;0.003278647539574672;0.05725947554400644;0.529035502262025;0.9999930696095415
Energetyczne;Prog_Energii_99.0%;75;107;0.39940299716257943;0.6319833836127177;4.294146377595768;9.976149088882662
Energetyczne;Prog_Energii_99.9%;75;1023;0.04011117543357089;0.20027774572720478;2.9151963525134708;3.1614765551878996
Energetyczne;Prog_Energii_99.99%;75;3270;0.004006781242371713;0.06329914092917623;0.5354251666462964;0.9992061238980795
Energetyczne;Prog_Energii_99.0%;76;48;0.3555472431292555;0.5962778237778557;3.7931899828440665;9.926858717059618
Energetyczne;Prog_Energii_99.9%;76;463;0.03601074931628308;0.1897649844314885;3.0688578045484443;3.1592155783378693
Energetyczne;Prog_Energii_99.99%;76;2576;0.003602960489999495;0.06002466568003103;0.9770733982991606;0.9992932018991078
Energetyczne;Prog_Energii_99.0%;77;93;0.32461160021293656;0.5697469615653395;3.8633790522177556;9.955344467885617
Energetyczne;Prog_Energii_99.9%;77;867;0.032733286929187866;0.18092342835903774;2.8165964534155785;3.1613245407689403
Energetyczne;Prog_Energii_99.99%;77;3173;0.003271542761930443;0.057197401706112865;0.5785772215404066;0.999425841759544
Energetyczne;Prog_Energii_99.0%;78;135;0.27025882804789336;0.5198642400164618;4.388235109402569;9.963009499315005
Energetyczne;Prog_Energii_99.9%;78;1178;0.027188768515761682;0.1648901710708121;2.895857408804126;3.1600602893366108
Energetyczne;Prog_Energii_99.99%;78;3400;0.0027217770086722546;0.05217065275298225;0.43698129952907117;0.9998316270935806
Energetyczne;Prog_Energii_99.0%;79;58;0.3528553560013749;0.5940162927070055;3.5560640244406665;9.879384277637646
Energetyczne;Prog_Energii_99.9%;79;551;0.03608272719806115;0.18995453981956092;2.8052744972480745;3.1592296662558064
Energetyczne;Prog_Energii_99.99%;79;2743;0.0036122587123573083;0.06010206911876918;0.7030569009004173;0.9995877958154477
Energetyczne;Prog_Energii_99.0%;80;94;0.29492817557560064;0.5430729007928867;4.104193615587064;9.909619665965339
Energetyczne;Prog_Energii_99.9%;80;909;0.03002370857541358;0.17327350800227248;3.0513035075071366;3.1617754448494706
Energetyczne;Prog_Energii_99.99%;80;3234;0.002999665836089612;0.054769205180371316;0.5420586775401244;0.9993906747184305
Energetyczne;Prog_Energii_99.0%;81;82;0.40599547436818084;0.6371777415825045;4.288391400924459;9.885728556247669
Energetyczne;Prog_Energii_99.9%;81;750;0.041471697947821996;0.20364601137223876;3.412290212730639;3.1595409861438197
Energetyczne;Prog_Energii_99.99%;81;3041;0.004151203636591991;0.06442983498808601;0.664479964967267;0.9996203854110522
Energetyczne;Prog_Energii_99.0%;82;74;0.37566594378169005;0.6129159353301968;4.437296259288634;9.947640482105822
Energetyczne;Prog_Energii_99.9%;82;722;0.03787808584293199;0.19462293246925447;3.5020599677019586;3.158734909925778
Energetyczne;Prog_Energii_99.99%;82;2998;0.003793123971247985;0.06158834281946532;0.6732488990332222;0.99958029632019
Energetyczne;Prog_Energii_99.0%;83;54;0.39013934984562554;0.6246113590430658;3.1464335944975623;9.92608799171846
Energetyczne;Prog_Energii_99.9%;83;541;0.03954212546386605;0.19885201900877458;2.769101971203992;3.1600812400145237
Energetyczne;Prog_Energii_99.99%;83;2721;0.0039565209134339125;0.06290088165863744;0.6239151017535471;0.9995970727411261
Energetyczne;Prog_Energii_99.0%;84;32;0.44075558732882;0.6638942591473584;3.7505919369993785;9.64408347039085
Energetyczne;Prog_Energii_99.9%;84;328;0.04718401347776295;0.21721881474164006;3.143037797543222;3.1554368061537383
Energetyczne;Prog_Energii_99.99%;84;2215;0.004735551348124179;0.0688153423890645;1.196274786180432;0.9996485086284759
Energetyczne;Prog_Energii_99.0%;85;67;0.41370007272916137;0.6431952057728364;3.301481170131644;9.925187195427435
Energetyczne;Prog_Energii_99.9%;85;671;0.04193614790987591;0.20478317291680953;2.665246198620536;3.1600225055016384
Energetyczne;Prog_Energii_99.99%;85;2942;0.004196646037540775;0.06478152543388258;0.5641435408436895;0.9996479466355221
Energetyczne;Prog_Energii_99.0%;86;63;0.43499982990972147;0.659545168968526;4.569234538184887;9.945179692572513
Energetyczne;Prog_Energii_99.9%;86;638;0.043909354589055434;0.20954559071728385;3.515148913911922;3.1597055842722592
Energetyczne;Prog_Energii_99.99%;86;2846;0.004395873925860653;0.06630138705834632;0.7583612200805527;0.9997483708254133
Energetyczne;Prog_Energii_99.0%;87;91;0.30754726174657865;0.5545694381649413;3.733056488947824;9.941717317496861
Energetyczne;Prog_Energii_99.9%;87;816;0.031067599875850952;0.17626003482312985;2.7509157556420565;3.1597980703410653
Energetyczne;Prog_Energii_99.99%;87;3070;0.003107669466171379;0.05574647492148162;0.5849114371437041;0.9993621302864913
Energetyczne;Prog_Energii_99.0%;88;57;0.2670803138417867;0.516798136453477;3.0965150194548903;9.97389074103245
Energetyczne;Prog_Energii_99.9%;88;587;0.026820226883161713;0.16376882146233365;2.797899102776567;3.1606389745563797
Energetyczne;Prog_Energii_99.99%;88;2795;0.002682381696783772;0.05179171455728968;0.651453610224678;0.9995486938673375
Energetyczne;Prog_Energii_99.0%;89;52;0.38374852937291654;0.6194743976734766;3.895185773590579;9.929778205408551
Energetyczne;Prog_Energii_99.9%;89;563;0.0388535220540511;0.19711296774705386;3.234346748598802;3.159594744333205
Energetyczne;Prog_Energii_99.99%;89;2712;0.003889231842476319;0.06236370613166218;0.8136718757848556;0.9996503040002827
Energetyczne;Prog_Energii_99.0%;90;46;0.4534615085284674;0.6733955067629034;4.060443574383097;9.762084690445173
Energetyczne;Prog_Energii_99.9%;90;474;0.047459654809988316;0.21785236930083712;3.1807524793319617;3.158163750382285
Energetyczne;Prog_Energii_99.99%;90;2579;0.004755378800910897;0.06895925464294765;0.8768630860798101;0.9996890048324193
Energetyczne;Prog_Energii_99.0%;91;69;0.4430481848374406;0.6656186482043908;4.229986010735936;9.959257432504602
Energetyczne;Prog_Energii_99.9%;91;670;0.04455937983969701;0.2110909278952959;3.385256700287509;3.1584284758950516
Energetyczne;Prog_Energii_99.99%;91;2871;0.004462524311390599;0.06680212804537441;0.7615403306337711;0.9995206595214359
Energetyczne;Prog_Energii_99.0%;92;43;0.2677944805934461;0.5174886284677627;3.0792841836118763;9.962557999650056
Energetyczne;Prog_Energii_99.9%;92;423;0.026947173686763137;0.1641559431965932;2.632532705286631;3.1602880046381525
Energetyczne;Prog_Energii_99.99%;92;2457;0.002696172514260578;0.05192468116667234;0.8139390711241399;0.9996406090468051
Energetyczne;Prog_Energii_99.0%;93;59;0.3440968899405869;0.5865977241181446;3.1186291424837362;9.907139641743452
Energetyczne;Prog_Energii_99.9%;93;535;0.034997132638725906;0.18707520583638523;2.558313049577981;3.159542070360446
Energetyczne;Prog_Energii_99.99%;93;2684;0.0035017770823655694;0.05917581501226299;0.6307524888203755;0.9994294874256805
Energetyczne;Prog_Energii_99.0%;94;106;0.39380597462106487;0.627539619961214;4.549457001736975;9.967316351849338
Energetyczne;Prog_Energii_99.9%;94;1039;0.03961092603652274;0.19902493822765713;3.144653718808281;3.1611462577373834
Energetyczne;Prog_Energii_99.99%;94;3273;0.0039603730956180696;0.06293149525967161;0.5603739020565075;0.9995514255925746
Energetyczne;Prog_Energii_99.0%;95;43;0.3106527225881065;0.5573622902458566;3.498219198070659;9.905323563715307
Energetyczne;Prog_Energii_99.9%;95;488;0.03153869030568414;0.17759135763230186;3.0718492506098505;3.156115672431804
Energetyczne;Prog_Energii_99.99%;95;2555;0.003163457386168505;0.05624462095319432;0.8708202081763812;0.9995673891288215
Energetyczne;Prog_Energii_99.0%;96;106;0.2574487119985082;0.5073940401684949;4.070529459202794;9.968025986863536
Energetyczne;Prog_Energii_99.9%;96;1016;0.02588911833173482;0.16090095814424107;3.0102466080348345;3.1609849645857633
Energetyczne;Prog_Energii_99.99%;96;3315;0.002590736041213011;0.050899273484137385;0.5583165411456998;0.9999433194640407
Energetyczne;Prog_Energii_99.0%;97;74;0.33697227130848334;0.5804931277013392;3.5390048480308933;9.938728212743552
Energetyczne;Prog_Energii_99.9%;97;749;0.03407153569227021;0.18458476560179665;2.804117975137284;3.160309278412496
Energetyczne;Prog_Energii_99.99%;97;3011;0.0034084986799193073;0.05838234904420434;0.508345840336617;0.9995747957767538
Energetyczne;Prog_Energii_99.0%;98;68;0.37605263063859495;0.6132313027223862;3.665772469745029;9.9268074263321
Energetyczne;Prog_Energii_99.9%;98;621;0.03811191144715113;0.19522272267118684;2.9426743810367864;3.160207844247029
Energetyczne;Prog_Energii_99.99%;98;2854;0.003810085947840931;0.06172589365769386;0.6555653177753626;0.9992005575024807
Energetyczne;Prog_Energii_99.0%;99;70;0.41482535160073686;0.6440693686247909;3.781409009559268;9.857524129541813
Energetyczne;Prog_Energii_99.9%;99;633;0.04262259769185195;0.20645241023502717;3.140190275624659;3.159767743401905
Energetyczne;Prog_Energii_99.99%;99;2864;0.0042682503987895;0.0653318482731776;0.7189857114257592;0.9999082430445274
Energetyczne;Prog_Energii_99.0%;100;88;0.4045290314387521;0.6360259675821044;4.502068916733837;9.970145224874628
Energetyczne;Prog_Energii_99.9%;100;837;0.040681549320673104;0.20169667652361828;3.182238899625561;3.161734361192482
Energetyczne;Prog_Energii_99.99%;100;3137;0.004065828638878845;0.06376385056502505;0.5873558179603533;0.9995422870033008
Energetyczne;Prog_Energii_99.0%;101;95;0.3157218486602826;0.5618913139213692;3.4228790142912358;9.992497451439494
Energetyczne;Prog_Energii_99.9%;101;941;0.031605552050508016;0.17777950402256165;2.4768723837545434;3.1615744839796935
Energetyczne;Prog_Energii_99.99%;101;3256;0.0031569088655005765;0.0561863761556178;0.435317448422915;0.9992007468889252
Energetyczne;Prog_Energii_99.0%;102;65;0.38149012561363654;0.6176488691915792;4.139835709538443;9.96262500133018
Energetyczne;Prog_Energii_99.9%;102;639;0.038434248972851866;0.19604654797484158;3.029982179319596;3.162214548915201
Energetyczne;Prog_Energii_99.99%;102;2912;0.0038412118148047226;0.061977510556690825;0.753235419622106;0.9996921017607707
Energetyczne;Prog_Energii_99.0%;103;76;0.3563537334448195;0.5969537113083556;4.318119041686657;9.866244730489948
Energetyczne;Prog_Energii_99.9%;103;733;0.0365732486798674;0.19124133622171594;3.4340372725600954;3.1607707432020975
Energetyczne;Prog_Energii_99.99%;103;3021;0.0036603482670138623;0.060500812118630794;0.6773222731132273;0.9999365234660005
Energetyczne;Prog_Energii_99.0%;104;90;0.38361914950265175;0.6193699617374512;3.870450377239151;9.943959516087837
Energetyczne;Prog_Energii_99.9%;104;878;0.038767632893376786;0.19689497935035516;2.879598254834246;3.1611408762681266
Energetyczne;Prog_Energii_99.99%;104;3142;0.0038764788518944565;0.062261375281103905;0.5716263019503054;0.9996038449693077
Energetyczne;Prog_Energii_99.0%;105;101;0.38081501065697454;0.6171021071564855;3.0741936952483178;9.990265671121357
Energetyczne;Prog_Energii_99.9%;105;938;0.03809791051977304;0.19518686052030512;2.203968997713956;3.1598799769054766
Energetyczne;Prog_Energii_99.99%;105;3184;0.003808565529235004;0.06171357653899994;0.41444949316142;0.9990810564245081
Energetyczne;Prog_Energii_99.0%;106;104;0.25473324657444124;0.5047110525582348;3.922495912913927;9.935118576618091
Energetyczne;Prog_Energii_99.9%;106;969;0.025790811700165138;0.1605951795670254;2.8884016770460184;3.161278406217538
Energetyczne;Prog_Energii_99.99%;106;3278;0.002577426572856886;0.05076836192804418;0.5029300289633905;0.9993632854663604
Energetyczne;Prog_Energii_99.0%;107;55;0.3981849555763915;0.6310189819461784;3.936034798374435;9.951533768515143
Energetyczne;Prog_Energii_99.9%;107;641;0.04014520141284085;0.20036267469975752;3.054889352993435;3.1598350925594167
Energetyczne;Prog_Energii_99.99%;107;2865;0.0040187535152031665;0.06339363939073987;0.719921981248429;0.9997543039994127
Energetyczne;Prog_Energii_99.0%;108;52;0.3147008028449225;0.5609819986817068;3.663508843980022;9.900439622148141
Energetyczne;Prog_Energii_99.9%;108;529;0.03209566010316418;0.17915261679128267;2.860049075891548;3.1617586123263526
Energetyczne;Prog_Energii_99.99%;108;2725;0.003210377580439691;0.056660193967543834;0.7853520552813666;0.9999622638036755
Energetyczne;Prog_Energii_99.0%;109;66;0.3811858763051306;0.617402523727536;4.2510389276738385;9.896009570681883
Energetyczne;Prog_Energii_99.9%;109;717;0.03891000980643616;0.19725620346756187;3.4578480040393753;3.1617125009563747
Energetyczne;Prog_Energii_99.99%;109;2982;0.003887080974600089;0.062346459198579104;0.7357508467104583;0.99931751688068
Energetyczne;Prog_Energii_99.0%;110;70;0.35878266621889165;0.5989846961474823;3.74272256886447;9.942888691143594
Energetyczne;Prog_Energii_99.9%;110;702;0.03626191801619474;0.1904256233183831;2.712304893709324;3.1609835589691464
Energetyczne;Prog_Energii_99.99%;110;2981;0.003624297709538216;0.060202140406618566;0.6010120243983987;0.9993296738323063
Energetyczne;Prog_Energii_99.0%;111;64;0.36887815011084635;0.6073533980400919;3.420596369610516;9.933445044566684
Energetyczne;Prog_Energii_99.9%;111;626;0.03731646565624054;0.19317470242306714;2.8884536963834098;3.159429578746495
Energetyczne;Prog_Energii_99.99%;111;2880;0.0037334559082656178;0.06110201230946177;0.6149129048499873;0.9993415420858647
Energetyczne;Prog_Energii_99.0%;112;98;0.30877934363296816;0.5556791732942383;3.601917971835655;9.946098807490404
Energetyczne;Prog_Energii_99.9%;112;988;0.03119515278261034;0.17662149581126965;2.791364689558712;3.1613472904723223
Energetyczne;Prog_Energii_99.99%;112;3269;0.00311829753667634;0.05584171860425089;0.547398797137582;0.9995106484292513
Energetyczne;Prog_Energii_99.0%;113;99;0.3151263290311347;0.5613611395805153;4.006662558591409;9.997071603214964
Energetyczne;Prog_Energii_99.9%;113;921;0.031528062435646646;0.17756143284972287;2.8583060490138648;3.1621254714827405
Energetyczne;Prog_Energii_99.99%;113;3214;0.0031494636406956176;0.0561200823297295;0.5175393254293719;0.9994216590194807
Energetyczne;Prog_Energii_99.0%;114;103;0.29082943896482366;0.5392860455869627;3.1775956074413054;9.958319828317753
Energetyczne;Prog_Energii_99.9%;114;986;0.029276277468253842;0.17110311939954176;2.2673057986318144;3.1595469612957263
Energetyczne;Prog_Energii_99.99%;114;3233;0.0029305551021991468;0.0541346017090654;0.44931993925993385;0.9996358741504634
Energetyczne;Prog_Energii_99.0%;115;93;0.3088770320771871;0.5557670663840987;4.349486781933932;9.957551015789619
Energetyczne;Prog_Energii_99.9%;115;850;0.03110625388772577;0.1763696512661001;2.9103732098206923;3.159974576301133
Energetyczne;Prog_Energii_99.99%;115;3123;0.0031146041220821217;0.055808638418099056;0.5349439505532565;0.999910570062303
Energetyczne;Prog_Energii_99.0%;116;62;0.39588986513917906;0.6291977949255536;4.32448596529104;9.911686464408067
Energetyczne;Prog_Energii_99.9%;116;635;0.040254922097759945;0.20063629307221548;2.950230932998692;3.160602351678908
Energetyczne;Prog_Energii_99.99%;116;2853;0.004025728650993186;0.06344863001667715;0.6327305515619548;0.9994995729378604
Energetyczne;Prog_Energii_99.0%;117;93;0.26659600781938725;0.5163293598270268;3.570107925559337;9.97866320135325
Energetyczne;Prog_Energii_99.9%;117;878;0.026739803934216485;0.16352309908455284;2.549875997796656;3.1602733804502443
Energetyczne;Prog_Energii_99.99%;117;3174;0.002672791052681824;0.051699043053830544;0.43415890740650753;0.999143915889775
Energetyczne;Prog_Energii_99.0%;118;37;0.36137816071190043;0.601147370211249;3.235083289252085;9.889251339840127
Energetyczne;Prog_Energii_99.9%;118;344;0.03679899055813728;0.19183062987473426;2.9138339837880984;3.1557341968317107
Energetyczne;Prog_Energii_99.99%;118;2282;0.0036903219713693893;0.06074802030823218;1.106970634251823;0.9993430413156595
Energetyczne;Prog_Energii_99.0%;119;38;0.3930875801647942;0.6269669689583289;3.6616117301715896;9.772997600795707
Energetyczne;Prog_Energii_99.9%;119;395;0.04105911504372217;0.20263048892928767;2.7581743261859213;3.158551215934327
Energetyczne;Prog_Energii_99.99%;119;2413;0.004112339606055253;0.06412752611831563;0.8662593894686972;0.9996031528431558
Energetyczne;Prog_Energii_99.0%;120;73;0.32622900614882067;0.571164605126071;3.6115149907922826;9.992542417224799
Energetyczne;Prog_Energii_99.9%;120;749;0.03266782153027645;0.180742417628725;2.8371650593195454;3.1620941818482358
Energetyczne;Prog_Energii_99.99%;120;3048;0.003262396544118041;0.0571173926586118;0.5821446116319802;0.9992705496456379
Energetyczne;Prog_Energii_99.0%;121;111;0.3054250130079357;0.5526527056008463;3.7260460542742466;9.974534434135554
Energetyczne;Prog_Energii_99.9%;121;1017;0.03068171889679512;0.17516197902739944;2.5913413470944144;3.1614052978544764
Energetyczne;Prog_Energii_99.99%;121;3258;0.003069016772365352;0.05539870731673576;0.46626330913247216;0.9998617723885291
Energetyczne;Prog_Energii_99.0%;122;64;0.3051719746362627;0.5524237274377909;3.4903555691774426;9.903068395974286
Energetyczne;Prog_Energii_99.9%;122;631;0.031084440594870717;0.17630780072041827;2.769035596550197;3.160595974717114
Energetyczne;Prog_Energii_99.99%;122;2893;0.003110845216527821;0.05577495151524402;0.6170328026868264;0.9998541557935001
Energetyczne;Prog_Energii_99.0%;123;95;0.39152361944026126;0.6257184825784365;4.445048535254953;9.99298792817025
Energetyczne;Prog_Energii_99.9%;123;860;0.039149428331535806;0.1978621447663393;2.7742181455712966;3.159941857469502
Energetyczne;Prog_Energii_99.99%;123;3096;0.003915024046307849;0.06257015299891673;0.5249995241998993;0.9992717188173532
Energetyczne;Prog_Energii_99.0%;124;120;0.3630109444987648;0.6025038958370019;4.315313041346231;9.952542212996281
Energetyczne;Prog_Energii_99.9%;124;1076;0.03659087127070388;0.19128740489301402;2.600225750705234;3.159806907750313
Energetyczne;Prog_Energii_99.99%;124;3312;0.0036582851381226265;0.06048375929224825;0.45358424983710677;0.9991091704403845
Energetyczne;Prog_Energii_99.0%;125;170;0.3497598641418227;0.5914049916443238;4.0523157259198594;9.975352177480918
Energetyczne;Prog_Energii_99.9%;125;1384;0.03509957879807992;0.18734881584381557;2.350832348728857;3.160051816404066
Energetyczne;Prog_Energii_99.99%;125;3529;0.0035117126002637447;0.05925970469268088;0.4098672949553741;0.9995458824238755
Energetyczne;Prog_Energii_99.0%;126;53;0.3686186397330861;0.6071397201082187;3.861168356578241;9.970373803935741
Energetyczne;Prog_Energii_99.9%;126;498;0.03699391148283862;0.1923380136188336;3.1624796785599774;3.1585512015989337
Energetyczne;Prog_Energii_99.99%;126;2621;0.0037054921788290925;0.06087275399412361;0.9497140433702187;0.9996448785927804
Energetyczne;Prog_Energii_99.0%;127;61;0.4020707450324538;0.6340904864705461;3.66477404504751;9.98988788641095
Energetyczne;Prog_Energii_99.9%;127;644;0.04022255460903325;0.2005556147531982;2.857802251937276;3.1596880084523096
Energetyczne;Prog_Energii_99.99%;127;2840;0.004022283255297512;0.06342147314039238;0.7278113649824096;0.9991845324633696
Energetyczne;Prog_Energii_99.0%;128;105;0.27242625661817194;0.5219446873167424;3.789608820892136;9.982433956732503
Energetyczne;Prog_Energii_99.9%;128;960;0.02730617489539349;0.16524580144558437;3.0188959011541376;3.1604025093885957
Energetyczne;Prog_Energii_99.99%;128;3261;0.002731472293174702;0.05226348910257238;0.5241904261927957;0.9995634422431312
Energetyczne;Prog_Energii_99.0%;129;57;0.40728474758586836;0.6381886457669615;3.7897835387774803;9.981749743347539
Energetyczne;Prog_Energii_99.9%;129;554;0.04080266325021867;0.20199669118631292;3.2233770440933807;3.159379963557496
Energetyczne;Prog_Energii_99.99%;129;2709;0.004085483309826211;0.06391778555164604;0.8213761593868725;0.9997221726794234
Energetyczne;Prog_Energii_99.0%;130;77;0.28347250352707803;0.532421359007204;3.440740615014067;9.953490923586578
Energetyczne;Prog_Energii_99.9%;130;798;0.02857149346447503;0.16903104290181442;2.3867881679706455;3.159995223453871
Energetyczne;Prog_Energii_99.99%;130;3109;0.0028597050913725256;0.05347621051806612;0.5331584226096329;0.9997250617666789
Energetyczne;Prog_Energii_99.0%;131;70;0.414381888152425;0.6437250097304167;3.742680469546068;9.955972273254568
Energetyczne;Prog_Energii_99.9%;131;694;0.041746785480908946;0.20432030119620748;3.014717679435435;3.160056270649423
Energetyczne;Prog_Energii_99.99%;131;2947;0.004176105276231615;0.06462279223487341;0.6838645861598174;0.9994682791338654
Energetyczne;Prog_Energii_99.0%;132;153;0.3140747829516904;0.5604237530223807;4.308345339823601;9.996504428125903
Energetyczne;Prog_Energii_99.9%;132;1353;0.03140521094741489;0.17721515439548305;2.6088380054984532;3.161058156603
Energetyczne;Prog_Energii_99.99%;132;3516;0.0031376287339515115;0.05601454037972205;0.34526247820892175;0.9991539400774949
Energetyczne;Prog_Energii_99.0%;133;110;0.24736541669179418;0.4973584388464663;4.240727095804604;9.943181104448811
Energetyczne;Prog_Energii_99.9%;133;967;0.02500861014301038;0.15814110832737444;2.8377772805119275;3.1615542380346486
Energetyczne;Prog_Energii_99.99%;133;3274;0.0024990830768140703;0.049990829927238356;0.4829061441260225;0.9994157868942375
Energetyczne;Prog_Energii_99.0%;134;83;0.4306434033211247;0.6562342594844655;4.110992467453877;9.977909389575554
Energetyczne;Prog_Energii_99.9%;134;796;0.04321003937956887;0.2078702464990333;2.9820441595633707;3.1606251188188517
Energetyczne;Prog_Energii_99.99%;134;3119;0.004321917581240206;0.06574129281692144;0.632895303445383;0.9995830808896138
Energetyczne;Prog_Energii_99.0%;135;46;0.36765318707918293;0.6063441160588456;4.049456469466347;9.858826746939906
Energetyczne;Prog_Energii_99.9%;135;502;0.03770996947402118;0.19419054939419986;3.2977528793862967;3.1574331005542264
Energetyczne;Prog_Energii_99.99%;135;2642;0.0037776567316370946;0.06146264501009613;0.9512722592435119;0.9993493010236465
Energetyczne;Prog_Energii_99.0%;136;120;0.2789459060095204;0.5281532978307723;3.5148923109448784;9.971183351464065
Energetyczne;Prog_Energii_99.9%;136;1066;0.02801971092740867;0.16739089260592604;2.363867532505206;3.1602288358212953
Energetyczne;Prog_Energii_99.99%;136;3295;0.0028040690923826213;0.052953461571295046;0.40568659943293106;0.999726171531491
Energetyczne;Prog_Energii_99.0%;137;45;0.40799917270493297;0.6387481293161906;3.208099736040852;9.908706608134208
Energetyczne;Prog_Energii_99.9%;137;470;0.04148573800651001;0.2036804801803796;2.7501799415551327;3.159633707376745
Energetyczne;Prog_Energii_99.99%;137;2596;0.004152825016233244;0.0644424162817724;0.8011993177574444;0.9996757199726304
Energetyczne;Prog_Energii_99.0%;138;112;0.4133793128666027;0.6429458086546662;4.1083295810138845;9.935808312065816
Energetyczne;Prog_Energii_99.9%;138;1083;0.0418627052388968;0.20460377620879044;2.74130676905465;3.16185885804141
Energetyczne;Prog_Energii_99.99%;138;3335;0.004184841892642477;0.06469035393814504;0.48170552758181584;0.9996969382443399
Energetyczne;Prog_Energii_99.0%;139;56;0.4858052570821285;0.6969973149748344;4.118077128431765;9.859007388939036
Energetyczne;Prog_Energii_99.9%;139;575;0.049969074618634673;0.22353763579906333;3.211458342173893;3.161933562295717
Energetyczne;Prog_Energii_99.99%;139;2736;0.004991634578620928;0.07065150089432586;0.7969737336606093;0.9993634902050392
Energetyczne;Prog_Energii_99.0%;140;66;0.4528956715651308;0.6729752384487343;4.343758871206999;9.919665565278265
Energetyczne;Prog_Energii_99.9%;140;643;0.04595618866955447;0.2143739458739202;3.439948505637429;3.1598753230210357
Energetyczne;Prog_Energii_99.99%;140;2851;0.004601337263874808;0.06783315755495102;0.7208053096679432;0.9998618058117476
Energetyczne;Prog_Energii_99.0%;141;90;0.2750359738628853;0.5244387226958792;3.2865959556642528;9.919416493674692
Energetyczne;Prog_Energii_99.9%;141;818;0.027923356228828744;0.1671028313010547;2.540468495560807;3.1606410991673437
Energetyczne;Prog_Energii_99.99%;141;3091;0.0027942663260037584;0.05286082033040878;0.4986301820736241;0.9998279500781635
Energetyczne;Prog_Energii_99.0%;142;87;0.30975783767867077;0.5565589256122578;3.8966602844464626;9.959464438229467
Energetyczne;Prog_Energii_99.9%;142;829;0.031215154861676843;0.1766781108730701;2.9806514340587356;3.1616047848270283
Energetyczne;Prog_Energii_99.99%;142;3098;0.003120990459107309;0.05586582550278219;0.5849409355817521;0.9997031343899768
Energetyczne;Prog_Energii_99.0%;143;86;0.3498894841698155;0.5915145680114865;3.984666775193667;9.925249072746402
Energetyczne;Prog_Energii_99.9%;143;836;0.03545216514193301;0.18828745349048887;2.8595602923054453;3.159347164430219
Energetyczne;Prog_Energii_99.99%;143;3129;0.003548291708649983;0.05956753905148326;0.5477103252096569;0.9995065104212928
Energetyczne;Prog_Energii_99.0%;144;73;0.3213732054606959;0.5668978792169679;3.3992363730062394;9.934267186141584
Energetyczne;Prog_Energii_99.9%;144;726;0.0324973309382501;0.18027016097582568;2.664359187886583;3.159038003980954
Energetyczne;Prog_Energii_99.99%;144;2998;0.0032523651985818815;0.05702951164600554;0.5373669654836544;0.9993800064469087
Energetyczne;Prog_Energii_99.0%;145;100;0.38878940232342585;0.6235297926510215;4.244438244906548;9.958490769711695
Energetyczne;Prog_Energii_99.9%;145;951;0.039179544565724776;0.1979382342189724;3.2602416509900944;3.1613021569698994
Energetyczne;Prog_Energii_99.99%;145;3207;0.003913401914758694;0.06255718915327553;0.5505891323198338;0.9991105446835818
Energetyczne;Prog_Energii_99.0%;146;106;0.42275403694838387;0.6501953836720036;4.491709579794749;9.92619389963271
Energetyczne;Prog_Energii_99.9%;146;1017;0.04289587766438937;0.20711320012106754;3.3222114945786516;3.161889233917166
Energetyczne;Prog_Energii_99.99%;146;3277;0.00428610014706137;0.06546831406918442;0.5750275810592296;0.999470614606208
Energetyczne;Prog_Energii_99.0%;147;165;0.26183986842644297;0.5117029103165653;3.95344026982638;9.976515043975082
Energetyczne;Prog_Energii_99.9%;147;1367;0.02630211736133756;0.16217927537554716;2.1781579154532738;3.161959699631485
Energetyczne;Prog_Energii_99.99%;147;3557;0.002627369298879965;0.051257870604229795;0.2794739008004754;0.9993590165216457
Energetyczne;Prog_Energii_99.0%;148;119;0.3006684433357036;0.5483324204674602;3.918442517230652;9.971321822722938
Energetyczne;Prog_Energii_99.9%;148;1102;0.030218683647502406;0.17383521981319666;2.7792670894807348;3.1611607415141534
Energetyczne;Prog_Energii_99.99%;148;3361;0.003021403673193044;0.054967296396976305;0.4567491467489164;0.9995699353906351
Energetyczne;Prog_Energii_99.0%;149;72;0.434077839356431;0.6588458388397327;3.7630949734568073;9.950995107045049
Energetyczne;Prog_Energii_99.9%;149;680;0.04374675361109469;0.2091572461357595;3.036530087955885;3.1590436035314347
Energetyczne;Prog_Energii_99.99%;149;2966;0.004380877707204744;0.0661881991536614;0.5791173282588691;0.9996852178380757
Energetyczne;Prog_Energii_99.0%;150;112;0.27126027539537517;0.520826531001806;3.6905341585137945;9.953782848092589
Energetyczne;Prog_Energii_99.9%;150;1113;0.02736072878988633;0.16541078800938688;2.59307252690457;3.1612503714247335
Energetyczne;Prog_Energii_99.99%;150;3369;0.0027372253620020345;0.052318499233082315;0.46009060082485953;0.9998856611672768
Energetyczne;Prog_Energii_99.0%;151;82;0.36413238750798843;0.6034338302647511;3.8393073816461145;9.939102090843663
Energetyczne;Prog_Energii_99.9%;151;809;0.036833587441719176;0.19192078428799517;2.7790113740750577;3.1611092595790686
Energetyczne;Prog_Energii_99.99%;151;3133;0.0036815024226227186;0.06067538564049444;0.5560094391193697;0.9993785930391031
Energetyczne;Prog_Energii_99.0%;152;86;0.3778046875784619;0.6146581875957253;3.706740524354931;9.938984401392362
Energetyczne;Prog_Energii_99.9%;152;836;0.03817737263329636;0.1953903084426051;2.6173003653645193;3.1594490514971865
Energetyczne;Prog_Energii_99.99%;152;3113;0.003820918375201226;0.061813577595874726;0.497517100059401;0.9995216787443764
Energetyczne;Prog_Energii_99.0%;153;44;0.36823775482166204;0.6068259674912256;3.1394059875485203;9.850870514414108
Energetyczne;Prog_Energii_99.9%;153;470;0.03785476714194749;0.19456301586362063;2.5521155135357354;3.158426268556376
Energetyczne;Prog_Energii_99.99%;153;2610;0.0037915678720807605;0.06157570845780632;0.7405155606669727;0.999585323216964
Energetyczne;Prog_Energii_99.0%;154;107;0.34856474470247373;0.5903937200737096;4.090522863904512;9.99823826470538
Energetyczne;Prog_Energii_99.9%;154;1006;0.03483674556734005;0.18664604353519004;2.7748230337629716;3.1608256507139347
Energetyczne;Prog_Energii_99.99%;154;3279;0.0034843436801886498;0.059028329471438115;0.575868899531581;0.9996368226093024
Energetyczne;Prog_Energii_99.0%;155;83;0.37790952295296804;0.6147434610900453;3.8669479510462414;9.999412757627425
Energetyczne;Prog_Energii_99.9%;155;842;0.03775317874588778;0.19430177236939394;2.737056017974141;3.1605112448289203
Energetyczne;Prog_Energii_99.99%;155;3082;0.0037766099343172245;0.06145412870033408;0.47332195880064454;0.9996124195373716
Energetyczne;Prog_Energii_99.0%;156;73;0.40717322443536785;0.6381012650319445;4.342247007651073;9.981845073949598
Energetyczne;Prog_Energii_99.9%;156;659;0.04083119841054051;0.2020673115833942;3.640498128428214;3.1609475004472323
Energetyczne;Prog_Energii_99.99%;156;2887;0.00408413338429968;0.06390722482082664;0.8325790112053082;0.9997034204839302
Energetyczne;Prog_Energii_99.0%;157;143;0.3443409972418708;0.5868057576761417;4.329768379495652;9.992047470881964
Energetyczne;Prog_Energii_99.9%;157;1286;0.034461971435713744;0.18563935853076455;2.632174567146276;3.161041381477387
Energetyczne;Prog_Energii_99.99%;157;3505;0.0034460361713621965;0.05870294857468572;0.3898365286229444;0.9995857081598823
Energetyczne;Prog_Energii_99.0%;158;70;0.3896329628537329;0.624205865763638;4.526446660345018;9.917144883751842
Energetyczne;Prog_Energii_99.9%;158;688;0.039558450668368064;0.1988930633993254;3.617098152762739;3.1599371846518975
Energetyczne;Prog_Energii_99.99%;158;2943;0.003957916382655242;0.06291197328533928;0.7862481703471615;0.9995214531189358
Energetyczne;Prog_Energii_99.0%;159;99;0.31005785266241065;0.5568283870838578;3.9656218196426716;9.960809133732266
Energetyczne;Prog_Energii_99.9%;159;949;0.031213077534254997;0.17667223192753012;2.889524458356324;3.1603963129049006
Energetyczne;Prog_Energii_99.99%;159;3241;0.0031249187686112324;0.055900972877144385;0.5560155807356111;0.999983000391327
Energetyczne;Prog_Energii_99.0%;160;131;0.36561703345546304;0.6046627435649257;4.132197541918263;9.96271614327671
Energetyczne;Prog_Energii_99.9%;160;1178;0.03679442900733556;0.19181873997953267;2.6771928096721886;3.16049843936166
Energetyczne;Prog_Energii_99.99%;160;3424;0.0036809615451242764;0.06067092833577113;0.4661754045149247;0.9996435923846015
Energetyczne;Prog_Energii_99.0%;161;89;0.32335734626182566;0.5686451848576806;4.474319142613991;9.996164997437036
Energetyczne;Prog_Energii_99.9%;161;912;0.03230573464175371;0.17973796104817064;2.899109524872519;3.1595982218509366
Energetyczne;Prog_Energii_99.99%;161;3192;0.003234230127091011;0.05687029213122622;0.4441779783601434;0.9997179941626725
Energetyczne;Prog_Energii_99.0%;162;80;0.38212989088343063;0.6181665559405739;3.736760297139232;9.96037892796401
Energetyczne;Prog_Energii_99.9%;162;763;0.03850853464096262;0.19623591577731794;2.954267576538083;3.1619052529364233
Energetyczne;Prog_Energii_99.99%;162;3015;0.00384848275675989;0.06203614073070544;0.6294817570003435;0.9995744075254196
Energetyczne;Prog_Energii_99.0%;163;59;0.3706936557401876;0.6088461675498891;3.7030778173895618;9.98235853320628
Energetyczne;Prog_Energii_99.9%;163;533;0.03719073253758606;0.1928489889462376;3.0019305390519273;3.161862311090159
Energetyczne;Prog_Energii_99.99%;163;2702;0.0037164466768483434;0.060962666254424466;0.6926699939338388;0.9995155166054253
Energetyczne;Prog_Energii_99.0%;164;81;0.4202476880774033;0.6482651371756801;4.506143156614094;9.959982552204808
Energetyczne;Prog_Energii_99.9%;164;740;0.042277148407488106;0.20561407638459023;3.280890375627786;3.1590664002084696
Energetyczne;Prog_Energii_99.99%;164;3028;0.004231916903165016;0.06505318518846726;0.6297085779334506;0.9994808486313731
Energetyczne;Prog_Energii_99.0%;165;124;0.37545130944956706;0.6127408175155031;4.210218062117703;9.947357044652335
Energetyczne;Prog_Energii_99.9%;165;1146;0.03791391409198384;0.1947149560048838;2.783228437323805;3.16104155941161
Energetyczne;Prog_Energii_99.99%;165;3426;0.003788066201236687;0.06154726802415106;0.4505923445219029;0.9991706650808426
Energetyczne;Prog_Energii_99.0%;166;37;0.40533827662161886;0.6366618228083248;3.6501675496069343;9.92236803787037
Energetyczne;Prog_Energii_99.9%;166;357;0.04116902611112101;0.2029015182573088;2.987256823552087;3.162218099887247
Energetyczne;Prog_Energii_99.99%;166;2315;0.004116759582789411;0.06416197926178252;1.074313295234278;0.9999637946962002
Energetyczne;Prog_Energii_99.0%;167;51;0.41656008869595007;0.6454146641469731;3.3461673327209187;9.988726591621651
Energetyczne;Prog_Energii_99.9%;167;506;0.041687861383395156;0.2041760548727376;2.90432305196161;3.1599201288294436
Energetyczne;Prog_Energii_99.99%;167;2635;0.004172532784044355;0.06459514520491734;0.715666904481536;0.9997034161763174
Energetyczne;Prog_Energii_99.0%;168;64;0.4104372253202393;0.6406537483853811;4.086708313890411;9.917245307167407
Energetyczne;Prog_Energii_99.9%;168;604;0.04168555621939932;0.2041704097546932;3.409112690828271;3.1605341311203365
Energetyczne;Prog_Energii_99.99%;168;2840;0.004167791742727803;0.0645584366502768;0.7653585823669555;0.9993570700578942
Energetyczne;Prog_Energii_99.0%;169;141;0.3781334053717971;0.6149255283136301;4.113607065563189;9.965906070598134
Energetyczne;Prog_Energii_99.9%;169;1222;0.038026206398418264;0.19500309330474289;2.6010955767146555;3.1603542573369463
Energetyczne;Prog_Energii_99.99%;169;3440;0.0038042848710654574;0.06167888513150556;0.433599790105216;0.9996104364792094
Energetyczne;Prog_Energii_99.0%;170;52;0.32755816790112513;0.5723269763877333;3.972310981945914;9.894406868613347
Energetyczne;Prog_Energii_99.9%;170;502;0.03342062112969538;0.18281307702047842;3.274792600209784;3.1604782573071297
Energetyczne;Prog_Energii_99.99%;170;2670;0.003340972141756169;0.057801143083473436;0.9509879868927413;0.9992679896873721
Energetyczne;Prog_Energii_99.0%;171;70;0.3577729936452068;0.5981412823449045;4.499938178462027;9.933848475756864
Energetyczne;Prog_Energii_99.9%;171;657;0.03621317482660488;0.19029759543043334;3.4985773780278002;3.1604363953878667
Energetyczne;Prog_Energii_99.99%;171;2938;0.0036200412342300525;0.06016677849303594;0.8290738887109605;0.9992416147588405
Energetyczne;Prog_Energii_99.0%;172;49;0.3985427191685755;0.6313023991468554;3.4251369005880328;9.959519511072688
Energetyczne;Prog_Energii_99.9%;172;482;0.04012918746323363;0.20032270830645643;2.967346946487969;3.160320512935301
Energetyczne;Prog_Energii_99.99%;172;2584;0.004014876267643928;0.06336305128104176;0.8872437151202397;0.9996248174685529
Energetyczne;Prog_Energii_99.0%;173;136;0.30056181872426624;0.5482351855948925;4.705905167299846;9.94852776961062
Energetyczne;Prog_Energii_99.9%;173;1248;0.03034919950365354;0.17421021641583923;2.852335656835452;3.1612986931552367
Energetyczne;Prog_Energii_99.99%;173;3478;0.0030359255514578807;0.05509923367396211;0.37459041412082783;0.9998560302087685
Energetyczne;Prog_Energii_99.0%;174;79;0.37750644912766557;0.614415534575474;4.388014082188452;9.995341935620353
Energetyczne;Prog_Energii_99.9%;174;765;0.037753103883251676;0.1943015797240251;3.053841495302758;3.160907592147253
Energetyczne;Prog_Energii_99.99%;174;3043;0.003775449330892748;0.061444685131366306;0.6432657572039648;0.9995851397847286
Energetyczne;Prog_Energii_99.0%;175;85;0.33645326871509673;0.5800459194883597;3.7769685827504995;9.966402518329511
Energetyczne;Prog_Energii_99.9%;175;795;0.03385663882312333;0.18400173592421168;2.9653803537236714;3.1615348072953147
Energetyczne;Prog_Energii_99.99%;175;3085;0.003386087189971903;0.05819009529096771;0.5335306785715952;0.9998275873766801
Energetyczne;Prog_Energii_99.0%;176;65;0.2930128983907526;0.5413066583654339;3.3985057934351093;9.998225633900553
Energetyczne;Prog_Energii_99.9%;176;620;0.029216501641442898;0.17092835236274553;2.8481974150293166;3.157138763661508
Energetyczne;Prog_Energii_99.99%;176;2836;0.002927598438284331;0.05410728636962245;0.6375051355905783;0.999390732039261
Energetyczne;Prog_Energii_99.0%;177;73;0.34623996688124536;0.5884215894078372;4.101952183470797;9.94281260447507
Energetyczne;Prog_Energii_99.9%;177;709;0.03501719281318092;0.18712881342321636;3.3024405421113836;3.161996021657255
Energetyczne;Prog_Energii_99.99%;177;2979;0.0034998774380568896;0.05915976198445096;0.7252096665894694;0.999647935638627
Energetyczne;Prog_Energii_99.0%;178;100;0.3147860460058291;0.5610579702720826;3.900166909105724;9.942808734030832
Energetyczne;Prog_Energii_99.9%;178;876;0.03178381292207813;0.17828015291130456;2.7395500491928564;3.1593980575861957
Energetyczne;Prog_Energii_99.99%;178;3181;0.0031825557008832435;0.05641414451078066;0.5027291961606482;0.9997452642775116
Energetyczne;Prog_Energii_99.0%;179;72;0.39365363009209575;0.6274182258207803;3.9341369137018427;9.965987053620088
Energetyczne;Prog_Energii_99.9%;179;665;0.03959234004749901;0.19897824013569676;3.0570084651360663;3.1605944544411493
Energetyczne;Prog_Energii_99.99%;179;2915;0.003960986425227454;0.06293636806511362;0.6540708228221117;0.9996888893660463
Energetyczne;Prog_Energii_99.0%;180;90;0.36649448905335585;0.6053878831405166;4.057703865771585;9.93118405774743
Energetyczne;Prog_Energii_99.9%;180;880;0.03712569360316963;0.19268028856935426;3.0110784802321664;3.1608551531547464
Energetyczne;Prog_Energii_99.99%;180;3179;0.0037092039577230154;0.060903234378175804;0.5633710367581237;0.9990970205484028
Energetyczne;Prog_Energii_99.0%;181;37;0.35495297576902696;0.5957793012257365;3.2267559643171264;9.949536570408329
Energetyczne;Prog_Energii_99.9%;181;373;0.03578595057242901;0.1891717488750078;2.6559861452828697;3.159175267834371
Energetyczne;Prog_Energii_99.99%;181;2315;0.0035850352107192535;0.05987516355484345;0.8885534796827237;0.9999174664552116
Energetyczne;Prog_Energii_99.0%;182;98;0.35083927271745763;0.5923168685065939;4.229782439727476;9.961803850041075
Energetyczne;Prog_Energii_99.9%;182;943;0.03534278303316893;0.18799676335822627;2.8426634139947717;3.161798997450621
Energetyczne;Prog_Energii_99.99%;182;3199;0.003533012324732607;0.05943914808215716;0.4810771218315466;0.9996695446153805
Energetyczne;Prog_Energii_99.0%;183;99;0.39603623470108756;0.6293140986034618;4.3853034593365035;9.990926753924427
Energetyczne;Prog_Energii_99.9%;183;986;0.039644962942021585;0.19911042901370482;3.2360969399981654;3.161056961274077
Energetyczne;Prog_Energii_99.99%;183;3236;0.003961359459818086;0.06293933158064269;0.597016901790602;0.9992184398198138
Energetyczne;Prog_Energii_99.0%;184;49;0.5018217021989366;0.7083937479953762;3.323011397271654;9.92905262818598
Energetyczne;Prog_Energii_99.9%;184;489;0.05082277863669982;0.22543907965723206;2.482121088137151;3.1598196521365667
Energetyczne;Prog_Energii_99.99%;184;2601;0.005089576506653939;0.07134126790752979;0.633851921561126;0.99993994246827
Energetyczne;Prog_Energii_99.0%;185;61;0.2928471882256654;0.5411535717572835;2.951895398212386;9.929798005125864
Energetyczne;Prog_Energii_99.9%;185;588;0.02965279096575191;0.1721998576240756;2.4047711553142355;3.1597496384731008
Energetyczne;Prog_Energii_99.99%;185;2751;0.0029669358536257534;0.054469586501328916;0.5732556406772851;0.9994796664180879
Energetyczne;Prog_Energii_99.0%;186;47;0.41697464307789434;0.6457357378044786;3.898733282846008;9.983525570175031
Energetyczne;Prog_Energii_99.9%;186;461;0.04181387680066747;0.20448441701182873;3.3218463352467733;3.1614719248480894
Energetyczne;Prog_Energii_99.99%;186;2595;0.0041815535955631615;0.0646649332757961;0.9430948983249094;0.9997650386326428
Energetyczne;Prog_Energii_99.0%;187;47;0.23229784556329036;0.4819728680779556;2.7734846818902295;9.939997092127532
Energetyczne;Prog_Energii_99.9%;187;419;0.02350544776475428;0.1533148647873202;2.148988790297862;3.1618985447110295
Energetyczne;Prog_Energii_99.99%;187;2466;0.0023488835646953633;0.04846528205525439;0.7401229385181165;0.999526725683759
Energetyczne;Prog_Energii_99.0%;188;85;0.32120447187868384;0.566749037827753;3.5949019671728077;9.979987115032014
Energetyczne;Prog_Energii_99.9%;188;808;0.03218935353743554;0.17941391678862467;2.5870340053324283;3.159332364587243
Energetyczne;Prog_Energii_99.99%;188;3112;0.003221380986910141;0.0567572108802938;0.43291906956553206;0.9994480721864741
Energetyczne;Prog_Energii_99.0%;189;59;0.39480615242548944;0.6283360187236519;4.35594335946375;9.918890132186128
Energetyczne;Prog_Energii_99.9%;189;600;0.04004156641255405;0.20010388904904883;3.5860835613436937;3.1588329036626757
Energetyczne;Prog_Energii_99.99%;189;2797;0.004010683943909396;0.0633299608708974;0.9257479458184434;0.9997245187854652
Energetyczne;Prog_Energii_99.0%;190;92;0.343699285527508;0.5862587189351711;3.5951380901987076;9.96852744908024
Energetyczne;Prog_Energii_99.9%;190;882;0.0345363506017876;0.18583958297894343;2.6543876590477096;3.1599478595662096
Energetyczne;Prog_Energii_99.99%;190;3147;0.0034557364480059262;0.05878551222883004;0.5334528916609509;0.999567210404482
Energetyczne;Prog_Energii_99.0%;191;91;0.2940635109860067;0.5422762312567339;3.992304775925416;9.946718280041667
Energetyczne;Prog_Energii_99.9%;191;822;0.029682618425040753;0.17228644295196519;3.0507752896504856;3.160169324667202
Energetyczne;Prog_Energii_99.99%;191;3101;0.0029687395525498607;0.05448614092179644;0.5840476020606751;0.9994136985494679
Energetyczne;Prog_Energii_99.0%;192;72;0.37269240374619006;0.610485383728546;3.9249791287572733;9.943997350855895
Energetyczne;Prog_Energii_99.9%;192;727;0.037686045505233676;0.1941289404113505;3.0382163994712723;3.1621030095509983
Energetyczne;Prog_Energii_99.99%;192;3013;0.0037649789998262066;0.06135942470253618;0.7019235075558932;0.999463661137168
Energetyczne;Prog_Energii_99.0%;193;81;0.43521980486093764;0.6597119105040757;3.885794824001949;9.959052393354616
Energetyczne;Prog_Energii_99.9%;193;799;0.043874008910288934;0.20946123486289517;2.8235004089468747;3.162039943742143
Energetyczne;Prog_Energii_99.99%;193;3083;0.00438289082959471;0.06620340496979525;0.5933179085586866;0.9994107552323642
Energetyczne;Prog_Energii_99.0%;194;91;0.3444425654002275;0.5868922945483502;4.119128851064064;9.951073921868057
Energetyczne;Prog_Energii_99.9%;194;829;0.034767583931437036;0.1864606766356838;2.7514402265194757;3.1615408720796623
Energetyczne;Prog_Energii_99.99%;194;3112;0.003474545345025928;0.058945274153454644;0.5161782757328162;0.9994487675071735
Energetyczne;Prog_Energii_99.0%;195;51;0.465193198322396;0.682050730021159;4.788945413536618;9.929457879147254
Energetyczne;Prog_Energii_99.9%;195;492;0.04708429764511739;0.21698916481040564;3.7738329133463404;3.15898023032601
Energetyczne;Prog_Energii_99.99%;195;2657;0.00471217100141017;0.06864525476251196;1.0565726707594407;0.9993540594063282
Energetyczne;Prog_Energii_99.0%;196;57;0.36949721133670954;0.6078628227953323;3.868620188892863;9.926445391867702
Energetyczne;Prog_Energii_99.9%;196;603;0.0374584720820847;0.19354191298549445;3.028898643626107;3.1605539247380228
Energetyczne;Prog_Energii_99.99%;196;2859;0.0037489466709746864;0.0612286425700806;0.7551811621642934;0.9998683158399571
Energetyczne;Prog_Energii_99.0%;197;58;0.295641359516167;0.5437291232922575;3.412040947423861;9.910112551812604
Energetyczne;Prog_Energii_99.9%;197;529;0.03005005116909623;0.1733495058230517;2.8541747302234333;3.159501744371615
Energetyczne;Prog_Energii_99.99%;197;2736;0.003008203763948376;0.05484709439841254;0.7229845349697785;0.9996537896242179
Energetyczne;Prog_Energii_99.0%;198;87;0.31078711705605444;0.5574828401449272;4.010837967086937;9.957359282493144
Energetyczne;Prog_Energii_99.9%;198;802;0.03131583562543568;0.17696280859388416;2.839670619760681;3.160782965714759
Energetyczne;Prog_Energii_99.99%;198;3119;0.0031294767590532282;0.05594172645756679;0.5854847895658377;0.9991910586452041
Energetyczne;Prog_Energii_99.0%;199;28;0.33962032035492035;0.5827695259319248;2.5464876274725166;9.829093107527857
Energetyczne;Prog_Energii_99.9%;199;286;0.03504585043419944;0.18720536967245208;2.132614502629072;3.1574386217213535
Energetyczne;Prog_Energii_99.99%;199;2013;0.00351145330735514;0.05925751688482348;0.9453446027409771;0.9994476801964277
Energetyczne;Prog_Energii_99.0%;200;114;0.3329841991511987;0.5770478309041623;4.210558449282765;9.959644312739293
Energetyczne;Prog_Energii_99.9%;200;1041;0.0335603871480046;0.18319494301973677;3.0375725461990797;3.1618808262570997
Energetyczne;Prog_Energii_99.99%;200;3292;0.003353543977705016;0.05790979172562284;0.47792246160774665;0.9995028088196843
Energetyczne;Prog_Energii_99.0%;201;54;0.27950883931576537;0.5286859552851441;3.1400674576879313;9.867765166704892
Energetyczne;Prog_Energii_99.9%;201;533;0.028676504424185935;0.1693413842632271;2.779008760583273;3.160706268455729
Energetyczne;Prog_Energii_99.99%;201;2714;0.0028693679029070216;0.05356648115106145;0.7149031428444061;0.9998023430002233
Energetyczne;Prog_Energii_99.0%;202;147;0.325632965722568;0.5706425901758192;4.095160725955538;9.993334254735103
Energetyczne;Prog_Energii_99.9%;202;1256;0.03258802367001789;0.1805215324276245;2.4783099711529237;3.1613693838912797
Energetyczne;Prog_Energii_99.99%;202;3480;0.0032577940314569573;0.05707708849842428;0.41554909912488625;0.9995581007651546
Energetyczne;Prog_Energii_99.0%;203;74;0.29406820073117534;0.5422805553688749;3.8876561160049983;9.857971260761289
Energetyczne;Prog_Energii_99.9%;203;718;0.030223449432832956;0.17384892703963678;3.1670427446778406;3.160352532473068
Energetyczne;Prog_Energii_99.99%;203;2974;0.003024220915614651;0.05499291695859251;0.6347493175209324;0.9997013345877253
Energetyczne;Prog_Energii_99.0%;204;95;0.40826768392649;0.6389582802706997;3.9567288557162126;9.941250483741234
Energetyczne;Prog_Energii_99.9%;204;923;0.04126378276160381;0.20313488809558;2.9628665782954267;3.160479904399025
Energetyczne;Prog_Energii_99.99%;204;3185;0.004124419318984164;0.06422164213864485;0.5575950103004683;0.9991942364483922
Energetyczne;Prog_Energii_99.0%;205;99;0.3158036720365527;0.5619641198836032;3.6237518059326046;9.952186245814639
Energetyczne;Prog_Energii_99.9%;205;878;0.03181535481860967;0.17836859257898985;2.8424614534427066;3.1588448282385313
Energetyczne;Prog_Energii_99.99%;205;3168;0.00318592164508286;0.05644396907626943;0.5221573367909045;0.9996027732453558
Energetyczne;Prog_Energii_99.0%;206;77;0.4806906069961811;0.6933185465543101;3.8561832058938723;9.994639090041254
Energetyczne;Prog_Energii_99.9%;206;679;0.04807077645048203;0.2192504879138973;3.0682850574705913;3.160638797137963
Energetyczne;Prog_Energii_99.99%;206;2887;0.004808390976089487;0.06934256251458758;0.7476936379930712;0.9996182697784458
Energetyczne;Prog_Energii_99.0%;207;99;0.4075372788334762;0.6383864651083042;4.325450494502963;9.959692014775893
Energetyczne;Prog_Energii_99.9%;207;974;0.04105313024071101;0.20261572061592606;3.2681775283983394;3.1610791972917904
Energetyczne;Prog_Energii_99.99%;207;3262;0.00410210787335114;0.06404769998486394;0.4604737610743277;0.999230718332649
Energetyczne;Prog_Energii_99.0%;208;92;0.30182249578093273;0.5493837418243579;3.8342919114610905;9.923453749872667
Energetyczne;Prog_Energii_99.9%;208;846;0.0306070455407972;0.17494869402426874;2.8487175715878825;3.1600776316848087
Energetyczne;Prog_Energii_99.99%;208;3169;0.003059757774239835;0.055315077277717284;0.598792053477343;0.999149718579682
Energetyczne;Prog_Energii_99.0%;209;157;0.3623539865904801;0.6019584591900675;4.785360643556777;9.969977239174483
Energetyczne;Prog_Energii_99.9%;209;1367;0.03644413333471179;0.19090346601021102;2.7248792346424313;3.1618514233726525
Energetyczne;Prog_Energii_99.99%;209;3575;0.003639879278934309;0.06033141204160822;0.39131864479933043;0.9992430468896654
Energetyczne;Prog_Energii_99.0%;210;114;0.23666132244547045;0.48647849124649944;3.5734231851351392;9.97111357667256
Energetyczne;Prog_Energii_99.9%;210;1037;0.023784048376859723;0.1542207780322085;2.427582475443481;3.160988453367772
Energetyczne;Prog_Energii_99.99%;210;3325;0.0023785832333752905;0.04877072106679673;0.396982731465618;0.9996298042431625
Energetyczne;Prog_Energii_99.0%;211;129;0.3616207524045721;0.6013491102550764;3.9527083374357863;9.992443141413796
Energetyczne;Prog_Energii_99.9%;211;1118;0.03618056134732848;0.19021188539975223;2.754319030831317;3.160695538190657
Energetyczne;Prog_Energii_99.99%;211;3395;0.0036147684101752674;0.06012294412431304;0.481594967277841;0.9990454636272161
Energetyczne;Prog_Energii_99.0%;212;67;0.4361317856835938;0.6604027450606136;3.6750301747564005;9.904244107489903
Energetyczne;Prog_Energii_99.9%;212;645;0.0444516383475403;0.21083557182681553;2.9043262827512795;3.161959857879368
Energetyczne;Prog_Energii_99.99%;212;2874;0.004441768920966971;0.06664659721971536;0.6474025590798147;0.999517601546363
Energetyczne;Prog_Energii_99.0%;213;84;0.39137335504901316;0.6255983975754839;4.128331575318601;9.907918143904825
Energetyczne;Prog_Energii_99.9%;213;813;0.03981942269224123;0.19954804607472665;2.8610984052496535;3.1603433032227115
Energetyczne;Prog_Energii_99.99%;213;3041;0.0039864068464165936;0.06313799843530514;0.5490369775811104;0.9999484057046584
Energetyczne;Prog_Energii_99.0%;214;80;0.31707858969570263;0.5630973181393272;3.698423184799788;9.947478697023257
Energetyczne;Prog_Energii_99.9%;214;754;0.031991321161987704;0.1788611784652771;2.7024918496860444;3.159698519586249
Energetyczne;Prog_Energii_99.99%;214;3015;0.003201044649371788;0.05657777522465679;0.5909099295769722;0.9994830300949658
Energetyczne;Prog_Energii_99.0%;215;71;0.4137708041347789;0.643250187823353;3.7053637101204036;9.953366334020682
Energetyczne;Prog_Energii_99.9%;215;733;0.041748231609373763;0.20432384004166954;2.9910782481794045;3.161615914315241
Energetyczne;Prog_Energii_99.99%;215;2998;0.004170492670704409;0.06457935173648315;0.6228961199404801;0.9992720680297881
Energetyczne;Prog_Energii_99.0%;216;53;0.42001620772243803;0.6480865742494887;4.383927471625771;9.935722816902977
Energetyczne;Prog_Energii_99.9%;216;562;0.042498240652968866;0.20615101419340354;3.6209533900865476;3.1604717900861603
Energetyczne;Prog_Energii_99.99%;216;2742;0.004248958272445074;0.06518403387674833;0.915607933935854;0.9993271245234346
Energetyczne;Prog_Energii_99.0%;217;61;0.4026240775116399;0.6345266562656292;3.883165653592102;9.956295946421372
Energetyczne;Prog_Energii_99.9%;217;571;0.040553988164937924;0.20138020797719403;3.067168728510768;3.1598372244482738
Energetyczne;Prog_Energii_99.99%;217;2790;0.0040557428020206775;0.06368471403736282;0.7882585889428371;0.9992706436493101
Energetyczne;Prog_Energii_99.0%;218;69;0.3446825246602184;0.5870966910656357;3.7098325478130727;9.947646044118454
Energetyczne;Prog_Energii_99.9%;218;646;0.034767337130911985;0.18646001483136265;3.179205852837037;3.1593402878097767
Energetyczne;Prog_Energii_99.99%;218;2869;0.003481765883104678;0.05900649017781585;0.7128770082281006;0.9997938798279516
Energetyczne;Prog_Energii_99.0%;219;45;0.42832978049810516;0.654469082919969;3.8514515613720244;9.991687214142884
Energetyczne;Prog_Energii_99.9%;219;485;0.04283244327172181;0.20696000403875578;2.7771733728570567;3.159629201989155
Energetyczne;Prog_Energii_99.99%;219;2629;0.004288137486854738;0.06548387195985542;0.7326185077633971;0.999733040519909
Energetyczne;Prog_Energii_99.0%;220;139;0.3630519405407292;0.602537916268121;4.417368114732687;9.9640696522734
Energetyczne;Prog_Energii_99.9%;220;1245;0.03655725807715454;0.1911995242597495;2.6486249624550506;3.161834841872304
Energetyczne;Prog_Energii_99.99%;220;3473;0.0036553429323201827;0.06045943212039113;0.4535461892180501;0.9998076079852931
Energetyczne;Prog_Energii_99.0%;221;77;0.4412497680440061;0.6642663381837184;4.454588187094601;9.980310241372495
Energetyczne;Prog_Energii_99.9%;221;684;0.04424295649299426;0.210340097206867;3.4799827647813455;3.1602676602052684
Energetyczne;Prog_Energii_99.99%;221;2950;0.004426936731022284;0.06653522924753685;0.7462984201617626;0.9996626228071825
Energetyczne;Prog_Energii_99.0%;222;116;0.4512138035093671;0.6717244997090452;4.331317268613257;9.933545398149212
Energetyczne;Prog_Energii_99.9%;222;989;0.04567912027103591;0.213726742058723;2.924174686320682;3.1606176281473255
Energetyczne;Prog_Energii_99.99%;222;3260;0.004567052490864908;0.06757997107771584;0.5321597469472241;0.9993810125979855
Energetyczne;Prog_Energii_99.0%;223;48;0.48997766509741825;0.6999840463163559;3.894271904974956;9.880165008279137
Energetyczne;Prog_Energii_99.9%;223;464;0.05011969357490918;0.22387428073566018;3.425839730622262;3.159950353752007
Energetyczne;Prog_Energii_99.99%;223;2596;0.005019059632203451;0.07084532187945405;0.9475746767364868;0.9999706049261983
Energetyczne;Prog_Energii_99.0%;224;135;0.3545773342945349;0.5954639655718346;3.9827799911699806;9.98636510621483
Energetyczne;Prog_Energii_99.9%;224;1215;0.03554313829758884;0.18852887921373965;2.540950041238591;3.161766840224954
Energetyczne;Prog_Energii_99.99%;224;3469;0.0035468985988736336;0.05955584437209864;0.39547352265925184;0.9987949573699919
Energetyczne;Prog_Energii_99.0%;225;43;0.38859248727786383;0.6233718691743025;3.5820946260888524;9.92449219503659
Energetyczne;Prog_Energii_99.9%;225;387;0.03942702022879233;0.1985623837205636;3.2274411507808285;3.161244395055595
Energetyczne;Prog_Energii_99.99%;225;2447;0.003943998342244408;0.06280126067400564;1.1223444559176574;0.9998375804528855
Energetyczne;Prog_Energii_99.0%;226;64;0.3170571748372342;0.5630783025807639;3.599284221712062;9.950359727724422
Energetyczne;Prog_Energii_99.9%;226;560;0.03195708777981697;0.17876545466005722;2.9045786094505743;3.1590288110997564
Energetyczne;Prog_Energii_99.99%;226;2768;0.0031988287130911763;0.05655818873594854;0.7437507506441587;0.9994601477127583
Energetyczne;Prog_Energii_99.0%;227;117;0.3447623136933891;0.5871646393418026;4.479172261967676;9.985844630836324
Energetyczne;Prog_Energii_99.9%;227;1139;0.034542214862431836;0.18585536005838474;2.7362041989338284;3.1608217269889036
Energetyczne;Prog_Energii_99.99%;227;3410;0.0034538743552487744;0.05876967207028447;0.5054696860814705;0.9994893680193736
Energetyczne;Prog_Energii_99.0%;228;63;0.3731067745760427;0.6108246676224223;4.142838579327679;9.970762362731577
Energetyczne;Prog_Energii_99.9%;228;618;0.037456724172228846;0.19353739734797729;3.252077570526445;3.1591969014111267
Energetyczne;Prog_Energii_99.99%;228;2906;0.0037510303147054442;0.06124565547616781;0.8089388651665734;0.9997400381349343
Energetyczne;Prog_Energii_99.0%;229;44;0.4346961662901654;0.6593149219380412;3.539964182960412;9.825004275916326
Energetyczne;Prog_Energii_99.9%;229;446;0.04492811412420772;0.21196253000048787;3.0394311790301662;3.158631322141592
Energetyczne;Prog_Energii_99.99%;229;2488;0.004500934512096353;0.06708900440531483;0.9423611280492445;0.999749487258125
Energetyczne;Prog_Energii_99.0%;230;152;0.35254814290714864;0.5937576466094131;3.53562622522037;9.970754195803172
Energetyczne;Prog_Energii_99.9%;230;1358;0.03541534673284615;0.18818965628547749;2.0736374290193105;3.160199815076258
Energetyczne;Prog_Energii_99.99%;230;3509;0.0035435740198065005;0.05952792638591151;0.35394536468614923;0.9996306155703831
Energetyczne;Prog_Energii_99.0%;231;46;0.34123601130316994;0.5841540989355205;3.602755127952027;9.874722261210096
Energetyczne;Prog_Energii_99.9%;231;443;0.0349494143290783;0.18694762456120778;3.005159757114132;3.1602206905658896
Energetyczne;Prog_Energii_99.99%;231;2560;0.0034952367157392813;0.059120527025215884;0.9086589637229991;0.999391745045022
Energetyczne;Prog_Energii_99.0%;232;167;0.40729184391768514;0.6381942054873933;4.102559660694839;9.999500653775613
Energetyczne;Prog_Energii_99.9%;232;1384;0.040689320238909366;0.20171593947655542;2.506906452999374;3.1605718938365106
Energetyczne;Prog_Energii_99.99%;232;3560;0.004071922265670555;0.06381161544476488;0.39073777183101654;0.9998277716594043
Energetyczne;Prog_Energii_99.0%;233;136;0.35454810188538516;0.5954394191564623;4.306548224148861;9.938661719596961
Energetyczne;Prog_Energii_99.9%;233;1231;0.035893104058607225;0.18945475464766576;2.8086900835034663;3.1622473370672455
Energetyczne;Prog_Energii_99.99%;233;3439;0.003588262488384626;0.05990210754543304;0.38251108086396535;0.9998444241874047
Energetyczne;Prog_Energii_99.0%;234;117;0.2742080637695757;0.5236487981171881;3.4361141692204376;9.992552788419392
Energetyczne;Prog_Energii_99.9%;234;1086;0.02744340644532796;0.16566051564971043;2.578409016882305;3.1612245717711938
Energetyczne;Prog_Energii_99.99%;234;3337;0.002743040309897754;0.0523740423291706;0.3976274896522174;0.9994301230116213
Energetyczne;Prog_Energii_99.0%;235;144;0.32645449577598895;0.571361965636486;4.233216149377626;9.970439841981651
Energetyczne;Prog_Energii_99.9%;235;1267;0.03282806227831857;0.18118516020446754;2.7830117360704296;3.1617360775249557
Energetyczne;Prog_Energii_99.99%;235;3485;0.0032818855936785937;0.05728774383477319;0.4618633017399498;0.9996885301092342
Energetyczne;Prog_Energii_99.0%;236;118;0.3878279801417172;0.6227583641684126;4.146955538928645;9.942602199984565
Energetyczne;Prog_Energii_99.9%;236;1065;0.03921375625150331;0.19802463546615434;2.7199793986165357;3.1615475431888114
Energetyczne;Prog_Energii_99.99%;236;3360;0.003915998768562089;0.06257794154941572;0.5023886606983403;0.9990834569529251
Energetyczne;Prog_Energii_99.0%;237;165;0.26332374616675286;0.513150802558812;4.46158938394408;9.985312361076122
Energetyczne;Prog_Energii_99.9%;237;1468;0.026382565709859414;0.1624271089130734;2.3973090641434602;3.160640907733329
Energetyczne;Prog_Energii_99.99%;237;3621;0.002638656039379713;0.051367850250713366;0.3375666512236659;0.9995580782738217
Energetyczne;Prog_Energii_99.0%;238;85;0.28152931552645394;0.5305933617436746;4.371427110637143;9.95278087922889
Energetyczne;Prog_Energii_99.9%;238;782;0.028386997514426405;0.16848441326848726;3.529256551826716;3.1604022359344737
Energetyczne;Prog_Energii_99.99%;238;3101;0.002841670186137247;0.05330731831688072;0.7123902252387122;0.9999296951693222
Energetyczne;Prog_Energii_99.0%;239;87;0.37684776135314785;0.61387927262056;4.148076009776958;9.976797783303955
Energetyczne;Prog_Energii_99.9%;239;826;0.03781886469101138;0.19447072965104897;3.1493646033574976;3.160548386358903
Energetyczne;Prog_Energii_99.99%;239;3105;0.003782513177334057;0.061502139615903256;0.6294011655458043;0.9995359634298288
Energetyczne;Prog_Energii_99.0%;240;79;0.45828509841573084;0.6769675756014691;3.9452052561416115;9.960969059522167
Energetyczne;Prog_Energii_99.9%;240;800;0.04615421374250903;0.21483531772618075;3.000314650984379;3.1611084930645177
Energetyczne;Prog_Energii_99.99%;240;3090;0.004617793836077061;0.0679543511195351;0.6122562851411271;0.9998871635176815
Energetyczne;Prog_Energii_99.0%;241;85;0.2740933314396097;0.5235392358167721;4.386748467324975;9.949407672275665
Energetyczne;Prog_Energii_99.9%;241;756;0.027634625569627393;0.16623665531292248;3.3377005447249237;3.1591830003027446
Energetyczne;Prog_Energii_99.99%;241;3057;0.0027658111186722196;0.05259097944203188;0.7324496737725443;0.9994458076035587
Energetyczne;Prog_Energii_99.0%;242;69;0.3976117845472167;0.6305646553266498;3.941292092251122;9.999769939568244
Energetyczne;Prog_Energii_99.9%;242;681;0.03972652745162324;0.1993151460667835;3.2698705179707144;3.160826711904415
Energetyczne;Prog_Energii_99.99%;242;2940;0.003970069120661738;0.06300848451329184;0.6886272419263264;0.9992160899779154
Energetyczne;Prog_Energii_99.0%;243;84;0.31900267962323975;0.5648032220368787;3.854360356620804;9.936293984815814
Energetyczne;Prog_Energii_99.9%;243;770;0.03224081635175314;0.17955727874901964;2.974344033415923;3.1588592967468685
Energetyczne;Prog_Energii_99.99%;243;3060;0.0032277375579279253;0.056813181198802146;0.6230643370719386;0.9994852164052437
Energetyczne;Prog_Energii_99.0%;244;107;0.36289806062097685;0.6024102095922486;4.125713940261505;9.954177152651072
Energetyczne;Prog_Energii_99.9%;244;1026;0.03658988991180277;0.19128483973332222;2.9114987953387454;3.1607750848226313
Energetyczne;Prog_Energii_99.99%;244;3288;0.0036566633439040603;0.060470350949073055;0.5009951759670201;0.9992071453063242
Energetyczne;Prog_Energii_99.0%;245;78;0.35415056978838627;0.5951055114753906;3.785601354136381;9.909904193162749
Energetyczne;Prog_Energii_99.9%;245;790;0.035996686306312926;0.18972792705954736;2.7510210884610373;3.1594155047667307
Energetyczne;Prog_Energii_99.99%;245;3017;0.0035999328800657322;0.0599994406646073;0.5422351673096948;0.9991315777861007
Energetyczne;Prog_Energii_99.0%;246;63;0.4639929504765784;0.6811702800890379;3.8122005466156565;9.97410383418579
Energetyczne;Prog_Energii_99.9%;246;594;0.04651518476255306;0.21567379247964522;2.985432518588098;3.1580250392360565
Energetyczne;Prog_Energii_99.99%;246;2759;0.004660714376338668;0.06826942490118595;0.6513984958030141;0.999641870129113
Energetyczne;Prog_Energii_99.0%;247;62;0.37850194642784346;0.6152251184955336;4.414687886410978;9.884073916756092
Energetyczne;Prog_Energii_99.9%;247;641;0.0387194424430837;0.19677256527037426;3.6449211014419047;3.161305547273768
Energetyczne;Prog_Energii_99.99%;247;2917;0.0038733890528330193;0.0622365572058177;0.8299184967828008;0.999879090195481
Energetyczne;Prog_Energii_99.0%;248;112;0.3144647234942495;0.560771543049618;4.061819912361724;9.969048415945085
Energetyczne;Prog_Energii_99.9%;248;1027;0.03162156834538899;0.17782454370921072;2.858428156861015;3.161254360625803
Energetyczne;Prog_Energii_99.99%;248;3305;0.0031612620670488176;0.05622510175223178;0.394614036611324;0.9995349594796443
Energetyczne;Prog_Energii_99.0%;249;68;0.4005652070391854;0.6329022096968736;3.6760978840457166;9.929316354157095
Energetyczne;Prog_Energii_99.9%;249;631;0.04060522352203859;0.2015073783315107;3.054478866088587;3.161358068426845
Energetyczne;Prog_Energii_99.99%;249;2810;0.004058745265334039;0.06370828254892796;0.671159674697742;0.9994904143426887
Energetyczne;Prog_Energii_99.0%;250;31;0.47805882118677684;0.6914179786401109;4.05914723761238;9.817893554275207
Energetyczne;Prog_Energii_99.9%;250;289;0.049446906440011054;0.2223666036976125;3.778376371769391;3.157528025844435
Energetyczne;Prog_Energii_99.99%;250;2073;0.004954505204365038;0.07038824620890222;1.7244789047606197;0.9994884861257307
Energetyczne;Prog_Energii_99.0%;251;110;0.37077735086954416;0.6089148962453983;4.203613369202052;9.933386456460948
Energetyczne;Prog_Energii_99.9%;251;996;0.03751660333176045;0.1936920321844976;2.852283469003961;3.15974830159269
Energetyczne;Prog_Energii_99.99%;251;3262;0.00375616828855366;0.06128758674114734;0.5537882101925078;0.9998002805277724
Energetyczne;Prog_Energii_99.0%;252;67;0.3815468806446843;0.6176948118971732;3.7847257946760955;9.929238034410801
Energetyczne;Prog_Energii_99.9%;252;592;0.03862089574868406;0.19652199812917653;2.9486844933271934;3.1590255589639953
Energetyczne;Prog_Energii_99.99%;252;2801;0.0038693954902136694;0.0622044651951423;0.6733670817640576;0.9999160262149133
Energetyczne;Prog_Energii_99.0%;253;59;0.361579553798755;0.6013148541311407;3.996572107755178;9.9486774684783
Energetyczne;Prog_Energii_99.9%;253;577;0.03652367530084991;0.1911116827952962;3.1745470071367663;3.161918385228978
Energetyczne;Prog_Energii_99.99%;253;2809;0.0036525742034493403;0.06043653037236122;0.7892616284128313;0.9999146767416875
Energetyczne;Prog_Energii_99.0%;254;67;0.42906781938123295;0.6550326857350196;3.5404532202622927;9.983829015525602
Energetyczne;Prog_Energii_99.9%;254;658;0.04296955674387638;0.20729099532752596;2.711110241948049;3.15947264751508
Energetyczne;Prog_Energii_99.99%;254;2912;0.004302164913367171;0.06559089047548577;0.6585654461735126;0.999718410614127
Energetyczne;Prog_Energii_99.0%;255;83;0.43466077927859315;0.6592880851938652;3.8190266927305436;9.963522976902178
Energetyczne;Prog_Energii_99.9%;255;776;0.04371217723174141;0.20907457337452923;2.864462892540767;3.1596495712350037
Energetyczne;Prog_Energii_99.99%;255;3056;0.004376781340587932;0.06615724707534264;0.5843667143272793;0.9998045863819055
Energetyczne;Prog_Energii_99.0%;256;56;0.39783656633263226;0.630742868633988;4.151609471642045;9.858477737548721
Energetyczne;Prog_Energii_99.9%;256;531;0.04089897834053239;0.20223495825532337;3.299844224063122;3.160921720814787
Energetyczne;Prog_Energii_99.99%;256;2653;0.004091825935571961;0.06396738180957512;0.9022450868360403;0.9998068006138909
Energetyczne;Prog_Energii_99.0%;257;68;0.38196735262677955;0.6180350739454675;3.810179021125325;9.892973200384146
Energetyczne;Prog_Energii_99.9%;257;657;0.038981692958060046;0.19743782048548866;2.7895008951170697;3.1604145931975705
Energetyczne;Prog_Energii_99.99%;257;2896;0.003897477901892436;0.06242978377259076;0.6688736706427478;0.9993222129372432
Energetyczne;Prog_Energii_99.0%;258;118;0.3691745862875667;0.6075973883152944;4.403913859321893;9.968194301331232
Energetyczne;Prog_Energii_99.9%;258;1117;0.03713502812667654;0.19270450987632992;2.806372624067789;3.161494822280668
Energetyczne;Prog_Energii_99.99%;258;3367;0.003712089321806839;0.060926917875491114;0.445077497459351;0.9995621561970739
Energetyczne;Prog_Energii_99.0%;259;73;0.3438194366881053;0.586361182794449;3.654710813457421;9.988106451547901
Energetyczne;Prog_Energii_99.9%;259;636;0.034388649842198846;0.18544176941077445;2.6705290010014404;3.1588246080871865
Energetyczne;Prog_Energii_99.99%;259;2884;0.003445402734574269;0.05869755305440141;0.5548620766741084;0.9998571282612744
Energetyczne;Prog_Energii_99.0%;260;83;0.3584826166956498;0.5987341786599875;3.392566283952225;9.986002395509633
Energetyczne;Prog_Energii_99.9%;260;840;0.035919938008269134;0.18952556030327186;2.680050784191314;3.16100661471267
Energetyczne;Prog_Energii_99.99%;260;3112;0.0035945262858994385;0.05995436836377678;0.5134158652849727;0.9999503743746313
Energetyczne;Prog_Energii_99.0%;261;63;0.334125334853413;0.5780357556876676;3.8614127790671846;9.980248840847516
Energetyczne;Prog_Energii_99.9%;261;625;0.033504799349169556;0.18304316253050687;2.9762285502952803;3.1603863475484473
Energetyczne;Prog_Energii_99.99%;261;2826;0.0033505841522461994;0.057884230600796616;0.6718387839825173;0.9994174576098388
Energetyczne;Prog_Energii_99.0%;262;45;0.5321502416013358;0.7294862860954522;3.7001329973395407;9.90489130968706
Energetyczne;Prog_Energii_99.9%;262;410;0.054072817171309455;0.23253562559597069;3.0980971693985344;3.157345300466414
Energetyczne;Prog_Energii_99.99%;262;2452;0.005419823007038818;0.07361944720682721;0.9912284313718871;0.9995974383094219
Energetyczne;Prog_Energii_99.0%;263;68;0.4750402971394833;0.6892316716021423;4.149531139566865;9.901941684842281
Energetyczne;Prog_Energii_99.9%;263;706;0.04839317980772599;0.21998449901692163;3.082226829200753;3.160437586640979
Energetyczne;Prog_Energii_99.99%;263;2956;0.004838713491987798;0.06956086178295809;0.6571901535315234;0.9993556960624213
Energetyczne;Prog_Energii_99.0%;264;29;0.5020207499572668;0.7085342263837836;3.3890046649397942;9.961219529383175
Energetyczne;Prog_Energii_99.9%;264;319;0.0505289372722939;0.22478642590755762;3.0893115375969797;3.1602523241802496
Energetyczne;Prog_Energii_99.99%;264;2195;0.005056242912662627;0.07110726343111952;1.1585021090293708;0.9996906780158802
Energetyczne;Prog_Energii_99.0%;265;101;0.38505329826595214;0.6205266297798606;4.337158997487024;9.97960149489099
Energetyczne;Prog_Energii_99.9%;265;970;0.03859032151706008;0.1964441944091504;2.946378000715937;3.1593080491705914
Energetyczne;Prog_Energii_99.99%;265;3239;0.0038613222746368015;0.06213953873852623;0.4817174339233361;0.999357326383931
Energetyczne;Prog_Energii_99.0%;266;68;0.30551750941329336;0.5527363832907088;3.4930724057801026;9.926283375672007
Energetyczne;Prog_Energii_99.9%;266;633;0.03096999655873363;0.17598294394268335;2.8567013107346564;3.160379203663397
Energetyczne;Prog_Energii_99.99%;266;2834;0.003098205407531007;0.055661525379125276;0.6285139081196771;0.9995941840231022
Energetyczne;Prog_Energii_99.0%;267;147;0.36674631820042125;0.6055958373374286;4.037443687111468;9.974303426134048
Energetyczne;Prog_Energii_99.9%;267;1336;0.03681434350337061;0.19187064263031645;2.4621886511988693;3.1601538355617533
Energetyczne;Prog_Energii_99.99%;267;3551;0.003682883580162927;0.06068676610401091;0.37116514084253716;0.9995250656502833
Energetyczne;Prog_Energii_99.0%;268;106;0.27453489051686025;0.5239607719255901;3.533985925675573;9.9444164184893
Energetyczne;Prog_Energii_99.9%;268;994;0.02774298524494918;0.16656225636364674;2.492098414389793;3.1612374926390485
Energetyczne;Prog_Energii_99.99%;268;3304;0.002774333954196507;0.05267194655788323;0.4112336301152506;0.9996774533693353
Energetyczne;Prog_Energii_99.0%;269;72;0.3003987737169442;0.5480864655480412;3.655817659884438;9.958969214124256
Energetyczne;Prog_Energii_99.9%;269;705;0.0302468129662109;0.17391610898996937;2.7559545501144918;3.1601312642148556
Energetyczne;Prog_Energii_99.99%;269;2959;0.0030236843120366543;0.054988037899498236;0.5251986320287507;0.9991565400882902
Energetyczne;Prog_Energii_99.0%;270;57;0.3761493532277782;0.613310160708086;3.044744932623983;9.99761268658305
Energetyczne;Prog_Energii_99.9%;270;532;0.03756622980081565;0.1938200964833514;2.439818727921021;3.159475220954313
Energetyczne;Prog_Energii_99.99%;270;2719;0.00375923544264012;0.06131260427220589;0.7001049655232219;0.9994611366156847
Energetyczne;Prog_Energii_99.0%;271;79;0.3607468819852747;0.6006220791689852;4.5173747880099215;9.980982726382054
Energetyczne;Prog_Energii_99.9%;271;782;0.036159052891275086;0.19015533884504818;3.306416759203879;3.1599523530132614
Energetyczne;Prog_Energii_99.99%;271;3084;0.003616224369240136;0.06013505108703356;0.6184543517019705;0.9993087616429697
Energetyczne;Prog_Energii_99.0%;272;61;0.3116742619374466;0.5582779432661177;3.9528392920564777;9.964149377110743
Energetyczne;Prog_Energii_99.9%;272;583;0.03135558192788346;0.17707507427044455;3.1412151962388624;3.160437399105055
Energetyczne;Prog_Energii_99.99%;272;2788;0.0031345566543196416;0.05598711150184158;0.7987885235337178;0.9992584319803303
Energetyczne;Prog_Energii_99.0%;273;72;0.3525700518862882;0.5937760957518315;3.811150020409458;9.91982151581222
Energetyczne;Prog_Energii_99.9%;273;726;0.03575243273775543;0.18908313710575944;2.777920270377666;3.1588859591325154
Energetyczne;Prog_Energii_99.99%;273;3016;0.003577304053192504;0.059810568072812216;0.564482359260575;0.9992153006604156
Energetyczne;Prog_Energii_99.0%;274;109;0.29438309260601625;0.5425708180560546;3.8118189796493445;9.989873353021759
Energetyczne;Prog_Energii_99.9%;274;1066;0.02944284980739083;0.17158918907492637;2.640129192188035;3.1593189507459383
Energetyczne;Prog_Energii_99.99%;274;3334;0.002944242157541654;0.05426087133046846;0.4061149538627562;0.9990571084491822
Energetyczne;Prog_Energii_99.0%;275;55;0.40768162375220296;0.6384995095943324;3.6318927029842687;9.909199226448631
Energetyczne;Prog_Energii_99.9%;275;544;0.041444941745877935;0.20358030785387357;2.9042986142121743;3.159466528623446
Energetyczne;Prog_Energii_99.99%;275;2703;0.004150530646503919;0.06442461211760549;0.73602344933549;0.9998383819677973
Energetyczne;Prog_Energii_99.0%;276;162;0.32452678970409765;0.5696725284793867;4.038524950110029;9.950780938314416
Energetyczne;Prog_Energii_99.9%;276;1355;0.03274982485552648;0.18096912680213295;2.6216092497270935;3.1610864968561136
Energetyczne;Prog_Energii_99.99%;276;3554;0.0032727080777127555;0.05720758758864732;0.3767658618313834;0.9992761519035801
Energetyczne;Prog_Energii_99.0%;277;100;0.3511405968311197;0.5925711744854957;3.554980294180057;9.923429169914009
Energetyczne;Prog_Energii_99.9%;277;1012;0.03560231285367084;0.18868575159155723;2.473026462829493;3.159805559081643
Energetyczne;Prog_Energii_99.99%;277;3272;0.00356191184117694;0.05968175467575446;0.4817005315290981;0.9994540584517245
Energetyczne;Prog_Energii_99.0%;278;131;0.3276427222490428;0.572400840538379;4.270480939860054;9.979361946989233
Energetyczne;Prog_Energii_99.9%;278;1113;0.03287668271373505;0.18131928389924512;2.7626278709048533;3.1611602112560875
Energetyczne;Prog_Energii_99.99%;278;3390;0.0032850512184487406;0.05731536633790925;0.5483327519126533;0.9992486825705998
Energetyczne;Prog_Energii_99.0%;279;45;0.42476522830114916;0.6517401539733064;3.562783051779885;9.884115729619257
Energetyczne;Prog_Energii_99.9%;279;447;0.04340216070547694;0.2083318523545474;2.6217730124520227;3.1595047908044607
Energetyczne;Prog_Energii_99.99%;279;2517;0.004344144867568121;0.06591012720036368;0.7868450731681316;0.9995752464087135
Energetyczne;Prog_Energii_99.0%;280;58;0.3781287003912526;0.6149217026510388;2.6823129431654547;9.844467123503955
Energetyczne;Prog_Energii_99.9%;280;541;0.03896747992055879;0.19740182349856544;2.1536858121005804;3.1602653690272633
Energetyczne;Prog_Energii_99.99%;280;2708;0.0038977080117625993;0.06243162669482991;0.6623724695430901;0.9994867538654871
Energetyczne;Prog_Energii_99.0%;281;92;0.37542491097894237;0.6127192758343273;4.021588850429062;9.904697222938484
Energetyczne;Prog_Energii_99.9%;281;841;0.038227830410227696;0.19551938627723772;2.954960489719072;3.160599639457758
Energetyczne;Prog_Energii_99.99%;281;3095;0.003825169617365279;0.061847955644186645;0.5791834867883683;0.99978130062785
Energetyczne;Prog_Energii_99.0%;282;62;0.29642060098506506;0.5444452231263169;3.699733273776986;9.833446940004137
Energetyczne;Prog_Energii_99.9%;282;558;0.030562667427260926;0.17482181622229226;3.0142388618200933;3.157528031756127
Energetyczne;Prog_Energii_99.99%;282;2784;0.0030617859612566824;0.055333407280382454;0.8146477504882395;0.9993992074663468
Energetyczne;Prog_Energii_99.0%;283;38;0.35197269428917705;0.5932728666382586;3.361612887234949;9.80751456919236
Energetyczne;Prog_Energii_99.9%;283;394;0.03647554545916456;0.19098572056351376;2.978843155311905;3.1572238379080644
Energetyczne;Prog_Energii_99.99%;283;2349;0.003656216700531668;0.060466657758897736;1.0229435468137673;0.9995866325070781
Energetyczne;Prog_Energii_99.0%;284;22;0.33865505605194846;0.5819407667898413;2.9338259576890797;9.67089663679922
Energetyczne;Prog_Energii_99.9%;284;228;0.03611157691134868;0.190030463114072;2.562669612229125;3.1579931695745205
Energetyczne;Prog_Energii_99.99%;284;1791;0.003620066232244429;0.060166986232022865;1.3256481308408734;0.999876169541062
Energetyczne;Prog_Energii_99.0%;285;103;0.2885418345501691;0.5371609019187539;3.5143849979204576;9.979478136452506
Energetyczne;Prog_Energii_99.9%;285;963;0.02896901387412069;0.17020286094575698;2.603496042433372;3.1620613553641577
Energetyczne;Prog_Energii_99.99%;285;3281;0.0028967518993509365;0.05382148176472789;0.4413995239476618;0.9999057984749191
Energetyczne;Prog_Energii_99.0%;286;27;0.4723975898398342;0.6873118577762457;3.3615818258279697;9.747488573390678
Energetyczne;Prog_Energii_99.9%;286;253;0.04954784753504009;0.22259345797898034;3.0571892896325172;3.156830721910785
Energetyczne;Prog_Energii_99.99%;286;1899;0.004971373059324248;0.07050796450986405;1.427653961424804;0.9999472155428427
Energetyczne;Prog_Energii_99.0%;287;46;0.3758529255582099;0.6130684509565061;3.0636845711123444;9.910950441528096
Energetyczne;Prog_Energii_99.9%;287;489;0.038200573330464636;0.19544966955834087;2.4363613811264653;3.159666731803795
Energetyczne;Prog_Energii_99.99%;287;2578;0.0038217804508634814;0.0618205503927576;0.6590009515893831;0.9993996759328896
Energetyczne;Prog_Energii_99.0%;288;95;0.26199640052422185;0.5118558395917955;4.026694449032926;9.95761404479219
Energetyczne;Prog_Energii_99.9%;288;893;0.026400509920074627;0.16248233725569874;3.119772062407651;3.1609220376938745
Energetyczne;Prog_Energii_99.99%;288;3166;0.002639378717763413;0.05137488411435507;0.6133900461513644;0.9994440388032902
Energetyczne;Prog_Energii_99.0%;289;113;0.339027712116483;0.5822608626006758;4.137291156851826;9.991939057607281
Energetyczne;Prog_Energii_99.9%;289;1051;0.033954857823614217;0.18426843957556654;3.0121022630977414;3.162154863467401
Energetyczne;Prog_Energii_99.99%;289;3353;0.0033937587837622944;0.05825597637807038;0.4705396013181051;0.999706837775727
Energetyczne;Prog_Energii_99.0%;290;73;0.3583460648646228;0.5986201340287702;4.26906258208555;9.927533315063945
Energetyczne;Prog_Energii_99.9%;290;713;0.036340022176220205;0.1906305908720324;3.3020636541928363;3.161423136598797
Energetyczne;Prog_Energii_99.99%;290;2978;0.0036326527043149923;0.06027149163837736;0.6845286090990541;0.9995441302009935
Energetyczne;Prog_Energii_99.0%;291;54;0.2980283127859559;0.5459196944477785;3.5329789725273812;9.797611654363587
Energetyczne;Prog_Energii_99.9%;291;552;0.03096501468435077;0.17596878894949175;2.898340283234636;3.158108921422522
Energetyczne;Prog_Energii_99.99%;291;2757;0.0031019008201166407;0.05569471088098618;0.7674307129387556;0.999552047606443
Energetyczne;Prog_Energii_99.0%;292;39;0.467729048834082;0.6839071931439835;4.0941799230686025;9.946512314442677
Energetyczne;Prog_Energii_99.9%;292;401;0.04722388253725896;0.2173105670170205;3.446953114782703;3.1604905644533208
Energetyczne;Prog_Energii_99.99%;292;2410;0.004722259849019844;0.0687187008682487;1.1454617924003958;0.9994212829907143
Energetyczne;Prog_Energii_99.0%;293;101;0.32383635715598036;0.5690662150892287;3.080815476232037;9.957891131169546
Energetyczne;Prog_Energii_99.9%;293;932;0.03261773096690429;0.18060379554955175;2.373652809919739;3.160322799476767
Energetyczne;Prog_Energii_99.99%;293;3220;0.0032630016286546108;0.057122689263151914;0.40066442853386763;0.999570007354775
Energetyczne;Prog_Energii_99.0%;294;99;0.3459872900383466;0.5882068429033673;4.144349133477871;9.966747565788413
Energetyczne;Prog_Energii_99.9%;294;952;0.034784640062110524;0.18650640756314654;3.011342387259485;3.1602187325952498
Energetyczne;Prog_Energii_99.99%;294;3271;0.0034827606600095306;0.05901491896130614;0.5684588060254452;0.9999659252509375
Energetyczne;Prog_Energii_99.0%;295;116;0.3309509613495415;0.5752833748245655;4.189923272105287;9.919074440150624
Energetyczne;Prog_Energii_99.9%;295;1050;0.03358424899759591;0.18326005838042264;3.0719282469128153;3.1597821882756407
Energetyczne;Prog_Energii_99.99%;295;3310;0.003359738396564566;0.057963250396820966;0.5158903345127273;0.9994062415839633
Energetyczne;Prog_Energii_99.0%;296;59;0.40095118527408313;0.6332070635061513;3.1461853220494076;9.94186139511211
Energetyczne;Prog_Energii_99.9%;296;582;0.04051513345160657;0.20128371382604845;2.6015732134541905;3.1603165840750997
Energetyczne;Prog_Energii_99.99%;296;2775;0.004054806613602422;0.06367736343161848;0.5354214583295032;0.9997859432235807
Energetyczne;Prog_Energii_99.0%;297;69;0.4001890191172413;0.6326049471172679;4.448696088424823;9.995853252995033
Energetyczne;Prog_Energii_99.9%;297;615;0.04002553687059875;0.20006383199018946;3.5084523728819987;3.1612283699625836
Energetyczne;Prog_Energii_99.99%;297;2863;0.004001588193578386;0.06325810772998498;0.9181876354227838;0.9995476083652345
Energetyczne;Prog_Energii_99.0%;298;52;0.3629580672105335;0.6024600129556595;4.434809466368413;9.928177818441487
Energetyczne;Prog_Energii_99.9%;298;522;0.03674668317397373;0.19169424397715684;3.805005852586154;3.1590055772166092
Energetyczne;Prog_Energii_99.99%;298;2658;0.003677201373897161;0.060639932172596965;1.1997154994218402;0.9993095252150508
Energetyczne;Prog_Energii_99.0%;299;57;0.4590200190648782;0.6775101615952916;4.850431958715869;9.990768472134464
Energetyczne;Prog_Energii_99.9%;299;599;0.04594009191227831;0.2143363989439925;3.2552991204967983;3.1606689587626047
Energetyczne;Prog_Energii_99.99%;299;2830;0.004593037895859103;0.06777195508364137;0.7980307305260919;0.999385618881709
Energetyczne;Prog_Energii_99.0%;300;110;0.36083011695931766;0.6006913658105281;3.588764130741243;9.939765411677914
Energetyczne;Prog_Energii_99.9%;300;1081;0.03648810322603073;0.191018593927478;2.5764140868069156;3.160824544807228
Energetyczne;Prog_Energii_99.99%;300;3356;0.003649946037563912;0.0604147832700235;0.4200918657933683;0.9996960290766214
Energetyczne;Prog_Energii_99.0%;301;115;0.3182825186638678;0.5641653291933738;3.77704649697145;9.964630201300587
Energetyczne;Prog_Energii_99.9%;301;1069;0.032022183247813606;0.17894743152058262;2.671562976750846;3.16067806422038
Energetyczne;Prog_Energii_99.99%;301;3318;0.003202077741543137;0.05658690432903303;0.426533297167321;0.9994722232955894
Energetyczne;Prog_Energii_99.0%;302;76;0.45630555473286677;0.6755039265118056;3.799634639647711;9.958082280102404
Energetyczne;Prog_Energii_99.9%;302;781;0.04600847876122784;0.21449587119855673;2.4713401164907323;3.1620357044662506
Energetyczne;Prog_Energii_99.99%;302;3036;0.004596933502423768;0.06780068954239159;0.5088341655571789;0.9994980319318905
Energetyczne;Prog_Energii_99.0%;303;67;0.40236305137507766;0.6343209372037767;3.474570393307223;9.991923289189652
Energetyczne;Prog_Energii_99.9%;303;723;0.04028616517595639;0.2007141379573357;2.7001655450392956;3.161680707507925
Energetyczne;Prog_Energii_99.99%;303;2980;0.004023484313935129;0.06343094129788024;0.5382752974701837;0.9991741757783137
Energetyczne;Prog_Energii_99.0%;304;87;0.2550995905656038;0.5050738466458184;3.2569790540704746;9.996022517844246
Energetyczne;Prog_Energii_99.9%;304;778;0.025501184192767017;0.15969090203504713;2.3190566907744334;3.160476162521582
Energetyczne;Prog_Energii_99.99%;304;3083;0.002550905807263213;0.05050649272383911;0.4301005113611289;0.9995845991979597
Energetyczne;Prog_Energii_99.0%;305;108;0.3675862298073569;0.6062888996240628;3.7688855645350907;9.974982647306716
Energetyczne;Prog_Energii_99.9%;305;1010;0.03691145839441583;0.19212354981733976;2.734145079874117;3.160917306510539
Energetyczne;Prog_Energii_99.99%;305;3272;0.003689441639383272;0.06074077410918692;0.4403703405435053;0.9993390413362429
Energetyczne;Prog_Energii_99.0%;306;123;0.3046591011890464;0.5519593292888946;3.607305434164414;9.996919428394817
Energetyczne;Prog_Energii_99.9%;306;1176;0.03044358308733136;0.1744808960526377;2.3027119412656325;3.160144900312757
Energetyczne;Prog_Energii_99.99%;306;3399;0.003044099086190094;0.055173354857123685;0.38288667418767175;0.9992830156734498
Energetyczne;Prog_Energii_99.0%;307;47;0.28639110187903516;0.5351552128859768;2.805049935765229;9.885256026705003
Energetyczne;Prog_Energii_99.9%;307;413;0.029282771003237836;0.17112209384891783;2.487952280796357;3.1609254077897075
Energetyczne;Prog_Energii_99.99%;307;2458;0.002930210778244028;0.05413142135806179;0.7661167171378898;0.9999023579125638
Energetyczne;Prog_Energii_99.0%;308;64;0.14924759416496108;0.3863257617153703;3.487228558192628;9.841122595810067
Energetyczne;Prog_Energii_99.9%;308;619;0.015387345345232879;0.12404573892412782;2.7192647317250227;3.159896246162302
Energetyczne;Prog_Energii_99.99%;308;2880;0.001539950649320688;0.03924220494978191;0.700304683256066;0.9996417223794567
Energetyczne;Prog_Energii_99.0%;309;55;0.4176447332865545;0.6462543874408548;3.5562209043564894;9.964603469320995
Energetyczne;Prog_Energii_99.9%;309;494;0.04195583194053733;0.20483122794275616;2.8305696442898904;3.158294944296166
Energetyczne;Prog_Energii_99.99%;309;2636;0.004202021528980803;0.06482300154251423;0.7355187505704328;0.99950656988221
Energetyczne;Prog_Energii_99.0%;310;61;0.3923469752255706;0.6263760653358097;3.805397180797603;9.943953260218704
Energetyczne;Prog_Energii_99.9%;310;547;0.039623413348870026;0.19905630698088927;3.29538161323604;3.160092989358588
Energetyczne;Prog_Energii_99.99%;310;2767;0.003964271909248961;0.06296246428824845;0.9148689929259817;0.9995525638337928
Energetyczne;Prog_Energii_99.0%;311;89;0.3459105257240743;0.5881415864603304;3.709989171597063;9.998685397798704
Energetyczne;Prog_Energii_99.9%;311;860;0.034542821634405016;0.18585699242806286;2.7308821850970215;3.15965685652905
Energetyczne;Prog_Energii_99.99%;311;3140;0.0034564933509476092;0.05879194971207886;0.5607157547321666;0.9994909773888739
Energetyczne;Prog_Energii_99.0%;312;59;0.2717491692704565;0.5212956639666749;3.3374883792565684;9.981682546626049
Energetyczne;Prog_Energii_99.9%;312;554;0.02724552381259362;0.16506218165465286;2.701245771224305;3.1605831615656665
Energetyczne;Prog_Energii_99.99%;312;2725;0.002726311708119949;0.052214094918134404;0.6946942942317582;0.9997867927125823
Energetyczne;Prog_Energii_99.0%;313;76;0.40852155319031397;0.6391569081143643;4.203991643156494;9.878245996366632
Energetyczne;Prog_Energii_99.9%;313;731;0.04180381470170517;0.2044598119477399;3.288604920234559;3.1599506993504174
Energetyczne;Prog_Energii_99.99%;313;3022;0.004185360461990032;0.06469436190264212;0.6732357810091827;0.9998590539178218
Energetyczne;Prog_Energii_99.0%;314;53;0.3965829872371718;0.6297483523100095;3.6931258275552636;9.911152593377873
Energetyczne;Prog_Energii_99.9%;314;473;0.04034415597308262;0.2008585471745791;2.8168234279345663;3.1611670017541385
Energetyczne;Prog_Energii_99.99%;314;2602;0.004032324271324537;0.0635005848108861;0.8325038607381758;0.9993896506768548
Energetyczne;Prog_Energii_99.0%;315;60;0.348546939114885;0.5903786404629532;3.5737041546291985;9.860776587445725
Energetyczne;Prog_Energii_99.9%;315;574;0.03576182758463601;0.1891079786382267;2.942172354220301;3.158568756472529
Energetyczne;Prog_Energii_99.99%;315;2780;0.0035817303233088254;0.0598475590421934;0.7518308755833276;0.9996015583427404
Energetyczne;Prog_Energii_99.0%;316;143;0.36175246013512635;0.6014586104921321;4.105725437629798;9.985882218644395
Energetyczne;Prog_Energii_99.9%;316;1254;0.03625762535155543;0.1904143517478539;2.407021921437848;3.161406713818202
Energetyczne;Prog_Energii_99.99%;316;3468;0.003625508397345591;0.06021219475609232;0.34620808639326306;0.9996895455007886
Energetyczne;Prog_Energii_99.0%;317;101;0.2748984151443914;0.5243075577792021;3.984571460878423;9.95225090798391
Energetyczne;Prog_Energii_99.9%;317;956;0.027727424815816512;0.16651553926230583;2.898584183077872;3.1607486907800784
Energetyczne;Prog_Energii_99.99%;317;3250;0.002771570120389667;0.05264570372204808;0.5159330353371478;0.9993051690661484
Energetyczne;Prog_Energii_99.0%;318;90;0.36005787233980935;0.600048225011798;3.559425359873197;9.933945952568553
Energetyczne;Prog_Energii_99.9%;318;923;0.03646247713405664;0.19095150466559996;2.5367788085494087;3.1612491260555196
Energetyczne;Prog_Energii_99.99%;318;3249;0.0036446566148329936;0.06037099150115884;0.4882234012752218;0.9994566131142142
Energetyczne;Prog_Energii_99.0%;319;66;0.40601615914788197;0.6371939729375051;4.431839389328189;9.924971265765915
Energetyczne;Prog_Energii_99.9%;319;677;0.041175585105037486;0.2029176806122066;3.710629711074433;3.1606578764509763
Energetyczne;Prog_Energii_99.99%;319;2904;0.004115400915715284;0.064151390598453;0.8733425956025336;0.9992258800147474
Energetyczne;Prog_Energii_99.0%;320;122;0.28049417406875243;0.5296170069670653;3.714748162362933;9.977357197472823
Energetyczne;Prog_Energii_99.9%;320;1097;0.02815227697352577;0.16778640282670634;2.5378347444401275;3.1608971235042236
Energetyczne;Prog_Energii_99.99%;320;3363;0.0028142019657692247;0.05304905244930606;0.4198711995836115;0.999381323317496
Energetyczne;Prog_Energii_99.0%;321;54;0.34962704555908425;0.5912926902635312;3.631557885582017;9.856157919122161
Energetyczne;Prog_Energii_99.9%;321;540;0.03594329345075159;0.18958716583870225;2.8509690934230845;3.160196425077133
Energetyczne;Prog_Energii_99.99%;321;2695;0.003595520103948378;0.059962655911395206;0.7499108897376701;0.9995073770475562
Energetyczne;Prog_Energii_99.0%;322;118;0.40220667552461664;0.6341976628186331;4.1694195424649605;9.951377080952364
Energetyczne;Prog_Energii_99.9%;322;1049;0.04057872949803203;0.20144162801673351;2.9479966841534253;3.1608782525090007
Energetyczne;Prog_Energii_99.99%;322;3324;0.00405477299698027;0.0636770994705339;0.5282171934070137;0.9991755968262098
Energetyczne;Prog_Energii_99.0%;323;97;0.2616776909076983;0.511544417336069;3.4126348709940837;9.985714338614596
Energetyczne;Prog_Energii_99.9%;323;945;0.02622809104694146;0.16195089084948394;2.61119348141881;3.1613976775053945
Energetyczne;Prog_Energii_99.99%;323;3227;0.002623433662698635;0.051219465661978894;0.4466663128303825;0.9998407476334259
Energetyczne;Prog_Energii_99.0%;324;133;0.37561776867159063;0.6128766341374018;3.87225094687144;9.99591601273254
Energetyczne;Prog_Energii_99.9%;324;1218;0.03753818892914206;0.1937477456104769;2.338502571321551;3.159993520562913
Energetyczne;Prog_Energii_99.99%;324;3452;0.003753746673205488;0.06126782739093568;0.3922652262301902;0.999268079039029
Energetyczne;Prog_Energii_99.0%;325;139;0.36193114668964177;0.6016071365015891;4.1116074407614995;9.977944612436197
Energetyczne;Prog_Energii_99.9%;325;1228;0.036301625957323426;0.19052985581615137;2.5363225108561553;3.1600295824349667
Energetyczne;Prog_Energii_99.99%;325;3446;0.0036280981990642345;0.060233696541589034;0.4162112041510444;0.999004917709578
Energetyczne;Prog_Energii_99.0%;326;52;0.4017599001385248;0.6338453282454046;4.459455622843102;9.860121324448484
Energetyczne;Prog_Energii_99.9%;326;510;0.04122215026354942;0.20303238722812036;3.71176295102872;3.158379310617228
Energetyczne;Prog_Energii_99.99%;326;2661;0.004129214344645466;0.06425896314636166;1.07184838894017;0.9996148028105047
Energetyczne;Prog_Energii_99.0%;327;88;0.4594342784079214;0.6778158145159505;4.132687792863459;9.959145019513759
Energetyczne;Prog_Energii_99.9%;327;834;0.04624791578130362;0.21505328591143083;3.214521940951341;3.1597770595606174
Energetyczne;Prog_Energii_99.99%;327;3098;0.0046254211559509685;0.06801044887332364;0.6389623152486319;0.9992772500525912
Energetyczne;Prog_Energii_99.0%;328;54;0.29920599880643;0.5469972566717588;3.490618212884558;9.86978968525871
Energetyczne;Prog_Energii_99.9%;328;504;0.03063445259520043;0.17502700533117863;2.8987555271261525;3.158114068743879
Energetyczne;Prog_Energii_99.99%;328;2649;0.003069162591564382;0.055400023389565296;0.7645480428287019;0.9996148476875041
Energetyczne;Prog_Energii_99.0%;329;85;0.3989239647231189;0.631604278582024;3.9844788119969063;9.97747825080271
Energetyczne;Prog_Energii_99.9%;329;813;0.04004899463332503;0.20012244909885804;3.004638771678774;3.161342396007729
Energetyczne;Prog_Energii_99.99%;329;3084;0.004002516850345933;0.06326544752347787;0.5397144340389242;0.9994068249663153
Energetyczne;Prog_Energii_99.0%;330;49;0.3925015970335793;0.6264994788773406;3.18120187765148;9.969922554777328
Energetyczne;Prog_Energii_99.9%;330;472;0.03936588207329373;0.1984083719838801;2.7139943821766077;3.1574106118067857
Energetyczne;Prog_Energii_99.99%;330;2507;0.003945098881814451;0.0628100221446741;0.7945064926568195;0.9995396286177164
Energetyczne;Prog_Energii_99.0%;331;92;0.34512872840287173;0.587476576897217;4.1622965752471615;9.920174444985424
Energetyczne;Prog_Energii_99.9%;331;862;0.035009528690373236;0.18710833410185992;3.0697439238408215;3.1595256515662093
Energetyczne;Prog_Energii_99.99%;331;3143;0.0035034835287890884;0.05919023170075522;0.620234898726709;0.9994907831250075
Energetyczne;Prog_Energii_99.0%;332;39;0.39982540859805543;0.6323174903464678;3.1175705940978817;9.990526079352998
Energetyczne;Prog_Energii_99.9%;332;397;0.04005552072014478;0.20013875366891037;2.8096159247149384;3.1621637366425954
Energetyczne;Prog_Energii_99.99%;332;2366;0.004001875213270816;0.06326037632887443;0.8542212667308791;0.9995049150973332
Energetyczne;Prog_Energii_99.0%;333;73;0.3360008076601233;0.5796557665202023;3.7587690288674205;9.954791948677777
Energetyczne;Prog_Energii_99.9%;333;715;0.03388028620184324;0.18406598328274357;2.7939950260390303;3.1610805485614937
Energetyczne;Prog_Energii_99.99%;333;3018;0.0033881205236403113;0.05820756414453633;0.5527942254177614;0.9996349978137938
Energetyczne;Prog_Energii_99.0%;334;49;0.43276339107346623;0.6578475439442381;3.9163099126261534;9.946212867404883
Energetyczne;Prog_Energii_99.9%;334;442;0.043635168899306916;0.20889032744315117;3.527448691168675;3.1582814009374816
Energetyczne;Prog_Energii_99.99%;334;2503;0.004372545907927875;0.06612522898204493;1.0100391893805574;0.999769033745999
Energetyczne;Prog_Energii_99.0%;335;32;0.5243751957763119;0.7241375530769771;2.876058565247595;9.85440955528692
Energetyczne;Prog_Energii_99.9%;335;312;0.05389575706230854;0.23215459733183952;2.5299292082633844;3.159270600633351
Energetyczne;Prog_Energii_99.99%;335;2111;0.005398933108850029;0.07347743265010032;0.9825216400054977;0.9999159846473659
Energetyczne;Prog_Energii_99.0%;336;78;0.35676368686663473;0.597296983808419;3.69226203622505;9.893908607895487
Energetyczne;Prog_Energii_99.9%;336;754;0.036408490157912435;0.19081008924559634;2.985319723532041;3.160668202981979
Energetyczne;Prog_Energii_99.99%;336;3056;0.0036402336280823887;0.06033434865880619;0.6517515139576933;0.9994065728257512
Energetyczne;Prog_Energii_99.0%;337;24;0.5046244680666662;0.7103692476921183;2.657170620353586;9.835804714745745
Energetyczne;Prog_Energii_99.9%;337;211;0.051906630962323445;0.22783026788011168;2.269179642877811;3.1545481878013613
Energetyczne;Prog_Energii_99.99%;337;1654;0.0052098577133061885;0.07217934409030183;1.1927551676044907;0.9993984610357773
Energetyczne;Prog_Energii_99.0%;338;46;0.44793222640558095;0.6692773912254776;3.304307654999734;9.882937808509965
Energetyczne;Prog_Energii_99.9%;338;442;0.045659741098658564;0.21368140091888804;2.662543695273123;3.1553433954340697
Energetyczne;Prog_Energii_99.99%;338;2505;0.004583075774779055;0.06769841781592133;0.7571392175674827;0.9996740690495991
Energetyczne;Prog_Energii_99.0%;339;108;0.28811673773001567;0.5367650675388774;3.697936525059081;9.941177369862217
Energetyczne;Prog_Energii_99.9%;339;984;0.02913036396054904;0.17067619623295172;2.6720083582772203;3.161014831581398
Energetyczne;Prog_Energii_99.99%;339;3256;0.002912812874152052;0.053970481507506045;0.5569447076293308;0.999562307329409
Energetyczne;Prog_Energii_99.0%;340;37;0.4856700704694249;0.69690033036972;3.070784273389255;9.943486478169351
Energetyczne;Prog_Energii_99.9%;340;375;0.04908686189292238;0.2215555503545835;2.518748157638207;3.161190378465475
Energetyczne;Prog_Energii_99.99%;340;2336;0.00490721215220536;0.07005149643087834;0.8461134966726878;0.999506065905335
Energetyczne;Prog_Energii_99.0%;341;75;0.45178903529609127;0.672152538711334;3.9994503725286576;9.99735135820951
Energetyczne;Prog_Energii_99.9%;341;666;0.04515957704281982;0.212507828191857;2.807304780815259;3.160763818399294
Energetyczne;Prog_Energii_99.99%;341;2910;0.004517149624395031;0.0672097435227589;0.6366345385609105;0.999653176911874
Energetyczne;Prog_Energii_99.0%;342;82;0.33295150631541454;0.5770195025433842;4.5276144075007965;9.912893071339028
Energetyczne;Prog_Energii_99.9%;342;738;0.03384610337553293;0.18397310503313502;3.474036934502413;3.1605616623999166
Energetyczne;Prog_Energii_99.99%;342;3032;0.0033833117677540725;0.05816624251018861;0.7065091939179065;0.999265605102701
Energetyczne;Prog_Energii_99.0%;343;68;0.34830193449149766;0.590171106113725;4.163450125401424;9.898748948859566
Energetyczne;Prog_Energii_99.9%;343;681;0.035495904643102094;0.18840356855193083;3.303049074317406;3.1600320768760946
Energetyczne;Prog_Energii_99.99%;343;2932;0.0035523019383001653;0.0596011907456568;0.7780665121768973;0.9996714819357169
Energetyczne;Prog_Energii_99.0%;344;55;0.2849242656600296;0.5337829761804226;2.6616881267221446;9.90691567298084
Energetyczne;Prog_Energii_99.9%;344;548;0.02895886715220633;0.17017305060498367;2.2276616624342402;3.1583810975410938
Energetyczne;Prog_Energii_99.99%;344;2704;0.0028988022381530028;0.05384052598324986;0.549393113355924;0.999270442309309
Energetyczne;Prog_Energii_99.0%;345;67;0.40564938953285334;0.6369061073132;4.349159793991522;9.985976634764846
Energetyczne;Prog_Energii_99.9%;345;698;0.04062606292724164;0.20155908048818252;3.648162597786905;3.1602213343039844
Energetyczne;Prog_Energii_99.99%;345;2961;0.004063723619733998;0.06374734206015178;0.8089454348275207;0.9994871473700577
Energetyczne;Prog_Energii_99.0%;346;96;0.3259569822752286;0.5709264245725789;4.154626886406253;9.964735059719526
Energetyczne;Prog_Energii_99.9%;346;886;0.03277696451966679;0.1810440955117476;2.7892470524443143;3.159875543073207
Energetyczne;Prog_Energii_99.99%;346;3191;0.0032798901519783042;0.05727032523024733;0.4621300299528013;0.9995747142560877
Energetyczne;Prog_Energii_99.0%;347;80;0.40875729165943464;0.6393412951307265;3.49628921455142;9.933421356015607
Energetyczne;Prog_Energii_99.9%;347;726;0.04133055832063267;0.20329918425963414;2.7981350245172694;3.1586516841091616
Energetyczne;Prog_Energii_99.99%;347;3005;0.004142389157401274;0.06436139493051152;0.5431023634124612;0.9999805421218316
Energetyczne;Prog_Energii_99.0%;348;104;0.42992228674840616;0.6556845939538355;4.324545291050582;9.914181096387992
Energetyczne;Prog_Energii_99.9%;348;996;0.04371216649641981;0.20907454770110065;2.980674646402579;3.1612805114955322
Energetyczne;Prog_Energii_99.99%;348;3273;0.004373049729077509;0.06612903847083752;0.4215634638181369;0.9998942619293131
Energetyczne;Prog_Energii_99.0%;349;63;0.3844936380583747;0.620075509965016;3.650156291207625;9.986859310094902
Energetyczne;Prog_Energii_99.9%;349;615;0.038548100709811704;0.19633670240128742;2.9265024146505416;3.162174594510683
Energetyczne;Prog_Energii_99.99%;349;2813;0.0038535805172552765;0.062077214155076874;0.6639707693163102;0.999807917207312
Energetyczne;Prog_Energii_99.0%;350;64;0.360214326466864;0.600178578813726;3.7336204048967225;9.815283265945009
Energetyczne;Prog_Energii_99.9%;350;571;0.0373573892441847;0.19328059717463805;3.2243549755775724;3.1608989025062755
Energetyczne;Prog_Energii_99.99%;350;2799;0.0037363972277029505;0.06112607649524833;0.8029265144600943;0.9996520650946035
Energetyczne;Prog_Energii_99.0%;351;80;0.39996567223508456;0.6324283929703699;4.714275194578703;9.90680203668898
Energetyczne;Prog_Energii_99.9%;351;777;0.040736061198874095;0.2018317645933714;3.5107869484177234;3.1616343585570528
Energetyczne;Prog_Energii_99.99%;351;3060;0.004067986941755821;0.06378077250830239;0.6965151933839113;0.9991067668849116
Energetyczne;Prog_Energii_99.0%;352;48;0.3360251671415412;0.5796767781630908;4.174275695850787;9.762772444760158
Energetyczne;Prog_Energii_99.9%;352;457;0.035196640674828104;0.18760767754766355;3.475437505817606;3.1596419483832947
Energetyczne;Prog_Energii_99.99%;352;2579;0.0035225073074592068;0.05935071446460612;1.1105104665013918;0.9995700044911306
Energetyczne;Prog_Energii_99.0%;353;62;0.3746977512089764;0.6121256008442846;3.9129407848518403;9.942642736569962
Energetyczne;Prog_Energii_99.9%;353;559;0.03786102618391077;0.19457910006963947;3.3575783153693326;3.160512276120046
Energetyczne;Prog_Energii_99.99%;353;2757;0.0037881184861081794;0.06154769277648171;0.8772581473190613;0.9997077718897684
Energetyczne;Prog_Energii_99.0%;354;76;0.37979374257582244;0.6162740807269298;3.7700175506868563;9.918783198716978
Energetyczne;Prog_Energii_99.9%;354;718;0.038533842702662274;0.1963003889518874;3.0295378965316093;3.159407576481102
Energetyczne;Prog_Energii_99.99%;354;2962;0.003857391411611048;0.06210790136215398;0.6825791811977258;0.9996117438719093
Energetyczne;Prog_Energii_99.0%;355;49;0.49643931394083946;0.7045844973747574;4.062274293587189;9.94029952210794
Energetyczne;Prog_Energii_99.9%;355;449;0.05017730459430049;0.22400291202192102;3.3774337475236664;3.1602398968735255
Energetyczne;Prog_Energii_99.99%;355;2544;0.005019910704752673;0.07085132817917159;1.031244533765463;0.9995726932174251
Energetyczne;Prog_Energii_99.0%;356;61;0.3807454270191867;0.6170457252256;3.448350337185326;9.978623545315871
Energetyczne;Prog_Energii_99.9%;356;629;0.03819533221834164;0.195436261267815;2.584658534268872;3.1605192266464686
Energetyczne;Prog_Energii_99.99%;356;2877;0.0038200293458048565;0.06180638596298004;0.7158864717153159;0.9995088419024113
Energetyczne;Prog_Energii_99.0%;357;61;0.39456158311765344;0.6281413719200905;3.574339262128742;9.943395556834261
Energetyczne;Prog_Energii_99.9%;357;591;0.039898559911311755;0.1997462387914019;2.7697775738218455;3.161956769734078
Energetyczne;Prog_Energii_99.99%;357;2752;0.003985294642144949;0.0631291900957469;0.748931640649537;0.9993268018404795
Energetyczne;Prog_Energii_99.0%;358;106;0.31157420545451575;0.5581883243624106;3.750470008127392;9.946830294605233
Energetyczne;Prog_Energii_99.9%;358;981;0.03148752184332545;0.17744723678695437;2.3933876438400916;3.1620825329561955
Energetyczne;Prog_Energii_99.99%;358;3212;0.0031482792425479786;0.05610952898169774;0.385192990753251;0.999863197297585
Energetyczne;Prog_Energii_99.0%;359;100;0.2973882778705767;0.5453331806066606;3.5903170636311446;9.961570661091294
Energetyczne;Prog_Energii_99.9%;359;957;0.029960176447171773;0.17309008188562328;2.7486590580256927;3.1618268294615017
Energetyczne;Prog_Energii_99.99%;359;3218;0.002993912513778423;0.05471665663925769;0.4579212559378505;0.9995061016538085
Energetyczne;Prog_Energii_99.0%;360;84;0.3655739980788632;0.6046271562532262;4.2137557641796715;9.925396583285966
Energetyczne;Prog_Energii_99.9%;360;800;0.03705698925329486;0.19250192012885187;3.145532195485986;3.1600596839925674
Energetyczne;Prog_Energii_99.99%;360;3059;0.0037072168955307235;0.060886918919672094;0.5658949284747976;0.9995032653793383
Energetyczne;Prog_Energii_99.0%;361;85;0.3794908549499593;0.6160282907058403;4.189105363153265;9.99166697304288
Energetyczne;Prog_Energii_99.9%;361;844;0.03797978483705937;0.19488402919957132;3.1103758207309937;3.1609202815925483
Energetyczne;Prog_Energii_99.99%;361;3148;0.003795320070226226;0.061606169092277;0.6153577668768999;0.9992208707650565
Energetyczne;Prog_Energii_99.0%;362;57;0.34576576432262845;0.5880185067858226;4.040729501723323;9.91110931729546
Energetyczne;Prog_Energii_99.9%;362;603;0.035158461884587135;0.1875058982661269;3.1508175149464774;3.160430214197592
Energetyczne;Prog_Energii_99.99%;362;2804;0.003516201128156819;0.05929756426833078;0.7365914043219193;0.999466232662032
Energetyczne;Prog_Energii_99.0%;363;48;0.387268217070911;0.6223087795226024;3.7377349302740472;9.842604722234583
Energetyczne;Prog_Energii_99.9%;363;473;0.03996331515155764;0.19990826684146315;3.103535488275067;3.161803458304017
Energetyczne;Prog_Energii_99.99%;363;2597;0.003995455808492148;0.06320961800621919;0.841159534216823;0.9997404908153966
Energetyczne;Prog_Energii_99.0%;364;77;0.38915368334988243;0.6238218362239994;4.2160186644145;9.944195869780017
Energetyczne;Prog_Energii_99.9%;364;748;0.039286477068687556;0.19820816599900104;3.3742058425266928;3.1595893430318975
Energetyczne;Prog_Energii_99.99%;364;3007;0.0039341624924318095;0.06272290245541742;0.7665627563410022;0.9998509050488109
Energetyczne;Prog_Energii_99.0%;365;77;0.3508869812585021;0.5923571399573927;4.0112937089627545;9.942940785750103
Energetyczne;Prog_Energii_99.9%;365;775;0.03548017166659759;0.18836181053121567;3.0671523064912307;3.161724915721064
Energetyczne;Prog_Energii_99.99%;365;3073;0.0035465346059152837;0.05955278839748214;0.5826859573239638;0.9996162934831203
Energetyczne;Prog_Energii_99.0%;366;79;0.26469910844836886;0.5144891723334601;3.603943492724804;9.942649447293066
Energetyczne;Prog_Energii_99.9%;366;719;0.026750382230630008;0.16355544084691898;2.8147469405355654;3.160755368597741
Energetyczne;Prog_Energii_99.99%;366;2978;0.0026744815861333596;0.051715390225090245;0.6436690542056707;0.9994146110129869
Energetyczne;Prog_Energii_99.0%;367;62;0.3860331958235372;0.6213156973902536;4.363228716520076;9.946596894812929
Energetyczne;Prog_Energii_99.9%;367;641;0.039001729156518346;0.1974885544949842;3.33779232599981;3.161579614279544
Energetyczne;Prog_Energii_99.99%;367;2859;0.0038994255136241655;0.062445380242450006;0.7976600010624555;0.9996834585443216
Energetyczne;Prog_Energii_99.0%;368;88;0.353119356100772;0.5942384673687593;3.838864362941102;9.927481311616562
Energetyczne;Prog_Energii_99.9%;368;892;0.03579253515884675;0.18918915180011445;2.5872233000216296;3.160636464974441
Energetyczne;Prog_Energii_99.99%;368;3174;0.003578619261858607;0.05982156184736911;0.4961381115215424;0.9993924491309241
Energetyczne;Prog_Energii_99.0%;369;183;0.35365696862602963;0.5946906495195882;4.096445612945164;9.999757225729589
Energetyczne;Prog_Energii_99.9%;369;1530;0.03535030872474171;0.18801677777459572;2.142766798304539;3.1615128531594303
Energetyczne;Prog_Energii_99.99%;369;3664;0.00353191777358782;0.05942994004361623;0.3469300332355272;0.9993178350053289
Energetyczne;Prog_Energii_99.0%;370;108;0.33429537336024395;0.5781828200147804;3.4903805642435577;9.958988935587834
Energetyczne;Prog_Energii_99.9%;370;1032;0.03367773159059915;0.18351493560634008;2.487554431836699;3.1609780677536117
Energetyczne;Prog_Energii_99.99%;370;3310;0.0033666274821531716;0.05802264628705909;0.4047710391536068;0.9994189941022047
Energetyczne;Prog_Energii_99.0%;371;61;0.2566710390969007;0.5066271203724695;3.576054117030237;9.967508555367004
Energetyczne;Prog_Energii_99.9%;371;632;0.025805740363285024;0.1606416520186624;2.8414102561920673;3.160504000786842
Energetyczne;Prog_Energii_99.99%;371;2889;0.0025815034407558842;0.05080849772189574;0.6616053732708567;0.9996190795234436
Energetyczne;Prog_Energii_99.0%;372;70;0.3366275894256075;0.5801961646078053;3.7011362293968144;9.955142459482555
Energetyczne;Prog_Energii_99.9%;372;728;0.033910684575289625;0.1841485394329524;2.9802555115548826;3.1596640163932923
Energetyczne;Prog_Energii_99.99%;372;3000;0.0033944363220727745;0.05826179127071854;0.6679281477551591;0.9996695383822563
Energetyczne;Prog_Energii_99.0%;373;139;0.33032085052658133;0.5747354613442442;3.665174820721281;9.977754027438046
Energetyczne;Prog_Energii_99.9%;373;1263;0.03317723570003726;0.1821461932076464;2.36362588068126;3.162167701657693
Energetyczne;Prog_Energii_99.99%;373;3453;0.003313757316393844;0.05756524399664996;0.3950210589715013;0.9993673329024002
Energetyczne;Prog_Energii_99.0%;374;71;0.40284286618264353;0.6346990359080779;4.652987401989373;9.950506091112684
Energetyczne;Prog_Energii_99.9%;374;676;0.0406502679887484;0.20161911612927083;3.5197796456213597;3.16088749096449
Energetyczne;Prog_Energii_99.99%;374;2926;0.004064154282830005;0.06375071986126905;0.7389296251912711;0.9994531114810894
Energetyczne;Prog_Energii_99.0%;375;113;0.2628145021969388;0.5126543691386418;3.387263718503309;9.971796614727243
Energetyczne;Prog_Energii_99.9%;375;1024;0.026385867348478826;0.16243727204209885;2.185062433417858;3.159616960207501
Energetyczne;Prog_Energii_99.99%;375;3298;0.0026413487537275807;0.051394053680631;0.3517454857060329;0.9996814254615839
Energetyczne;Prog_Energii_99.0%;376;48;0.3734260280442565;0.6110859416188991;3.791877603179052;9.895870224290041
Energetyczne;Prog_Energii_99.9%;376;463;0.03808609790445514;0.19515659841382546;3.2845009272846646;3.16034822565353
Energetyczne;Prog_Energii_99.99%;376;2541;0.003813034620299983;0.061749774253028515;1.0165270028634397;0.9999702345767044
Energetyczne;Prog_Energii_99.0%;377;135;0.43718731756443385;0.6612014198142907;4.10156394408089;9.975379213466894
Energetyczne;Prog_Energii_99.9%;377;1210;0.04389406248062713;0.20950909880152493;2.3654717909103877;3.1608109822327757
Energetyczne;Prog_Energii_99.99%;377;3447;0.004386728914559397;0.06623238569279682;0.39876216807661713;0.9992313139373086
Energetyczne;Prog_Energii_99.0%;378;70;0.47631027021973044;0.6901523529045818;4.136409651690939;9.895052387389889
Energetyczne;Prog_Energii_99.9%;378;736;0.048595200097617884;0.22044319018200104;3.2406834471950394;3.1606020121702487
Energetyczne;Prog_Energii_99.99%;378;2937;0.0048635673279497655;0.06973928109716765;0.6362230689918338;0.999886238177892
Energetyczne;Prog_Energii_99.0%;379;93;0.3287884427455324;0.573400769746198;3.4599487259510644;9.97104980452878
Energetyczne;Prog_Energii_99.9%;379;834;0.03303472364542576;0.18175456980616955;2.6215210102515236;3.160588480793605
Energetyczne;Prog_Energii_99.99%;379;3087;0.0033036609381176824;0.05747748200919802;0.5283098598968543;0.9994943606481278
Energetyczne;Prog_Energii_99.0%;380;103;0.41126780935296375;0.6413016523859608;3.9654285753307654;9.957120267262686
Energetyczne;Prog_Energii_99.9%;380;993;0.04146075142500713;0.20361913324883577;2.6823336401617905;3.1614766482064787
Energetyczne;Prog_Energii_99.99%;380;3246;0.004140889605157897;0.06434974440631366;0.4247091035065167;0.9991213056093262
Energetyczne;Prog_Energii_99.0%;381;68;0.42470154671885113;0.6516912971022792;3.9490969456993144;9.886741679036172
Energetyczne;Prog_Energii_99.9%;381;659;0.04344297067793716;0.20842977397180365;3.338863900197614;3.1620666758047964
Energetyczne;Prog_Energii_99.99%;381;2876;0.004341000664932033;0.06588627068617584;0.6866286870131759;0.9995538399326517
Energetyczne;Prog_Energii_99.0%;382;44;0.49113760913545884;0.7008121068699219;4.5423997523923365;9.757634847176892
Energetyczne;Prog_Energii_99.9%;382;409;0.05147677861832275;0.22688494577279195;3.407908119134733;3.1589928762223134
Energetyczne;Prog_Energii_99.99%;382;2458;0.00515339626459576;0.07178715946877798;1.0759544010000415;0.9995159643302334
Energetyczne;Prog_Energii_99.0%;383;63;0.396604795847032;0.6297656674089435;4.011036784088415;9.965941658076597
Energetyczne;Prog_Energii_99.9%;383;600;0.039888049172219386;0.19971992682809442;3.5152791518258715;3.1605361195907102
Energetyczne;Prog_Energii_99.99%;383;2816;0.0039881138003245165;0.06315151463206972;0.7683125028977067;0.999362688397706
Energetyczne;Prog_Energii_99.0%;384;91;0.32583500655261816;0.5708195919488207;4.207225112902536;9.981285552299575
Energetyczne;Prog_Energii_99.9%;384;851;0.03270476085963629;0.18084457652812344;3.3061650781896676;3.162227408399349
Energetyczne;Prog_Energii_99.99%;384;3143;0.0032669518718238407;0.05715725563586692;0.6337677147183043;0.9994451801130941
Energetyczne;Prog_Energii_99.0%;385;90;0.38642822569792884;0.6216335139758223;3.991649625156288;9.930727749019795
Energetyczne;Prog_Energii_99.9%;385;851;0.039167062087753765;0.19790670046199488;3.2009957187556934;3.161601679782216
Energetyczne;Prog_Energii_99.99%;385;3120;0.003915299069522854;0.06257235067921657;0.5700378426029262;0.9996066255135365
Energetyczne;Prog_Energii_99.0%;386;64;0.4917169278751687;0.701225304645496;4.320230041023854;9.943341477074572
Energetyczne;Prog_Energii_99.9%;386;632;0.049616212901224206;0.22274697057698498;3.5978451628641483;3.158541451310802
Energetyczne;Prog_Energii_99.99%;386;2870;0.004968771873378253;0.07048951605294403;0.7815489750784099;0.9995379859009687
Energetyczne;Prog_Energii_99.0%;387;77;0.36014468238524816;0.6001205565428068;3.649453513655983;9.958756869551427
Energetyczne;Prog_Energii_99.9%;387;761;0.036296202176974546;0.19051562187121177;2.872250756616544;3.161529358362277
Energetyczne;Prog_Energii_99.99%;387;3047;0.003627825070309449;0.06023142925673812;0.6180266522169227;0.9995161027793513
Energetyczne;Prog_Energii_99.0%;388;86;0.3588586661369366;0.5990481334057695;4.622862234439182;9.90126353954515
Energetyczne;Prog_Energii_99.9%;388;804;0.036566056262993;0.19122253074100082;3.091527427287163;3.1605885503743867
Energetyczne;Prog_Energii_99.99%;388;3059;0.0036563438609699007;0.0604677092419574;0.6214986718172835;0.9994300815752177
Energetyczne;Prog_Energii_99.0%;389;95;0.31348788175593045;0.5598998854759041;3.966323198527873;9.962507217873977
Energetyczne;Prog_Energii_99.9%;389;853;0.03156699886292535;0.17767104114887533;2.947907817047752;3.1613670153698057
Energetyczne;Prog_Energii_99.99%;389;3103;0.003155876805085904;0.056177191146281995;0.5168824248847366;0.9995816873565091
Energetyczne;Prog_Energii_99.0%;390;66;0.3367138128223539;0.5802704652335443;3.336564006121269;9.875725164291788
Energetyczne;Prog_Energii_99.9%;390;650;0.03446590248612528;0.18564994609782487;2.7193700054446097;3.159609103471765
Energetyczne;Prog_Energii_99.99%;390;2882;0.0034475232904406985;0.05871561368529412;0.5797932591729138;0.9992913621328559
Energetyczne;Prog_Energii_99.0%;391;107;0.39986102698255427;0.6323456546719952;4.040007291485877;9.962459991944199
Energetyczne;Prog_Energii_99.9%;391;1039;0.04024867780613464;0.20062073124713367;2.8290138621610605;3.160733364477525
Energetyczne;Prog_Energii_99.99%;391;3300;0.004022796321148407;0.06342551790209053;0.512747379364606;0.999254410778987
Energetyczne;Prog_Energii_99.0%;392;86;0.38558126020787475;0.6209518984654727;4.252606868449705;9.963841951593569
Energetyczne;Prog_Energii_99.9%;392;813;0.038823325967643436;0.19703635696907165;3.25028358816174;3.1616605479575095
Energetyczne;Prog_Energii_99.99%;392;3057;0.003881872331941821;0.062304673435801115;0.7086990008016292;0.9997455849545018
Energetyczne;Prog_Energii_99.0%;393;63;0.4511197212353145;0.6716544656557526;4.987113056368454;9.973838994499474
Energetyczne;Prog_Energii_99.9%;393;653;0.04530589320354728;0.21285181043051357;3.2423107986888313;3.1607765532370555
Energetyczne;Prog_Energii_99.99%;393;2896;0.004532009431785789;0.06732020077053981;0.736639976733235;0.999681946441314
Energetyczne;Prog_Energii_99.0%;394;133;0.3674856198228964;0.6062059219629056;4.644005927676315;9.970275794948028
Energetyczne;Prog_Energii_99.9%;394;1167;0.03695343215988802;0.19223275516906066;2.925860883880862;3.161654342887689
Energetyczne;Prog_Energii_99.99%;394;3382;0.0036867402968068968;0.06071853338814185;0.44677861473437464;0.9986384194075529
Energetyczne;Prog_Energii_99.0%;395;52;0.43878061810242724;0.662405176687522;4.214341587811678;9.805723284698463
Energetyczne;Prog_Energii_99.9%;395;470;0.04553020634653942;0.21337808309791195;3.5665814125601853;3.158680685952032
Energetyczne;Prog_Energii_99.99%;395;2539;0.004561357713915784;0.06753782432027097;1.0670510801563333;0.9997766319503921
Energetyczne;Prog_Energii_99.0%;396;70;0.36352918082107977;0.6029338113102298;3.747379880072357;9.911664591796711
Energetyczne;Prog_Energii_99.9%;396;651;0.03699665880414127;0.19234515539555777;3.141946696938629;3.161973388081976
Energetyczne;Prog_Energii_99.99%;396;2898;0.003697476505910162;0.06080687877132128;0.7513976079490412;0.9996078772654401
Energetyczne;Prog_Energii_99.0%;397;49;0.4331362224620057;0.6581308551207774;3.3773588847137708;9.970378770343128
Energetyczne;Prog_Energii_99.9%;397;466;0.04349752159580186;0.20856059454221418;2.939502276031714;3.159596770116826
Energetyczne;Prog_Energii_99.99%;397;2602;0.004353981087277852;0.06598470343403728;0.8184526675444084;0.9996378093614514
Energetyczne;Prog_Energii_99.0%;398;101;0.3597244336250631;0.5997703173924691;3.6138084580945855;9.958610861483058
Energetyczne;Prog_Energii_99.9%;398;926;0.03624483386313564;0.19038076022312667;2.541582296888381;3.1610899232527383
Energetyczne;Prog_Energii_99.99%;398;3273;0.00362586712361464;0.06021517353304431;0.44466229882632113;0.9998152022249305
Energetyczne;Prog_Energii_99.0%;399;92;0.4085336258520028;0.6391663522526846;4.130260962936179;9.926129705759344
Energetyczne;Prog_Energii_99.9%;399;892;0.04140781429949984;0.20348910118111938;2.903098680313629;3.160146345178161
Energetyczne;Prog_Energii_99.99%;399;3180;0.004139359188687138;0.06433785191228518;0.5403497823173065;0.9991543841763573
Energetyczne;Prog_Energii_99.0%;400;105;0.2785148555375845;0.5277450668055406;4.220224560594799;9.9576265244858
Energetyczne;Prog_Energii_99.9%;400;966;0.028043917903637156;0.16746318372596752;3.2132432285927672;3.159737428221141
Energetyczne;Prog_Energii_99.99%;400;3259;0.0028080546438562838;0.05299108079532143;0.5153060643873228;0.9998490272635611
Energetyczne;Prog_Energii_99.0%;401;47;0.498269479389916;0.7058820577050503;4.576861353370724;9.967882031582874
Energetyczne;Prog_Energii_99.9%;401;461;0.05005855255329349;0.22373768693113255;3.6236357583153698;3.1594383863495596
Energetyczne;Prog_Energii_99.99%;401;2567;0.005010300583648208;0.0707834767699935;1.0959639571893085;0.9995456585516409
Energetyczne;Prog_Energii_99.0%;402;50;0.3127912885461505;0.5592774700863163;2.798885489879397;9.925666506677256
Energetyczne;Prog_Energii_99.9%;402;475;0.03173528742301112;0.17814400754168275;2.3193571821672494;3.1615756106693254
Energetyczne;Prog_Energii_99.99%;402;2580;0.0031747216527973727;0.056344668361765805;0.6516313479371867;0.999965880087934
Energetyczne;Prog_Energii_99.0%;403;31;0.4351169829649547;0.6596339765089081;4.7177965093208725;9.914430827078602
Energetyczne;Prog_Energii_99.9%;403;343;0.04419957920506025;0.21023695965519537;3.4663491672831332;3.1599036253836763
Energetyczne;Prog_Energii_99.99%;403;2285;0.004425787662190284;0.06652659364637786;1.2746554481347327;0.999908031358468
Energetyczne;Prog_Energii_99.0%;404;77;0.4165288902764296;0.6453904944112747;4.49729301968383;9.985694638802194
Energetyczne;Prog_Energii_99.9%;404;757;0.04177057086069685;0.20437849901762378;3.3707996305822228;3.1622115596672975
Energetyczne;Prog_Energii_99.99%;404;3041;0.004172964460154925;0.06459848651597748;0.7836510345069048;0.9994890939101245
Energetyczne;Prog_Energii_99.0%;405;37;0.48592848367957314;0.6970857075565193;3.617334466020969;9.84302644946157
Energetyczne;Prog_Energii_99.9%;405;346;0.04995507424014149;0.2235063181213039;3.043981006765981;3.155965725651308
Energetyczne;Prog_Energii_99.99%;405;2298;0.00500873060588836;0.07077238589936304;1.0805316427680705;0.9993239837619973
Energetyczne;Prog_Energii_99.0%;406;64;0.29882431924083624;0.5466482591583333;3.452710872909405;9.857961673631703
Energetyczne;Prog_Energii_99.9%;406;612;0.030719398692379184;0.1752695030299886;2.8654722378729134;3.160716264031231
Energetyczne;Prog_Energii_99.99%;406;2860;0.0030729377162088426;0.05543408442654071;0.7190144969966741;0.9996685629825112
Energetyczne;Prog_Energii_99.0%;407;104;0.4024162714279506;0.6343628862314934;3.913390422779055;9.958305441160302
Energetyczne;Prog_Energii_99.9%;407;997;0.04057333164945555;0.2014282295247008;2.8545896307753935;3.1620447501197635
Energetyczne;Prog_Energii_99.99%;407;3285;0.004057347902745315;0.06369731472162163;0.4643411378764022;0.9999281634331744
Energetyczne;Prog_Energii_99.0%;408;57;0.3238884783650496;0.5691120086283978;3.658706420709163;9.950493090141412
Energetyczne;Prog_Energii_99.9%;408;551;0.03267233667987732;0.18075490776152475;3.145818647722467;3.160362869560529
Energetyczne;Prog_Energii_99.99%;408;2735;0.003268113634888266;0.05716741759856104;0.8282771071075277;0.9995290648789266
Energetyczne;Prog_Energii_99.0%;409;82;0.46639209140581844;0.6829290529812144;3.961789091851333;9.953415764124374
Energetyczne;Prog_Energii_99.9%;409;754;0.046996312563714164;0.21678632928234695;2.9998119894227955;3.1595733962498795
Energetyczne;Prog_Energii_99.99%;409;3029;0.00470643918679944;0.06860349252625146;0.6018027901685503;0.9998682601127573
Energetyczne;Prog_Energii_99.0%;410;168;0.4135654497565252;0.6430905455350165;3.9524724329632805;9.971433636504209
Energetyczne;Prog_Energii_99.9%;410;1436;0.04156803088009615;0.20388239472817693;2.194598220021576;3.1612963101365863
Energetyczne;Prog_Energii_99.99%;410;3581;0.004155345408841717;0.06446196870125606;0.39757860262266886;0.9995143723474111
Energetyczne;Prog_Energii_99.0%;411;111;0.35762704758858427;0.59801927024853;4.536738085028661;9.996140543922102
Energetyczne;Prog_Energii_99.9%;411;1002;0.035738415381849645;0.18904606682459607;3.0602466546145806;3.1599835444583606
Energetyczne;Prog_Energii_99.99%;411;3313;0.0035778254295793645;0.05981492647809044;0.5859555378054466;0.9998313456535799
Energetyczne;Prog_Energii_99.0%;412;64;0.47500529716887324;0.6892062805640073;4.228911862716704;9.915112913652981
Energetyczne;Prog_Energii_99.9%;412;637;0.048277804256492494;0.21972210689070978;3.594731417506356;3.1609832366360613
Energetyczne;Prog_Energii_99.99%;412;2839;0.004828420548230507;0.06948683723001434;0.8086238960307122;0.9996569337476207
Energetyczne;Prog_Energii_99.0%;413;86;0.412046175962885;0.6419082301722615;4.205857059206146;9.940608476825217
Energetyczne;Prog_Energii_99.9%;413;812;0.041658015695224336;0.20410295366609552;2.931331600928635;3.1607439443700223
Energetyczne;Prog_Energii_99.99%;413;3086;0.004164926430129785;0.06453624121476076;0.6355947545579728;0.999410003373423
Energetyczne;Prog_Energii_99.0%;414;76;0.34820260148017085;0.5900869440007726;3.9211671579444034;9.952074469252649
Energetyczne;Prog_Energii_99.9%;414;765;0.03511752705502368;0.18739671036339908;2.9302784937335846;3.1605275049553976
Energetyczne;Prog_Energii_99.99%;414;2997;0.0035128130785458877;0.0592689891810708;0.565902340147177;0.9995974322837652
Energetyczne;Prog_Energii_99.0%;415;82;0.41989469542603386;0.6479928205050067;3.5406152072231816;9.955810641741367
Energetyczne;Prog_Energii_99.9%;415;763;0.04231529169051946;0.2057068100246549;2.655881147711713;3.160494967715935
Energetyczne;Prog_Energii_99.99%;415;3095;0.004236302921726567;0.06508688747917331;0.5453649702939636;0.9999998557051449
Energetyczne;Prog_Energii_99.0%;416;98;0.36743500600252343;0.6061641741331497;4.2507189931915415;9.920859832797714
Energetyczne;Prog_Energii_99.9%;416;879;0.0373177940792738;0.19317814079049886;3.1497647779103586;3.161673585021251
Energetyczne;Prog_Energii_99.99%;416;3141;0.0037287653545236437;0.06106361727349309;0.6208170789623875;0.9994051342942938
Energetyczne;Prog_Energii_99.0%;417;78;0.44032968239310155;0.6635734189922782;4.5826244746912375;9.927956295377445
Energetyczne;Prog_Energii_99.9%;417;812;0.04460476720901173;0.21119840721229818;3.5794011354174877;3.159813965485897
Energetyczne;Prog_Energii_99.99%;417;3077;0.004464498871816987;0.0668169055839687;0.6895180160379599;0.9996713241428402
Energetyczne;Prog_Energii_99.0%;418;97;0.34461984142839835;0.5870433045597219;3.799631568525912;9.966791375099508
Energetyczne;Prog_Energii_99.9%;418;1018;0.03466497538311876;0.18618532536996238;2.7561335273063046;3.1610449870630504
Energetyczne;Prog_Energii_99.99%;418;3261;0.0034609426584922614;0.05882977697129457;0.5146645264979064;0.9988089620684459
Energetyczne;Prog_Energii_99.0%;419;100;0.4200877947900732;0.6481418014524856;4.212847126758657;9.943021505783523
Energetyczne;Prog_Energii_99.9%;419;992;0.04246303852907479;0.20606561704727647;2.9302491460355484;3.1612138845419384
Energetyczne;Prog_Energii_99.99%;419;3301;0.0042431227909367625;0.06513925691114969;0.4555306964831791;0.9992890921197591
Energetyczne;Prog_Energii_99.0%;420;95;0.25215609630984953;0.5021514674974569;4.028075487814336;9.965836773144057
Energetyczne;Prog_Energii_99.9%;420;928;0.025329022609817876;0.1591509428492897;2.860173565470268;3.1585535866945
Energetyczne;Prog_Energii_99.99%;420;3231;0.0025351529664127035;0.05035030254539394;0.4923151739946956;0.9992660165796625
Energetyczne;Prog_Energii_99.0%;421;64;0.30638937250225373;0.553524500363131;4.2719704920321835;9.931040362428744
Energetyczne;Prog_Energii_99.9%;421;602;0.030993437198043535;0.1760495305249166;3.380627378399624;3.1585864623564044
Energetyczne;Prog_Energii_99.99%;421;2792;0.0031030702229370532;0.055705208220928976;0.8348390872372127;0.9994330348098742
Energetyczne;Prog_Energii_99.0%;422;50;0.3766804069243182;0.6137429485740087;3.3929154969976585;9.916460461272372
Energetyczne;Prog_Energii_99.9%;422;471;0.038238650403690656;0.19554705419333387;2.8852792295096608;3.159522460880297
Energetyczne;Prog_Energii_99.99%;422;2603;0.0038262957305610144;0.061857058857991414;0.7981783748749658;0.9994462337059375
Energetyczne;Prog_Energii_99.0%;423;127;0.30711053410050443;0.5541755444807218;4.116731330166091;9.995529796599435
Energetyczne;Prog_Energii_99.9%;423;1163;0.030719185832894413;0.17526889579413232;2.6821024530119537;3.1612825354264156
Energetyczne;Prog_Energii_99.99%;423;3368;0.0030691540552580075;0.05539994634706795;0.42593865835650746;0.9992353866156415
Energetyczne;Prog_Energii_99.0%;424;201;0.24517586972716732;0.49515237021261177;3.7030855114985357;9.974727453289686
Energetyczne;Prog_Energii_99.9%;424;1651;0.0246273352345011;0.15693098876417333;1.8135302369592416;3.161337673140406
Energetyczne;Prog_Energii_99.99%;424;3746;0.0024601371181015934;0.049599769335165196;0.254735775226262;0.999175628810727
Energetyczne;Prog_Energii_99.0%;425;84;0.39252604657809587;0.6265189913945912;3.4376257924950036;9.931249377504088
Energetyczne;Prog_Energii_99.9%;425;815;0.039762592191083045;0.19940559719095913;2.6037504591902576;3.1608725995127753
Energetyczne;Prog_Energii_99.99%;425;3111;0.003976577810116152;0.06306011267129287;0.5165102667874022;0.9995957238552141
Energetyczne;Prog_Energii_99.0%;426;65;0.34539131696559683;0.5877000229416337;4.0165230392047855;9.996663202251087
Energetyczne;Prog_Energii_99.9%;426;635;0.034547459271359535;0.1858694683678832;3.0060959562183465;3.1616035431731153
Energetyczne;Prog_Energii_99.99%;426;2867;0.0034545196569873097;0.058775161905241145;0.7114198756804324;0.9997540842070478
Energetyczne;Prog_Energii_99.0%;427;83;0.40823822762286927;0.6389352295991114;4.420870597522072;9.94713104306633
Energetyczne;Prog_Energii_99.9%;427;794;0.04118474523917234;0.20294025041664934;3.2049722313904754;3.159433337356727
Energetyczne;Prog_Energii_99.99%;427;3040;0.004119753476392847;0.06418530576691871;0.6409157515206587;0.9992556646209843
Energetyczne;Prog_Energii_99.0%;428;115;0.33189567201964637;0.5761038725955991;3.7779240555797617;9.984344884133915
Energetyczne;Prog_Energii_99.9%;428;1067;0.03328317846614178;0.1824367793679273;2.5140409779533703;3.161776567398042
Energetyczne;Prog_Energii_99.99%;428;3374;0.003325657199870652;0.05766851133738977;0.4331138026690584;0.999441825573808
Energetyczne;Prog_Energii_99.0%;429;100;0.3622663034179233;0.6018856232025511;4.341730077518093;9.937941471877465
Energetyczne;Prog_Energii_99.9%;429;964;0.0366285686107348;0.19138591539278643;2.889561766394694;3.1600389715159127
Energetyczne;Prog_Energii_99.99%;429;3232;0.003662629047546078;0.06051965835615794;0.45350848430830615;0.9992609882278516
Energetyczne;Prog_Energii_99.0%;430;95;0.39352241343228606;0.6273136483708018;4.067171144400179;9.975997323824926
Energetyczne;Prog_Energii_99.9%;430;874;0.03949052019803065;0.1987222186823372;2.8510023923518384;3.1602250754597487
Energetyczne;Prog_Energii_99.99%;430;3179;0.003952849398240571;0.06287168995852244;0.5099717593992306;0.9998312843973561
Energetyczne;Prog_Energii_99.0%;431;71;0.3996631522234387;0.6321891743959546;4.184634832004751;9.975712264604086
Energetyczne;Prog_Energii_99.9%;431;685;0.040129598366780365;0.2003237339078432;3.284514401927213;3.1610347189908232
Energetyczne;Prog_Energii_99.99%;431;2955;0.00401335314066333;0.06335103109392404;0.6519838720566955;0.9996559312531892
Energetyczne;Prog_Energii_99.0%;432;88;0.48808511996644155;0.6986308896451985;4.378297461749864;9.94990450743942
Energetyczne;Prog_Energii_99.9%;432;880;0.04923868989623276;0.22189792675064082;2.992434882418875;3.16027134541522
Energetyczne;Prog_Energii_99.99%;432;3132;0.004924155048070195;0.07017232394662581;0.6149727974566623;0.9993945768539064
Energetyczne;Prog_Energii_99.0%;433;110;0.40455351093485414;0.6360452113921259;3.7821080131895277;9.948137980522416
Energetyczne;Prog_Energii_99.9%;433;1051;0.04084911028883929;0.20211162828704163;2.348064882007963;3.16115007181145
Energetyczne;Prog_Energii_99.99%;433;3330;0.004082217566427175;0.0638922340071716;0.3702118502301883;0.9993138041177907
Energetyczne;Prog_Energii_99.0%;434;68;0.48802212773135323;0.69858580556103;4.731458256903284;9.889239812705304
Energetyczne;Prog_Energii_99.9%;434;648;0.049853107517404974;0.22327809457581138;3.8044953422058656;3.160743611746909
Energetyczne;Prog_Energii_99.99%;434;2902;0.004984647429578257;0.07060203559089678;0.7825568060024877;0.9994483936913273
Energetyczne;Prog_Energii_99.0%;435;64;0.37196545882206905;0.6098897103756293;3.344399850986746;9.907402201464775
Energetyczne;Prog_Energii_99.9%;435;600;0.03784251046198871;0.19453151534388638;2.8130625159389533;3.1600827667436446
Energetyczne;Prog_Energii_99.99%;435;2794;0.003785574340037149;0.06152702121862515;0.6368950055091052;0.9994806193656595
Energetyczne;Prog_Energii_99.0%;436;74;0.3957222883014493;0.6290646137730601;4.465877815925918;9.88932055509517
Energetyczne;Prog_Energii_99.9%;436;720;0.040403326093884535;0.20100578621991094;3.4214077107046608;3.159946704735086
Energetyczne;Prog_Energii_99.99%;436;2954;0.004041711364710003;0.06357445528441438;0.7460716625966448;0.9994333708459863
Energetyczne;Prog_Energii_99.0%;437;120;0.2478054212076068;0.4978005837758799;3.8221157767331944;9.956078123470608
Energetyczne;Prog_Energii_99.9%;437;1106;0.02497772868402924;0.15804343923121023;2.5976577545686537;3.160889880748568
Energetyczne;Prog_Energii_99.99%;437;3365;0.0024965998240598438;0.049965986671533305;0.4059500674356311;0.9993264030442475
Energetyczne;Prog_Energii_99.0%;438;73;0.3422484313998154;0.5850200264946623;5.2046912638087655;9.995294935271515
Energetyczne;Prog_Energii_99.9%;438;813;0.0342378001923954;0.18503459188053298;2.3308249363000013;3.1613880470985842
Energetyczne;Prog_Energii_99.99%;438;3094;0.0034206820978218188;0.0584865975914296;0.48914340416778823;0.999266292112503
Energetyczne;Prog_Energii_99.0%;439;76;0.3593302338889158;0.5994416017335765;4.301502733311166;9.911582970089338
Energetyczne;Prog_Energii_99.9%;439;738;0.036506201059713486;0.19106595997119288;3.089848102010496;3.1592170272091593
Energetyczne;Prog_Energii_99.99%;439;3002;0.003653611431565085;0.06044511089877398;0.6865985978290665;0.9994413635570862
Energetyczne;Prog_Energii_99.0%;440;79;0.34882731414877494;0.5906160463014656;4.801169343389946;9.942391528952896
Energetyczne;Prog_Energii_99.9%;440;735;0.035264459470957674;0.1877883368874587;3.5130403017271266;3.1612164647369303
Energetyczne;Prog_Energii_99.99%;440;3035;0.0035276112972357303;0.059393697453818534;0.8271389288017996;0.9998295815630828
Energetyczne;Prog_Energii_99.0%;441;134;0.3122757236237609;0.5588163594811455;4.113558844048736;9.940139317557888
Energetyczne;Prog_Energii_99.9%;441;1273;0.03158222534920359;0.17771388620252382;2.807284200150801;3.1611472311903874
Energetyczne;Prog_Energii_99.99%;441;3462;0.0031587193012172846;0.056202484831342506;0.3803140406969938;0.9997211422643179
Energetyczne;Prog_Energii_99.0%;442;84;0.3404632649262301;0.5834923006571981;4.603614285087858;9.951306429072815
Energetyczne;Prog_Energii_99.9%;442;854;0.0343330362580141;0.18529175982221688;3.4363972755025225;3.160101819160647
Energetyczne;Prog_Energii_99.99%;442;3139;0.0034319016506142988;0.05858243465932684;0.6058865387092613;0.9991078853988056
Energetyczne;Prog_Energii_99.0%;443;99;0.41254219307667334;0.6422944753589847;4.134849460650167;9.987973115063365
Energetyczne;Prog_Energii_99.9%;443;977;0.0413336229838973;0.20330672144298942;3.095560353820762;3.1615125861845854
Energetyczne;Prog_Energii_99.99%;443;3259;0.0041323788218122996;0.06428358127712161;0.5045816274507793;0.9996391159631666
Energetyczne;Prog_Energii_99.0%;444;59;0.4205792578450035;0.6485208229848934;3.920963841921254;9.966778336122317
Energetyczne;Prog_Energii_99.9%;444;581;0.04229227304446075;0.20565085228235927;3.4562822260923958;3.1605407053840335
Energetyczne;Prog_Energii_99.99%;444;2796;0.004230882245707332;0.0650452323057373;0.937199231080593;0.9996462553492556
Energetyczne;Prog_Energii_99.0%;445;87;0.3263034774453339;0.5712297939055122;4.1180551328868376;9.965247592253125
Energetyczne;Prog_Energii_99.9%;445;795;0.03284987791892996;0.18124535282023085;3.0713845338834576;3.161870818134587
Energetyczne;Prog_Energii_99.99%;445;3069;0.003280275918575208;0.057273693076099155;0.5631792990012259;0.9991539974199058
Energetyczne;Prog_Energii_99.0%;446;30;0.39635662334360455;0.6295686009829307;2.4215703439192997;9.840950635780159
Energetyczne;Prog_Energii_99.9%;446;325;0.04079123544149539;0.20196840208680017;2.2134086695782353;3.157020651634257
Energetyczne;Prog_Energii_99.99%;446;2174;0.004090707087513573;0.06395863575400568;0.8501954904949365;0.9997540795464144
Energetyczne;Prog_Energii_99.0%;447;66;0.3606590641673341;0.600548969000309;3.528077281394818;9.911426660606745
Energetyczne;Prog_Energii_99.9%;447;661;0.03670814262071419;0.19159369149508598;2.785716629331871;3.1620515893142462
Energetyczne;Prog_Energii_99.99%;447;2898;0.0036663980012753596;0.06055078860985511;0.6321150178631649;0.9993268351580042
Energetyczne;Prog_Energii_99.0%;448;90;0.3397077118734741;0.5828445005946904;3.9641730198989578;9.948798915322964
Energetyczne;Prog_Energii_99.9%;448;876;0.03428886979525463;0.18517254060808971;2.8437596489764854;3.16078193972779
Energetyczne;Prog_Energii_99.99%;448;3183;0.003430297132170152;0.05856873852295397;0.5352207522353325;0.9997325216150577
Energetyczne;Prog_Energii_99.0%;449;76;0.36661064381956737;0.6054838097088703;4.45130064685187;9.900645889397127
Energetyczne;Prog_Energii_99.9%;449;720;0.03732257144952914;0.19319050558847126;3.398931557822185;3.1589792399977195
Energetyczne;Prog_Energii_99.99%;449;2982;0.003737491333253142;0.061135025421219395;0.6908265349223024;0.9996571806367782
Energetyczne;Prog_Energii_99.0%;450;76;0.4099175514928138;0.6402480390386321;4.509867731590722;9.90689220928077
Energetyczne;Prog_Energii_99.9%;450;732;0.041694132293509524;0.2041914109200226;3.3113240268742503;3.1595603183464958
Energetyczne;Prog_Energii_99.99%;450;2991;0.004174796713815157;0.06461266682172434;0.6989546560151574;0.9997855308048373
Energetyczne;Prog_Energii_99.0%;451;149;0.3101946292350033;0.5569511910706388;4.376893872687503;9.964899975516445
Energetyczne;Prog_Energii_99.9%;451;1311;0.031223922986757576;0.17670292297174253;2.619360730949915;3.161546255803721
Energetyczne;Prog_Energii_99.99%;451;3483;0.003119452708493064;0.05585206091535982;0.3728630924309311;0.9992979804534124
Energetyczne;Prog_Energii_99.0%;452;61;0.33358789314004705;0.5775706823757998;3.6526344525414114;9.982894835880522
Energetyczne;Prog_Energii_99.9%;452;577;0.03344913123209528;0.1828910365001393;3.1571309724402887;3.161140340946393
Energetyczne;Prog_Energii_99.99%;452;2790;0.003345239033561765;0.057838041404959115;0.8091829330345419;0.9996890466876697
Energetyczne;Prog_Energii_99.0%;453;116;0.3994483507350269;0.6320192645284057;3.8811054561158365;9.958118680545763
Energetyczne;Prog_Energii_99.9%;453;1066;0.04022455839265183;0.20056061027193706;2.5807874405092894;3.1600403212723136
Energetyczne;Prog_Energii_99.99%;453;3321;0.004025821916651712;0.0634493649822574;0.43623766264521535;0.9997105185868682
Energetyczne;Prog_Energii_99.0%;454;92;0.39656099553453467;0.6297308913611708;4.683364779005259;9.898524819051904
Energetyczne;Prog_Energii_99.9%;454;857;0.04044532713141385;0.20111023626711258;3.1238076796666885;3.161183121813344
Energetyczne;Prog_Energii_99.99%;454;3137;0.004046678271095279;0.06361350698629402;0.5951970549674641;0.9999189913801156
Energetyczne;Prog_Energii_99.0%;455;97;0.35541614074881045;0.5961678796688148;4.44896279430508;9.976715335294788
Energetyczne;Prog_Energii_99.9%;455;863;0.03569682506957303;0.1889360343332447;3.120354344004479;3.1617956877673534
Energetyczne;Prog_Energii_99.99%;455;3138;0.003568510773013405;0.059737013425625866;0.5839914261427701;0.9996834754989359
Energetyczne;Prog_Energii_99.0%;456;41;0.3360677587102099;0.5797135143415322;2.7204598365942667;9.90563570788385
Energetyczne;Prog_Energii_99.9%;456;393;0.034210415329916526;0.1849605777724446;2.3212580557720566;3.160444009684
Energetyczne;Prog_Energii_99.99%;456;2402;0.0034250009255163945;0.05852350746081778;0.792816868637841;0.9999983283345569
Energetyczne;Prog_Energii_99.0%;457;108;0.3853675060445661;0.6207797564712997;3.8468262100464394;9.900315057090731
Energetyczne;Prog_Energii_99.9%;457;1034;0.03928128458040265;0.1981950669931082;2.4203285045719936;3.1608530812065756
Energetyczne;Prog_Energii_99.99%;457;3307;0.003929225541320576;0.0626835348502346;0.4046298556662189;0.9996890804510964
Energetyczne;Prog_Energii_99.0%;458;81;0.28465369414771474;0.533529468865324;3.080856678236958;9.964267867887182
Energetyczne;Prog_Energii_99.9%;458;778;0.0286111887907757;0.16914842237152466;2.1750234285133416;3.1590386066675524
Energetyczne;Prog_Energii_99.99%;458;3095;0.0028666363541120883;0.053540978270032465;0.4369510028316146;0.999938486108249
Energetyczne;Prog_Energii_99.0%;459;35;0.4325083903034182;0.657653700896922;3.2734534504500674;9.839441862228027
Energetyczne;Prog_Energii_99.9%;459;318;0.04446511235615952;0.21086752323712515;2.6948311493400596;3.1548803461366197
Energetyczne;Prog_Energii_99.99%;459;2184;0.004461725763697595;0.06679615081498032;1.0665223070854766;0.9993661431058025
Energetyczne;Prog_Energii_99.0%;460;44;0.42619818237775337;0.6528385576677846;2.8974619438053475;9.867732818761786
Energetyczne;Prog_Energii_99.9%;460;407;0.04373340640219298;0.2091253365859646;2.4234369709779804;3.160954454706159
Energetyczne;Prog_Energii_99.99%;460;2410;0.00437594371425437;0.06615091620117117;0.7977851417839519;0.9998790039629257
Energetyczne;Prog_Energii_99.0%;461;51;0.3852838020402561;0.6207123343709677;2.8718614127592703;9.985906016594598
Energetyczne;Prog_Energii_99.9%;461;503;0.03859505482313782;0.19645624149702604;2.4016139948968043;3.1605519261201773
Energetyczne;Prog_Energii_99.99%;461;2603;0.003861886451232244;0.06214407816704858;0.7221844435620675;0.9997625142940623
Energetyczne;Prog_Energii_99.0%;462;58;0.32647181681680826;0.5713771231129299;4.234576650707095;9.868619558931625
Energetyczne;Prog_Energii_99.9%;462;590;0.03344965781401492;0.18289247610007067;3.2648432161932694;3.1588528728439536
Energetyczne;Prog_Energii_99.99%;462;2836;0.0033481585850894994;0.05786327492537473;0.8688026562627704;0.9993936116331515
Energetyczne;Prog_Energii_99.0%;463;102;0.2705892504685312;0.520181939775432;3.8385909946265326;9.961699030634797
Energetyczne;Prog_Energii_99.9%;463;955;0.02725573489927631;0.16509310978740546;2.850035098109066;3.161601251369233
Energetyczne;Prog_Energii_99.99%;463;3215;0.0027252144199037295;0.05220358627435216;0.544912550176484;0.9997202421317799
Energetyczne;Prog_Energii_99.0%;464;79;0.42367810096422026;0.6509056006551336;4.2346753612386365;9.970291240803686
Energetyczne;Prog_Energii_99.9%;464;744;0.04258369703499433;0.20635817656442482;3.5556166177946507;3.160905541752429
Energetyczne;Prog_Energii_99.99%;464;2987;0.004259426472760612;0.06526428175319646;0.7201975377887635;0.9996901179622788
Energetyczne;Prog_Energii_99.0%;465;61;0.43123755964025806;0.6566868048318453;3.9309615985743984;9.996046164797576
Energetyczne;Prog_Energii_99.9%;465;610;0.043102845899281476;0.20761224891436794;2.880315357728868;3.1602608873142812
Energetyczne;Prog_Energii_99.99%;465;2855;0.004310023135179839;0.06565076644777149;0.696232267962122;0.9993319301341985
Energetyczne;Prog_Energii_99.0%;466;46;0.3747858050271795;0.6121975212520706;3.260965875692065;9.827304063355143
Energetyczne;Prog_Energii_99.9%;466;421;0.03875570388871197;0.1968646842090068;2.7768606327966987;3.16017142163781
Energetyczne;Prog_Energii_99.99%;466;2501;0.0038797779530900167;0.06228786360993622;0.8633069986294872;0.9998762717949616
Energetyczne;Prog_Energii_99.0%;467;44;0.39790175318938087;0.6307945411854646;3.4183955552786096;9.855468759342774
Energetyczne;Prog_Energii_99.9%;467;431;0.0409476042511178;0.20235514387115985;3.0981879280530213;3.1615758674236334
Energetyczne;Prog_Energii_99.99%;467;2501;0.004093854396960756;0.06398323528050731;0.8799964505580187;0.9996674594609645
Energetyczne;Prog_Energii_99.0%;468;124;0.38289788294614835;0.6187874295314574;4.212172313194663;9.975685094688655
Energetyczne;Prog_Energii_99.9%;468;1090;0.03843602247603476;0.19605107109127143;2.9416922282596696;3.1606067840838676
Energetyczne;Prog_Energii_99.99%;468;3349;0.003846694297614989;0.06202172440052751;0.44295758774257177;0.999873562586288
Energetyczne;Prog_Energii_99.0%;469;89;0.5061691265388611;0.7114556391925368;4.496393801830646;9.991235992427598
Energetyczne;Prog_Energii_99.9%;469;814;0.050602526608653595;0.22495005358668754;3.427626809215093;3.15905721746004
Energetyczne;Prog_Energii_99.99%;469;3111;0.005070299845815641;0.07120603798706708;0.7514703521920847;0.9999728590555453
Energetyczne;Prog_Energii_99.0%;470;83;0.32624478519541383;0.5711784180056297;3.9143300237913845;9.969171304380723
Energetyczne;Prog_Energii_99.9%;470;847;0.03282036752742207;0.18116392446461868;2.7816415329759066;3.1619790598318307
Energetyczne;Prog_Energii_99.99%;470;3098;0.003280468989720967;0.057275378564623794;0.4986445838746556;0.9996667283538057
Energetyczne;Prog_Energii_99.0%;471;39;0.3159526418424232;0.5620966481330619;3.8899652751711473;9.895381423431742
Energetyczne;Prog_Energii_99.9%;471;386;0.03221340982031764;0.17948094556335956;3.144930700831348;3.1596566542186566
Energetyczne;Prog_Energii_99.99%;471;2402;0.0032234394174844127;0.05677534163247644;1.0620243951449364;0.999496550575415
Energetyczne;Prog_Energii_99.0%;472;48;0.3023382948731477;0.5498529756881813;3.5626093904316947;9.848500443409645
Energetyczne;Prog_Energii_99.9%;472;409;0.031116507915077342;0.17639871857549685;2.981134920557605;3.1595043310138724
Energetyczne;Prog_Energii_99.99%;472;2448;0.003112891484144361;0.05579329246553174;0.9356907068193063;0.9993221640718749
Energetyczne;Prog_Energii_99.0%;473;73;0.4229635082205677;0.6503564470508213;4.254510469703673;9.956900214120001
Energetyczne;Prog_Energii_99.9%;473;662;0.04257592956143956;0.20633935533833472;3.2473112540314695;3.159037448873174
Energetyczne;Prog_Energii_99.99%;473;2920;0.004262020586349102;0.06528415264326483;0.6946588873539241;0.9994946561690206
Energetyczne;Prog_Energii_99.0%;474;89;0.2774972497379813;0.5267800772029835;3.4165716106934836;9.969224979565796
Energetyczne;Prog_Energii_99.9%;474;855;0.027896602685966797;0.16702276098175;2.8696598560091955;3.1608778558527444
Energetyczne;Prog_Energii_99.99%;474;3153;0.002791205484344347;0.052831860504286114;0.5206551953884375;0.999834136197438
Energetyczne;Prog_Energii_99.0%;475;67;0.28881845061434214;0.537418319946708;3.6348084670249774;9.945322204552157
Energetyczne;Prog_Energii_99.9%;475;619;0.029188973261066557;0.17084780730541016;2.711657597670717;3.1616646260998986
Energetyczne;Prog_Energii_99.99%;475;2819;0.0029168575846509766;0.05400794001488093;0.6384309842724434;0.999456745548569
Energetyczne;Prog_Energii_99.0%;476;48;0.32612423584096;0.5710728813741377;3.4928780736614478;9.940775870277792
Energetyczne;Prog_Energii_99.9%;476;491;0.032977647117391234;0.18159748653929997;2.7319764066456314;3.1611024987724488
Energetyczne;Prog_Energii_99.99%;476;2615;0.0032995286418192145;0.05744152367250728;0.8902204872761237;0.9998956894987843
Energetyczne;Prog_Energii_99.0%;477;87;0.2892813616975787;0.5378488279224737;3.7536585380254017;9.952913052537442
Energetyczne;Prog_Energii_99.9%;477;835;0.029199704344008256;0.17087920980624957;2.6733631432739626;3.1621262878963705
Energetyczne;Prog_Energii_99.99%;477;3134;0.0029163968225469667;0.05400367415784751;0.4684822304833416;0.9993400478100412
Energetyczne;Prog_Energii_99.0%;478;64;0.3570608444758361;0.5975456840073703;3.727633722740287;9.898371539600701
Energetyczne;Prog_Energii_99.9%;478;583;0.03640372197345878;0.19079759425490347;2.997488336408132;3.1605708606770295
Energetyczne;Prog_Energii_99.99%;478;2760;0.0036441427352100915;0.06036673533669095;0.703943200594404;0.9999777272057737
Energetyczne;Prog_Energii_99.0%;479;55;0.44279100322922305;0.6654254302543772;3.7720915528160703;9.942660400674278
Energetyczne;Prog_Energii_99.9%;479;520;0.0446587941612511;0.21132627418579805;3.28092217415219;3.157597053611174
Energetyczne;Prog_Energii_99.99%;479;2663;0.004478527410020452;0.06692180070814333;0.8503180979518916;0.9999328363334602
Energetyczne;Prog_Energii_99.0%;480;109;0.41226490878867716;0.6420785845896725;4.44715336521522;9.979287425990856
Energetyczne;Prog_Energii_99.9%;480;1030;0.04133012551175273;0.20329811979394383;2.9833928685830893;3.159691693943966
Energetyczne;Prog_Energii_99.99%;480;3335;0.004139095187910664;0.06433580020416832;0.4569966601513187;0.9999172335405182
Energetyczne;Prog_Energii_99.0%;481;84;0.3822897488334558;0.6182958424843691;4.326333601031728;9.911070973910658
Energetyczne;Prog_Energii_99.9%;481;758;0.03887137596188968;0.1971582510621599;3.284939026715847;3.1603793606594763
Energetyczne;Prog_Energii_99.99%;481;3060;0.003890364817530583;0.0623727890792979;0.6523701110830213;0.9998144851205416
Energetyczne;Prog_Energii_99.0%;482;74;0.3618923604483308;0.6015749001149655;4.300400057354791;9.929447205280791
Energetyczne;Prog_Energii_99.9%;482;668;0.03665800618995406;0.19146280628350265;2.9677767548248943;3.1602379461038423
Energetyczne;Prog_Energii_99.99%;482;2887;0.003668778988234918;0.06057044649195611;0.6459511877842257;0.9997608785327067
Energetyczne;Prog_Energii_99.0%;483;62;0.3732649038344312;0.6109540930662722;3.703068994606473;9.955454943521175
Energetyczne;Prog_Energii_99.9%;483;652;0.0376226832515132;0.19396567544674806;2.8358890595350714;3.1606573462963734
Energetyczne;Prog_Energii_99.99%;483;2839;0.00376239358370448;0.06133835328491041;0.6571852832947904;0.9995042497758834
Energetyczne;Prog_Energii_99.0%;484;95;0.3559298946452992;0.5965986042937909;4.220299380689081;9.963579574180455
Energetyczne;Prog_Energii_99.9%;484;916;0.035808729224612604;0.18923194557107054;3.1898018725367137;3.160294935497168
Energetyczne;Prog_Energii_99.99%;484;3193;0.0035809350114876003;0.05984091419328084;0.5156998486764217;0.999381671471107
Energetyczne;Prog_Energii_99.0%;485;123;0.4047871642896038;0.6362288615660279;4.624504501569858;9.994564967789179
Energetyczne;Prog_Energii_99.9%;485;1106;0.04049494876920947;0.2012335676998484;2.9114296804170174;3.161192595264574
Energetyczne;Prog_Energii_99.99%;485;3358;0.004047115079808689;0.06361694019527102;0.5924838146355209;0.9993630912445006
Energetyczne;Prog_Energii_99.0%;486;73;0.2993522300539857;0.547130907602546;3.1251676452353143;9.939738397536333
Energetyczne;Prog_Energii_99.9%;486;646;0.030224744478641742;0.1738526516295962;2.5528446506036575;3.1583846807124956
Energetyczne;Prog_Energii_99.99%;486;2864;0.0030298397486909936;0.05504398013126407;0.6130806814565783;0.9999851137296755
Energetyczne;Prog_Energii_99.0%;487;64;0.3610287629069842;0.6008566908231814;4.149429393735147;9.958147007838535
Energetyczne;Prog_Energii_99.9%;487;612;0.03632524714817311;0.1905918338968727;3.2810685524150447;3.15872574846158
Energetyczne;Prog_Energii_99.99%;487;2829;0.003639441013666787;0.0603277797839999;0.8240898037944504;0.9998272615097978
Energetyczne;Prog_Energii_99.0%;488;49;0.4588355676901619;0.6773740234834533;3.6384468697263865;9.915114330468572
Energetyczne;Prog_Energii_99.9%;488;479;0.04662651572616485;0.21593173857996154;2.895994858801962;3.1607174195829932
Energetyczne;Prog_Energii_99.99%;488;2611;0.0046660556477382585;0.06830853275937245;0.7844249285946634;0.9998713983343063
Energetyczne;Prog_Energii_99.0%;489;47;0.5151550310120164;0.7177430118169151;4.3151677100276835;9.959321740009011
Energetyczne;Prog_Energii_99.9%;489;469;0.051893521554842274;0.22780149594513702;3.6230984012802425;3.16094807419971
Energetyczne;Prog_Energii_99.99%;489;2531;0.005193214378741971;0.0720639603320687;1.0621624784730042;0.9999514519681517
Energetyczne;Prog_Energii_99.0%;490;121;0.3703883203231116;0.6085953666625401;4.091853125349184;9.962915561788149
Energetyczne;Prog_Energii_99.9%;490;1084;0.0372916083071469;0.19311035266693213;2.711112377694688;3.1612829198461223
Energetyczne;Prog_Energii_99.99%;490;3326;0.0037287130380182277;0.06106318889493266;0.4577576192474808;0.9996254132362915
Energetyczne;Prog_Energii_99.0%;491;94;0.4064326063388706;0.6375206713031905;3.8654457608425146;9.917407124349173
Energetyczne;Prog_Energii_99.9%;491;957;0.04129973590244837;0.20322336455842957;2.6229362755294883;3.1613858722197836
Energetyczne;Prog_Energii_99.99%;491;3251;0.004131341901417636;0.06427551556710873;0.5126981402121835;0.9998835876230044
Energetyczne;Prog_Energii_99.0%;492;87;0.2529916281851494;0.5029827314979605;3.9723943404047053;9.991698536546362
Energetyczne;Prog_Energii_99.9%;492;884;0.025305638110163592;0.15907745946602111;2.971817677244172;3.1600568357695225
Energetyczne;Prog_Energii_99.99%;492;3163;0.0025303838943227883;0.050302921329906755;0.5787825876538424;0.9992621892588257
Energetyczne;Prog_Energii_99.0%;493;61;0.4844887343603008;0.6960522497343865;4.0673329395524185;9.962182863192256
Energetyczne;Prog_Energii_99.9%;493;570;0.04876027534480172;0.22081728950605684;3.3477443984640907;3.16042684762998
Energetyczne;Prog_Energii_99.99%;493;2751;0.004878858422013564;0.06984882548771713;0.7829463220300283;0.9997047959450993
Energetyczne;Prog_Energii_99.0%;494;86;0.438495671879178;0.6621900572186039;3.9391404962608467;9.904881883398842
Energetyczne;Prog_Energii_99.9%;494;848;0.04461734223227462;0.21122817575379146;2.9023665206777807;3.1595009748031235
Energetyczne;Prog_Energii_99.99%;494;3124;0.004464773738538366;0.06681896241740339;0.5448337711026614;0.9994621983536675
Energetyczne;Prog_Energii_99.0%;495;61;0.3749636126252214;0.6123427248079473;4.412512268405248;9.991309535959592
Energetyczne;Prog_Energii_99.9%;495;619;0.037558047848334865;0.19379898825415695;3.396325718613742;3.162127352799651
Energetyczne;Prog_Energii_99.99%;495;2909;0.0037533754588263846;0.06126479787632034;0.8152225702295337;0.9996290221824682
Energetyczne;Prog_Energii_99.0%;496;115;0.4271296204837782;0.6535515438615215;4.666324637100516;9.979245886067774
Energetyczne;Prog_Energii_99.9%;496;1096;0.04284513464961295;0.2069906631942923;3.052847816505539;3.1605934429155846
Energetyczne;Prog_Energii_99.99%;496;3340;0.004285989597705098;0.06546746976709195;0.5791598092600307;0.9996395609203049
Energetyczne;Prog_Energii_99.0%;497;31;0.4720487329373036;0.6870580273436179;3.8878276506304004;9.839028681063732
Energetyczne;Prog_Energii_99.9%;497;307;0.04862063759049306;0.22050087888825537;3.4869143710773858;3.1576873935515013
Energetyczne;Prog_Energii_99.99%;497;2122;0.0048718214132579835;0.06979843417482934;1.5094371864716756;0.9995499192326902
Energetyczne;Prog_Energii_99.0%;498;33;0.3105373982310966;0.5572588251711198;3.2151703339901534;9.935891825542797
Energetyczne;Prog_Energii_99.9%;498;334;0.031384916798434775;0.17715788663910725;2.889858135902376;3.158714619095399
Energetyczne;Prog_Energii_99.99%;498;2211;0.0031426569242652444;0.056059405314944646;1.1485080488586004;0.9995358742726211
Energetyczne;Prog_Energii_99.0%;499;61;0.41865264336653146;0.6470337266066828;3.3913646070080814;9.930728372305065
Energetyczne;Prog_Energii_99.9%;499;649;0.04241213591707056;0.20594206932307582;2.776834786210359;3.1608163018078486
Energetyczne;Prog_Energii_99.99%;499;2857;0.0042448948169915785;0.06515285732024022;0.651729244121086;0.9999715658101378
Energetyczne;Prog_Energii_99.0%;500;51;0.40717121911163673;0.6380996937090918;4.824630189892127;9.9555898370357
Energetyczne;Prog_Energii_99.9%;500;483;0.04101802123874085;0.20252906270148205;3.86691456558673;3.1598452376854853
Energetyczne;Prog_Energii_99.99%;500;2609;0.004105318997320185;0.06407276330329592;1.1560282088437077;0.9996590775106933
Energetyczne;Prog_Energii_99.0%;501;47;0.48650880065047886;0.6975018284208858;3.8720905423854894;9.97763463445302
Energetyczne;Prog_Energii_99.9%;501;481;0.04879213060218432;0.2208894080805694;3.1433528934525006;3.1597821233503756
Energetyczne;Prog_Energii_99.99%;501;2574;0.004880621628431457;0.0698614459371652;0.8585933879484431;0.9993550614393695
Energetyczne;Prog_Energii_99.0%;502;148;0.402672287110294;0.6345646437600302;4.079342320783263;9.955214748214795
Energetyczne;Prog_Energii_99.9%;502;1367;0.04060811845660958;0.201514561400931;2.5734013770198043;3.1614127155770557
Energetyczne;Prog_Energii_99.99%;502;3526;0.004061075572838128;0.06372656881425619;0.36700416444406336;0.9997589433185001
Energetyczne;Prog_Energii_99.0%;503;127;0.36491475168407567;0.6040817425515157;4.361849754386503;9.997243668527517
Energetyczne;Prog_Energii_99.9%;503;1136;0.03648348477043672;0.191006504523895;2.814360452547584;3.1610598922152287
Energetyczne;Prog_Energii_99.99%;503;3349;0.0036479290514624197;0.06039808814409956;0.48982656677983494;0.9995574468769404
Energetyczne;Prog_Energii_99.0%;504;55;0.2510544914433911;0.501053381830111;3.324225207390615;9.956557296017106
Energetyczne;Prog_Energii_99.9%;504;567;0.025293863707997775;0.15904044676747414;2.830435271127277;3.160332567441727
Energetyczne;Prog_Energii_99.99%;504;2759;0.0025316069791022962;0.05031507705551385;0.709395857722495;0.999823503290111
Energetyczne;Prog_Energii_99.0%;505;53;0.33785532717660943;0.5812532384224706;3.836840570433538;9.897424564650715
Energetyczne;Prog_Energii_99.9%;505;469;0.034456083060286816;0.18562349813611104;3.1947938725467404;3.160747241967912
Energetyczne;Prog_Energii_99.99%;505;2626;0.00344539901481037;0.05869752136854137;0.9199012893542529;0.9994856827874706
Energetyczne;Prog_Energii_99.0%;506;103;0.30750787826014536;0.5545339288629194;3.5341141788427723;9.980793118153615
Energetyczne;Prog_Energii_99.9%;506;989;0.030869060966353886;0.17569593326640742;2.478439439531087;3.1622677538030706
Energetyczne;Prog_Energii_99.99%;506;3247;0.0030849847343157703;0.05554263888505632;0.42478911741742564;0.9996856082093741
Energetyczne;Prog_Energii_99.0%;507;40;0.4291014193357769;0.6550583327733316;4.152707170167817;9.881521366675935
Energetyczne;Prog_Energii_99.9%;507;375;0.04388245245192722;0.20948138927343216;3.527909434262628;3.160016017600458
Energetyczne;Prog_Energii_99.99%;507;2361;0.004392283546173308;0.06627430532395875;1.1955697675335037;0.9997444980932921
Energetyczne;Prog_Energii_99.0%;508;60;0.4717313790250365;0.6868270371971654;4.011174043332439;9.894175146666258
Energetyczne;Prog_Energii_99.9%;508;690;0.04814540443676727;0.2194206107838716;3.2469833371819297;3.1608918058083004
Energetyczne;Prog_Energii_99.99%;508;2956;0.004811328291065594;0.06936373902166458;0.7460413010379046;0.9992282562268803
Energetyczne;Prog_Energii_99.0%;509;65;0.38517346818830966;0.620623451207179;3.421880070915021;9.959815246063723
Energetyczne;Prog_Energii_99.9%;509;627;0.03881780250889668;0.1970223401264351;2.7880095908564395;3.1618304193783295
Energetyczne;Prog_Energii_99.99%;509;2871;0.003882290519023448;0.06230802933028333;0.6830149170036144;0.9999242846348362
Energetyczne;Prog_Energii_99.0%;510;109;0.33907444311621243;0.5823009901384442;4.132223662108115;9.999030474696736
Energetyczne;Prog_Energii_99.9%;510;1034;0.033878530543801966;0.1840612141212862;2.639083133160839;3.1606226339592043
Energetyczne;Prog_Energii_99.99%;510;3281;0.0033895002856645087;0.05821941502337952;0.4042348036806356;0.9997195864279459
Energetyczne;Prog_Energii_99.0%;511;63;0.32997384781149636;0.5744335016444431;4.447129964433209;9.998830363754644
Energetyczne;Prog_Energii_99.9%;511;656;0.03294907129061028;0.18151879046151195;3.5061985996404275;3.159592169437913
Energetyczne;Prog_Energii_99.99%;511;2867;0.003296591043428616;0.057415947640255975;0.7790938029590708;0.9994060565507964
Energetyczne;Prog_Energii_99.0%;512;60;0.44052925153250033;0.6637237765309454;4.354957964221997;9.889537555689046
Energetyczne;Prog_Energii_99.9%;512;563;0.04500996090583846;0.21215551113708656;3.75150145426758;3.1611341483090603
Energetyczne;Prog_Energii_99.99%;512;2711;0.004500542057052856;0.06708607945805789;0.9693205102246181;0.9995879697605955
Energetyczne;Prog_Energii_99.0%;513;114;0.372977178037564;0.610718575153535;3.7964524367224053;9.935578170988881
Energetyczne;Prog_Energii_99.9%;513;1076;0.037748201937587336;0.19428896504327603;2.6760371224951176;3.1608228052711485
Energetyczne;Prog_Energii_99.99%;513;3326;0.0037737482566253975;0.06143084124953359;0.42690511129230124;0.9993980045406456
Energetyczne;Prog_Energii_99.0%;514;122;0.27321783258689364;0.5227024321608745;4.131663903024438;9.954905173972865
Energetyczne;Prog_Energii_99.9%;514;1157;0.027548888003367064;0.16597857694102292;2.5950962974458998;3.161073859037078
Energetyczne;Prog_Energii_99.99%;514;3395;0.0027520643021888545;0.052460121065327846;0.37967457195388876;0.9991067546051597
Energetyczne;Prog_Energii_99.0%;515;63;0.3583182043993135;0.5985968630049054;3.931127793266893;9.937725994698921
Energetyczne;Prog_Energii_99.9%;515;640;0.03623091725251502;0.19034420729960505;3.2424220733671136;3.160037570738395
Energetyczne;Prog_Energii_99.99%;515;2902;0.00362457151081878;0.06020441437983414;0.7933276493958541;0.9994956718862729
Energetyczne;Prog_Energii_99.0%;516;39;0.45788591091319375;0.6766726763459522;3.7483411061001024;9.888366099842134
Energetyczne;Prog_Energii_99.9%;516;354;0.046649398378131056;0.21598471792729007;3.14894076617527;3.156232012158676
Energetyczne;Prog_Energii_99.99%;516;2293;0.0046789583456419035;0.06840291182136841;1.1259979346979954;0.9995867396884535
Energetyczne;Prog_Energii_99.0%;517;57;0.29370750243094934;0.5419478779651686;3.220566896875776;9.95067004418516
Energetyczne;Prog_Energii_99.9%;517;537;0.02962650091500889;0.17212350483013322;2.624026251603542;3.1603485741915676
Energetyczne;Prog_Energii_99.99%;517;2743;0.002963423682529971;0.0544373372101352;0.6797651217498881;0.9995204385631217
Energetyczne;Prog_Energii_99.0%;518;93;0.36134185606290675;0.601117173322229;3.7790053933857832;9.950945095242453
Energetyczne;Prog_Energii_99.9%;518;907;0.03647784294971368;0.1909917352916447;2.8394932723461643;3.1616935197980895
Energetyczne;Prog_Energii_99.99%;518;3173;0.003647221067644036;0.06039222688098226;0.49951980330281254;0.9997380885838295
Energetyczne;Prog_Energii_99.0%;519;107;0.36930980345803166;0.6077086501425101;4.033625149840132;9.982561987331968
Energetyczne;Prog_Energii_99.9%;519;990;0.03701262954730197;0.19238666676072427;2.892924995384136;3.1602509294951475
Energetyczne;Prog_Energii_99.99%;519;3304;0.003702771425665833;0.06085040201729018;0.5244779631120746;0.9995627180051193
Energetyczne;Prog_Energii_99.0%;520;99;0.4644675785311045;0.6815185826748266;4.654276928069521;9.965126122749187
Energetyczne;Prog_Energii_99.9%;520;945;0.046725078460694285;0.21615984469992175;2.9825549062534;3.1606770084747127
Energetyczne;Prog_Energii_99.99%;520;3238;0.004673394017011773;0.06836222653638319;0.564406316272543;0.9995886051900206
Energetyczne;Prog_Energii_99.0%;521;32;0.441295175760874;0.6643005161527982;2.702068736330002;9.739785243267447
Energetyczne;Prog_Energii_99.9%;521;322;0.04640907671555779;0.21542766005218036;2.535669573180839;3.158539084869902
Energetyczne;Prog_Energii_99.99%;521;2182;0.004648686878247861;0.06818127952926566;0.8745047723802681;0.9996545299589821
Energetyczne;Prog_Energii_99.0%;522;113;0.3688404551001696;0.6073223650584338;4.527544022852242;9.980078099653046
Energetyczne;Prog_Energii_99.9%;522;969;0.036992380908345376;0.19233403471134633;2.9751056626703276;3.1606092547833793
Energetyczne;Prog_Energii_99.99%;522;3272;0.0036989792508715746;0.06081923421806275;0.5194206675071271;0.9994374361611994
Energetyczne;Prog_Energii_99.0%;523;69;0.29428627970012905;0.5424815938814229;4.0570906474589545;9.962702877020533
Energetyczne;Prog_Energii_99.9%;523;691;0.02963721431470241;0.17215462327426007;3.0157072082732563;3.161628670781692
Energetyczne;Prog_Energii_99.99%;523;2986;0.002962170208150893;0.05442582299011098;0.6787142784947768;0.9995330890550189
Energetyczne;Prog_Energii_99.0%;524;135;0.33313122066145495;0.577175207940756;3.8037490259700926;9.972263597225039
Energetyczne;Prog_Energii_99.9%;524;1186;0.033438323560425934;0.18286148736250052;2.355530867186917;3.1594270312918002
Energetyczne;Prog_Energii_99.99%;524;3431;0.0033469573787974142;0.057852894299225986;0.3895672052824075;0.9995653033549866
Energetyczne;Prog_Energii_99.0%;525;109;0.41205722655113314;0.641916837722094;4.19167962393035;9.986301074868512
Energetyczne;Prog_Energii_99.9%;525;1005;0.041273804529692454;0.20315955436477126;3.0846179285853825;3.160553450073326
Energetyczne;Prog_Energii_99.99%;525;3258;0.004126541204523172;0.06423816003376165;0.5377167105291154;0.9993531387479444
Energetyczne;Prog_Energii_99.0%;526;76;0.36065778002455623;0.6005478998585844;4.079122093707697;9.903286098265351
Energetyczne;Prog_Energii_99.9%;526;720;0.03672975646287931;0.1916500886065;3.3033141489003137;3.1603901348668493
Energetyczne;Prog_Energii_99.99%;526;2947;0.0036767428778051938;0.06063615157482534;0.7336259539056194;0.9999155056319108
Energetyczne;Prog_Energii_99.0%;527;64;0.3549885710501898;0.595809173351829;4.129095046062387;9.868962886964523
Energetyczne;Prog_Energii_99.9%;527;585;0.03644184700093222;0.19089747772281387;3.356034632643679;3.162019329549827
Energetyczne;Prog_Energii_99.99%;527;2776;0.0036417948927695547;0.06034728571170003;0.8278413684976229;0.9995903884247972
Energetyczne;Prog_Energii_99.0%;528;63;0.30513910227701296;0.5523939737877424;3.2289862614771048;9.94488426949361
Energetyczne;Prog_Energii_99.9%;528;549;0.030796087696366204;0.17548814118442935;2.360157122442997;3.1593560711404547
Energetyczne;Prog_Energii_99.99%;528;2768;0.0030817485410162774;0.05551349872793353;0.6536171681313081;0.9994231408036954
Energetyczne;Prog_Energii_99.0%;529;74;0.38601602434389193;0.6213018785935641;4.526104047655948;9.889287887279034
Energetyczne;Prog_Energii_99.9%;529;740;0.03939655018040772;0.19848564225255116;3.4349639101792775;3.1593042373705873
Energetyczne;Prog_Energii_99.99%;529;3001;0.003944522764802909;0.06280543579024755;0.7125733514941559;0.9996767381771923
Energetyczne;Prog_Energii_99.0%;530;106;0.36604494199390236;0.6050164807622205;4.092012727711948;9.976308977402722
Energetyczne;Prog_Energii_99.9%;530;989;0.03674572330976016;0.1916917403274334;2.723664671604653;3.1608660106469304
Energetyczne;Prog_Energii_99.99%;530;3268;0.003674103235756888;0.06061438142682715;0.46886157910600534;0.9994897937760915
Energetyczne;Prog_Energii_99.0%;531;114;0.32553778972825326;0.5705591903810272;4.1433449950216525;9.951536954775605
Energetyczne;Prog_Energii_99.9%;531;1064;0.032848140302683106;0.18124055920980575;2.9233400027029752;3.161148138681448
Energetyczne;Prog_Energii_99.99%;531;3309;0.0032859261030825657;0.05732299802943462;0.48019002813525336;0.9998120140129411
Energetyczne;Prog_Energii_99.0%;532;36;0.2682844277542758;0.5179618014431911;3.012795771031339;9.759388899577786
Energetyczne;Prog_Energii_99.9%;532;348;0.028063771402764087;0.16752245044400493;2.5542606083223074;3.156442692758311
Energetyczne;Prog_Energii_99.99%;532;2259;0.0028148088324628155;0.0530547720046257;0.950304166676208;0.9996531627021218
Energetyczne;Prog_Energii_99.0%;533;99;0.315880310460185;0.5620323037514703;4.107023764700526;9.987743825032565
Energetyczne;Prog_Energii_99.9%;533;944;0.03163717583887877;0.17786842282675913;2.886066964608472;3.1608578900151834
Energetyczne;Prog_Energii_99.99%;533;3225;0.003162951676293488;0.056240125144717525;0.43397778520323405;0.9994300307720374
Energetyczne;Prog_Energii_99.0%;534;72;0.2900967781013796;0.5386063294293706;4.145084360484653;9.900068861647405
Energetyczne;Prog_Energii_99.9%;534;690;0.029562613698754018;0.17193781927997695;3.233393674595003;3.160371792505037
Energetyczne;Prog_Energii_99.99%;534;2980;0.0029568116228694927;0.05437657237146796;0.7213573525900294;0.999490316996878
Energetyczne;Prog_Energii_99.0%;535;63;0.36710797261057015;0.605894357632228;3.621424605039018;9.92572588651867
Energetyczne;Prog_Energii_99.9%;535;618;0.037171894735741784;0.19280014194948555;2.868557403227581;3.1584406353459875
Energetyczne;Prog_Energii_99.99%;535;2840;0.0037221842286469966;0.061009706020001414;0.6635396447386475;0.9994574313880548
Energetyczne;Prog_Energii_99.0%;536;57;0.5271825115324611;0.7260733513443811;4.03804269193996;9.967364232242959
Energetyczne;Prog_Energii_99.9%;536;515;0.0529701980981019;0.23015255396823625;3.3888087827914433;3.1594801408629305
Energetyczne;Prog_Energii_99.99%;536;2741;0.0053048465303485;0.0728343773938413;0.8955216246780839;0.9998532059727507
Energetyczne;Prog_Energii_99.0%;537;63;0.41805583987285355;0.6465723779074185;3.878577685275305;9.984634534584504
Energetyczne;Prog_Energii_99.9%;537;599;0.0419203045449214;0.20474448599393683;3.1116393658531862;3.1617479117141225
Energetyczne;Prog_Energii_99.99%;537;2775;0.00419050628149346;0.06473411991750147;0.5768703848818912;0.9996506986365087
Energetyczne;Prog_Energii_99.0%;538;82;0.39466800090055876;0.6282260746742042;3.8199983522043643;9.930005687031628
Energetyczne;Prog_Energii_99.9%;538;785;0.04001777445089125;0.20004443119190107;2.838629523644216;3.161986455950188
Energetyczne;Prog_Energii_99.99%;538;3071;0.00399812011043303;0.06323068962484144;0.5544171245938552;0.9994508869999132
Energetyczne;Prog_Energii_99.0%;539;141;0.3284438040910557;0.5731001693343457;4.329598082161577;9.968888209891311
Energetyczne;Prog_Energii_99.9%;539;1309;0.03302082429860001;0.18171632920186345;2.6103862044866797;3.160895544367485
Energetyczne;Prog_Energii_99.99%;539;3517;0.0032980779239979697;0.05742889450440405;0.37712212564428427;0.9989566570831854
Energetyczne;Prog_Energii_99.0%;540;58;0.3754148748832011;0.6127110859803346;3.1482448096787783;9.898879503780343
Energetyczne;Prog_Energii_99.9%;540;555;0.03830211651883703;0.19570926528613058;2.7926249339744045;3.1618530807894776
Energetyczne;Prog_Energii_99.99%;540;2729;0.0038283276584283312;0.06187348105956486;0.6757711710305347;0.9996198004286243
Energetyczne;Prog_Energii_99.0%;541;87;0.32190518091788206;0.5673668838748717;4.303288545168967;9.95016632642237
Energetyczne;Prog_Energii_99.9%;541;845;0.032479244363582384;0.18021998880141565;3.1458963660774195;3.1605983974128864
Energetyczne;Prog_Energii_99.99%;541;3180;0.0032476489771233233;0.05698814768987779;0.6613105111973372;0.9994265866847162
Energetyczne;Prog_Energii_99.0%;542;52;0.4393566842285753;0.6628398631861057;3.5148769848585015;9.885490583937287
Energetyczne;Prog_Energii_99.9%;542;452;0.04488339881538245;0.21185702446551646;3.0468229022694278;3.15960269864882
Energetyczne;Prog_Energii_99.99%;542;2527;0.004490927375235606;0.0670143818537156;0.9494087461946066;0.9994420637572327
Energetyczne;Prog_Energii_99.0%;543;33;0.32324469993302485;0.5685461282367728;2.883408457984916;9.95717153739983
Energetyczne;Prog_Energii_99.9%;543;348;0.032551654230442956;0.18042076995302664;2.6058193891071433;3.159779771789932
Energetyczne;Prog_Energii_99.99%;543;2269;0.0032585897485276675;0.057084058619965586;0.9400863671680737;0.9997355280436888
Energetyczne;Prog_Energii_99.0%;544;60;0.39128989299920236;0.6255316882454496;3.293729001780302;9.947214101959991
Energetyczne;Prog_Energii_99.9%;544;633;0.03950822430209173;0.19876675854400738;2.6377819333538497;3.1607919162905973
Energetyczne;Prog_Energii_99.99%;544;2804;0.003948064945573847;0.06283362909759269;0.6230371674195325;0.9991812935808444
Energetyczne;Prog_Energii_99.0%;545;64;0.2911895201012739;0.5396197921697035;3.579215922922062;9.826359509318449
Energetyczne;Prog_Energii_99.9%;545;616;0.030092459748814002;0.17347178372523298;2.8856189169859565;3.1588835997898372
Energetyczne;Prog_Energii_99.99%;545;2795;0.003013316507394323;0.05489368367484845;0.6739179378643905;0.9996020872604132
Energetyczne;Prog_Energii_99.0%;546;68;0.3082221249335987;0.5551775616265473;3.4850345897529844;9.936290078247124
Energetyczne;Prog_Energii_99.9%;546;669;0.03119283093562075;0.17661492274329696;2.900659200659169;3.160965474510792
Energetyczne;Prog_Energii_99.99%;546;2946;0.0031179628728465357;0.055838721984358984;0.6349240475462334;0.9993734934273234
Energetyczne;Prog_Energii_99.0%;547;41;0.47131787567510364;0.686525946833114;3.522926684299954;9.99835904987436
Energetyczne;Prog_Energii_99.9%;547;385;0.04713325483490631;0.21710194571884037;3.159789019339602;3.161807960407593
Energetyczne;Prog_Energii_99.99%;547;2394;0.00470896285349777;0.068621883196964;1.010967241239488;0.9993886320637059
Energetyczne;Prog_Energii_99.0%;548;80;0.34190039405596434;0.5847224932016591;3.562988757426636;9.897796028970655
Energetyczne;Prog_Energii_99.9%;548;741;0.034859096746032804;0.1867059097780057;2.336407958438805;3.160434280999632
Energetyczne;Prog_Energii_99.99%;548;3031;0.003487312510177086;0.05905347161833152;0.4591469272363051;0.9996181499371032
Energetyczne;Prog_Energii_99.0%;549;88;0.34183986347428397;0.5846707308171702;3.8320456296943703;9.926803395882345
Energetyczne;Prog_Energii_99.9%;549;812;0.034630532657422136;0.18609280657086705;2.8844622383501193;3.1595676110467417
Energetyczne;Prog_Energii_99.99%;549;3068;0.0034646253314203463;0.0588610680451888;0.5487640197164658;0.999369763797799
Energetyczne;Prog_Energii_99.0%;550;80;0.25400546860513423;0.5039895520793405;4.095931319679705;9.93903587011073
Energetyczne;Prog_Energii_99.9%;550;751;0.025693776496081535;0.16029278366814126;3.3269829319508784;3.161088796433529
Energetyczne;Prog_Energii_99.99%;550;3019;0.002568879959387226;0.050684119400333134;0.7366357479233212;0.9995272296549182
Energetyczne;Prog_Energii_99.0%;551;40;0.3995692298970109;0.6321148866282227;2.7003884157288542;9.810612698684425
Energetyczne;Prog_Energii_99.9%;551;389;0.04145084488383747;0.20359480564060928;2.507861147840047;3.159852469632961
Energetyczne;Prog_Energii_99.99%;551;2332;0.00414908726159396;0.06441340902012531;0.7694375518532954;0.9997154344350485
Energetyczne;Prog_Energii_99.0%;552;51;0.30545000740000233;0.5526753182475244;3.4031839394182875;9.91121669243165
Energetyczne;Prog_Energii_99.9%;552;495;0.031047008126300558;0.17620161215579316;2.998130998598876;3.1598522712565287
Energetyczne;Prog_Energii_99.99%;552;2606;0.003108608832711457;0.05575489962964203;0.8434696014618477;0.9998617156387455
Energetyczne;Prog_Energii_99.0%;553;69;0.3766467022878018;0.613715489691927;3.6703388828477195;9.944863123348872
Energetyczne;Prog_Energii_99.9%;553;707;0.03803585349748269;0.19502782749516206;2.8562176070885372;3.1602999798116316
Energetyczne;Prog_Energii_99.99%;553;2934;0.003804803472127874;0.06168308902874332;0.6836605751318672;0.9995346177821329
Energetyczne;Prog_Energii_99.0%;554;39;0.18064841266019277;0.42502754341359195;2.770681804868965;9.82374906269335
Energetyczne;Prog_Energii_99.9%;554;441;0.018706918055806442;0.13677323588994464;2.3630010930217935;3.1612679429763575
Energetyczne;Prog_Energii_99.99%;554;2482;0.0018705276695654923;0.043249597334142804;0.7407449568704019;0.9996368420286317
Energetyczne;Prog_Energii_99.0%;555;88;0.37573406364826933;0.6129715031290356;3.4505176612409683;9.945096649061826
Energetyczne;Prog_Energii_99.9%;555;775;0.03797310412720154;0.1948668882268138;2.657724480058015;3.161598911572293
Energetyczne;Prog_Energii_99.99%;555;3066;0.0037937081125897854;0.06159308494132913;0.5031524665040035;0.9993110275575829
Energetyczne;Prog_Energii_99.0%;556;68;0.4728378499350423;0.6876320599965088;4.5052899717298605;9.884303101912707
Energetyczne;Prog_Energii_99.9%;556;666;0.04835478602439754;0.21989721695464348;3.4193891043423283;3.1608920963600635
Energetyczne;Prog_Energii_99.99%;556;2917;0.004838547422359741;0.06955966807252419;0.8084989575979602;0.9998789801929244
Energetyczne;Prog_Energii_99.0%;557;114;0.28249680578388514;0.5315042857624811;3.7435070737133547;9.964035555052074
Energetyczne;Prog_Energii_99.9%;557;1059;0.02842403686360628;0.1685942966520703;2.623590292786961;3.160613397143764
Energetyczne;Prog_Energii_99.99%;557;3322;0.0028430211659407362;0.0533199884278001;0.3923349034755743;0.9995822700232846
Energetyczne;Prog_Energii_99.0%;558;48;0.35931043200011265;0.5994250845602915;4.190476449178147;9.826403109977965
Energetyczne;Prog_Energii_99.9%;558;429;0.03715269872345051;0.1927503533679005;3.415099983869499;3.1597654495441496
Energetyczne;Prog_Energii_99.99%;558;2476;0.003717662657767991;0.06097263859935857;1.1435084006134986;0.9995272820385892
Energetyczne;Prog_Energii_99.0%;559;77;0.3464291156974601;0.5885822930546417;3.8566928927658743;9.98169174026578
Energetyczne;Prog_Energii_99.9%;559;721;0.034753536565462935;0.18642300438911216;3.0496609236431613;3.161523860068929
Energetyczne;Prog_Energii_99.99%;559;3008;0.0034730108304656553;0.05893225628181612;0.6119088614661838;0.9994245880394159
Energetyczne;Prog_Energii_99.0%;560;146;0.42467103031992154;0.6516678834497842;4.6784056493272494;9.934733991936735
Energetyczne;Prog_Energii_99.9%;560;1315;0.04301245241525642;0.20739443679919772;2.5375452765714597;3.1617463639610746
Energetyczne;Prog_Energii_99.99%;560;3494;0.004293662177117504;0.06552604197658747;0.3661169994473461;0.9989502522906516
Energetyczne;Prog_Energii_99.0%;561;61;0.2784363082543349;0.5276706437299075;3.4846875695621513;9.973676982931666
Energetyczne;Prog_Energii_99.9%;561;578;0.027947558716032016;0.16717523356057265;2.690232983440022;3.159834261943055
Energetyczne;Prog_Energii_99.99%;561;2795;0.00279667959136615;0.052883642001720625;0.6380137253626339;0.9995711705276068
Energetyczne;Prog_Energii_99.0%;562;64;0.34732275097848053;0.5893409462938075;3.3068223726686687;9.892575600516935
Energetyczne;Prog_Energii_99.9%;562;624;0.035450100869897895;0.18828197170705935;2.365149019806287;3.160468742312545
Energetyczne;Prog_Energii_99.99%;562;2836;0.003546904479866169;0.05955589374584323;0.543297070910203;0.9996949729051916
Energetyczne;Prog_Energii_99.0%;563;86;0.28079707701328893;0.5299028939468899;3.3292902417845096;9.96157624964506
Energetyczne;Prog_Energii_99.9%;563;847;0.02829296679317905;0.16820513307619078;2.399360376121802;3.1620666311894237
Energetyczne;Prog_Energii_99.99%;563;3152;0.0028246068467635546;0.05314703046044581;0.4163998226982306;0.9991041800707772
Energetyczne;Prog_Energii_99.0%;564;108;0.42390197449337785;0.6510775487554289;3.597456663534971;9.939531342564235
Energetyczne;Prog_Energii_99.9%;564;986;0.04285253844001238;0.20700854678010852;2.447083776938876;3.1602501773140843
Energetyczne;Prog_Energii_99.99%;564;3231;0.004289911793474898;0.06549741821991839;0.4528411579724363;0.9999018434875625
Energetyczne;Prog_Energii_99.0%;565;57;0.3685495509582105;0.607082820509863;3.20679310447831;9.937290267172466
Energetyczne;Prog_Energii_99.9%;565;550;0.037267992834622184;0.19304919796420336;2.8086647404903538;3.1600069236088055
Energetyczne;Prog_Energii_99.99%;565;2707;0.003729377240363391;0.06106862730046739;0.6814946581087131;0.999627489364374
Energetyczne;Prog_Energii_99.0%;566;112;0.43094691703609006;0.6564654728438427;4.0187493110058545;9.952747971639662
Energetyczne;Prog_Energii_99.9%;566;1005;0.04347178546956115;0.20849888601515634;2.829844219023297;3.161075411760613
Energetyczne;Prog_Energii_99.99%;566;3276;0.004346879442578155;0.06593086866239634;0.49311235458479485;0.9995854260322974
Energetyczne;Prog_Energii_99.0%;567;95;0.32374287270625485;0.5689840706964079;4.01743144573128;9.9539431306732
Energetyczne;Prog_Energii_99.9%;567;918;0.03262140579073467;0.18061396898007273;2.978241444618464;3.159703879991534
Energetyczne;Prog_Energii_99.99%;567;3185;0.0032635600501662266;0.05712757696740014;0.4919797382491218;0.9994034659540901
Energetyczne;Prog_Energii_99.0%;568;63;0.3895689111683657;0.6241545571157561;3.5966219191510103;9.986947721835138
Energetyczne;Prog_Energii_99.9%;568;594;0.03895299454482986;0.19736513001244638;2.7432422543619426;3.1579922201576434
Energetyczne;Prog_Energii_99.99%;568;2819;0.003901904807868017;0.06246522879064814;0.7011889068208002;0.9994911793121409
Energetyczne;Prog_Energii_99.0%;569;175;0.30515325636966534;0.5524067852313777;3.854083908663893;9.972700813452445
Energetyczne;Prog_Energii_99.9%;569;1452;0.03064463148587339;0.17505608097370792;2.2391034201395676;3.1603194743436522
Energetyczne;Prog_Energii_99.99%;569;3568;0.0030653261362800607;0.05536538752939476;0.30828796278901294;0.9995214758635488
Energetyczne;Prog_Energii_99.0%;570;80;0.32811400689033066;0.5728123662163123;4.2584750959053395;9.918462248445215
Energetyczne;Prog_Energii_99.9%;570;767;0.033341033532831486;0.1825952724821524;3.3331466383166894;3.161706037915529
Energetyczne;Prog_Energii_99.99%;570;3060;0.0033307802392809932;0.057712912240511595;0.7307685962572639;0.9993208510606431
Energetyczne;Prog_Energii_99.0%;571;48;0.4376006474166061;0.6615139056864988;4.267495800942786;9.847428375225467
Energetyczne;Prog_Energii_99.9%;571;465;0.045066008736274824;0.2122875614261816;3.3983265949518446;3.160155120134863
Energetyczne;Prog_Energii_99.99%;571;2556;0.00450643500554872;0.06712998588968062;0.9324366734185725;0.9993104032975706
Energetyczne;Prog_Energii_99.0%;572;87;0.313334730051272;0.5597631017236416;4.1294472180505;9.959916115398956
Energetyczne;Prog_Energii_99.9%;572;857;0.03158197910236572;0.17771319338294983;3.0171475779271697;3.162067119543219
Energetyczne;Prog_Energii_99.99%;572;3163;0.003156937694676807;0.056186632704557114;0.5368572187996357;0.9997338996102771
Energetyczne;Prog_Energii_99.0%;573;102;0.37177984173769113;0.6097375187223525;4.46159789385867;9.961378556188835
Energetyczne;Prog_Energii_99.9%;573;935;0.03743983618398874;0.19349376264879636;3.218805190955157;3.1611382911860706
Energetyczne;Prog_Energii_99.99%;573;3185;0.0037436467552772164;0.06118534755378298;0.5472670586620672;0.9995947278303366
Energetyczne;Prog_Energii_99.0%;574;83;0.34995863412804046;0.5915730167342325;4.347447342147387;9.9658134884591
Energetyczne;Prog_Energii_99.9%;574;819;0.03520929530230885;0.187641400821644;3.0481149890952746;3.1610623716832027
Energetyczne;Prog_Energii_99.99%;574;3110;0.003519844775473608;0.05932827972791397;0.5928842220067807;0.9994616955714599
Energetyczne;Prog_Energii_99.0%;575;68;0.296191414471915;0.5442347053173979;3.224900212093102;9.920344046587878
Energetyczne;Prog_Energii_99.9%;575;679;0.0300718867772044;0.17341247584070876;2.6540791479087247;3.1609733916310114
Energetyczne;Prog_Energii_99.99%;575;2902;0.0030063734392036467;0.054830406155742153;0.5990962647146851;0.9994520525145265
Energetyczne;Prog_Energii_99.0%;576;89;0.36442104551558885;0.6036729623857514;4.158137878732468;9.986840916018211
Energetyczne;Prog_Energii_99.9%;576;801;0.036500856188996886;0.19105197248130384;2.997278864538499;3.1606611108135745
Energetyczne;Prog_Energii_99.99%;576;3125;0.0036537703292737317;0.06044642528118376;0.6174645519771165;0.9999931599378388
Energetyczne;Prog_Energii_99.0%;577;107;0.21778404966821654;0.466673386500898;3.826269556349562;9.971993605316703
Energetyczne;Prog_Energii_99.9%;577;1005;0.02189369789059888;0.14796519148299334;2.6821847355612674;3.1617572074147655
Energetyczne;Prog_Energii_99.99%;577;3288;0.00218667647194735;0.04676191262071463;0.4821831542717643;0.9992202407823558
Energetyczne;Prog_Energii_99.0%;578;103;0.28729577537463685;0.535999790461374;3.9101702508076883;9.961596825780765
Energetyczne;Prog_Energii_99.9%;578;965;0.028948176777486845;0.17014163740098084;2.7412485308955743;3.162095256805687
Energetyczne;Prog_Energii_99.99%;578;3256;0.002891597430071234;0.05377357557454436;0.5495584851586042;0.9993859872466972
Energetyczne;Prog_Energii_99.0%;579;57;0.3565629679552659;0.5971289374626437;3.6060516785478267;9.942029424128336
Energetyczne;Prog_Energii_99.9%;579;550;0.036030796869597204;0.18981779913800814;2.9958790998128983;3.160413146735868
Energetyczne;Prog_Energii_99.99%;579;2729;0.003604916320627545;0.06004095536071645;0.7655506413030579;0.9996650763326349
Energetyczne;Prog_Energii_99.0%;580;44;0.33270570233367686;0.5768064686995776;5.783441797909287;9.878602459909489
Energetyczne;Prog_Energii_99.9%;580;564;0.034019063938105505;0.18444257626184227;2.749080413829155;3.1588322712123786
Energetyczne;Prog_Energii_99.99%;580;2716;0.0034070170550082523;0.0583696586850416;0.7605442944325116;0.9996605190127463
Energetyczne;Prog_Energii_99.0%;581;41;0.47267552109922556;0.6875140152020361;3.470756541352012;9.9138607354575
Energetyczne;Prog_Energii_99.9%;581;399;0.0480089966630062;0.21910955402037172;3.101277599348151;3.159530651499269
Energetyczne;Prog_Energii_99.99%;581;2402;0.004806769638393578;0.06933087074596408;1.0503502013803567;0.9997419427755352
Energetyczne;Prog_Energii_99.0%;582;72;0.3006718612347476;0.5483355370890597;3.4493635743670703;9.89626875080834
Energetyczne;Prog_Energii_99.9%;582;670;0.030658898617339867;0.17509682640567723;2.820475993951221;3.160118457255446
Energetyczne;Prog_Energii_99.99%;582;2915;0.0030675434251145116;0.055385408052252456;0.6318344007244545;0.9995866506628617
Energetyczne;Prog_Energii_99.0%;583;62;0.4764483846515084;0.6902524064800559;3.923140303428992;9.926892732362223
Energetyczne;Prog_Energii_99.9%;583;644;0.04824872886794329;0.21965593292224841;3.0434567509975894;3.158990629624287
Energetyczne;Prog_Energii_99.99%;583;2833;0.004831127406293129;0.06950631198886277;0.7599367063523719;0.9996078200641221
Energetyczne;Prog_Energii_99.0%;584;59;0.35993187003909577;0.5999432223461615;4.132764337265073;9.934546815770222
Energetyczne;Prog_Energii_99.9%;584;574;0.03634629013027973;0.19064703021626045;3.6732485924696254;3.156951818814255
Energetyczne;Prog_Energii_99.99%;584;2736;0.003643870311152468;0.0603644788857857;0.8868188406592523;0.9995841592396448
Energetyczne;Prog_Energii_99.0%;585;153;0.32861066197525635;0.5732457256493557;4.532441620833016;9.972024478029477
Energetyczne;Prog_Energii_99.9%;585;1332;0.03299944280789224;0.18165748761857367;2.532130367185488;3.1600635331344993
Energetyczne;Prog_Energii_99.99%;585;3533;0.003301653699911352;0.05746001827280733;0.34461736851458014;0.9995586239659904
Energetyczne;Prog_Energii_99.0%;586;115;0.34444369505610267;0.5868932569523206;4.255305486049654;9.99285927549119
Energetyczne;Prog_Energii_99.9%;586;1069;0.03448243302404431;0.18569446147918442;2.612125743060896;3.161765107739789
Energetyczne;Prog_Energii_99.99%;586;3354;0.003445398204237823;0.05869751446388359;0.4623332884100648;0.9994253553101384
Energetyczne;Prog_Energii_99.0%;587;77;0.337652050440242;0.5810783513780581;4.1936903706459026;9.9896143555371
Energetyczne;Prog_Energii_99.9%;587;742;0.033807408695254344;0.18386791099932132;3.353709256010079;3.1609670518363693
Energetyczne;Prog_Energii_99.99%;587;3078;0.00338080657037334;0.05814470371730636;0.65098914842984;0.9995952621111329
Energetyczne;Prog_Energii_99.0%;588;129;0.35549988463610105;0.5962381106874174;4.2577178936553945;9.989011373081269
Energetyczne;Prog_Energii_99.9%;588;1143;0.03561897730632297;0.18872990570209844;2.8749328030237997;3.1618662757489533
Energetyczne;Prog_Energii_99.99%;588;3356;0.0035574881070708805;0.05964468213571836;0.4238387657015448;0.9992507984949257
Energetyczne;Prog_Energii_99.0%;589;58;0.3533058286847798;0.5943953471257828;3.6820786368490026;9.853886379735389
Energetyczne;Prog_Energii_99.9%;589;559;0.036361882026954825;0.19068791788405165;3.0397776347753496;3.16122440376393
Energetyczne;Prog_Energii_99.99%;589;2739;0.00363614733247325;0.06030047539176826;0.7417236067783533;0.9996613130095281
Energetyczne;Prog_Energii_99.0%;590;52;0.3269745450363148;0.5718168806849924;3.786688857707711;9.904301235009468
Energetyczne;Prog_Energii_99.9%;590;503;0.03331280480356252;0.18251795748244204;3.2543404535944287;3.161349188466168
Energetyczne;Prog_Energii_99.99%;590;2678;0.0033309320697727214;0.05771422761999611;0.8448319965084545;0.999654111661743
Energetyczne;Prog_Energii_99.0%;591;134;0.38071158759963963;0.6170183041042134;3.924395291170911;9.933559158678836
Energetyczne;Prog_Energii_99.9%;591;1151;0.03856763223343203;0.19638643597110272;2.690101855652408;3.1616829949854335
Energetyczne;Prog_Energii_99.99%;591;3385;0.0038542162820172266;0.062082334701726756;0.3749966346285438;0.9994817663696787
Energetyczne;Prog_Energii_99.0%;592;52;0.4212154057361014;0.6490110983150453;4.094303733290188;9.903687526459388
Energetyczne;Prog_Energii_99.9%;592;521;0.04286055606803967;0.20702791132608103;3.3143983215867943;3.1591751641106223
Energetyczne;Prog_Energii_99.99%;592;2663;0.004289488123332063;0.06549418388935054;0.8452735832174127;0.999418860054279
Energetyczne;Prog_Energii_99.0%;593;163;0.23872772130215644;0.48859770906355715;4.176296147829457;9.969926483115387
Energetyczne;Prog_Energii_99.9%;593;1410;0.02399416551946216;0.1549005019987416;2.608289253681261;3.1607733488660963
Energetyczne;Prog_Energii_99.99%;593;3581;0.002399410918168298;0.04898378219541952;0.29793242124197405;0.9995231215661353
Energetyczne;Prog_Energii_99.0%;594;71;0.4073759845689932;0.6382601229663288;3.913102224689589;9.92662021417104
Energetyczne;Prog_Energii_99.9%;594;696;0.04130672000931677;0.20324054715857456;3.041335194839783;3.1609239731085634
Energetyczne;Prog_Energii_99.99%;594;2989;0.004130023432993566;0.06426525836712683;0.6922315037165045;0.9994934507442195
Energetyczne;Prog_Energii_99.0%;595;32;0.47936920455411763;0.692364935965216;3.655020530393677;9.802028239854653
Energetyczne;Prog_Energii_99.9%;595;262;0.04968676632443103;0.22290528554619568;2.8430715392007038;3.155740261009469
Energetyczne;Prog_Energii_99.99%;595;1962;0.004985326578057024;0.07060684512182246;1.234695768044054;0.9996033216880261
Energetyczne;Prog_Energii_99.0%;596;36;0.4199938648464773;0.6480693364497948;2.9502697575264536;9.779438861865215
Energetyczne;Prog_Energii_99.9%;596;354;0.04380715880921105;0.2093015977225474;2.6655458755085553;3.158384548528824
Energetyczne;Prog_Energii_99.99%;596;2239;0.0043895109927626595;0.06625338476457379;1.0213550903624045;0.9997709955637988
Energetyczne;Prog_Energii_99.0%;597;80;0.4187702138712588;0.647124573688296;4.046559156399086;9.928849846564871
Energetyczne;Prog_Energii_99.9%;597;734;0.042405103415715364;0.20592499463570557;3.0803565691677566;3.1595127654315136
Energetyczne;Prog_Energii_99.99%;597;3010;0.004245778779152511;0.06515964072301589;0.7839496095654699;0.9997461309614298
Energetyczne;Prog_Energii_99.0%;598;75;0.30082804499343146;0.5484779348282222;3.2273118583160545;9.995850119903697
Energetyczne;Prog_Energii_99.9%;598;681;0.030081986059444257;0.1734415926456058;2.6229953257165;3.1609223535780764
Energetyczne;Prog_Energii_99.99%;598;2944;0.0030079345883360547;0.05484464047047856;0.5745299275596629;0.999527549261585
Energetyczne;Prog_Energii_99.0%;599;98;0.35321934136672034;0.5943225903217211;3.989342384915454;9.932675080806344
Energetyczne;Prog_Energii_99.9%;599;894;0.035757442047380156;0.1890963829568936;3.0299003427786797;3.1602920054743624
Energetyczne;Prog_Energii_99.99%;599;3166;0.0035768440289115403;0.0598067222719281;0.4770147378966807;0.9995257620167483
Energetyczne;Prog_Energii_99.0%;600;43;0.32919493302049696;0.5737551158991935;3.3689394437261475;9.971917153660398
Energetyczne;Prog_Energii_99.9%;600;439;0.033097488841335836;0.18192715256754785;2.8200338699303993;3.161910792833199
Energetyczne;Prog_Energii_99.99%;600;2485;0.0033100013865382132;0.057532611504591144;0.8974921391001383;0.9999221264604997
Energetyczne;Prog_Energii_99.0%;601;62;0.3880210134654161;0.6229133274103358;3.9708576217611773;9.853327322648807
Energetyczne;Prog_Energii_99.9%;601;626;0.0398879392726189;0.199719651693615;3.122215475336615;3.1591924820164747
Energetyczne;Prog_Energii_99.99%;601;2862;0.003993859376905494;0.06319698866959955;0.7341788930205944;0.999658520321073
Energetyczne;Prog_Energii_99.0%;602;54;0.3239369126231151;0.5691545595206237;3.5016533051747363;9.936302188161617
Energetyczne;Prog_Energii_99.9%;602;529;0.032764165414970126;0.1810087440290389;2.8326099119402715;3.1600512537174072
Energetyczne;Prog_Energii_99.99%;602;2744;0.003277811248065816;0.057252172430972574;0.7152849555838552;0.9995086162219623
Energetyczne;Prog_Energii_99.0%;603;147;0.35667782338236204;0.5972251027731186;4.397597917692783;9.990845368979175
Energetyczne;Prog_Energii_99.9%;603;1355;0.03573144228903303;0.18902762308465137;2.5004213732194938;3.1622008919840647
Energetyczne;Prog_Energii_99.99%;603;3544;0.00356890894145682;0.059740346010521396;0.40500063522410734;0.9993829068956144
Energetyczne;Prog_Energii_99.0%;604;80;0.37054399243416947;0.6087232478180618;3.545389946135453;9.928575699051509
Energetyczne;Prog_Energii_99.9%;604;800;0.03755000892301577;0.19377824677454322;2.9091682561680416;3.1606185550277743
Energetyczne;Prog_Energii_99.99%;604;3093;0.0037571891313473963;0.061295914475170334;0.5776170687816289;0.999766526234614
Energetyczne;Prog_Energii_99.0%;605;31;0.48106318046840935;0.6935871830335458;3.347650880675423;9.874717564416652
Energetyczne;Prog_Energii_99.9%;605;291;0.0492317962741609;0.2218823928890278;2.4811339008275866;3.158977005187982
Energetyczne;Prog_Energii_99.99%;605;2051;0.004932517167106912;0.07023188141511597;0.9598679124529497;0.9999031267541899
Energetyczne;Prog_Energii_99.0%;606;171;0.2947638024286802;0.5429215435297077;4.280342200990283;9.989624183954799
Energetyczne;Prog_Energii_99.9%;606;1477;0.029531101457709475;0.17184615636583053;2.279494825183012;3.1619274276557507
Energetyczne;Prog_Energii_99.99%;606;3623;0.0029500633611247444;0.054314485739301116;0.35964336391463725;0.9993733104656243
Energetyczne;Prog_Energii_99.0%;607;137;0.4026803928483267;0.6345710305776073;4.581210588589452;9.970592944437044
Energetyczne;Prog_Energii_99.9%;607;1158;0.04046468370621225;0.2011583548009186;2.6448085786862103;3.1606675635144854
Energetyczne;Prog_Energii_99.99%;607;3399;0.004042685998256332;0.0635821201145128;0.48638164636117187;0.9990236043852592
Energetyczne;Prog_Energii_99.0%;608;122;0.39980090668946794;0.6322981153613128;4.031143495759418;9.972552196673437
Energetyczne;Prog_Energii_99.9%;608;1190;0.040140681313710125;0.20035139458888257;2.683846087660143;3.1599251866696236
Energetyczne;Prog_Energii_99.99%;608;3387;0.004017610907062434;0.06338462674073607;0.46263708378340707;0.9996969519313689
Energetyczne;Prog_Energii_99.0%;609;135;0.26053195488570163;0.5104233095046714;4.156710842518114;9.96719905180253
Energetyczne;Prog_Energii_99.9%;609;1234;0.02621117392983141;0.16189865326750377;2.714689104098394;3.1614467311493373
Energetyczne;Prog_Energii_99.99%;609;3480;0.0026182453835933636;0.05116879306367665;0.4466079113402477;0.9991893712712391
Energetyczne;Prog_Energii_99.0%;610;57;0.3856956928480223;0.6210440345482937;3.7108275992432933;9.948683108078072
Energetyczne;Prog_Energii_99.9%;610;517;0.038959066775555835;0.19738051265399995;2.8211139133159575;3.1618952326510747
Energetyczne;Prog_Energii_99.99%;610;2689;0.0038909666906095687;0.06237761369762047;0.7100393749858998;0.9992449443091442
Energetyczne;Prog_Energii_99.0%;611;43;0.36091379772706467;0.600761015485413;3.1609643176806363;9.980894579762055
Energetyczne;Prog_Energii_99.9%;611;402;0.03615424740691151;0.19014270274431125;2.7753307587272724;3.1589837261137723
Energetyczne;Prog_Energii_99.99%;611;2420;0.00361982847209529;0.060165010363958965;0.9087889203406987;0.9995665669946363
Energetyczne;Prog_Energii_99.0%;612;102;0.411356296611786;0.6413706390315868;3.7975541842301626;9.940638219691937
Energetyczne;Prog_Energii_99.9%;612;932;0.041585030384064796;0.20392407995149764;2.9163403468541453;3.1606303433879783
Energetyczne;Prog_Energii_99.99%;612;3236;0.004159643396835457;0.06449529747846316;0.6066831505686359;0.9996161035261193
Energetyczne;Prog_Energii_99.0%;613;106;0.3489784059126322;0.5907439427642337;4.7135244584029055;9.96513429005406
Energetyczne;Prog_Energii_99.9%;613;1005;0.03513296721075963;0.1874379022790205;2.921201222052961;3.1618502231548518
Energetyczne;Prog_Energii_99.99%;613;3274;0.003509995265325593;0.05924521301612133;0.5237381166084405;0.9993949340994454
Energetyczne;Prog_Energii_99.0%;614;53;0.4166675803182359;0.6454979320789772;3.52645139434626;9.928656712469406
Energetyczne;Prog_Energii_99.9%;614;475;0.04223099953773351;0.20550182368469022;2.874848113318023;3.1609041017068114
Energetyczne;Prog_Energii_99.99%;614;2606;0.004222235599362482;0.06497873190023395;0.7955193922259927;0.9994633454070817
Energetyczne;Prog_Energii_99.0%;615;36;0.378585313512973;0.6152928680823246;2.996074051242216;9.742181993734295
Energetyczne;Prog_Energii_99.9%;615;373;0.03978792425210645;0.19946910600919243;2.5945872432906647;3.158275406190842
Energetyczne;Prog_Energii_99.99%;615;2322;0.003983852118530296;0.06311776389044764;0.8838710288152036;0.999369202465742
Energetyczne;Prog_Energii_99.0%;616;89;0.42343921382845073;0.6507220711090493;4.1473509142689995;9.990943453608992
Energetyczne;Prog_Energii_99.9%;616;850;0.04231740059678134;0.2057119359608998;3.0670765013085886;3.1584241739563796
Energetyczne;Prog_Energii_99.99%;616;3138;0.004236291119535386;0.06508679681421867;0.6485321243375815;0.9993183502122546
Energetyczne;Prog_Energii_99.0%;617;41;0.3984750477140655;0.6312488001684166;3.2686875312820893;9.902810466707965
Energetyczne;Prog_Energii_99.9%;617;407;0.04053867427167577;0.2013421820475674;2.8460429472945368;3.1585857545210585
Energetyczne;Prog_Energii_99.99%;617;2414;0.004060961517262271;0.06372567392552449;0.9344343158634802;0.999706091448151
Energetyczne;Prog_Energii_99.0%;618;36;0.3978485489472565;0.6307523673734856;2.6444096487218394;9.779375975213167
Energetyczne;Prog_Energii_99.9%;618;340;0.0414406067572108;0.20356966069925744;2.1894476194441577;3.156205750625137
Energetyczne;Prog_Energii_99.99%;618;2284;0.004157128796928316;0.06447580008753917;0.79416006690359;0.9996523564141803
Energetyczne;Prog_Energii_99.0%;619;73;0.276286261967093;0.5256293960264142;3.2017389469800106;9.98420622703576
Energetyczne;Prog_Energii_99.9%;619;681;0.02768578466670543;0.16639045846053022;2.5916155855982304;3.160547458037292
Energetyczne;Prog_Energii_99.99%;619;2897;0.0027679574881490287;0.05261138173579011;0.5708288519740918;0.9993407695809962
Energetyczne;Prog_Energii_99.0%;620;148;0.2955559683719638;0.5436505940141736;3.9577856348303158;9.96094335969546
Energetyczne;Prog_Energii_99.9%;620;1274;0.02975727537391425;0.17250297207269866;2.4419228799958614;3.1606556731739377
Energetyczne;Prog_Energii_99.99%;620;3485;0.0029779613551237176;0.05457070051890225;0.36896735223640675;0.9998621595427103
Energetyczne;Prog_Energii_99.0%;621;70;0.2353134058719516;0.48509113151237016;3.2482723697578955;9.900068948156807
Energetyczne;Prog_Energii_99.9%;621;649;0.023978937895052694;0.15485134127624692;2.4465817761113096;3.160311240013488
Energetyczne;Prog_Energii_99.99%;621;2910;0.0023988729828845904;0.04897829093470484;0.48768094574381715;0.9995821933596747
Energetyczne;Prog_Energii_99.0%;622;40;0.49002419056897706;0.7000172787645866;3.3031165601457033;9.702414241415775
Energetyczne;Prog_Energii_99.9%;622;367;0.05198058537226831;0.22799251165831808;2.9648402716983107;3.160033129401841
Energetyczne;Prog_Energii_99.99%;622;2380;0.005198260477554918;0.07209896308238363;0.9316006827902705;0.9993096276657479
Energetyczne;Prog_Energii_99.0%;623;74;0.3520071762117412;0.5933019266880407;3.574493894337574;9.906014878213533
Energetyczne;Prog_Energii_99.9%;623;764;0.03579806492541949;0.18920376562166907;2.8347051729216104;3.159024491501049
Energetyczne;Prog_Energii_99.99%;623;3020;0.0035807271771746713;0.059839177611115874;0.5231295248610699;0.9990997113809382
Energetyczne;Prog_Energii_99.0%;624;78;0.45225457490806176;0.6724987545773313;4.093988688084488;9.903071961378796
Energetyczne;Prog_Energii_99.9%;624;739;0.04611462806002293;0.21474316766785137;3.188618460694939;3.162261681756947
Energetyczne;Prog_Energii_99.99%;624;3003;0.004608364107528325;0.06788493284616495;0.6845552639616894;0.9996589145974896
Energetyczne;Prog_Energii_99.0%;625;98;0.39828732292495717;0.6311000894667638;4.628968853316433;9.947743079985191
Energetyczne;Prog_Energii_99.9%;625;845;0.040229121902893746;0.20057198683488617;3.459505774227159;3.1615248157569735
Energetyczne;Prog_Energii_99.99%;625;3109;0.00402424848076266;0.06343696462444164;0.6649138354026531;0.9999279613337603
Energetyczne;Prog_Energii_99.0%;626;147;0.40489449589668963;0.6363132058166714;4.35658692550596;9.984301099605448
Energetyczne;Prog_Energii_99.9%;626;1290;0.040574687863087135;0.20143159599002122;2.7296271752685275;3.1606348681028065
Energetyczne;Prog_Energii_99.99%;626;3495;0.004057912055752267;0.06370174295694167;0.4515933103903822;0.9995350975554318
Energetyczne;Prog_Energii_99.0%;627;80;0.3734134642000015;0.6110756616001013;3.2500968880034473;9.919489459714677
Energetyczne;Prog_Energii_99.9%;627;781;0.0379057093366715;0.194693886233419;2.360161323352443;3.1604334352087844
Energetyczne;Prog_Energii_99.99%;627;3039;0.0037905270187482956;0.061567256059924386;0.5215319719504308;0.9994110155701763
Energetyczne;Prog_Energii_99.0%;628;51;0.30815821699826595;0.5551200023402741;3.0506627803478095;9.895474300271026
Energetyczne;Prog_Energii_99.9%;628;520;0.03137499893695017;0.17712989283842004;2.571465342226813;3.1574872009708903
Energetyczne;Prog_Energii_99.99%;628;2698;0.0031448785511540224;0.0560792167487566;0.6511480198731316;0.9996585346901109
Energetyczne;Prog_Energii_99.0%;629;97;0.4661728761976376;0.6827685377912763;4.222444486417907;9.969239970652772
Energetyczne;Prog_Energii_99.9%;629;1030;0.0468395521323463;0.2164244721198282;2.9012661353121545;3.160057001255668
Energetyczne;Prog_Energii_99.99%;629;3283;0.0046884081450639875;0.06847195152077958;0.4883824036522064;0.9997726582097296
Energetyczne;Prog_Energii_99.0%;630;83;0.3255336788810012;0.5705555878974469;4.312859566650731;9.955219777115216
Energetyczne;Prog_Energii_99.9%;630;802;0.03278231772789476;0.18105887917441318;3.1211133055788274;3.1591679636716052
Energetyczne;Prog_Energii_99.99%;630;3058;0.0032818445891423438;0.05728738595137976;0.6884670781476925;0.9995669654275948
Energetyczne;Prog_Energii_99.0%;631;93;0.36526454474738673;0.6043711978142131;3.3943296204233278;9.998232099715416
Energetyczne;Prog_Energii_99.9%;631;894;0.03650128534841758;0.1910530956263666;2.479699150382328;3.16062909739908
Energetyczne;Prog_Energii_99.99%;631;3172;0.003648271322617813;0.060400921537819376;0.47162254440585283;0.9992243752778249
Energetyczne;Prog_Energii_99.0%;632;47;0.39059013288459304;0.6249721056852002;3.4801282103642164;9.926488389621149
Energetyczne;Prog_Energii_99.9%;632;514;0.03954698372765642;0.19886423441045506;2.9741756458272084;3.1585785925949796
Energetyczne;Prog_Energii_99.99%;632;2631;0.003960126880451291;0.0629295390134974;0.7918989666177207;0.9995155506929779
Energetyczne;Prog_Energii_99.0%;633;106;0.3158374831223559;0.5619942020362451;3.745035130485147;9.911253247721172
Energetyczne;Prog_Energii_99.9%;633;965;0.032119812218775246;0.1792200106538755;2.766718577821652;3.160699712228146
Energetyczne;Prog_Energii_99.99%;633;3259;0.0032111566128972435;0.05666706815159263;0.4933216567437029;0.999372700325629
Energetyczne;Prog_Energii_99.0%;634;65;0.27564531227008227;0.5250193446627298;4.021970131002934;9.924414888466838
Energetyczne;Prog_Energii_99.9%;634;626;0.02794082251831764;0.1671550852302066;3.2576813225211536;3.159724367122675
Energetyczne;Prog_Energii_99.99%;634;2824;0.002794650557865923;0.0528644545783452;0.8194292692238729;0.9992941887218273
Energetyczne;Prog_Energii_99.0%;635;57;0.38681936509485393;0.6219480405105027;3.0874528504924275;9.90108911986003
Energetyczne;Prog_Energii_99.9%;635;567;0.03940345153933008;0.19850302652435825;2.5574286524644387;3.160064873854075
Energetyczne;Prog_Energii_99.99%;635;2691;0.00394575785303601;0.06281526767463473;0.6134678374363522;0.9999863699609466
Energetyczne;Prog_Energii_99.0%;636;57;0.40206774493565606;0.6340881207968306;3.5904421233082457;9.992329950877322
Energetyczne;Prog_Energii_99.9%;636;565;0.04022103305453311;0.2005518213692738;3.062810155518579;3.160412418470921
Energetyczne;Prog_Energii_99.99%;636;2751;0.0040235335288930155;0.06343132923794846;0.769306930796331;0.9995878335834626
Energetyczne;Prog_Energii_99.0%;637;85;0.36266462192491056;0.6022164244894941;3.3801625890022455;9.998967809054509
Energetyczne;Prog_Energii_99.9%;637;782;0.03623714230230286;0.19036055868352264;2.5671678140724388;3.1606728428300785
Energetyczne;Prog_Energii_99.99%;637;3059;0.0036254169197235298;0.06021143512426464;0.5163653379589634;0.9997273024475593
Energetyczne;Prog_Energii_99.0%;638;119;0.28570499135157224;0.5345137896739168;4.551931581742327;9.991085134137593
Energetyczne;Prog_Energii_99.9%;638;1135;0.02860263463752882;0.1691231345426427;3.062652906624156;3.1612348792695784
Energetyczne;Prog_Energii_99.99%;638;3379;0.0028600492573151916;0.05347942835628661;0.48487880739096134;0.9996328101444022
Energetyczne;Prog_Energii_99.0%;639;94;0.34491594767971695;0.5872954517785038;3.4489719992174424;9.918058011065154
Energetyczne;Prog_Energii_99.9%;639;865;0.03506156559229644;0.18724733801124233;2.539336489317277;3.1621732386809565
Energetyczne;Prog_Energii_99.99%;639;3157;0.0035032256054979643;0.05918805289497167;0.48092405550185013;0.9995489329887031
Energetyczne;Prog_Energii_99.0%;640;58;0.34127916118660606;0.5841910314157571;3.4641896143404054;9.845193877734495
Energetyczne;Prog_Energii_99.9%;640;559;0.03516108048474089;0.1875128808501989;2.9726385031027336;3.1600975832662233
Energetyczne;Prog_Energii_99.99%;640;2746;0.0035178239455626588;0.05931124636662644;0.7098932173831471;0.9995544063632521
Energetyczne;Prog_Energii_99.0%;641;40;0.41413690664223485;0.6435346973102809;3.4366543095296826;9.867685967515296
Energetyczne;Prog_Energii_99.9%;641;408;0.04239959157616316;0.2059116110766053;2.8527834061331756;3.1573606266476357
Energetyczne;Prog_Energii_99.99%;641;2397;0.004252778187916186;0.06521332829963661;0.9085977008420882;0.9999533004931758
Energetyczne;Prog_Energii_99.0%;642;126;0.36468763114159514;0.6038937250390959;4.531680388584714;9.942414487683711
Energetyczne;Prog_Energii_99.9%;642;1084;0.03687192875322215;0.19202064668473062;2.7518541740656897;3.1613987368540113
Energetyczne;Prog_Energii_99.99%;642;3320;0.003685873493916052;0.06071139509116927;0.4076343830506328;0.9995431796925083
Energetyczne;Prog_Energii_99.0%;643;34;0.3202909023604848;0.5659424903296136;2.76623090699443;9.699191299795368
Energetyczne;Prog_Energii_99.9%;643;283;0.03393708067940433;0.18422019617676108;2.3814149246604916;3.157188149918881
Energetyczne;Prog_Energii_99.99%;643;2009;0.0034016167264214955;0.058323380615508694;1.0042352796642096;0.9995531975539237
Energetyczne;Prog_Energii_99.0%;644;57;0.39661721276611633;0.6297755256963519;3.4738575095214133;9.93286192384551
Energetyczne;Prog_Energii_99.9%;644;537;0.040131878420858656;0.20032942475048107;2.8717971961779534;3.159609153006903
Energetyczne;Prog_Energii_99.99%;644;2728;0.004017552583781392;0.06338416666472307;0.7560768081421092;0.9996993372242644
Energetyczne;Prog_Energii_99.0%;645;53;0.37074685284555925;0.6088898528022612;3.481986318762928;9.950339283141037
Energetyczne;Prog_Energii_99.9%;645;480;0.03736438407681346;0.19329869134790711;2.846866032600583;3.1588431849322682
Energetyczne;Prog_Energii_99.99%;645;2603;0.0037418906765145335;0.06117099538600409;0.8133845912253679;0.999642473227196
Energetyczne;Prog_Energii_99.0%;646;36;0.28769263889113084;0.5363698713491752;3.3997409858521777;9.77806161995448
Energetyczne;Prog_Energii_99.9%;646;353;0.03001555418161322;0.1732499759931101;3.057211611309574;3.1583596160147556
Energetyczne;Prog_Energii_99.99%;646;2322;0.0030061870233519666;0.05482870619804891;1.0705073812898847;0.9995312868680701
Energetyczne;Prog_Energii_99.0%;647;107;0.36976643168860096;0.608084230751465;4.601436170413134;9.985558273649275
Energetyczne;Prog_Energii_99.9%;647;1022;0.03700226772784479;0.1923597352042386;3.113990885891164;3.15880473172596
Energetyczne;Prog_Energii_99.99%;647;3331;0.003701141945036345;0.06083701130920507;0.4968659942830769;0.9990252844938844
Energetyczne;Prog_Energii_99.0%;648;75;0.37932466291261946;0.6158933859951895;3.803257327769137;9.962263061541671
Energetyczne;Prog_Energii_99.9%;648;705;0.03818970035609374;0.19542185229931103;2.733517858356328;3.161007968016537
Energetyczne;Prog_Energii_99.99%;648;2941;0.003818803970014291;0.06179647214861291;0.6111952061450907;0.9995767543841159
Energetyczne;Prog_Energii_99.0%;649;45;0.3967282676150486;0.629863689709963;3.2608205273439843;9.95273614956728
Energetyczne;Prog_Energii_99.9%;649;464;0.0399367667169323;0.1998418542671487;2.720536981783539;3.1577836278784077
Energetyczne;Prog_Energii_99.99%;649;2520;0.004001330661187691;0.06325607212898768;0.7416107504838161;0.9995353058813615
Energetyczne;Prog_Energii_99.0%;650;65;0.5068945849525031;0.7119652975760147;4.0709286328871315;9.951869028296484
Energetyczne;Prog_Energii_99.9%;650;563;0.05109748411656145;0.22604752623411176;3.224586970804009;3.159698068025725
Energetyczne;Prog_Energii_99.99%;650;2756;0.005114283309783181;0.07151421753597798;0.7750463416117004;0.9996275506716957
Energetyczne;Prog_Energii_99.0%;651;119;0.39591828406876095;0.6292203779827549;4.267491595905258;9.991291275923516
Energetyczne;Prog_Energii_99.9%;651;1096;0.03963744345777011;0.19909154542011598;2.81671296960078;3.161343291587821
Energetyczne;Prog_Energii_99.99%;651;3341;0.003959324555808001;0.06292316390494046;0.5180631755571512;0.9991470088627158
Energetyczne;Prog_Energii_99.0%;652;137;0.2981568850143589;0.546037439205737;4.527316184063482;9.985875461264243
Energetyczne;Prog_Energii_99.9%;652;1257;0.029872977233190573;0.17283800864737645;2.6856878504895327;3.1608433880214415
Energetyczne;Prog_Energii_99.99%;652;3475;0.002983874111215893;0.05462484884387226;0.3823317816741161;0.9989735107518272
Energetyczne;Prog_Energii_99.0%;653;70;0.284204940123934;0.5331087507478507;3.40766671842269;9.888492159990959
Energetyczne;Prog_Energii_99.9%;653;666;0.029000779710311324;0.17029615295217718;2.75054067420556;3.1587779622486614
Energetyczne;Prog_Energii_99.99%;653;2899;0.0029037278972494137;0.05388624961202453;0.5994206612298747;0.9995216849701443
Energetyczne;Prog_Energii_99.0%;654;62;0.3582322190791982;0.5985250363010709;3.300571926167816;9.948451004765131
Energetyczne;Prog_Energii_99.9%;654;606;0.036123099414474724;0.1900607782117992;2.847159642462211;3.1591165369672165
Energetyczne;Prog_Energii_99.99%;654;2881;0.0036162844030410623;0.06013555024310547;0.6181068985675688;0.9995497914930852
Energetyczne;Prog_Energii_99.0%;655;85;0.4685533753240379;0.684509587459546;4.13462155978677;9.969056106201906
Energetyczne;Prog_Energii_99.9%;655;853;0.04714656927944585;0.2171326075914114;2.8951451886845327;3.1622744037790826
Energetyczne;Prog_Energii_99.99%;655;3140;0.0047074383264352005;0.06861077412793999;0.5690601117784051;0.999233128800848
Energetyczne;Prog_Energii_99.0%;656;90;0.36037796660282356;0.6003148895395012;3.7336758369686827;9.915162936462337
Energetyczne;Prog_Energii_99.9%;656;871;0.036645897553728164;0.1914311822920398;2.8472040906876153;3.1617929133845077
Energetyczne;Prog_Energii_99.99%;656;3118;0.0036609827266433598;0.06050605528906475;0.5378405901171046;0.9993545175830593
Energetyczne;Prog_Energii_99.0%;657;50;0.43207023119609606;0.6573204935159834;3.2272289276741617;9.880048695493839
Energetyczne;Prog_Energii_99.9%;657;416;0.04420274431142012;0.21024448699411863;2.5939464509654515;3.1601414986318286
Energetyczne;Prog_Energii_99.99%;657;2513;0.004420794948108912;0.06648905886015316;0.7525903947454302;0.9993833232584216
Energetyczne;Prog_Energii_99.0%;658;60;0.4076115935291823;0.6384446675548182;3.5620446820602387;9.936429192925388
Energetyczne;Prog_Energii_99.9%;658;627;0.04127064415300013;0.20315177615024715;2.961678436960025;3.1617512710459565
Energetyczne;Prog_Energii_99.99%;658;2875;0.004126109727367039;0.0642348015281984;0.6292475457594382;0.9997178918433933
Energetyczne;Prog_Energii_99.0%;659;60;0.44808197085810486;0.6693892521232357;4.036435083008116;9.910623993299458
Energetyczne;Prog_Energii_99.9%;659;592;0.045470637383789494;0.21323845193536153;3.460999148779421;3.1570959816599506
Energetyczne;Prog_Energii_99.99%;659;2761;0.004558819557086914;0.06751903107337157;0.8380343934472043;0.9996511405547562
Energetyczne;Prog_Energii_99.0%;660;69;0.4498673854738678;0.6707215409347368;3.846852549155184;9.955705652400932
Energetyczne;Prog_Energii_99.9%;660;748;0.045307509141337174;0.21285560631878403;2.9664121386084497;3.159474735252827
Energetyczne;Prog_Energii_99.99%;660;3046;0.004533928710896379;0.06733445411449014;0.6263379797945543;0.9994639571210505
Energetyczne;Prog_Energii_99.0%;661;110;0.2953959422071246;0.5435033966840728;4.379080087419011;9.95049374458123
Energetyczne;Prog_Energii_99.9%;661;1142;0.02981126440530826;0.17265938840766307;2.5525811369259266;3.1610587436536974
Energetyczne;Prog_Energii_99.99%;661;3429;0.002978628584685136;0.05457681361791961;0.4155155114247191;0.9991956735092089
Energetyczne;Prog_Energii_99.0%;662;72;0.2808365714480745;0.5299401583651445;3.3221177571363913;9.903512761900195
Energetyczne;Prog_Energii_99.9%;662;729;0.028594312040430708;0.16909852761165814;2.6322080063262274;3.160110438482172
Energetyczne;Prog_Energii_99.99%;662;3005;0.002862708898855997;0.05350428860246622;0.6261349799070997;0.9998872450534537
Energetyczne;Prog_Energii_99.0%;663;68;0.2625657270563686;0.5124116773224129;2.9455344199089977;9.881880333533424
Energetyczne;Prog_Energii_99.9%;663;650;0.026832752219159782;0.16380705790398586;2.208290146693572;3.159025868524183
Energetyczne;Prog_Energii_99.99%;663;2914;0.0026869707546494327;0.051835998636559834;0.538452237884167;0.999659371879191
Energetyczne;Prog_Energii_99.0%;664;103;0.2503766916243319;0.500376549834554;4.056731447768539;9.987744780719867
Energetyczne;Prog_Energii_99.9%;664;993;0.02508973572718407;0.15839739810736814;2.9547112319057787;3.161684508895472
Energetyczne;Prog_Energii_99.99%;664;3254;0.0025065872017770267;0.0500658286836144;0.48730901643724245;0.999336838012335
Energetyczne;Prog_Energii_99.0%;665;58;0.42027755021068586;0.6482881691120747;4.382673266848036;9.887873975196573
Energetyczne;Prog_Energii_99.9%;665;567;0.042939553295780294;0.20721861232954025;3.6448297212954808;3.160556711741242
Energetyczne;Prog_Energii_99.99%;665;2795;0.0042923712830056976;0.06551619099891032;0.8794071004622404;0.9992714209475885
Energetyczne;Prog_Energii_99.0%;666;38;0.4879902100312598;0.6985629606780335;2.996496031517988;9.93977768023986
Energetyczne;Prog_Energii_99.9%;666;369;0.049279187202215115;0.22198916010070202;2.843178801299958;3.15866002497824
Energetyczne;Prog_Energii_99.99%;666;2292;0.0049336219283202766;0.07023974607243591;1.035147067333427;0.9994338371431319
Energetyczne;Prog_Energii_99.0%;667;50;0.5198645197525985;0.7210163103235588;3.6814114295580715;9.84701677757996
Energetyczne;Prog_Energii_99.9%;667;466;0.05343456173124446;0.2311591696888628;2.764585319377069;3.156971887634856
Energetyczne;Prog_Energii_99.99%;667;2615;0.0053570711218453955;0.0731920154241253;0.8168256503075284;0.9995932041299116
Energetyczne;Prog_Energii_99.0%;668;89;0.33358094236451197;0.5775646650934525;4.276131610270291;9.960523098320339
Energetyczne;Prog_Energii_99.9%;668;798;0.03357083850725895;0.1832234660387663;2.9787963123112675;3.1598220527188072
Energetyczne;Prog_Energii_99.99%;668;3096;0.0033587510722320295;0.05795473295799084;0.6645753205702822;0.9994715590706221
Energetyczne;Prog_Energii_99.0%;669;182;0.27595703279077277;0.5253161265283722;4.1115514935977036;9.973778213950002
Energetyczne;Prog_Energii_99.9%;669;1500;0.027716046220743817;0.16648136898987773;2.2848285878825365;3.1608552778174293
Energetyczne;Prog_Energii_99.99%;669;3631;0.0027727602855031706;0.05265700604386059;0.3360081141687872;0.9997585704495309
Energetyczne;Prog_Energii_99.0%;670;33;0.3714219335457706;0.6094439543926665;2.4335764710420222;9.973697965899404
Energetyczne;Prog_Energii_99.9%;670;338;0.037217538029831035;0.19291847508683826;1.9906241729670149;3.1571575838757173
Energetyczne;Prog_Energii_99.99%;670;2208;0.0037321573632933635;0.06109138534436229;0.7495918043804917;0.999775321998624
Energetyczne;Prog_Energii_99.0%;671;94;0.24106200582447168;0.49098065728139606;4.129439533424906;9.941410853756357
Energetyczne;Prog_Energii_99.9%;671;920;0.024357850493698215;0.15607001792047764;3.3548418374834794;3.1601166911374703
Energetyczne;Prog_Energii_99.99%;671;3202;0.002434919447504311;0.049344902953641634;0.6631723620401062;0.9991390628648196
Energetyczne;Prog_Energii_99.0%;672;91;0.3387100091820363;0.58198798027282;3.4716859498179264;9.981729007010776
Energetyczne;Prog_Energii_99.9%;672;856;0.03394475634684952;0.18424102785983779;2.612810513653402;3.159934696946713
Energetyczne;Prog_Energii_99.99%;672;3130;0.0033976443838185516;0.05828931620647605;0.48115000518008966;0.9997253862601427
Energetyczne;Prog_Energii_99.0%;673;66;0.3940969289190391;0.6277713986150046;3.9960629444764284;9.911315737241093
Energetyczne;Prog_Energii_99.9%;673;628;0.04003692123489132;0.20009228179740296;3.280588177992497;3.1590763546322522
Energetyczne;Prog_Energii_99.99%;673;2840;0.00400737855235881;0.06330385890574769;0.7499098125790185;0.9994474650881782
Energetyczne;Prog_Energii_99.0%;674;57;0.513424589019494;0.7165365231580969;4.117046186351607;9.931876112116594
Energetyczne;Prog_Energii_99.9%;674;482;0.051923405391052356;0.22786707833965913;3.2195044915810875;3.1584539223831296
Energetyczne;Prog_Energii_99.99%;674;2617;0.005201072375372604;0.07211846071133662;0.8894606371265086;0.9996302966171411
Energetyczne;Prog_Energii_99.0%;675;105;0.4054645975899038;0.6367610207840173;3.906388706195121;9.965546962751876
Energetyczne;Prog_Energii_99.9%;675;896;0.040785707900537635;0.20195471745056523;2.9173741635232977;3.160666490899327
Energetyczne;Prog_Energii_99.99%;675;3148;0.004075690260644541;0.06384113298371624;0.5152177232007702;0.9991374913639828
Energetyczne;Prog_Energii_99.0%;676;78;0.3484639976267206;0.5903083919670469;3.7436949971245648;9.946724282770361
Energetyczne;Prog_Energii_99.9%;676;759;0.03521543288312498;0.1876577546575813;2.7712363329241665;3.1620420283757817
Energetyczne;Prog_Energii_99.99%;676;3022;0.0035185371835705043;0.05931725873277106;0.5862070809668345;0.9994986109863111
Energetyczne;Prog_Energii_99.0%;677;89;0.36887116830602373;0.6073476502844345;3.7173922160510444;9.945832877875578
Energetyczne;Prog_Energii_99.9%;677;840;0.037229853784809634;0.19295039203072284;2.5096207084966613;3.159726314836997
Energetyczne;Prog_Energii_99.99%;677;3122;0.00372329575555392;0.06101881476687268;0.5186979569157093;0.9992348431629651
Energetyczne;Prog_Energii_99.0%;678;66;0.4048441711067339;0.6362736605476718;3.920851576126082;9.912176611207391
Energetyczne;Prog_Energii_99.9%;678;640;0.041129292342560964;0.20280358069462423;3.3463207643568778;3.1593715627015997
Energetyczne;Prog_Energii_99.99%;678;2901;0.004117822629483153;0.06417026281295062;0.7793646785442128;0.9996751675090034
Energetyczne;Prog_Energii_99.0%;679;64;0.31887664747142425;0.5646916392788406;4.103372092820413;9.943024637690257
Energetyczne;Prog_Energii_99.9%;679;650;0.03219299927951019;0.17942407664388355;3.3208627889115814;3.1592782513006608
Energetyczne;Prog_Energii_99.99%;679;2916;0.0032225743917319635;0.056767723150853634;0.7926948143494297;0.9995594598059907
Energetyczne;Prog_Energii_99.0%;680;92;0.3002149976493358;0.5479187874579003;3.9768571003766278;9.899219258764735
Energetyczne;Prog_Energii_99.9%;680;831;0.030596292818072784;0.17491796025014922;3.0553722688622007;3.1602333784642602
Energetyczne;Prog_Energii_99.99%;680;3105;0.0030618495734630116;0.05533398208572208;0.5896590675262643;0.9997160777576193
Energetyczne;Prog_Energii_99.0%;681;61;0.19855859836616227;0.4455991453831148;3.9068261741416794;9.964388173012367
Energetyczne;Prog_Energii_99.9%;681;598;0.019978534313084412;0.14134544319886796;3.3337900206019633;3.1607351071310226
Energetyczne;Prog_Energii_99.99%;681;2849;0.0019977422050022897;0.044696109506335;0.9301307277004849;0.99948437863738
Energetyczne;Prog_Energii_99.0%;682;48;0.3967380374421672;0.6298714451712882;4.161666115219818;9.91509000792283
Energetyczne;Prog_Energii_99.9%;682;526;0.04023473363972541;0.200585975680568;3.651948916849555;3.1575141537953133
Energetyczne;Prog_Energii_99.99%;682;2687;0.004031811174695118;0.06349654458862403;1.0018913611469937;0.9995276966668732
Energetyczne;Prog_Energii_99.0%;683;76;0.3288809856345469;0.5734814605848623;2.823902043322305;9.889875365485148
Energetyczne;Prog_Energii_99.9%;683;684;0.033560662364707367;0.18319569417622064;2.2977426972457113;3.1592696667972806
Energetyczne;Prog_Energii_99.99%;683;2927;0.0033603609160911233;0.057968620098214546;0.469196102425226;0.9996878143119389
Energetyczne;Prog_Energii_99.0%;684;110;0.29429077004348053;0.5424857325713558;3.9365390456766125;9.947451266821494
Energetyczne;Prog_Energii_99.9%;684;1030;0.029707012787334997;0.17235722435492803;2.9104168478342984;3.1604795975528206
Energetyczne;Prog_Energii_99.99%;684;3331;0.002972204929857655;0.05451793218618673;0.45928607399718757;0.9996843069391473
Energetyczne;Prog_Energii_99.0%;685;58;0.3461477029026708;0.5883431846317851;3.33925015539889;9.881583861999134
Energetyczne;Prog_Energii_99.9%;685;608;0.035362723143940344;0.18804978900264777;2.8149374493721524;3.1584112959919484
Energetyczne;Prog_Energii_99.99%;685;2841;0.00354386002231401;0.0595303285923571;0.690154810885728;0.9998483022895908
Energetyczne;Prog_Energii_99.0%;686;112;0.322822708206208;0.56817489227016;3.410299656450113;9.942249050318688
Energetyczne;Prog_Energii_99.9%;686;1037;0.03263862516094738;0.18066163167907948;2.3459520397551783;3.1613205025897027
Energetyczne;Prog_Energii_99.99%;686;3332;0.003263532220045413;0.057127333388190045;0.41347167647261296;0.9996467352800709
Energetyczne;Prog_Energii_99.0%;687;115;0.35104823212742714;0.5924932338241738;3.450779013795631;9.99006434139465
Energetyczne;Prog_Energii_99.9%;687;1077;0.03516406961505668;0.18752085114743022;2.2919724061153315;3.161800441541994
Energetyczne;Prog_Energii_99.99%;687;3360;0.0035143000533515837;0.059281532144096816;0.40048458963206457;0.9995495080231235
Energetyczne;Prog_Energii_99.0%;688;127;0.4045524389097673;0.6360443686644567;4.301851366362443;9.983879526843603
Energetyczne;Prog_Energii_99.9%;688;1210;0.04053793158038439;0.2013403376881652;2.4783849735995602;3.1604047994222597
Energetyczne;Prog_Energii_99.99%;688;3465;0.00405111797470078;0.06364839333950842;0.45296915836712515;0.9990779299141014
Energetyczne;Prog_Energii_99.0%;689;57;0.42435510378118313;0.6514254399247723;4.515016969766944;9.907564886546746
Energetyczne;Prog_Energii_99.9%;689;545;0.04322468248692013;0.20790546526467293;3.7539852242667333;3.162045509944026
Energetyczne;Prog_Energii_99.99%;689;2708;0.004321465535118393;0.06573785465862415;0.9481110073082091;0.9998106008999459
Energetyczne;Prog_Energii_99.0%;690;57;0.4534244898771087;0.673368019642386;3.885103871630462;9.990806728019503
Energetyczne;Prog_Energii_99.9%;690;566;0.04537265060199276;0.21300856931586756;2.966873793885852;3.1604225109725137
Energetyczne;Prog_Energii_99.99%;690;2744;0.004537766529135814;0.06736294626228735;0.7329544758859736;0.9994685775156069
Energetyczne;Prog_Energii_99.0%;691;86;0.2437499466679796;0.4937103874418479;3.92932058332182;9.943734856650071
Energetyczne;Prog_Energii_99.9%;691;798;0.024625683250409508;0.15692572526647602;3.0165437372811397;3.160613679454225
Energetyczne;Prog_Energii_99.99%;691;3068;0.0024634052340635044;0.04963270327176936;0.5931036746032792;0.9996436253053199
Energetyczne;Prog_Energii_99.0%;692;64;0.4089650182663504;0.6395037281098136;3.841000781912774;9.914316624219722
Energetyczne;Prog_Energii_99.9%;692;609;0.041586134151763175;0.20392678625370228;3.0026974438666576;3.1615057711307135
Energetyczne;Prog_Energii_99.99%;692;2790;0.004156620436468332;0.06447185770914571;0.7707853644552887;0.9995163164558616
Energetyczne;Prog_Energii_99.0%;693;140;0.3943106747504311;0.6279416173104241;4.12959159629686;9.980913095955668
Energetyczne;Prog_Energii_99.9%;693;1226;0.03953030075013172;0.19882228433988913;2.547554064562042;3.160210896731846
Energetyczne;Prog_Energii_99.99%;693;3421;0.003953214326885064;0.06287459206138092;0.517688219233142;0.9993697216569077
Energetyczne;Prog_Energii_99.0%;694;90;0.3302827742865523;0.5747023353759338;3.596976295486752;9.932402653233401
Energetyczne;Prog_Energii_99.9%;694;797;0.03344702565300371;0.18288528003369683;2.828124987744607;3.1607497113367238
Energetyczne;Prog_Energii_99.99%;694;3035;0.0033477156624286096;0.05785944747773357;0.4815328422035279;0.9999669294305862
Energetyczne;Prog_Energii_99.0%;695;93;0.4508944995528215;0.6714867828578769;4.1238877547689885;9.945873687992345
Energetyczne;Prog_Energii_99.9%;695;809;0.045524187812848664;0.21336397965178813;3.1785034417089415;3.1602873583785844
Energetyczne;Prog_Energii_99.99%;695;3115;0.004552905754428561;0.06747522326327317;0.5406169212432854;0.9994240613186258
Energetyczne;Prog_Energii_99.0%;696;61;0.39873566370330293;0.6314551953252923;3.805962189498284;9.977004229675053
Energetyczne;Prog_Energii_99.9%;696;563;0.039979295724476116;0.19994823261153402;2.888417343205381;3.159185920473214
Energetyczne;Prog_Energii_99.99%;696;2759;0.004005654437430517;0.06329023966956135;0.7061443927711046;0.9999870039157305
Energetyczne;Prog_Energii_99.0%;697;76;0.3662779136440601;0.6052089834462638;3.9501495426649775;9.935885471015956
Energetyczne;Prog_Energii_99.9%;697;744;0.037064734804323464;0.19252203719139133;3.1637553009496875;3.1606882324974306
Energetyczne;Prog_Energii_99.99%;697;3029;0.003708673572751973;0.060898879897350926;0.6528472284895628;0.9997939761694894
Energetyczne;Prog_Energii_99.0%;698;103;0.3839785535606649;0.6196600306302359;3.9191579845077094;9.987578726707437
Energetyczne;Prog_Energii_99.9%;698;947;0.03847537777476282;0.19615141542890488;2.8584295530165997;3.161536337850885
Energetyczne;Prog_Energii_99.99%;698;3236;0.0038465817189672342;0.06202081681957465;0.4980813503924013;0.9996413518073655
Energetyczne;Prog_Energii_99.0%;699;74;0.25943599631086783;0.5093485999891114;3.0948383725218935;9.900788238343003
Energetyczne;Prog_Energii_99.9%;699;706;0.026438521959031777;0.16259926801505528;2.528421379794657;3.160626966209499
Energetyczne;Prog_Energii_99.99%;699;2947;0.002644766985797538;0.05142729806044197;0.5652891643158089;0.9996509026970299
Energetyczne;Prog_Energii_99.0%;700;43;0.3308949299098326;0.5752346737722202;3.2501301117056247;9.976933741297795
Energetyczne;Prog_Energii_99.9%;700;451;0.03320049444320755;0.18221002838265393;2.7825923081170307;3.1602708651974876
Energetyczne;Prog_Energii_99.99%;700;2537;0.0033221302053642147;0.057637923326263364;0.8207916664256834;0.9996785107565314
Energetyczne;Prog_Energii_99.0%;701;114;0.3420986850784314;0.5848920285646159;4.014509966220144;9.976362112010449
Energetyczne;Prog_Energii_99.9%;701;1065;0.03437003189255364;0.18539156370383642;2.868738208316838;3.162179140242802
Energetyczne;Prog_Energii_99.99%;701;3332;0.0034371335864945693;0.058627072129644756;0.45531353628115667;0.999987814105893
Energetyczne;Prog_Energii_99.0%;702;98;0.394491638145441;0.6280856933137715;4.147796549462296;9.95175654929073
Energetyczne;Prog_Energii_99.9%;702;908;0.03977201144653041;0.1994292141250384;3.2502553111807986;3.15987294236501
Energetyczne;Prog_Energii_99.99%;702;3194;0.003979279785383418;0.06308153283951982;0.6428343634632148;0.9995006481725016
Energetyczne;Prog_Energii_99.0%;703;60;0.3810638764922719;0.6173037149509728;4.124117677285008;9.923220166498604
Energetyczne;Prog_Energii_99.9%;703;556;0.03865566376159396;0.19661043655308322;2.947025541201886;3.160532816658331
Energetyczne;Prog_Energii_99.99%;703;2780;0.0038654335500097844;0.06217261093125963;0.7538579500997606;0.9994310606829028
Energetyczne;Prog_Energii_99.0%;704;101;0.31759166912021564;0.5635527207992307;3.932375594862479;9.976586907545231
Energetyczne;Prog_Energii_99.9%;704;975;0.03190072755417456;0.17860774774397262;2.8090030284169094;3.1618971073399726
Energetyczne;Prog_Energii_99.99%;704;3255;0.0031886950775859356;0.05646853174632696;0.48668746680573705;0.9996637292598747
Energetyczne;Prog_Energii_99.0%;705;103;0.3541698809236781;0.5951217362218238;4.069186465456555;9.961983669389314
Energetyczne;Prog_Energii_99.9%;705;1018;0.0356405120999683;0.1887869489662045;2.7771716541615437;3.1601811665204567
Energetyczne;Prog_Energii_99.99%;705;3274;0.003562144900062182;0.05968370715749971;0.4835356322791178;0.9990697362295782
Energetyczne;Prog_Energii_99.0%;706;43;0.479479943683515;0.6924449029948267;3.5035023294571914;9.933570030120745
Energetyczne;Prog_Energii_99.9%;706;427;0.04848654642960359;0.2201966085787962;2.9170924371351195;3.1588627806375813
Energetyczne;Prog_Energii_99.99%;706;2446;0.004856035011546216;0.06968525677319569;0.8788962043178774;0.9996800831800721
Energetyczne;Prog_Energii_99.0%;707;64;0.3590263730645752;0.5991880948955638;4.094076899373686;9.838146256670449
Energetyczne;Prog_Energii_99.9%;707;606;0.03704980044388293;0.19248324717721002;3.0938088834927973;3.1604071473053925
Energetyczne;Prog_Energii_99.99%;707;2779;0.0037084975720129065;0.06089743485577128;0.7573868543323048;0.9998828011954455
Energetyczne;Prog_Energii_99.0%;708;119;0.362873119064762;0.6023895077645045;3.6602038996670823;9.995961135664844
Energetyczne;Prog_Energii_99.9%;708;1054;0.03625084942823392;0.19039655834135744;2.7029595364082155;3.1594119303428836
Energetyczne;Prog_Energii_99.99%;708;3290;0.00362881100063735;0.060239613217859804;0.36226424031703064;0.9996071060198675
Energetyczne;Prog_Energii_99.0%;709;46;0.49529404033735125;0.7037712983188156;4.0736255913163975;9.89029834708769
Energetyczne;Prog_Energii_99.9%;709;428;0.05055513009347695;0.22484467993145169;3.480659724758638;3.1598062773939692
Energetyczne;Prog_Energii_99.99%;709;2494;0.005062522935306167;0.07115140852650892;1.1300645598901733;0.9999109935624355
Energetyczne;Prog_Energii_99.0%;710;114;0.3373981967221237;0.5808598770117658;3.955125516448482;9.930608923883597
Energetyczne;Prog_Energii_99.9%;710;1053;0.034177982195222965;0.18487288117845452;2.763549798626318;3.1606594916826123
Energetyczne;Prog_Energii_99.99%;710;3369;0.003420860659612647;0.058488124090388185;0.44824836385699607;0.9999359742684639
Energetyczne;Prog_Energii_99.0%;711;101;0.3834606639582505;0.619242007585282;3.9246283978107215;9.97119127246178
Energetyczne;Prog_Energii_99.9%;711;951;0.038562323912354694;0.19637292051694574;2.682128760746182;3.162046384485204
Energetyczne;Prog_Energii_99.99%;711;3246;0.003850335229509786;0.06205106952752536;0.5077589530745059;0.9991620002210032
Energetyczne;Prog_Energii_99.0%;712;105;0.3316786214474858;0.5759154638030531;3.879276700899565;9.983516758354163
Energetyczne;Prog_Energii_99.9%;712;1006;0.033228472485951066;0.18228678637232887;2.8289804253546533;3.1599484663204196
Energetyczne;Prog_Energii_99.99%;712;3272;0.0033221905901216387;0.05763844715224065;0.5192963113849656;0.9991647025242715
Energetyczne;Prog_Energii_99.0%;713;53;0.374381737283431;0.6118674180600165;3.958064250001753;9.932505512216075
Energetyczne;Prog_Energii_99.9%;713;495;0.03791301885363155;0.19471265714799219;3.425023925772999;3.1607902028066013
Energetyczne;Prog_Energii_99.99%;713;2655;0.00379112594121695;0.06157211983695989;0.9826408167089493;0.9995064316685777
Energetyczne;Prog_Energii_99.0%;714;151;0.2917978515840681;0.540183164846951;4.304500275156312;9.975055954433703
Energetyczne;Prog_Energii_99.9%;714;1243;0.029316612095038476;0.1712209452579867;2.462557198563398;3.1617766355294585
Energetyczne;Prog_Energii_99.99%;714;3451;0.0029300917575466653;0.05413032197896725;0.37859055415492904;0.9995738958741794
Energetyczne;Prog_Energii_99.0%;715;43;0.3352656868704055;0.5790213181484819;3.2018099389810497;9.927383579877842
Energetyczne;Prog_Energii_99.9%;715;436;0.033918727303928725;0.18417037575008832;2.651872629688067;3.157621156277548
Energetyczne;Prog_Energii_99.99%;715;2484;0.0033988834385297565;0.058299943726643134;0.8230604154084054;0.999558886554265
Energetyczne;Prog_Energii_99.0%;716;39;0.4348664389529492;0.659444037771932;3.2917112765337295;9.943477525077137
Energetyczne;Prog_Energii_99.9%;716;361;0.04388623823417355;0.20949042516108832;2.6927070824513093;3.1588174507516906
Energetyczne;Prog_Energii_99.99%;716;2315;0.004396365456102486;0.06630509374175174;0.9533133953980037;0.999786443815359
Energetyczne;Prog_Energii_99.0%;717;69;0.3824879805343055;0.6184561266042284;3.5114804627568708;9.956657246612346
Energetyczne;Prog_Energii_99.9%;717;682;0.03851953410234786;0.19626393989306304;2.7826712365846635;3.1596950783147038
Energetyczne;Prog_Energii_99.99%;717;2925;0.003853627113333239;0.06207758946136069;0.6068565415076637;0.9994003687155923
Energetyczne;Prog_Energii_99.0%;718;66;0.4680242100628078;0.6841229495220927;4.303888691199212;9.879107618935821
Energetyczne;Prog_Energii_99.9%;718;637;0.047908636084697115;0.2188804150322662;3.170155327588736;3.1607522847927303
Energetyczne;Prog_Energii_99.99%;718;2863;0.004792139227903611;0.06922527882142196;0.7210337651779408;0.9996506913054247
Energetyczne;Prog_Energii_99.0%;719;48;0.21977893529243675;0.4688058609834531;2.9451299751617546;9.855006784996991
Energetyczne;Prog_Energii_99.9%;719;471;0.02262227129787821;0.15040701877864016;2.4978862984529044;3.161782549956188
Energetyczne;Prog_Energii_99.99%;719;2608;0.0022590360878856934;0.04752931819293954;0.7238633456410568;0.9991380062849357
Energetyczne;Prog_Energii_99.0%;720;85;0.4220795157228536;0.6496764700393987;4.108998426697671;9.953957703834766
Energetyczne;Prog_Energii_99.9%;720;814;0.04252502747126192;0.20621597288101112;3.218140435146908;3.1595188783553163
Energetyczne;Prog_Energii_99.99%;720;3112;0.0042552483217041664;0.06523226442263189;0.5718038864044102;0.9994500815904049
Energetyczne;Prog_Energii_99.0%;721;84;0.4396954731014253;0.6630953725531685;4.260191318815703;9.934156198133474
Energetyczne;Prog_Energii_99.9%;721;785;0.0445453833453236;0.21105777252999616;3.287183276451139;3.1619597510839053
Energetyczne;Prog_Energii_99.99%;721;3062;0.004451211056751602;0.06671739695725247;0.6450818818825255;0.9995259655549439
Energetyczne;Prog_Energii_99.0%;722;109;0.34668200505477376;0.5887970830895596;3.4217308192307074;9.976832740720747
Energetyczne;Prog_Energii_99.9%;722;970;0.03479298119237807;0.18652876773403632;2.4376351021177665;3.160624212420164
Energetyczne;Prog_Energii_99.99%;722;3217;0.00348012437781453;0.05899257900629985;0.41780991716675686;0.9995958040438938
Energetyczne;Prog_Energii_99.0%;723;55;0.4103367612810193;0.640575336147919;4.56289302511263;9.960198256709372
Energetyczne;Prog_Energii_99.9%;723;541;0.041326987530390526;0.20329040196327647;3.7082804849127076;3.1609282983271347
Energetyczne;Prog_Energii_99.99%;723;2723;0.004133070085257652;0.06428895772415082;1.034672391748769;0.9996182002578492
Energetyczne;Prog_Energii_99.0%;724;75;0.4244749794623326;0.651517443713008;4.088251920524486;9.927480126346758
Energetyczne;Prog_Energii_99.9%;724;714;0.043004762440948904;0.20737589648015728;3.3951953772661128;3.159884836325219
Energetyczne;Prog_Energii_99.99%;724;2941;0.004306583109525432;0.06562456178539733;0.7957019548880089;0.9999525557012181
Energetyczne;Prog_Energii_99.0%;725;114;0.46487743688582966;0.6818192112912554;3.9476148476288517;9.939476610274161
Energetyczne;Prog_Energii_99.9%;725;1065;0.0469864849940815;0.21676366160886262;2.8064813260188832;3.1599540007656355
Energetyczne;Prog_Energii_99.99%;725;3325;0.004702267369545577;0.06857308050208608;0.5349837559024468;0.9996499342606204
Energetyczne;Prog_Energii_99.0%;726;61;0.3357846792606797;0.5794693082991365;3.290166899628011;9.955708017041312
Energetyczne;Prog_Energii_99.9%;726;559;0.03387562208880992;0.18405331316988;2.7762683883706254;3.1621710058584647
Energetyczne;Prog_Energii_99.99%;726;2764;0.003384580785807448;0.058177150031670066;0.6722634858312428;0.9995261365592777
Energetyczne;Prog_Energii_99.0%;727;94;0.32290735704082646;0.5682493792700758;3.405218531707667;9.95995613402586
Energetyczne;Prog_Energii_99.9%;727;909;0.03252788165857138;0.18035487700245698;2.590063638190349;3.161159042196416
Energetyczne;Prog_Energii_99.99%;727;3225;0.0032546891613260795;0.05704988309651545;0.4479892432692836;0.9999383260611329
Energetyczne;Prog_Energii_99.0%;728;45;0.34841600263427946;0.5902677380937226;2.7226844304839792;9.967236376048922
Energetyczne;Prog_Energii_99.9%;728;426;0.034968651254376;0.18699906752274462;2.315684083289458;3.157658445164734
Energetyczne;Prog_Energii_99.99%;728;2478;0.0035026136663329354;0.05918288322085141;0.7054498190284155;0.9993596946080475
Energetyczne;Prog_Energii_99.0%;729;134;0.316371816295643;0.5624693914300075;4.270475651931713;9.94911873358092
Energetyczne;Prog_Energii_99.9%;729;1233;0.031950919017376046;0.17874820003954178;2.7948529626666265;3.1617490528434806
Energetyczne;Prog_Energii_99.99%;729;3442;0.0031911266291718404;0.05649005779048062;0.3745908668198077;0.999212225211862
Energetyczne;Prog_Energii_99.0%;730;86;0.3908601435679936;0.6251880865531537;3.8592758832830345;9.932600819532206
Energetyczne;Prog_Energii_99.9%;730;883;0.03957956804187801;0.19894614357126406;2.9929170761058246;3.1607330196793577
Energetyczne;Prog_Energii_99.99%;730;3206;0.003958685315148723;0.06291808416622938;0.5301048279512806;0.9996035237945206
Energetyczne;Prog_Energii_99.0%;731;69;0.38116486241689274;0.6173855055124737;4.400166437334484;9.945188238601066
Energetyczne;Prog_Energii_99.9%;731;696;0.03844932583743568;0.19608499646182947;3.476362505044873;3.1586459078912057
Energetyczne;Prog_Energii_99.99%;731;2980;0.0038485736011909283;0.062036872915959655;0.7200869980660443;0.9993243660154663
Energetyczne;Prog_Energii_99.0%;732;54;0.3898853040995708;0.6244079628732891;4.344225972364868;9.919103442013947
Energetyczne;Prog_Energii_99.9%;732;516;0.039525611849433345;0.1988104923021754;3.473208784948246;3.1582266014489906
Energetyczne;Prog_Energii_99.99%;732;2657;0.003962322126297265;0.06294697869077805;0.9887375889441472;0.9999513621237719
Energetyczne;Prog_Energii_99.0%;733;113;0.2747652534650718;0.5241805542607163;3.849486331428573;9.97164617623093
Energetyczne;Prog_Energii_99.9%;733;995;0.027620669739750043;0.16619467422197995;2.787767166294862;3.161571855813784
Energetyczne;Prog_Energii_99.99%;733;3291;0.0027584679385617146;0.0525211189766718;0.4558666819220376;0.9991252269053283
Energetyczne;Prog_Energii_99.0%;734;59;0.42884318108050085;0.6548611922235894;3.9732923509214757;9.988858329005156
Energetyczne;Prog_Energii_99.9%;734;585;0.042915740550101215;0.20716114633323793;3.3419372304762716;3.1599113927803146
Energetyczne;Prog_Energii_99.99%;734;2784;0.00429520809008205;0.06553783708730439;0.7852652842668775;0.9996747060726523
Energetyczne;Prog_Energii_99.0%;735;56;0.36417410337590905;0.6034683946785524;4.21300869596045;9.91650436105675
Energetyczne;Prog_Energii_99.9%;735;554;0.036963735807682425;0.19225955322865604;3.6003026377229457;3.1593082833481985
Energetyczne;Prog_Energii_99.99%;735;2724;0.00369782756598199;0.06080976538338222;0.9379630308712668;0.999257473857196
Energetyczne;Prog_Energii_99.0%;736;51;0.39923802450062046;0.6318528503541156;3.542923852929455;9.933271319624627
Energetyczne;Prog_Energii_99.9%;736;511;0.04038313795045696;0.20095556212868795;2.7475420032237814;3.1591946142099716
Energetyczne;Prog_Energii_99.99%;736;2620;0.0040411449071343876;0.06357000005611442;0.8074592353879568;0.9993751836239134
Energetyczne;Prog_Energii_99.0%;737;110;0.37365898663867747;0.611276522237422;4.339483828383983;9.932082716687402
Energetyczne;Prog_Energii_99.9%;737;1039;0.037857369285127736;0.19456970289623135;2.9229415716573692;3.161388198344838
Energetyczne;Prog_Energii_99.99%;737;3311;0.0037840661560022857;0.0615147637238597;0.49561903220021675;0.9994980984490571
Energetyczne;Prog_Energii_99.0%;738;55;0.3002385084245428;0.5479402416546377;3.9407046194340394;9.90318104739053
Energetyczne;Prog_Energii_99.9%;738;560;0.030567738467472315;0.17483631907436256;3.2718875955577795;3.15989881711236
Energetyczne;Prog_Energii_99.99%;738;2727;0.0030606237221313093;0.05532290413681579;0.9177357802194368;0.9998768005793541
Energetyczne;Prog_Energii_99.0%;739;67;0.40789357316345665;0.6386654626355308;3.61990529775188;9.988410892268988
Energetyczne;Prog_Energii_99.9%;739;668;0.04081526954413393;0.2020278929854339;2.888133635055957;3.159615988174146
Energetyczne;Prog_Energii_99.99%;739;2934;0.004082364769124709;0.06389338595758334;0.7043287591788872;0.9992608487220981
Energetyczne;Prog_Energii_99.0%;740;75;0.3895833077814535;0.6241660899003193;3.857020619557777;9.997734018824236
Energetyczne;Prog_Energii_99.9%;740;764;0.03893479544356991;0.19731901946738412;2.925901269616189;3.1606059755748013
Energetyczne;Prog_Energii_99.99%;740;3089;0.003897182685290994;0.0624274193387088;0.5380113635784678;0.9999465593039353
Energetyczne;Prog_Energii_99.0%;741;60;0.3902084761079063;0.6246666920109526;3.948770539432676;9.913116278708932
Energetyczne;Prog_Energii_99.9%;741;614;0.0396164470818213;0.19903880797930162;3.280998461714778;3.158636233865084
Energetyczne;Prog_Energii_99.99%;741;2815;0.003965474693315997;0.06297201516003753;0.7999468954883096;0.9993311898485671
Energetyczne;Prog_Energii_99.0%;742;64;0.39690314342672117;0.6300024947781724;4.011360839298007;9.885608347309292
Energetyczne;Prog_Energii_99.9%;742;606;0.040511099730765776;0.20127369358852085;3.10359821663042;3.1582619464595036
Energetyczne;Prog_Energii_99.99%;742;2790;0.0040577019650760845;0.06370009391732546;0.7190410764892947;0.9995423595508531
Energetyczne;Prog_Energii_99.0%;743;67;0.37202944950271005;0.6099421689821996;3.459939034243172;9.993043245188828
Energetyczne;Prog_Energii_99.9%;743;634;0.03715072464066991;0.19274523247196002;2.678112157896866;3.157859123940128
Energetyczne;Prog_Energii_99.99%;743;2844;0.003721874064289915;0.06100716404070849;0.5984786126562249;0.9995164452105959
Energetyczne;Prog_Energii_99.0%;744;45;0.4906887934629469;0.700491822552517;4.195141192593432;9.902303893834098
Energetyczne;Prog_Energii_99.9%;744;422;0.04992866274558831;0.22344722586236848;3.5227190781061886;3.158698308084065
Energetyczne;Prog_Energii_99.99%;744;2500;0.0050015227730166555;0.0707214449302095;1.1742766535241262;0.9997336399419344
Energetyczne;Prog_Energii_99.0%;745;64;0.34512831811635125;0.5874762277031738;3.4586935646520365;9.926948710806037
Energetyczne;Prog_Energii_99.9%;745;659;0.03499029758863676;0.1870569367562635;2.53840491579325;3.160816607745582
Energetyczne;Prog_Energii_99.99%;745;2872;0.0035019035063899415;0.05917688320949272;0.538736832980458;0.9999483498808128
Energetyczne;Prog_Energii_99.0%;746;52;0.3594013779147373;0.5995009407121371;3.408602483556784;9.92751721940345
Energetyczne;Prog_Energii_99.9%;746;507;0.03646590775205196;0.19096048741049013;2.7708177978737014;3.162236117163337
Energetyczne;Prog_Energii_99.99%;746;2660;0.003643172823890604;0.06035870131050372;0.7341527867139486;0.9995181089942266
Energetyczne;Prog_Energii_99.0%;747;103;0.4101986665141724;0.6404675374397772;4.520448759310052;9.983739654168385
Energetyczne;Prog_Energii_99.9%;747;905;0.04109949442836696;0.2027301024228197;3.4118276172485684;3.160198518012538
Energetyczne;Prog_Energii_99.99%;747;3169;0.004107745156435309;0.06409169334972598;0.5936453145561162;0.9990744932308556
Energetyczne;Prog_Energii_99.0%;748;103;0.3915917223692165;0.6257728999958504;3.8596356956517015;9.97878127003111
Energetyczne;Prog_Energii_99.9%;748;1043;0.03930930520703856;0.19826574390710708;2.514236269203569;3.1616110122412526
Energetyczne;Prog_Energii_99.99%;748;3302;0.003928128548326861;0.06267478399106662;0.3933004982588706;0.999432798380129
Energetyczne;Prog_Energii_99.0%;749;84;0.2714534668652992;0.5210119642247184;3.391511883967458;9.926406396841662
Energetyczne;Prog_Energii_99.9%;749;780;0.027499837003546277;0.16583074806424253;2.443288155855772;3.1594349293444477
Energetyczne;Prog_Energii_99.99%;749;3076;0.0027504588517490024;0.052444817205792624;0.521077493526763;0.9991873598669145
Energetyczne;Prog_Energii_99.0%;750;83;0.473162654265482;0.687868195416449;3.968120974766231;9.953536626645931
Energetyczne;Prog_Energii_99.9%;750;801;0.04774031833544908;0.21849557967027405;2.885278594385113;3.161657668576519
Energetyczne;Prog_Energii_99.99%;750;3045;0.0047675567201238825;0.06904749611770063;0.5992762118591088;0.9991256844919848
Energetyczne;Prog_Energii_99.0%;751;101;0.37798591987119295;0.6148055951853342;4.4989272405492855;9.956719658348785
Energetyczne;Prog_Energii_99.9%;751;963;0.038107616436100826;0.1952117220765721;3.000101111077578;3.1614357545884118
Energetyczne;Prog_Energii_99.99%;751;3251;0.0038119923630023523;0.06174133431504661;0.4598052300954194;0.9998951895061954
Energetyczne;Prog_Energii_99.0%;752;72;0.35009409545329556;0.5916874981384139;4.0051532975061725;9.966716405562401
Energetyczne;Prog_Energii_99.9%;752;670;0.03518745844265238;0.18758320405263468;3.276043440992214;3.1597568025714806
Energetyczne;Prog_Energii_99.99%;752;2919;0.003521805824247919;0.05934480452615813;0.7491165503574653;0.999637204971653
Energetyczne;Prog_Energii_99.0%;753;51;0.3742803104180606;0.6117845294039893;3.73999197203199;9.855526990859625
Energetyczne;Prog_Energii_99.9%;753;456;0.03842403042142424;0.19602048469847289;3.262371469868209;3.1577869083895607
Energetyczne;Prog_Energii_99.99%;753;2547;0.003851620371489709;0.06206142418193212;0.9356573271063198;0.9997769013742436
Energetyczne;Prog_Energii_99.0%;754;45;0.3390139889706783;0.5822490781192172;3.1125569939907876;9.907914012324133
Energetyczne;Prog_Energii_99.9%;754;472;0.0344585163350221;0.18563005234881044;2.6655204165347337;3.1587969236744047
Energetyczne;Prog_Energii_99.99%;754;2600;0.003451637404026728;0.05875063747762;0.78762490456592;0.9997375456184074
Energetyczne;Prog_Energii_99.0%;755;62;0.329994801091698;0.5744517395671267;4.555546231134394;9.89027870639055
Energetyczne;Prog_Energii_99.9%;755;600;0.033668094488205506;0.18348867673021543;3.3984166911212688;3.1591063745339545
Energetyczne;Prog_Energii_99.99%;755;2827;0.0033721093525710855;0.05806986613185091;0.8932511008443682;0.9997831339488574
Energetyczne;Prog_Energii_99.0%;756;75;0.3946459664051209;0.6282085373545324;4.215473498862498;9.982780735289554
Energetyczne;Prog_Energii_99.9%;756;727;0.03955975796625046;0.19889634980625076;3.4034768083636013;3.1606362077258816
Energetyczne;Prog_Energii_99.99%;756;2948;0.003957213513005131;0.06290638690153116;0.7346163214235737;0.9996372700246712
Energetyczne;Prog_Energii_99.0%;757;63;0.3513475287595337;0.5927457538941411;3.330621271226385;9.966735875050174
Energetyczne;Prog_Energii_99.9%;757;591;0.035310539787911197;0.18791098900253597;2.7382204450869407;3.1596332543990004
Energetyczne;Prog_Energii_99.99%;757;2861;0.0035360559461862936;0.059464745405881404;0.5860069981088971;0.999871205223966
Energetyczne;Prog_Energii_99.0%;758;96;0.40523304035144364;0.6365791705290424;4.065203765767249;9.945585002716035
Energetyczne;Prog_Energii_99.9%;758;896;0.04091338571255313;0.20227057549864522;2.997821071192726;3.160171264319256
Energetyczne;Prog_Energii_99.99%;758;3170;0.004092307818564084;0.06397114832925921;0.5738980307375026;0.999452264360536
Energetyczne;Prog_Energii_99.0%;759;119;0.2709932890301114;0.5205701576445881;4.315886921700156;9.963884173088275
Energetyczne;Prog_Energii_99.9%;759;1094;0.027264212834074278;0.1651187840134316;2.8799846304150822;3.160427878069541
Energetyczne;Prog_Energii_99.99%;759;3348;0.002728714155455391;0.05223709558786161;0.5844079071848836;0.9998352044055258
Energetyczne;Prog_Energii_99.0%;760;52;0.4244298774989698;0.6514828297806242;3.816273951885311;9.854356480415952
Energetyczne;Prog_Energii_99.9%;760;513;0.04369695827053454;0.2090381741944149;3.382812464697877;3.1619201494852893
Energetyczne;Prog_Energii_99.99%;760;2645;0.0043657925345803004;0.06607414422132382;0.9778138561977361;0.9994402638586709
Energetyczne;Prog_Energii_99.0%;761;74;0.3014863239615849;0.5490777030271625;3.812219329379114;9.869588912265533
Energetyczne;Prog_Energii_99.9%;761;701;0.030936071816882408;0.17588653108433974;2.958600128315261;3.161533872958908
Energetyczne;Prog_Energii_99.99%;761;2943;0.0030909167165108263;0.055596013494771605;0.6195626074609688;0.9993299588182667
Energetyczne;Prog_Energii_99.0%;762;58;0.3295313289592103;0.5740481939342813;3.4675451623583458;9.885355243656424
Energetyczne;Prog_Energii_99.9%;762;555;0.03371550533826184;0.18361782413007144;2.7802315702877554;3.1619774084696197
Energetyczne;Prog_Energii_99.99%;762;2752;0.003369211147268256;0.05804490629907379;0.6561967081207278;0.9995580944494437
Energetyczne;Prog_Energii_99.0%;763;31;0.48055209916269187;0.6932186517706314;3.6709468924524966;9.972255556567497
Energetyczne;Prog_Energii_99.9%;763;322;0.04819809144818941;0.21954063735033066;3.0024379718182876;3.158188740474909
Energetyczne;Prog_Energii_99.99%;763;2208;0.004828629790262678;0.06948834283721751;1.1537800826273195;0.99962041010459
Energetyczne;Prog_Energii_99.0%;764;62;0.36626133391042465;0.6051952857635498;3.2777800937905663;9.888144963102876
Energetyczne;Prog_Energii_99.9%;764;630;0.03739752777199424;0.19338440415916233;2.6237203388720998;3.15966278474313
Energetyczne;Prog_Energii_99.99%;764;2880;0.003740899765219814;0.06116289533058269;0.585566634420676;0.9993263160152582
Energetyczne;Prog_Energii_99.0%;765;85;0.38268489014314766;0.6186153006054309;4.571050711645592;9.969239963501298
Energetyczne;Prog_Energii_99.9%;765;785;0.03850076477965833;0.1962161175328325;3.5823883302026704;3.162103424336492
Energetyczne;Prog_Energii_99.99%;765;3059;0.0038465052947957525;0.06202020069941529;0.7870972517252939;0.9994810389459577
Energetyczne;Prog_Energii_99.0%;766;50;0.520957278013937;0.7217737027725082;4.081793779438135;9.839996273143125
Energetyczne;Prog_Energii_99.9%;766;483;0.05367840024141769;0.23168599491859168;3.416735621337478;3.158592946488872
Energetyczne;Prog_Energii_99.99%;766;2612;0.005373732504178641;0.07330574673365411;0.9837123457038;0.9993828701272063
Energetyczne;Prog_Energii_99.0%;767;52;0.32122210363506154;0.5667645927852776;3.5766078811209407;9.892333753077487
Energetyczne;Prog_Energii_99.9%;767;497;0.03275576887793126;0.18098554880965292;3.1416362788364687;3.1589296086943026
Energetyczne;Prog_Energii_99.99%;767;2672;0.0032814567108450424;0.057284000478711704;0.8869675112924891;0.9998374257326872
Energetyczne;Prog_Energii_99.0%;768;189;0.3318924410247748;0.5761010684114158;4.32209435302603;9.974644309520576
Energetyczne;Prog_Energii_99.9%;768;1587;0.033335718143648975;0.18258071679027052;2.223036469799286;3.1612121685212484
Energetyczne;Prog_Energii_99.99%;768;3640;0.0033310916688804545;0.057715610270363205;0.2980373469562312;0.9992911228948832
Energetyczne;Prog_Energii_99.0%;769;104;0.2891865870943979;0.537760715462182;3.229740726896106;9.913911655432198
Energetyczne;Prog_Energii_99.9%;769;965;0.02939875802725335;0.1714606602904974;2.313907574536837;3.160970650377685
Energetyczne;Prog_Energii_99.99%;769;3240;0.0029373508852768055;0.05419733282438173;0.4120157756058682;0.9991573466261543
Energetyczne;Prog_Energii_99.0%;770;95;0.3898613232668218;0.6243887597217153;4.171532037445419;9.982183321511824
Energetyczne;Prog_Energii_99.9%;770;873;0.039093996386740784;0.19772201796143185;2.9605479030529676;3.161007303959038
Energetyczne;Prog_Energii_99.99%;770;3130;0.003909228936873855;0.06252382695320124;0.537445672129385;0.9995764543991854
Energetyczne;Prog_Energii_99.0%;771;81;0.43000815542096915;0.6557500708509066;4.110349273970909;9.973643047072567
Energetyczne;Prog_Energii_99.9%;771;791;0.043201765981305144;0.20785034515560744;3.026948582476452;3.161303737417646
Energetyczne;Prog_Energii_99.99%;771;3082;0.004318523100774045;0.0657154707871293;0.5867194979477759;0.9995006900276361
Energetyczne;Prog_Energii_99.0%;772;165;0.3349650089765272;0.5787616167097877;4.323533188937886;9.97560988278849
Energetyczne;Prog_Energii_99.9%;772;1472;0.03364098848411879;0.18341479897794177;2.3605932823734084;3.161361134719972
Energetyczne;Prog_Energii_99.99%;772;3638;0.0033645418455725703;0.058004670894442376;0.32059728783500807;0.9997759898314758
Energetyczne;Prog_Energii_99.0%;773;44;0.4137131304241869;0.6432053563397827;4.200805113090228;9.88093978150668
Energetyczne;Prog_Energii_99.9%;773;413;0.042340924299533234;0.20576910433671336;3.650322897512606;3.1610310903125725
Energetyczne;Prog_Energii_99.99%;773;2441;0.004236754083195671;0.06509035322684668;1.2038350787191505;0.9999199388689723
Energetyczne;Prog_Energii_99.0%;774;60;0.30540075591585203;0.5526307591112279;3.3349359439103514;9.869629505627199
Energetyczne;Prog_Energii_99.9%;774;599;0.03132076366912805;0.1769767319992322;2.636801296282904;3.160690473976209
Energetyczne;Prog_Energii_99.99%;774;2848;0.00313168065123391;0.05596142109734089;0.592009474864351;0.9994349459074878
Energetyczne;Prog_Energii_99.0%;775;69;0.2931999055453939;0.5414793676082164;3.7763047314121447;9.993837428333377
Energetyczne;Prog_Energii_99.9%;775;697;0.029331029577933987;0.1712630420666817;2.7685131078486362;3.160923762352171
Energetyczne;Prog_Energii_99.99%;775;2957;0.0029322342437745714;0.05415010843732976;0.5602222896358402;0.9994238244749801
Energetyczne;Prog_Energii_99.0%;776;71;0.31133074951139517;0.5579702048598968;4.380186469064729;9.946843192908018
Energetyczne;Prog_Energii_99.9%;776;751;0.03145978207551608;0.17736905613865142;3.4447489479808935;3.161929030114183
Energetyczne;Prog_Energii_99.99%;776;3066;0.003142777833168731;0.056060483704377106;0.68196312989072;0.9993810348099695
Energetyczne;Prog_Energii_99.0%;777;53;0.4627325225056252;0.6802444579014408;3.6543533646120077;9.957452059921199
Energetyczne;Prog_Energii_99.9%;777;533;0.046658643078386616;0.21600611815035844;2.847228176894412;3.161908253934652
Energetyczne;Prog_Energii_99.99%;777;2733;0.004662880024516926;0.06828528409926202;0.7042463469768272;0.999563370077492
Energetyczne;Prog_Energii_99.0%;778;67;0.42341896380869987;0.6507065112696352;3.915748144252192;9.960847675622848
Energetyczne;Prog_Energii_99.9%;778;673;0.04263257682092018;0.20647657693046004;2.8324403042171618;3.1606902586166092
Energetyczne;Prog_Energii_99.99%;778;2920;0.0042650460291661745;0.06530731987431558;0.6976112473309968;0.9997076317892841
Energetyczne;Prog_Energii_99.0%;779;72;0.45588850167830186;0.6751951582159798;3.8643871924111592;9.928751564582443
Energetyczne;Prog_Energii_99.9%;779;774;0.04620509327993441;0.2149537003169157;2.9668860841707945;3.1608963162198402
Energetyczne;Prog_Energii_99.99%;779;3015;0.0046230141181331785;0.06799275048218875;0.6313149309639687;0.9998340768823336
Energetyczne;Prog_Energii_99.0%;780;78;0.28503309626091244;0.5338849091900917;3.435676568043654;9.960098119643867
Energetyczne;Prog_Energii_99.9%;780;756;0.028670868342285098;0.16932474226256805;2.825945780723548;3.1589037599452072
Energetyczne;Prog_Energii_99.99%;780;2991;0.0028703687373724165;0.053575822321009846;0.5783950357417502;0.9995046459870369
Energetyczne;Prog_Energii_99.0%;781;105;0.29608522919388086;0.5441371418988791;4.036865739967939;9.972343516970152
Energetyczne;Prog_Energii_99.9%;781;1012;0.02972598043607362;0.17241223980934076;2.65539813193596;3.159780778626764
Energetyczne;Prog_Energii_99.99%;781;3287;0.002975599690025367;0.05454905764562177;0.3983515387223191;0.999714776813084
Energetyczne;Prog_Energii_99.0%;782;67;0.39045904603959836;0.6248672227278355;3.7921701060240482;9.992137238260094
Energetyczne;Prog_Energii_99.9%;782;663;0.03906102168760937;0.19763861385774129;2.923644565360823;3.1604028526652193
Energetyczne;Prog_Energii_99.99%;782;2914;0.0039055621385435104;0.06249449686607222;0.7491233236696324;0.9993380459224268
Energetyczne;Prog_Energii_99.0%;783;95;0.2789622995339504;0.5281688172676899;3.556122353512925;9.974871091793771
Energetyczne;Prog_Energii_99.9%;783;915;0.028029283497971288;0.16741948362711936;2.472831168661174;3.161844684573265
Energetyczne;Prog_Energii_99.99%;783;3207;0.002803314190370423;0.052946333115433244;0.4177652619633596;0.9999318974220066
Energetyczne;Prog_Energii_99.0%;784;64;0.37085791136558044;0.6089810435190741;3.787338577798539;9.941060066067491
Energetyczne;Prog_Energii_99.9%;784;594;0.037471879468932545;0.19357654679462732;3.0249911041904203;3.1599605596049094
Energetyczne;Prog_Energii_99.99%;784;2818;0.0037492349362403658;0.061230996531498376;0.7404038810507374;0.9995401677979
Energetyczne;Prog_Energii_99.0%;785;110;0.3123734085288811;0.5589037560518637;4.291398718104721;9.932595226874387
Energetyczne;Prog_Energii_99.9%;785;1027;0.031644351010771385;0.17788859157003684;3.037518912729845;3.1613589216602005
Energetyczne;Prog_Energii_99.99%;785;3290;0.003163749535453602;0.056247218024126334;0.5045663499660116;0.9996011714395372
Energetyczne;Prog_Energii_99.0%;786;114;0.3481858811395941;0.5900727761383286;4.213650051037762;9.948707690152522
Energetyczne;Prog_Energii_99.9%;786;1081;0.03516145569189025;0.18751388133119704;2.7276384420437223;3.161509679227602
Energetyczne;Prog_Energii_99.99%;786;3335;0.003514800062075674;0.05928574923264168;0.5537959992469357;0.9995658385855914
Energetyczne;Prog_Energii_99.0%;787;78;0.43245889347667454;0.6576160684447078;4.386118893437167;9.910843509928776
Energetyczne;Prog_Energii_99.9%;787;806;0.043985430414662526;0.2097270378722365;3.468340122853391;3.1607680406419507
Energetyczne;Prog_Energii_99.99%;787;3091;0.004400647769623502;0.06633737837466523;0.6792237691552552;0.9997617264510615
Energetyczne;Prog_Energii_99.0%;788;118;0.35245757724960586;0.5936813768761876;4.111044942352274;9.970546770095163
Energetyczne;Prog_Energii_99.9%;788;1069;0.03541959018659001;0.1882009303552722;2.8745096174972367;3.160729393527871
Energetyczne;Prog_Energii_99.99%;788;3354;0.00354287180183384;0.059522027870645;0.44805822706420173;0.9996391765863687
Energetyczne;Prog_Energii_99.0%;789;95;0.3507842174463634;0.5922703921743543;3.8260353440241897;9.985430141058274
Energetyczne;Prog_Energii_99.9%;789;846;0.035101175562503396;0.18735307726990608;2.8209214023072064;3.1586942205954607
Energetyczne;Prog_Energii_99.99%;789;3131;0.003513790150558157;0.059277231299700195;0.6170005127361713;0.9993892315391337
Energetyczne;Prog_Energii_99.0%;790;61;0.4292121924109422;0.6551428793865826;4.298083594139881;9.97003680292916
Energetyczne;Prog_Energii_99.9%;790;554;0.04311709756323066;0.2076465688693908;3.0186307780585695;3.1599884525466915
Energetyczne;Prog_Energii_99.99%;790;2767;0.0043168397261861315;0.06570266148479932;0.7697881759068075;0.9998703697538214
Energetyczne;Prog_Energii_99.0%;791;79;0.49238473285191303;0.7017013131325273;4.118872751002439;9.957827181027856
Energetyczne;Prog_Energii_99.9%;791;741;0.04962273390451421;0.2227616077884926;3.2656565416882763;3.1612048480045707
Energetyczne;Prog_Energii_99.99%;791;2984;0.004957770781705513;0.0704114392815934;0.6695917265438798;0.9992071139264364
Energetyczne;Prog_Energii_99.0%;792;125;0.34801646706759964;0.5899292051319376;4.246109469565014;9.98154099078131
Energetyczne;Prog_Energii_99.9%;792;1097;0.03491852308215514;0.1868649862391431;2.8550150716763234;3.161736194211033
Energetyczne;Prog_Energii_99.99%;792;3365;0.0034924886617003323;0.05909728133933347;0.46382766680267196;0.9999198734369583
Energetyczne;Prog_Energii_99.0%;793;103;0.37560540507200824;0.6128665475223853;4.214383342806525;9.971964982380628
Energetyczne;Prog_Energii_99.9%;793;976;0.03772453353813834;0.19422804518951;3.086210067961953;3.1602887660552104
Energetyczne;Prog_Energii_99.99%;793;3281;0.0037709244172162244;0.06140785305818975;0.49684081615018627;0.9991685185216879
Energetyczne;Prog_Energii_99.0%;794;51;0.4767591597520655;0.6904774867814776;4.093644900993495;9.966020305794308
Energetyczne;Prog_Energii_99.9%;794;467;0.04799190554379385;0.21907054923880995;3.63815785826987;3.1619590557431887
Energetyczne;Prog_Energii_99.99%;794;2613;0.004793230052465137;0.0692331571753386;1.0029010993529202;0.999278127748773
Energetyczne;Prog_Energii_99.0%;795;59;0.389406848327006;0.6240247177211861;4.103476434840069;9.910207872411826
Energetyczne;Prog_Energii_99.9%;795;569;0.039631289667293006;0.1990760901446806;3.1935087755780156;3.161550143342662
Energetyczne;Prog_Energii_99.99%;795;2777;0.003962865659432043;0.06295129593131538;0.7146818360629754;0.9997367264477314
Energetyczne;Prog_Energii_99.0%;796;81;0.35850838333521107;0.5987556958686999;3.7853707096279052;9.954780989232772
Energetyczne;Prog_Energii_99.9%;796;788;0.036122289235002325;0.19005864683039897;2.6655225694664146;3.1598734130814057
Energetyczne;Prog_Energii_99.99%;796;3078;0.003614981901426291;0.06012471955382653;0.5384089535212793;0.9996204116756068
Energetyczne;Prog_Energii_99.0%;797;21;0.480420127946117;0.6931234579395773;2.639504640131343;9.961812431763352
Energetyczne;Prog_Energii_99.9%;797;236;0.048300598838935956;0.21977397215988967;2.352309491051572;3.158668290564849
Energetyczne;Prog_Energii_99.99%;797;1835;0.004838843236267956;0.06956179437211174;1.063017359468934;0.9997664052689978
Energetyczne;Prog_Energii_99.0%;798;47;0.25601286752816094;0.5059771413099221;3.623439834769413;9.952450912490312
Energetyczne;Prog_Energii_99.9%;798;465;0.02580369152071083;0.16063527483311638;2.968603936716562;3.159657931289297
Energetyczne;Prog_Energii_99.99%;798;2576;0.00258166975462429;0.050810134369280016;0.931021768371191;0.9994233471854664
Energetyczne;Prog_Energii_99.0%;799;51;0.3257306410438026;0.5707281673825138;3.410421914202547;9.898246606291654
Energetyczne;Prog_Energii_99.9%;799;533;0.03322973880980451;0.1822902597776538;2.9609302662544197;3.161494470264809
Energetyczne;Prog_Energii_99.99%;799;2722;0.0033206919105063606;0.057625444991829436;0.779208339721007;0.9994089970052843
Energetyczne;Prog_Energii_99.0%;800;85;0.3891149784982719;0.6237908130922352;4.106400416350006;9.98219070934422
Energetyczne;Prog_Energii_99.9%;800;842;0.03897805881662567;0.19742861701543085;3.0402657535376023;3.159344551357971
Energetyczne;Prog_Energii_99.99%;800;3155;0.0039005300085342485;0.06245422330422698;0.6444115061323639;0.9994215280861822
Energetyczne;Prog_Energii_99.0%;801;36;0.47498801479717023;0.6891937425696567;3.679530412750299;9.906287429740468
Energetyczne;Prog_Energii_99.9%;801;398;0.04822134174012241;0.21959358310324645;2.5750179020196424;3.1563797196366683
Energetyczne;Prog_Energii_99.99%;801;2375;0.004837167501311042;0.06954974839142872;0.7057470633698291;0.999689573011449
Energetyczne;Prog_Energii_99.0%;802;50;0.47195033659728014;0.6869864166031816;4.138641255617676;9.854872351290831
Energetyczne;Prog_Energii_99.9%;802;499;0.04856545273605914;0.22037570813512805;3.6793594698720833;3.1613062798758014
Energetyczne;Prog_Energii_99.99%;802;2627;0.004855518502286672;0.06968155065931492;0.9854181097087369;0.9995871394124065
Energetyczne;Prog_Energii_99.0%;803;113;0.29120646601071765;0.5396354936535566;4.282810412698609;9.982967208366391
Energetyczne;Prog_Energii_99.9%;803;1029;0.02919083340179577;0.1708532510717773;2.8721842925195977;3.160693510622458
Energetyczne;Prog_Energii_99.99%;803;3339;0.0029196447691722063;0.05403373732375178;0.4674819483004775;0.9995951604228621
Energetyczne;Prog_Energii_99.0%;804;92;0.38351068603451693;0.619282396031501;4.354504728106692;9.948248709300373
Energetyczne;Prog_Energii_99.9%;804;886;0.038686959326677914;0.1966900082024451;3.1551356054835704;3.1596588773899543
Energetyczne;Prog_Energii_99.99%;804;3159;0.0038705098532320304;0.06221342180938154;0.6280203229189922;0.99940608223725
Energetyczne;Prog_Energii_99.0%;805;161;0.3540052119826957;0.5949833711816622;4.044592345241574;9.997154126677312
Energetyczne;Prog_Energii_99.9%;805;1449;0.03541725896745662;0.18819473682187984;2.315356182029727;3.162124995361203
Energetyczne;Prog_Energii_99.99%;805;3553;0.0035377377616042354;0.059478885006397315;0.30005895001587835;0.999388570324126
Energetyczne;Prog_Energii_99.0%;806;86;0.2781087198814764;0.5273601424846937;3.066196544033577;9.946491385376005
Energetyczne;Prog_Energii_99.9%;806;858;0.028059134893892616;0.1675086114021981;2.406156842658997;3.1593645898952603
Energetyczne;Prog_Energii_99.99%;806;3149;0.002809103945753782;0.053000980611247014;0.44973223056353007;0.9996466448572192
Energetyczne;Prog_Energii_99.0%;807;135;0.3131869177517379;0.559631055027987;3.604704509559239;9.988656908899562
Energetyczne;Prog_Energii_99.9%;807;1200;0.031351771920370905;0.17706431577359372;2.3486877510395745;3.160358391803385
Energetyczne;Prog_Energii_99.99%;807;3437;0.003135875255673858;0.055998886200297394;0.3527807967211194;0.9995043279135175
Energetyczne;Prog_Energii_99.0%;808;52;0.43225541784006083;0.6574613432286806;3.432226383636964;9.95171908730864
Energetyczne;Prog_Energii_99.9%;808;524;0.04352929717987431;0.20863675893733183;3.026199404831919;3.158047902914761
Energetyczne;Prog_Energii_99.99%;808;2628;0.0043610360581510695;0.06603814093500111;0.7870545726934142;0.9995918914500215
Energetyczne;Prog_Energii_99.0%;809;88;0.3285267758898403;0.5731725533291352;3.351408565121358;9.937731386095491
Energetyczne;Prog_Energii_99.9%;809;868;0.0332373773258252;0.18231121009368897;2.5163363740478073;3.1609326442132124
Energetyczne;Prog_Energii_99.99%;809;3125;0.0033213488147528737;0.057631144485884314;0.4721086254306843;0.9992153846995178
Energetyczne;Prog_Energii_99.0%;810;55;0.4729845248932648;0.6877387039372328;3.9195659499023803;9.954671992433232
Energetyczne;Prog_Energii_99.9%;810;547;0.04772373935772841;0.21845763744426153;3.370330239737979;3.1620644767405692
Energetyczne;Prog_Energii_99.99%;810;2727;0.004769377973461294;0.06906068326813235;0.8769805133669215;0.999618671410883
Energetyczne;Prog_Energii_99.0%;811;99;0.3813096423279205;0.6175027468181178;4.0189374221519465;9.975030754417423
Energetyczne;Prog_Energii_99.9%;811;955;0.038289546056124626;0.19567714750610155;2.9936462172429685;3.1609342215362735
Energetyczne;Prog_Energii_99.99%;811;3223;0.003828565449333215;0.06187540261956455;0.5468777521757602;0.9995243701384092
Energetyczne;Prog_Energii_99.0%;812;111;0.3123475506150706;0.5588806228659843;4.0290442407691165;9.971351317020757
Energetyczne;Prog_Energii_99.9%;812;1048;0.031380338404490726;0.17714496437802213;2.7471969865058963;3.1605580898408614
Energetyczne;Prog_Energii_99.99%;812;3345;0.0031378843813364937;0.05601682230666511;0.4489516770330608;0.9994324226496263
Energetyczne;Prog_Energii_99.0%;813;47;0.4071825426711789;0.638108566523894;3.1855626607466894;9.956508659035865
Energetyczne;Prog_Energii_99.9%;813;452;0.04101054814620396;0.2025106124285934;2.6346986291421315;3.1598050425427813
Energetyczne;Prog_Energii_99.99%;813;2557;0.004104557801124015;0.06406682293608772;0.8524501999732976;0.9996447482204259
Energetyczne;Prog_Energii_99.0%;814;72;0.27419144662238054;0.5236329311859411;3.9299869535841894;9.92540602526314
Energetyczne;Prog_Energii_99.9%;814;684;0.027796087055047214;0.16672158545025662;3.0064221118185586;3.1601897631258624
Energetyczne;Prog_Energii_99.99%;814;2984;0.0027809574730192025;0.05273478427963087;0.6431941600631266;0.9995821776230812
Energetyczne;Prog_Energii_99.0%;815;59;0.2840072477681534;0.5329233038328812;3.181727743046089;9.952669033952285
Energetyczne;Prog_Energii_99.9%;815;592;0.028629993504678323;0.16920399967104302;2.6183019318704117;3.159988305699905
Energetyczne;Prog_Energii_99.99%;815;2797;0.002865477351382142;0.05353015366484709;0.6450005431122117;0.9997083988091109
Energetyczne;Prog_Energii_99.0%;816;100;0.4025802391966287;0.634492111217018;4.418132747551596;9.960982798317508
Energetyczne;Prog_Energii_99.9%;816;927;0.040553526799800364;0.20137906246628612;3.064028667771953;3.1614788296113034
Energetyczne;Prog_Energii_99.99%;816;3220;0.004053539156074352;0.06366741047093366;0.6194458330129891;0.9995238227595165
Energetyczne;Prog_Energii_99.0%;817;56;0.3877941272284771;0.6227311837610809;3.2922469282410556;9.909880805264773
Energetyczne;Prog_Energii_99.9%;817;576;0.03942477227476252;0.19855672306613675;2.6892284292052477;3.1597477530919758
Energetyczne;Prog_Energii_99.99%;817;2776;0.003944612005036138;0.06280614623614586;0.5889005828458407;0.9994704605591532
Energetyczne;Prog_Energii_99.0%;818;75;0.27402584161467014;0.52347477648371;2.8451827935709098;9.954321813793925
Energetyczne;Prog_Energii_99.9%;818;709;0.027628372002019126;0.16621784501677048;2.247669463720697;3.1607748736366195
Energetyczne;Prog_Energii_99.99%;818;2992;0.0027625603054816134;0.05256006378878943;0.4939347585200018;0.9994746891561607
Energetyczne;Prog_Energii_99.0%;819;85;0.36046818459541574;0.6003900270619222;4.243262632768388;9.966707825730005
Energetyczne;Prog_Energii_99.9%;819;821;0.03624269970310881;0.19037515516240244;3.2678210093372484;3.1603015760719613
Energetyczne;Prog_Energii_99.99%;819;3113;0.0036263830166828955;0.060219457127102166;0.6942000484990767;0.9996663961042112
Energetyczne;Prog_Energii_99.0%;820;53;0.3975508968304178;0.6305163731660088;4.219425459446718;9.983268448418169
Energetyczne;Prog_Energii_99.9%;820;519;0.0398508838014915;0.19962686142273414;3.4818044997499915;3.1607879381327484
Energetyczne;Prog_Energii_99.99%;820;2658;0.003986635010725547;0.06313980527943959;0.8911926964085157;0.9997228505270446
Energetyczne;Prog_Energii_99.0%;821;106;0.3904756629939506;0.6248805189745881;4.210438070516892;9.947436185337418
Energetyczne;Prog_Energii_99.9%;821;1033;0.03944274827852934;0.19860198457852665;2.639413370329031;3.1615332977864856
Energetyczne;Prog_Energii_99.99%;821;3312;0.003943220710705629;0.06279506915917546;0.4380993884609037;0.9996310082442339
Energetyczne;Prog_Energii_99.0%;822;100;0.34341525317650096;0.5860164273947455;4.431726213448961;9.97310715785432
Energetyczne;Prog_Energii_99.9%;822;886;0.034505525488942375;0.18575662973079152;3.2887659818216095;3.161294951786641
Energetyczne;Prog_Energii_99.99%;822;3155;0.0034523424873003036;0.05875663781480611;0.5719062203420662;0.9999484959276945
Energetyczne;Prog_Energii_99.0%;823;77;0.3306018461002979;0.5749798658216633;4.674164219193093;9.943749439117653
Energetyczne;Prog_Energii_99.9%;823;792;0.033410590377455605;0.1827856405122011;3.474596697235352;3.161110011608132
Energetyczne;Prog_Energii_99.99%;823;3103;0.0033425833540753663;0.05781507895069734;0.70108884911307;0.9998587656056308
Energetyczne;Prog_Energii_99.0%;824;101;0.2442412613430848;0.4942077107280751;4.391177140805119;9.97258559249036
Energetyczne;Prog_Energii_99.9%;824;985;0.024537164990052623;0.1566434326425868;3.066624148472731;3.1608977472818536
Energetyczne;Prog_Energii_99.99%;824;3252;0.0024527323761248986;0.04952506815871028;0.49394401385832154;0.9993631634339448
Energetyczne;Prog_Energii_99.0%;825;60;0.425853818714989;0.652574761015923;4.188624154348646;9.874494346410271
Energetyczne;Prog_Energii_99.9%;825;635;0.04364836378975702;0.20892190835275515;3.406788262485219;3.1613208571825044
Energetyczne;Prog_Energii_99.99%;825;2837;0.004364671069666058;0.06606565726355909;0.8112540632405523;0.9996785013954518
Energetyczne;Prog_Energii_99.0%;826;67;0.43428087789457476;0.6589999073555131;3.6626549894805125;9.96991772772936
Energetyczne;Prog_Energii_99.9%;826;664;0.04365187938161692;0.20893032183389973;2.9557209554648525;3.160877712215313
Energetyczne;Prog_Energii_99.99%;826;2954;0.0043626620976759565;0.06605045115421966;0.6225682407733206;0.9992680674714025
Energetyczne;Prog_Energii_99.0%;827;65;0.36125519264516226;0.6010450837043443;3.9529427785454057;9.998674807552275
Energetyczne;Prog_Energii_99.9%;827;632;0.03606030106366082;0.18989550037760458;3.3275750564561086;3.1590032215072004
Energetyczne;Prog_Energii_99.99%;827;2892;0.003609438370693513;0.060078601604011336;0.7485644500720081;0.9994365092028388
Energetyczne;Prog_Energii_99.0%;828;113;0.30899393789376306;0.5558722316268039;4.154056515645424;9.969470957863381
Energetyczne;Prog_Energii_99.9%;828;1031;0.031071577050900207;0.17627131658582518;2.7703319089840397;3.1613951397855513
Energetyczne;Prog_Energii_99.99%;828;3311;0.0031086814111447097;0.05575555049629328;0.4684470149646909;0.9999660169851129
Energetyczne;Prog_Energii_99.0%;829;114;0.387597850877146;0.6225735706542207;3.9064714240959075;9.923941509334215
Energetyczne;Prog_Energii_99.9%;829;985;0.03935618256844344;0.19838392719281328;2.822755197147435;3.1622776530405377
Energetyczne;Prog_Energii_99.99%;829;3282;0.003932181995801937;0.06270711280071772;0.48264378435392885;0.9995633431718127
Energetyczne;Prog_Energii_99.0%;830;148;0.274148204608919;0.5235916391701829;4.339305570457257;9.969303811978179
Energetyczne;Prog_Energii_99.9%;830;1290;0.02756446963984889;0.16602550900343263;2.3451841424010382;3.1611634257887045
Energetyczne;Prog_Energii_99.99%;830;3477;0.002752662616986719;0.05246582332325224;0.3692685144455954;0.9989612005341174
Energetyczne;Prog_Energii_99.0%;831;78;0.40802962146537874;0.6387719635874596;3.5388613107543407;9.928054957031453
Energetyczne;Prog_Energii_99.9%;831;731;0.04133777629089843;0.20331693557325328;2.703649227420645;3.1600349187681696
Energetyczne;Prog_Energii_99.99%;831;3007;0.004134122674547994;0.06429714359555948;0.6253307246551127;0.9993324873117356
Energetyczne;Prog_Energii_99.0%;832;71;0.3724879398454306;0.6103179006431243;3.6511290151233515;9.971572446288095
Energetyczne;Prog_Energii_99.9%;832;672;0.03737918119332769;0.19333696282223867;2.9394852821196302;3.1588022066791064
Energetyczne;Prog_Energii_99.99%;832;2891;0.003740374811025086;0.061158603736719545;0.6973776162977199;0.9992291676713008
Energetyczne;Prog_Energii_99.0%;833;39;0.3763121558769472;0.6134428709154156;3.292422726378132;9.987192661307517
Energetyczne;Prog_Energii_99.9%;833;384;0.03764073888232677;0.19401221322980358;2.8016751587091453;3.158627223560797
Energetyczne;Prog_Energii_99.99%;833;2320;0.0037709423515508065;0.06140799908440924;0.9642632259683888;0.9997565329697256
Energetyczne;Prog_Energii_99.0%;834;58;0.422215331905072;0.6497809876451234;3.6742925980361867;9.890431989636836
Energetyczne;Prog_Energii_99.9%;834;543;0.04314720352257134;0.2077190494937124;3.1760785055102807;3.161728599377847
Energetyczne;Prog_Energii_99.99%;834;2679;0.004313558080724617;0.06567768327769043;0.9069249158005319;0.999691699274022
Energetyczne;Prog_Energii_99.0%;835;107;0.35724890691001937;0.5977030256825034;4.653015348538124;9.96362256450309
Energetyczne;Prog_Energii_99.9%;835;955;0.035956827168612294;0.18962285507979332;3.285743297515844;3.160985433294644
Energetyczne;Prog_Energii_99.99%;835;3220;0.0035973388791994765;0.059977819893686335;0.5559041903314106;0.9998215401035553
Energetyczne;Prog_Energii_99.0%;836;54;0.36851530962609313;0.6070546183220198;3.9085045094838806;9.885455908768957
Energetyczne;Prog_Energii_99.9%;836;533;0.037686124111999356;0.19412914287143843;3.202270045642101;3.161256046065903
Energetyczne;Prog_Energii_99.99%;836;2699;0.003767941601831693;0.061383561332263;0.8375150129025333;0.9995879625306033
Energetyczne;Prog_Energii_99.0%;837;126;0.3875902097680459;0.6225674339122196;4.17173485011665;9.94723758641826
Energetyczne;Prog_Energii_99.9%;837;1109;0.03915437465121946;0.19787464378039815;3.0106100205162765;3.161595012515586
Energetyczne;Prog_Energii_99.99%;837;3347;0.003910677906490572;0.06253541321915584;0.4907030703987072;0.9991762803055523
Energetyczne;Prog_Energii_99.0%;838;45;0.4110461414652791;0.6411288025547434;3.7652928122181226;9.852130904180042
Energetyczne;Prog_Energii_99.9%;838;435;0.04231501052737109;0.20570612661603224;3.02370200221708;3.1610554371247996
Energetyczne;Prog_Energii_99.99%;838;2554;0.004232948066849141;0.06506111024912764;0.8663400382818196;0.9997843996268808
Energetyczne;Prog_Energii_99.0%;839;45;0.3234268630424408;0.5687063064908291;3.7475197012336805;9.91648149036507
Energetyczne;Prog_Energii_99.9%;839;465;0.032840770615923325;0.18122022683995107;3.1124799221447166;3.15992104294893
Energetyczne;Prog_Energii_99.99%;839;2608;0.003284186419494779;0.05730782162580234;1.031188691705804;0.9992714093712557
Energetyczne;Prog_Energii_99.0%;840;94;0.21933813570288294;0.4683354948142228;3.448918310832605;9.939555802943122
Energetyczne;Prog_Energii_99.9%;840;811;0.022180871505401965;0.14893243939921874;2.7663478136263855;3.1608159293247393
Energetyczne;Prog_Energii_99.99%;840;3106;0.0022174168434999225;0.04708945575710047;0.508159139526223;0.9993867183045448
Energetyczne;Prog_Energii_99.0%;841;98;0.49592210661126984;0.7042173717051219;4.320662002798801;9.932556520193362
Energetyczne;Prog_Energii_99.9%;841;910;0.0502128481700805;0.22408223528446092;3.056758890705118;3.1605432591716163
Energetyczne;Prog_Energii_99.99%;841;3219;0.005022731206099192;0.07087122974874355;0.543795180325807;0.9995954706862348
Energetyczne;Prog_Energii_99.0%;842;61;0.3863528211365796;0.6215728606821405;4.292321271628272;9.93506285988293
Energetyczne;Prog_Energii_99.9%;842;547;0.03909096132865892;0.1977143427489744;3.5044755288074585;3.160215877758543
Energetyczne;Prog_Energii_99.99%;842;2743;0.003908669650074823;0.06251935420391691;0.8396965008799544;0.9992934911822601
Energetyczne;Prog_Energii_99.0%;843;88;0.29869329383605314;0.5465284016737403;3.7864989140670664;9.960288513008237
Energetyczne;Prog_Energii_99.9%;843;844;0.030055706964586097;0.1733658183281413;2.7193540012693864;3.159531258675348
Energetyczne;Prog_Energii_99.99%;843;3098;0.0030054746141268108;0.05482220913212829;0.5159903598846771;0.999115541304373
Energetyczne;Prog_Energii_99.0%;844;50;0.5255838279164851;0.7249716049035887;4.109744601901152;9.918278806772014
Energetyczne;Prog_Energii_99.9%;844;484;0.05331901679403611;0.23090910937863865;3.490096243801469;3.1590491411664603
Energetyczne;Prog_Energii_99.99%;844;2613;0.005338128458076042;0.0730624969329412;0.991102273189032;0.9995622035378957
Energetyczne;Prog_Energii_99.0%;845;138;0.29774924343829323;0.5456640389821316;4.288878981783302;9.92783610811297
Energetyczne;Prog_Energii_99.9%;845;1183;0.030206014698948395;0.17379877645987155;2.820557076488499;3.1621027687710033
Energetyczne;Prog_Energii_99.99%;845;3444;0.0030172735547968513;0.05492971467973278;0.3978742137868352;0.9993937035378865
Energetyczne;Prog_Energii_99.0%;846;64;0.4107147117385737;0.6408702768412448;4.04002467498411;9.864187119221182
Energetyczne;Prog_Energii_99.9%;846;611;0.042187668309798775;0.20539636878435502;3.0570593160823876;3.1614326463752236
Energetyczne;Prog_Energii_99.99%;846;2844;0.004217448529898823;0.06494188578951818;0.7608277373988099;0.9995765702543048
Energetyczne;Prog_Energii_99.0%;847;50;0.337866320791835;0.5812626951661658;3.9236080417916943;9.861172958860207
Energetyczne;Prog_Energii_99.9%;847;525;0.034681903397165856;0.1862307799402823;3.0953636590983855;3.159421629027078
Energetyczne;Prog_Energii_99.99%;847;2702;0.0034700144912043107;0.058906828901276895;0.8253031482715434;0.9993595547834309
Energetyczne;Prog_Energii_99.0%;848;40;0.4413170507238624;0.6643169806077988;3.355750796172779;9.858999132230831
Energetyczne;Prog_Energii_99.9%;848;371;0.04530421115768772;0.21284785918041957;2.985646048840085;3.1588336896597347
Energetyczne;Prog_Energii_99.99%;848;2341;0.004537406399674984;0.06736027315617851;0.9763893412240077;0.9996807156517228
Energetyczne;Prog_Energii_99.0%;849;90;0.34552995611058707;0.5878179617114359;4.084711711737132;9.919570019109877
Energetyczne;Prog_Energii_99.9%;849;831;0.03507881843524834;0.18729340200671338;3.149273939438795;3.1606213765800666
Energetyczne;Prog_Energii_99.99%;849;3118;0.0035075262036757694;0.05922437170351214;0.5602769138037373;0.9994255708694672
Energetyczne;Prog_Energii_99.0%;850;107;0.3708774790442519;0.608997109224873;3.9273514865047066;9.987882480971054
Energetyczne;Prog_Energii_99.9%;850;1018;0.037130986751891734;0.1926940236538013;2.7390085427305504;3.1602863689931917
Energetyczne;Prog_Energii_99.99%;850;3277;0.0037149222023724177;0.06095016162712301;0.5186491748218036;0.9996156669819422
Energetyczne;Prog_Energii_99.0%;851;77;0.38939988183400603;0.6240191357915285;3.7369773430148996;9.996370590573127
Energetyczne;Prog_Energii_99.9%;851;749;0.038961168007279195;0.19738583537650112;2.5802063627829925;3.1619895073418856
Energetyczne;Prog_Energii_99.99%;851;3043;0.0038941142463958657;0.06240283844822979;0.5617388635716818;0.999651874843417
Energetyczne;Prog_Energii_99.0%;852;63;0.39912162675233914;0.6317607353677016;4.092155908156387;9.962664928442681
Energetyczne;Prog_Energii_99.9%;852;635;0.04020287077826591;0.20050653550013253;2.904556599434861;3.1619239964130936
Energetyczne;Prog_Energii_99.99%;852;2876;0.004016048264384531;0.06337229887249263;0.7013579436961859;0.9993609036881715
Energetyczne;Prog_Energii_99.0%;853;76;0.3903015931180287;0.6247412209211336;3.4991486480700837;9.90559424292067
Energetyczne;Prog_Energii_99.9%;853;683;0.03973000769688153;0.1993238763843447;2.8610302826323935;3.1603828533648874
Energetyczne;Prog_Energii_99.99%;853;2909;0.003975731979158089;0.06305340576969724;0.6463810496777933;0.9997442657424714
Energetyczne;Prog_Energii_99.0%;854;81;0.39948456496049095;0.632047913500623;3.8684926438753022;9.96675884099288
Energetyczne;Prog_Energii_99.9%;854;769;0.04021292309441079;0.20053160123634078;3.0307892410740145;3.162181326493356
Energetyczne;Prog_Energii_99.99%;854;3068;0.004018535963570722;0.0633919234884912;0.5992502525379648;0.9996267693965595
Energetyczne;Prog_Energii_99.0%;855;72;0.4256663517445306;0.6524311088111377;4.30074008234233;9.90431151013149
Energetyczne;Prog_Energii_99.9%;855;708;0.043334310745843645;0.20816894760228685;3.316853552190211;3.160134573512679
Energetyczne;Prog_Energii_99.99%;855;2990;0.004336089973034082;0.06584899371314706;0.7170835911890272;0.9996288306241554
Energetyczne;Prog_Energii_99.0%;856;93;0.3166911058801661;0.5627531482632203;4.095188702742366;9.93976062078852
Energetyczne;Prog_Energii_99.9%;856;826;0.03199685247628865;0.17887664038741516;2.9494332628327107;3.159450980574785
Energetyczne;Prog_Energii_99.99%;856;3133;0.0032029993229689083;0.056595046805960926;0.519305283180179;0.9996234038133757
Energetyczne;Prog_Energii_99.0%;857;85;0.4171229695457664;0.6458505783428288;3.6377972030634886;9.990488337197581
Energetyczne;Prog_Energii_99.9%;857;836;0.04176317679102089;0.20436040905963387;2.592474085819439;3.1611960285517466
Energetyczne;Prog_Energii_99.99%;857;3138;0.004173689426149324;0.06460409759565816;0.5131528475773148;0.9993433546512881
Energetyczne;Prog_Energii_99.0%;858;109;0.4261955861694101;0.6528365692647817;3.88973098836431;9.98029718702009
Energetyczne;Prog_Energii_99.9%;858;982;0.042742679540843986;0.20674302779258116;2.8070552256268426;3.1606024476203087
Energetyczne;Prog_Energii_99.99%;858;3262;0.004276257935357537;0.06539310311766476;0.4681156567854534;0.9997028870958382
Energetyczne;Prog_Energii_99.0%;859;122;0.31488163825856447;0.5611431530889105;3.6802938850746783;9.946298756963358
Energetyczne;Prog_Energii_99.9%;859;1173;0.03180682704381977;0.1783446860543363;2.416391925061755;3.1611711190784217
Energetyczne;Prog_Energii_99.99%;859;3403;0.0031775555961878906;0.05636981103558793;0.38294598387498446;0.9991585540110688
Energetyczne;Prog_Energii_99.0%;860;67;0.3669361783341128;0.6057525718757724;4.039117517409744;9.95101688587325
Energetyczne;Prog_Energii_99.9%;860;706;0.03701884558228138;0.19240282113909188;3.3144883777271916;3.1607025887087774
Energetyczne;Prog_Energii_99.99%;860;2983;0.0037054922799174433;0.060872754824448705;0.7362055141641033;0.9999888391261138
Energetyczne;Prog_Energii_99.0%;861;78;0.37561181881221734;0.6128717800749333;3.882005905060434;9.91124157872634
Energetyczne;Prog_Energii_99.9%;861;745;0.03818395671219838;0.19540715624612723;3.115301023690029;3.1600859996041835
Energetyczne;Prog_Energii_99.99%;861;3066;0.003821119039111593;0.06181520071237812;0.6528673387990924;0.9996632369382845
Energetyczne;Prog_Energii_99.0%;862;66;0.4131387584841292;0.6427587093802224;4.313782286540343;9.930589892456112
Energetyczne;Prog_Energii_99.9%;862;606;0.041836168228936634;0.2045389161722938;3.530578564750223;3.160116018518174
Energetyczne;Prog_Energii_99.99%;862;2811;0.004186529131637988;0.06470339350944422;0.8634401145354234;0.9996641915783087
Energetyczne;Prog_Energii_99.0%;863;82;0.30212786934494584;0.5496615952974574;3.7861617158392047;9.96660089536718
Energetyczne;Prog_Energii_99.9%;863;755;0.030410207777662786;0.17438522809476376;3.0255719061829636;3.161996372563601
Energetyczne;Prog_Energii_99.99%;863;3026;0.003038257596525754;0.05512039183937061;0.6204397346553048;0.9994566681741065
Energetyczne;Prog_Energii_99.0%;864;110;0.314757798767667;0.5610327965169835;3.986031559978459;9.944742946462188
Energetyczne;Prog_Energii_99.9%;864;1001;0.03180202999302178;0.17833123672823495;2.8544123256604834;3.1610599586994157
Energetyczne;Prog_Energii_99.99%;864;3266;0.0031786915758816574;0.05637988627056335;0.5018533863680386;0.9993773622368837
Energetyczne;Prog_Energii_99.0%;865;51;0.5109326785162085;0.7147955501513762;3.43317812231734;9.9407353215181
Energetyczne;Prog_Energii_99.9%;865;509;0.05168499058045453;0.22734333194631975;2.776946925447469;3.1616871278952297
Energetyczne;Prog_Energii_99.99%;865;2651;0.005169892269354541;0.07190196290334876;0.817638253118476;0.999948002150314
Energetyczne;Prog_Energii_99.0%;866;108;0.4143525663696421;0.6437022342431648;4.941910331047541;9.951133800484538
Energetyczne;Prog_Energii_99.9%;866;950;0.04181077707866115;0.2044768375113943;2.8120299968054727;3.1610522085078925
Energetyczne;Prog_Energii_99.99%;866;3268;0.004183805872582758;0.06468234591125123;0.46025454691959977;0.999938549924211
Energetyczne;Prog_Energii_99.0%;867;81;0.4302222216436435;0.6559132729588901;6.475800373755204;9.964764056106182
Energetyczne;Prog_Energii_99.9%;867;936;0.04329443975774932;0.20807315962840886;3.1855823264585714;3.161088557870309
Energetyczne;Prog_Energii_99.99%;867;3209;0.004329323745342457;0.06579759680522122;0.5619744522836001;0.9996100927567739
Energetyczne;Prog_Energii_99.0%;868;99;0.37455818928938406;0.6120115924468948;4.193423016923552;9.970589848310457
Energetyczne;Prog_Energii_99.9%;868;974;0.03762469445608773;0.1939708598116937;3.047185514122085;3.160077210260262
Energetyczne;Prog_Energii_99.99%;868;3258;0.003763537226127373;0.06134767498550677;0.4780713961401275;0.9994459467383683
Energetyczne;Prog_Energii_99.0%;869;52;0.4603327504255254;0.6784782608348814;3.600327253830476;9.841926877346765
Energetyczne;Prog_Energii_99.9%;869;512;0.04741386876728936;0.217747258920266;3.192047283098522;3.158616456478474
Energetyczne;Prog_Energii_99.99%;869;2646;0.004747262962057285;0.06890038433896639;0.8413706442248547;0.9994609755819795
Energetyczne;Prog_Energii_99.0%;870;117;0.3586704623529559;0.5988910271100711;3.889516155420375;9.97191694573468
Energetyczne;Prog_Energii_99.9%;870;1079;0.03605767088822969;0.18988857492811329;2.840257606529455;3.1617656842586874
Energetyczne;Prog_Energii_99.99%;870;3372;0.0036026063371199435;0.060021715546291605;0.42900900093597727;0.9993997827222862
Energetyczne;Prog_Energii_99.0%;871;83;0.44248771547760746;0.6651975011059553;4.113367672643241;9.95697310057528
Energetyczne;Prog_Energii_99.9%;871;828;0.04460062469521367;0.21118859982303417;3.3170565856096026;3.1611652239973855
Energetyczne;Prog_Energii_99.99%;871;3130;0.004458295728708637;0.06677047048440378;0.6579652263265725;0.9994502045191345
Energetyczne;Prog_Energii_99.0%;872;98;0.2725704126215511;0.5220827641490868;4.066620454938839;9.9161965064022
Energetyczne;Prog_Energii_99.9%;872;923;0.027689676712557558;0.16640215356947025;3.0821076163519776;3.1605648896928242
Energetyczne;Prog_Energii_99.99%;872;3235;0.0027697534648604403;0.052628447296689654;0.5669520276480675;0.9996001803878339
Energetyczne;Prog_Energii_99.0%;873;47;0.29364275944659757;0.5418881429285914;2.9792673123024205;9.989435236070387
Energetyczne;Prog_Energii_99.9%;873;493;0.029409016520522503;0.1714905726870212;2.6479262217120105;3.1613424132060524
Energetyczne;Prog_Energii_99.99%;873;2598;0.002939581624609496;0.05421790870745105;0.7589962655582969;0.9994798644996932
Energetyczne;Prog_Energii_99.0%;874;61;0.40797133327583346;0.6387263367639019;4.342255391905354;9.990702078841604
Energetyczne;Prog_Energii_99.9%;874;609;0.040823706987515564;0.2020487737837465;3.728103500875199;3.1603661663552622
Energetyczne;Prog_Energii_99.99%;874;2862;0.004083110639019523;0.06389922252280948;0.9467182677186017;0.9994860999930424
Energetyczne;Prog_Energii_99.0%;875;58;0.28324799144772816;0.5322104766422098;3.614069985713635;9.861762304087291
Energetyczne;Prog_Energii_99.9%;875;561;0.0290782727110466;0.17052352538886414;3.1197828731656188;3.159769580730195
Energetyczne;Prog_Energii_99.99%;875;2781;0.002907735566821697;0.053923423174180043;0.8304817710240835;0.999191119501348
Energetyczne;Prog_Energii_99.0%;876;61;0.34222309762961994;0.5849983740401506;4.111755893083565;9.928826577645276
Energetyczne;Prog_Energii_99.9%;876;581;0.03469276327088033;0.18625993469042215;3.5599180120581675;3.1612781709677193
Energetyczne;Prog_Energii_99.99%;876;2752;0.003468102782658369;0.05889060012139772;0.921103113259008;0.9995148390253178
Energetyczne;Prog_Energii_99.0%;877;54;0.3108687066670367;0.5575560121342399;3.2900656328777367;9.832064906555797
Energetyczne;Prog_Energii_99.9%;877;503;0.03212780672278143;0.17924231286942663;2.918968548089109;3.1607982261503778
Energetyczne;Prog_Energii_99.99%;877;2661;0.0032139985645342505;0.0566921384720514;0.7739727731304953;0.9997215939166588
Energetyczne;Prog_Energii_99.0%;878;43;0.33809901236486256;0.5814628211372268;2.9300657292753547;9.979706424195223
Energetyczne;Prog_Energii_99.9%;878;407;0.0339397668073385;0.18422748656847734;2.4690757126428498;3.1619153699714757
Energetyczne;Prog_Energii_99.99%;878;2383;0.003392806240321529;0.058247800304573986;0.7964246070920176;0.9997130096089326
Energetyczne;Prog_Energii_99.0%;879;70;0.2934834508761738;0.5417411290239774;3.6095053907289696;9.918358346196028
Energetyczne;Prog_Energii_99.9%;879;668;0.029740080913029824;0.17245312671282542;2.892885583005693;3.1573233358548425
Energetyczne;Prog_Energii_99.99%;879;2916;0.0029796193047830224;0.054585889246059026;0.6450219080367989;0.9993747588697832
Energetyczne;Prog_Energii_99.0%;880;63;0.47474541146620214;0.6890177149146473;4.061163151401917;9.91849524338737
Energetyczne;Prog_Energii_99.9%;880;572;0.048204239574727734;0.21955463915555903;3.225739333215394;3.1605161913693345
Energetyczne;Prog_Energii_99.99%;880;2760;0.00482344501174476;0.06945102599490348;0.7829580361109443;0.9997561108630636
Energetyczne;Prog_Energii_99.0%;881;90;0.4101900003653035;0.6404607719176121;3.4892694973479665;9.877716506375073
Energetyczne;Prog_Energii_99.9%;881;847;0.041987994080631585;0.20490972178164604;2.450894765469804;3.160287452265162
Energetyczne;Prog_Energii_99.99%;881;3137;0.004200149451767152;0.06480856001923782;0.5222697236141025;0.9995312923533348
Energetyczne;Prog_Energii_99.0%;882;78;0.44880856076859554;0.6699317582922872;3.8192698122201016;9.965947748211835
Energetyczne;Prog_Energii_99.9%;882;788;0.04515023128329893;0.21248583784172284;3.046967456544799;3.16095293431621
Energetyczne;Prog_Energii_99.99%;882;3086;0.004511642271141668;0.06716875963676616;0.6425003697090679;0.9992067707889681
Energetyczne;Prog_Energii_99.0%;883;74;0.3140174196485952;0.5603725721772927;3.538918992025587;9.86294706940483
Energetyczne;Prog_Energii_99.9%;883;773;0.032243965161118444;0.1795660467937033;2.8969615995848415;3.1604873309685018
Energetyczne;Prog_Energii_99.99%;883;3026;0.003224839725954744;0.05678767230618582;0.6340718000909362;0.9995025344913073
Energetyczne;Prog_Energii_99.0%;884;92;0.3804008511124446;0.6167664477842846;3.508261945081207;9.901381826845025
Energetyczne;Prog_Energii_99.9%;884;897;0.038761240938896234;0.1968787467932896;2.704978056851341;3.1606317960293744
Energetyczne;Prog_Energii_99.99%;884;3143;0.0038775104282196267;0.06226965896983559;0.4842845072747508;0.9996582529784583
Energetyczne;Prog_Energii_99.0%;885;33;0.37582541494270616;0.6130460137238527;2.380249689772679;9.934111749121293
Energetyczne;Prog_Energii_99.9%;885;330;0.037969408400540715;0.1948574053007499;2.1408217133092053;3.157569246137246
Energetyczne;Prog_Energii_99.99%;885;2202;0.003805243715109397;0.06168665751286413;0.7733598955856786;0.9996022083892097
Energetyczne;Prog_Energii_99.0%;886;107;0.364758231517988;0.6039521765156476;3.633615462034858;9.971430154610891
Energetyczne;Prog_Energii_99.9%;886;989;0.036677713548446254;0.19151426460826945;2.594582672953905;3.161957498307899
Energetyczne;Prog_Energii_99.99%;886;3282;0.0036630283559664647;0.06052295726388843;0.4695458250861968;0.9992520344725133
Energetyczne;Prog_Energii_99.0%;887;66;0.33584825097723003;0.5795241590971252;4.064268112177738;9.94317279809648
Energetyczne;Prog_Energii_99.9%;887;641;0.033952471571639456;0.18426196452778706;3.318783594738617;3.1614705351903236
Energetyczne;Prog_Energii_99.99%;887;2873;0.003396874004072927;0.05828270759044167;0.7885851941796549;0.999984251934469
Energetyczne;Prog_Energii_99.0%;888;58;0.29066841749923095;0.5391367335836346;2.7988325406624637;9.954646129254433
Energetyczne;Prog_Energii_99.9%;888;579;0.029290846025788665;0.17114568655326567;2.393066786725183;3.1600420451072266
Energetyczne;Prog_Energii_99.99%;888;2760;0.002931358837309534;0.05414202468794027;0.5411735647560301;0.999680902666957
Energetyczne;Prog_Energii_99.0%;889;78;0.2803206585984762;0.529453169410172;3.5013687885333624;9.90864649620457
Energetyczne;Prog_Energii_99.9%;889;736;0.02852906652403806;0.16890549583728193;2.574980175663697;3.1610441606804462
Energetyczne;Prog_Energii_99.99%;889;3004;0.0028517270410832506;0.05340156403218215;0.4946811735717629;0.9994032539814649
Energetyczne;Prog_Energii_99.0%;890;111;0.3739327261615829;0.6115003893388645;4.287325553809783;9.969184863280876
Energetyczne;Prog_Energii_99.9%;890;1006;0.037600188735671766;0.19390768096099692;3.03237516792585;3.161243314988365
Energetyczne;Prog_Energii_99.99%;890;3272;0.0037604114711114888;0.06132219395220208;0.5148250777918206;0.9997250997540995
Energetyczne;Prog_Energii_99.0%;891;59;0.46914310754570926;0.6849402218775805;3.982076951460667;9.978107447336786
Energetyczne;Prog_Energii_99.9%;891;574;0.047074361702101594;0.21696626858132026;3.1118719531830217;3.1607323839409154
Energetyczne;Prog_Energii_99.99%;891;2740;0.004706423206317553;0.06860337605626673;0.724583730684909;0.9994037956524442
Energetyczne;Prog_Energii_99.0%;892;46;0.4428817393126174;0.6654936057638852;3.3258580427302804;9.774736258347668
Energetyczne;Prog_Energii_99.9%;892;450;0.04620283966972093;0.21494845817014116;2.6467304873953372;3.1571520290415176
Energetyczne;Prog_Energii_99.99%;892;2541;0.004632699665600198;0.06806393807002499;0.6950086898366754;0.9997196630842644
Energetyczne;Prog_Energii_99.0%;893;130;0.34177883116311486;0.584618534741343;4.516237063420312;9.908231585625906
Energetyczne;Prog_Energii_99.9%;893;1117;0.03480820408621205;0.18656956902510133;3.0219535977934617;3.162018285220806
Energetyczne;Prog_Energii_99.99%;893;3368;0.0034743378659808292;0.05894351419775402;0.5024376298545015;0.9989864406204128
Energetyczne;Prog_Energii_99.0%;894;78;0.3678459932023052;0.6065030858967704;4.156835422936263;9.962805178668772
Energetyczne;Prog_Energii_99.9%;894;772;0.03700487712694136;0.1923665176867881;3.531334038726574;3.1599346865295406
Energetyczne;Prog_Energii_99.99%;894;3060;0.00370386542882464;0.06085939063796679;0.7510951871328748;0.9997150324833821
Energetyczne;Prog_Energii_99.0%;895;45;0.41383664224117245;0.6433013619145947;3.4833594355649278;9.963404270533784
Energetyczne;Prog_Energii_99.9%;895;485;0.041617926420277146;0.20400472156368624;3.0766434093753823;3.159610152211265
Energetyczne;Prog_Energii_99.99%;895;2626;0.004163491852650065;0.06452512574687526;0.7680970247702672;0.9993604109740669
Energetyczne;Prog_Energii_99.0%;896;155;0.320415548084606;0.5660526018707148;4.600669048796301;9.96385394044866
Energetyczne;Prog_Energii_99.9%;896;1334;0.03224476292603436;0.1795682681490089;2.7676738189431886;3.160822846256771
Energetyczne;Prog_Energii_99.99%;896;3520;0.003224314102367754;0.05678304414495364;0.4043225382209352;0.9995148088438411
Energetyczne;Prog_Energii_99.0%;897;99;0.38851989583773566;0.6233136416265376;3.840788186885692;9.968373863873637
Energetyczne;Prog_Energii_99.9%;897;891;0.03907127196919113;0.1976645440365852;2.8305187872603335;3.161159876827098
Energetyczne;Prog_Energii_99.99%;897;3205;0.0039026490678719496;0.06247118590095717;0.4841398561410468;0.9990734923677623
Energetyczne;Prog_Energii_99.0%;898;74;0.38625581891989114;0.6214948261408868;3.5396558649446264;9.898766138501223
Energetyczne;Prog_Energii_99.9%;898;699;0.03937109959302696;0.19842151998467042;2.777313557783595;3.160329162143259
Energetyczne;Prog_Energii_99.99%;898;3003;0.003937552591420529;0.06274992104712586;0.6091966927643306;0.9994400074283271
Energetyczne;Prog_Energii_99.0%;899;81;0.3662759891346444;0.6052073934897395;4.290605113272983;9.991784311577343
Energetyczne;Prog_Energii_99.9%;899;750;0.03663279520286527;0.19139695714108224;3.4983207104699123;3.1599037523627493
Energetyczne;Prog_Energii_99.99%;899;3085;0.003667181435726033;0.0605572574983877;0.6431691826335175;0.9997813343547626
Energetyczne;Prog_Energii_99.0%;900;69;0.4602300434952459;0.6784025674297275;3.9089417580342154;9.945505116486189
Energetyczne;Prog_Energii_99.9%;900;631;0.04651157930050657;0.21566543371738217;2.9838948415025914;3.161694512171223
Energetyczne;Prog_Energii_99.99%;900;2874;0.004648009128302166;0.06817630914256187;0.6605814526002363;0.9994771009924415
Energetyczne;Prog_Energii_99.0%;901;74;0.37471568256748966;0.612140247465799;4.440081168311689;9.909739894790395
Energetyczne;Prog_Energii_99.9%;901;694;0.03813013203188585;0.19526938324244755;3.402185548782229;3.1611527021132715
Energetyczne;Prog_Energii_99.99%;901;2986;0.0038152695725695166;0.06176786844767688;0.695205810605894;0.999939985495411
Energetyczne;Prog_Energii_99.0%;902;61;0.3544964963782722;0.5953960836101226;4.125615333766568;9.973779099646238
Energetyczne;Prog_Energii_99.9%;902;629;0.035623115395693614;0.18874086837697238;3.5648559415151593;3.1616931654189404
Energetyczne;Prog_Energii_99.99%;902;2865;0.003561851844585766;0.05968125203601015;0.8567553594626212;0.9997506543681898
Energetyczne;Prog_Energii_99.0%;903;85;0.36864078684848084;0.6071579587294239;4.054011979949585;9.94682966955602
Energetyczne;Prog_Energii_99.9%;903;718;0.0372133800751965;0.1929076983305656;3.1467242644425717;3.160330832615079
Energetyczne;Prog_Energii_99.99%;903;2984;0.0037239758666013927;0.061024387474200775;0.6621346566477229;0.9997385016003199
Energetyczne;Prog_Energii_99.0%;904;107;0.32732289324966124;0.572121397301011;4.010268744210859;9.970913048743842
Energetyczne;Prog_Energii_99.9%;904;987;0.03290781142132002;0.18140510307408672;2.4584324932258257;3.161522218681291
Energetyczne;Prog_Energii_99.99%;904;3282;0.0032876595127325535;0.05733811570615618;0.4561689175203316;0.9992868100755555
Energetyczne;Prog_Energii_99.0%;905;62;0.4504599741340401;0.6711631501610023;3.726751665612727;9.914596690448684
Energetyczne;Prog_Energii_99.9%;905;627;0.04580352810770662;0.21401758831392018;2.6316438689205555;3.1615235018281167
Energetyczne;Prog_Energii_99.99%;905;2871;0.004579626396682374;0.06767293695918904;0.5583731967971648;0.9996822332208898
Energetyczne;Prog_Energii_99.0%;906;53;0.306479191119745;0.5536056277890833;2.8106551960454285;9.962666917504341
Energetyczne;Prog_Energii_99.9%;906;523;0.030825931688158913;0.17557315195712275;2.2326534851953284;3.159608112350338
Energetyczne;Prog_Energii_99.99%;906;2708;0.0030851570028014494;0.055544189640334564;0.6133624741486736;0.9995712341280151
Energetyczne;Prog_Energii_99.0%;907;99;0.4114103467318945;0.6414127740635468;3.452018758568639;9.967563208373475
Energetyczne;Prog_Energii_99.9%;907;925;0.04136877518625647;0.203393154226627;2.5918209131865817;3.1607323752855363
Energetyczne;Prog_Energii_99.99%;907;3199;0.004136458817822792;0.06431530780321891;0.4753584056645819;0.999460755564977
Energetyczne;Prog_Energii_99.0%;908;83;0.3481808044826078;0.5900684744015797;3.5946121183190343;9.994380377597164
Energetyczne;Prog_Energii_99.9%;908;805;0.03482027893331492;0.1866019263922935;2.602572022235419;3.1606003582013695
Energetyczne;Prog_Energii_99.99%;908;3037;0.0034795949403479513;0.05898809151301601;0.540688613299805;0.999120356205247
Energetyczne;Prog_Energii_99.0%;909;81;0.35934898034309143;0.5994572381272008;3.320359674775415;9.959558426563433
Energetyczne;Prog_Energii_99.9%;909;752;0.036170435203132296;0.1901852654732545;2.601593603341188;3.1597937982532582
Energetyczne;Prog_Energii_99.99%;909;3013;0.0036210468297780117;0.060175134646945426;0.521122357399987;0.9997673415620738
Energetyczne;Prog_Energii_99.0%;910;86;0.3016595235029612;0.5492353989893234;4.325725471000959;9.968564760551018
Energetyczne;Prog_Energii_99.9%;910;844;0.030334914464760943;0.17416921216093545;3.3761925898517884;3.161152893486724
Energetyczne;Prog_Energii_99.99%;910;3100;0.003030541078804677;0.055050350396747494;0.7054182449015887;0.9991580732611711
Energetyczne;Prog_Energii_99.0%;911;64;0.4090235390039278;0.6395494812787575;3.649510534613131;9.924225863997846
Energetyczne;Prog_Energii_99.9%;911;627;0.041527548456566594;0.20378309168467976;3.0167224624786524;3.162209474548934
Energetyczne;Prog_Energii_99.99%;911;2864;0.0041516650347973435;0.06443341551398113;0.6544904519815864;0.9998472166235041
Energetyczne;Prog_Energii_99.0%;912;89;0.3031303815939193;0.5505727759287771;3.9113732920442192;9.980706106698124
Energetyczne;Prog_Energii_99.9%;912;820;0.030393643919480816;0.1743377294778179;3.033714212028241;3.1603699225626682
Energetyczne;Prog_Energii_99.99%;912;3140;0.0030387105829419434;0.0551245007500471;0.559312791018435;0.9992892226401198
Energetyczne;Prog_Energii_99.0%;913;71;0.48559765115788106;0.6968483702771221;4.102029809214727;9.958713723178949
Energetyczne;Prog_Energii_99.9%;913;693;0.0489078361728503;0.22115116136446197;3.3165050426994194;3.160488277674222
Energetyczne;Prog_Energii_99.99%;913;2905;0.004895126567225452;0.06996518110621491;0.7141328626195147;0.9998777911327752
Energetyczne;Prog_Energii_99.0%;914;71;0.297400433718983;0.5453443258336728;3.7162007848708676;9.962113348658045
Energetyczne;Prog_Energii_99.9%;914;692;0.02990352367102546;0.1729263533155819;3.0840608925247244;3.1589435354743824
Energetyczne;Prog_Energii_99.99%;914;2955;0.0029938733729235685;0.05471629896953529;0.6110061346098299;0.9995335910395473
Energetyczne;Prog_Energii_99.0%;915;57;0.46669722165548067;0.6831524146597746;3.858753596621896;9.99338881835478
Energetyczne;Prog_Energii_99.9%;915;526;0.04668619398900984;0.2160698821886332;3.2536362275946917;3.1607446571384625
Energetyczne;Prog_Energii_99.99%;915;2669;0.004671884294823247;0.06835118356563584;0.8899372621534738;0.9998646552487407
Energetyczne;Prog_Energii_99.0%;916;41;0.43664495608769793;0.6607911592081858;3.1952198785206374;9.965200384935617
Energetyczne;Prog_Energii_99.9%;916;393;0.043920180228135;0.20957142035147588;2.7735908188215497;3.160485986617238
Energetyczne;Prog_Energii_99.99%;916;2390;0.004390956612730678;0.06626429364847013;0.9434382478437653;0.9993126502547208
Energetyczne;Prog_Energii_99.0%;917;74;0.3983665644234053;0.6311628667969982;3.6823492372181175;9.90413048556329
Energetyczne;Prog_Energii_99.9%;917;699;0.04059130005699503;0.20147282709337017;2.9388185941556104;3.1614869533664383
Energetyczne;Prog_Energii_99.99%;917;3031;0.004056952668791347;0.06369421220794984;0.6641389578986958;0.9994817852387853
Energetyczne;Prog_Energii_99.0%;918;106;0.39489423682496855;0.6284061082015105;3.752147112096506;9.958631170080015
Energetyczne;Prog_Energii_99.9%;918;967;0.039798687765557984;0.1994960845870364;2.5046613214222986;3.161503206840733
Energetyczne;Prog_Energii_99.99%;918;3200;0.003978911243457743;0.0630786116164405;0.5554325903847843;0.9996348215116629
Energetyczne;Prog_Energii_99.0%;919;101;0.3810810169020925;0.6173175980822939;3.994928472171482;9.972670665568277
Energetyczne;Prog_Energii_99.9%;919;994;0.03826421258188696;0.19561240395712887;2.9149507629033016;3.1600882411657647
Energetyczne;Prog_Energii_99.99%;919;3297;0.0038280549526809133;0.06187127728341248;0.5115748607635204;0.9995209498681327
Energetyczne;Prog_Energii_99.0%;920;99;0.35998637127702093;0.5999886426233592;4.717184345743107;9.974080997501634
Energetyczne;Prog_Energii_99.9%;920;940;0.03612702769058594;0.1900711121937943;3.1378444271449104;3.159700923699313
Energetyczne;Prog_Energii_99.99%;920;3242;0.0036161345214884536;0.06013430403262728;0.5183907916158668;0.999659621101072
Energetyczne;Prog_Energii_99.0%;921;132;0.33436165981135846;0.5782401402629866;4.016220818502728;9.966661590347496
Energetyczne;Prog_Energii_99.9%;921;1216;0.0336129387884273;0.1833383178400721;2.7621314764682596;3.160055560349918
Energetyczne;Prog_Energii_99.99%;921;3454;0.003364606911246675;0.05800523175754645;0.4191843348662574;0.9997896637445673
Energetyczne;Prog_Energii_99.0%;922;98;0.4237390851099296;0.6509524445840338;4.116259107955679;9.936291440279163
Energetyczne;Prog_Energii_99.9%;922;965;0.042918174055626965;0.20716701971024964;3.0157057810898076;3.162246185234754
Energetyczne;Prog_Energii_99.99%;922;3248;0.004289182803917508;0.0654918529583452;0.5429581547134674;0.9996830695886874
Energetyczne;Prog_Energii_99.0%;923;47;0.404320701735398;0.6358621719644895;3.524525675378201;9.919525527784238
Energetyczne;Prog_Energii_99.9%;923;462;0.04102481900258127;0.20254584419972993;3.209258456808519;3.159739265316815
Energetyczne;Prog_Energii_99.99%;923;2553;0.004107679464678028;0.06409118086506152;0.9113181978019713;0.99983004608162
Energetyczne;Prog_Energii_99.0%;924;104;0.39419313973139875;0.6278480227980325;4.33719412960074;9.925329066553164
Energetyczne;Prog_Energii_99.9%;924;980;0.03997583229411545;0.1999395716063117;2.786608865997799;3.1607426790554394
Energetyczne;Prog_Energii_99.99%;924;3248;0.00399766102752815;0.06322705929843765;0.4888253383564969;0.9995243222249267
Energetyczne;Prog_Energii_99.0%;925;98;0.3643306966935257;0.6035981251573979;4.212663442966877;9.965591892958518
Energetyczne;Prog_Energii_99.9%;925;906;0.03664023886692568;0.19141640177091848;2.9198852634349395;3.1603440470762303
Energetyczne;Prog_Energii_99.99%;925;3195;0.003664091823919724;0.06053174228386066;0.4784215187270533;0.9993978029891875
Energetyczne;Prog_Energii_99.0%;926;78;0.3639923600712287;0.6033177935973948;3.8301057796681026;9.892033621944709
Energetyczne;Prog_Energii_99.9%;926;752;0.03714677721106526;0.192734992181143;2.9789629795029575;3.1600941378058995
Energetyczne;Prog_Energii_99.99%;926;2994;0.003716232795980138;0.060960912033696954;0.6361349690137592;0.9995186580957289
Energetyczne;Prog_Energii_99.0%;927;86;0.36281362459414235;0.6023401236794228;4.053303423025311;9.92896521269743
Energetyczne;Prog_Energii_99.9%;927;783;0.036769755910844505;0.19175441562280776;3.208660590496782;3.160876799091153
Energetyczne;Prog_Energii_99.99%;927;3058;0.0036750539676992746;0.06062222338135805;0.6112693744491087;0.9992957855655458
Energetyczne;Prog_Energii_99.0%;928;107;0.35310363075295303;0.59422523570861;3.635603013795276;9.954227090418586
Energetyczne;Prog_Energii_99.9%;928;1027;0.035608289404438324;0.18870158824037048;2.6080953356606407;3.161054678917085
Energetyczne;Prog_Energii_99.99%;928;3320;0.003560118328865038;0.05966672715060747;0.46837563752292155;0.9995135112209192
Energetyczne;Prog_Energii_99.0%;929;97;0.3721157725303388;0.6100129281665584;3.4527323522443982;9.985015713498631
Energetyczne;Prog_Energii_99.9%;929;935;0.037302663053084634;0.19313897341832548;2.539103082271187;3.1614013333573423
Energetyczne;Prog_Energii_99.99%;929;3228;0.003726781190199005;0.06104736841338048;0.4639391159098638;0.9992557611974244
Energetyczne;Prog_Energii_99.0%;930;69;0.42987062631871903;0.655645198501994;4.137378678155516;9.93162209151418
Energetyczne;Prog_Energii_99.9%;930;670;0.043541187728901795;0.20866525280674258;3.396782431124225;3.160832168437719
Energetyczne;Prog_Energii_99.99%;930;2973;0.004353235762823536;0.06597905548599142;0.7253788346524019;0.999441537189751
Energetyczne;Prog_Energii_99.0%;931;85;0.30118387302767125;0.5488022166752529;2.969256727741243;9.963416260721369
Energetyczne;Prog_Energii_99.9%;931;790;0.030299069915260424;0.17406628023618023;2.1009293699162663;3.1601454116842396
Energetyczne;Prog_Energii_99.99%;931;3093;0.0030333363212695524;0.055075732598573325;0.43949068053963236;0.9998910956813409
Energetyczne;Prog_Energii_99.0%;932;62;0.42322099521704803;0.6505543752962146;3.715332316532184;9.859969544405214
Energetyczne;Prog_Energii_99.9%;932;629;0.043468818991695794;0.20849177199998994;2.973317351597503;3.159954955714427
Energetyczne;Prog_Energii_99.99%;932;2851;0.004347769919492549;0.06593762142731985;0.6922002718699574;0.9993675606406722
Energetyczne;Prog_Energii_99.0%;933;67;0.42167148467386034;0.6493623677684597;3.95902964091165;9.921432762197421
Energetyczne;Prog_Energii_99.9%;933;618;0.04279646123112543;0.206873055836485;3.250696924656829;3.160757715057245
Energetyczne;Prog_Energii_99.99%;933;2893;0.004282052787391429;0.06543739593987087;0.7349987327112704;0.9998003521235982
Energetyczne;Prog_Energii_99.0%;934;98;0.40230153604691743;0.6342724462302595;4.449591066158122;9.951409411560427
Energetyczne;Prog_Energii_99.9%;934;943;0.04057780612407862;0.201439336089252;3.0307407120070495;3.160479880422451
Energetyczne;Prog_Energii_99.99%;934;3212;0.004059018729636946;0.06371042873530947;0.5411896334528872;0.9995839546543138
Energetyczne;Prog_Energii_99.0%;935;55;0.38240251239369716;0.6183870247617564;3.497992082071675;9.927294840048221
Energetyczne;Prog_Energii_99.9%;935;556;0.03871460185977587;0.19676026494131346;2.941084803207459;3.1586968753604774
Energetyczne;Prog_Energii_99.99%;935;2740;0.0038764628235490877;0.06226124656276236;0.7687772686247758;0.9995128083025486
Energetyczne;Prog_Energii_99.0%;936;126;0.36110661941948285;0.6009214752523684;4.2073231605804065;9.968120080790918
Energetyczne;Prog_Energii_99.9%;936;1174;0.03629352306531216;0.1905085905289107;2.7940771304918304;3.1601674844735457
Energetyczne;Prog_Energii_99.99%;936;3415;0.003630705535196574;0.06025533615536946;0.4042655495819396;0.9995189904852347
Energetyczne;Prog_Energii_99.0%;937;120;0.3511888036432741;0.5926118490574367;3.6470558097343977;9.931848146572397
Energetyczne;Prog_Energii_99.9%;937;1070;0.03556420847312363;0.18858475143320477;2.671619800333967;3.160576551030383
Energetyczne;Prog_Energii_99.99%;937;3381;0.0035585156942520135;0.059653295753478816;0.40490919311027485;0.9997563764687751
Energetyczne;Prog_Energii_99.0%;938;53;0.32641700202306956;0.5713291538360961;3.0929520713384955;9.985869463716396
Energetyczne;Prog_Energii_99.9%;938;552;0.03265287646170367;0.18070106934299993;2.207834597787299;3.158349750397697
Energetyczne;Prog_Energii_99.99%;938;2735;0.00326830143447266;0.05716906011535138;0.6240461722322275;0.999218695286518
Energetyczne;Prog_Energii_99.0%;939;73;0.37924078038016307;0.6158252839727865;3.9024706873779254;9.927459732954274
Energetyczne;Prog_Energii_99.9%;939;695;0.03847240797785015;0.1961438451184491;3.052690219677232;3.161952220796234
Energetyczne;Prog_Energii_99.99%;939;2966;0.0038453617058663184;0.06201098052656737;0.7200588039280613;0.9996528694098138
Energetyczne;Prog_Energii_99.0%;940;125;0.4702775543005793;0.6857678574419913;4.542002504985363;9.97845772124511
Energetyczne;Prog_Energii_99.9%;940;1125;0.04721061575176271;0.21728003992949446;2.9473295980263616;3.1615942167285236
Energetyczne;Prog_Energii_99.99%;940;3396;0.004720542444328586;0.06870620382708235;0.4279646985439154;0.9997289062702728
Energetyczne;Prog_Energii_99.0%;941;59;0.4548107868563058;0.6743966094638272;3.4468115858565858;9.969318872205193
Energetyczne;Prog_Energii_99.9%;941;545;0.045754945894285005;0.2139040576854142;2.858073888254706;3.1620529065528293
Energetyczne;Prog_Energii_99.99%;941;2718;0.004571700362651926;0.0676143502716097;0.6658227085165507;0.9995142453793817
Energetyczne;Prog_Energii_99.0%;942;99;0.360256488219003;0.6002137021253372;4.2080636454666935;9.97590589669227
Energetyczne;Prog_Energii_99.9%;942;894;0.036165907173581494;0.19017336084105338;3.0090811399454003;3.1607934725420286
Energetyczne;Prog_Energii_99.99%;942;3179;0.00361858247291471;0.060154654623850265;0.49303477007593344;0.9998058552322784
Energetyczne;Prog_Energii_99.0%;943;47;0.31686470854233956;0.5629073711920457;3.827159595319766;9.88468697227437
Energetyczne;Prog_Energii_99.9%;943;482;0.03237795891063601;0.17993876433563727;2.7564849689960855;3.1597354212453688
Energetyczne;Prog_Energii_99.99%;943;2605;0.0032407922750831274;0.05692795688484813;0.7602483819005741;0.9996583142733002
Energetyczne;Prog_Energii_99.0%;944;116;0.33328368419474225;0.5773072701731221;3.644572364521382;9.955757699201689
Energetyczne;Prog_Energii_99.9%;944;1052;0.03355883150328397;0.18319069709808947;2.6886420016684136;3.1591533439540944
Energetyczne;Prog_Energii_99.99%;944;3303;0.0033621050226383792;0.05798366168705094;0.47430301671971975;0.9999376694072326
Energetyczne;Prog_Energii_99.0%;945;45;0.37643553444104566;0.6135434250654518;3.3603427831603483;9.975016456711996
Energetyczne;Prog_Energii_99.9%;945;427;0.03778960346306261;0.19439548210558447;2.5949484048807028;3.1604904459807512
Energetyczne;Prog_Energii_99.99%;945;2468;0.003778284099766097;0.06146774845206303;0.7836092640868353;0.9993454046075927
Energetyczne;Prog_Energii_99.0%;946;81;0.3133882743110357;0.5598109272879869;3.9983992421243695;9.92864106529392
Energetyczne;Prog_Energii_99.9%;946;768;0.03173361319564109;0.17813930839553938;3.195846513078213;3.15942609632044
Energetyczne;Prog_Energii_99.99%;946;3021;0.003177725480444083;0.05637131788812537;0.6574773037634469;0.9997850245621488
Energetyczne;Prog_Energii_99.0%;947;97;0.3364096628120752;0.5800083299505924;4.23370716172547;9.976981132217672
Energetyczne;Prog_Energii_99.9%;947;947;0.033793422020513594;0.18382987249224103;2.908935256559563;3.162139360221435
Energetyczne;Prog_Energii_99.99%;947;3223;0.0033790900203769917;0.0581299408255074;0.4830186451743739;0.9999189544095353
Energetyczne;Prog_Energii_99.0%;948;55;0.4603053623872359;0.6784580771036895;4.094864711646636;9.998441646319147
Energetyczne;Prog_Energii_99.9%;948;549;0.04600827111286381;0.214495387159873;3.131902955053069;3.161020089963287
Energetyczne;Prog_Energii_99.99%;948;2727;0.004602650890165031;0.06784283963813005;0.7839650772662137;0.9998004241296139
Energetyczne;Prog_Energii_99.0%;949;88;0.4015724005102843;0.6336974045317563;4.031999194565834;9.95237272745811
Energetyczne;Prog_Energii_99.9%;949;880;0.04049646782950078;0.2012373420354701;3.136472562844642;3.1604816751614253
Energetyczne;Prog_Energii_99.99%;949;3181;0.004050374769170849;0.06364255470336534;0.5402374218961046;0.9995218872697671
Energetyczne;Prog_Energii_99.0%;950;69;0.37520269663883227;0.6125379144500627;3.9987672358918713;9.949709005335382
Energetyczne;Prog_Energii_99.9%;950;644;0.03784872892132411;0.194547497854185;3.4133886891687197;3.1601162078319938
Energetyczne;Prog_Energii_99.99%;950;2900;0.003787853271084958;0.061545538189904214;0.7623383631509242;0.9997098646800996
Energetyczne;Prog_Energii_99.0%;951;86;0.3982548603290028;0.6310743698875774;4.3565213211432035;9.885610752141051
Energetyczne;Prog_Energii_99.9%;951;779;0.04074031553096291;0.20184230362082897;3.138542415607655;3.161805552753543
Energetyczne;Prog_Energii_99.99%;951;3038;0.004071643729462937;0.06380943291914556;0.6511419375040006;0.9995576531905446
Energetyczne;Prog_Energii_99.0%;952;72;0.35909533941319116;0.5992456419642876;3.690581652516686;9.924893031785322
Energetyczne;Prog_Energii_99.9%;952;683;0.0364254684696724;0.19085457413872062;2.7261879508939995;3.1609929222758195
Energetyczne;Prog_Energii_99.99%;952;2935;0.0036417511370355994;0.06034692317786881;0.6595670449010766;0.9994845442253684
Energetyczne;Prog_Energii_99.0%;953;50;0.4150436119104659;0.6442387848542386;3.5969431534770204;9.90025677488114
Energetyczne;Prog_Energii_99.9%;953;504;0.04223807440315384;0.20551903659552767;2.8214629576628703;3.1582873963142
Energetyczne;Prog_Energii_99.99%;953;2677;0.004231659856920322;0.065051209496214;0.7365241718745743;0.9996661062168394
Energetyczne;Prog_Energii_99.0%;954;69;0.410267942780178;0.6405216177305634;4.231357422256705;9.942912382654798
Energetyczne;Prog_Energii_99.9%;954;619;0.04146898499280706;0.20363935030540403;3.4680369818601697;3.1611239366461206
Energetyczne;Prog_Energii_99.99%;954;2835;0.004148453928111932;0.06440849267070245;0.8015159344789609;0.9998226158122381
Energetyczne;Prog_Energii_99.0%;955;96;0.34659561816953294;0.5887237197272868;4.289222585577946;9.93097982977338
Energetyczne;Prog_Energii_99.9%;955;950;0.035100112495655235;0.18735024018040444;2.8894754163281005;3.1603473649688576
Energetyczne;Prog_Energii_99.99%;955;3233;0.003511729740840031;0.05925984931502974;0.5042643052098903;0.999634206237832
Energetyczne;Prog_Energii_99.0%;956;146;0.3631999980819826;0.6026607653414835;4.22498846773304;9.940213609370893
Energetyczne;Prog_Energii_99.9%;956;1272;0.03671134859329203;0.1916020579046374;2.659902160295944;3.160261117194132
Energetyczne;Prog_Energii_99.99%;956;3502;0.003668992556089759;0.060572209437082275;0.42193941099691123;0.9990706799288371
Energetyczne;Prog_Energii_99.0%;957;44;0.36386808238511986;0.6032147895941543;3.906160752708453;9.938120392209575
Energetyczne;Prog_Energii_99.9%;957;397;0.036781126970469466;0.19178406339023446;3.1971137283791213;3.159692275717659
Energetyczne;Prog_Energii_99.99%;957;2385;0.0036800294122969674;0.06066324597560674;1.0241825418073258;0.9994427396142298
Energetyczne;Prog_Energii_99.0%;958;62;0.3802108354738765;0.616612386734062;3.152349601551088;9.889952456534601
Energetyczne;Prog_Energii_99.9%;958;584;0.0387783020663699;0.19692207104936182;2.580656077677511;3.158467073027635
Energetyczne;Prog_Energii_99.99%;958;2796;0.0038859887195770598;0.06233769902376137;0.594250400659774;0.9998451099242353
Energetyczne;Prog_Energii_99.0%;959;49;0.45044424895492713;0.6711514351880111;3.7331961485492826;9.98245741623207
Energetyczne;Prog_Energii_99.9%;959;491;0.045145582991313014;0.2124748996736156;3.2672594363547747;3.1602728189292812
Energetyczne;Prog_Energii_99.99%;959;2626;0.004517030353398502;0.06720885621254466;0.8335591420775863;0.9996395894578514
Energetyczne;Prog_Energii_99.0%;960;67;0.3554523312880338;0.5961982315371572;4.108804428072222;9.962569799960676
Energetyczne;Prog_Energii_99.9%;960;667;0.03576200895226315;0.18910845817219057;3.308727734548521;3.1600332148686925
Energetyczne;Prog_Energii_99.99%;960;2945;0.0035780811148625005;0.059817063743237184;0.6396955404037581;0.9995529024536478
Energetyczne;Prog_Energii_99.0%;961;107;0.3815930706765865;0.6177321998055358;4.319597200046546;9.97611062032818
Energetyczne;Prog_Energii_99.9%;961;1028;0.038270945019479585;0.19562961181651306;3.1233897843826925;3.159334495931688
Energetyczne;Prog_Energii_99.99%;961;3306;0.0038311131388631212;0.061895986451975395;0.5657324196480569;0.9995936879988222
Energetyczne;Prog_Energii_99.0%;962;60;0.43564484929014113;0.660033975860441;3.2945797500179994;9.911870567642039
Energetyczne;Prog_Energii_99.9%;962;557;0.044302812678266516;0.21048233341130204;2.8000836735172276;3.160857958604891
Energetyczne;Prog_Energii_99.99%;962;2730;0.004430327820843603;0.06656070778502586;0.6970858209433537;0.9995563025308827
Energetyczne;Prog_Energii_99.0%;963;49;0.5145945429971612;0.7173524538169234;5.2055080594956396;9.99475878356932
Energetyczne;Prog_Energii_99.9%;963;573;0.051466404481293464;0.22686208251114479;3.813043538016121;3.160833673562322
Energetyczne;Prog_Energii_99.99%;963;2727;0.005146967057701147;0.07174236584962296;0.8312547005677668;0.9995750867154091
Energetyczne;Prog_Energii_99.0%;964;40;0.4642383945181047;0.681350419768055;2.8979034862774933;9.767876715731976
Energetyczne;Prog_Energii_99.9%;964;346;0.04854857238220666;0.22033740577170882;2.510468194305374;3.1587690459997417
Energetyczne;Prog_Energii_99.99%;964;2219;0.004863939176276761;0.06974194703531555;0.8526529198237194;0.9998243499842208
Energetyczne;Prog_Energii_99.0%;965;115;0.42345402046169367;0.6507334480889189;4.046586060609033;9.98794417247572
Energetyczne;Prog_Energii_99.9%;965;1047;0.04241404439234303;0.2059467027955122;2.87305647956284;3.161024189040842
Energetyczne;Prog_Energii_99.99%;965;3311;0.004242915031492477;0.06513766215863505;0.5539852180361162;0.9997816080865292
Energetyczne;Prog_Energii_99.0%;966;148;0.3503869670401916;0.591934934802966;4.329332092217613;9.975822749185523
Energetyczne;Prog_Energii_99.9%;966;1294;0.03517827116386196;0.18755871391076973;2.427148231380266;3.1609090375141355
Energetyczne;Prog_Energii_99.99%;966;3498;0.003515541282177606;0.05929200015328886;0.3718203013013692;0.9992423984416046
Energetyczne;Prog_Energii_99.0%;967;97;0.30163688376384107;0.5492147883695786;3.8756822415051673;9.955540920597429
Energetyczne;Prog_Energii_99.9%;967;951;0.03040635354638919;0.1743741768335816;2.835958249905457;3.1608567171247186
Energetyczne;Prog_Energii_99.99%;967;3218;0.00303847975194751;0.05512240698615682;0.45301233657349727;0.9991962889812575
Energetyczne;Prog_Energii_99.0%;968;63;0.38454523396835;0.6201171131071533;4.2355004851749545;9.951414298874267
Energetyczne;Prog_Energii_99.9%;968;604;0.03875301267235869;0.19685784889701172;3.6314558171062874;3.1591032902535683
Energetyczne;Prog_Energii_99.99%;968;2839;0.0038811474866082504;0.06229885622231158;0.8631936244578806;0.9997494271813413
Energetyczne;Prog_Energii_99.0%;969;22;0.3887485754458429;0.623497053277594;2.334144455540672;9.673495225667063
Energetyczne;Prog_Energii_99.9%;969;204;0.04143234757785538;0.20354937380855628;2.190445208846672;3.158048438839909
Energetyczne;Prog_Energii_99.99%;969;1631;0.004152626386934041;0.06444087512545155;1.0802706330459388;0.9997938155231765
Energetyczne;Prog_Energii_99.0%;970;47;0.34432339849574517;0.58679076210839;3.08015828751716;9.987192045927548
Energetyczne;Prog_Energii_99.9%;970;456;0.03445524313465109;0.18562123567806324;2.6469463209905246;3.1592776305104167
Energetyczne;Prog_Energii_99.99%;970;2539;0.0034511169484194013;0.05874620794927449;0.7257720996381747;0.9998617882996339
Energetyczne;Prog_Energii_99.0%;971;61;0.43223414305747976;0.6574451635364578;4.394002680368008;9.944132076259036
Energetyczne;Prog_Energii_99.9%;971;579;0.04364733392715593;0.20891944363116596;3.5485670987100963;3.159993648126765
Energetyczne;Prog_Energii_99.99%;971;2752;0.0043676876076620555;0.06608848316962689;0.8749653704121569;0.9996158490592476
Energetyczne;Prog_Energii_99.0%;972;95;0.3030650423283691;0.5505134351933376;4.201687580654352;9.982125196585425
Energetyczne;Prog_Energii_99.9%;972;934;0.030377174046490502;0.1742904875387366;3.012777689511055;3.1603033749295797
Energetyczne;Prog_Energii_99.99%;972;3198;0.0030401417162437263;0.05513748014049723;0.5539810542443888;0.9997743826059249
Energetyczne;Prog_Energii_99.0%;973;109;0.32027483705686893;0.5659282967451521;3.7604921106685882;9.978844480918934
Energetyczne;Prog_Energii_99.9%;973;973;0.03214150662955785;0.17928052495895322;2.6247069106590586;3.161199903436751
Energetyczne;Prog_Energii_99.99%;973;3251;0.0032162793670187477;0.05671225059031556;0.4038760302075812;0.9999901614011489
Energetyczne;Prog_Energii_99.0%;974;59;0.3431279840631265;0.5857712728216761;3.814028237175102;9.93751352318813
Energetyczne;Prog_Energii_99.9%;974;583;0.03472371939338578;0.18634301541347287;3.029966324118085;3.161278679138593
Energetyczne;Prog_Energii_99.99%;974;2811;0.0034721739603298446;0.058925155581719464;0.7450679476630571;0.9996555953121383
Energetyczne;Prog_Energii_99.0%;975;84;0.36381142837457253;0.6031678277018533;4.112971551077425;9.95661357168802
Energetyczne;Prog_Energii_99.9%;975;832;0.03665410186177389;0.19145260996333763;3.0631839394763087;3.1603470330289367
Energetyczne;Prog_Energii_99.99%;975;3115;0.0036653355893566525;0.06054201507512492;0.6412496281281737;0.999379312472699
Energetyczne;Prog_Energii_99.0%;976;49;0.3114499733926403;0.5580770317730701;3.570026978125818;9.910539144010343
Energetyczne;Prog_Energii_99.9%;976;489;0.031670687725897116;0.17796260204294923;3.048443988541063;3.1603259645233988
Energetyczne;Prog_Energii_99.99%;976;2603;0.0031696337714156465;0.056299500632027336;0.9227412324848632;0.9997874362061608
Energetyczne;Prog_Energii_99.0%;977;49;0.5170694473410271;0.7190754114423793;4.349860296404602;9.993858541949582
Energetyczne;Prog_Energii_99.9%;977;449;0.05171656327418352;0.22741275969959013;3.570321772438281;3.1606294901855283
Energetyczne;Prog_Energii_99.99%;977;2544;0.005172146589667771;0.07191763754231482;1.0599334233093156;0.9995261760201215
Energetyczne;Prog_Energii_99.0%;978;65;0.42484752996647696;0.6518032908527518;3.601344775388049;9.982201649693891
Energetyczne;Prog_Energii_99.9%;978;618;0.04252913638021855;0.20622593527541233;3.0435896935169655;3.1582977567091484
Energetyczne;Prog_Energii_99.99%;978;2851;0.004260329391507929;0.06527119879018561;0.7353899178473533;0.9996118113924648
Energetyczne;Prog_Energii_99.0%;979;90;0.36734793729979254;0.6060923504712731;3.4584275788236516;9.97106190248105
Energetyczne;Prog_Energii_99.9%;979;874;0.03689353020939112;0.19207688619245972;2.628497975237666;3.1599318499427236
Energetyczne;Prog_Energii_99.99%;979;3129;0.0036947894760280577;0.06078477997021999;0.5238651648473578;0.9999941483182941
Energetyczne;Prog_Energii_99.0%;980;76;0.3110581041830209;0.5577258324508745;3.3747207620817887;9.942765370491403
Energetyczne;Prog_Energii_99.9%;980;697;0.03143746824304299;0.17730614271097037;2.7443606669773124;3.1608960409366067
Energetyczne;Prog_Energii_99.99%;980;2965;0.0031443540690987634;0.05607454029324506;0.567999497103171;0.9996596265657293
Energetyczne;Prog_Energii_99.0%;981;51;0.38918314600450665;0.6238454504158114;3.609174886238708;9.960496240759166
Energetyczne;Prog_Energii_99.9%;981;497;0.03920614217794004;0.19800540946635786;2.8599587761966885;3.161411428624006
Energetyczne;Prog_Energii_99.99%;981;2582;0.003919529497322761;0.0626061458430621;0.8518159453300793;0.9995877663331518
Energetyczne;Prog_Energii_99.0%;982;82;0.3494021618114276;0.5911024968746348;4.03582664798591;9.926566431723188
Energetyczne;Prog_Energii_99.9%;982;779;0.035426924457323934;0.18822041456049324;2.7087039418200267;3.160843438862135
Energetyczne;Prog_Energii_99.99%;982;3077;0.0035433971877062874;0.05952644108046681;0.5292573875236339;0.9996458735220516
Energetyczne;Prog_Energii_99.0%;983;69;0.33502061959684887;0.5788096574840894;3.3428058826805884;9.980203272392508
Energetyczne;Prog_Energii_99.9%;983;634;0.03355148116211659;0.1831706340058815;2.5633957570847485;3.1583442627025615
Energetyczne;Prog_Energii_99.99%;983;2883;0.0033601065588970054;0.05796642613528115;0.6123857350961657;0.9994938894400427
Energetyczne;Prog_Energii_99.0%;984;38;0.42685254499045494;0.653339532701378;2.9322568593688647;9.933579747655932
Energetyczne;Prog_Energii_99.9%;984;395;0.0432414343096767;0.20794574847704078;2.3530019651529734;3.161672564251261
Energetyczne;Prog_Energii_99.99%;984;2416;0.004324343820873066;0.06575974316307102;0.7968269011997338;0.9998318182198684
Energetyczne;Prog_Energii_99.0%;985;68;0.44115164520512773;0.6641924760226721;4.012108216003338;9.875834636718288
Energetyczne;Prog_Energii_99.9%;985;645;0.04522201772107036;0.21265469127454104;3.3012717963919505;3.161948744625735
Energetyczne;Prog_Energii_99.99%;985;2881;0.004518361368479309;0.06721875756423432;0.795371961579658;0.9994713251876324
Energetyczne;Prog_Energii_99.0%;986;69;0.41085453148376666;0.6409793533989739;4.159702282772646;9.96737585947903
Energetyczne;Prog_Energii_99.9%;986;673;0.041325722540899126;0.20328729065266016;3.4603662465089267;3.1611639636214615
Energetyczne;Prog_Energii_99.99%;986;2918;0.004132498724549885;0.06428451387814864;0.8114806628088278;0.9996389249819934
Energetyczne;Prog_Energii_99.0%;987;74;0.3146653028901236;0.5609503568856371;4.053937925639404;9.927395741422043
Energetyczne;Prog_Energii_99.9%;987;801;0.03189655021270908;0.17859605318345947;2.8300763093392156;3.1606962649098134
Energetyczne;Prog_Energii_99.99%;987;3080;0.0031876203328544215;0.056459014628794414;0.4945566380043034;0.999181076383641
Energetyczne;Prog_Energii_99.0%;988;71;0.42823048063464675;0.6543932156086635;3.914331003450295;9.953747039150732
Energetyczne;Prog_Energii_99.9%;988;718;0.04314250724436021;0.20770774478665982;3.046737582083252;3.159370085699769
Energetyczne;Prog_Energii_99.99%;988;2948;0.004319387721154547;0.0657220489725826;0.6969822370213343;0.9996751719977685
Energetyczne;Prog_Energii_99.0%;989;31;0.3941460525072319;0.6278105227751697;3.4236265520358784;9.992718453508312
Energetyczne;Prog_Energii_99.9%;989;319;0.039459354908487364;0.1986437890005307;2.945159607683262;3.161768374391004
Energetyczne;Prog_Energii_99.99%;989;2153;0.0039459266063123655;0.06281661091074849;1.1776925486069816;0.9998378240937543
Energetyczne;Prog_Energii_99.0%;990;85;0.359599665851208;0.5996662954103791;4.498481031094031;9.946084500319074
Energetyczne;Prog_Energii_99.9%;990;791;0.03632450492433079;0.1905898867315126;2.9897935568115406;3.1611300032138767
Energetyczne;Prog_Energii_99.99%;990;3040;0.003632291416186177;0.06026849439123377;0.571716274828264;0.9996151901650503
Energetyczne;Prog_Energii_99.0%;991;81;0.27997620963948777;0.5291277819577118;3.9423110656540503;9.954314316465233
Energetyczne;Prog_Energii_99.9%;991;752;0.028196242449452593;0.16791736792080977;3.0640211714522927;3.158976558163155
Energetyczne;Prog_Energii_99.99%;991;3058;0.0028227087460625014;0.05312917038748583;0.6149211115661082;0.9995023497978758
Energetyczne;Prog_Energii_99.0%;992;48;0.42750108506858;0.6538356713032564;3.9072331417422;9.89506873182015
Energetyczne;Prog_Energii_99.9%;992;459;0.043615790956105224;0.2088439392371855;3.313988535074211;3.160618521863338
Energetyczne;Prog_Energii_99.99%;992;2528;0.004363457174915925;0.06605646959167531;1.004794951238921;0.9996904963722183
Energetyczne;Prog_Energii_99.0%;993;67;0.3335071123961137;0.5775007466628193;4.619366266955856;9.971664496950103
Energetyczne;Prog_Energii_99.9%;993;644;0.033469620589465524;0.1829470431285117;3.563932418347849;3.158933638317374
Energetyczne;Prog_Energii_99.99%;993;2871;0.0033534872741271806;0.05790930213814686;0.8183241308953608;0.9999158191760193
Energetyczne;Prog_Energii_99.0%;994;77;0.42222295329607906;0.6497868522031506;4.022662001471657;9.96502514063349
Energetyczne;Prog_Energii_99.9%;994;775;0.04247864229535399;0.20610347472896712;2.9996921595172363;3.1607692588460754
Energetyczne;Prog_Energii_99.99%;994;3038;0.004245975289270331;0.06516114861840858;0.7009301576407783;0.9993007429642301
Energetyczne;Prog_Energii_99.0%;995;75;0.36184756997969697;0.6015376712889202;3.5257842244718725;9.950657745342733
Energetyczne;Prog_Energii_99.9%;995;738;0.03648806213061583;0.19101848635829946;2.7519682810869237;3.1598346562603177
Energetyczne;Prog_Energii_99.99%;995;3041;0.003648166503195447;0.060400053834375404;0.5884246557972928;0.9991398580546653
Energetyczne;Prog_Energii_99.0%;996;71;0.446781470521114;0.6684171381114595;4.077964976486381;9.993299131048845
Energetyczne;Prog_Energii_99.9%;996;664;0.0446720598107075;0.21135765850971075;3.280956895298623;3.1599433717293546
Energetyczne;Prog_Energii_99.99%;996;2907;0.004470441659671819;0.06686136148532887;0.6941031907970974;0.9996236594410334
Energetyczne;Prog_Energii_99.0%;997;88;0.3491591008271975;0.5908968614125459;3.9414922162594026;9.9347918766947
Energetyczne;Prog_Energii_99.9%;997;884;0.03532423981269128;0.18794743896284216;2.8972570897841035;3.1599739511054588
Energetyczne;Prog_Energii_99.99%;997;3160;0.003533269791534594;0.05944131384428337;0.513457933915511;0.9993911297964264
Energetyczne;Prog_Energii_99.0%;998;121;0.3881822758472581;0.6230427560346546;4.331452393869025;9.99263882383815
Energetyczne;Prog_Energii_99.9%;998;1094;0.03882207466684377;0.19703318163914366;2.9429722389075725;3.160106431479237
Energetyczne;Prog_Energii_99.99%;998;3375;0.0038871157956894367;0.062346738452700445;0.5221587964670547;0.9999449205817981
Energetyczne;Prog_Energii_99.0%;999;112;0.29232336746990634;0.5406693698277223;4.09994379151481;9.938116677220094
Energetyczne;Prog_Energii_99.9%;999;997;0.029586182281848568;0.172006343725598;2.894312907265606;3.161671824893101
Energetyczne;Prog_Energii_99.99%;999;3294;0.0029563095641160606;0.05437195567676466;0.5509387421786645;0.9994182575138374
