Strategia;Konfiguracja;Indeks sygnału;Wymagane K;MSE;RMSE;Max Error;PRD
Fidelity (MAX_ERROR);Tolerancja_0.01;0;4893;6.421472228703669e-06;0.002534062396371421;0.009833517917239298;0.04011762276682754
Fidelity (MAX_ERROR);Tolerancja_0.1;0;4253;0.00035262633804778424;0.01877834758565791;0.09969544140620945;0.2972865489439086
Fidelity (MAX_ERROR);Tolerancja_1.0;0;2464;0.005113257765149192;0.07150704696146522;0.9991414857272245;1.1320529199587297
Fidelity (MAX_ERROR);Tolerancja_0.01;1;4898;7.437462006102891e-06;0.002727171062860357;0.009881360144619045;0.04791924854917992
Fidelity (MAX_ERROR);Tolerancja_0.1;1;4327;0.00037940041612744463;0.019478203616541352;0.09944632416023325;0.3422524142704918
Fidelity (MAX_ERROR);Tolerancja_1.0;1;2495;0.006975039170328861;0.08351669994874594;0.9983272746833061;1.4674757874021054
Fidelity (MAX_ERROR);Tolerancja_0.01;2;4875;6.947191335842129e-06;0.0026357525179428604;0.009856646456224416;0.04409799160648516
Fidelity (MAX_ERROR);Tolerancja_0.1;2;4162;0.0003325680697355021;0.01823644893435951;0.09951878599116526;0.30510860430368925
Fidelity (MAX_ERROR);Tolerancja_1.0;2;2487;0.003757986135637694;0.06130241541438391;0.9992895343526165;1.0256324833223103
Fidelity (MAX_ERROR);Tolerancja_0.01;3;4911;7.831451048547184e-06;0.002798472985137999;0.009649397936318138;0.04607725974141596
Fidelity (MAX_ERROR);Tolerancja_0.1;3;4130;0.0005867946458465383;0.02422384457196129;0.099907096690663;0.3988490809829664
Fidelity (MAX_ERROR);Tolerancja_1.0;3;2498;0.005924765576214371;0.07697249883051979;0.9999114663226019;1.2673632514572235
Fidelity (MAX_ERROR);Tolerancja_0.01;4;4921;7.640470401420859e-06;0.002764140083537891;0.009953704000388974;0.04426159997181831
Fidelity (MAX_ERROR);Tolerancja_0.1;4;4333;0.0005927255455168658;0.024345955424194505;0.09962111120102257;0.389846718093311
Fidelity (MAX_ERROR);Tolerancja_1.0;4;2653;0.009862259498804642;0.09930890946337415;0.9982304218720159;1.5902129021910454
Fidelity (MAX_ERROR);Tolerancja_0.01;5;4909;5.928794537043573e-06;0.0024349116076448386;0.00990215605617939;0.04036798993694229
Fidelity (MAX_ERROR);Tolerancja_0.1;5;4189;0.0005217848567941944;0.022842610551208772;0.09966440393390918;0.37870379769415774
Fidelity (MAX_ERROR);Tolerancja_1.0;5;2540;0.006005572597632175;0.07749562953891126;0.9977547338139803;1.2847870056398711
Fidelity (MAX_ERROR);Tolerancja_0.01;6;4897;7.329863050478069e-06;0.0027073719822880028;0.00985983500729759;0.045196157281820075
Fidelity (MAX_ERROR);Tolerancja_0.1;6;4266;0.0004755077842262324;0.021806140975106816;0.09947284661039246;0.3640259940887681
Fidelity (MAX_ERROR);Tolerancja_1.0;6;2501;0.006760584314128637;0.08222277247897104;0.9990837124155165;1.3726053831606684
Fidelity (MAX_ERROR);Tolerancja_0.01;7;4918;5.934809265454149e-06;0.00243614639655628;0.009948468103972985;0.036906245318904164
Fidelity (MAX_ERROR);Tolerancja_0.1;7;4267;0.0004520235247456479;0.021260844873749678;0.09899318231980292;0.32208982091838106
Fidelity (MAX_ERROR);Tolerancja_1.0;7;2434;0.0071327714364647936;0.08445573655154985;0.9993277675543131;1.279456824173757
Fidelity (MAX_ERROR);Tolerancja_0.01;8;4876;7.176786354865626e-06;0.0026789524734241975;0.009894060047984432;0.04436445527371241
Fidelity (MAX_ERROR);Tolerancja_0.1;8;4264;0.0004015501456132572;0.020038716166792155;0.09973930283973287;0.33184863708610446
Fidelity (MAX_ERROR);Tolerancja_1.0;8;2379;0.0072738966310889695;0.08528714223778969;0.9991440563949645;1.4123869851244046
Fidelity (MAX_ERROR);Tolerancja_0.01;9;4897;7.886915691049697e-06;0.0028083653058406945;0.00984605020654783;0.041439447228366164
Fidelity (MAX_ERROR);Tolerancja_0.1;9;4202;0.0005426839239275152;0.02329557734694539;0.09920005788687014;0.3437429760705874
Fidelity (MAX_ERROR);Tolerancja_1.0;9;2553;0.006330937661925333;0.07956718960680548;0.9995939665457696;1.1740710326976445
Fidelity (MAX_ERROR);Tolerancja_0.01;10;4895;8.487395994464582e-06;0.0029133135764048096;0.009947601750610602;0.0466384673975993
Fidelity (MAX_ERROR);Tolerancja_0.1;10;4204;0.0005282178846535082;0.022982991203355323;0.09957954241374622;0.3679286344656974
Fidelity (MAX_ERROR);Tolerancja_1.0;10;2605;0.00587722407956611;0.07666305550632659;0.9998837289275144;1.2272786025472953
Fidelity (MAX_ERROR);Tolerancja_0.01;11;4839;6.315679514772292e-06;0.002513101572712948;0.009941992365362307;0.04939348830648488
Fidelity (MAX_ERROR);Tolerancja_0.1;11;4005;0.00027270857808032404;0.016513890458650985;0.09960914965855494;0.32457050845875957
Fidelity (MAX_ERROR);Tolerancja_1.0;11;1980;0.003706320443803365;0.060879556862738125;0.9996805287348149;1.1965507931131718
Fidelity (MAX_ERROR);Tolerancja_0.01;12;4875;7.071294184260455e-06;0.002659190512968271;0.009810704831364703;0.045826034556420064
Fidelity (MAX_ERROR);Tolerancja_0.1;12;4257;0.0003128841969076084;0.017688532921291366;0.09951873163116165;0.30482784777938327
Fidelity (MAX_ERROR);Tolerancja_1.0;12;2481;0.004489297972461221;0.06700222363818398;0.9989987597588454;1.1546544712861049
Fidelity (MAX_ERROR);Tolerancja_0.01;13;4888;7.009133476719146e-06;0.0026474768132543004;0.009778597516435283;0.05275176003522159
Fidelity (MAX_ERROR);Tolerancja_0.1;13;4200;0.00041581778384372096;0.020391610624070893;0.09948207260768216;0.4063088843639057
Fidelity (MAX_ERROR);Tolerancja_1.0;13;2563;0.004811176308654956;0.06936264346645792;0.999607015600918;1.3820712254146406
Fidelity (MAX_ERROR);Tolerancja_0.01;14;4913;5.759710561468493e-06;0.002399939699548406;0.009620167661262613;0.036656436570942565
Fidelity (MAX_ERROR);Tolerancja_0.1;14;4219;0.0005218115717199403;0.022843195304508963;0.09976796654722797;0.3489046578607575
Fidelity (MAX_ERROR);Tolerancja_1.0;14;2671;0.0057894380478203415;0.0760883568479458;0.99998614256676;1.1621658773796675
Fidelity (MAX_ERROR);Tolerancja_0.01;15;4894;8.331169873977678e-06;0.0028863765994716763;0.009891155867409296;0.04333297932870652
Fidelity (MAX_ERROR);Tolerancja_0.1;15;4274;0.00043312285692025966;0.020811603900715094;0.09933131346142687;0.3124432209545997
Fidelity (MAX_ERROR);Tolerancja_1.0;15;2570;0.005786027572033113;0.0760659422608641;0.9994813357023071;1.1419729165667223
Fidelity (MAX_ERROR);Tolerancja_0.01;16;4911;8.138585986906826e-06;0.0028528207071084623;0.009860981579104866;0.046629897847148834
Fidelity (MAX_ERROR);Tolerancja_0.1;16;4395;0.0004952102529388442;0.022253320043059736;0.09999853861804375;0.36373475479275313
Fidelity (MAX_ERROR);Tolerancja_1.0;16;2671;0.00968490966485347;0.09841193862968796;0.99948173845209;1.6085618818623366
Fidelity (MAX_ERROR);Tolerancja_0.01;17;4890;6.9183748709313545e-06;0.00263028037876789;0.009746212818916078;0.03717752248755586
Fidelity (MAX_ERROR);Tolerancja_0.1;17;4256;0.0003464071844102258;0.018612017204221197;0.09946265963188194;0.2630703151398794
Fidelity (MAX_ERROR);Tolerancja_1.0;17;2252;0.006463654565081282;0.08039685668657252;0.9994397023090387;1.136364005723976
Fidelity (MAX_ERROR);Tolerancja_0.01;18;4922;6.449980197003949e-06;0.002539681121126026;0.009874706155833302;0.058448042083156106
Fidelity (MAX_ERROR);Tolerancja_0.1;18;4234;0.0006172686275943182;0.024844891378195202;0.09937934973735985;0.5717785767452402
Fidelity (MAX_ERROR);Tolerancja_1.0;18;2657;0.007576607626788297;0.08704371101227415;0.9991314824724149;2.0032178221113845
Fidelity (MAX_ERROR);Tolerancja_0.01;19;4914;6.8792692036385186e-06;0.002622836099270886;0.00962670330035209;0.046294993491134584
Fidelity (MAX_ERROR);Tolerancja_0.1;19;4175;0.0006393984342439573;0.025286328998966167;0.09967463708359725;0.44632237475580205
Fidelity (MAX_ERROR);Tolerancja_1.0;19;2576;0.0069971475002234326;0.0836489539696907;0.9992198306845372;1.4764657923701594
Fidelity (MAX_ERROR);Tolerancja_0.01;20;4870;7.2761741870638235e-06;0.0026974384491705874;0.009776187929341873;0.0431010985053994
Fidelity (MAX_ERROR);Tolerancja_0.1;20;4203;0.0002973092581702337;0.0172426580946858;0.09960893708423812;0.2755123125283872
Fidelity (MAX_ERROR);Tolerancja_1.0;20;2438;0.0036841179945317775;0.06069693562719437;0.9995885534362774;0.969847746571565
Fidelity (MAX_ERROR);Tolerancja_0.01;21;4889;8.00943903960142e-06;0.002830095235076272;0.009944399523734493;0.042412311729914026
Fidelity (MAX_ERROR);Tolerancja_0.1;21;4269;0.0004732198436420175;0.021753616794501496;0.09962220025514945;0.32600357942252267
Fidelity (MAX_ERROR);Tolerancja_1.0;21;2401;0.008380433855581904;0.091544709599091;0.9981587213019241;1.3719053382443724
Fidelity (MAX_ERROR);Tolerancja_0.01;22;4901;7.017578418036401e-06;0.0026490712368746148;0.009879162134416752;0.04343345309060075
Fidelity (MAX_ERROR);Tolerancja_0.1;22;4288;0.0004616172878491751;0.02148528072539838;0.09919350913330227;0.3522668320637344
Fidelity (MAX_ERROR);Tolerancja_1.0;22;2682;0.006180356559651465;0.07861524381219882;0.9996440089178886;1.2889542028140237
Fidelity (MAX_ERROR);Tolerancja_0.01;23;4908;6.326364430321354e-06;0.002515226516702095;0.009846832038261866;0.04397134517228003
Fidelity (MAX_ERROR);Tolerancja_0.1;23;4246;0.000610683969759127;0.024712020754263035;0.09992493340073061;0.43201707173276754
Fidelity (MAX_ERROR);Tolerancja_1.0;23;2534;0.008200344138572685;0.0905557515488259;0.9987615983942786;1.583101236507944
Fidelity (MAX_ERROR);Tolerancja_0.01;24;4905;6.717386895428393e-06;0.0025917922168700934;0.009754850710029572;0.04108935024838258
Fidelity (MAX_ERROR);Tolerancja_0.1;24;4186;0.00047278494431317173;0.021743618473316986;0.09974220701513126;0.34471557916639284
Fidelity (MAX_ERROR);Tolerancja_1.0;24;2279;0.0063810749447436865;0.07988163083427682;0.9995782988831383;1.2664149102682927
Fidelity (MAX_ERROR);Tolerancja_0.01;25;4892;8.327412412230761e-06;0.0028857256301025504;0.00987626727406643;0.046456693628678714
Fidelity (MAX_ERROR);Tolerancja_0.1;25;4196;0.0005207872143689362;0.022820762791128088;0.09956969072382904;0.3673866892614156
Fidelity (MAX_ERROR);Tolerancja_1.0;25;2422;0.007412891622972019;0.08609815110077579;0.9993283229134944;1.3860761348757487
Fidelity (MAX_ERROR);Tolerancja_0.01;26;4871;5.23140589343383e-06;0.002287226681689821;0.009939230132371524;0.03343680202591912
Fidelity (MAX_ERROR);Tolerancja_0.1;26;4134;0.0002716873731257837;0.016482941883225327;0.0996239842354294;0.2409629395136959
Fidelity (MAX_ERROR);Tolerancja_1.0;26;2153;0.003955481584244972;0.06289261947355168;0.9996475768620265;0.9194226715976195
Fidelity (MAX_ERROR);Tolerancja_0.01;27;4911;6.515477634514636e-06;0.002552543365844082;0.00979645324200451;0.04576327839416715
Fidelity (MAX_ERROR);Tolerancja_0.1;27;4325;0.00042811663235597095;0.02069097949242546;0.09965322183832814;0.3709582636010379
Fidelity (MAX_ERROR);Tolerancja_1.0;27;2502;0.007183827503337292;0.08475746281795658;0.999657265820187;1.5195743268552746
Fidelity (MAX_ERROR);Tolerancja_0.01;28;4918;6.300697635085139e-06;0.0025101190479905806;0.009893861575624108;0.041931103932752484
Fidelity (MAX_ERROR);Tolerancja_0.1;28;4231;0.0005063707261020996;0.022502682642345104;0.09896196783859645;0.3759034159743401
Fidelity (MAX_ERROR);Tolerancja_1.0;28;2583;0.006148979088592515;0.07841542634324267;0.9991474456313423;1.3099161151586718
Fidelity (MAX_ERROR);Tolerancja_0.01;29;4927;5.864975188745963e-06;0.0024217710851246787;0.009907996068926561;0.03994082213656648
Fidelity (MAX_ERROR);Tolerancja_0.1;29;4331;0.0005179019800200765;0.022757459876270824;0.09973372736933772;0.37532517535668997
Fidelity (MAX_ERROR);Tolerancja_1.0;29;2712;0.007930343371289249;0.08905247537990872;0.9981575668524996;1.4686892174975266
Fidelity (MAX_ERROR);Tolerancja_0.01;30;4892;6.573670344241016e-06;0.0025639169924630977;0.009978844885488058;0.05094375544757294
Fidelity (MAX_ERROR);Tolerancja_0.1;30;4232;0.00042279322380633444;0.02056193628543612;0.09970663024706816;0.4085554472836197
Fidelity (MAX_ERROR);Tolerancja_1.0;30;2698;0.004572453815203861;0.06761992173319828;0.998516764048599;1.3435742133175383
Fidelity (MAX_ERROR);Tolerancja_0.01;31;4871;8.008698409839685e-06;0.0028299643831397746;0.00985503869365445;0.04620597885220682
Fidelity (MAX_ERROR);Tolerancja_0.1;31;4157;0.000439590098314237;0.02096640403870528;0.09920728679669644;0.34232700149547823
Fidelity (MAX_ERROR);Tolerancja_1.0;31;2460;0.005270309523037958;0.07259689747529131;0.9986535299165098;1.185319055414225
Fidelity (MAX_ERROR);Tolerancja_0.01;32;4892;7.458182141089441e-06;0.0027309672537563392;0.00990808799181142;0.041281482903202854
Fidelity (MAX_ERROR);Tolerancja_0.1;32;4103;0.000545554416272294;0.023357106333454367;0.09969605366082934;0.353067575030988
Fidelity (MAX_ERROR);Tolerancja_1.0;32;2353;0.006282413435560578;0.07926167696661847;0.9999736355651536;1.1981247882324788
Fidelity (MAX_ERROR);Tolerancja_0.01;33;4882;8.097329353943851e-06;0.002845580670784761;0.009979096330277493;0.04750846012792949
Fidelity (MAX_ERROR);Tolerancja_0.1;33;4235;0.0004014318807671881;0.02003576504072625;0.0990136992507562;0.3345075942996893
Fidelity (MAX_ERROR);Tolerancja_1.0;33;2604;0.004704748719219957;0.06859117085470955;0.9998486921505148;1.145165533044012
Fidelity (MAX_ERROR);Tolerancja_0.01;34;4912;6.423801327512736e-06;0.0025345219130070143;0.009791759940106504;0.038523240877639364
Fidelity (MAX_ERROR);Tolerancja_0.1;34;4385;0.0004613473702321816;0.021478998352627655;0.09955377436420254;0.3264681291971944
Fidelity (MAX_ERROR);Tolerancja_1.0;34;2651;0.008328175744757109;0.09125883926917495;0.9997998740046636;1.3870806282393626
Fidelity (MAX_ERROR);Tolerancja_0.01;35;4919;7.469331776740165e-06;0.0027330078259566264;0.009968544511464117;0.04387015060440944
Fidelity (MAX_ERROR);Tolerancja_0.1;35;4268;0.00044821086261996894;0.02117099106371662;0.09952707606494116;0.3398360434934936
Fidelity (MAX_ERROR);Tolerancja_1.0;35;2661;0.005929587448948075;0.0770038145090753;0.9985615559304017;1.236062666027929
Fidelity (MAX_ERROR);Tolerancja_0.01;36;4915;6.729150758505169e-06;0.0025940606697811;0.009869585865886599;0.04266367663468417
Fidelity (MAX_ERROR);Tolerancja_0.1;36;4398;0.0003346471650288569;0.018293363961525963;0.09978871879862794;0.3008650390127491
Fidelity (MAX_ERROR);Tolerancja_1.0;36;2621;0.006497271165880781;0.08060565219561704;0.99907354403115;1.3256950850312303
Fidelity (MAX_ERROR);Tolerancja_0.01;37;4901;6.787504910209938e-06;0.0026052840363787475;0.009867245493943244;0.0483746331859455
Fidelity (MAX_ERROR);Tolerancja_0.1;37;4302;0.00030547169478287666;0.017477748561610464;0.09931428467937109;0.3245249515132637
Fidelity (MAX_ERROR);Tolerancja_1.0;37;2400;0.00588538989814477;0.07671629486715824;0.9983098917801063;1.4244598944927107
Fidelity (MAX_ERROR);Tolerancja_0.01;38;4889;7.469448797916947e-06;0.0027330292347351403;0.009799262169751799;0.03961889655404711
Fidelity (MAX_ERROR);Tolerancja_0.1;38;4184;0.00039264802413242436;0.01981534819609346;0.0993700896743448;0.2872498473070785
Fidelity (MAX_ERROR);Tolerancja_1.0;38;2324;0.005647431753763366;0.07514939623019845;0.9998414599570178;1.0893905259055399
Fidelity (MAX_ERROR);Tolerancja_0.01;39;4910;6.97518719553423e-06;0.002641057968984064;0.009807979815636969;0.04945876478678026
Fidelity (MAX_ERROR);Tolerancja_0.1;39;4362;0.0003999111154481303;0.019997777762744796;0.09987021211887614;0.3744959021124264
Fidelity (MAX_ERROR);Tolerancja_1.0;39;2466;0.009045258477218697;0.09510656379671541;0.997809724926709;1.7810488159448048
Fidelity (MAX_ERROR);Tolerancja_0.01;40;4923;7.456764599667906e-06;0.002730707710405474;0.009870022524338884;0.04454975455383353
Fidelity (MAX_ERROR);Tolerancja_0.1;40;4394;0.00044128141591767884;0.021006699310402832;0.09947061408049773;0.3427109004374803
Fidelity (MAX_ERROR);Tolerancja_1.0;40;2514;0.009171543157489722;0.09576817403234605;0.9977756563402771;1.5623966750276321
Fidelity (MAX_ERROR);Tolerancja_0.01;41;4905;7.737237248399683e-06;0.0027815889790549003;0.00984263639037497;0.039039004883262854
Fidelity (MAX_ERROR);Tolerancja_0.1;41;4266;0.0004497261873854194;0.02120674862833573;0.09949032628158072;0.29763216977549956
Fidelity (MAX_ERROR);Tolerancja_1.0;41;2560;0.00625862496038352;0.07911147173693282;0.9998386025548076;1.1103125424769218
Fidelity (MAX_ERROR);Tolerancja_0.01;42;4924;6.6609258802896945e-06;0.002580876959541019;0.009632048952772365;0.04007479560270713
Fidelity (MAX_ERROR);Tolerancja_0.1;42;4299;0.0005975853603315799;0.024445559112680974;0.09967466162466421;0.37958058450365073
Fidelity (MAX_ERROR);Tolerancja_1.0;42;2536;0.009236646665437822;0.09610747455550907;0.998854928180517;1.4923173243366659
Fidelity (MAX_ERROR);Tolerancja_0.01;43;4879;5.235750201641774e-06;0.0022881761736461147;0.009843055960812475;0.03828071434512114
Fidelity (MAX_ERROR);Tolerancja_0.1;43;4205;0.00026353287847753786;0.016233695773838375;0.09947931806096166;0.2715863742666597
Fidelity (MAX_ERROR);Tolerancja_1.0;43;2439;0.0038465479714525457;0.062020544752948964;0.9988085756753389;1.0375908920654768
Fidelity (MAX_ERROR);Tolerancja_0.01;44;4880;8.090129454066995e-06;0.0028443152873876333;0.009813567776463472;0.04747015258996428
Fidelity (MAX_ERROR);Tolerancja_0.1;44;4122;0.0004409736990511105;0.020999373777594192;0.09977957975595309;0.350468698718574
Fidelity (MAX_ERROR);Tolerancja_1.0;44;2286;0.005603851542075279;0.07485887751012087;0.9989424148577106;1.2493559887246741
Fidelity (MAX_ERROR);Tolerancja_0.01;45;4879;6.479525430095634e-06;0.0025454911962321993;0.009761711172439291;0.04312171108285436
Fidelity (MAX_ERROR);Tolerancja_0.1;45;4154;0.00033105747829812875;0.01819498497658431;0.09968451293631064;0.30823083830676634
Fidelity (MAX_ERROR);Tolerancja_1.0;45;2458;0.0036528863773883885;0.06043911297651868;0.9991399181624692;1.0238644595334485
Fidelity (MAX_ERROR);Tolerancja_0.01;46;4913;7.492666154551095e-06;0.0027372734891769755;0.009917961850370638;0.04407907971674021
Fidelity (MAX_ERROR);Tolerancja_0.1;46;4271;0.0005549593714553375;0.02355757567016049;0.09999915810659132;0.3793542223690485
Fidelity (MAX_ERROR);Tolerancja_1.0;46;2436;0.009100484430753798;0.0953964592149719;0.9992488699974533;1.5361958339412511
Fidelity (MAX_ERROR);Tolerancja_0.01;47;4897;8.120260925979974e-06;0.002849607152921254;0.00996776715473846;0.04901754125688368
Fidelity (MAX_ERROR);Tolerancja_0.1;47;4195;0.0006299476612949001;0.025098758162405168;0.09986832456447248;0.43173649829627553
Fidelity (MAX_ERROR);Tolerancja_1.0;47;2527;0.007547255038722645;0.08687493907176363;0.9983556577222767;1.4943799905099082
Fidelity (MAX_ERROR);Tolerancja_0.01;48;4905;8.671427381581758e-06;0.002944728744991932;0.009997575168062767;0.042097785653114915
Fidelity (MAX_ERROR);Tolerancja_0.1;48;4325;0.0006378006545504403;0.02525471549137785;0.0988807359838777;0.3610409282330479
Fidelity (MAX_ERROR);Tolerancja_1.0;48;2531;0.011363984326686467;0.10660199025668549;0.9992686123733616;1.523980007888192
Fidelity (MAX_ERROR);Tolerancja_0.01;49;4901;7.046763645862317e-06;0.0026545740987703316;0.009898787577079737;0.04972682697658938
Fidelity (MAX_ERROR);Tolerancja_0.1;49;4254;0.0005051829265358986;0.022476274747740086;0.09934191887321386;0.4210369663355384
Fidelity (MAX_ERROR);Tolerancja_1.0;49;2591;0.006824799292236941;0.08261234346171849;0.9982959742110964;1.5475362738431022
Fidelity (MAX_ERROR);Tolerancja_0.01;50;4914;6.4646233923556895e-06;0.002542562367446606;0.00964804070484071;0.04262593062895583
Fidelity (MAX_ERROR);Tolerancja_0.1;50;4325;0.0006051450483985816;0.024599696103785134;0.09975526218111708;0.41241267197169773
Fidelity (MAX_ERROR);Tolerancja_1.0;50;2648;0.009530344858732219;0.09762348518021788;0.9976048256581684;1.6366528350798666
Fidelity (MAX_ERROR);Tolerancja_0.01;51;4887;8.065877697398864e-06;0.002840048889966309;0.009981354780639773;0.04709503511743744
Fidelity (MAX_ERROR);Tolerancja_0.1;51;4306;0.0003018714863006228;0.017374449237331894;0.0994000824209369;0.2881113419804497
Fidelity (MAX_ERROR);Tolerancja_1.0;51;2536;0.004872251076147294;0.0698015119904096;0.999194969122696;1.1574817145058258
Fidelity (MAX_ERROR);Tolerancja_0.01;52;4903;7.408113864679882e-06;0.0027217850511529894;0.009925338686420648;0.043997882976952174
Fidelity (MAX_ERROR);Tolerancja_0.1;52;4255;0.0004534033443941709;0.021293269931933208;0.09975831379676281;0.3442074892229216
Fidelity (MAX_ERROR);Tolerancja_1.0;52;2457;0.006836778643463736;0.08268481507183612;0.9993029433293321;1.3366069506335496
Fidelity (MAX_ERROR);Tolerancja_0.01;53;4886;7.589724100427318e-06;0.0027549453897359414;0.009925310335649584;0.045151543991694694
Fidelity (MAX_ERROR);Tolerancja_0.1;53;4177;0.00037423015055871564;0.019345029091699904;0.09953578599054991;0.31705090609372183
Fidelity (MAX_ERROR);Tolerancja_1.0;53;2259;0.005445907575357408;0.07379639269881291;0.999862809539593;1.209469009361452
Fidelity (MAX_ERROR);Tolerancja_0.01;54;4911;6.476689413630243e-06;0.0025449340686214727;0.009805017536783422;0.04338109868215005
Fidelity (MAX_ERROR);Tolerancja_0.1;54;4252;0.0006061423227334989;0.024619957813398034;0.09929696955052947;0.41967327665660203
Fidelity (MAX_ERROR);Tolerancja_1.0;54;2533;0.008253758421591297;0.09085019769704024;0.9996642420732353;1.5486379156859587
Fidelity (MAX_ERROR);Tolerancja_0.01;55;4918;7.420256665059638e-06;0.002724014806321661;0.009717279903627585;0.042357192576875646
Fidelity (MAX_ERROR);Tolerancja_0.1;55;4272;0.000554760371691799;0.023553351602092622;0.09934041839001395;0.3662439159014223
Fidelity (MAX_ERROR);Tolerancja_1.0;55;2427;0.009591502040802322;0.09793621414370847;0.9996822292859067;1.5228636324252582
Fidelity (MAX_ERROR);Tolerancja_0.01;56;4902;9.571001753877114e-06;0.0030937035659347055;0.009932085869787777;0.05686352194628935
Fidelity (MAX_ERROR);Tolerancja_0.1;56;4221;0.0005805857865148552;0.02409534781892254;0.099807544751084;0.44288223170173463
Fidelity (MAX_ERROR);Tolerancja_1.0;56;2447;0.007604652870174317;0.08720466082827406;0.9998046706509705;1.6028569121583187
Fidelity (MAX_ERROR);Tolerancja_0.01;57;4916;6.896957947932143e-06;0.002626205998761739;0.009932524022382871;0.04483218248750268
Fidelity (MAX_ERROR);Tolerancja_0.1;57;4303;0.0005935752965459441;0.02436340075904725;0.09896714552955155;0.41590965421629994
Fidelity (MAX_ERROR);Tolerancja_1.0;57;2432;0.011580645160949752;0.10761340604659697;0.9994804102740069;1.8370774646990908
Fidelity (MAX_ERROR);Tolerancja_0.01;58;4901;6.725813936764835e-06;0.002593417424319663;0.009643721612869527;0.041534486302713475
Fidelity (MAX_ERROR);Tolerancja_0.1;58;4246;0.0004049386956336323;0.02012308862062761;0.09964410812676938;0.3222782961369995
Fidelity (MAX_ERROR);Tolerancja_1.0;58;2571;0.005087676842601147;0.07132795274365547;0.9998358040199129;1.1423420882618345
Fidelity (MAX_ERROR);Tolerancja_0.01;59;4854;7.457446312057557e-06;0.0027308325309431843;0.009705449828581791;0.04680772439527956
Fidelity (MAX_ERROR);Tolerancja_0.1;59;4034;0.000515223883499028;0.02269854364268836;0.09987360294806802;0.38906346799458374
Fidelity (MAX_ERROR);Tolerancja_1.0;59;2435;0.0050041298293144925;0.0707398743942516;0.9997423187862999;1.21251395202151
Fidelity (MAX_ERROR);Tolerancja_0.01;60;4898;7.742602145337914e-06;0.0027825531702625043;0.009652637270839426;0.0451515949066962
Fidelity (MAX_ERROR);Tolerancja_0.1;60;4262;0.0004615207687618172;0.021483034440269774;0.09928070863572258;0.3485982869186845
Fidelity (MAX_ERROR);Tolerancja_1.0;60;2636;0.0056417877249995705;0.07511183478653394;0.9992096588569819;1.2188155731307473
Fidelity (MAX_ERROR);Tolerancja_0.01;61;4887;5.8469024940798284e-06;0.0024180369091640905;0.009992486828040548;0.04111018863716319
Fidelity (MAX_ERROR);Tolerancja_0.1;61;4170;0.00037540476626829293;0.019375364932519155;0.09991549058776794;0.3294097390618804
Fidelity (MAX_ERROR);Tolerancja_1.0;61;2364;0.005405354942101712;0.07352111902101131;0.9999132585296833;1.2499673021178
Fidelity (MAX_ERROR);Tolerancja_0.01;62;4926;5.9669399616076835e-06;0.002442732069140552;0.009715113836520572;0.04054080581236352
Fidelity (MAX_ERROR);Tolerancja_0.1;62;4227;0.0006124669199082791;0.02474806901372871;0.09936548837598891;0.4107313580525222
Fidelity (MAX_ERROR);Tolerancja_1.0;62;2617;0.007795223978367295;0.08829056562491427;0.9980242111610393;1.465314481797731
Fidelity (MAX_ERROR);Tolerancja_0.01;63;4899;7.234795601136071e-06;0.0026897575357522603;0.009883984131747514;0.0444407392147335
Fidelity (MAX_ERROR);Tolerancja_0.1;63;4300;0.00030028693695983066;0.01732878925256553;0.09935038206124336;0.286309897395626
Fidelity (MAX_ERROR);Tolerancja_1.0;63;2366;0.005656407064439204;0.07520908897493178;0.9995631095139181;1.242620372017234
Fidelity (MAX_ERROR);Tolerancja_0.01;64;4869;7.845650589802443e-06;0.002801008852146391;0.009744375474566525;0.042234782076276865
Fidelity (MAX_ERROR);Tolerancja_0.1;64;4139;0.0003625336997526097;0.01904031774295297;0.09947445681385281;0.2870978682985819
Fidelity (MAX_ERROR);Tolerancja_1.0;64;2321;0.004605051899964729;0.0678605327120612;0.9997515424062566;1.0232294726515099
Fidelity (MAX_ERROR);Tolerancja_0.01;65;4917;5.652119544248215e-06;0.0023774186724782437;0.009872412450803392;0.03643708549790762
Fidelity (MAX_ERROR);Tolerancja_0.1;65;4222;0.0005686795196072575;0.02384700231910203;0.0995409340135538;0.3654868502669563
Fidelity (MAX_ERROR);Tolerancja_1.0;65;2485;0.007404104151553055;0.08604710426012635;0.9980111071673292;1.318785677537109
Fidelity (MAX_ERROR);Tolerancja_0.01;66;4898;6.934393801742597e-06;0.002633323717612895;0.009940936337494044;0.04465608779310136
Fidelity (MAX_ERROR);Tolerancja_0.1;66;4321;0.00045275208631784914;0.021277971856308326;0.09938259186291232;0.3608333350431338
Fidelity (MAX_ERROR);Tolerancja_1.0;66;2636;0.0075543089004695444;0.08691552738417656;0.9990949349127762;1.473919592753258
Fidelity (MAX_ERROR);Tolerancja_0.01;67;4908;7.942830150410527e-06;0.0028183027073773546;0.00992040219317758;0.04595671544750088
Fidelity (MAX_ERROR);Tolerancja_0.1;67;4310;0.00047138859613318616;0.02171148535068907;0.09904500316446652;0.3540388161968307
Fidelity (MAX_ERROR);Tolerancja_1.0;67;2617;0.006605197058669985;0.08127236343721023;0.9989924591486754;1.325269592387206
Fidelity (MAX_ERROR);Tolerancja_0.01;68;4887;8.480794803434246e-06;0.0029121804208246172;0.009862171117170249;0.0450056452414452
Fidelity (MAX_ERROR);Tolerancja_0.1;68;4252;0.0004361013832578319;0.02088304056544046;0.09909609643356387;0.32273231030953503
Fidelity (MAX_ERROR);Tolerancja_1.0;68;2746;0.00483038899282932;0.06950099994121897;0.9989976903412874;1.0740877608106758
Fidelity (MAX_ERROR);Tolerancja_0.01;69;4880;7.373851872556964e-06;0.0027154837271758715;0.009880999636624921;0.04832553320239411
Fidelity (MAX_ERROR);Tolerancja_0.1;69;4148;0.0004053190296413379;0.020132536592325813;0.09985567076257729;0.35828443963930384
Fidelity (MAX_ERROR);Tolerancja_1.0;69;2114;0.0063125328844318655;0.07945144985733027;0.9997009102381713;1.4139409636793938
Fidelity (MAX_ERROR);Tolerancja_0.01;70;4923;7.625799789454276e-06;0.002761485069569321;0.009789598819199163;0.04472365927963242
Fidelity (MAX_ERROR);Tolerancja_0.1;70;4358;0.0006823809427701214;0.02612242222249157;0.09977133195369925;0.42306595241509554
Fidelity (MAX_ERROR);Tolerancja_1.0;70;2611;0.012235259245477604;0.11061310611983376;0.9968331151301792;1.7914356751299771
Fidelity (MAX_ERROR);Tolerancja_0.01;71;4911;5.764165101108979e-06;0.002400867572588913;0.009763825740081167;0.03932234437460483
Fidelity (MAX_ERROR);Tolerancja_0.1;71;4286;0.00042800099135524583;0.020688184825045572;0.0996233839640972;0.33883915025712585
Fidelity (MAX_ERROR);Tolerancja_1.0;71;2518;0.006442046104970058;0.08026235795794974;0.999437996688378;1.3145681652641097
Fidelity (MAX_ERROR);Tolerancja_0.01;72;4913;6.56046553027367e-06;0.0025613405728785207;0.009895953018804082;0.04015104856795692
Fidelity (MAX_ERROR);Tolerancja_0.1;72;4406;0.0004023860041539411;0.020059561414795216;0.0994509658317071;0.3144495633051281
Fidelity (MAX_ERROR);Tolerancja_1.0;72;2403;0.010047567819956861;0.10023755693330151;0.9980840288785089;1.5713033476994067
Fidelity (MAX_ERROR);Tolerancja_0.01;73;4895;5.9541495327178596e-06;0.0024401126065650863;0.009862668871526203;0.04127564948946444
Fidelity (MAX_ERROR);Tolerancja_0.1;73;4260;0.00033717180411552567;0.018362238537703558;0.09916784318737903;0.3106058792881253
Fidelity (MAX_ERROR);Tolerancja_1.0;73;2423;0.0053396081747507955;0.07307262260758673;0.999846507407046;1.236057692547401
Fidelity (MAX_ERROR);Tolerancja_0.01;74;4888;8.183491490667708e-06;0.0028606802496377866;0.009787176945027287;0.04995959877082937
Fidelity (MAX_ERROR);Tolerancja_0.1;74;4224;0.0005287157320011074;0.022993819430471036;0.09958106255957722;0.40156951938291163
Fidelity (MAX_ERROR);Tolerancja_1.0;74;2446;0.007476522009710493;0.08646688389036865;0.9985304471332626;1.5100781804165913
Fidelity (MAX_ERROR);Tolerancja_0.01;75;4914;8.451661234571517e-06;0.002907174097740195;0.009721499879758788;0.04589108349748469
Fidelity (MAX_ERROR);Tolerancja_0.1;75;4329;0.0005000935580135932;0.02236277169792674;0.0993942528204288;0.35300666170026407
Fidelity (MAX_ERROR);Tolerancja_1.0;75;2526;0.009460884860518515;0.09726708004519574;0.9988208081213057;1.5354057039034303
Fidelity (MAX_ERROR);Tolerancja_0.01;76;4898;4.8193573426927734e-06;0.002195303473939941;0.009967738799358195;0.036547506142020784
Fidelity (MAX_ERROR);Tolerancja_0.1;76;4182;0.00033350542657919677;0.018262130942997775;0.09971898607034824;0.3040287371329776
Fidelity (MAX_ERROR);Tolerancja_1.0;76;2550;0.0036965740386228816;0.06079945755204467;0.9983856589844673;1.012191970127441
Fidelity (MAX_ERROR);Tolerancja_0.01;77;4903;7.84849854324194e-06;0.002801517185962267;0.009931680704815982;0.04895167592000832
Fidelity (MAX_ERROR);Tolerancja_0.1;77;4331;0.0004187611786621156;0.020463655066046135;0.0990754628754984;0.35756704115589844
Fidelity (MAX_ERROR);Tolerancja_1.0;77;2521;0.006625329954121992;0.08139612984732131;0.9995065835932273;1.422256836186567
Fidelity (MAX_ERROR);Tolerancja_0.01;78;4923;5.10693525453947e-06;0.0022598529276347764;0.009811740254122459;0.04330926124937379
Fidelity (MAX_ERROR);Tolerancja_0.1;78;4235;0.0005312463410439675;0.02304878176919482;0.09977893527316439;0.44172153812090437
Fidelity (MAX_ERROR);Tolerancja_1.0;78;2686;0.006457863450262253;0.08036083281214956;0.999870222126205;1.5400861976098963
Fidelity (MAX_ERROR);Tolerancja_0.01;79;4876;7.3228285810459564e-06;0.0027060725380236867;0.00999602576774139;0.045006055918881564
Fidelity (MAX_ERROR);Tolerancja_0.1;79;4141;0.0004020964728598039;0.02005234332590094;0.0996068712417677;0.33350062585137163
Fidelity (MAX_ERROR);Tolerancja_1.0;79;2326;0.005492514701222541;0.07411150181464778;0.998128308252092;1.23258573007001
Fidelity (MAX_ERROR);Tolerancja_0.01;80;4902;7.349604596956766e-06;0.002711015418059581;0.009752576405604785;0.04946873921036266
Fidelity (MAX_ERROR);Tolerancja_0.1;80;4367;0.0003556977295888927;0.018859950413214047;0.09918350934190912;0.3441433649903178
Fidelity (MAX_ERROR);Tolerancja_1.0;80;2592;0.006008263774112578;0.07751299100223509;0.9985826636239068;1.4144035890615816
Fidelity (MAX_ERROR);Tolerancja_0.01;81;4902;7.184328821842649e-06;0.0026803598306650266;0.009934414139751269;0.04158542897812985
Fidelity (MAX_ERROR);Tolerancja_0.1;81;4423;0.00028815439028237244;0.01697511090633497;0.09987137349139452;0.2633666050785893
Fidelity (MAX_ERROR);Tolerancja_1.0;81;2637;0.006425136414739069;0.08015694863665326;0.9985170854236287;1.2436244777650258
Fidelity (MAX_ERROR);Tolerancja_0.01;82;4894;8.042642827645823e-06;0.0028359553641843205;0.00961939051736671;0.04602762427935069
Fidelity (MAX_ERROR);Tolerancja_0.1;82;4202;0.0005076739854532255;0.022531621900192304;0.09988500100159081;0.36568876940865597
Fidelity (MAX_ERROR);Tolerancja_1.0;82;2602;0.005830695471444331;0.07635899077020551;0.999571671579162;1.2393082704714236
Fidelity (MAX_ERROR);Tolerancja_0.01;83;4896;5.922691663247118e-06;0.0024336580826498856;0.009833575735580524;0.038674775795222195
Fidelity (MAX_ERROR);Tolerancja_0.1;83;4068;0.0005418301056465177;0.023277244373991472;0.09899950501653265;0.36991318283893426
Fidelity (MAX_ERROR);Tolerancja_1.0;83;2173;0.006761814353684647;0.08223025205898768;0.9989112490778069;1.3067721323051102
Fidelity (MAX_ERROR);Tolerancja_0.01;84;4871;7.250989832713726e-06;0.002692766204614453;0.009889681351489266;0.039116563648105285
Fidelity (MAX_ERROR);Tolerancja_0.1;84;4201;0.00030949780879501316;0.017592549809365702;0.09953739267172734;0.2555587979272957
Fidelity (MAX_ERROR);Tolerancja_1.0;84;2496;0.003657188235543714;0.06047469086769865;0.9990281000167689;0.8784877388805923
Fidelity (MAX_ERROR);Tolerancja_0.01;85;4897;7.624056167801369e-06;0.002761169347903415;0.00963684452299196;0.04260778440238659
Fidelity (MAX_ERROR);Tolerancja_0.1;85;4239;0.0005147717521503601;0.022688581977513715;0.09972528277699322;0.3501089891599049
Fidelity (MAX_ERROR);Tolerancja_1.0;85;2362;0.007530352302820818;0.0867776025413287;0.9986442907719106;1.3390708479523012
Fidelity (MAX_ERROR);Tolerancja_0.01;86;4915;6.347518008825093e-06;0.0025194281114620225;0.009740551357845462;0.03799006720069558
Fidelity (MAX_ERROR);Tolerancja_0.1;86;4270;0.00042089615018892524;0.020515753707551796;0.0998790998445298;0.3093538801432718
Fidelity (MAX_ERROR);Tolerancja_1.0;86;2581;0.005808387036623847;0.07621277476003513;0.9984968186754561;1.1492006545108577
Fidelity (MAX_ERROR);Tolerancja_0.01;87;4895;7.637004037293623e-06;0.0027635129884430835;0.009864302565718575;0.049541253166137715
Fidelity (MAX_ERROR);Tolerancja_0.1;87;4194;0.00046089802146226117;0.02146853561522679;0.09960149480606617;0.3848645410635093
Fidelity (MAX_ERROR);Tolerancja_1.0;87;2381;0.0065724879328052654;0.08107088215139431;0.9999754044991196;1.4533505410904857
Fidelity (MAX_ERROR);Tolerancja_0.01;88;4877;6.253047045885063e-06;0.002500609334919204;0.00992608006948803;0.04826024424864614
Fidelity (MAX_ERROR);Tolerancja_0.1;88;4102;0.0003771900048432342;0.019421380096255627;0.09934208078159079;0.37482086226050787
Fidelity (MAX_ERROR);Tolerancja_1.0;88;2303;0.0043244319905180835;0.0657604135519089;0.9995439831450383;1.2691361163816675
Fidelity (MAX_ERROR);Tolerancja_0.01;89;4884;7.2164983184402635e-06;0.002686354094016696;0.009975827100909385;0.04306053718274455
Fidelity (MAX_ERROR);Tolerancja_0.1;89;4120;0.00044613721374568076;0.021121960461701485;0.09958912397798159;0.3385715106803431
Fidelity (MAX_ERROR);Tolerancja_1.0;89;2512;0.004776155960627361;0.06910973853681811;0.9991676392812829;1.1077848868035023
Fidelity (MAX_ERROR);Tolerancja_0.01;90;4877;7.737512413033355e-06;0.002781638440386053;0.0098577829648554;0.040324875590248596
Fidelity (MAX_ERROR);Tolerancja_0.1;90;4122;0.00048498343921751156;0.022022339549137633;0.09947182557519874;0.31925360594381835
Fidelity (MAX_ERROR);Tolerancja_1.0;90;2410;0.0056237972949520045;0.07499198153770845;0.9999220163918467;1.0871442822578397
Fidelity (MAX_ERROR);Tolerancja_0.01;91;4902;7.045507310300382e-06;0.0026543374522280286;0.009698150917587078;0.039715278516896185
Fidelity (MAX_ERROR);Tolerancja_0.1;91;4283;0.00039097689150513595;0.019773135601242813;0.09913561899823886;0.2958537117790141
Fidelity (MAX_ERROR);Tolerancja_1.0;91;2580;0.006117366196320252;0.07821359342416286;0.9991514287488132;1.17026365432192
Fidelity (MAX_ERROR);Tolerancja_0.01;92;4851;6.642498222777341e-06;0.0025773044489887766;0.009834754285480418;0.04961760248110718
Fidelity (MAX_ERROR);Tolerancja_0.1;92;4150;0.00023925848182593056;0.015467982474321936;0.09984321616692071;0.2977856209020111
Fidelity (MAX_ERROR);Tolerancja_1.0;92;2250;0.0032798288312892994;0.05726978986594328;0.9992486842721302;1.1025432671952402
Fidelity (MAX_ERROR);Tolerancja_0.01;93;4890;5.54865387916568e-06;0.002355558082316307;0.009926849753213673;0.03978338458579645
Fidelity (MAX_ERROR);Tolerancja_0.1;93;4151;0.00037515430131004744;0.019368900363986787;0.09916688974052335;0.3271243523856303
Fidelity (MAX_ERROR);Tolerancja_1.0;93;2174;0.005845263663222871;0.07645432403221462;0.9998571825247291;1.2912488972591012
Fidelity (MAX_ERROR);Tolerancja_0.01;94;4903;7.611968540392294e-06;0.0027589796194231473;0.009952255878079797;0.043821333028813476
Fidelity (MAX_ERROR);Tolerancja_0.1;94;4300;0.000538006553558601;0.02319496828104322;0.09902185178042644;0.36840954622523747
Fidelity (MAX_ERROR);Tolerancja_1.0;94;2748;0.007471736489831568;0.0864392069019121;0.9992788555837508;1.3729283267366723
Fidelity (MAX_ERROR);Tolerancja_0.01;95;4866;6.990595775862538e-06;0.002643973482443146;0.009864677095938745;0.04698813194902398
Fidelity (MAX_ERROR);Tolerancja_0.1;95;4176;0.00027036031931795286;0.016442637237315455;0.09955040116743463;0.2922150366587602
Fidelity (MAX_ERROR);Tolerancja_1.0;95;2368;0.0038177326702001275;0.061787803571579786;0.9997530383168041;1.098079646539797
Fidelity (MAX_ERROR);Tolerancja_0.01;96;4891;8.366085508089483e-06;0.0028924186260099838;0.009906613628877015;0.0568231034392545
Fidelity (MAX_ERROR);Tolerancja_0.1;96;4368;0.00031381079581428115;0.017714705637246166;0.09977453662281177;0.3480148211497893
Fidelity (MAX_ERROR);Tolerancja_1.0;96;2753;0.004958302998378429;0.07041521851402884;0.9999520872316481;1.3833444472178416
Fidelity (MAX_ERROR);Tolerancja_0.01;97;4905;5.8194969188678665e-06;0.0024123633471904407;0.009746945154831987;0.0413025107688192
Fidelity (MAX_ERROR);Tolerancja_0.1;97;4107;0.0005759629914469184;0.023999228976092513;0.09943589523781293;0.41089515573300894
Fidelity (MAX_ERROR);Tolerancja_1.0;97;2364;0.006770385411198712;0.08228235176025726;0.9987928994008417;1.4087710806996885
Fidelity (MAX_ERROR);Tolerancja_0.01;98;4880;8.585211168896436e-06;0.00293005310001311;0.009739972897624405;0.04743083522258645
Fidelity (MAX_ERROR);Tolerancja_0.1;98;4231;0.00040367990259576885;0.020091786943817837;0.09967555730581878;0.32523992000529744
Fidelity (MAX_ERROR);Tolerancja_1.0;98;2454;0.005738975389848649;0.07575602543592588;0.9988867960856993;1.2263161918647112
Fidelity (MAX_ERROR);Tolerancja_0.01;99;4903;5.12442880668152e-06;0.0022637201255193895;0.009769264047719162;0.034646385695197436
Fidelity (MAX_ERROR);Tolerancja_0.1;99;4210;0.00047479129710885283;0.021789706218966167;0.09956288335966335;0.33349288957447043
Fidelity (MAX_ERROR);Tolerancja_1.0;99;2487;0.006313815401511707;0.07945952052153163;0.9997031708786248;1.216133197787776
Fidelity (MAX_ERROR);Tolerancja_0.01;100;4904;8.083270529915537e-06;0.0028431093067125537;0.009634833138368215;0.04456769711129377
Fidelity (MAX_ERROR);Tolerancja_0.1;100;4295;0.0004791801795884769;0.021890184548981693;0.09989231512312413;0.3431437238047684
Fidelity (MAX_ERROR);Tolerancja_1.0;100;2550;0.007709183277109636;0.08780195485927199;0.999633710760099;1.3763561326005505
Fidelity (MAX_ERROR);Tolerancja_0.01;101;4907;6.546947279992269e-06;0.0025587003107031252;0.0098866585277948;0.04550311724035009
Fidelity (MAX_ERROR);Tolerancja_0.1;101;4320;0.0004327031584860359;0.02080151817743205;0.09950322192716965;0.369927621631022
Fidelity (MAX_ERROR);Tolerancja_1.0;101;2328;0.008574570243995404;0.09259897539387466;0.9990231175578037;1.646750897734444
Fidelity (MAX_ERROR);Tolerancja_0.01;102;4900;6.442846784903907e-06;0.002538276341319815;0.009800878726923479;0.04094218673372818
Fidelity (MAX_ERROR);Tolerancja_0.1;102;4238;0.0004270110129263262;0.020664244794483203;0.09904207498651685;0.3333125536076545
Fidelity (MAX_ERROR);Tolerancja_1.0;102;2592;0.0053668475646914;0.07325877124748544;0.9983707437815339;1.1816579004705439
Fidelity (MAX_ERROR);Tolerancja_0.01;103;4894;7.0017196459095984e-06;0.002646076273637931;0.009883389444209634;0.04373343459752656
Fidelity (MAX_ERROR);Tolerancja_0.1;103;4246;0.0004498321627530289;0.021209247104813242;0.09993854316489315;0.35053910968556184
Fidelity (MAX_ERROR);Tolerancja_1.0;103;2685;0.005303495997982927;0.07282510554735178;0.9986376918467212;1.2036281879865698
Fidelity (MAX_ERROR);Tolerancja_0.01;104;4887;9.092262432312183e-06;0.003015337863708175;0.009995177694573698;0.04841112662281669
Fidelity (MAX_ERROR);Tolerancja_0.1;104;4260;0.0005329948258673727;0.023086680702677307;0.0993755760421382;0.37065571863426056
Fidelity (MAX_ERROR);Tolerancja_1.0;104;2504;0.007856432741769913;0.08863652036136072;0.9984459136889523;1.4230557252853793
Fidelity (MAX_ERROR);Tolerancja_0.01;105;4920;5.7233236702793155e-06;0.0023923468958910025;0.009998444973859932;0.038729702573148055
Fidelity (MAX_ERROR);Tolerancja_0.1;105;4225;0.0005947010654134358;0.02438649350385241;0.09981387990885882;0.394792929833217
Fidelity (MAX_ERROR);Tolerancja_1.0;105;2290;0.010129229379783658;0.10064407275037938;0.996850494081075;1.629326838038149
Fidelity (MAX_ERROR);Tolerancja_0.01;106;4903;7.897679947033183e-06;0.002810281115303802;0.009706634052387031;0.05531972397405005
Fidelity (MAX_ERROR);Tolerancja_0.1;106;4307;0.00037592056441407355;0.01938867103269519;0.09937840976210488;0.38166143732436114
Fidelity (MAX_ERROR);Tolerancja_1.0;106;2597;0.005500343882101698;0.0741643032873747;0.9995388070177125;1.459906898367987
Fidelity (MAX_ERROR);Tolerancja_0.01;107;4914;6.5208663388734055e-06;0.002553598703569808;0.009739388702545426;0.040271726298051244
Fidelity (MAX_ERROR);Tolerancja_0.1;107;4277;0.0004182094678746099;0.02045017036297277;0.09967452388559117;0.32251099691382845
Fidelity (MAX_ERROR);Tolerancja_1.0;107;2520;0.005837856973303245;0.07640587001862648;0.9988669620515682;1.2049646957656708
Fidelity (MAX_ERROR);Tolerancja_0.01;108;4862;8.924418901677888e-06;0.0029873765918741963;0.009894765701861985;0.05272244322629391
Fidelity (MAX_ERROR);Tolerancja_0.1;108;4122;0.0003900604798737789;0.019749948857497805;0.09968516542065409;0.34855517051111906
Fidelity (MAX_ERROR);Tolerancja_1.0;108;2425;0.004341589867322533;0.06589074189385435;0.9990958427764731;1.162866746725655
Fidelity (MAX_ERROR);Tolerancja_0.01;109;4913;6.456594529584494e-06;0.002540982984906529;0.009984222136888654;0.040728035554114056
Fidelity (MAX_ERROR);Tolerancja_0.1;109;4321;0.000391978360755354;0.019798443392230462;0.09915869618474438;0.3173384911211984
Fidelity (MAX_ERROR);Tolerancja_1.0;109;2695;0.005291106594111607;0.07273999308572697;0.9997136306590215;1.1659098239536136
Fidelity (MAX_ERROR);Tolerancja_0.01;110;4898;7.041353600881639e-06;0.002653554898787971;0.009967235310729183;0.04404787161372036
Fidelity (MAX_ERROR);Tolerancja_0.1;110;4294;0.00036633718901658244;0.019139937017048473;0.09983437380078941;0.3177147338488171
Fidelity (MAX_ERROR);Tolerancja_1.0;110;2407;0.006580678202063697;0.08112137943886123;0.99846944787666;1.3465800569202273
Fidelity (MAX_ERROR);Tolerancja_0.01;111;4880;8.057357629015414e-06;0.002838548507426888;0.009957951371369234;0.0464253031198164
Fidelity (MAX_ERROR);Tolerancja_0.1;111;4139;0.0004963284719612815;0.022278430644039574;0.09971531248241527;0.3643703438490503
Fidelity (MAX_ERROR);Tolerancja_1.0;111;2419;0.00602933071098871;0.07764876503196114;0.9996547904957866;1.2699685927706648
Fidelity (MAX_ERROR);Tolerancja_0.01;112;4904;6.793926165839146e-06;0.002606516097368122;0.009741126646556353;0.04665401889015952
Fidelity (MAX_ERROR);Tolerancja_0.1;112;4239;0.0005300300415250696;0.023022381317428255;0.09968423432756701;0.4120774907027396
Fidelity (MAX_ERROR);Tolerancja_1.0;112;2466;0.007677530388912612;0.08762151784186697;0.9993379941972265;1.5683371196926743
Fidelity (MAX_ERROR);Tolerancja_0.01;113;4894;8.689527238358469e-06;0.0029478004068047873;0.0099971399906984;0.05249628031045229
Fidelity (MAX_ERROR);Tolerancja_0.1;113;4250;0.0005016367241784611;0.022397248138520523;0.09983892588246879;0.3988642561241062
Fidelity (MAX_ERROR);Tolerancja_1.0;113;2576;0.006406267399041863;0.08003916165878965;0.9993434757538993;1.4253876404094277
Fidelity (MAX_ERROR);Tolerancja_0.01;114;4905;6.535920695880493e-06;0.0025565446790307604;0.00982636504862433;0.04720850794769338
Fidelity (MAX_ERROR);Tolerancja_0.1;114;4191;0.0005411957344812074;0.023263613960027952;0.0990914683800046;0.42958001615697017
Fidelity (MAX_ERROR);Tolerancja_1.0;114;2261;0.008564107283142773;0.09254246205468478;0.9990896263228484;1.7088657167783197
Fidelity (MAX_ERROR);Tolerancja_0.01;115;4911;7.600380451190847e-06;0.0027568787516303373;0.009923050718731119;0.04939436406750517
Fidelity (MAX_ERROR);Tolerancja_0.1;115;4181;0.0005127876592005436;0.022644815282985717;0.09967450256898047;0.4057219599040175
Fidelity (MAX_ERROR);Tolerancja_1.0;115;2488;0.006280113050738804;0.0792471643072407;0.9989338145848261;1.4198532607915415
Fidelity (MAX_ERROR);Tolerancja_0.01;116;4899;7.464416240388048e-06;0.0027321083873792502;0.00996189866085384;0.0430386151078084
Fidelity (MAX_ERROR);Tolerancja_0.1;116;4198;0.00045645471683807183;0.021364800884587525;0.09960993350272185;0.33655745371389156
Fidelity (MAX_ERROR);Tolerancja_1.0;116;2397;0.006438224281819857;0.08023854610983337;0.9976238836410176;1.2639893493185514
Fidelity (MAX_ERROR);Tolerancja_0.01;117;4895;6.952312964005153e-06;0.0026367239074285257;0.009642416152827238;0.05095774494791407
Fidelity (MAX_ERROR);Tolerancja_0.1;117;4141;0.00052603626671088;0.02293548052060126;0.09948651590429147;0.4432547387058316
Fidelity (MAX_ERROR);Tolerancja_1.0;117;2412;0.006099553096910781;0.07809963570280454;0.9984377356696126;1.5093659618499131
Fidelity (MAX_ERROR);Tolerancja_0.01;118;4830;7.2702898607534304e-06;0.002696347503708198;0.009979656133443982;0.04435660785532604
Fidelity (MAX_ERROR);Tolerancja_0.1;118;4129;0.0002833428056345798;0.01683278959752601;0.09957785869451197;0.27690994809157043
Fidelity (MAX_ERROR);Tolerancja_1.0;118;2401;0.003297764242758734;0.05742616339926196;0.9998719286642741;0.9446964113615989
Fidelity (MAX_ERROR);Tolerancja_0.01;119;4874;6.0893861438686585e-06;0.002467668159187669;0.00998296390412845;0.03846536770409023
Fidelity (MAX_ERROR);Tolerancja_0.1;119;4112;0.0003551269770587762;0.01884481300142764;0.09950626876163282;0.29374803038888136
Fidelity (MAX_ERROR);Tolerancja_1.0;119;2242;0.0048174426335874454;0.06940779951552596;0.9985599120716944;1.0819106774775387
Fidelity (MAX_ERROR);Tolerancja_0.01;120;4911;5.853343912804546e-06;0.002419368494629238;0.009889094551991828;0.04232692657862399
Fidelity (MAX_ERROR);Tolerancja_0.1;120;4222;0.0004433218429810851;0.021055209402451574;0.09934491532155398;0.36836153915929026
Fidelity (MAX_ERROR);Tolerancja_1.0;120;2479;0.005842563556188611;0.0764366636908533;0.9991212124146598;1.3372617933728725
Fidelity (MAX_ERROR);Tolerancja_0.01;121;4912;7.004192566309161e-06;0.0026465435130201736;0.009709998085841054;0.0477660547655471
Fidelity (MAX_ERROR);Tolerancja_0.1;121;4189;0.0005692909707663611;0.023859819168769093;0.09939922270572232;0.43063317247744326
Fidelity (MAX_ERROR);Tolerancja_1.0;121;2523;0.0071190771506941825;0.08437462385512709;0.9984454250337578;1.5228326623230988
Fidelity (MAX_ERROR);Tolerancja_0.01;122;4880;6.619923965206935e-06;0.002572921290130527;0.00990038651936409;0.04612368051567864
Fidelity (MAX_ERROR);Tolerancja_0.1;122;4104;0.0004813376521848374;0.02193940865622493;0.09947914395933477;0.3932985744430981
Fidelity (MAX_ERROR);Tolerancja_1.0;122;2366;0.005254573512242796;0.07248843709339302;0.9996128024599402;1.2994697997181688
Fidelity (MAX_ERROR);Tolerancja_0.01;123;4916;7.768418467947591e-06;0.002787188272784526;0.009736832501095805;0.04451257161000042
Fidelity (MAX_ERROR);Tolerancja_0.1;123;4214;0.000572756235486192;0.0239323261612028;0.09906687405958836;0.3822093370750854
Fidelity (MAX_ERROR);Tolerancja_1.0;123;2397;0.008400309251957833;0.09165320099133381;0.9999701884809467;1.4637402547394778
Fidelity (MAX_ERROR);Tolerancja_0.01;124;4923;7.903367053264784e-06;0.0028112927725985394;0.009933704623412254;0.04643872045592174
Fidelity (MAX_ERROR);Tolerancja_0.1;124;4393;0.00040056929296824995;0.020014227263830345;0.09959205389133885;0.3306077239999474
Fidelity (MAX_ERROR);Tolerancja_1.0;124;2439;0.00980127772225396;0.09900140262771008;0.9978879185312755;1.6353680791214127
Fidelity (MAX_ERROR);Tolerancja_0.01;125;4926;8.20092993146567e-06;0.0028637265811291535;0.009783437717073795;0.04830307757016183
Fidelity (MAX_ERROR);Tolerancja_0.1;125;4404;0.0005159542472118712;0.022714626283781805;0.09993332192534332;0.38313237115330123
Fidelity (MAX_ERROR);Tolerancja_1.0;125;2529;0.012036248225560882;0.10970983650320915;0.9976570638529227;1.85049884920745
Fidelity (MAX_ERROR);Tolerancja_0.01;126;4880;6.7575376375995834e-06;0.0025995264256397903;0.00988308474331312;0.04268910321370165
Fidelity (MAX_ERROR);Tolerancja_0.1;126;4239;0.0002895500479732831;0.01701617019112359;0.09939118942602598;0.2794374538477742
Fidelity (MAX_ERROR);Tolerancja_1.0;126;2544;0.004006197401728828;0.06329452900313602;0.998121585721103;1.0394149699064894
Fidelity (MAX_ERROR);Tolerancja_0.01;127;4902;6.490461020619897e-06;0.00254763832217603;0.009658870162639666;0.04013720716001444
Fidelity (MAX_ERROR);Tolerancja_0.1;127;4152;0.0005109495893728759;0.02260419406598864;0.09956438010200941;0.35612167237962705
Fidelity (MAX_ERROR);Tolerancja_1.0;127;2482;0.005860208086496046;0.07655199596676789;0.999861518577486;1.2060516180359333
Fidelity (MAX_ERROR);Tolerancja_0.01;128;4902;7.251943155996735e-06;0.0026929432144025493;0.009846114328627031;0.05150378658934592
Fidelity (MAX_ERROR);Tolerancja_0.1;128;4246;0.0004594301194733797;0.021434321063970738;0.09898819788514324;0.40994132065691957
Fidelity (MAX_ERROR);Tolerancja_1.0;128;2573;0.006000308946867175;0.07746166114192991;0.998763898763368;1.4814901565591705
Fidelity (MAX_ERROR);Tolerancja_0.01;129;4913;6.138489367611013e-06;0.002477597499113004;0.009863820220760822;0.03875148573219887
Fidelity (MAX_ERROR);Tolerancja_0.1;129;4241;0.0003636789981088185;0.019070369637445902;0.09974741663083031;0.29827490428845366
Fidelity (MAX_ERROR);Tolerancja_1.0;129;2514;0.0049839695145243584;0.07059723446796169;0.9988205555990071;1.1041937704559885
Fidelity (MAX_ERROR);Tolerancja_0.01;130;4882;7.505152741568846e-06;0.0027395533835953712;0.009828459368261377;0.05121530020723393
Fidelity (MAX_ERROR);Tolerancja_0.1;130;4203;0.0004314729493583755;0.020771926953423833;0.09942426419447803;0.3883262436763173
Fidelity (MAX_ERROR);Tolerancja_1.0;130;2404;0.005953358674690592;0.07715801108563253;0.9996192954049681;1.442450701930695
Fidelity (MAX_ERROR);Tolerancja_0.01;131;4911;6.329952023054434e-06;0.0025159395905018137;0.00964842265013166;0.03891199569006886
Fidelity (MAX_ERROR);Tolerancja_0.1;131;4211;0.0004999549104487169;0.022359671519249044;0.09929905716161214;0.34581889210417716
Fidelity (MAX_ERROR);Tolerancja_1.0;131;2561;0.006294053211101306;0.07933506923864947;0.9997215734452762;1.2270111269523414
Fidelity (MAX_ERROR);Tolerancja_0.01;132;4929;6.1823853272018125e-06;0.0024864402923058123;0.009875112604613712;0.044351637949423414
Fidelity (MAX_ERROR);Tolerancja_0.1;132;4298;0.0006118359147033411;0.024735317153886285;0.09930332806660847;0.44121382458613984
Fidelity (MAX_ERROR);Tolerancja_1.0;132;2528;0.010318531749319139;0.10158017399728718;0.9975189337913868;1.8119265175634496
Fidelity (MAX_ERROR);Tolerancja_0.01;133;4895;6.965415886440109e-06;0.0026392074352805444;0.009774727330077226;0.05276298832300143
Fidelity (MAX_ERROR);Tolerancja_0.1;133;4231;0.0004217359364534152;0.0205362103722526;0.0994169411009529;0.41055955419990864
Fidelity (MAX_ERROR);Tolerancja_1.0;133;2559;0.0055613783426866365;0.07457464946405472;0.9981712998251275;1.490895071855381
Fidelity (MAX_ERROR);Tolerancja_0.01;134;4914;7.120143010506588e-06;0.0026683596104173416;0.00982797616359754;0.04057186900370542
Fidelity (MAX_ERROR);Tolerancja_0.1;134;4331;0.0004844029862631883;0.02200915687306509;0.09897240991875478;0.33464478552661736
Fidelity (MAX_ERROR);Tolerancja_1.0;134;2664;0.0071066565596091084;0.08430098789224898;0.9998875971466314;1.2817794963971674
Fidelity (MAX_ERROR);Tolerancja_0.01;135;4877;6.523009394144578e-06;0.0025540182838313;0.009838650528736004;0.041526953262899145
Fidelity (MAX_ERROR);Tolerancja_0.1;135;4245;0.0003091970806416814;0.01758400070068474;0.09951451754559804;0.28590632255644155
Fidelity (MAX_ERROR);Tolerancja_1.0;135;2603;0.003931384015107332;0.06270074971726679;0.9994628538291002;1.0194802126286036
Fidelity (MAX_ERROR);Tolerancja_0.01;136;4904;5.954982973675628e-06;0.0024402833797892466;0.009660283161887051;0.04607092885597294
Fidelity (MAX_ERROR);Tolerancja_0.1;136;4204;0.000533577302820647;0.02309929225800321;0.09993181206534274;0.43609929037573564
Fidelity (MAX_ERROR);Tolerancja_1.0;136;2365;0.007898398719944731;0.08887293581256743;0.9994127972407729;1.6778619798639365
Fidelity (MAX_ERROR);Tolerancja_0.01;137;4861;8.054570083132645e-06;0.002838057448878131;0.009755981095812771;0.04402592713354573
Fidelity (MAX_ERROR);Tolerancja_0.1;137;4087;0.00043683848540904596;0.02090068145800624;0.09976987549323191;0.3242259522531414
Fidelity (MAX_ERROR);Tolerancja_1.0;137;2344;0.005339565421870209;0.07307233007007652;0.9982290077585345;1.1335489633641085
Fidelity (MAX_ERROR);Tolerancja_0.01;138;4922;7.814495427888269e-06;0.0027954419020770702;0.00975394996456469;0.04319955820953597
Fidelity (MAX_ERROR);Tolerancja_0.1;138;4358;0.0005837878089926456;0.024161701285146407;0.0997516462097714;0.37338455159220313
Fidelity (MAX_ERROR);Tolerancja_1.0;138;2553;0.010412941510628684;0.10204382152109301;0.997517568790204;1.5769413789099098
Fidelity (MAX_ERROR);Tolerancja_0.01;139;4892;8.470565105167017e-06;0.002910423526768401;0.009947368296353787;0.04116785881217876
Fidelity (MAX_ERROR);Tolerancja_0.1;139;4222;0.00047651563470646734;0.021829238069764764;0.09995211939972748;0.3087739576622194
Fidelity (MAX_ERROR);Tolerancja_1.0;139;2475;0.00651110876806771;0.0806914417275321;0.9993342580627262;1.141378170509317
Fidelity (MAX_ERROR);Tolerancja_0.01;140;4921;6.552953098567082e-06;0.0025598736489457993;0.009831428633392036;0.03773257771778368
Fidelity (MAX_ERROR);Tolerancja_0.1;140;4278;0.00043487065637261627;0.02085355260795187;0.09902968423277847;0.3073816923719952
Fidelity (MAX_ERROR);Tolerancja_1.0;140;2539;0.006434349868931626;0.08021439938646693;0.999195989117764;1.182361504514744
Fidelity (MAX_ERROR);Tolerancja_0.01;141;4910;6.700094388878991e-06;0.0025884540538473905;0.009704136255370699;0.04895892069690351
Fidelity (MAX_ERROR);Tolerancja_0.1;141;4147;0.0005031452826216606;0.022430900174127223;0.09930776534768171;0.4242658513304254
Fidelity (MAX_ERROR);Tolerancja_1.0;141;2345;0.0061190874752891315;0.07822459635747014;0.9990318863995076;1.479567235864278
Fidelity (MAX_ERROR);Tolerancja_0.01;142;4920;6.815835908038467e-06;0.002610715593096741;0.00985850590894799;0.046718016567921655
Fidelity (MAX_ERROR);Tolerancja_0.1;142;4198;0.0004906869958841486;0.022151455841189053;0.09937589202677843;0.39639403224490094
Fidelity (MAX_ERROR);Tolerancja_1.0;142;2577;0.005581089653430551;0.07470669082104059;0.9978472633701756;1.3368550862991866
Fidelity (MAX_ERROR);Tolerancja_0.01;143;4919;5.73521838645229e-06;0.0023948315987668716;0.009622584601757467;0.04018379494008186
Fidelity (MAX_ERROR);Tolerancja_0.1;143;4255;0.0005195050365409021;0.022792653126411197;0.09978093505252872;0.382446640441745
Fidelity (MAX_ERROR);Tolerancja_1.0;143;2435;0.007381908856493334;0.08591803568805174;0.9992632632689507;1.4416515672839156
Fidelity (MAX_ERROR);Tolerancja_0.01;144;4900;7.079650732073883e-06;0.002660761306858224;0.00979247253424198;0.04662694060063735
Fidelity (MAX_ERROR);Tolerancja_0.1;144;4238;0.000390113452370467;0.01975128989130753;0.09985718845552949;0.34611981847984563
Fidelity (MAX_ERROR);Tolerancja_1.0;144;2371;0.006210831226593594;0.0788088270855086;0.9990440779391214;1.3810387612937836
Fidelity (MAX_ERROR);Tolerancja_0.01;145;4905;7.464918445157751e-06;0.0027322002937482;0.009859537816871544;0.043636393524379986
Fidelity (MAX_ERROR);Tolerancja_0.1;145;4348;0.00045698355264358535;0.021377173635529684;0.09959571712673476;0.34141814688090477
Fidelity (MAX_ERROR);Tolerancja_1.0;145;2641;0.007382586485338917;0.08592197905855589;0.9996542710606402;1.3722732184649342
Fidelity (MAX_ERROR);Tolerancja_0.01;146;4933;6.10174605073791e-06;0.002470171259394358;0.009982917597376684;0.037710816628032745
Fidelity (MAX_ERROR);Tolerancja_0.1;146;4317;0.000610960167247109;0.02471760844513702;0.0995531623719268;0.37735083995213164
Fidelity (MAX_ERROR);Tolerancja_1.0;146;2669;0.008531653543814074;0.09236695049536968;0.9984431883939018;1.4101180715200659
Fidelity (MAX_ERROR);Tolerancja_0.01;147;4927;6.035205341009074e-06;0.0024566654922901234;0.009899066458235906;0.0478968552801163
Fidelity (MAX_ERROR);Tolerancja_0.1;147;4302;0.0005425771945888917;0.023293286470330708;0.0993184491481518;0.45414207777538307
Fidelity (MAX_ERROR);Tolerancja_1.0;147;2448;0.00996285758854738;0.0998141151768996;0.9988379914693155;1.9460452570952735
Fidelity (MAX_ERROR);Tolerancja_0.01;148;4910;7.418562590299346e-06;0.002723703836744984;0.009957741716360768;0.049530041435113636
Fidelity (MAX_ERROR);Tolerancja_0.1;148;4286;0.0005001520916885602;0.022364080389959257;0.09954823784526923;0.40668659104165505
Fidelity (MAX_ERROR);Tolerancja_1.0;148;2572;0.0074361710707461955;0.08623323646220288;0.9986832597373834;1.568135168528883
Fidelity (MAX_ERROR);Tolerancja_0.01;149;4902;6.9852195573588575e-06;0.0026429565939225822;0.009803253959027813;0.039918364181478386
Fidelity (MAX_ERROR);Tolerancja_0.1;149;4262;0.0004864524912669289;0.02205566800772375;0.0990907736717972;0.3331216978071521
Fidelity (MAX_ERROR);Tolerancja_1.0;149;2423;0.007680234994566911;0.08763694993874964;0.9995735001681947;1.3236402336131108
Fidelity (MAX_ERROR);Tolerancja_0.01;150;4906;8.112332077211166e-06;0.0028482155952826264;0.00986088228869475;0.054433708446960286
Fidelity (MAX_ERROR);Tolerancja_0.1;150;4255;0.0005040219854254404;0.02245043396964612;0.09984255923066088;0.4290617533432141
Fidelity (MAX_ERROR);Tolerancja_1.0;150;2541;0.007158207552027957;0.08460619097931284;0.9982040766078584;1.6169522911831269
Fidelity (MAX_ERROR);Tolerancja_0.01;151;4912;5.950256404679137e-06;0.002439314740798968;0.00997193631360993;0.04017772458972627
Fidelity (MAX_ERROR);Tolerancja_0.1;151;4210;0.0005673285718759705;0.023818660161225913;0.09895458211959607;0.392314920271655
Fidelity (MAX_ERROR);Tolerancja_1.0;151;2563;0.006877222372778409;0.08292902008813567;0.999440647912266;1.3659161213881195
Fidelity (MAX_ERROR);Tolerancja_0.01;152;4936;5.379213867426166e-06;0.002319313231848205;0.009736084604901052;0.03750314971553554
Fidelity (MAX_ERROR);Tolerancja_0.1;152;4217;0.0005433611254747028;0.023310107796290922;0.09977509225480485;0.3769229833061141
Fidelity (MAX_ERROR);Tolerancja_1.0;152;2413;0.008287354751152446;0.09103490951910946;0.9993771562469551;1.4720287860017867
Fidelity (MAX_ERROR);Tolerancja_0.01;153;4896;6.9570830796839876e-06;0.0026376283058240006;0.009865246059995947;0.04281777032918648
Fidelity (MAX_ERROR);Tolerancja_0.1;153;4236;0.00030768118217594596;0.0175408432572652;0.0996690948444483;0.2847481566343018
Fidelity (MAX_ERROR);Tolerancja_1.0;153;2239;0.00540846609339913;0.07354227419246111;0.9995964759469871;1.193843802368177
Fidelity (MAX_ERROR);Tolerancja_0.01;154;4911;7.83345642300133e-06;0.0027988312601872466;0.009703943906747448;0.047397831058507936
Fidelity (MAX_ERROR);Tolerancja_0.1;154;4367;0.00041277634507015757;0.020316898017910055;0.09922694446766034;0.3440639361093211
Fidelity (MAX_ERROR);Tolerancja_1.0;154;2644;0.007102982206552961;0.08427919201412032;0.9984964436716206;1.4272567845213997
Fidelity (MAX_ERROR);Tolerancja_0.01;155;4916;7.348777191766198e-06;0.0027108628131586074;0.009930116170889347;0.044094875202105505
Fidelity (MAX_ERROR);Tolerancja_0.1;155;4151;0.0006512337210978762;0.025519281359354072;0.09939674633573414;0.41509644874910084
Fidelity (MAX_ERROR);Tolerancja_1.0;155;2381;0.0080540454846549;0.08974433399750037;0.9979498702672154;1.4597806973142176
Fidelity (MAX_ERROR);Tolerancja_0.01;156;4906;7.246527430270658e-06;0.0026919374863229382;0.009798992990621258;0.04211009193954144
Fidelity (MAX_ERROR);Tolerancja_0.1;156;4184;0.00048506569076518617;0.022024206927042485;0.09937451661076713;0.34452560035489027
Fidelity (MAX_ERROR);Tolerancja_1.0;156;2695;0.005049566225536384;0.07106029992574182;0.999888163846419;1.111599276850889
Fidelity (MAX_ERROR);Tolerancja_0.01;157;4926;7.70769934211502e-06;0.002776274363623851;0.009939629107902803;0.047274016777511266
Fidelity (MAX_ERROR);Tolerancja_0.1;157;4308;0.0006969519328519453;0.026399847212662905;0.09900599948118582;0.44953295553474026
Fidelity (MAX_ERROR);Tolerancja_1.0;157;2590;0.010059893810408182;0.10029902198131437;0.9986311438415849;1.7078779064629375
Fidelity (MAX_ERROR);Tolerancja_0.01;158;4889;6.920825685330777e-06;0.0026307462221451115;0.009781462036976052;0.04179629328775794
Fidelity (MAX_ERROR);Tolerancja_0.1;158;4243;0.0004363386827376701;0.02088872142419612;0.09959545156381244;0.331872044404219
Fidelity (MAX_ERROR);Tolerancja_1.0;158;2712;0.005093460855018939;0.0713684864279672;0.9996434575888107;1.1338753107908677
Fidelity (MAX_ERROR);Tolerancja_0.01;159;4912;7.170692228124198e-06;0.0026778148233446235;0.009772680407717838;0.04790201607806647
Fidelity (MAX_ERROR);Tolerancja_0.1;159;4257;0.0005293800707203961;0.023008260923424787;0.09918111396795393;0.411582636362306
Fidelity (MAX_ERROR);Tolerancja_1.0;159;2602;0.00631134651896242;0.07944398352904025;0.9999092007917696;1.421131492416113
Fidelity (MAX_ERROR);Tolerancja_0.01;160;4928;5.787489628717957e-06;0.0024057201891986434;0.009837566109613949;0.03963781069729909
Fidelity (MAX_ERROR);Tolerancja_0.1;160;4336;0.0005757730265155569;0.02399527091981995;0.09974950396860294;0.39535770228833267
Fidelity (MAX_ERROR);Tolerancja_1.0;160;2628;0.009593434849720655;0.09794608133927898;0.9976965890528502;1.6138070620597955
Fidelity (MAX_ERROR);Tolerancja_0.01;161;4902;7.988943649790243e-06;0.0028264719439241286;0.00994955925265284;0.04968630820142005
Fidelity (MAX_ERROR);Tolerancja_0.1;161;4224;0.0005056898879201526;0.02248754962018211;0.09919700363874462;0.395306708607148
Fidelity (MAX_ERROR);Tolerancja_1.0;161;2526;0.006792822803159018;0.08241858287521703;0.9987903263622162;1.4488292088181571
Fidelity (MAX_ERROR);Tolerancja_0.01;162;4914;5.814408473563207e-06;0.002411308456743601;0.009811811594286013;0.03885287178764692
Fidelity (MAX_ERROR);Tolerancja_0.1;162;4273;0.0004343226084274736;0.020840408067681247;0.09899252439892914;0.33579681620216695
Fidelity (MAX_ERROR);Tolerancja_1.0;162;2486;0.006773055221425031;0.0822985736293469;0.9989520797312932;1.32605843959317
Fidelity (MAX_ERROR);Tolerancja_0.01;163;4879;7.642537100671519e-06;0.0027645138995258316;0.009680622027802954;0.045325683868803854
Fidelity (MAX_ERROR);Tolerancja_0.1;163;4142;0.00039671067327510444;0.019917597075829817;0.099386637052719;0.3265596561623794
Fidelity (MAX_ERROR);Tolerancja_1.0;163;2290;0.005614584358318183;0.07493053021511448;0.9985052893579414;1.2285261163760697
Fidelity (MAX_ERROR);Tolerancja_0.01;164;4903;7.159749695220241e-06;0.0026757708599990846;0.00964615171438421;0.04111069615034166
Fidelity (MAX_ERROR);Tolerancja_0.1;164;4193;0.0006057487812091933;0.024611964188361587;0.09996018446853938;0.37813962194474665
Fidelity (MAX_ERROR);Tolerancja_1.0;164;2609;0.006653879537299239;0.0815713156526192;0.9987212711411289;1.25326634747027
Fidelity (MAX_ERROR);Tolerancja_0.01;165;4912;7.730452804792607e-06;0.0027803691849811255;0.009703579208450996;0.045137069717501734
Fidelity (MAX_ERROR);Tolerancja_0.1;165;4323;0.0006174373720617572;0.02484828710518609;0.09897231241102311;0.403392065156591
Fidelity (MAX_ERROR);Tolerancja_1.0;165;2568;0.010225811159663556;0.10112275292763521;0.9980617036773713;1.641647006295446
Fidelity (MAX_ERROR);Tolerancja_0.01;166;4861;6.966185616161366e-06;0.0026393532571752053;0.009882254906252275;0.04113429368848576
Fidelity (MAX_ERROR);Tolerancja_0.1;166;4235;0.00024659456525067856;0.015703329750428045;0.09976863041944561;0.24473623456246718
Fidelity (MAX_ERROR);Tolerancja_1.0;166;2397;0.003802329341497093;0.06166303058962552;0.9983968388045046;0.9610177050382467
Fidelity (MAX_ERROR);Tolerancja_0.01;167;4880;7.192000800242657e-06;0.0026817905958971995;0.009963176164234255;0.041504593134405715
Fidelity (MAX_ERROR);Tolerancja_0.1;167;4195;0.0004095259813915087;0.020236748290955953;0.099682692886502;0.3131929858596996
Fidelity (MAX_ERROR);Tolerancja_1.0;167;2260;0.005961107152263929;0.07720820650853075;0.9995741619380851;1.1949088055854236
Fidelity (MAX_ERROR);Tolerancja_0.01;168;4900;7.325400257370521e-06;0.002706547663975368;0.009634090943544393;0.041897042180479516
Fidelity (MAX_ERROR);Tolerancja_0.1;168;4274;0.0003928926964747083;0.019821521043419152;0.09931629915591778;0.3068348340178917
Fidelity (MAX_ERROR);Tolerancja_1.0;168;2565;0.005568625241788378;0.07462322186684503;0.999616179171047;1.1551587713797387
Fidelity (MAX_ERROR);Tolerancja_0.01;169;4933;6.141358970741187e-06;0.0024781765414798817;0.00985199115559987;0.040163033573314105
Fidelity (MAX_ERROR);Tolerancja_0.1;169;4379;0.000551567975520472;0.023485484357800075;0.09908903029741989;0.3806219133139693
Fidelity (MAX_ERROR);Tolerancja_1.0;169;2576;0.010555276295498585;0.10273887431492806;0.9999349133209279;1.6650568631122895
Fidelity (MAX_ERROR);Tolerancja_0.01;170;4879;7.119310547161457e-06;0.002668203618009963;0.009889212941491365;0.046127988534671836
Fidelity (MAX_ERROR);Tolerancja_0.1;170;4311;0.00025508161493789785;0.015971274681060927;0.09953555498230848;0.27611190180513506
Fidelity (MAX_ERROR);Tolerancja_1.0;170;2611;0.003543121841615819;0.05952412823062442;0.9984590155540172;1.0290550114036785
Fidelity (MAX_ERROR);Tolerancja_0.01;171;4890;7.89034425490403e-06;0.002808975659364821;0.00977629991099871;0.04665108293951393
Fidelity (MAX_ERROR);Tolerancja_0.1;171;4287;0.0003660439631930476;0.019132275431663834;0.09955232157234728;0.3177462093729926
Fidelity (MAX_ERROR);Tolerancja_1.0;171;2760;0.0043897970792108965;0.06625554376209508;0.9996261097598662;1.1003629942265216
Fidelity (MAX_ERROR);Tolerancja_0.01;172;4872;6.995636138661371e-06;0.0026449264902188435;0.009972432247400853;0.04172674936811033
Fidelity (MAX_ERROR);Tolerancja_0.1;172;4113;0.00042082000747566627;0.020513897910335477;0.09989831713141362;0.3236302709481904
Fidelity (MAX_ERROR);Tolerancja_1.0;172;2423;0.004705328915397971;0.06859540010378226;0.9995227446477268;1.0821711221543042
Fidelity (MAX_ERROR);Tolerancja_0.01;173;4922;5.721556617047708e-06;0.0023919775536253907;0.009871140966422054;0.04340592457725166
Fidelity (MAX_ERROR);Tolerancja_0.1;173;4305;0.0005524487175641872;0.02350422765300292;0.09995315761516554;0.42651852280407127
Fidelity (MAX_ERROR);Tolerancja_1.0;173;2701;0.007894069251384635;0.08884857484160698;0.9990072007725237;1.6122870938006597
Fidelity (MAX_ERROR);Tolerancja_0.01;174;4918;7.337646184919996e-06;0.00270880899749687;0.009942296314741084;0.04406703711841171
Fidelity (MAX_ERROR);Tolerancja_0.1;174;4315;0.00039099365975998277;0.01977355961277541;0.0996180893195604;0.32167723387824704
Fidelity (MAX_ERROR);Tolerancja_1.0;174;2504;0.0067359340036899865;0.08207273605583029;0.9984635334204939;1.335163280070307
Fidelity (MAX_ERROR);Tolerancja_0.01;175;4886;6.552663042645629e-06;0.0025598169939754735;0.009969422905751202;0.043983011823828216
Fidelity (MAX_ERROR);Tolerancja_0.1;175;4164;0.00055480191134572;0.023554233406029582;0.09997052277119067;0.40471101209063026
Fidelity (MAX_ERROR);Tolerancja_1.0;175;2521;0.006238173244460285;0.07898210711585432;0.9995896113270168;1.357077853347813
Fidelity (MAX_ERROR);Tolerancja_0.01;176;4891;6.207337160626841e-06;0.002491452821272528;0.00973475193213691;0.04601847599384992
Fidelity (MAX_ERROR);Tolerancja_0.1;176;4154;0.00036796614417881673;0.019182443644614643;0.09973213307177309;0.354310069540955
Fidelity (MAX_ERROR);Tolerancja_1.0;176;2334;0.004858296858344755;0.06970148390346331;0.9983262849809496;1.2874239625813826
Fidelity (MAX_ERROR);Tolerancja_0.01;177;4883;7.193590517669213e-06;0.002682086970564007;0.009923582635028794;0.045320376779613425
Fidelity (MAX_ERROR);Tolerancja_0.1;177;4398;0.0002426338980632592;0.015576710116814114;0.09983011005695897;0.26320636848415907
Fidelity (MAX_ERROR);Tolerancja_1.0;177;2619;0.005231538655051243;0.07232937615555138;0.9997061132701299;1.2221805689301182
Fidelity (MAX_ERROR);Tolerancja_0.01;178;4915;6.706643195045177e-06;0.0025897187482514733;0.009852047741259362;0.045893792715058015
Fidelity (MAX_ERROR);Tolerancja_0.1;178;4262;0.0004565430609629539;0.02136686830031378;0.09985915325190398;0.37865371496678196
Fidelity (MAX_ERROR);Tolerancja_1.0;178;2423;0.007077352517542565;0.08412700230926194;0.9998052810265436;1.4908596573768034
Fidelity (MAX_ERROR);Tolerancja_0.01;179;4915;6.164088060431596e-06;0.002482758155848369;0.009945750538954634;0.039436431107951773
Fidelity (MAX_ERROR);Tolerancja_0.1;179;4215;0.0004929379736957043;0.022202206505113502;0.09940594980532058;0.3526625359062568
Fidelity (MAX_ERROR);Tolerancja_1.0;179;2524;0.005969556855601947;0.07726290737217922;0.9997491531462677;1.227253374077364
Fidelity (MAX_ERROR);Tolerancja_0.01;180;4919;7.381860732701246e-06;0.002716957992443248;0.009847384238989676;0.04457077958043457
Fidelity (MAX_ERROR);Tolerancja_0.1;180;4236;0.0005779494665304841;0.02404057957975398;0.0997020117038776;0.3943776003954881
Fidelity (MAX_ERROR);Tolerancja_1.0;180;2687;0.006465454480504565;0.08040804984890856;0.9991167290919787;1.3190669404076765
Fidelity (MAX_ERROR);Tolerancja_0.01;181;4859;6.770745090402297e-06;0.002602065543064259;0.009910488514598192;0.04345459170208393
Fidelity (MAX_ERROR);Tolerancja_0.1;181;4090;0.00030939095881509404;0.017589512750929005;0.09990334943901202;0.29374551954218137
Fidelity (MAX_ERROR);Tolerancja_1.0;181;2191;0.004027849540226681;0.06346534125195169;0.9997592912472295;1.059873568015223
Fidelity (MAX_ERROR);Tolerancja_0.01;182;4901;7.33946720425072e-06;0.002709145105794579;0.009768504707513337;0.045563402935440686
Fidelity (MAX_ERROR);Tolerancja_0.1;182;4196;0.0005715454574251874;0.023907016907702795;0.0995766065349406;0.4020770397348553
Fidelity (MAX_ERROR);Tolerancja_1.0;182;2548;0.007364347956372063;0.08581577918059163;0.9999838712363589;1.443281467892174
Fidelity (MAX_ERROR);Tolerancja_0.01;183;4929;6.589883826213351e-06;0.0025670769030579025;0.009777866043153782;0.04075465235413936
Fidelity (MAX_ERROR);Tolerancja_0.1;183;4251;0.000620279164169039;0.024905404316514095;0.09889672911399883;0.395395671025567
Fidelity (MAX_ERROR);Tolerancja_1.0;183;2618;0.008088098949450381;0.08993385874880706;0.9996826755387183;1.4277808131918028
Fidelity (MAX_ERROR);Tolerancja_0.01;184;4889;8.332789837808371e-06;0.0028866572082269087;0.009956450583801235;0.040460226281111206
Fidelity (MAX_ERROR);Tolerancja_0.1;184;4225;0.0004330328133087926;0.02080944048524113;0.09991757538975965;0.2916711649781694
Fidelity (MAX_ERROR);Tolerancja_1.0;184;2133;0.008088875287936031;0.08993817480878757;0.999061212260103;1.2605995937802532
Fidelity (MAX_ERROR);Tolerancja_0.01;185;4879;5.937130146656517e-06;0.0024366226927155787;0.009741546251700095;0.04471036026760903
Fidelity (MAX_ERROR);Tolerancja_0.1;185;4041;0.00044146272014458036;0.0210110142578739;0.09964065824374613;0.3855377444631996
Fidelity (MAX_ERROR);Tolerancja_1.0;185;2185;0.005246882123210792;0.07243536514169575;0.9998260389245477;1.329139419608558
Fidelity (MAX_ERROR);Tolerancja_0.01;186;4903;5.653433927845326e-06;0.0023776950872316086;0.009932648630657681;0.03676082693233845
Fidelity (MAX_ERROR);Tolerancja_0.1;186;4304;0.0002975459536073302;0.017249520387747894;0.09941930289470902;0.2666896344468395
Fidelity (MAX_ERROR);Tolerancja_1.0;186;2501;0.0045833184546147975;0.06770021015192491;0.9981908210139032;1.046692539359834
Fidelity (MAX_ERROR);Tolerancja_0.01;187;4837;6.873061930423718e-06;0.00262165251900852;0.009851348840371976;0.05406781198998658
Fidelity (MAX_ERROR);Tolerancja_0.1;187;4158;0.00021028539033652344;0.014501220305082033;0.09999049795647386;0.2990668089671433
Fidelity (MAX_ERROR);Tolerancja_1.0;187;2040;0.003517932972351086;0.0593121654667159;0.9991059921907475;1.223228092938181
Fidelity (MAX_ERROR);Tolerancja_0.01;188;4910;7.341048182372018e-06;0.0027094368755097467;0.00984059658079417;0.047710967821347997
Fidelity (MAX_ERROR);Tolerancja_0.1;188;4223;0.0005097139025832762;0.022576844389402082;0.09999562832781272;0.39755976819636707
Fidelity (MAX_ERROR);Tolerancja_1.0;188;2316;0.0075031881707253245;0.08662094533497845;0.9974470433231808;1.5253240158084038
Fidelity (MAX_ERROR);Tolerancja_0.01;189;4893;6.947864306281114e-06;0.0026358801767684954;0.009873899596176905;0.041609911091970805
Fidelity (MAX_ERROR);Tolerancja_0.1;189;4344;0.00030257036551452175;0.017394549879618092;0.09986091444771716;0.2745897481816105
Fidelity (MAX_ERROR);Tolerancja_1.0;189;2676;0.004563115854710504;0.06755083903779807;0.9991449471016658;1.0663551519996406
Fidelity (MAX_ERROR);Tolerancja_0.01;190;4914;7.716523588812559e-06;0.0027778631335637397;0.009853581068013817;0.04723376216393686
Fidelity (MAX_ERROR);Tolerancja_0.1;190;4259;0.0005089678344518051;0.02256031547766576;0.0997826983491592;0.38360729970463714
Fidelity (MAX_ERROR);Tolerancja_1.0;190;2393;0.007847315104721263;0.08858507269693502;0.9978813990301001;1.5062679670881192
Fidelity (MAX_ERROR);Tolerancja_0.01;191;4896;7.106946897584869e-06;0.002665885762290813;0.009787887905252646;0.048899090750903276
Fidelity (MAX_ERROR);Tolerancja_0.1;191;4210;0.00044458164197730887;0.02108510474190984;0.09942114052349216;0.3867541756106492
Fidelity (MAX_ERROR);Tolerancja_1.0;191;2555;0.005395834767076969;0.0734563459959517;0.9993127413138074;1.3473752626216091
Fidelity (MAX_ERROR);Tolerancja_0.01;192;4901;7.637773101069285e-06;0.0027636521309798174;0.009652129455689717;0.04501622840059736
Fidelity (MAX_ERROR);Tolerancja_0.1;192;4370;0.00030672656893781613;0.017513610962272063;0.09947410079203856;0.2852734981943364
Fidelity (MAX_ERROR);Tolerancja_1.0;192;2560;0.00612310252163367;0.07825025572887076;0.9990138960720092;1.2745929000286769
Fidelity (MAX_ERROR);Tolerancja_0.01;193;4940;5.054667172250832e-06;0.0022482586978038875;0.009973170333443804;0.03393985436481794
Fidelity (MAX_ERROR);Tolerancja_0.1;193;4255;0.000577611595275321;0.024033551449490792;0.09909337009325081;0.3628120006215711
Fidelity (MAX_ERROR);Tolerancja_1.0;193;2410;0.00898732836036005;0.09480152087577524;0.9993148111149626;1.4311297072841223
Fidelity (MAX_ERROR);Tolerancja_0.01;194;4903;7.11596976419318e-06;0.0026675775085633745;0.00984605835675012;0.04523020872246239
Fidelity (MAX_ERROR);Tolerancja_0.1;194;4217;0.0005261923662258081;0.02293888328201284;0.09902980423937202;0.3889410805777886
Fidelity (MAX_ERROR);Tolerancja_1.0;194;2464;0.006926234128571564;0.08322399971505554;0.998693609911566;1.4111075932175428
Fidelity (MAX_ERROR);Tolerancja_0.01;195;4904;6.45369912041404e-06;0.0025404131790742308;0.009802327382611331;0.03698394349122037
Fidelity (MAX_ERROR);Tolerancja_0.1;195;4267;0.0003652329755498131;0.019111069450708746;0.09981974801820037;0.278223526174341
Fidelity (MAX_ERROR);Tolerancja_1.0;195;2727;0.0043749236953545545;0.06614320596519763;0.9991850402282836;0.9629286337730575
Fidelity (MAX_ERROR);Tolerancja_0.01;196;4875;7.560218364846208e-06;0.002749585125950133;0.00997395880824925;0.044900930900038674
Fidelity (MAX_ERROR);Tolerancja_0.1;196;4174;0.00045552253126752957;0.021342973814994236;0.09987839776969709;0.3485323598181886
Fidelity (MAX_ERROR);Tolerancja_1.0;196;2469;0.005560266062755756;0.07456719159761722;0.9995848344899212;1.2176878197861178
Fidelity (MAX_ERROR);Tolerancja_0.01;197;4888;5.2443349846395105e-06;0.0022900513061151076;0.009785818214645303;0.04173891965839701
Fidelity (MAX_ERROR);Tolerancja_0.1;197;4186;0.00031889666684603433;0.017857678092239045;0.09932613412893687;0.32547750750699417
Fidelity (MAX_ERROR);Tolerancja_1.0;197;2374;0.004285220102744233;0.06546159257720692;0.9984909179957748;1.193115693956169
Fidelity (MAX_ERROR);Tolerancja_0.01;198;4892;7.688635580279091e-06;0.002772838902691444;0.009910472192580677;0.049526462876229554
Fidelity (MAX_ERROR);Tolerancja_0.1;198;4211;0.00047449485838986884;0.02178290289171461;0.09979907438918012;0.3890706129216001
Fidelity (MAX_ERROR);Tolerancja_1.0;198;2575;0.005743094034205227;0.07578320416956007;0.9995639713886764;1.3535853252427836
Fidelity (MAX_ERROR);Tolerancja_0.01;199;4838;6.339563110230792e-06;0.002517848905361637;0.009879251038302339;0.04246648155102321
Fidelity (MAX_ERROR);Tolerancja_0.1;199;3897;0.0003452417827624322;0.01858068305424836;0.0998827163150704;0.313385061529463
Fidelity (MAX_ERROR);Tolerancja_1.0;199;1941;0.0037532753592640026;0.06126398092896023;0.9992239427210454;1.0332890549237512
Fidelity (MAX_ERROR);Tolerancja_0.01;200;4919;6.585721013478492e-06;0.0025662659670187132;0.009940462244963477;0.04429285559109788
Fidelity (MAX_ERROR);Tolerancja_0.1;200;4251;0.0005526314607163631;0.023508114784396537;0.09914166116853806;0.4057418625918426
Fidelity (MAX_ERROR);Tolerancja_1.0;200;2613;0.007362474821577621;0.08580486478969372;0.9984396793285981;1.4809620413424083
Fidelity (MAX_ERROR);Tolerancja_0.01;201;4891;5.18165971200802e-06;0.002276325923941477;0.009701078043239164;0.04248694226844392
Fidelity (MAX_ERROR);Tolerancja_0.1;201;4040;0.00041797659600046764;0.020444475928731155;0.09989196632637487;0.3815900259961735
Fidelity (MAX_ERROR);Tolerancja_1.0;201;2347;0.004101686344984631;0.06404440916258523;0.9987474798357052;1.1953697342232243
Fidelity (MAX_ERROR);Tolerancja_0.01;202;4935;6.861963593652618e-06;0.002619534995691529;0.009729202817299942;0.045874404144730804
Fidelity (MAX_ERROR);Tolerancja_0.1;202;4266;0.0006989910079185835;0.02643843807638007;0.09982619136452797;0.4630011033508335
Fidelity (MAX_ERROR);Tolerancja_1.0;202;2579;0.00945036391955378;0.09721298225830632;0.9973120257000865;1.7024348380788887
Fidelity (MAX_ERROR);Tolerancja_0.01;203;4887;7.2974237527623224e-06;0.002701374419210029;0.00966753570610468;0.04910755350800591
Fidelity (MAX_ERROR);Tolerancja_0.1;203;4234;0.00036297376086998886;0.019051870272232825;0.09981480569998702;0.3463387867183766
Fidelity (MAX_ERROR);Tolerancja_1.0;203;2502;0.0049788475929933;0.0705609494904462;0.9996044596387623;1.2827083791261678
Fidelity (MAX_ERROR);Tolerancja_0.01;204;4911;7.726729965750493e-06;0.002779699617899476;0.009898465551846591;0.04324803516027879
Fidelity (MAX_ERROR);Tolerancja_0.1;204;4254;0.0006034352791950889;0.024564919686314645;0.09970187327535562;0.3821939980356468
Fidelity (MAX_ERROR);Tolerancja_1.0;204;2523;0.008665112111494911;0.09308658395007796;0.9985294194139867;1.4482902503923727
Fidelity (MAX_ERROR);Tolerancja_0.01;205;4907;6.623345893942609e-06;0.0025735861932219425;0.009906028269360156;0.04557730326254089
Fidelity (MAX_ERROR);Tolerancja_0.1;205;4208;0.0005303461951526407;0.02302924651725802;0.09947432117932742;0.40783982879191866
Fidelity (MAX_ERROR);Tolerancja_1.0;205;2498;0.006561095819366194;0.08100059147540957;0.9979604898583778;1.4344918898939525
Fidelity (MAX_ERROR);Tolerancja_0.01;206;4917;6.405750725075337e-06;0.002530958459768816;0.009990279739310992;0.03648541710443698
Fidelity (MAX_ERROR);Tolerancja_0.1;206;4235;0.00048779960098043346;0.022086185749930508;0.09891458455156688;0.31838677407842275
Fidelity (MAX_ERROR);Tolerancja_1.0;206;2520;0.007130043521858668;0.08443958504077734;0.998391213201371;1.217251697058571
Fidelity (MAX_ERROR);Tolerancja_0.01;207;4911;7.483620625394916e-06;0.00273562070203362;0.009926136767688831;0.04267938177053535
Fidelity (MAX_ERROR);Tolerancja_0.1;207;4249;0.0006501912268121259;0.025498847558509893;0.09876590009240438;0.39781649877459974
Fidelity (MAX_ERROR);Tolerancja_1.0;207;2547;0.009211839431096686;0.09597832792405109;0.9979554773240231;1.497391687423291
Fidelity (MAX_ERROR);Tolerancja_0.01;208;4924;5.363618312362399e-06;0.002315948685174695;0.009961041697422957;0.04183270802316003
Fidelity (MAX_ERROR);Tolerancja_0.1;208;4200;0.0005376503063782484;0.023187287602870855;0.09908318555392226;0.41882924192112114
Fidelity (MAX_ERROR);Tolerancja_1.0;208;2609;0.005656945770900099;0.07521267028167594;0.9988152666425769;1.3585575948537143
Fidelity (MAX_ERROR);Tolerancja_0.01;209;4931;8.840622960766236e-06;0.0029733185098078942;0.009715174594576936;0.04924578667353004
Fidelity (MAX_ERROR);Tolerancja_0.1;209;4386;0.0006017952975029431;0.024531516412626086;0.09904777458170955;0.4063048812461194
Fidelity (MAX_ERROR);Tolerancja_1.0;209;2680;0.010710148979258883;0.10348984964361907;0.998437260336912;1.7140575560990416
Fidelity (MAX_ERROR);Tolerancja_0.01;210;4889;7.408407566277869e-06;0.0027218390044743404;0.009921694525242941;0.05578821333188039
Fidelity (MAX_ERROR);Tolerancja_0.1;210;4143;0.0005337008985572491;0.023101967417457094;0.09955925332441184;0.4735098161767107
Fidelity (MAX_ERROR);Tolerancja_1.0;210;2432;0.006484927904805295;0.0805290500676948;0.9997874955664026;1.650564863390173
Fidelity (MAX_ERROR);Tolerancja_0.01;211;4922;7.259442483322292e-06;0.002694335258152239;0.009721868446330717;0.04477098479379588
Fidelity (MAX_ERROR);Tolerancja_0.1;211;4312;0.0005669225685374704;0.023810135836182675;0.09975500423675943;0.39564609720878174
Fidelity (MAX_ERROR);Tolerancja_1.0;211;2529;0.009843987214699203;0.09921686960743724;0.998510249197164;1.648657845025911
Fidelity (MAX_ERROR);Tolerancja_0.01;212;4905;6.609202975074613e-06;0.0025708370183803197;0.009805807520113063;0.03855555959003956
Fidelity (MAX_ERROR);Tolerancja_0.1;212;4198;0.0005219900722868185;0.02284710205445799;0.09998614407935014;0.3426443599584328
Fidelity (MAX_ERROR);Tolerancja_1.0;212;2421;0.00711485302243799;0.08434958815808166;0.9997640823299228;1.2650142927664592
Fidelity (MAX_ERROR);Tolerancja_0.01;213;4897;7.951707775314896e-06;0.002819877262455743;0.009901637512340855;0.044659822020881736
Fidelity (MAX_ERROR);Tolerancja_0.1;213;4197;0.0005385779596699931;0.023207282470595156;0.09994507016929965;0.36754546679188127
Fidelity (MAX_ERROR);Tolerancja_1.0;213;2385;0.008180259340534185;0.09044478614344878;0.9980529174732986;1.4324198097776348
Fidelity (MAX_ERROR);Tolerancja_0.01;214;4890;7.547439871069014e-06;0.002747260430150191;0.00994367116227668;0.048532134186673806
Fidelity (MAX_ERROR);Tolerancja_0.1;214;4231;0.00038784827870093754;0.01969386398604747;0.09968550999720449;0.34790485792157183
Fidelity (MAX_ERROR);Tolerancja_1.0;214;2427;0.006056007962899861;0.07782035699545371;0.9985240962470225;1.3747469903869813
Fidelity (MAX_ERROR);Tolerancja_0.01;215;4903;7.033156062597245e-06;0.0026520098157052975;0.009927012459391094;0.04103601633829976
Fidelity (MAX_ERROR);Tolerancja_0.1;215;4261;0.0004570492686770434;0.021378710641127154;0.0996343381278173;0.3308046274812754
Fidelity (MAX_ERROR);Tolerancja_1.0;215;2498;0.0071223437497074426;0.08439397934513719;0.9994288660849522;1.305874772692028
Fidelity (MAX_ERROR);Tolerancja_0.01;216;4907;6.669413838632816e-06;0.0025825208302418037;0.009975125988604283;0.03959225843842722
Fidelity (MAX_ERROR);Tolerancja_0.1;216;4288;0.00031443759686185143;0.017732388357518326;0.09958169110433901;0.27185271629181346
Fidelity (MAX_ERROR);Tolerancja_1.0;216;2611;0.0049041926053952824;0.07002994077817917;0.9992408520538354;1.0736190319354821
Fidelity (MAX_ERROR);Tolerancja_0.01;217;4879;7.93445643154767e-06;0.0028168167195519963;0.009942239794932917;0.04419839672574308
Fidelity (MAX_ERROR);Tolerancja_0.1;217;4049;0.000603721974218173;0.02457075444951117;0.09989733101996201;0.3855373143280099
Fidelity (MAX_ERROR);Tolerancja_1.0;217;2503;0.005435830264103975;0.07372808327973795;0.99898663235374;1.1568601719833447
Fidelity (MAX_ERROR);Tolerancja_0.01;218;4901;6.322027800985089e-06;0.0025143642936108304;0.009972765529015604;0.042602873426881904
Fidelity (MAX_ERROR);Tolerancja_0.1;218;4198;0.0004031619082157077;0.020078892106281852;0.0996040887387597;0.3402126339168991
Fidelity (MAX_ERROR);Tolerancja_1.0;218;2492;0.0051942585776662215;0.07207120491337869;0.9981042300601244;1.221159729498919
Fidelity (MAX_ERROR);Tolerancja_0.01;219;4880;6.938635815504646e-06;0.0026341290430623642;0.009892029074177522;0.040214876709748396
Fidelity (MAX_ERROR);Tolerancja_0.1;219;4167;0.00041575097698546746;0.02038997246161621;0.09907093155106939;0.3112908347518826
Fidelity (MAX_ERROR);Tolerancja_1.0;219;2277;0.00607075647463559;0.07791505935719738;0.9987329369598958;1.189518225819219
Fidelity (MAX_ERROR);Tolerancja_0.01;220;4921;7.650043373438289e-06;0.0027658711780266065;0.00975007246343651;0.04573875323525544
Fidelity (MAX_ERROR);Tolerancja_0.1;220;4323;0.0006299345817055153;0.025098497598571818;0.0987054376393075;0.4150496947785486
Fidelity (MAX_ERROR);Tolerancja_1.0;220;2654;0.009870057654760907;0.0993481638217884;0.9995040941323723;1.6429041184277453
Fidelity (MAX_ERROR);Tolerancja_0.01;221;4925;6.0777895240365785e-06;0.002465317327249492;0.00991724921907755;0.037040311024425544
Fidelity (MAX_ERROR);Tolerancja_0.1;221;4304;0.00045257320483956675;0.02127376799816071;0.0999913574109792;0.3196290289301158
Fidelity (MAX_ERROR);Tolerancja_1.0;221;2687;0.005878720720556931;0.07667281604686847;0.9996271471369298;1.1519754159449693
Fidelity (MAX_ERROR);Tolerancja_0.01;222;4930;7.604766222648196e-06;0.0027576740602631407;0.009643606443772157;0.0407808267865587
Fidelity (MAX_ERROR);Tolerancja_0.1;222;4380;0.0005083168169221938;0.02254588248266618;0.09938359571711253;0.33341131264366447
Fidelity (MAX_ERROR);Tolerancja_1.0;222;2618;0.009514702952042686;0.09754333883993661;0.9997482010597007;1.4424830195612321
Fidelity (MAX_ERROR);Tolerancja_0.01;223;4910;6.3285604551291955e-06;0.0025156630249556864;0.009732599258047259;0.035508188968860585
Fidelity (MAX_ERROR);Tolerancja_0.1;223;4215;0.00043713675843051785;0.020907815725955636;0.0991580049498495;0.29511053919331076
Fidelity (MAX_ERROR);Tolerancja_1.0;223;2535;0.005315812414219063;0.07290961811873015;0.9984290210087448;1.0291078225204406
Fidelity (MAX_ERROR);Tolerancja_0.01;224;4935;6.483230059448514e-06;0.0025462187768234908;0.009718880611694125;0.04270194640785806
Fidelity (MAX_ERROR);Tolerancja_0.1;224;4374;0.0005432353548570834;0.02330740987019114;0.0990167593715654;0.39088226677227056
Fidelity (MAX_ERROR);Tolerancja_1.0;224;2516;0.010710319088863966;0.10349067150648876;0.998610705496191;1.7356140598006744
Fidelity (MAX_ERROR);Tolerancja_0.01;225;4870;6.759361145701584e-06;0.0025998771405013705;0.00988545625988202;0.04139176254959496
Fidelity (MAX_ERROR);Tolerancja_0.1;225;4277;0.00024019603004053977;0.01549825893578178;0.09964353437057616;0.24674252633272825
Fidelity (MAX_ERROR);Tolerancja_1.0;225;2603;0.003367186066464491;0.05802745958996043;0.9992129400320682;0.9238355117967899
Fidelity (MAX_ERROR);Tolerancja_0.01;226;4878;7.988787574983966e-06;0.0028264443343154603;0.009789156501321727;0.0499471170313715
Fidelity (MAX_ERROR);Tolerancja_0.1;226;4207;0.00032948409620567993;0.018151696785856687;0.09935469696791;0.3207651793010564
Fidelity (MAX_ERROR);Tolerancja_1.0;226;2402;0.004647868562413001;0.06817527823495113;0.9987308658302272;1.2047499253057523
Fidelity (MAX_ERROR);Tolerancja_0.01;227;4940;5.827155834242883e-06;0.002413950255130143;0.00974082012005395;0.04105378726709226
Fidelity (MAX_ERROR);Tolerancja_0.1;227;4363;0.0005071507154622392;0.022520007004045075;0.09937098212522955;0.38299528949806383
Fidelity (MAX_ERROR);Tolerancja_1.0;227;2764;0.007457566430738811;0.08635720254118247;0.9987043529050732;1.4686674733965333
Fidelity (MAX_ERROR);Tolerancja_0.01;228;4926;4.946230214869894e-06;0.0022240121885614508;0.009712166904101593;0.03630353880480839
Fidelity (MAX_ERROR);Tolerancja_0.1;228;4306;0.00036548926365439767;0.019117773501493254;0.09952148083409895;0.31206790850454963
Fidelity (MAX_ERROR);Tolerancja_1.0;228;2592;0.005176044138461815;0.07194472974764597;0.9983029396879362;1.1743857797310586
Fidelity (MAX_ERROR);Tolerancja_0.01;229;4895;6.133832332250006e-06;0.002476657491913245;0.00998764182757439;0.036906749170034
Fidelity (MAX_ERROR);Tolerancja_0.1;229;4153;0.0003765972019216994;0.019406112488638712;0.09912731912313433;0.28918674799492283
Fidelity (MAX_ERROR);Tolerancja_1.0;229;2442;0.004704746241687499;0.068591152794566;0.9997880967208905;1.022134259476037
Fidelity (MAX_ERROR);Tolerancja_0.01;230;4917;8.085617384883829e-06;0.0028435220035870705;0.009803007680348585;0.04775022117193051
Fidelity (MAX_ERROR);Tolerancja_0.1;230;4263;0.000791003378374508;0.028124782281370785;0.09916253197805602;0.472289144467218
Fidelity (MAX_ERROR);Tolerancja_1.0;230;2573;0.011195396978580217;0.1058083029756182;0.9979771293853505;1.776799990483244
Fidelity (MAX_ERROR);Tolerancja_0.01;231;4870;7.186538616486976e-06;0.0026807720187451553;0.009726577493399446;0.04531660255225548
Fidelity (MAX_ERROR);Tolerancja_0.1;231;4209;0.0002955102158547409;0.01719041057842252;0.09991918175033732;0.29059203783285886
Fidelity (MAX_ERROR);Tolerancja_1.0;231;2461;0.003853069512331086;0.062073098137043925;0.9993708230791567;1.0493029238570917
Fidelity (MAX_ERROR);Tolerancja_0.01;232;4928;6.0411209873907275e-06;0.002457869196558419;0.00967654107342053;0.03851094921664303
Fidelity (MAX_ERROR);Tolerancja_0.1;232;4408;0.0005993378779694245;0.02448137818770472;0.09901471728251998;0.3835847381383301
Fidelity (MAX_ERROR);Tolerancja_1.0;232;2676;0.012065521421900144;0.10984316738832754;0.9995289357610577;1.7210698791499173
Fidelity (MAX_ERROR);Tolerancja_0.01;233;4927;5.859850945426125e-06;0.002420712900247802;0.009794730738264867;0.04040486044728176
Fidelity (MAX_ERROR);Tolerancja_0.1;233;4334;0.0005861177004073155;0.02420986783126491;0.09985657048901508;0.4040943191029631
Fidelity (MAX_ERROR);Tolerancja_1.0;233;2593;0.009891156047067915;0.09945429124511378;0.9988027748778365;1.6600220365788863
Fidelity (MAX_ERROR);Tolerancja_0.01;234;4921;6.360717533499194e-06;0.0025220462988413185;0.009670229100125383;0.04812706697050358
Fidelity (MAX_ERROR);Tolerancja_0.1;234;4317;0.00042529096553563163;0.020622583871465566;0.0990969055848212;0.39353142547098674
Fidelity (MAX_ERROR);Tolerancja_1.0;234;2418;0.00774705013074178;0.08801732858217057;0.9998810231076511;1.6795948072741798
Fidelity (MAX_ERROR);Tolerancja_0.01;235;4923;8.166543111530392e-06;0.002857716415519635;0.009633286941079788;0.04986801943430322
Fidelity (MAX_ERROR);Tolerancja_0.1;235;4403;0.0004612487485041427;0.021476702458807374;0.09972510324500039;0.37477498109475904
Fidelity (MAX_ERROR);Tolerancja_1.0;235;2656;0.008837417456605323;0.09400753936044344;0.9980150814806859;1.6404601150549
Fidelity (MAX_ERROR);Tolerancja_0.01;236;4921;6.747434896248826e-06;0.0025975825099982535;0.00965647641873435;0.04147150976131368
Fidelity (MAX_ERROR);Tolerancja_0.1;236;4329;0.0005790054435172394;0.02406253194319416;0.09985847943568738;0.3841685584666067
Fidelity (MAX_ERROR);Tolerancja_1.0;236;2618;0.009333826786284744;0.09661173213582677;0.9972758482954276;1.5424474013458986
Fidelity (MAX_ERROR);Tolerancja_0.01;237;4926;8.281680317442627e-06;0.002877790874515142;0.00968290124682114;0.05599843291406474
Fidelity (MAX_ERROR);Tolerancja_0.1;237;4391;0.0004924525718768809;0.02219127242581824;0.09930111544804654;0.4318161167372131
Fidelity (MAX_ERROR);Tolerancja_1.0;237;2650;0.008862775933595832;0.09414231744330406;0.9994827613041135;1.8318990078150343
Fidelity (MAX_ERROR);Tolerancja_0.01;238;4880;8.811161280213411e-06;0.002968360032107529;0.009822308776745725;0.05567999733946779
Fidelity (MAX_ERROR);Tolerancja_0.1;238;4261;0.0003749602976567207;0.019363891593807293;0.09999546450610897;0.36322461586960064
Fidelity (MAX_ERROR);Tolerancja_1.0;238;2782;0.004041024261238424;0.06356905112740337;0.9989896508727387;1.192417550216527
Fidelity (MAX_ERROR);Tolerancja_0.01;239;4901;6.1266318830147134e-06;0.002475203402351959;0.00972478842314528;0.040227134094939894
Fidelity (MAX_ERROR);Tolerancja_0.1;239;4264;0.0004713843609222404;0.021711387816586953;0.09969591353053708;0.3528546010623564
Fidelity (MAX_ERROR);Tolerancja_1.0;239;2632;0.006451330433441498;0.08032017451077592;0.9985098213035934;1.3053676427172751
Fidelity (MAX_ERROR);Tolerancja_0.01;240;4923;6.787404509711749e-06;0.002605264767679429;0.009656633470453535;0.038334128070552274
Fidelity (MAX_ERROR);Tolerancja_0.1;240;4363;0.0004369490040558536;0.020903325191362582;0.0993632152405226;0.3075736312589224
Fidelity (MAX_ERROR);Tolerancja_1.0;240;2533;0.008584276517325748;0.09265137083349467;0.9987059131527971;1.36328159790339
Fidelity (MAX_ERROR);Tolerancja_0.01;241;4900;5.605895577322967e-06;0.0023676772536228344;0.009699242602362546;0.04499564621153258
Fidelity (MAX_ERROR);Tolerancja_0.1;241;4279;0.00031850136514862266;0.017846606544344015;0.09980523225627524;0.33915922996557396
Fidelity (MAX_ERROR);Tolerancja_1.0;241;2702;0.004137866329339953;0.06432624914714019;0.9993510310347613;1.2224643980976855
Fidelity (MAX_ERROR);Tolerancja_0.01;242;4888;8.596382347772508e-06;0.0029319587902582305;0.009872103206214788;0.046496284127579474
Fidelity (MAX_ERROR);Tolerancja_0.1;242;4151;0.0005649551443254871;0.02376878508307665;0.09957072389060784;0.3769357837709473
Fidelity (MAX_ERROR);Tolerancja_1.0;242;2535;0.0060504740061179145;0.07778479289757037;0.9997657982173287;1.2335452474254656
Fidelity (MAX_ERROR);Tolerancja_0.01;243;4909;6.704659853614628e-06;0.002589335793908281;0.009777869533984962;0.04555285924342549
Fidelity (MAX_ERROR);Tolerancja_0.1;243;4164;0.0005225546643501229;0.02285945459432755;0.09942629748556797;0.4021546838253625
Fidelity (MAX_ERROR);Tolerancja_1.0;243;2567;0.005535708860415581;0.07440234445510155;0.9997790829228648;1.3089223623748172
Fidelity (MAX_ERROR);Tolerancja_0.01;244;4934;4.792837882621384e-06;0.002189255097657965;0.009815982385665833;0.036175072612368644
Fidelity (MAX_ERROR);Tolerancja_0.1;244;4327;0.00046106266540524185;0.02147236981344262;0.0995671680861756;0.35480768686659286
Fidelity (MAX_ERROR);Tolerancja_1.0;244;2562;0.008300396059125205;0.0911065094223525;0.9999909576161468;1.5054365283145097
Fidelity (MAX_ERROR);Tolerancja_0.01;245;4893;8.197917739583231e-06;0.0028632006111314013;0.009640729736598797;0.04767901354462682
Fidelity (MAX_ERROR);Tolerancja_0.1;245;4265;0.0004235777442440956;0.02058100445177775;0.09952534953620074;0.34272205244835435
Fidelity (MAX_ERROR);Tolerancja_1.0;245;2394;0.007050576792112429;0.0839677127955289;0.9990757610401948;1.3982595910760738
Fidelity (MAX_ERROR);Tolerancja_0.01;246;4918;5.803357664963563e-06;0.0024090159121441194;0.009693211190981543;0.03527425600951129
Fidelity (MAX_ERROR);Tolerancja_0.1;246;4172;0.0005502441560265323;0.023457283645523245;0.09895184145046176;0.34347561775275137
Fidelity (MAX_ERROR);Tolerancja_1.0;246;2337;0.007241960138896794;0.08509970704354272;0.9999691651887668;1.2460809567324904
Fidelity (MAX_ERROR);Tolerancja_0.01;247;4902;9.022534513438994e-06;0.00300375340423261;0.00999629445918071;0.04825765363375421
Fidelity (MAX_ERROR);Tolerancja_0.1;247;4324;0.0003605028055694974;0.018986911427862546;0.09964834195945294;0.3050396194206378
Fidelity (MAX_ERROR);Tolerancja_1.0;247;2752;0.0046206215272749165;0.06797515374954967;0.9991394248591341;1.092074143211834
Fidelity (MAX_ERROR);Tolerancja_0.01;248;4908;6.178347279911736e-06;0.002485628145944549;0.009734227342164559;0.044187954324858655
Fidelity (MAX_ERROR);Tolerancja_0.1;248;4269;0.0004886354209348878;0.02210509943282065;0.0994184550224193;0.39297073686488926
Fidelity (MAX_ERROR);Tolerancja_1.0;248;2441;0.008246253644685075;0.09080888527388206;0.999669542995445;1.614343996434271
Fidelity (MAX_ERROR);Tolerancja_0.01;249;4893;5.353446149857445e-06;0.0023137515315732253;0.009817755740820555;0.036299400712962206
Fidelity (MAX_ERROR);Tolerancja_0.1;249;4085;0.0005586060059038193;0.023634847279045815;0.09998678217339929;0.37079642323927586
Fidelity (MAX_ERROR);Tolerancja_1.0;249;2331;0.006758274740494017;0.08220872666873034;0.9991244296279671;1.2897355099411134
Fidelity (MAX_ERROR);Tolerancja_0.01;250;4888;5.311163380525559e-06;0.0023045961426084094;0.009860126517442502;0.03272445946260212
Fidelity (MAX_ERROR);Tolerancja_0.1;250;4322;0.0002120754548138747;0.014562810676990712;0.09989416313627686;0.2067868199767736
Fidelity (MAX_ERROR);Tolerancja_1.0;250;2755;0.002627121431601797;0.05125545270116924;0.999362850201674;0.7278095077683797
Fidelity (MAX_ERROR);Tolerancja_0.01;251;4916;6.855356317224035e-06;0.002618273537509791;0.009864929704844982;0.042712574543961
Fidelity (MAX_ERROR);Tolerancja_0.1;251;4269;0.0005979863566908076;0.024453759561482723;0.09974086920956449;0.39892051505944837
Fidelity (MAX_ERROR);Tolerancja_1.0;251;2519;0.008761387246519375;0.09360228227195838;0.9991725839959678;1.5269582806188948
Fidelity (MAX_ERROR);Tolerancja_0.01;252;4904;6.293185244322944e-06;0.0025086221804653933;0.00971859926852936;0.040325264658998064
Fidelity (MAX_ERROR);Tolerancja_0.1;252;4109;0.0005447145361094056;0.023339120294248575;0.09987445071364354;0.37516857265415937
Fidelity (MAX_ERROR);Tolerancja_1.0;252;2368;0.005952191041924062;0.07715044421080194;0.9990471817846434;1.2401676528199586
Fidelity (MAX_ERROR);Tolerancja_0.01;253;4881;7.749036677112949e-06;0.0027837091581400793;0.009814033567617564;0.046056112517628034
Fidelity (MAX_ERROR);Tolerancja_0.1;253;4134;0.00046631085470748166;0.021594231977717607;0.09961372849250916;0.3572738103006509
Fidelity (MAX_ERROR);Tolerancja_1.0;253;2585;0.004608871828397267;0.06788867231281863;0.9992436015533848;1.1232094134434052
Fidelity (MAX_ERROR);Tolerancja_0.01;254;4911;7.058628623783016e-06;0.002656807976460289;0.009958951352529333;0.04049434042256985
Fidelity (MAX_ERROR);Tolerancja_0.1;254;4258;0.00047836449333677817;0.02187154528918289;0.09975786162619116;0.3333601104615111
Fidelity (MAX_ERROR);Tolerancja_1.0;254;2317;0.007842412191166489;0.08855739489826069;0.9990411807015087;1.3497675886700347
Fidelity (MAX_ERROR);Tolerancja_0.01;255;4920;5.947251344153922e-06;0.0024386986989281645;0.009844623107534645;0.03685495167619679
Fidelity (MAX_ERROR);Tolerancja_0.1;255;4348;0.00043942741901713197;0.02096252415662608;0.09967943087925235;0.31679715708345463
Fidelity (MAX_ERROR);Tolerancja_1.0;255;2549;0.007522491031641248;0.08673229520565709;0.9975178738253829;1.3107459933344907
Fidelity (MAX_ERROR);Tolerancja_0.01;256;4875;9.193675519269772e-06;0.003032107438609287;0.009697758199368245;0.04739167918952953
Fidelity (MAX_ERROR);Tolerancja_0.1;256;4293;0.00030080412830120793;0.017343705725744077;0.09960460800922988;0.2710812048563378
Fidelity (MAX_ERROR);Tolerancja_1.0;256;2508;0.004744905994662942;0.06888327804818048;0.998350809380046;1.0766419992953253
Fidelity (MAX_ERROR);Tolerancja_0.01;257;4894;6.739786341447352e-06;0.0025961098477235802;0.009666542624915841;0.041556290624128744
Fidelity (MAX_ERROR);Tolerancja_0.1;257;4223;0.00043422823759699665;0.02083814381361729;0.099244125930956;0.3335590599702054
Fidelity (MAX_ERROR);Tolerancja_1.0;257;2423;0.006380941487061709;0.07988079548340583;0.9989216006627513;1.2786629792671433
Fidelity (MAX_ERROR);Tolerancja_0.01;258;4921;7.804620738242258e-06;0.0027936751311206996;0.009898518688451041;0.04583281142636727
Fidelity (MAX_ERROR);Tolerancja_0.1;258;4381;0.00047161587940814894;0.021716718891401365;0.09981819952359494;0.3562827583856325
Fidelity (MAX_ERROR);Tolerancja_1.0;258;2573;0.009593024837376583;0.09794398826562345;0.998739367971559;1.6068612611817321
Fidelity (MAX_ERROR);Tolerancja_0.01;259;4891;6.965507465031267e-06;0.0026392247848622645;0.009795583737422398;0.044956690303302016
Fidelity (MAX_ERROR);Tolerancja_0.1;259;4186;0.0004138715734965782;0.02034383379544225;0.09992661773608447;0.34653790793771927
Fidelity (MAX_ERROR);Tolerancja_1.0;259;2299;0.006274188330633455;0.07920977421147882;0.9982988621191704;1.3492633551506197
Fidelity (MAX_ERROR);Tolerancja_0.01;260;4903;6.8904059765634825e-06;0.002624958280918667;0.009773112517163174;0.04378042980615033
Fidelity (MAX_ERROR);Tolerancja_0.1;260;4190;0.0005521646237874128;0.02349818341462618;0.09955198680814359;0.3919150171011663
Fidelity (MAX_ERROR);Tolerancja_1.0;260;2442;0.007475848234843883;0.0864629876585576;0.9988190021031897;1.4420750186897207
Fidelity (MAX_ERROR);Tolerancja_0.01;261;4881;6.051927967101285e-06;0.002460066659076799;0.009811779693082556;0.04247501505066958
Fidelity (MAX_ERROR);Tolerancja_0.1;261;4182;0.0003693966416887352;0.01921969411017603;0.09990945239338211;0.3318433643197906
Fidelity (MAX_ERROR);Tolerancja_1.0;261;2469;0.004876215218754461;0.06982990203884337;0.9986625067848935;1.2056690127249354
Fidelity (MAX_ERROR);Tolerancja_0.01;262;4888;6.103485855939558e-06;0.002470523397164973;0.009698451659755136;0.03354451782491219
Fidelity (MAX_ERROR);Tolerancja_0.1;262;4195;0.00040829811230296453;0.020206387908356223;0.09968647729550639;0.27436029958136177
Fidelity (MAX_ERROR);Tolerancja_1.0;262;2429;0.005543286240130832;0.07445324868755447;0.9987710309982685;1.0109187108238982
Fidelity (MAX_ERROR);Tolerancja_0.01;263;4903;7.4664991850960064e-06;0.0027324895580945973;0.0097830292406762;0.039256687371603746
Fidelity (MAX_ERROR);Tolerancja_0.1;263;4268;0.0005293341241671604;0.0230072624222692;0.0994871667550612;0.3305370026069834
Fidelity (MAX_ERROR);Tolerancja_1.0;263;2547;0.007440314160942232;0.08625725570027272;0.9996653717801411;1.2392267375833332
Fidelity (MAX_ERROR);Tolerancja_0.01;264;4863;6.019075280566422e-06;0.002453380378287562;0.009960830481542615;0.03449185604192131
Fidelity (MAX_ERROR);Tolerancja_0.1;264;4207;0.0002695674486445623;0.016418509330769413;0.09978603036064371;0.23082635912133453
Fidelity (MAX_ERROR);Tolerancja_1.0;264;2463;0.003936005080717711;0.06273758905726065;0.9992687564848985;0.8820221720737247
Fidelity (MAX_ERROR);Tolerancja_0.01;265;4914;7.302974454652846e-06;0.002702401608690471;0.009683447629751818;0.04346129535722066
Fidelity (MAX_ERROR);Tolerancja_0.1;265;4218;0.0006561791480472912;0.025615993989054793;0.09927054774643929;0.41196847909167134
Fidelity (MAX_ERROR);Tolerancja_1.0;265;2555;0.008341672600604;0.09133275754407068;0.9977233753732602;1.4688564196554743
Fidelity (MAX_ERROR);Tolerancja_0.01;266;4894;6.759621739180873e-06;0.0025999272565171653;0.009736643831968372;0.04669063858376315
Fidelity (MAX_ERROR);Tolerancja_0.1;266;4118;0.0004213732858447137;0.020527378932652694;0.09998006982150454;0.3686397103664939
Fidelity (MAX_ERROR);Tolerancja_1.0;266;2352;0.005098386410113395;0.07140298600278139;0.9990297241054948;1.2822862658562826
Fidelity (MAX_ERROR);Tolerancja_0.01;267;4931;6.691495640266677e-06;0.0025867925390851655;0.009828262942716215;0.04260507106312719
Fidelity (MAX_ERROR);Tolerancja_0.1;267;4381;0.0006118557447875346;0.024735717996200043;0.09908683682782371;0.40740299312842576
Fidelity (MAX_ERROR);Tolerancja_1.0;267;2667;0.010725247752389101;0.10356277203893831;0.9979636101007463;1.705702794308292
Fidelity (MAX_ERROR);Tolerancja_0.01;268;4904;8.27734284443169e-06;0.0028770371642423548;0.009724620630615632;0.05460419395053236
Fidelity (MAX_ERROR);Tolerancja_0.1;268;4210;0.0005594638576081385;0.023652988344142447;0.09981161244201475;0.44891751107892125
Fidelity (MAX_ERROR);Tolerancja_1.0;268;2423;0.0072474447301644875;0.08513192544612443;0.9978922264258918;1.615745610177615
Fidelity (MAX_ERROR);Tolerancja_0.01;269;4904;5.264993578751058e-06;0.0022945573818824094;0.009726053392783207;0.041693104578597706
Fidelity (MAX_ERROR);Tolerancja_0.1;269;4146;0.0004353249572702737;0.020864442414554808;0.09989937633596035;0.37911598395090546
Fidelity (MAX_ERROR);Tolerancja_1.0;269;2245;0.006240516997963741;0.07899694296593851;0.9981732687784461;1.4354087766444807
Fidelity (MAX_ERROR);Tolerancja_0.01;270;4869;7.4118873527578395e-06;0.0027224781638716298;0.009980848400982012;0.04437931078566181
Fidelity (MAX_ERROR);Tolerancja_0.1;270;4202;0.000361350606491932;0.019009224247505;0.09942145630711119;0.3098707206799624
Fidelity (MAX_ERROR);Tolerancja_1.0;270;2238;0.006010165144741497;0.07752525488343458;0.9994010464444969;1.263744710927943
Fidelity (MAX_ERROR);Tolerancja_0.01;271;4895;7.0260286728831055e-06;0.0026506657037210684;0.009922150034173516;0.04404807868345086
Fidelity (MAX_ERROR);Tolerancja_0.1;271;4185;0.0005431178846507448;0.023304889715481274;0.09978781909797174;0.3872746436699236
Fidelity (MAX_ERROR);Tolerancja_1.0;271;2676;0.005706464814759993;0.07554114650149277;0.9995983793499637;1.2553232798329486
Fidelity (MAX_ERROR);Tolerancja_0.01;272;4858;8.871968199395887e-06;0.0029785849323791134;0.00973339516144045;0.053161808659328486
Fidelity (MAX_ERROR);Tolerancja_0.1;272;4353;0.0002277261483940444;0.015090598013135344;0.09988759514972578;0.2693371189145042
Fidelity (MAX_ERROR);Tolerancja_1.0;272;2542;0.004022468194636581;0.06342293114195038;0.999771045404529;1.1319730027939945
Fidelity (MAX_ERROR);Tolerancja_0.01;273;4888;7.940040751056154e-06;0.0028178077917161335;0.009710302155351513;0.04707523687745694
Fidelity (MAX_ERROR);Tolerancja_0.1;273;4326;0.00034161459597451964;0.018482818940154112;0.09925991071013307;0.3087801383503857
Fidelity (MAX_ERROR);Tolerancja_1.0;273;2455;0.006491620777710335;0.08057059499414371;0.999156395576497;1.3460392351307178
Fidelity (MAX_ERROR);Tolerancja_0.01;274;4933;6.2930259426322025e-06;0.002508590429430879;0.009980149372328162;0.046188441859819816
Fidelity (MAX_ERROR);Tolerancja_0.1;274;4359;0.00039860170859158444;0.01996501211098016;0.09982025618771884;0.36759799060854
Fidelity (MAX_ERROR);Tolerancja_1.0;274;2489;0.007726541878007156;0.08790075015611161;0.9985234887046861;1.6184382434007754
Fidelity (MAX_ERROR);Tolerancja_0.01;275;4881;6.607747999925057e-06;0.002570554025871671;0.009807843745416989;0.03989373771155373
Fidelity (MAX_ERROR);Tolerancja_0.1;275;4191;0.0003989991104954443;0.019974962089962633;0.09987981121094158;0.3100016145916166
Fidelity (MAX_ERROR);Tolerancja_1.0;275;2347;0.005985493553062784;0.07736597154474817;0.9987280334906821;1.2006819329771188
Fidelity (MAX_ERROR);Tolerancja_0.01;276;4941;4.9414505720690475e-06;0.0022229373747519403;0.009910349644314032;0.03882926023270349
Fidelity (MAX_ERROR);Tolerancja_0.1;276;4316;0.0006881356643078777;0.026232340046360287;0.099178093214352;0.45821459917941115
Fidelity (MAX_ERROR);Tolerancja_1.0;276;2757;0.008900999147322196;0.09434510664216876;0.9988581862924502;1.6479774640073837
Fidelity (MAX_ERROR);Tolerancja_0.01;277;4911;7.298868763969768e-06;0.002701641864490882;0.00985613713086142;0.04524275367938253
Fidelity (MAX_ERROR);Tolerancja_0.1;277;4236;0.0006220861796313022;0.0249416555110382;0.09979619641559867;0.41768274006760886
Fidelity (MAX_ERROR);Tolerancja_1.0;277;2417;0.009194522665070705;0.09588807363312032;0.9983096907077433;1.60577926822706
Fidelity (MAX_ERROR);Tolerancja_0.01;278;4919;7.152566525661977e-06;0.002674428261453647;0.00970548118167791;0.04662656958574751
Fidelity (MAX_ERROR);Tolerancja_0.1;278;4280;0.0005972142164118666;0.02443796669962267;0.09871353998752141;0.42605687775479933
Fidelity (MAX_ERROR);Tolerancja_1.0;278;2580;0.008323857055148891;0.09123517444028312;0.9995384516666661;1.5906140654509398
Fidelity (MAX_ERROR);Tolerancja_0.01;279;4889;6.472961761880079e-06;0.0025442015961554777;0.009863214841943968;0.03858467651958227
Fidelity (MAX_ERROR);Tolerancja_0.1;279;4228;0.00035251456037256514;0.018775371111447177;0.09988020370462491;0.2847422240301229
Fidelity (MAX_ERROR);Tolerancja_1.0;279;2257;0.005562738073132776;0.07458376547971265;0.9995743068242504;1.1311173096486165
Fidelity (MAX_ERROR);Tolerancja_0.01;280;4898;7.910297684914876e-06;0.002812525143872473;0.009688255258802236;0.04502656385929075
Fidelity (MAX_ERROR);Tolerancja_0.1;280;4139;0.0004814411371955985;0.02194176695700687;0.09945240595649185;0.35127236932540007
Fidelity (MAX_ERROR);Tolerancja_1.0;280;1994;0.007743883035458244;0.0879993354262306;0.9988627656875009;1.4088079193804994
Fidelity (MAX_ERROR);Tolerancja_0.01;281;4904;7.454399018879844e-06;0.0027302745317787816;0.009740239991367972;0.0441352894209925
Fidelity (MAX_ERROR);Tolerancja_0.1;281;4304;0.0004149833586649814;0.020371140337864777;0.09971220382912271;0.32930248009219776
Fidelity (MAX_ERROR);Tolerancja_1.0;281;2547;0.007063311924496549;0.08404351209044365;0.9986551376764261;1.358575735478074
Fidelity (MAX_ERROR);Tolerancja_0.01;282;4870;7.143336314329844e-06;0.00267270206239488;0.009706044243634082;0.04827276060222133
Fidelity (MAX_ERROR);Tolerancja_0.1;282;4185;0.00036771646386634673;0.019175934497863378;0.0997783396285179;0.34634436376712446
Fidelity (MAX_ERROR);Tolerancja_1.0;282;2533;0.0039641458671555024;0.06296146334985793;0.9988565103300129;1.1371726352206397
Fidelity (MAX_ERROR);Tolerancja_0.01;283;4853;9.061239806341075e-06;0.0030101893306470067;0.00998297449651453;0.04976205280318157
Fidelity (MAX_ERROR);Tolerancja_0.1;283;4157;0.00029708400799981243;0.017236125086567817;0.09916645085401687;0.28493389367494565
Fidelity (MAX_ERROR);Tolerancja_1.0;283;2392;0.00350810896570735;0.05922929145032338;0.9997574076425559;0.9791314780896248
Fidelity (MAX_ERROR);Tolerancja_0.01;284;4841;7.083403246962039e-06;0.0026614663715632475;0.00998736133798861;0.04422918559854114
Fidelity (MAX_ERROR);Tolerancja_0.1;284;4167;0.0001687694850486802;0.012991131014991737;0.09954073288146237;0.2158911910126981
Fidelity (MAX_ERROR);Tolerancja_1.0;284;2202;0.0025137892003291697;0.05013770238382658;0.9990675727274194;0.8332059979838021
Fidelity (MAX_ERROR);Tolerancja_0.01;285;4906;7.16316034634418e-06;0.002676408105342715;0.009874089556336507;0.04972282248407514
Fidelity (MAX_ERROR);Tolerancja_0.1;285;4148;0.0006361735105786737;0.025222480262231818;0.0990709670839296;0.46858807002695496
Fidelity (MAX_ERROR);Tolerancja_1.0;285;2421;0.007283807448507127;0.08534522510666386;0.9986272915510863;1.58555994109078
Fidelity (MAX_ERROR);Tolerancja_0.01;286;4852;7.763542087577751e-06;0.0027863133505723566;0.00972224954084755;0.03951562487873115
Fidelity (MAX_ERROR);Tolerancja_0.1;286;4152;0.00027867164190594667;0.016693461052338626;0.09991308593990844;0.23674743715972135
Fidelity (MAX_ERROR);Tolerancja_1.0;286;2376;0.003213905660666253;0.05669131909442797;0.9986529442711021;0.8039989108747191
Fidelity (MAX_ERROR);Tolerancja_0.01;287;4879;6.334605791494919e-06;0.0025168642775276777;0.009877947949663124;0.040687980410198776
Fidelity (MAX_ERROR);Tolerancja_0.1;287;4043;0.000475982451092062;0.021817022049126274;0.099826409263162;0.3526970340314518
Fidelity (MAX_ERROR);Tolerancja_1.0;287;2122;0.005931425306946123;0.07701574713619366;0.999415581535751;1.2450473546521263
Fidelity (MAX_ERROR);Tolerancja_0.01;288;4907;6.839875204261278e-06;0.0026153155075939265;0.00977962626779405;0.05087819736656479
Fidelity (MAX_ERROR);Tolerancja_0.1;288;4367;0.0002753598285905164;0.016593969645341537;0.09944714762160656;0.3228181304546296
Fidelity (MAX_ERROR);Tolerancja_1.0;288;2653;0.004691356066846655;0.06849347462968026;0.9998299937858199;1.3324681134692948
Fidelity (MAX_ERROR);Tolerancja_0.01;289;4923;5.081598929754392e-06;0.0022542402111918754;0.00968456537661666;0.038684088624525124
Fidelity (MAX_ERROR);Tolerancja_0.1;289;4298;0.0005567967546936002;0.02359654115953438;0.09876707782474137;0.404930532653863
Fidelity (MAX_ERROR);Tolerancja_1.0;289;2717;0.006963601928277732;0.08344819907150622;0.9986660706814625;1.4320202045958412
Fidelity (MAX_ERROR);Tolerancja_0.01;290;4903;6.8142227194239305e-06;0.0026104066195564114;0.009953657296492224;0.04329105756450256
Fidelity (MAX_ERROR);Tolerancja_0.1;290;4268;0.0004111200294527609;0.020276095024751705;0.09923109976520017;0.33625933612174597
Fidelity (MAX_ERROR);Tolerancja_1.0;290;2547;0.005779857548294303;0.07602537437128674;0.9979608149750732;1.260806969156978
Fidelity (MAX_ERROR);Tolerancja_0.01;291;4859;7.745184704271329e-06;0.0027830171943901694;0.009957654259238335;0.04994676318763888
Fidelity (MAX_ERROR);Tolerancja_0.1;291;4203;0.0003263226755275965;0.018064403547518433;0.09998436490428553;0.32420154928706973
Fidelity (MAX_ERROR);Tolerancja_1.0;291;2467;0.004148559657368807;0.06440931343655829;0.9990485899879484;1.1559528743763727
Fidelity (MAX_ERROR);Tolerancja_0.01;292;4878;8.104509575079719e-06;0.0028468420354982324;0.009993280944506466;0.04140349691773866
Fidelity (MAX_ERROR);Tolerancja_0.1;292;4307;0.00026053083210496097;0.01614096750832988;0.09989335602372051;0.23474871107960746
Fidelity (MAX_ERROR);Tolerancja_1.0;292;2554;0.004098537695273737;0.06401982267449463;0.9987655367280439;0.9310824056009553
Fidelity (MAX_ERROR);Tolerancja_0.01;293;4893;9.055733898861574e-06;0.0030092746466319044;0.009945155080588464;0.05265824700250495
Fidelity (MAX_ERROR);Tolerancja_0.1;293;4180;0.0006199242328986314;0.024898277709484874;0.09912055919251905;0.43568627377712116
Fidelity (MAX_ERROR);Tolerancja_1.0;293;2316;0.008526377482030363;0.09233838574520546;0.9978217535691067;1.615797192132586
Fidelity (MAX_ERROR);Tolerancja_0.01;294;4924;6.343530314787419e-06;0.0025186365983975176;0.00995584995237131;0.042676509954012926
Fidelity (MAX_ERROR);Tolerancja_0.1;294;4272;0.0005324233016093039;0.023074299590871743;0.09948794907567837;0.39097763321562506
Fidelity (MAX_ERROR);Tolerancja_1.0;294;2731;0.0064606145246983715;0.0803779480000477;0.9996039808573922;1.3619472932655967
Fidelity (MAX_ERROR);Tolerancja_0.01;295;4915;7.729282217040907e-06;0.0027801586676017083;0.009994220928789765;0.04793568176341076
Fidelity (MAX_ERROR);Tolerancja_0.1;295;4299;0.0005153594405147531;0.022701529475230367;0.09971109043403192;0.39142129014027627
Fidelity (MAX_ERROR);Tolerancja_1.0;295;2658;0.007069990359333704;0.08408323471021857;0.9979438681251225;1.4497687587680668
Fidelity (MAX_ERROR);Tolerancja_0.01;296;4889;6.7660637950887085e-06;0.0026011658530529554;0.009897526056207084;0.04084040097967071
Fidelity (MAX_ERROR);Tolerancja_0.1;296;4166;0.0004714347316404819;0.021712547792474328;0.09931435931529364;0.3409045052218218
Fidelity (MAX_ERROR);Tolerancja_1.0;296;2149;0.007551608509720995;0.08689999142532176;0.999866567378616;1.3643999250469303
Fidelity (MAX_ERROR);Tolerancja_0.01;297;4897;8.282521179276773e-06;0.0028779369658275653;0.009990291218872072;0.045474566256354966
Fidelity (MAX_ERROR);Tolerancja_0.1;297;4242;0.000432702159956817;0.02080149417606382;0.09991251554885672;0.32868646407916946
Fidelity (MAX_ERROR);Tolerancja_1.0;297;2785;0.0043495330459852235;0.0659509897271089;0.9992225886529926;1.0420981027828715
Fidelity (MAX_ERROR);Tolerancja_0.01;298;4887;6.229126812485181e-06;0.0024958218711448902;0.009946306990967546;0.04112963982176446
Fidelity (MAX_ERROR);Tolerancja_0.1;298;4272;0.0002871152832736056;0.016944476482724558;0.09999144195156906;0.2792347574000248
Fidelity (MAX_ERROR);Tolerancja_1.0;298;2822;0.0030915607651900018;0.05560180541304394;0.9983224477627655;0.9162842334694684
Fidelity (MAX_ERROR);Tolerancja_0.01;299;4912;6.730829511721953e-06;0.002594384225923746;0.009919954611367743;0.03825756955132592
Fidelity (MAX_ERROR);Tolerancja_0.1;299;4279;0.0004244647688507506;0.0206025427763359;0.09981685088229852;0.30381128798267876
Fidelity (MAX_ERROR);Tolerancja_1.0;299;2588;0.005920946909550354;0.0769476894360731;0.9997726689429243;1.1346937554579928
Fidelity (MAX_ERROR);Tolerancja_0.01;300;4924;7.309217212407425e-06;0.0027035564008186376;0.009921280267175092;0.04473631207453346
Fidelity (MAX_ERROR);Tolerancja_0.1;300;4304;0.0005974628232401056;0.02444305265796614;0.09886447115230079;0.4044642943013574
Fidelity (MAX_ERROR);Tolerancja_1.0;300;2463;0.009784222985513354;0.09891523131203482;0.9977298221985675;1.6367709789815856
Fidelity (MAX_ERROR);Tolerancja_0.01;301;4907;7.98387524523112e-06;0.0028255752060830234;0.009716048943167355;0.04990702295519885
Fidelity (MAX_ERROR);Tolerancja_0.1;301;4229;0.0005561910257342163;0.023583702545067354;0.09997348396080774;0.41654965748261685
Fidelity (MAX_ERROR);Tolerancja_1.0;301;2471;0.008485416838781267;0.0921163223255318;0.9996386172225502;1.627014351963326
Fidelity (MAX_ERROR);Tolerancja_0.01;302;4905;7.814543749016943e-06;0.0027954505449063025;0.009953710064039889;0.04120971832078249
Fidelity (MAX_ERROR);Tolerancja_0.1;302;4177;0.0006860318134490383;0.026192209021940825;0.09995735361465297;0.38611792219326047
Fidelity (MAX_ERROR);Tolerancja_1.0;302;2432;0.008884689077960852;0.09425862866581952;0.9989663846895471;1.3895332699408753
Fidelity (MAX_ERROR);Tolerancja_0.01;303;4920;5.462389547917022e-06;0.0023371755492296725;0.009706048336003192;0.03681555728590183
Fidelity (MAX_ERROR);Tolerancja_0.1;303;4196;0.0005231411535522796;0.02287227915080348;0.09954070807129956;0.36028774287540494
Fidelity (MAX_ERROR);Tolerancja_1.0;303;2317;0.008004075021284937;0.08946549626132376;0.9987532172374158;1.4092745852171882
Fidelity (MAX_ERROR);Tolerancja_0.01;304;4891;6.352988129665865e-06;0.0025205134654799734;0.009650624497716809;0.0498840110704355
Fidelity (MAX_ERROR);Tolerancja_0.1;304;4185;0.0004054174548091768;0.020134980874318625;0.09914672022049942;0.3984956329706614
Fidelity (MAX_ERROR);Tolerancja_1.0;304;2161;0.006549717483044701;0.08093032486679329;0.9987262277821398;1.6017090473350357
Fidelity (MAX_ERROR);Tolerancja_0.01;305;4919;7.141213274673202e-06;0.002672304861851133;0.009795036765484433;0.04396615976608995
Fidelity (MAX_ERROR);Tolerancja_0.1;305;4382;0.00039639397324521487;0.019909645231525722;0.09965483138185505;0.3275639151923207
Fidelity (MAX_ERROR);Tolerancja_1.0;305;2464;0.009108939213644092;0.09544076285133146;0.9982912277141907;1.5702414375029112
Fidelity (MAX_ERROR);Tolerancja_0.01;306;4901;7.87477578693461e-06;0.0028062030908212274;0.009935262518937726;0.05082509654251938
Fidelity (MAX_ERROR);Tolerancja_0.1;306;4253;0.0005798102798914613;0.02407924998606604;0.0992716369222022;0.4361160491969647
Fidelity (MAX_ERROR);Tolerancja_1.0;306;2404;0.009644246411712553;0.09820512416219712;0.9983585713929308;1.7786613281268553
Fidelity (MAX_ERROR);Tolerancja_0.01;307;4856;5.884418623921879e-06;0.002425782064391168;0.009882145564795053;0.04480845219124289
Fidelity (MAX_ERROR);Tolerancja_0.1;307;4193;0.0002309318950503267;0.015196443500053777;0.09957061025489367;0.2807049825475503
Fidelity (MAX_ERROR);Tolerancja_1.0;307;2163;0.003868749892848291;0.062199275661765474;0.9992701868067142;1.148929786699392
Fidelity (MAX_ERROR);Tolerancja_0.01;308;4858;6.497940954631054e-06;0.0025491059127919842;0.009862362910860067;0.0649350011920061
Fidelity (MAX_ERROR);Tolerancja_0.1;308;4225;0.00017932920491285146;0.013391385473984814;0.09963473278374191;0.341127305598454
Fidelity (MAX_ERROR);Tolerancja_1.0;308;2466;0.0023382054383344125;0.04835499393376461;0.9994026767488058;1.2317776099343591
Fidelity (MAX_ERROR);Tolerancja_0.01;309;4887;7.96203466392719e-06;0.002821707756647947;0.009910699890387065;0.04350794276638838
Fidelity (MAX_ERROR);Tolerancja_0.1;309;4105;0.0004865905656673199;0.022058797919816936;0.09935200935736654;0.34012484642663304
Fidelity (MAX_ERROR);Tolerancja_1.0;309;2281;0.005934201568178632;0.07703376901189914;0.9990899822140427;1.1877845270661223
Fidelity (MAX_ERROR);Tolerancja_0.01;310;4883;6.97574342599471e-06;0.0026411632713625845;0.009915323578653101;0.04192945033580674
Fidelity (MAX_ERROR);Tolerancja_0.1;310;4292;0.0003272297027429829;0.018089491500398316;0.09988422274768682;0.2871774129566196
Fidelity (MAX_ERROR);Tolerancja_1.0;310;2688;0.004299276507559578;0.06556886843281329;0.9989589688502036;1.0409302000895746
Fidelity (MAX_ERROR);Tolerancja_0.01;311;4904;6.766287902218011e-06;0.0026012089309046305;0.009993425182522664;0.04422178324540899
Fidelity (MAX_ERROR);Tolerancja_0.1;311;4230;0.0005303869767993212;0.023030131931869632;0.09975133447514306;0.39152314537461136
Fidelity (MAX_ERROR);Tolerancja_1.0;311;2384;0.007794202268669147;0.08828477937147007;0.9994657334098056;1.5008830435916427
Fidelity (MAX_ERROR);Tolerancja_0.01;312;4872;7.220931641779993e-06;0.0026871791235010727;0.009956751270115749;0.051453658280233135
Fidelity (MAX_ERROR);Tolerancja_0.1;312;4176;0.00030354116701157156;0.0174224328671851;0.09959103594540553;0.33360184266037324
Fidelity (MAX_ERROR);Tolerancja_1.0;312;2348;0.00400331658375269;0.06327176766736244;0.9995087872908184;1.2115172687487838
Fidelity (MAX_ERROR);Tolerancja_0.01;313;4922;6.524321666162268e-06;0.002554275174322897;0.009808315216989882;0.03947662646534225
Fidelity (MAX_ERROR);Tolerancja_0.1;313;4247;0.0005274635377165522;0.02296657435745593;0.09991390465569094;0.3549511369064352
Fidelity (MAX_ERROR);Tolerancja_1.0;313;2624;0.006418965878957185;0.08011844905486616;0.9980697760166757;1.2382401544343866
Fidelity (MAX_ERROR);Tolerancja_0.01;314;4888;7.49816458751763e-06;0.002738277668082189;0.009698766543708714;0.04309576628799404
Fidelity (MAX_ERROR);Tolerancja_0.1;314;4057;0.0004885313579150491;0.022102745483650873;0.09992536676623942;0.34785908119886244
Fidelity (MAX_ERROR);Tolerancja_1.0;314;2390;0.004984820612348075;0.07060326205174995;0.99931246734947;1.1111735365695166
Fidelity (MAX_ERROR);Tolerancja_0.01;315;4892;7.83021650302668e-06;0.002798252401594016;0.009981810720549156;0.046737703358923494
Fidelity (MAX_ERROR);Tolerancja_0.1;315;4108;0.0004610539666008228;0.02147216725439756;0.09952111637660366;0.3586380496046564
Fidelity (MAX_ERROR);Tolerancja_1.0;315;2485;0.004816253112157281;0.06939922991040522;0.9982726503237251;1.1591379744881356
Fidelity (MAX_ERROR);Tolerancja_0.01;316;4932;7.286709433586194e-06;0.0026993905670699442;0.009976063048659611;0.04481737528509915
Fidelity (MAX_ERROR);Tolerancja_0.1;316;4254;0.0007921030996595549;0.02814432624277147;0.09923980386100162;0.4672739272174654
Fidelity (MAX_ERROR);Tolerancja_1.0;316;2508;0.011290168338303264;0.10625520381752257;0.9983100857125438;1.764131283400613
Fidelity (MAX_ERROR);Tolerancja_0.01;317;4908;6.815966722439809e-06;0.0026107406463377033;0.009694782864636764;0.049556306374982366
Fidelity (MAX_ERROR);Tolerancja_0.1;317;4278;0.00040997212562514173;0.020247768410991414;0.09988478204502726;0.38433714823122583
Fidelity (MAX_ERROR);Tolerancja_1.0;317;2517;0.006273482729282664;0.0792053200819406;0.9991682537081052;1.5034519472530827
Fidelity (MAX_ERROR);Tolerancja_0.01;318;4927;5.429228432366835e-06;0.002330070477982766;0.009802487862692555;0.038574889865729156
Fidelity (MAX_ERROR);Tolerancja_0.1;318;4301;0.0005563428835255013;0.023586921874748753;0.09976030077815157;0.3904872930614937
Fidelity (MAX_ERROR);Tolerancja_1.0;318;2471;0.008354987499692006;0.09140562072264487;0.9978055950352647;1.5132425331345347
Fidelity (MAX_ERROR);Tolerancja_0.01;319;4904;7.234163396958276e-06;0.0026896400125218014;0.009767590206256838;0.04189399299630745
Fidelity (MAX_ERROR);Tolerancja_0.1;319;4270;0.00040699343959916954;0.02017407840767874;0.09982360571346938;0.31423264659340716
Fidelity (MAX_ERROR);Tolerancja_1.0;319;2747;0.0048902056543456566;0.06993000539357663;0.999345331071051;1.0892339281655057
Fidelity (MAX_ERROR);Tolerancja_0.01;320;4917;6.781284690657338e-06;0.002604089992810797;0.009972525987067549;0.04905797149798377
Fidelity (MAX_ERROR);Tolerancja_0.1;320;4381;0.00038609356150264327;0.019649263637669563;0.09913363544441722;0.3701688567424249
Fidelity (MAX_ERROR);Tolerancja_1.0;320;2470;0.007773655190550787;0.08816833439818848;0.9983770774262366;1.6609870042403316
Fidelity (MAX_ERROR);Tolerancja_0.01;321;4876;8.507584720886105e-06;0.0029167764262771506;0.00995178513279349;0.04861925328274849
Fidelity (MAX_ERROR);Tolerancja_0.1;321;4190;0.0003628256252097935;0.019047982182105103;0.09925199852388733;0.3175075956778358
Fidelity (MAX_ERROR);Tolerancja_1.0;321;2365;0.004980495308770758;0.0705726243579673;0.9997765664323905;1.1763631478836725
Fidelity (MAX_ERROR);Tolerancja_0.01;322;4921;7.405196508182792e-06;0.0027212490713241946;0.009846479417755738;0.042699898198273314
Fidelity (MAX_ERROR);Tolerancja_0.1;322;4318;0.0005738123358158508;0.02395438030540241;0.09907324017031516;0.37587503886429413
Fidelity (MAX_ERROR);Tolerancja_1.0;322;2671;0.008772111415766786;0.09365955058490717;0.9985131716775815;1.4696388204279582
Fidelity (MAX_ERROR);Tolerancja_0.01;323;4887;7.1361941081109365e-06;0.0026713655886289574;0.009998209537945613;0.05214697445232564
Fidelity (MAX_ERROR);Tolerancja_0.1;323;4218;0.00044599258674751834;0.02111853656737413;0.09987193289304841;0.4122489978672573
Fidelity (MAX_ERROR);Tolerancja_1.0;323;2374;0.0065815694374483005;0.08112687247421967;0.9994163118944921;1.5836548034900275
Fidelity (MAX_ERROR);Tolerancja_0.01;324;4932;6.842509522730822e-06;0.002615819092125987;0.00989064463535172;0.042663574515604055
Fidelity (MAX_ERROR);Tolerancja_0.1;324;4354;0.0006094989435486775;0.02468803239524522;0.09929277511120027;0.40265770400893686
Fidelity (MAX_ERROR);Tolerancja_1.0;324;2418;0.012180147387761884;0.11036370502915296;0.9999782670543955;1.800013681184125
Fidelity (MAX_ERROR);Tolerancja_0.01;325;4910;8.700649805241175e-06;0.0029496863909984016;0.009993264585121509;0.04892197191108473
Fidelity (MAX_ERROR);Tolerancja_0.1;325;4268;0.0007071640999107606;0.02659255722774251;0.09937337475027164;0.44105039156355436
Fidelity (MAX_ERROR);Tolerancja_1.0;325;2628;0.009707961942173684;0.09852899036412423;0.9971322211496663;1.634150841842439
Fidelity (MAX_ERROR);Tolerancja_0.01;326;4903;5.0441170145858374e-06;0.0022459111769136905;0.009790110204431102;0.03493747717539389
Fidelity (MAX_ERROR);Tolerancja_0.1;326;4323;0.000282580808038101;0.016810140036243034;0.09950326242513974;0.2614991589464742
Fidelity (MAX_ERROR);Tolerancja_1.0;326;2738;0.003814136122669511;0.061758692689122804;0.9998752479143711;0.9607205032807551
Fidelity (MAX_ERROR);Tolerancja_0.01;327;4921;6.239825819669789e-06;0.0024979643351476797;0.009930486535959737;0.036702579866884445
Fidelity (MAX_ERROR);Tolerancja_0.1;327;4347;0.0004438946153292032;0.0210688066897298;0.09955895303081341;0.3095638914252317
Fidelity (MAX_ERROR);Tolerancja_1.0;327;2658;0.007611160396912871;0.08724196465527854;0.9983917451237048;1.281845833605534
Fidelity (MAX_ERROR);Tolerancja_0.01;328;4882;7.371196577256423e-06;0.0027149947656038716;0.009753877812658018;0.0489882298425647
Fidelity (MAX_ERROR);Tolerancja_0.1;328;4190;0.0003080973150289031;0.017552701075017003;0.09981254413493268;0.3167135957367163
Fidelity (MAX_ERROR);Tolerancja_1.0;328;2324;0.004267971596953876;0.06532971450231415;0.9999935008761898;1.1787820404422273
Fidelity (MAX_ERROR);Tolerancja_0.01;329;4898;7.13411747291753e-06;0.0026709768761480376;0.009916443116567919;0.04219352938835916
Fidelity (MAX_ERROR);Tolerancja_0.1;329;4272;0.0004662406364197607;0.02159260605901383;0.09911027068924616;0.3410992683830956
Fidelity (MAX_ERROR);Tolerancja_1.0;329;2476;0.007674898458098346;0.08760649780751623;0.9992576383075491;1.3839233775709352
Fidelity (MAX_ERROR);Tolerancja_0.01;330;4894;5.660952355250279e-06;0.0023792755946401584;0.00980265122454238;0.03786306966693969
Fidelity (MAX_ERROR);Tolerancja_0.1;330;4111;0.00037958734494704133;0.019483001435791184;0.09992063700552833;0.31004657146328407
Fidelity (MAX_ERROR);Tolerancja_1.0;330;2270;0.005000668076662214;0.07071540197624711;0.998524179254284;1.1253434438549075
Fidelity (MAX_ERROR);Tolerancja_0.01;331;4914;6.602044628877218e-06;0.002569444420274005;0.009956041208201594;0.04338783515495309
Fidelity (MAX_ERROR);Tolerancja_0.1;331;4220;0.000529975373732886;0.023021194011885786;0.09946334924991529;0.3887376442069051
Fidelity (MAX_ERROR);Tolerancja_1.0;331;2631;0.006178203924201951;0.07860155166535805;0.9999168816278825;1.3272718178571867
Fidelity (MAX_ERROR);Tolerancja_0.01;332;4872;7.584120577189976e-06;0.0027539282084306366;0.009964661572670508;0.043511672549049314
Fidelity (MAX_ERROR);Tolerancja_0.1;332;4145;0.0003281499189833908;0.018114908748966714;0.09913755013509418;0.28621297219295355
Fidelity (MAX_ERROR);Tolerancja_1.0;332;2227;0.0045696024957860215;0.06759883501796478;0.9991476828712011;1.0680519430370528
Fidelity (MAX_ERROR);Tolerancja_0.01;333;4904;7.005415807452349e-06;0.0026467746045805165;0.009968867546351845;0.04545471993113458
Fidelity (MAX_ERROR);Tolerancja_0.1;333;4222;0.00044363382146290196;0.021062616681288723;0.09912072303981923;0.3617215234753842
Fidelity (MAX_ERROR);Tolerancja_1.0;333;2365;0.006590347595639986;0.08118095586798658;0.9990136499655922;1.3941714592300762
Fidelity (MAX_ERROR);Tolerancja_0.01;334;4901;6.863664484677415e-06;0.002619859630720206;0.009944334069416527;0.039610517375546626
Fidelity (MAX_ERROR);Tolerancja_0.1;334;4259;0.0002884149902948751;0.016982785115960075;0.09974476790692033;0.256768300497071
Fidelity (MAX_ERROR);Tolerancja_1.0;334;2509;0.004345809240640586;0.06592275207119759;0.9992946674239098;0.9967077188949203
Fidelity (MAX_ERROR);Tolerancja_0.01;335;4870;7.521114279020258e-06;0.0027424650005096252;0.009871556471695797;0.03732077309238671
Fidelity (MAX_ERROR);Tolerancja_0.1;335;4071;0.0003942519024237878;0.01985577755777365;0.0992966050647941;0.27020690097006544
Fidelity (MAX_ERROR);Tolerancja_1.0;335;2088;0.0055127425692327505;0.07424784555280207;0.9996846709175724;1.0104001312540996
Fidelity (MAX_ERROR);Tolerancja_0.01;336;4909;7.154504143145274e-06;0.0026747904858409515;0.009977076761816583;0.044306489618348766
Fidelity (MAX_ERROR);Tolerancja_0.1;336;4276;0.0004423235706357075;0.02103148997659718;0.09978040043396419;0.34837550725530636
Fidelity (MAX_ERROR);Tolerancja_1.0;336;2636;0.005720024222865098;0.07563084174372978;0.9992531291806985;1.2527848899881255
Fidelity (MAX_ERROR);Tolerancja_0.01;337;4845;6.02736767048338e-06;0.0024550697893305153;0.009900490295513098;0.03399300728090181
Fidelity (MAX_ERROR);Tolerancja_0.1;337;3917;0.0003451156845918083;0.018577289484524064;0.09980473313684612;0.25722198996186313
Fidelity (MAX_ERROR);Tolerancja_1.0;337;1904;0.004154830340772169;0.06445797344605374;0.9990522867594742;0.8924880140622756
Fidelity (MAX_ERROR);Tolerancja_0.01;338;4888;7.774095525338032e-06;0.0027882065069391886;0.00988403248833869;0.04117227306140898
Fidelity (MAX_ERROR);Tolerancja_0.1;338;4221;0.00034325004904239544;0.018527008637186832;0.09972664216867955;0.27358054603305454
Fidelity (MAX_ERROR);Tolerancja_1.0;338;2158;0.006447413416407474;0.08029578704021448;0.9992756735939547;1.1856941232554687
Fidelity (MAX_ERROR);Tolerancja_0.01;339;4900;7.786390946376195e-06;0.002790410533662779;0.009974562644586626;0.05167990193002713
Fidelity (MAX_ERROR);Tolerancja_0.1;339;4303;0.00042730816432412597;0.020671433533360137;0.09992071672630942;0.38284605253222204
Fidelity (MAX_ERROR);Tolerancja_1.0;339;2593;0.006231877626897485;0.07894224234779175;0.999591654125572;1.462052731472145
Fidelity (MAX_ERROR);Tolerancja_0.01;340;4869;8.116516263269385e-06;0.0028489500282155504;0.009775597455592866;0.04064927916953729
Fidelity (MAX_ERROR);Tolerancja_0.1;340;4103;0.00041284333210539936;0.02031854650572721;0.0991474379035786;0.2899083034277925
Fidelity (MAX_ERROR);Tolerancja_1.0;340;2058;0.006385403590144909;0.07990872036358053;0.9995802431437633;1.14015052913168
Fidelity (MAX_ERROR);Tolerancja_0.01;341;4926;6.85671070277479e-06;0.00261853216569413;0.009854707355111847;0.038947091018070534
Fidelity (MAX_ERROR);Tolerancja_0.1;341;4250;0.0005105082038365807;0.02259442860168366;0.09942210534150586;0.3360612784444446
Fidelity (MAX_ERROR);Tolerancja_1.0;341;2374;0.007858181766218887;0.08864638608662447;0.9995904271449487;1.3184939687092132
Fidelity (MAX_ERROR);Tolerancja_0.01;342;4894;8.00274224332926e-06;0.002828911847924792;0.009684089516503569;0.0485992250402561
Fidelity (MAX_ERROR);Tolerancja_0.1;342;4331;0.0003625953393319049;0.019041936333574507;0.09907716670660704;0.3271305006398416
Fidelity (MAX_ERROR);Tolerancja_1.0;342;2675;0.005012108711298319;0.07079624786172159;0.9978592150990497;1.2162424871462552
Fidelity (MAX_ERROR);Tolerancja_0.01;343;4890;8.059130831566464e-06;0.00283886083342711;0.009796764898305277;0.04761529393719614
Fidelity (MAX_ERROR);Tolerancja_0.1;343;4230;0.00040817951177675357;0.020203452966677592;0.09983663834092948;0.33886597758768616
Fidelity (MAX_ERROR);Tolerancja_1.0;343;2632;0.004877628769353659;0.06984002269009983;0.997862041906278;1.1714040962532921
Fidelity (MAX_ERROR);Tolerancja_0.01;344;4846;8.35865313048021e-06;0.002891133537296437;0.009932650787970232;0.053658916509996255
Fidelity (MAX_ERROR);Tolerancja_0.1;344;4092;0.0003594544707138547;0.018959284551740202;0.09958899146984734;0.3518808985220452
Fidelity (MAX_ERROR);Tolerancja_1.0;344;2102;0.005234751141139249;0.07235158008737093;0.9998656644708053;1.3428322646434987
Fidelity (MAX_ERROR);Tolerancja_0.01;345;4892;8.657509320692008e-06;0.0029423645798391483;0.009983594266486095;0.04613299135909301
Fidelity (MAX_ERROR);Tolerancja_0.1;345;4248;0.00044508891678913225;0.02109713053448578;0.09894325054937347;0.33077945109789764
Fidelity (MAX_ERROR);Tolerancja_1.0;345;2756;0.00508454446729788;0.0713059918050221;0.9993001878626102;1.117998335873277
Fidelity (MAX_ERROR);Tolerancja_0.01;346;4925;5.906170515740147e-06;0.0024302614089311766;0.009988395312956477;0.04241686848526889
Fidelity (MAX_ERROR);Tolerancja_0.1;346;4239;0.0005115717152188589;0.022617951171997407;0.09941829892732024;0.3947652119821883
Fidelity (MAX_ERROR);Tolerancja_1.0;346;2433;0.00743958683663711;0.08625303957911924;0.9988583141597824;1.5054281086129044
Fidelity (MAX_ERROR);Tolerancja_0.01;347;4910;6.6190576859337975e-06;0.0025727529391556037;0.009975135787914091;0.039972764443965254
Fidelity (MAX_ERROR);Tolerancja_0.1;347;4342;0.00037798382238098517;0.01944180604730397;0.09971278871586575;0.3020666002034399
Fidelity (MAX_ERROR);Tolerancja_1.0;347;2436;0.0075281739123691065;0.08676505006262088;0.9994911970374114;1.3480652787672252
Fidelity (MAX_ERROR);Tolerancja_0.01;348;4930;6.226169336422261e-06;0.002495229315398138;0.009901125411184708;0.03772874265765515
Fidelity (MAX_ERROR);Tolerancja_0.1;348;4295;0.000662814380490219;0.025745181694643737;0.09872674857998565;0.38927617948284726
Fidelity (MAX_ERROR);Tolerancja_1.0;348;2491;0.010528977363565577;0.10261080529635062;0.9969668586135272;1.5515113753394867
Fidelity (MAX_ERROR);Tolerancja_0.01;349;4891;6.667032157514813e-06;0.002582059673499978;0.009902472101497528;0.04158633307573898
Fidelity (MAX_ERROR);Tolerancja_0.1;349;4116;0.0005048548585164319;0.022468975466550134;0.09942733730168385;0.3618825340143981
Fidelity (MAX_ERROR);Tolerancja_1.0;349;2403;0.005872074229855623;0.07662946058700676;0.9993924339720452;1.234184594605382
Fidelity (MAX_ERROR);Tolerancja_0.01;350;4897;7.193100764226354e-06;0.0026819956681967913;0.009974002528585935;0.043861190869924675
Fidelity (MAX_ERROR);Tolerancja_0.1;350;4206;0.00039720785702433654;0.019930074185118742;0.09946963972243061;0.3259351975288539
Fidelity (MAX_ERROR);Tolerancja_1.0;350;2524;0.00494712720699184;0.07033581738340602;0.9986968124545297;1.150267596561746
Fidelity (MAX_ERROR);Tolerancja_0.01;351;4914;7.1358554443090115e-06;0.0026713022001093423;0.009993186439724688;0.04184515175284811
Fidelity (MAX_ERROR);Tolerancja_0.1;351;4257;0.0005022744072436933;0.022411479363123116;0.09926295802189955;0.35106913583844007
Fidelity (MAX_ERROR);Tolerancja_1.0;351;2691;0.00611079621504065;0.07817158188907687;0.9992672986168056;1.224534501103889
Fidelity (MAX_ERROR);Tolerancja_0.01;352;4889;5.789346354389921e-06;0.0024061060563470432;0.009903846017167872;0.0405230410997532
Fidelity (MAX_ERROR);Tolerancja_0.1;352;4242;0.00027914527408172375;0.016707641188442004;0.09973941764332395;0.2813859467138599
Fidelity (MAX_ERROR);Tolerancja_1.0;352;2704;0.003112272011113175;0.05578774068837324;0.999048879936355;0.9395632843422982
Fidelity (MAX_ERROR);Tolerancja_0.01;353;4885;7.595145863551732e-06;0.0027559292196193525;0.00973962056775779;0.04476404777084259
Fidelity (MAX_ERROR);Tolerancja_0.1;353;4250;0.00036533070085852353;0.01911362605207404;0.09967873986419162;0.31045908711227327
Fidelity (MAX_ERROR);Tolerancja_1.0;353;2628;0.004339326068813634;0.06587356122765517;0.9983713524954982;1.0699720517632028
Fidelity (MAX_ERROR);Tolerancja_0.01;354;4910;5.692946241381121e-06;0.0023859895727729244;0.009937753856256393;0.03840192866592486
Fidelity (MAX_ERROR);Tolerancja_0.1;354;4301;0.0003933692791498841;0.01983353924920825;0.09923603048562502;0.3192160469317367
Fidelity (MAX_ERROR);Tolerancja_1.0;354;2634;0.005510600662293022;0.07423342011717514;0.9996157963719492;1.1947690536863442
Fidelity (MAX_ERROR);Tolerancja_0.01;355;4887;7.084327633338526e-06;0.002661640027001872;0.00985203363045617;0.03755049846684002
Fidelity (MAX_ERROR);Tolerancja_0.1;355;4195;0.0004512113940150174;0.021241737076214306;0.09988882880153582;0.29967907283536016
Fidelity (MAX_ERROR);Tolerancja_1.0;355;2577;0.0048562454257378;0.06968676650367557;0.9983888638471718;0.9831430216740829
Fidelity (MAX_ERROR);Tolerancja_0.01;356;4896;6.22998394779205e-06;0.002495993579277008;0.009674190068372113;0.040364237658440334
Fidelity (MAX_ERROR);Tolerancja_0.1;356;4195;0.0004584810570031994;0.02141217076812156;0.09963174244527373;0.3462693000668364
Fidelity (MAX_ERROR);Tolerancja_1.0;356;2342;0.006657664975711883;0.08159451559824277;0.9994685343792744;1.3195147802370495
Fidelity (MAX_ERROR);Tolerancja_0.01;357;4879;7.489276206125686e-06;0.0027366541992231474;0.009763158796403992;0.04332087714898839
Fidelity (MAX_ERROR);Tolerancja_0.1;357;4187;0.00041319717992824144;0.020327252148980724;0.09968499787859741;0.3217777362490584
Fidelity (MAX_ERROR);Tolerancja_1.0;357;2368;0.0059375461704411605;0.07705547462991297;0.9993078694227044;1.2197780600293011
Fidelity (MAX_ERROR);Tolerancja_0.01;358;4912;6.562825716212248e-06;0.002561801263996145;0.00974195879329276;0.04565090545485946
Fidelity (MAX_ERROR);Tolerancja_0.1;358;4149;0.0006405221907968351;0.025308539878800496;0.09973269046520805;0.4509942974286081
Fidelity (MAX_ERROR);Tolerancja_1.0;358;2248;0.009022427737574253;0.09498646081191915;0.9998027666106601;1.6926441574365463
Fidelity (MAX_ERROR);Tolerancja_0.01;359;4904;6.398073867273013e-06;0.0025294414140819735;0.009845143491886699;0.046205164614112434
Fidelity (MAX_ERROR);Tolerancja_0.1;359;4301;0.0004089767869112772;0.020223174501330824;0.09963197587656403;0.3694155957326433
Fidelity (MAX_ERROR);Tolerancja_1.0;359;2368;0.007551753435366271;0.08690082528587557;0.9994869712697061;1.5874125073947964
Fidelity (MAX_ERROR);Tolerancja_0.01;360;4901;6.750894268316576e-06;0.0025982483076712618;0.009784359020164501;0.042652144563431166
Fidelity (MAX_ERROR);Tolerancja_0.1;360;4251;0.00046396118381518804;0.021539758211623176;0.09929832843807973;0.35359087058423827
Fidelity (MAX_ERROR);Tolerancja_1.0;360;2514;0.00667096781668716;0.08167599290297706;0.9990462843206398;1.340771105815464
Fidelity (MAX_ERROR);Tolerancja_0.01;361;4918;7.468429089024714e-06;0.0027328426754983015;0.009790972175587775;0.044325324526917294
Fidelity (MAX_ERROR);Tolerancja_0.1;361;4286;0.0004949563323138872;0.022247614081377067;0.09995813641828022;0.36084503617715347
Fidelity (MAX_ERROR);Tolerancja_1.0;361;2618;0.006729249354446101;0.08203200201412922;0.9990047559369679;1.3305175389234627
Fidelity (MAX_ERROR);Tolerancja_0.01;362;4880;7.835804834127758e-06;0.0027992507629949408;0.009937583533266903;0.0471816447924671
Fidelity (MAX_ERROR);Tolerancja_0.1;362;4265;0.0003153129313736369;0.017757053003627513;0.09949800905760608;0.2992968613079123
Fidelity (MAX_ERROR);Tolerancja_1.0;362;2514;0.004757789513413016;0.0689767316811475;0.9981863945628122;1.1626095440064348
Fidelity (MAX_ERROR);Tolerancja_0.01;363;4889;7.167751340173492e-06;0.0026772656461721334;0.009898869051145454;0.04234436080414188
Fidelity (MAX_ERROR);Tolerancja_0.1;363;4232;0.00034905246883691534;0.018682945935716757;0.09968440388544408;0.29549454859564656
Fidelity (MAX_ERROR);Tolerancja_1.0;363;2430;0.004690489813321252;0.06848715071691369;0.9992966276995654;1.0832113819377718
Fidelity (MAX_ERROR);Tolerancja_0.01;364;4888;7.757233293226899e-06;0.0027851810162405777;0.009907579345131978;0.04439790970757901
Fidelity (MAX_ERROR);Tolerancja_0.1;364;4391;0.00028187592755174706;0.016789161013932383;0.09983286906882571;0.26763203196347984
Fidelity (MAX_ERROR);Tolerancja_1.0;364;2709;0.005487100907116929;0.0740749681546805;0.9980861564899879;1.1808114907240261
Fidelity (MAX_ERROR);Tolerancja_0.01;365;4919;5.398265614028755e-06;0.0023234167973113984;0.009824772442991403;0.03899943813954204
Fidelity (MAX_ERROR);Tolerancja_0.1;365;4201;0.000556211169507998;0.02358412961099048;0.09968655355266698;0.39586862112002374
Fidelity (MAX_ERROR);Tolerancja_1.0;365;2570;0.00607427589401576;0.0779376410601178;0.9990779906561991;1.3082130656811815
Fidelity (MAX_ERROR);Tolerancja_0.01;366;4872;7.463449792478266e-06;0.0027319315131383265;0.009847188671138873;0.05279535276894446
Fidelity (MAX_ERROR);Tolerancja_0.1;366;4316;0.0002603248481380604;0.01613458546533069;0.09986113685193065;0.31180544875529126
Fidelity (MAX_ERROR);Tolerancja_1.0;366;2438;0.0047400417236932385;0.06884796092618313;0.9995722248832957;1.3305064080265974
Fidelity (MAX_ERROR);Tolerancja_0.01;367;4923;5.2161776256162645e-06;0.002283895274660435;0.00982685245863113;0.03656270997567711
Fidelity (MAX_ERROR);Tolerancja_0.1;367;4253;0.0004088745919267153;0.020220647663383964;0.09981488964467844;0.3237108479707248
Fidelity (MAX_ERROR);Tolerancja_1.0;367;2600;0.005144286732908385;0.07172368320790828;0.9993395467845367;1.148219122222225
Fidelity (MAX_ERROR);Tolerancja_0.01;368;4918;5.900217017259748e-06;0.002429036232183404;0.009978145450578069;0.04058002489642931
Fidelity (MAX_ERROR);Tolerancja_0.1;368;4253;0.0005222407866284797;0.022852588182271164;0.09907231911849657;0.3817804712409864
Fidelity (MAX_ERROR);Tolerancja_1.0;368;2479;0.007613800551335476;0.0872570945616199;0.9981604894376126;1.4577366211280407
Fidelity (MAX_ERROR);Tolerancja_0.01;369;4938;8.788375215354343e-06;0.0029645193902813898;0.009743839553632672;0.04984856280778863
Fidelity (MAX_ERROR);Tolerancja_0.1;369;4411;0.0006404694636371539;0.025307498170248948;0.09992420845668448;0.4255470266726459
Fidelity (MAX_ERROR);Tolerancja_1.0;369;2555;0.013795224130782586;0.11745307203637795;0.9985594185542008;1.974980112313372
Fidelity (MAX_ERROR);Tolerancja_0.01;370;4916;6.860870910001067e-06;0.0026193264229570678;0.009756165845409726;0.045116945647495105
Fidelity (MAX_ERROR);Tolerancja_0.1;370;4255;0.0005778782620735526;0.024039098611918722;0.09892495733926898;0.41406473663725146
Fidelity (MAX_ERROR);Tolerancja_1.0;370;2422;0.009120076343301108;0.0954990907982956;0.9978284530079335;1.644937130083891
Fidelity (MAX_ERROR);Tolerancja_0.01;371;4864;6.919354360741124e-06;0.0026304665671209593;0.00981671892452507;0.05175245650708321
Fidelity (MAX_ERROR);Tolerancja_0.1;371;4170;0.0003277517718514089;0.018103915925882137;0.09927675574134365;0.3561809654884023
Fidelity (MAX_ERROR);Tolerancja_1.0;371;2413;0.004170756197902856;0.06458139204060916;0.999396783449181;1.270590443735081
Fidelity (MAX_ERROR);Tolerancja_0.01;372;4887;7.666586326950183e-06;0.0027688601132867265;0.009953190990339422;0.047508754038008943
Fidelity (MAX_ERROR);Tolerancja_0.1;372;4137;0.0005239196089201913;0.022889290266851683;0.09974509104077134;0.3927398340473114
Fidelity (MAX_ERROR);Tolerancja_1.0;372;2588;0.005310838236908719;0.07287549819321114;0.9993742524037668;1.2504149640657942
Fidelity (MAX_ERROR);Tolerancja_0.01;373;4926;6.626614187199139e-06;0.0025742210835899737;0.009866487995236817;0.04469002960811132
Fidelity (MAX_ERROR);Tolerancja_0.1;373;4393;0.00044425412332844364;0.021077336722851007;0.09902286430500506;0.3659152697524788
Fidelity (MAX_ERROR);Tolerancja_1.0;373;2500;0.01022074314211165;0.10109769108200073;0.9986590208181743;1.7551168532368169
Fidelity (MAX_ERROR);Tolerancja_0.01;374;4896;8.50284905462968e-06;0.0029159645153241627;0.009977859295302594;0.045715088616274116
Fidelity (MAX_ERROR);Tolerancja_0.1;374;4236;0.0004802191311015443;0.02191390268988033;0.09978532195495804;0.34355562220719243
Fidelity (MAX_ERROR);Tolerancja_1.0;374;2663;0.005418079935751475;0.07360760786597724;0.9988980828187835;1.1539846588465863
Fidelity (MAX_ERROR);Tolerancja_0.01;375;4900;7.1737291995285724e-06;0.002678381824820459;0.009669032468551553;0.05209802241335949
Fidelity (MAX_ERROR);Tolerancja_0.1;375;4162;0.0005845108925511994;0.024176660078497184;0.09936468591288605;0.47026759477586894
Fidelity (MAX_ERROR);Tolerancja_1.0;375;2236;0.008308821808367513;0.09115273889668654;0.998026928418434;1.7730397473844175
Fidelity (MAX_ERROR);Tolerancja_0.01;376;4863;7.394100710743512e-06;0.0027192095746270666;0.009925352686622091;0.044034632824097954
Fidelity (MAX_ERROR);Tolerancja_0.1;376;4281;0.0002585581503733622;0.016079743479712673;0.09971108546789753;0.2603939051413278
Fidelity (MAX_ERROR);Tolerancja_1.0;376;2565;0.0037221640705884587;0.061009540816076124;0.9987933354743515;0.9879829615454269
Fidelity (MAX_ERROR);Tolerancja_0.01;377;4937;6.3854071602196446e-06;0.0025269363189878062;0.009895059082159818;0.038123251515801884
Fidelity (MAX_ERROR);Tolerancja_0.1;377;4434;0.0005320559031019001;0.02306633701093219;0.09976411801483831;0.34799601430726085
Fidelity (MAX_ERROR);Tolerancja_1.0;377;2504;0.013127617809157935;0.11457581686009459;0.9991669104993144;1.7285764785459627
Fidelity (MAX_ERROR);Tolerancja_0.01;378;4925;6.014917368005408e-06;0.0024525328474875535;0.009784413257714064;0.035163164923729597
Fidelity (MAX_ERROR);Tolerancja_0.1;378;4271;0.0005415482795160978;0.023271189903313876;0.09965999196551323;0.3336504501376753
Fidelity (MAX_ERROR);Tolerancja_1.0;378;2491;0.0078904633249996;0.08882827998447117;0.9978431994100809;1.2735745668748029
Fidelity (MAX_ERROR);Tolerancja_0.01;379;4896;6.344129161158249e-06;0.0025187554786358776;0.009799039185298675;0.0437994464744518
Fidelity (MAX_ERROR);Tolerancja_0.1;379;4139;0.0005800317138128999;0.024083847570786937;0.09990587883288704;0.41880174614918775
Fidelity (MAX_ERROR);Tolerancja_1.0;379;2276;0.007953048998723086;0.08917986879740901;0.99913670690374;1.5507773275817154
Fidelity (MAX_ERROR);Tolerancja_0.01;380;4926;6.688810806679938e-06;0.002586273536708741;0.009904476121127548;0.04015557507646849
Fidelity (MAX_ERROR);Tolerancja_0.1;380;4256;0.0006212743781900674;0.024925376189539595;0.09923209074853823;0.3870019163409919
Fidelity (MAX_ERROR);Tolerancja_1.0;380;2446;0.01025388958406821;0.101261491121098;0.99717687230061;1.5722286723944174
Fidelity (MAX_ERROR);Tolerancja_0.01;381;4903;6.5549408069529634e-06;0.0025602618629649906;0.009974940131467491;0.03884146954604811
Fidelity (MAX_ERROR);Tolerancja_0.1;381;4222;0.00045682151294542745;0.02137338328261175;0.0992711828575139;0.3242534007463478
Fidelity (MAX_ERROR);Tolerancja_1.0;381;2500;0.006543902521555495;0.08089439116252434;0.999085462000237;1.2272404929496297
Fidelity (MAX_ERROR);Tolerancja_0.01;382;4870;8.56004254217752e-06;0.00292575503796499;0.009813476321657078;0.04073623876199592
Fidelity (MAX_ERROR);Tolerancja_0.1;382;4157;0.0004486305696236686;0.02118090105787921;0.09929737704712771;0.294908572827109
Fidelity (MAX_ERROR);Tolerancja_1.0;382;2545;0.004740491561942888;0.06885122774462986;0.9985690796265629;0.9586380322573544
Fidelity (MAX_ERROR);Tolerancja_0.01;383;4923;5.25992278019832e-06;0.0022934521534573858;0.009951190070939475;0.03629351604857247
Fidelity (MAX_ERROR);Tolerancja_0.1;383;4262;0.0003764457374152874;0.01940220960136467;0.0997126278324929;0.30703688519655864
Fidelity (MAX_ERROR);Tolerancja_1.0;383;2588;0.005072872339360055;0.07122409942821359;0.9996974730456247;1.1271100605897255
Fidelity (MAX_ERROR);Tolerancja_0.01;384;4900;6.775340710691635e-06;0.0026029484648551217;0.009772111373980152;0.04551485665889373
Fidelity (MAX_ERROR);Tolerancja_0.1;384;4130;0.0005864554444693529;0.02421684216551268;0.09954252234041117;0.42345290918224626
Fidelity (MAX_ERROR);Tolerancja_1.0;384;2654;0.0056430872924882495;0.07512048517207706;0.9989275839124732;1.313548140087339
Fidelity (MAX_ERROR);Tolerancja_0.01;385;4913;7.010509343667368e-06;0.0026477366454516144;0.009843368473049452;0.04229815668867815
Fidelity (MAX_ERROR);Tolerancja_0.1;385;4184;0.0006350468370713903;0.02520013565581325;0.09980767808128022;0.4025775329191489
Fidelity (MAX_ERROR);Tolerancja_1.0;385;2622;0.006818283695003831;0.08257289927696515;0.9982506237375617;1.3191196480418004
Fidelity (MAX_ERROR);Tolerancja_0.01;386;4915;7.211781152981252e-06;0.002685475963955226;0.009877262935816589;0.038079921476282586
Fidelity (MAX_ERROR);Tolerancja_0.1;386;4304;0.00047971296258551865;0.021902350617810835;0.09985845572255592;0.31057429031829964
Fidelity (MAX_ERROR);Tolerancja_1.0;386;2625;0.006384429432494347;0.07990262469089703;0.998056682867702;1.1330154188000643
Fidelity (MAX_ERROR);Tolerancja_0.01;387;4915;7.37023896274782e-06;0.0027148184032726426;0.009807990381903053;0.04505130865525944
Fidelity (MAX_ERROR);Tolerancja_0.1;387;4167;0.0005770865669318218;0.024022626145611594;0.09963366397607265;0.3986457230035087
Fidelity (MAX_ERROR);Tolerancja_1.0;387;2464;0.006650904832376062;0.08155307984604912;0.9998133415138768;1.3533402335501992
Fidelity (MAX_ERROR);Tolerancja_0.01;388;4915;6.75002648789274e-06;0.00259808130894565;0.009839950486953075;0.042941937888675084
Fidelity (MAX_ERROR);Tolerancja_0.1;388;4293;0.00043583726351552527;0.020876715822071373;0.09983346345631472;0.34505718934359314
Fidelity (MAX_ERROR);Tolerancja_1.0;388;2607;0.006040240406946571;0.07771898356866597;0.9994581013009611;1.2845647877475377
Fidelity (MAX_ERROR);Tolerancja_0.01;389;4902;6.945827857686085e-06;0.002635493854609812;0.00996916385318336;0.04689432384308413
Fidelity (MAX_ERROR);Tolerancja_0.1;389;4181;0.0005003748280527972;0.022369059614851874;0.09902257872446896;0.3980210099178628
Fidelity (MAX_ERROR);Tolerancja_1.0;389;2518;0.006010633862603805;0.07752827782560248;0.9995968523572931;1.3794895256504633
Fidelity (MAX_ERROR);Tolerancja_0.01;390;4879;7.201400537719724e-06;0.002683542535105364;0.009974134857381856;0.04567168265701937
Fidelity (MAX_ERROR);Tolerancja_0.1;390;4302;0.00031631555224011503;0.017785262220167432;0.09967878722627654;0.3026905075903595
Fidelity (MAX_ERROR);Tolerancja_1.0;390;2314;0.006128891968802478;0.07828724014041163;0.9980117301320752;1.3323843170037037
Fidelity (MAX_ERROR);Tolerancja_0.01;391;4910;8.297372531471856e-06;0.002880516018263369;0.009992940934453465;0.04538186571866092
Fidelity (MAX_ERROR);Tolerancja_0.1;391;4246;0.0007062785053964636;0.02657590083885142;0.09977875332260133;0.4186971902167465
Fidelity (MAX_ERROR);Tolerancja_1.0;391;2544;0.009410409810550484;0.09700726679249594;0.9975977729943213;1.5283271217375507
Fidelity (MAX_ERROR);Tolerancja_0.01;392;4920;6.590794510357864e-06;0.0025672542745816714;0.009983321542101464;0.0411943596673086
Fidelity (MAX_ERROR);Tolerancja_0.1;392;4281;0.0004550583758977696;0.02133209731596426;0.09971004987835741;0.34229647526248735
Fidelity (MAX_ERROR);Tolerancja_1.0;392;2626;0.006272186604434554;0.07919713760253305;0.9979655626614039;1.2708033650276773
Fidelity (MAX_ERROR);Tolerancja_0.01;393;4886;7.3900507682454455e-06;0.0027184647814980875;0.009977588979987573;0.0403682718262098
Fidelity (MAX_ERROR);Tolerancja_0.1;393;4194;0.0005218779561348282;0.022844648304030164;0.09986597817806997;0.3392352105452138
Fidelity (MAX_ERROR);Tolerancja_1.0;393;2573;0.006436763999755657;0.08022944596440672;0.9992138347282129;1.1913798204045851
Fidelity (MAX_ERROR);Tolerancja_0.01;394;4919;8.45531895145983e-06;0.0029078031142874563;0.009682573478753564;0.04782467138060844
Fidelity (MAX_ERROR);Tolerancja_0.1;394;4372;0.0005143542597612899;0.02267937961588213;0.09931835303513203;0.3730080182926749
Fidelity (MAX_ERROR);Tolerancja_1.0;394;2641;0.008798248818484573;0.09379898090323036;0.9974345720449247;1.5427129214806583
Fidelity (MAX_ERROR);Tolerancja_0.01;395;4869;7.669062011615006e-06;0.002769307135659569;0.009781898370477826;0.040994636543169045
Fidelity (MAX_ERROR);Tolerancja_0.1;395;4226;0.0003399219237865824;0.01843697165443887;0.09992166851400164;0.27292637288150345
Fidelity (MAX_ERROR);Tolerancja_1.0;395;2610;0.00424253132684461;0.06513471675569496;0.9992054933558667;0.9642029247528805
Fidelity (MAX_ERROR);Tolerancja_0.01;396;4897;6.77786149784389e-06;0.002603432637469979;0.009979066142442372;0.04279798313825512
Fidelity (MAX_ERROR);Tolerancja_0.1;396;4269;0.00038604283958926195;0.019647972912981683;0.09995505577752017;0.32299418902878385
Fidelity (MAX_ERROR);Tolerancja_1.0;396;2559;0.005272449528976459;0.0726116349421803;0.9987784440517871;1.1936669622904366
Fidelity (MAX_ERROR);Tolerancja_0.01;397;4888;7.815606183602555e-06;0.002795640567670056;0.009956795311540922;0.04235266459326283
Fidelity (MAX_ERROR);Tolerancja_0.1;397;4208;0.0004095860804507339;0.02023823313559595;0.09957952006639381;0.30659989337131194
Fidelity (MAX_ERROR);Tolerancja_1.0;397;2398;0.005326916285182994;0.07298572658529195;0.9999893940807825;1.1057000795845067
Fidelity (MAX_ERROR);Tolerancja_0.01;398;4913;7.268328302402405e-06;0.0026959837355596946;0.009843537545650705;0.04476422412507931
Fidelity (MAX_ERROR);Tolerancja_0.1;398;4250;0.0006037833491455667;0.024572003360441873;0.09999163073251083;0.4079945480088995
Fidelity (MAX_ERROR);Tolerancja_1.0;398;2481;0.008416816678460748;0.0917432105305932;0.9977733814707639;1.5233080170245255
Fidelity (MAX_ERROR);Tolerancja_0.01;399;4920;7.175763197598706e-06;0.0026787615044267577;0.009839447766115228;0.0416006475466393
Fidelity (MAX_ERROR);Tolerancja_0.1;399;4239;0.0006022074749364873;0.02453991595210724;0.09954812380645461;0.3811001437271391
Fidelity (MAX_ERROR);Tolerancja_1.0;399;2468;0.009079956941858685;0.0952888080619056;0.9990424680317105;1.4798167409722391
Fidelity (MAX_ERROR);Tolerancja_0.01;400;4877;9.215843775585205e-06;0.0030357608231850555;0.009975158471965173;0.057279497993073414
Fidelity (MAX_ERROR);Tolerancja_0.1;400;4276;0.00039949627904256125;0.01998740300895945;0.09914070405572772;0.37712734211296356
Fidelity (MAX_ERROR);Tolerancja_1.0;400;2651;0.00563695365621652;0.07507964874862241;0.9988515553862687;1.4166216774961065
Fidelity (MAX_ERROR);Tolerancja_0.01;401;4906;6.84392497804209e-06;0.0026160896349403033;0.009688715989316421;0.036942252010076955
Fidelity (MAX_ERROR);Tolerancja_0.1;401;4223;0.0003955146264554491;0.019887549533701962;0.09992080743480436;0.2808355099628194
Fidelity (MAX_ERROR);Tolerancja_1.0;401;2710;0.004312640393541674;0.06567069661227658;0.9988809251067288;0.9273472099450399
Fidelity (MAX_ERROR);Tolerancja_0.01;402;4851;7.765871099302774e-06;0.0027867312571008304;0.009866481677422989;0.04945696292297877
Fidelity (MAX_ERROR);Tolerancja_0.1;402;4148;0.00030932901444235086;0.017587751830246835;0.09990805856788132;0.31213515402701675
Fidelity (MAX_ERROR);Tolerancja_1.0;402;2071;0.005148504691548955;0.07175308140804097;0.9997166836969074;1.2734236492179123
Fidelity (MAX_ERROR);Tolerancja_0.01;403;4887;6.0188151441059975e-06;0.0024533273617896975;0.009894821155278954;0.036874001781069136
Fidelity (MAX_ERROR);Tolerancja_0.1;403;4316;0.00021821438740480428;0.014772081349789686;0.09946113318042893;0.2220273423294319
Fidelity (MAX_ERROR);Tolerancja_1.0;403;2598;0.003269096266038687;0.05717601128129425;0.9994026487710936;0.8593669049868937
Fidelity (MAX_ERROR);Tolerancja_0.01;404;4913;7.506453977603446e-06;0.002739790863844072;0.009670525284404263;0.042390948080949974
Fidelity (MAX_ERROR);Tolerancja_0.1;404;4328;0.0004362192714770394;0.020885862957441798;0.09954109538855782;0.32315296176020103
Fidelity (MAX_ERROR);Tolerancja_1.0;404;2794;0.005507843464804898;0.07421484666025321;0.9995709837772502;1.1482765904242778
Fidelity (MAX_ERROR);Tolerancja_0.01;405;4865;7.789879467865317e-06;0.002791035554747613;0.009878832281529526;0.03941012774894825
Fidelity (MAX_ERROR);Tolerancja_0.1;405;4100;0.0003890212107096192;0.019723620628820136;0.09921994425093317;0.27850251041459156
Fidelity (MAX_ERROR);Tolerancja_1.0;405;2421;0.004446786374788809;0.06668422883102727;0.9992652714934831;0.9415981722628144
Fidelity (MAX_ERROR);Tolerancja_0.01;406;4897;6.397503409920766e-06;0.0025293286480646926;0.009920531012164613;0.045612556986884045
Fidelity (MAX_ERROR);Tolerancja_0.1;406;4286;0.000293695674239075;0.01713755158238991;0.09991906823994956;0.309049418613722
Fidelity (MAX_ERROR);Tolerancja_1.0;406;2433;0.004698943447137275;0.06854883986718721;0.99817973120612;1.2361730324049585
Fidelity (MAX_ERROR);Tolerancja_0.01;407;4915;8.329779033856122e-06;0.0028861356575629153;0.009969865950202328;0.04530690720791522
Fidelity (MAX_ERROR);Tolerancja_0.1;407;4348;0.0005081168852456789;0.02254144816212301;0.0990632662308144;0.35385838414668325
Fidelity (MAX_ERROR);Tolerancja_1.0;407;2581;0.008921667118568186;0.09445457701227711;0.9992545954297476;1.4827593931158907
Fidelity (MAX_ERROR);Tolerancja_0.01;408;4881;7.768636117019108e-06;0.0027872273170696195;0.009948803890208247;0.048732561848407165
Fidelity (MAX_ERROR);Tolerancja_0.1;408;4185;0.00037495603495433805;0.019363781525165432;0.09991985961657868;0.33856107645582395
Fidelity (MAX_ERROR);Tolerancja_1.0;408;2543;0.003986695445635775;0.06314028385773836;0.9996316881949423;1.103960114547902
Fidelity (MAX_ERROR);Tolerancja_0.01;409;4918;6.376761379229055e-06;0.0025252250155637724;0.00984334450492419;0.03680413707419921
Fidelity (MAX_ERROR);Tolerancja_0.1;409;4281;0.0005268211009035602;0.022952583752239315;0.0994627618248849;0.3345246595523122
Fidelity (MAX_ERROR);Tolerancja_1.0;409;2453;0.008699389390293397;0.09327051726185182;0.9994311224757477;1.3593802061715583
Fidelity (MAX_ERROR);Tolerancja_0.01;410;4940;7.656877364437337e-06;0.002767106316070515;0.009736497970335378;0.04290533765022733
Fidelity (MAX_ERROR);Tolerancja_0.1;410;4476;0.0005260161513391851;0.02293504199558364;0.09923705816573292;0.35561905053220344
Fidelity (MAX_ERROR);Tolerancja_1.0;410;2577;0.014433730021393006;0.12014045955211344;0.9983068877642314;1.8628366219975587
Fidelity (MAX_ERROR);Tolerancja_0.01;411;4924;6.743613678440006e-06;0.002596846872351161;0.009721734551416894;0.04340737430798628
Fidelity (MAX_ERROR);Tolerancja_0.1;411;4341;0.0004907825096072179;0.022153611660567174;0.0999482953647739;0.37030682242475005
Fidelity (MAX_ERROR);Tolerancja_1.0;411;2774;0.006623131080672097;0.0813826214905375;0.9991551958199345;1.3603443278912097
Fidelity (MAX_ERROR);Tolerancja_0.01;412;4909;8.369372000538034e-06;0.0028929866920775894;0.009875661314164397;0.04161930980398369
Fidelity (MAX_ERROR);Tolerancja_0.1;412;4350;0.0003757710993982906;0.01938481620749319;0.09929274552134149;0.2788753482490287
Fidelity (MAX_ERROR);Tolerancja_1.0;412;2634;0.005984640674030191;0.0773604593705996;0.9998965033407181;1.1129290480113714
Fidelity (MAX_ERROR);Tolerancja_0.01;413;4904;8.616495682683767e-06;0.002935386802907543;0.009811919905773792;0.045457480624470296
Fidelity (MAX_ERROR);Tolerancja_0.1;413;4329;0.00043062048505243837;0.020751397183140185;0.09938657579973764;0.3213567065331642
Fidelity (MAX_ERROR);Tolerancja_1.0;413;2495;0.007916148869246645;0.08897274228237907;0.9975911143008387;1.3778343298406615
Fidelity (MAX_ERROR);Tolerancja_0.01;414;4917;6.794023132805993e-06;0.002606534698178022;0.009831389385698941;0.04396034802445094
Fidelity (MAX_ERROR);Tolerancja_0.1;414;4223;0.00044534793046112944;0.021103268241225798;0.09956434489749633;0.35591585141225995
Fidelity (MAX_ERROR);Tolerancja_1.0;414;2394;0.006693303710487482;0.08181261339480289;0.9999839277003524;1.379805517317443
Fidelity (MAX_ERROR);Tolerancja_0.01;415;4928;6.172743653555307e-06;0.0024845006849577053;0.009981680425317663;0.038172056195682064
Fidelity (MAX_ERROR);Tolerancja_0.1;415;4271;0.0005529810044072631;0.023515548141756406;0.09936518563366281;0.36129465794640075
Fidelity (MAX_ERROR);Tolerancja_1.0;415;2401;0.008767459614505632;0.09363471372576322;0.9994251032628432;1.4386108145779328
Fidelity (MAX_ERROR);Tolerancja_0.01;416;4905;6.816530892836621e-06;0.0026108486920609973;0.009946398172260729;0.0427307733183367
Fidelity (MAX_ERROR);Tolerancja_0.1;416;4338;0.0003818558408109327;0.01954113202480687;0.0991242561413781;0.3198223188784484
Fidelity (MAX_ERROR);Tolerancja_1.0;416;2664;0.006407024277670938;0.0800438896960345;0.9998655371204102;1.3100480761369555
Fidelity (MAX_ERROR);Tolerancja_0.01;417;4918;7.207222450563787e-06;0.0026846270598658182;0.009583716116557284;0.04016565365172598
Fidelity (MAX_ERROR);Tolerancja_0.1;417;4277;0.0005421422566104653;0.0232839484755156;0.09989131190274314;0.3483593770223474
Fidelity (MAX_ERROR);Tolerancja_1.0;417;2717;0.006706831499376963;0.0818952471110318;0.9993324915275916;1.225263717392696
Fidelity (MAX_ERROR);Tolerancja_0.01;418;4923;7.193338830740621e-06;0.0026820400501746094;0.009770012678162132;0.045535539596691335
Fidelity (MAX_ERROR);Tolerancja_0.1;418;4360;0.00044816768130527524;0.021169971216448907;0.0997757122045626;0.3594226948716394
Fidelity (MAX_ERROR);Tolerancja_1.0;418;2530;0.0078559926469458;0.08863403774479531;0.9995716308776297;1.5048241860072167
Fidelity (MAX_ERROR);Tolerancja_0.01;419;4909;7.0465134498291014e-06;0.0026545269728953783;0.009894732863497513;0.040722599159678026
Fidelity (MAX_ERROR);Tolerancja_0.1;419;4239;0.0007091423923541706;0.02662972760570732;0.09990654111622455;0.4085216440034161
Fidelity (MAX_ERROR);Tolerancja_1.0;419;2532;0.010141087244630042;0.10070296542123296;0.998382052655364;1.5448652573180737
Fidelity (MAX_ERROR);Tolerancja_0.01;420;4901;8.233786148138711e-06;0.002869457465818009;0.009932974843836817;0.056948045724802526
Fidelity (MAX_ERROR);Tolerancja_0.1;420;4216;0.0004533963716050975;0.021293106199075266;0.09997348928527927;0.4225888691130443
Fidelity (MAX_ERROR);Tolerancja_1.0;420;2555;0.005317071500369777;0.07291825217577405;0.9983971783109289;1.4471557806816542
Fidelity (MAX_ERROR);Tolerancja_0.01;421;4888;7.019559891811367e-06;0.0026494452045308214;0.009919623408864986;0.04753492798779001
Fidelity (MAX_ERROR);Tolerancja_0.1;421;4137;0.00039062549061079127;0.019764247787628836;0.09905578254634584;0.35459955680953403
Fidelity (MAX_ERROR);Tolerancja_1.0;421;2578;0.003865840800160298;0.062175886002213895;0.9982727938791189;1.1155264727264511
Fidelity (MAX_ERROR);Tolerancja_0.01;422;4866;7.610723642914612e-06;0.0027587540018846573;0.009917146544941247;0.0445741577082531
Fidelity (MAX_ERROR);Tolerancja_0.1;422;4123;0.00038237205852777775;0.019554336054383892;0.09944069051224824;0.31594627812876275
Fidelity (MAX_ERROR);Tolerancja_1.0;422;2389;0.004757539445938315;0.06897491896289777;0.9981950813044476;1.1144520003109457
Fidelity (MAX_ERROR);Tolerancja_0.01;423;4917;7.1335147204698776e-06;0.002670864040057052;0.009885655785947023;0.04817372646797645
Fidelity (MAX_ERROR);Tolerancja_0.1;423;4256;0.0005700360299612114;0.023875427325206377;0.09999024383452593;0.43063528806429774
Fidelity (MAX_ERROR);Tolerancja_1.0;423;2536;0.008220480918364474;0.09066686780938489;0.9994746401942585;1.6353362896990395
Fidelity (MAX_ERROR);Tolerancja_0.01;424;4934;7.305515838069758e-06;0.002702871776105881;0.009759420757728954;0.054448713021950694
Fidelity (MAX_ERROR);Tolerancja_0.1;424;4355;0.0006435480799126603;0.025368249445175763;0.09880443245252102;0.5110373884993078
Fidelity (MAX_ERROR);Tolerancja_1.0;424;2434;0.011972243593878626;0.10941774807534026;0.9987416684856605;2.2041946706941813
Fidelity (MAX_ERROR);Tolerancja_0.01;425;4911;6.981589202660872e-06;0.002642269706646328;0.009946997728171425;0.04188386902832487
Fidelity (MAX_ERROR);Tolerancja_0.1;425;4187;0.0006496261366978114;0.025487764450767576;0.09927425085042785;0.4040186304204689
Fidelity (MAX_ERROR);Tolerancja_1.0;425;2421;0.008258874069736272;0.0908783476397776;0.9999529292395599;1.4405557466297312
Fidelity (MAX_ERROR);Tolerancja_0.01;426;4895;6.573634909335105e-06;0.0025639100821470136;0.009814538033324771;0.043611612338876934
Fidelity (MAX_ERROR);Tolerancja_0.1;426;4261;0.0003429393414174313;0.01851862147724369;0.09975079989245073;0.3149981532268272
Fidelity (MAX_ERROR);Tolerancja_1.0;426;2451;0.005345437680333258;0.0731125001647;0.9992425234076563;1.2436294223075417
Fidelity (MAX_ERROR);Tolerancja_0.01;427;4915;4.891950480701861e-06;0.00221177541371222;0.009984216951762548;0.03443356831619962
Fidelity (MAX_ERROR);Tolerancja_0.1;427;4205;0.0005694336213426924;0.023862808328918295;0.09890407308938998;0.3715031986141323
Fidelity (MAX_ERROR);Tolerancja_1.0;427;2667;0.006239590132768095;0.07899107628566719;0.9990146235365991;1.2297562423336335
Fidelity (MAX_ERROR);Tolerancja_0.01;428;4902;7.697737658327002e-06;0.002774479709481942;0.009967002673873182;0.04808397167804594
Fidelity (MAX_ERROR);Tolerancja_0.1;428;4366;0.0004381626158184761;0.020932334218105635;0.0990426845253154;0.3627742391695924
Fidelity (MAX_ERROR);Tolerancja_1.0;428;2414;0.009623223566598872;0.09809803039102707;0.9996839031067766;1.7001180073055913
Fidelity (MAX_ERROR);Tolerancja_0.01;429;4918;6.626317052421634e-06;0.002574163369411824;0.009810905566589145;0.04250290074740095
Fidelity (MAX_ERROR);Tolerancja_0.1;429;4181;0.0006939863856263592;0.026343621346093617;0.09989384786749866;0.43496863357820525
Fidelity (MAX_ERROR);Tolerancja_1.0;429;2506;0.008231523419784387;0.09072774338527542;0.9994472154234635;1.4980371168210405
Fidelity (MAX_ERROR);Tolerancja_0.01;430;4915;7.795312349809223e-06;0.002792008658620031;0.009905831032684276;0.04440054983472261
Fidelity (MAX_ERROR);Tolerancja_0.1;430;4356;0.0005100641330942683;0.02258459946720925;0.09980146083323915;0.3591567064253659
Fidelity (MAX_ERROR);Tolerancja_1.0;430;2494;0.008425549892672777;0.09179079416081319;0.9983144366062369;1.4597238865728752
Fidelity (MAX_ERROR);Tolerancja_0.01;431;4914;7.392302588063082e-06;0.0027188789211848113;0.00995612155408132;0.04290290770314463
Fidelity (MAX_ERROR);Tolerancja_0.1;431;4240;0.0005103286105114297;0.022590453968688404;0.09960891746412592;0.35646904098562343
Fidelity (MAX_ERROR);Tolerancja_1.0;431;2510;0.006366309208318506;0.07978915470362188;0.9999181920353994;1.2590434657787886
Fidelity (MAX_ERROR);Tolerancja_0.01;432;4914;8.446974414083852e-06;0.002906367907558135;0.009875280157727317;0.041392505788537474
Fidelity (MAX_ERROR);Tolerancja_0.1;432;4331;0.0005111892361805324;0.0226094943813552;0.09940335224984587;0.32200452827131654
Fidelity (MAX_ERROR);Tolerancja_1.0;432;2509;0.009908933889912283;0.09954362807288211;0.997471774616498;1.4177008321980227
Fidelity (MAX_ERROR);Tolerancja_0.01;433;4927;5.113122175277162e-06;0.002261221390151164;0.009718273376027042;0.03536689214984784
Fidelity (MAX_ERROR);Tolerancja_0.1;433;4296;0.0006297814996266235;0.025095447786931867;0.09960214505804821;0.392508225509588
Fidelity (MAX_ERROR);Tolerancja_1.0;433;2364;0.011770709209230672;0.10849289934936143;0.9972378555735695;1.6968956189011877
Fidelity (MAX_ERROR);Tolerancja_0.01;434;4904;7.705760414933974e-06;0.002775925145772842;0.009995452135340699;0.039296231400837295
Fidelity (MAX_ERROR);Tolerancja_0.1;434;4372;0.0003555447428077038;0.018855894113186566;0.09957159787901837;0.2669256335927508
Fidelity (MAX_ERROR);Tolerancja_1.0;434;2662;0.006471540764425018;0.08044588718153972;0.9999324863064807;1.1387987902863008
Fidelity (MAX_ERROR);Tolerancja_0.01;435;4892;8.223464996950317e-06;0.002867658451934316;0.009870720954157974;0.04658390718257048
Fidelity (MAX_ERROR);Tolerancja_0.1;435;4155;0.00047635215265094216;0.021825493182307292;0.09951263460638593;0.35454597040056285
Fidelity (MAX_ERROR);Tolerancja_1.0;435;2278;0.006320465509363932;0.07950135539325057;0.9991041804352463;1.2914661291094935
Fidelity (MAX_ERROR);Tolerancja_0.01;436;4885;7.5049349934885365e-06;0.0027395136417781418;0.009725860221253768;0.04306700452614209
Fidelity (MAX_ERROR);Tolerancja_0.1;436;4130;0.0006251516788884795;0.025003033393740038;0.09997742164975043;0.39306457026312147
Fidelity (MAX_ERROR);Tolerancja_1.0;436;2664;0.005583870676672194;0.07472530144918918;0.9997494414910233;1.1747322030638698
Fidelity (MAX_ERROR);Tolerancja_0.01;437;4899;7.167825052445581e-06;0.002677279412471844;0.009808572714263164;0.05354594562092736
Fidelity (MAX_ERROR);Tolerancja_0.1;437;4302;0.00040706298474662075;0.020175801960433216;0.09919909746343558;0.4035187323367648
Fidelity (MAX_ERROR);Tolerancja_1.0;437;2459;0.007046674431467271;0.08394447231037473;0.9977318292923314;1.6789006513738471
Fidelity (MAX_ERROR);Tolerancja_0.01;438;4892;7.716960812879538e-06;0.0027779418303628205;0.009925054680391732;0.04746221778744137
Fidelity (MAX_ERROR);Tolerancja_0.1;438;4176;0.0005513154961719694;0.02348010852129882;0.09938029962230743;0.40116679626984514
Fidelity (MAX_ERROR);Tolerancja_1.0;438;2271;0.008205331438010121;0.09058328453975446;0.99871637013928;1.5476506857474683
Fidelity (MAX_ERROR);Tolerancja_0.01;439;4903;7.271945082935523e-06;0.0026966544240846885;0.009999194215946972;0.044588353542157476
Fidelity (MAX_ERROR);Tolerancja_0.1;439;4251;0.00045990039401535887;0.02144528838732086;0.09904853035324912;0.3545912638590864
Fidelity (MAX_ERROR);Tolerancja_1.0;439;2581;0.005729317131411789;0.0756922527833053;0.9989854194728982;1.2515481766448167
Fidelity (MAX_ERROR);Tolerancja_0.01;440;4895;7.991730279690273e-06;0.0028269648529280077;0.009810950098390947;0.04758893968832768
Fidelity (MAX_ERROR);Tolerancja_0.1;440;4368;0.0003393507827522844;0.018421476128483417;0.099250126796532;0.3101059128982
Fidelity (MAX_ERROR);Tolerancja_1.0;440;2856;0.004299416403066475;0.06556993520712427;0.9993758979767082;1.1037999601259478
Fidelity (MAX_ERROR);Tolerancja_0.01;441;4935;5.671878760195451e-06;0.0023815706498433865;0.009775384194231851;0.04236301184172628
Fidelity (MAX_ERROR);Tolerancja_0.1;441;4377;0.0004902659881504928;0.022141950865957875;0.09984056312559053;0.3938576110665364
Fidelity (MAX_ERROR);Tolerancja_1.0;441;2721;0.007837703568667417;0.08853080576086167;0.9988521569407975;1.5747723348251634
Fidelity (MAX_ERROR);Tolerancja_0.01;442;4905;5.836382035036759e-06;0.0024158605164695994;0.009924786695099996;0.04120186035395722
Fidelity (MAX_ERROR);Tolerancja_0.1;442;4296;0.00041163324457008067;0.020288746747152243;0.09905357934519765;0.3460191946240989
Fidelity (MAX_ERROR);Tolerancja_1.0;442;2750;0.005379605998953721;0.0733457974184869;0.9981661163324063;1.250893121595566
Fidelity (MAX_ERROR);Tolerancja_0.01;443;4915;8.002174209790633e-06;0.0028288114482571355;0.009942456920873255;0.043989312965807846
Fidelity (MAX_ERROR);Tolerancja_0.1;443;4285;0.0006034177261965377;0.02456456240596477;0.09893261633043782;0.381990190335895
Fidelity (MAX_ERROR);Tolerancja_1.0;443;2628;0.008430007649377586;0.09181507310555052;0.9984282732590817;1.4277664169900726
Fidelity (MAX_ERROR);Tolerancja_0.01;444;4903;7.426801536961267e-06;0.0027252158697911007;0.009880566584820727;0.041882421550130215
Fidelity (MAX_ERROR);Tolerancja_0.1;444;4294;0.00036981576587261593;0.019230594527279075;0.09965990110018375;0.29554497886909353
Fidelity (MAX_ERROR);Tolerancja_1.0;444;2717;0.0045937421583645026;0.06777715070998856;0.9991494691322118;1.0416316846562486
Fidelity (MAX_ERROR);Tolerancja_0.01;445;4899;6.996373131093501e-06;0.002645065808461767;0.009683330559893122;0.04614383906502734
Fidelity (MAX_ERROR);Tolerancja_0.1;445;4282;0.00036837868831936975;0.01919319380195411;0.0991267008810559;0.33483009878544284
Fidelity (MAX_ERROR);Tolerancja_1.0;445;2511;0.006020928404678545;0.07759464159771952;0.9993638430308995;1.3536580612623346
Fidelity (MAX_ERROR);Tolerancja_0.01;446;4863;6.681371092442677e-06;0.00258483482885129;0.009731327442673354;0.040404225866182406
Fidelity (MAX_ERROR);Tolerancja_0.1;446;3985;0.0004045982793370433;0.02011462849115149;0.09936042241659315;0.31441699241262805
Fidelity (MAX_ERROR);Tolerancja_1.0;446;1869;0.0054069590028147235;0.07353202705498281;0.9996458568201114;1.1493982502735336
Fidelity (MAX_ERROR);Tolerancja_0.01;447;4905;5.555890424869311e-06;0.0023570936393935036;0.00980826893630482;0.03890134184714474
Fidelity (MAX_ERROR);Tolerancja_0.1;447;4196;0.00045007052821248423;0.021214865736376563;0.099922396936023;0.3501289598594033
Fidelity (MAX_ERROR);Tolerancja_1.0;447;2395;0.006096392171822203;0.07807939658976754;0.99927328029416;1.2886180027785732
Fidelity (MAX_ERROR);Tolerancja_0.01;448;4907;7.957158999038243e-06;0.0028208436679543663;0.00986903318729615;0.048150075012127015
Fidelity (MAX_ERROR);Tolerancja_0.1;448;4316;0.00044765783377771735;0.02115792602732407;0.0992082964563652;0.36115284830919925
Fidelity (MAX_ERROR);Tolerancja_1.0;448;2578;0.006634550768432178;0.08145275175481904;0.9987243113800375;1.390348622113767
Fidelity (MAX_ERROR);Tolerancja_0.01;449;4902;7.250355047585261e-06;0.002692648333441495;0.009936728234906766;0.04402918331853955
Fidelity (MAX_ERROR);Tolerancja_0.1;449;4157;0.0005560251000750121;0.023580184479240446;0.09935266125550846;0.38557439983055874
Fidelity (MAX_ERROR);Tolerancja_1.0;449;2649;0.005383571109673347;0.07337282269119369;0.9981307185539665;1.199765086568241
Fidelity (MAX_ERROR);Tolerancja_0.01;450;4912;6.803457106307167e-06;0.002608343747727122;0.009760669032232272;0.040360264737842995
Fidelity (MAX_ERROR);Tolerancja_0.1;450;4267;0.0004648066454134488;0.02155937488457049;0.09937315020942217;0.33359946467251456
Fidelity (MAX_ERROR);Tolerancja_1.0;450;2606;0.0063128595361723544;0.07945350549958356;0.9989718953926872;1.2294255767121152
Fidelity (MAX_ERROR);Tolerancja_0.01;451;4920;7.678903168212825e-06;0.0027710833925042432;0.009979636760002464;0.04957987211956118
Fidelity (MAX_ERROR);Tolerancja_0.1;451;4266;0.0006627330877792633;0.025743602851568063;0.09935863946911971;0.4606012726755428
Fidelity (MAX_ERROR);Tolerancja_1.0;451;2596;0.009078427758617039;0.09528078378464903;0.9983431134284471;1.7047516824188191
Fidelity (MAX_ERROR);Tolerancja_0.01;452;4882;8.166264250079574e-06;0.002857667624143783;0.00982718160425744;0.049392734496807714
Fidelity (MAX_ERROR);Tolerancja_0.1;452;4217;0.00035220084088538275;0.018767014703606505;0.09954742834314523;0.3243743837531341
Fidelity (MAX_ERROR);Tolerancja_1.0;452;2516;0.004427951060676629;0.0665428513115919;0.9985192126743474;1.1501454401922566
Fidelity (MAX_ERROR);Tolerancja_0.01;453;4915;8.665716374975532e-06;0.002943758885332753;0.009911770712827117;0.04638197281680667
Fidelity (MAX_ERROR);Tolerancja_0.1;453;4248;0.0007232979785202108;0.026894199718902417;0.09979607610550989;0.4237459958106925
Fidelity (MAX_ERROR);Tolerancja_1.0;453;2466;0.010362145120009027;0.101794622254857;0.9978991168371012;1.603879796625458
Fidelity (MAX_ERROR);Tolerancja_0.01;454;4922;6.950760762021396e-06;0.002636429548086085;0.009943394613527445;0.04144113568734644
Fidelity (MAX_ERROR);Tolerancja_0.1;454;4240;0.0005737606007800307;0.023953300415183516;0.09928186463265831;0.3765137488259481
Fidelity (MAX_ERROR);Tolerancja_1.0;454;2617;0.007224452959457943;0.08499678205354567;0.9985198759697731;1.3360353894629415
Fidelity (MAX_ERROR);Tolerancja_0.01;455;4910;6.656471606347633e-06;0.0025800138771618327;0.009825566046268719;0.04317586520738592
Fidelity (MAX_ERROR);Tolerancja_0.1;455;4227;0.0005214185182474321;0.022834590389307012;0.09972112403266142;0.3821309665974127
Fidelity (MAX_ERROR);Tolerancja_1.0;455;2630;0.006393748108083531;0.07996091612834066;0.9979390940970223;1.3381252586184347
Fidelity (MAX_ERROR);Tolerancja_0.01;456;4881;5.414946466765974e-06;0.002327003753062288;0.009905586086238927;0.039761797678453975
Fidelity (MAX_ERROR);Tolerancja_0.1;456;4113;0.0003051538031528764;0.017468652013045437;0.0996876368946511;0.2984889930426503
Fidelity (MAX_ERROR);Tolerancja_1.0;456;2073;0.004698196947165271;0.06854339462825919;0.9995623681767913;1.171209365613051
Fidelity (MAX_ERROR);Tolerancja_0.01;457;4924;7.690057857296103e-06;0.002773095356690084;0.009825407122429297;0.04422585857284882
Fidelity (MAX_ERROR);Tolerancja_0.1;457;4391;0.0004944413832911891;0.02223603794049626;0.09970698555790491;0.3546246135403962
Fidelity (MAX_ERROR);Tolerancja_1.0;457;2415;0.01052328493804881;0.10258306360237449;0.9974924429281806;1.636014445699855
Fidelity (MAX_ERROR);Tolerancja_0.01;458;4891;7.806707939839998e-06;0.00279404866454398;0.009786256516279401;0.052182027337006075
Fidelity (MAX_ERROR);Tolerancja_0.1;458;4248;0.00040687150694920343;0.0201710561684113;0.09973192482375737;0.3767173484675558
Fidelity (MAX_ERROR);Tolerancja_1.0;458;2169;0.007367405116074241;0.08583358967254161;0.9991027987160317;1.6030396247435963
Fidelity (MAX_ERROR);Tolerancja_0.01;459;4869;6.401992945159619e-06;0.0025302159878476025;0.009907004272317721;0.03785565728186851
Fidelity (MAX_ERROR);Tolerancja_0.1;459;4188;0.0002739501015095583;0.01655143804959431;0.09972388528327958;0.24763323342230775
Fidelity (MAX_ERROR);Tolerancja_1.0;459;2277;0.0040974498534716184;0.06401132597807686;0.9997599112708198;0.9577011725569712
Fidelity (MAX_ERROR);Tolerancja_0.01;460;4878;6.489378060643046e-06;0.00254742577137059;0.009962937309746067;0.03850464497273914
Fidelity (MAX_ERROR);Tolerancja_0.1;460;4155;0.00037337729778468237;0.019322973316357975;0.09964540210198969;0.2920690509320586
Fidelity (MAX_ERROR);Tolerancja_1.0;460;2049;0.006100665691852484;0.07810675829819391;0.9998596959814963;1.1805929860815507
Fidelity (MAX_ERROR);Tolerancja_0.01;461;4875;6.766548207996027e-06;0.0026012589659616795;0.009836978811155639;0.04184857641864244
Fidelity (MAX_ERROR);Tolerancja_0.1;461;4058;0.0004601003159812973;0.021449949090412715;0.09936762491622275;0.3450828408213741
Fidelity (MAX_ERROR);Tolerancja_1.0;461;2116;0.00621293408599519;0.07882216747841428;0.9982802607905139;1.268076551533949
Fidelity (MAX_ERROR);Tolerancja_0.01;462;4912;6.343393416175336e-06;0.002518609421124152;0.00970892374087029;0.043500513389827744
Fidelity (MAX_ERROR);Tolerancja_0.1;462;4256;0.0003583155284386909;0.018929224190090067;0.09949691705238561;0.3269387319183994
Fidelity (MAX_ERROR);Tolerancja_1.0;462;2676;0.003953127537370358;0.0628739018780476;0.999924994319128;1.0859353528884876
Fidelity (MAX_ERROR);Tolerancja_0.01;463;4929;5.734691123267925e-06;0.0023947215126748924;0.009899084248928158;0.04585990621233877
Fidelity (MAX_ERROR);Tolerancja_0.1;463;4255;0.0004409879849072199;0.020999713924413826;0.09946507229205181;0.40215319650419223
Fidelity (MAX_ERROR);Tolerancja_1.0;463;2580;0.0055127523730242305;0.07424791157348623;0.9999557874119773;1.4218781779843492
Fidelity (MAX_ERROR);Tolerancja_0.01;464;4905;7.430468641509259e-06;0.002725888596679853;0.00995266928654015;0.041753985787692335
Fidelity (MAX_ERROR);Tolerancja_0.1;464;4272;0.0004609211831141636;0.021469075040955153;0.09945556842939673;0.32885403138880487
Fidelity (MAX_ERROR);Tolerancja_1.0;464;2713;0.005749898509348126;0.07582808522802172;0.9995131913166837;1.1615019031867622
Fidelity (MAX_ERROR);Tolerancja_0.01;465;4908;7.092881704721095e-06;0.0026632464596280034;0.009949345376842444;0.0405397738507814
Fidelity (MAX_ERROR);Tolerancja_0.1;465;4255;0.0004430731062492793;0.02104930179956759;0.09989464733609488;0.3204111777137245
Fidelity (MAX_ERROR);Tolerancja_1.0;465;2458;0.0064837234183168675;0.08052157113666417;0.9988813380676023;1.2256944047326084
Fidelity (MAX_ERROR);Tolerancja_0.01;466;4878;7.935863007975952e-06;0.0028170663833101185;0.009701894241143094;0.04522097354923106
Fidelity (MAX_ERROR);Tolerancja_0.1;466;4235;0.0002977603581723349;0.017255734066458455;0.09959021731932305;0.2769977656241766
Fidelity (MAX_ERROR);Tolerancja_1.0;466;2359;0.0044274929314430875;0.06653940886003638;0.9985416027713048;1.068124225211036
Fidelity (MAX_ERROR);Tolerancja_0.01;467;4866;8.078992214484558e-06;0.0028423568063289588;0.009913927534667799;0.044408689166896435
Fidelity (MAX_ERROR);Tolerancja_0.1;467;4181;0.0003459963794274623;0.018600977915890937;0.0996446895684775;0.2906197577404024
Fidelity (MAX_ERROR);Tolerancja_1.0;467;2360;0.004683046292369587;0.06843278667692546;0.9983082821914149;1.0691867909029842
Fidelity (MAX_ERROR);Tolerancja_0.01;468;4924;7.003382356230921e-06;0.0026463904391134203;0.00976254816203248;0.04266337097083553
Fidelity (MAX_ERROR);Tolerancja_0.1;468;4340;0.0005182266462220714;0.0227645919406009;0.09969208015939013;0.36699582064954855
Fidelity (MAX_ERROR);Tolerancja_1.0;468;2643;0.008917853552060295;0.0944343875506179;0.998510620868152;1.5224092593931076
Fidelity (MAX_ERROR);Tolerancja_0.01;469;4920;8.366458871762114e-06;0.002892483167066338;0.00980815521227374;0.04062021626405758
Fidelity (MAX_ERROR);Tolerancja_0.1;469;4350;0.0005140945663517232;0.02267365357307294;0.09941222535096017;0.3184145450252232
Fidelity (MAX_ERROR);Tolerancja_1.0;469;2818;0.007055473183345137;0.08399686412804432;0.9974819337270748;1.179599184960639
Fidelity (MAX_ERROR);Tolerancja_0.01;470;4908;6.9816905358858165e-06;0.002642288881989594;0.009891809174851218;0.046117692247880496
Fidelity (MAX_ERROR);Tolerancja_0.1;470;4290;0.000404913893446356;0.020122472349250624;0.09901054216883542;0.3512114036412466
Fidelity (MAX_ERROR);Tolerancja_1.0;470;2472;0.006500997959916902;0.08062876633011881;0.998030891671231;1.4072695295674083
Fidelity (MAX_ERROR);Tolerancja_0.01;471;4858;7.395890086699822e-06;0.002719538579741023;0.009781660607311338;0.047875879764906204
Fidelity (MAX_ERROR);Tolerancja_0.1;471;4243;0.00021356024072696083;0.014613700446052699;0.09968667791682595;0.2572656150890865
Fidelity (MAX_ERROR);Tolerancja_1.0;471;2471;0.003019199714075027;0.054947244826970415;0.9992590664474115;0.9673139797852811
Fidelity (MAX_ERROR);Tolerancja_0.01;472;4855;6.5382798490382425e-06;0.002557006032264735;0.009924946938950185;0.04579892472354526
Fidelity (MAX_ERROR);Tolerancja_0.1;472;4138;0.0002767678865700705;0.01663634234349818;0.09996013251907732;0.29797606304047897
Fidelity (MAX_ERROR);Tolerancja_1.0;472;2349;0.0034232059608887773;0.05850817003537863;0.9994268840168097;1.0479487499641784
Fidelity (MAX_ERROR);Tolerancja_0.01;473;4904;6.795085725373942e-06;0.002606738522632054;0.009915579025714827;0.039908938355033674
Fidelity (MAX_ERROR);Tolerancja_0.1;473;4209;0.0005038373766994516;0.02244632211965808;0.0990831584470726;0.3436512246982696
Fidelity (MAX_ERROR);Tolerancja_1.0;473;2581;0.00614992077631797;0.07842143059341604;0.9999864311615543;1.200625230376418
Fidelity (MAX_ERROR);Tolerancja_0.01;474;4910;6.693003393966927e-06;0.0025870839557244614;0.009823484509206448;0.04896013177374606
Fidelity (MAX_ERROR);Tolerancja_0.1;474;4233;0.0004691729254123545;0.02166039993657445;0.09997771168350766;0.40991945113344996
Fidelity (MAX_ERROR);Tolerancja_1.0;474;2501;0.00558484733406574;0.07473183614809514;0.9985742117948639;1.4142875175769625
Fidelity (MAX_ERROR);Tolerancja_0.01;475;4864;7.978298172385625e-06;0.002824588142081182;0.009958625432116008;0.052271085903696654
Fidelity (MAX_ERROR);Tolerancja_0.1;475;4120;0.0003747355640192282;0.019358087819287013;0.09958051906649068;0.3582356862079374
Fidelity (MAX_ERROR);Tolerancja_1.0;475;2314;0.004866372512060039;0.06975939013537918;0.9996212515919449;1.2909489422656837
Fidelity (MAX_ERROR);Tolerancja_0.01;476;4872;8.968982736126818e-06;0.0029948259942986365;0.009843120409966488;0.052131514121575344
Fidelity (MAX_ERROR);Tolerancja_0.1;476;4181;0.00032869059074072096;0.018129825998633328;0.09943233793418571;0.3155893804410496
Fidelity (MAX_ERROR);Tolerancja_1.0;476;2471;0.003794644610045549;0.06160068676602193;0.9987487830613744;1.0722950442380141
Fidelity (MAX_ERROR);Tolerancja_0.01;477;4889;8.352050316456863e-06;0.002889991404218508;0.0099073431380714;0.05347940104261687
Fidelity (MAX_ERROR);Tolerancja_0.1;477;4159;0.0005081726982064935;0.022542686135562758;0.09900329511236627;0.41715326580620116
Fidelity (MAX_ERROR);Tolerancja_1.0;477;2425;0.006337087851239522;0.07960582799795203;0.9997488103208361;1.4731088800533223
Fidelity (MAX_ERROR);Tolerancja_0.01;478;4890;7.787249581941921e-06;0.0027905643841241007;0.009783809823323608;0.046225826440571625
Fidelity (MAX_ERROR);Tolerancja_0.1;478;4167;0.00041227030694172893;0.020304440571996287;0.0998670391698564;0.3363439851786844
Fidelity (MAX_ERROR);Tolerancja_1.0;478;2337;0.005575917687519375;0.07467206765263283;0.9995384980378015;1.236946210202804
Fidelity (MAX_ERROR);Tolerancja_0.01;479;4898;7.826101793604024e-06;0.0027975170765527106;0.009873824971379008;0.041799968850931575
Fidelity (MAX_ERROR);Tolerancja_0.1;479;4194;0.0004491722486130519;0.021193684168002786;0.09919800629883291;0.31667200371504367
Fidelity (MAX_ERROR);Tolerancja_1.0;479;2530;0.005126589559691362;0.07160020642212815;0.9986944734650702;1.0698366859848678
Fidelity (MAX_ERROR);Tolerancja_0.01;480;4928;8.465149530301021e-06;0.0029094930022773766;0.009824636142155896;0.04521980273207513
Fidelity (MAX_ERROR);Tolerancja_0.1;480;4315;0.0006739950974495648;0.025961415551729164;0.09974704114497834;0.40349644731082257
Fidelity (MAX_ERROR);Tolerancja_1.0;480;2602;0.00951778250588631;0.09755912312995801;0.9989885825351481;1.5162793996059762
Fidelity (MAX_ERROR);Tolerancja_0.01;481;4910;7.4620895750148045e-06;0.0027316825538511616;0.009628051990798081;0.043787937438859344
Fidelity (MAX_ERROR);Tolerancja_0.1;481;4314;0.0004101792038324488;0.0202528813711148;0.09968136912090175;0.324646764385103
Fidelity (MAX_ERROR);Tolerancja_1.0;481;2597;0.0063450040251916;0.07965553355035418;0.9999172068969737;1.2768509704191326
Fidelity (MAX_ERROR);Tolerancja_0.01;482;4902;7.401763185583421e-06;0.0027206181624004904;0.009855818957840157;0.044905853625410705
Fidelity (MAX_ERROR);Tolerancja_0.1;482;4265;0.00040836668060514273;0.020208084535777823;0.09951413437402357;0.3335496685109541
Fidelity (MAX_ERROR);Tolerancja_1.0;482;2305;0.006539613506386796;0.08086787685098945;0.9984941879243876;1.3347852672071159
Fidelity (MAX_ERROR);Tolerancja_0.01;483;4889;7.81531355843364e-06;0.002795588231201734;0.009874916537974343;0.0455539180311997
Fidelity (MAX_ERROR);Tolerancja_0.1;483;4095;0.0005258022905207728;0.02293037920577793;0.09991021546542722;0.3736489526983404
Fidelity (MAX_ERROR);Tolerancja_1.0;483;2447;0.005690133100149357;0.07543297090894244;0.9997247379023708;1.2291750749568346
Fidelity (MAX_ERROR);Tolerancja_0.01;484;4901;7.935913296799937e-06;0.00281707530903949;0.009603866540588868;0.04704696559137772
Fidelity (MAX_ERROR);Tolerancja_0.1;484;4321;0.0004301117742301418;0.020739136294217794;0.09986475309067111;0.3463568859867069
Fidelity (MAX_ERROR);Tolerancja_1.0;484;2597;0.007005492037595292;0.08369881742053045;0.9995282154032878;1.3978239667882102
Fidelity (MAX_ERROR);Tolerancja_0.01;485;4931;7.233938240287027e-06;0.002689598155912334;0.009681394244682506;0.04225109096802903
Fidelity (MAX_ERROR);Tolerancja_0.1;485;4330;0.0005914796837235958;0.024320355337116187;0.09948573305092445;0.38205021202311507
Fidelity (MAX_ERROR);Tolerancja_1.0;485;2717;0.008750793349650439;0.09354567520548686;0.9972953633179826;1.4695157431174077
Fidelity (MAX_ERROR);Tolerancja_0.01;486;4881;7.836744847062693e-06;0.002799418662340932;0.009837491747138216;0.05085709613952813
Fidelity (MAX_ERROR);Tolerancja_0.1;486;4081;0.0004751786468041958;0.021798592771190433;0.099370378333143;0.39601548106556145
Fidelity (MAX_ERROR);Tolerancja_1.0;486;2283;0.005466814815911757;0.07393791189850953;0.9986614268222631;1.3432315588816022
Fidelity (MAX_ERROR);Tolerancja_0.01;487;4878;7.839418480728886e-06;0.0027998961553473527;0.009786714215429981;0.04640337362879735
Fidelity (MAX_ERROR);Tolerancja_0.1;487;4226;0.00036143674789212743;0.019011489891434797;0.09947290054821822;0.3150821386669993
Fidelity (MAX_ERROR);Tolerancja_1.0;487;2631;0.00446890704713278;0.06684988442123725;0.9996975704743107;1.1079197197782333
Fidelity (MAX_ERROR);Tolerancja_0.01;488;4889;6.212302367821501e-06;0.0024924490702563015;0.009806422473523924;0.03648341483095713
Fidelity (MAX_ERROR);Tolerancja_0.1;488;4211;0.00039772484001500077;0.019943039889018944;0.09956446855917944;0.2919177791611142
Fidelity (MAX_ERROR);Tolerancja_1.0;488;2364;0.0059544342703770166;0.07716498085515876;0.9989943574202029;1.1295083380267938
Fidelity (MAX_ERROR);Tolerancja_0.01;489;4901;6.336852827841983e-06;0.0025173106339587857;0.009895371369031292;0.034929920752104424
Fidelity (MAX_ERROR);Tolerancja_0.1;489;4231;0.00039980847628140974;0.019995211333752132;0.09993480726338566;0.27745131565712733
Fidelity (MAX_ERROR);Tolerancja_1.0;489;2579;0.004954331983782737;0.07038701573289449;0.9984826029062166;0.976682356305251
Fidelity (MAX_ERROR);Tolerancja_0.01;490;4917;6.7770156082398445e-06;0.0026032701758057775;0.009733452975822399;0.042616428528375064
Fidelity (MAX_ERROR);Tolerancja_0.1;490;4260;0.0006048460110319522;0.024593617282375364;0.09991107167158297;0.40260597724711716
Fidelity (MAX_ERROR);Tolerancja_1.0;490;2509;0.009596241776563756;0.09796040923027913;0.9992007670387566;1.603645605965728
Fidelity (MAX_ERROR);Tolerancja_0.01;491;4929;7.59842023069372e-06;0.0027565232142490147;0.00989866305622833;0.04288106126432712
Fidelity (MAX_ERROR);Tolerancja_0.1;491;4377;0.0004921035182794166;0.0221834063723184;0.09984972681393955;0.3450897865781287
Fidelity (MAX_ERROR);Tolerancja_1.0;491;2484;0.009704077122496971;0.09850927429687507;0.9979571701642782;1.5324312178446637
Fidelity (MAX_ERROR);Tolerancja_0.01;492;4895;6.739939891946592e-06;0.0025961394207450784;0.009904932631448204;0.05157203384234694
Fidelity (MAX_ERROR);Tolerancja_0.1;492;4275;0.00034997321383377074;0.018707571029766817;0.099962717772204;0.37162391146865076
Fidelity (MAX_ERROR);Tolerancja_1.0;492;2578;0.00483495641462005;0.06953385085424256;0.9985673723819932;1.381282561633203
Fidelity (MAX_ERROR);Tolerancja_0.01;493;4915;6.813496124234727e-06;0.0026102674430476904;0.009933196456468174;0.0373592091677047
Fidelity (MAX_ERROR);Tolerancja_0.1;493;4251;0.0004396640631121347;0.020968167853013163;0.09972079799709732;0.30010494548008204
Fidelity (MAX_ERROR);Tolerancja_1.0;493;2500;0.0063314970278730825;0.07957070458323894;0.9999072059544325;1.1388482831766868
Fidelity (MAX_ERROR);Tolerancja_0.01;494;4906;7.660885765615746e-06;0.0027678305160568893;0.009942427861476588;0.04140055266000472
Fidelity (MAX_ERROR);Tolerancja_0.1;494;4250;0.0005923978405513845;0.024339224321070392;0.09955375379518472;0.3640603470344248
Fidelity (MAX_ERROR);Tolerancja_1.0;494;2442;0.009364491639200093;0.09677030349854285;0.9989788669681678;1.4474672573606802
Fidelity (MAX_ERROR);Tolerancja_0.01;495;4869;7.607898246486763e-06;0.002758241875993975;0.009760971670864649;0.04500494125531582
Fidelity (MAX_ERROR);Tolerancja_0.1;495;4265;0.00035335671711783943;0.018797784899233193;0.09962475936300419;0.3067146548977637
Fidelity (MAX_ERROR);Tolerancja_1.0;495;2700;0.0047048259036026234;0.06859173349320327;0.9992580480285542;1.119179200101679
Fidelity (MAX_ERROR);Tolerancja_0.01;496;4921;7.43604807418054e-06;0.002726911820022888;0.009852238750581721;0.041637914893211475
Fidelity (MAX_ERROR);Tolerancja_0.1;496;4403;0.0005044106888837947;0.022459089226497916;0.09950705912487612;0.3429335847699372
Fidelity (MAX_ERROR);Tolerancja_1.0;496;2700;0.009222584184450029;0.09603428650461265;0.9994804901126519;1.4663721132998668
Fidelity (MAX_ERROR);Tolerancja_0.01;497;4872;8.032264653997021e-06;0.002834125024411771;0.009944778511769004;0.04058614598932811
Fidelity (MAX_ERROR);Tolerancja_0.1;497;4239;0.0002573693675844699;0.01604273566398418;0.09991772030417678;0.22974032765608232
Fidelity (MAX_ERROR);Tolerancja_1.0;497;2639;0.0029728563454008883;0.05452390618252592;0.9997892917417266;0.7808107254166469
Fidelity (MAX_ERROR);Tolerancja_0.01;498;4825;7.179942065038603e-06;0.002679541390805263;0.009883319933789547;0.047776064188719054
Fidelity (MAX_ERROR);Tolerancja_0.1;498;4185;0.00019574892804874897;0.013991030271168345;0.09976471045462709;0.24945924052353227
Fidelity (MAX_ERROR);Tolerancja_1.0;498;2418;0.0025919101040230673;0.05091080537590294;0.9988772476708441;0.907736642503423
Fidelity (MAX_ERROR);Tolerancja_0.01;499;4894;7.831442049985668e-06;0.002798471377374739;0.009709888639044095;0.04295117543891555
Fidelity (MAX_ERROR);Tolerancja_0.1;499;4168;0.0005502147066791547;0.023456655914242223;0.09957982171851221;0.36001473930672345
Fidelity (MAX_ERROR);Tolerancja_1.0;499;2290;0.007382718614878476;0.08592274794766795;0.9998248882681753;1.3187496042057323
Fidelity (MAX_ERROR);Tolerancja_0.01;500;4895;6.724608609929322e-06;0.0025931850319499614;0.009779836706699463;0.04045870387363624
Fidelity (MAX_ERROR);Tolerancja_0.1;500;4287;0.00031420418838548934;0.01772580571893671;0.09972154699739555;0.2765568656567452
Fidelity (MAX_ERROR);Tolerancja_1.0;500;2775;0.003465194694562548;0.05886590434676552;0.9993139456597433;0.9184220033958376
Fidelity (MAX_ERROR);Tolerancja_0.01;501;4875;7.880595086979433e-06;0.0028072397630019836;0.009969311389358637;0.04015704553772259
Fidelity (MAX_ERROR);Tolerancja_0.1;501;4164;0.00046279916087970687;0.021512767392404607;0.09907969138335915;0.30773615820239253
Fidelity (MAX_ERROR);Tolerancja_1.0;501;2399;0.005813209856080664;0.0762444086873304;0.9979483294773615;1.0906621628854776
Fidelity (MAX_ERROR);Tolerancja_0.01;502;4927;8.841780388983887e-06;0.002973513139198125;0.009894217500605151;0.046649245507838374
Fidelity (MAX_ERROR);Tolerancja_0.1;502;4336;0.0007687947206992284;0.0277271477202259;0.09916359097667105;0.43499068633062354
Fidelity (MAX_ERROR);Tolerancja_1.0;502;2539;0.01340299444598879;0.11577130234211236;0.9984604867893374;1.8162502241963487
Fidelity (MAX_ERROR);Tolerancja_0.01;503;4907;9.29902999236038e-06;0.0030494310932304043;0.009992391679891188;0.05046652388572858
Fidelity (MAX_ERROR);Tolerancja_0.1;503;4309;0.0005430357062773876;0.023303126534381338;0.09946145639728066;0.3856548175396513
Fidelity (MAX_ERROR);Tolerancja_1.0;503;2617;0.008669395536916369;0.09310958885590877;0.9994070267067414;1.5409160418211991
Fidelity (MAX_ERROR);Tolerancja_0.01;504;4852;8.193763165260527e-06;0.0028624750069232967;0.009892176167336952;0.056880958094226
Fidelity (MAX_ERROR);Tolerancja_0.1;504;4183;0.0002823664950497665;0.0168037643118965;0.09953503360369353;0.3339118110510886
Fidelity (MAX_ERROR);Tolerancja_1.0;504;2373;0.0037152719035946293;0.06095303030690623;0.9995021007449698;1.2112129378309449
Fidelity (MAX_ERROR);Tolerancja_0.01;505;4885;6.2559287029434726e-06;0.002501185459525837;0.009746476013702932;0.042589516533351995
Fidelity (MAX_ERROR);Tolerancja_0.1;505;4268;0.00026988870881605384;0.01642828989323155;0.09986658339150423;0.27973652307859065
Fidelity (MAX_ERROR);Tolerancja_1.0;505;2520;0.0038167687896827522;0.061780003153793644;0.9990268088100915;1.0519733575645527
Fidelity (MAX_ERROR);Tolerancja_0.01;506;4889;7.985764877403892e-06;0.0028259095663881197;0.009996232581336528;0.050862205691481206
Fidelity (MAX_ERROR);Tolerancja_0.1;506;4174;0.0005628009638801159;0.02372342647848569;0.09929113569159131;0.42698669894015595
Fidelity (MAX_ERROR);Tolerancja_1.0;506;2315;0.008502502846263613;0.09220901716352697;0.9981731168621919;1.659626356541551
Fidelity (MAX_ERROR);Tolerancja_0.01;507;4859;8.372483176287062e-06;0.002893524352115783;0.00991654616765203;0.04364866650787728
Fidelity (MAX_ERROR);Tolerancja_0.1;507;4255;0.00026542886948988407;0.01629198789251588;0.09957879040727668;0.24576380210894624
Fidelity (MAX_ERROR);Tolerancja_1.0;507;2601;0.0034823481319257174;0.059011423740880184;0.999699175264686;0.8901843017624077
Fidelity (MAX_ERROR);Tolerancja_0.01;508;4902;7.812917268818489e-06;0.002795159614193524;0.009894634384336243;0.04026603102081979
Fidelity (MAX_ERROR);Tolerancja_0.1;508;4268;0.0005196459497052014;0.022795744113873567;0.09979165540373636;0.3283870212530741
Fidelity (MAX_ERROR);Tolerancja_1.0;508;2641;0.006723427052006994;0.08199650634025205;0.9981618731371604;1.1812112092382439
Fidelity (MAX_ERROR);Tolerancja_0.01;509;4889;8.891798905532242e-06;0.0029819119546915266;0.00982644002008648;0.047853963769799626
Fidelity (MAX_ERROR);Tolerancja_0.1;509;4186;0.0004885489064237649;0.02210314245585376;0.09935686213907768;0.3547130144526903
Fidelity (MAX_ERROR);Tolerancja_1.0;509;2397;0.006267772280163083;0.07916926348124684;0.999183504765897;1.2705147314469336
Fidelity (MAX_ERROR);Tolerancja_0.01;510;4934;5.620277422941479e-06;0.002370712429406291;0.009928284588401226;0.040708888066187096
Fidelity (MAX_ERROR);Tolerancja_0.1;510;4307;0.0004988135204627374;0.022334133528362755;0.09900092569404073;0.383512454139826
Fidelity (MAX_ERROR);Tolerancja_1.0;510;2549;0.007820115517613965;0.08843141702819177;0.9972610189197368;1.5185075223301214
Fidelity (MAX_ERROR);Tolerancja_0.01;511;4885;7.007005440275591e-06;0.0026470748837680415;0.009921775734106575;0.046076095226310225
Fidelity (MAX_ERROR);Tolerancja_0.1;511;4143;0.0004479679924050089;0.021165254366650284;0.09981905010945624;0.3684112911451405
Fidelity (MAX_ERROR);Tolerancja_1.0;511;2646;0.004154692303856973;0.06445690268587975;0.9992835987074855;1.1219638720307001
Fidelity (MAX_ERROR);Tolerancja_0.01;512;4912;7.143340911627687e-06;0.0026727029224415657;0.009772489850594646;0.03982348811554647
Fidelity (MAX_ERROR);Tolerancja_0.1;512;4268;0.00038821671714571785;0.019703215908722056;0.09968044234027218;0.29357949886261414
Fidelity (MAX_ERROR);Tolerancja_1.0;512;2665;0.004721140944323796;0.0687105591908827;0.999039286413897;1.0237928481969154
Fidelity (MAX_ERROR);Tolerancja_0.01;513;4916;8.20104259940099e-06;0.0028637462526210295;0.009849590051246082;0.046589339038262616
Fidelity (MAX_ERROR);Tolerancja_0.1;513;4241;0.0006874658864681613;0.02621957067665604;0.09983468167696508;0.42655750891839567
Fidelity (MAX_ERROR);Tolerancja_1.0;513;2472;0.010177196104986859;0.10088209011012242;0.9995028048819217;1.6412173022408585
Fidelity (MAX_ERROR);Tolerancja_0.01;514;4895;8.584821328842117e-06;0.0029299865748569766;0.009841588059983586;0.055801803701456
Fidelity (MAX_ERROR);Tolerancja_0.1;514;4241;0.0005501192781541878;0.023454621680048214;0.09885577799794842;0.44669494601552995
Fidelity (MAX_ERROR);Tolerancja_1.0;514;2484;0.007791422441318134;0.08826903444197254;0.9998768887051419;1.6810900688473105
Fidelity (MAX_ERROR);Tolerancja_0.01;515;4922;5.0188454627083636e-06;0.00224027798781945;0.009957634916519353;0.03719242477006215
Fidelity (MAX_ERROR);Tolerancja_0.1;515;4243;0.00036877179656019194;0.019203431895372033;0.09933690063908518;0.31880962986687944
Fidelity (MAX_ERROR);Tolerancja_1.0;515;2645;0.004775422170686819;0.06910442945779105;0.9999184498885225;1.1472510589583562
Fidelity (MAX_ERROR);Tolerancja_0.01;516;4889;6.217957211787168e-06;0.002493583207311753;0.009957331299746741;0.036439277831444336
Fidelity (MAX_ERROR);Tolerancja_0.1;516;4258;0.00028158801512545833;0.016780584469125573;0.09948270066584541;0.24521835800446137
Fidelity (MAX_ERROR);Tolerancja_1.0;516;2421;0.004121817670655192;0.06420138371293248;0.9997020147227875;0.9381888887521003
Fidelity (MAX_ERROR);Tolerancja_0.01;517;4837;7.757913588759316e-06;0.0027853031412683462;0.009845753744052388;0.051140771389043174
Fidelity (MAX_ERROR);Tolerancja_0.1;517;4081;0.0003714820604697011;0.019273869888263257;0.09937346642071576;0.3538862822985164
Fidelity (MAX_ERROR);Tolerancja_1.0;517;2360;0.00437779218930982;0.06616488637721536;0.9994143080106932;1.214849212663559
Fidelity (MAX_ERROR);Tolerancja_0.01;518;4918;7.984609932369033e-06;0.002825705209743053;0.009967775012615476;0.0467769656988668
Fidelity (MAX_ERROR);Tolerancja_0.1;518;4288;0.0004991532708220707;0.02234173831245167;0.09962997496173553;0.3698470467093208
Fidelity (MAX_ERROR);Tolerancja_1.0;518;2427;0.008147384441122842;0.09026286302307744;0.9986466012704458;1.4942191538429948
Fidelity (MAX_ERROR);Tolerancja_0.01;519;4920;6.755406028459011e-06;0.0025991163937882835;0.009752223321346953;0.04269453875174866
Fidelity (MAX_ERROR);Tolerancja_0.1;519;4232;0.0006850257930386336;0.02617299740264064;0.09946885250519255;0.429932285651799
Fidelity (MAX_ERROR);Tolerancja_1.0;519;2619;0.00797688034523228;0.08931338278909987;0.9981085814563038;1.4671115505455115
Fidelity (MAX_ERROR);Tolerancja_0.01;520;4930;7.646443032662906e-06;0.002765220250298863;0.009954981359280524;0.04043289391062127
Fidelity (MAX_ERROR);Tolerancja_0.1;520;4287;0.0006853374737626531;0.02617895096757418;0.09894625845861293;0.38278713858286045
Fidelity (MAX_ERROR);Tolerancja_1.0;520;2579;0.009684056830732013;0.0984076055532905;0.9975145503450147;1.4389104357616445
Fidelity (MAX_ERROR);Tolerancja_0.01;521;4899;5.236777376075283e-06;0.0022884006152934155;0.009866246557352909;0.033551879008915736
Fidelity (MAX_ERROR);Tolerancja_0.1;521;4121;0.0003451836435723167;0.01857911848211095;0.09991506758686253;0.27240175135338784
Fidelity (MAX_ERROR);Tolerancja_1.0;521;2023;0.005396749475133084;0.07346257193382957;0.9992275987311725;1.077087337215029
Fidelity (MAX_ERROR);Tolerancja_0.01;522;4906;8.105518284051974e-06;0.0028470191927789973;0.009890564054225948;0.04678483047864002
Fidelity (MAX_ERROR);Tolerancja_0.1;522;4249;0.0006373649971652043;0.02524608874984805;0.09927981892561633;0.4148668844263843
Fidelity (MAX_ERROR);Tolerancja_1.0;522;2557;0.008191579995381492;0.09050734774249819;0.9981408363138811;1.4872997456230348
Fidelity (MAX_ERROR);Tolerancja_0.01;523;4883;7.382226738114371e-06;0.0027170253473448444;0.009746122362422227;0.04989831277270393
Fidelity (MAX_ERROR);Tolerancja_0.1;523;4241;0.0003660166426372153;0.019131561427055955;0.09931804914574793;0.3513521273735376
Fidelity (MAX_ERROR);Tolerancja_1.0;523;2516;0.004804468283605511;0.06931427186089104;0.9991401399106454;1.2729602321549482
Fidelity (MAX_ERROR);Tolerancja_0.01;524;4917;8.108458203001604e-06;0.002847535461236893;0.009994852817431621;0.04919888074058583
Fidelity (MAX_ERROR);Tolerancja_0.1;524;4353;0.0004922970436039044;0.0221877678824145;0.09977874940922593;0.3833537319575799
Fidelity (MAX_ERROR);Tolerancja_1.0;524;2554;0.009302622761716617;0.09645010503735399;0.9975684843059973;1.6664365658465063
Fidelity (MAX_ERROR);Tolerancja_0.01;525;4921;6.433085876805319e-06;0.0025363528691420916;0.009983602669062286;0.03945804486643663
Fidelity (MAX_ERROR);Tolerancja_0.1;525;4345;0.0005312210844376275;0.02304823386807821;0.09971053837881483;0.35856140410240595
Fidelity (MAX_ERROR);Tolerancja_1.0;525;2662;0.008280160107974294;0.0909953850916314;0.9979352581264891;1.4156153235881326
Fidelity (MAX_ERROR);Tolerancja_0.01;526;4904;5.753829630424601e-06;0.002398714161884363;0.009921749755047005;0.03955579999313201
Fidelity (MAX_ERROR);Tolerancja_0.1;526;4218;0.0004409662816547799;0.02099919716691045;0.09934155195597794;0.34628554596022665
Fidelity (MAX_ERROR);Tolerancja_1.0;526;2590;0.005436649807331071;0.07373364094720314;0.9986614342666893;1.2158985845073687
Fidelity (MAX_ERROR);Tolerancja_0.01;527;4876;8.349934729525607e-06;0.002889625361448367;0.00995257876146205;0.04786365622559081
Fidelity (MAX_ERROR);Tolerancja_0.1;527;4312;0.00029563488397721003;0.017194036291028645;0.09921904897526956;0.2848014324430037
Fidelity (MAX_ERROR);Tolerancja_1.0;527;2557;0.0045370188401069825;0.06735739632814634;0.9999554362804197;1.1157056222974586
Fidelity (MAX_ERROR);Tolerancja_0.01;528;4885;7.27403568292761e-06;0.0026970420246869736;0.009878388684176898;0.048555509433886326
Fidelity (MAX_ERROR);Tolerancja_0.1;528;4127;0.00039432668019347085;0.019857660491444374;0.09912483010556983;0.35750233496608075
Fidelity (MAX_ERROR);Tolerancja_1.0;528;2235;0.0051875666040875484;0.0720247638252813;0.9997405184098969;1.2966794982728438
Fidelity (MAX_ERROR);Tolerancja_0.01;529;4893;8.39021012117968e-06;0.0028965859423085794;0.009813997721144219;0.046105079126074415
Fidelity (MAX_ERROR);Tolerancja_0.1;529;4275;0.00044170580713920115;0.021016798213315015;0.0998775075769811;0.3345252527979025
Fidelity (MAX_ERROR);Tolerancja_1.0;529;2680;0.005637915092143168;0.07508605124883828;0.9989034499263969;1.19514780608687
Fidelity (MAX_ERROR);Tolerancja_0.01;530;4913;6.082555293688821e-06;0.0024662837009737587;0.009774468955761506;0.04066733553414783
Fidelity (MAX_ERROR);Tolerancja_0.1;530;4277;0.0005482146193574356;0.023413983414990187;0.09895306096274048;0.38608061163135
Fidelity (MAX_ERROR);Tolerancja_1.0;530;2368;0.009891653702144865;0.09945679314227292;0.9991497337482551;1.6399746615809876
Fidelity (MAX_ERROR);Tolerancja_0.01;531;4912;6.312319882070688e-06;0.0025124330602168663;0.009948817853480563;0.04382116854248032
Fidelity (MAX_ERROR);Tolerancja_0.1;531;4170;0.0006812340695946578;0.026100461099272897;0.09972151755698277;0.4552370859062662
Fidelity (MAX_ERROR);Tolerancja_1.0;531;2581;0.007726299137883368;0.08789936938273998;0.9998449191676153;1.5331166993027476
Fidelity (MAX_ERROR);Tolerancja_0.01;532;4827;7.1641462020149165e-06;0.0026765922741454136;0.009751732984129902;0.050432106877779874
Fidelity (MAX_ERROR);Tolerancja_0.1;532;4017;0.0002695365075740063;0.016417567041861175;0.09989568672954618;0.30933829695545073
Fidelity (MAX_ERROR);Tolerancja_1.0;532;2188;0.002996352057823525;0.05473894461737023;0.9985529174127619;1.031386189068149
Fidelity (MAX_ERROR);Tolerancja_0.01;533;4916;6.314422198128875e-06;0.00251285140788883;0.00991718617641979;0.04465529110131757
Fidelity (MAX_ERROR);Tolerancja_0.1;533;4206;0.0005383082086886419;0.023201469968272312;0.09962049754651758;0.4123078635525566
Fidelity (MAX_ERROR);Tolerancja_1.0;533;2556;0.00687350348970061;0.08290659497109147;0.9980883510307428;1.4733135914962585
Fidelity (MAX_ERROR);Tolerancja_0.01;534;4902;5.908878190402844e-06;0.0024308184198748462;0.00982647390540592;0.04468062930567116
Fidelity (MAX_ERROR);Tolerancja_0.1;534;4351;0.0002683770405506594;0.016382217204965247;0.09991617514477547;0.30111988956284397
Fidelity (MAX_ERROR);Tolerancja_1.0;534;2644;0.004240157554262427;0.06511649218333576;0.9997762719183623;1.1968997047007137
Fidelity (MAX_ERROR);Tolerancja_0.01;535;4891;7.891288741682363e-06;0.0028091437737649463;0.009775891257005398;0.04601922880281394
Fidelity (MAX_ERROR);Tolerancja_0.1;535;4279;0.00035031256909180724;0.01871663882997712;0.09982828323803261;0.3066148812960044
Fidelity (MAX_ERROR);Tolerancja_1.0;535;2374;0.006001239274132575;0.07746766599125454;0.9992416659049432;1.2690707678850939
Fidelity (MAX_ERROR);Tolerancja_0.01;536;4909;8.850563179614815e-06;0.0029749896100011537;0.009785988188366845;0.04083995780194309
Fidelity (MAX_ERROR);Tolerancja_0.1;536;4309;0.0004408461518044621;0.020996336628194504;0.09972476161890143;0.28823277197614255
Fidelity (MAX_ERROR);Tolerancja_1.0;536;2600;0.006117094279828325;0.07821185511051586;0.9985888848779876;1.0736739555617865
Fidelity (MAX_ERROR);Tolerancja_0.01;537;4878;6.634138240711571e-06;0.0025756820923226475;0.009963973290520123;0.03977473404036753
Fidelity (MAX_ERROR);Tolerancja_0.1;537;4064;0.0005613917162068528;0.02369370625729231;0.098996105992879;0.3658878817473025
Fidelity (MAX_ERROR);Tolerancja_1.0;537;2274;0.0070090415729340905;0.08372001894967589;0.9981253468496294;1.2928386998936967
Fidelity (MAX_ERROR);Tolerancja_0.01;538;4899;6.525147544705814e-06;0.0025544368351372118;0.009947267424555983;0.0403765034955451
Fidelity (MAX_ERROR);Tolerancja_0.1;538;4232;0.0005280330657579648;0.022978970076092724;0.09931721173917829;0.3632152703245633
Fidelity (MAX_ERROR);Tolerancja_1.0;538;2510;0.007401647935251674;0.08603283056631157;0.9994807811879833;1.3598711216148465
Fidelity (MAX_ERROR);Tolerancja_0.01;539;4914;7.91624059331196e-06;0.002813581453114866;0.009675664683364005;0.04894132034213782
Fidelity (MAX_ERROR);Tolerancja_0.1;539;4364;0.0005628810750936147;0.023725114859439872;0.09931179345849195;0.4126905390296718
Fidelity (MAX_ERROR);Tolerancja_1.0;539;2606;0.009753349132123933;0.09875904582428859;0.9997088139623713;1.7178809922205762
Fidelity (MAX_ERROR);Tolerancja_0.01;540;4876;8.534845006898448e-06;0.0029214457049376165;0.009881278639384927;0.047198491543112474
Fidelity (MAX_ERROR);Tolerancja_0.1;540;4200;0.0003558122025356498;0.018862984984769772;0.09949294301402212;0.30474789785645695
Fidelity (MAX_ERROR);Tolerancja_1.0;540;2315;0.005833212082404081;0.07637546780481336;0.9979043250514468;1.2339119858343277
Fidelity (MAX_ERROR);Tolerancja_0.01;541;4903;6.437478358354293e-06;0.0025372186264400417;0.009620042645344995;0.044496335716948665
Fidelity (MAX_ERROR);Tolerancja_0.1;541;4358;0.0003640339916958063;0.01907967483202495;0.09924979173762694;0.33460877507713704
Fidelity (MAX_ERROR);Tolerancja_1.0;541;2748;0.0052909954146790955;0.07273922885678054;0.9988214649416154;1.2756603287059125
Fidelity (MAX_ERROR);Tolerancja_0.01;542;4899;7.987969133052778e-06;0.0028262995476510937;0.009847619894875592;0.04215099169110559
Fidelity (MAX_ERROR);Tolerancja_0.1;542;4255;0.00033724792303822755;0.018364311123432526;0.09957734040750754;0.27388247867074333
Fidelity (MAX_ERROR);Tolerancja_1.0;542;2463;0.004775343297850851;0.06910385877685016;0.9991311639728244;1.0306041974733844
Fidelity (MAX_ERROR);Tolerancja_0.01;543;4856;5.816807679667574e-06;0.0024118058959351546;0.009887420540064085;0.042238903455759
Fidelity (MAX_ERROR);Tolerancja_0.1;543;4091;0.00025216970991328897;0.015879852326557982;0.09961373772864413;0.27811008773287565
Fidelity (MAX_ERROR);Tolerancja_1.0;543;2201;0.003470863242698131;0.05891403264671441;0.9991282035458529;1.0317845815652282
Fidelity (MAX_ERROR);Tolerancja_0.01;544;4883;8.242857178847948e-06;0.0028710376484553366;0.00985128827671744;0.04565528289074767
Fidelity (MAX_ERROR);Tolerancja_0.1;544;4062;0.0005459705715373442;0.02336601317164193;0.09982924303713858;0.37156668494200834
Fidelity (MAX_ERROR);Tolerancja_1.0;544;2349;0.006326116675700811;0.07953688877307694;0.9986987401939786;1.2647967744827187
Fidelity (MAX_ERROR);Tolerancja_0.01;545;4897;5.610438004364589e-06;0.002368636317454537;0.009763647342030168;0.043132354186921136
Fidelity (MAX_ERROR);Tolerancja_0.1;545;4161;0.00035509233676046906;0.018843893885300594;0.0997375872028512;0.3431432252102767
Fidelity (MAX_ERROR);Tolerancja_1.0;545;2360;0.004713874962864504;0.06865766499717642;0.9981176246410142;1.2502412052381404
Fidelity (MAX_ERROR);Tolerancja_0.01;546;4881;7.127990779978117e-06;0.0026698297286490234;0.009738255959480524;0.047783275976901414
Fidelity (MAX_ERROR);Tolerancja_0.1;546;4135;0.00048580732193036186;0.022041037224467496;0.09956652145219103;0.39447945058534506
Fidelity (MAX_ERROR);Tolerancja_1.0;546;2376;0.0054836581118070556;0.07405172592051489;0.9989703981959761;1.3253407205171586
Fidelity (MAX_ERROR);Tolerancja_0.01;547;4878;7.957090121019712e-06;0.0028208314591658453;0.00996409250707675;0.0410817477154685
Fidelity (MAX_ERROR);Tolerancja_0.1;547;4155;0.0003621426448562825;0.019030045844828713;0.09907546240011378;0.27714790966002517
Fidelity (MAX_ERROR);Tolerancja_1.0;547;2408;0.004645396636861755;0.06815714663086883;0.9995105935556978;0.9926203473792602
Fidelity (MAX_ERROR);Tolerancja_0.01;548;4900;6.921575069992706e-06;0.002630888646444905;0.009929776916593802;0.044533944734815735
Fidelity (MAX_ERROR);Tolerancja_0.1;548;4240;0.0004424108439338383;0.021033564698686676;0.09937228170500179;0.35604228599079923
Fidelity (MAX_ERROR);Tolerancja_1.0;548;2132;0.008626428284117839;0.09287856740991346;0.9979704401123488;1.5721870226895456
Fidelity (MAX_ERROR);Tolerancja_0.01;549;4905;6.661333259098577e-06;0.0025809558808895933;0.009971902142767775;0.043820633140346205
Fidelity (MAX_ERROR);Tolerancja_0.1;549;4237;0.0004757827254355083;0.0218124442792528;0.09976167210959286;0.3703415179363418
Fidelity (MAX_ERROR);Tolerancja_1.0;549;2471;0.006568725445897118;0.08104767390799762;0.9983334540764295;1.3760639658732312
Fidelity (MAX_ERROR);Tolerancja_0.01;550;4894;6.3657004797766035e-06;0.0025230339830800146;0.009911149046742285;0.04975604187801287
Fidelity (MAX_ERROR);Tolerancja_0.1;550;4234;0.00032486336870121945;0.018023966508546877;0.09989980267422593;0.35544556213721
Fidelity (MAX_ERROR);Tolerancja_1.0;550;2624;0.003929866291008168;0.06268864563067357;0.998343052825434;1.2362651070866624
Fidelity (MAX_ERROR);Tolerancja_0.01;551;4865;6.989703947862427e-06;0.0026438048240863825;0.009745671064151029;0.041032644110595054
Fidelity (MAX_ERROR);Tolerancja_0.1;551;4115;0.000347134837790267;0.01863155489459393;0.09983260688844098;0.28916732213054963
Fidelity (MAX_ERROR);Tolerancja_1.0;551;2074;0.005307133955553986;0.07285007862421279;0.9994622140487026;1.1306550780083315
Fidelity (MAX_ERROR);Tolerancja_0.01;552;4859;7.411117306072927e-06;0.0027223367363485595;0.009988515814365329;0.048820109045712046
Fidelity (MAX_ERROR);Tolerancja_0.1;552;4093;0.0003605732224970426;0.018988765691772665;0.0995428717954745;0.34052863458737187
Fidelity (MAX_ERROR);Tolerancja_1.0;552;2392;0.0038462448756721463;0.062018101193701075;0.9994067780445977;1.112180731596618
Fidelity (MAX_ERROR);Tolerancja_0.01;553;4895;7.39378701170767e-06;0.002719151891989057;0.009967020477487765;0.04406210016142926
Fidelity (MAX_ERROR);Tolerancja_0.1;553;4206;0.00044713038250301836;0.021145457727441568;0.09995556301572073;0.34264848502606127
Fidelity (MAX_ERROR);Tolerancja_1.0;553;2451;0.006319985145669303;0.079498334232041;0.9991824768870661;1.2882191597750832
Fidelity (MAX_ERROR);Tolerancja_0.01;554;4815;6.777705436808224e-06;0.00260340266513043;0.009814238347401805;0.060172981463700974
Fidelity (MAX_ERROR);Tolerancja_0.1;554;4083;0.00019662737427748148;0.014022388322874299;0.0994207885342564;0.3241023464907837
Fidelity (MAX_ERROR);Tolerancja_1.0;554;2088;0.002703238825641627;0.05199268050063996;0.9997288846296328;1.2017175221937464
Fidelity (MAX_ERROR);Tolerancja_0.01;555;4896;8.734685725048766e-06;0.0029554501729937466;0.009950462098766266;0.04795041443504428
Fidelity (MAX_ERROR);Tolerancja_0.1;555;4193;0.0005719823534391319;0.023916152563469146;0.09948082012486026;0.3880252956348924
Fidelity (MAX_ERROR);Tolerancja_1.0;555;2357;0.00801484100720875;0.08952564441102197;0.9996822294018042;1.4525001271547382
Fidelity (MAX_ERROR);Tolerancja_0.01;556;4908;7.931107031914685e-06;0.002816222120486004;0.009937707780585336;0.040481522983870644
Fidelity (MAX_ERROR);Tolerancja_0.1;556;4291;0.00047992036870054866;0.02190708489736936;0.09937284609314645;0.3149013546663783
Fidelity (MAX_ERROR);Tolerancja_1.0;556;2682;0.006204655133397757;0.07876963332019363;0.9984221236429267;1.1322667691894255
Fidelity (MAX_ERROR);Tolerancja_0.01;557;4904;6.1216387583779674e-06;0.0024741945676073998;0.009704044627853348;0.04638337507738132
Fidelity (MAX_ERROR);Tolerancja_0.1;557;4223;0.0005433186048905005;0.023309195715221505;0.09987581465033801;0.4369741902136311
Fidelity (MAX_ERROR);Tolerancja_1.0;557;2548;0.006971469089710328;0.08349532375953954;0.9977714235485244;1.5652750070060937
Fidelity (MAX_ERROR);Tolerancja_0.01;558;4885;7.82429940554101e-06;0.002797194917330755;0.009898672348957582;0.04585454553513743
Fidelity (MAX_ERROR);Tolerancja_0.1;558;4280;0.00023347204444803128;0.015279792028952202;0.09921369426650806;0.2504823367931819
Fidelity (MAX_ERROR);Tolerancja_1.0;558;2661;0.003100131828468069;0.055678827470305704;0.9996114409975405;0.912745591578772
Fidelity (MAX_ERROR);Tolerancja_0.01;559;4883;7.204263690483262e-06;0.002684075947227139;0.009900392104427613;0.04551890029453528
Fidelity (MAX_ERROR);Tolerancja_0.1;559;4277;0.0003617648707622671;0.019020117527561893;0.0996434411067817;0.32255973763404344
Fidelity (MAX_ERROR);Tolerancja_1.0;559;2516;0.0059627503788766;0.0772188473034699;0.999015425132356;1.3095445435874407
Fidelity (MAX_ERROR);Tolerancja_0.01;560;4922;8.253470799146295e-06;0.0028728854483160817;0.009961694273844302;0.04379739042414464
Fidelity (MAX_ERROR);Tolerancja_0.1;560;4380;0.0006319443341730476;0.025138503021720437;0.09991795009106319;0.38323868157227514
Fidelity (MAX_ERROR);Tolerancja_1.0;560;2660;0.011861562029613705;0.10891079849865075;0.9971382640231568;1.6603546674813137
Fidelity (MAX_ERROR);Tolerancja_0.01;561;4875;7.263875713101798e-06;0.0026951578271228937;0.009910439500515622;0.05094206756649285
Fidelity (MAX_ERROR);Tolerancja_0.1;561;4130;0.000369686393295101;0.019227230515472087;0.09963679643079715;0.36342022948663866
Fidelity (MAX_ERROR);Tolerancja_1.0;561;2331;0.004414789118522511;0.06644387946622707;0.9986712706785363;1.255877694094724
Fidelity (MAX_ERROR);Tolerancja_0.01;562;4899;6.284510976993335e-06;0.002506892693553782;0.009946266764468525;0.04208026889922021
Fidelity (MAX_ERROR);Tolerancja_0.1;562;4121;0.0005110851770992212;0.02260719303892505;0.09998727965791332;0.37948044787906526
Fidelity (MAX_ERROR);Tolerancja_1.0;562;2095;0.007440759419508075;0.08625983665361345;0.9989141326540256;1.447942758348062
Fidelity (MAX_ERROR);Tolerancja_0.01;563;4899;6.048787494021949e-06;0.002459428286009159;0.009877757767228879;0.04623447556425236
Fidelity (MAX_ERROR);Tolerancja_0.1;563;4214;0.0004225313588947264;0.02055556758872706;0.09997407465433827;0.386421467459206
Fidelity (MAX_ERROR);Tolerancja_1.0;563;2181;0.007775432324486252;0.08817841189591845;0.9993356138706295;1.657654607490856
Fidelity (MAX_ERROR);Tolerancja_0.01;564;4918;6.7031705051109085e-06;0.002589048185165913;0.009915233224917941;0.03952513127362091
Fidelity (MAX_ERROR);Tolerancja_0.1;564;4326;0.0005529143408807992;0.02351413066393906;0.0997812419131181;0.3589732731133808
Fidelity (MAX_ERROR);Tolerancja_1.0;564;2404;0.010863461712937802;0.10422793153918868;0.9992490000375001;1.5911726556763213
Fidelity (MAX_ERROR);Tolerancja_0.01;565;4903;5.576865964665689e-06;0.0023615388975550856;0.00993676746442862;0.038655841854516926
Fidelity (MAX_ERROR);Tolerancja_0.1;565;4040;0.0005149994962811072;0.02269360033756449;0.09944964941231627;0.37146973385308896
Fidelity (MAX_ERROR);Tolerancja_1.0;565;2295;0.005700397438400486;0.07550097640693454;0.9999803858567518;1.2358694607442928
Fidelity (MAX_ERROR);Tolerancja_0.01;566;4924;6.698277993590934e-06;0.002588103165175402;0.00974157994054714;0.03923852752834885
Fidelity (MAX_ERROR);Tolerancja_0.1;566;4327;0.0005772538405468486;0.024026107478050802;0.09873969771443725;0.3642625581398229
Fidelity (MAX_ERROR);Tolerancja_1.0;566;2513;0.010358235775549299;0.1017754183265748;0.9981701572591799;1.5430287352729526
Fidelity (MAX_ERROR);Tolerancja_0.01;567;4909;6.2102807669299934e-06;0.0024920434921826694;0.009881230390753615;0.043596403621615716
Fidelity (MAX_ERROR);Tolerancja_0.1;567;4242;0.0005006096050805579;0.022374306806704825;0.09991892526276458;0.39142146329261046
Fidelity (MAX_ERROR);Tolerancja_1.0;567;2583;0.006401752220843672;0.08001095063079598;0.9991953256822059;1.399730666335282
Fidelity (MAX_ERROR);Tolerancja_0.01;568;4897;7.652798327762985e-06;0.002766369159704284;0.009986390224755226;0.04426401099261677
Fidelity (MAX_ERROR);Tolerancja_0.1;568;4187;0.00045002328009668036;0.021213752145640818;0.09963922714333284;0.3394361720941356
Fidelity (MAX_ERROR);Tolerancja_1.0;568;2297;0.006546088826505467;0.08090790336243714;0.9980352963085979;1.2945880022055059
Fidelity (MAX_ERROR);Tolerancja_0.01;569;4916;8.206217414181924e-06;0.002864649614557062;0.009803917361762338;0.0517160438740511
Fidelity (MAX_ERROR);Tolerancja_0.1;569;4378;0.0005315700820387858;0.023055803651982853;0.09960319761992409;0.4162306437612326
Fidelity (MAX_ERROR);Tolerancja_1.0;569;2530;0.011124237480135047;0.10547150079587872;0.9999741412854686;1.9040963107333027
Fidelity (MAX_ERROR);Tolerancja_0.01;570;4883;8.061823851897987e-06;0.0028393351073619307;0.009801900484088577;0.04916415869139885
Fidelity (MAX_ERROR);Tolerancja_0.1;570;4352;0.0003190809210745401;0.01786283631102687;0.09968510810621689;0.3093017505389725
Fidelity (MAX_ERROR);Tolerancja_1.0;570;2689;0.004962905401634377;0.07044789139239284;0.9990412489930525;1.2198318201010212
Fidelity (MAX_ERROR);Tolerancja_0.01;571;4907;5.044384567450838e-06;0.0022459707405598226;0.0098768658077093;0.033433969883917364
Fidelity (MAX_ERROR);Tolerancja_0.1;571;4287;0.00027736915955001444;0.01665440360835579;0.09930942894943073;0.24792078481733942
Fidelity (MAX_ERROR);Tolerancja_1.0;571;2499;0.004769417607073544;0.06906097021526372;0.9988389953659675;1.0280554223763898
Fidelity (MAX_ERROR);Tolerancja_0.01;572;4887;7.61336247159395e-06;0.0027592322250209298;0.009690810041601772;0.049095271588090426
Fidelity (MAX_ERROR);Tolerancja_0.1;572;4209;0.0004789736326502469;0.021885466242468926;0.0991338194895568;0.3894101044713069
Fidelity (MAX_ERROR);Tolerancja_1.0;572;2637;0.005713744156679338;0.07558931245010328;0.9980840977610645;1.344967556642209
Fidelity (MAX_ERROR);Tolerancja_0.01;573;4902;5.902574964500343e-06;0.002429521550532191;0.009969237463719693;0.039691478926836804
Fidelity (MAX_ERROR);Tolerancja_0.1;573;4273;0.00046985890398965855;0.021676229007593976;0.09943396296789508;0.3541279914474277
Fidelity (MAX_ERROR);Tolerancja_1.0;573;2626;0.0071767546883736485;0.08471572869528804;0.9992456727706394;1.3840142967836977
Fidelity (MAX_ERROR);Tolerancja_0.01;574;4908;5.59404626578545e-06;0.002365173622756995;0.009688739673566538;0.039844412313364
Fidelity (MAX_ERROR);Tolerancja_0.1;574;4181;0.000575536319838028;0.02399033805176634;0.09975996259715991;0.404148309314108
Fidelity (MAX_ERROR);Tolerancja_1.0;574;2546;0.006548360699400001;0.08092194201451175;0.9976195559703953;1.3632348981914937
Fidelity (MAX_ERROR);Tolerancja_0.01;575;4890;5.959791559967029e-06;0.0024412684325913507;0.009799234754500397;0.04449959277634903
Fidelity (MAX_ERROR);Tolerancja_0.1;575;4093;0.0004579989044083733;0.021400908962200024;0.09934360877890036;0.39009709917509605
Fidelity (MAX_ERROR);Tolerancja_1.0;575;2277;0.005801737478562783;0.07616913731008632;0.998343433980688;1.38841577074209
Fidelity (MAX_ERROR);Tolerancja_0.01;576;4909;6.8150198713814305e-06;0.002610559302406561;0.009717058451386151;0.04318768949321617
Fidelity (MAX_ERROR);Tolerancja_0.1;576;4232;0.0005473164430824148;0.02339479521351736;0.09938678211492302;0.38703091345496504
Fidelity (MAX_ERROR);Tolerancja_1.0;576;2637;0.0061651494130032436;0.07851846542695064;0.9992982669152664;1.2989672754098824
Fidelity (MAX_ERROR);Tolerancja_0.01;577;4891;6.933050428688933e-06;0.002633068633493805;0.00991796856124405;0.05626406890787993
Fidelity (MAX_ERROR);Tolerancja_0.1;577;4274;0.00035082822876546417;0.018730409199092905;0.09984488317406393;0.4002360669392065
Fidelity (MAX_ERROR);Tolerancja_1.0;577;2489;0.00528441038703415;0.07269395014053198;0.9984576749019531;1.553342502305306
Fidelity (MAX_ERROR);Tolerancja_0.01;578;4911;5.390497272536304e-06;0.00232174444600096;0.009659986796242137;0.043149796912512015
Fidelity (MAX_ERROR);Tolerancja_0.1;578;4356;0.0003406988421617509;0.018458029205788762;0.09919874625745706;0.3430438750512989
Fidelity (MAX_ERROR);Tolerancja_1.0;578;2516;0.006621180963691106;0.08137063944501792;0.9986268870872124;1.512279515836219
Fidelity (MAX_ERROR);Tolerancja_0.01;579;4869;7.473093985421514e-06;0.002733696030179931;0.009827448839706321;0.04551527260454026
Fidelity (MAX_ERROR);Tolerancja_0.1;579;4249;0.00032014230961445906;0.017892521052508478;0.09993692526948905;0.2979054599694453
Fidelity (MAX_ERROR);Tolerancja_1.0;579;2382;0.005083850786158436;0.07130112752375264;0.9996620103201415;1.1871437864439836
Fidelity (MAX_ERROR);Tolerancja_0.01;580;4881;7.676262670763862e-06;0.002770606913794135;0.009764507218942065;0.047450446136213756
Fidelity (MAX_ERROR);Tolerancja_0.1;580;4267;0.00029627046337411074;0.017212508921540484;0.09997867847562603;0.29478783994377267
Fidelity (MAX_ERROR);Tolerancja_1.0;580;2411;0.004604218119223006;0.06785438909328567;0.9991038721256302;1.162099545318567
Fidelity (MAX_ERROR);Tolerancja_0.01;581;4873;9.210485869289973e-06;0.003034878229730144;0.009925627087453925;0.0437625407676596
Fidelity (MAX_ERROR);Tolerancja_0.1;581;4202;0.00034028864989917837;0.018446914373389887;0.09987679233305968;0.2660020538533379
Fidelity (MAX_ERROR);Tolerancja_1.0;581;2492;0.00441301575469398;0.06643053330129135;0.9985805701188548;0.957919462249275
Fidelity (MAX_ERROR);Tolerancja_0.01;582;4880;6.94498661060252e-06;0.0026353342502617233;0.009701048952953872;0.04756207508864075
Fidelity (MAX_ERROR);Tolerancja_0.1;582;4173;0.00039709571990405876;0.019927260722539333;0.09970534911721707;0.35964389363596294
Fidelity (MAX_ERROR);Tolerancja_1.0;582;2483;0.004885789804928397;0.06989842491021094;0.9987834932405919;1.261515169784251
Fidelity (MAX_ERROR);Tolerancja_0.01;583;4905;6.799595025498895e-06;0.0026076033106089765;0.00964234034334499;0.0375013518387724
Fidelity (MAX_ERROR);Tolerancja_0.1;583;4252;0.0004398680001661889;0.020973030304803093;0.09912780382617115;0.3016244784571832
Fidelity (MAX_ERROR);Tolerancja_1.0;583;2408;0.0075667248418787;0.08698692339586853;0.9998495533324867;1.2510059357452554
Fidelity (MAX_ERROR);Tolerancja_0.01;584;4886;7.209832512652039e-06;0.0026851131284644303;0.009948745233563372;0.04446317765879799
Fidelity (MAX_ERROR);Tolerancja_0.1;584;4236;0.00033638209611594434;0.018340722344442825;0.09983963877645685;0.30370668086450797
Fidelity (MAX_ERROR);Tolerancja_1.0;584;2625;0.004089515399270861;0.06394931898989122;0.9985884153720122;1.0589460463562528
Fidelity (MAX_ERROR);Tolerancja_0.01;585;4933;6.560283403585393e-06;0.0025613050196306945;0.009755864188595753;0.044555755426740465
Fidelity (MAX_ERROR);Tolerancja_0.1;585;4327;0.0006227114850267492;0.024954187725244617;0.09942753949639904;0.43409616450885735
Fidelity (MAX_ERROR);Tolerancja_1.0;585;2657;0.009608669777579678;0.09802382250034773;0.9968897569707291;1.705195370268493
Fidelity (MAX_ERROR);Tolerancja_0.01;586;4926;7.968291011084014e-06;0.0028228161490051057;0.009865954910286412;0.04806326227715309
Fidelity (MAX_ERROR);Tolerancja_0.1;586;4301;0.000559168613708286;0.023646746366218885;0.09902104481022711;0.4026262117713425
Fidelity (MAX_ERROR);Tolerancja_1.0;586;2550;0.008574352566621497;0.09259780000961954;0.9982965169456692;1.5766355700204915
Fidelity (MAX_ERROR);Tolerancja_0.01;587;4902;7.888203745634967e-06;0.0028085946210934334;0.009906778876011657;0.04828398283849521
Fidelity (MAX_ERROR);Tolerancja_0.1;587;4378;0.00032460838196424115;0.018016891573305344;0.09936651260645668;0.30973757372996275
Fidelity (MAX_ERROR);Tolerancja_1.0;587;2623;0.005510261226889337;0.07423113381115323;0.9995111090928503;1.2761452877896575
Fidelity (MAX_ERROR);Tolerancja_0.01;588;4925;7.118188911878415e-06;0.002667993424256967;0.009869898211528394;0.04469794228262721
Fidelity (MAX_ERROR);Tolerancja_0.1;588;4284;0.0006221173837065375;0.02494228104457444;0.0996247856281256;0.4178678359516365
Fidelity (MAX_ERROR);Tolerancja_1.0;588;2632;0.00833867746585187;0.09131635924549264;0.9997080999489647;1.529858851189417
Fidelity (MAX_ERROR);Tolerancja_0.01;589;4881;8.056965258534849e-06;0.002838479391951763;0.009896248452639256;0.047056312864431266
Fidelity (MAX_ERROR);Tolerancja_0.1;589;4208;0.00034740081530418515;0.018638691351706673;0.09991024295360873;0.3089922351088127
Fidelity (MAX_ERROR);Tolerancja_1.0;589;2454;0.004878406924276863;0.06984559344924247;0.9979930453841037;1.1579002852261253
Fidelity (MAX_ERROR);Tolerancja_0.01;590;4877;7.030281930931098e-06;0.0026514678823118146;0.009901272016067608;0.045925430865052935
Fidelity (MAX_ERROR);Tolerancja_0.1;590;4195;0.00032759324825823205;0.018099537238786854;0.09947952662697546;0.3134976862041445
Fidelity (MAX_ERROR);Tolerancja_1.0;590;2529;0.0038711644618663363;0.062218682578999825;0.9991459651112775;1.0776746813938949
Fidelity (MAX_ERROR);Tolerancja_0.01;591;4930;5.7895810912584735e-06;0.0024061548352627836;0.009951061648217241;0.03873739440473233
Fidelity (MAX_ERROR);Tolerancja_0.1;591;4355;0.0005540587802588557;0.023538453225708262;0.09888988032606028;0.3789524817433549
Fidelity (MAX_ERROR);Tolerancja_1.0;591;2474;0.010849363614558133;0.10416027848732996;0.9982239945658389;1.6769069595763537
Fidelity (MAX_ERROR);Tolerancja_0.01;592;4866;7.305054520761311e-06;0.0027027864363950976;0.009860204472578182;0.04124359719934426
Fidelity (MAX_ERROR);Tolerancja_0.1;592;4221;0.0003906880000440307;0.019765829100850556;0.09991653714200233;0.30161979606271344
Fidelity (MAX_ERROR);Tolerancja_1.0;592;2460;0.005258971734914383;0.07251876815634958;0.9989702986810514;1.1066116149459233
Fidelity (MAX_ERROR);Tolerancja_0.01;593;4917;7.733534914998535e-06;0.0027809233925080597;0.009979954940883662;0.05674525537915411
Fidelity (MAX_ERROR);Tolerancja_0.1;593;4351;0.0004509707292533367;0.02123607141759833;0.09888514961703043;0.4333259589559441
Fidelity (MAX_ERROR);Tolerancja_1.0;593;2596;0.00793513281656942;0.08907936246162419;0.999819610479145;1.817680841376305
Fidelity (MAX_ERROR);Tolerancja_0.01;594;4903;7.3984571400569066e-06;0.0027200105036666506;0.009627053656467544;0.04230330280226409
Fidelity (MAX_ERROR);Tolerancja_0.1;594;4182;0.0005751504323715;0.023982294143211152;0.099201770933103;0.3729876225351376
Fidelity (MAX_ERROR);Tolerancja_1.0;594;2574;0.006493208637071251;0.08058044823076657;0.9983134580073543;1.2532374771542611
Fidelity (MAX_ERROR);Tolerancja_0.01;595;4842;8.332737592380342e-06;0.0028866481587440374;0.009934375080509206;0.04086718622035333
Fidelity (MAX_ERROR);Tolerancja_0.1;595;4081;0.0003113078135890593;0.017643917183807548;0.09980660882143688;0.24979048694347383
Fidelity (MAX_ERROR);Tolerancja_1.0;595;2238;0.0038713418633779077;0.06222010819162811;0.9993729796677195;0.8808696482165451
Fidelity (MAX_ERROR);Tolerancja_0.01;596;4859;7.976699224595106e-06;0.0028243050870249667;0.00991343532174982;0.042619080046468576
Fidelity (MAX_ERROR);Tolerancja_0.1;596;4069;0.0003748233949052647;0.019360356270101662;0.0994624095071881;0.292149944209026
Fidelity (MAX_ERROR);Tolerancja_1.0;596;2259;0.004305290154707445;0.06561470989578057;0.9980538982168046;0.990133320270922
Fidelity (MAX_ERROR);Tolerancja_0.01;597;4902;6.232178671510561e-06;0.002496433189875219;0.009797779042647115;0.03830284199065383
Fidelity (MAX_ERROR);Tolerancja_0.1;597;4222;0.0005462570565497111;0.023372142746220577;0.0996419606864154;0.3585994186514718
Fidelity (MAX_ERROR);Tolerancja_1.0;597;2691;0.00599365085444888;0.07741867251799711;0.9983821982190637;1.1878367875453686
Fidelity (MAX_ERROR);Tolerancja_0.01;598;4891;5.948272329398109e-06;0.0024389080198724405;0.009928534673714573;0.044448386115133826
Fidelity (MAX_ERROR);Tolerancja_0.1;598;4123;0.00046707111671575967;0.02161182816690341;0.09943836067780865;0.39386925426842845
Fidelity (MAX_ERROR);Tolerancja_1.0;598;2226;0.006173661140061661;0.07857264880390415;0.9981562385904885;1.4319635688054362
Fidelity (MAX_ERROR);Tolerancja_0.01;599;4915;6.896929219738192e-06;0.0026262005292319534;0.009942944172312451;0.04389063612706041
Fidelity (MAX_ERROR);Tolerancja_0.1;599;4315;0.0004179463941403471;0.020443737284076682;0.09992829605157105;0.34166798164306394
Fidelity (MAX_ERROR);Tolerancja_1.0;599;2595;0.006857022597169433;0.08280714097932275;0.9974508467907577;1.3839225348524944
Fidelity (MAX_ERROR);Tolerancja_0.01;600;4857;6.967354257904746e-06;0.0026395746357897793;0.009732398810497589;0.0458760520988951
Fidelity (MAX_ERROR);Tolerancja_0.1;600;4228;0.00023054925257900196;0.01518384841135481;0.09991844141559092;0.26389669431439233
Fidelity (MAX_ERROR);Tolerancja_1.0;600;2371;0.0036940264497976826;0.06077850318819708;0.9984373083639912;1.0563360251112275
Fidelity (MAX_ERROR);Tolerancja_0.01;601;4915;6.671325952775961e-06;0.00258289100675502;0.009701224413211307;0.04085651953232048
Fidelity (MAX_ERROR);Tolerancja_0.1;601;4319;0.00034883268980174094;0.018677063200667844;0.09978048443314869;0.295436313599293
Fidelity (MAX_ERROR);Tolerancja_1.0;601;2592;0.005284526271721393;0.07269474720859405;0.998359187534783;1.1498953503873979
Fidelity (MAX_ERROR);Tolerancja_0.01;602;4883;8.008046016248954e-06;0.0028298491154563265;0.009788455713091171;0.04940351524506593
Fidelity (MAX_ERROR);Tolerancja_0.1;602;4202;0.0003607734494793108;0.0189940372085376;0.0993943764581271;0.33159796459537383
Fidelity (MAX_ERROR);Tolerancja_1.0;602;2370;0.0047158354222517655;0.06867194057438428;0.9991190472193026;1.1988749663523233
Fidelity (MAX_ERROR);Tolerancja_0.01;603;4925;7.335865465487304e-06;0.002708480287077479;0.009890233681166372;0.045309561851085346
Fidelity (MAX_ERROR);Tolerancja_0.1;603;4377;0.0005969546609235793;0.024432655625690372;0.09921635682458252;0.40872843953869187
Fidelity (MAX_ERROR);Tolerancja_1.0;603;2615;0.010941054995576283;0.10459949806560394;0.9979224122482613;1.7498216434537373
Fidelity (MAX_ERROR);Tolerancja_0.01;604;4913;6.477287475049053e-06;0.0025450515662848667;0.009845497606919551;0.04151104335906906
Fidelity (MAX_ERROR);Tolerancja_0.1;604;4275;0.00047123573777242835;0.02170796484639747;0.09991520972735479;0.3540675882223324
Fidelity (MAX_ERROR);Tolerancja_1.0;604;2479;0.00716124704033721;0.08462415163732638;0.9995491643713343;1.380261553194911
Fidelity (MAX_ERROR);Tolerancja_0.01;605;4872;6.512580555735191e-06;0.0025519758140968326;0.009874184059196267;0.03633290956330959
Fidelity (MAX_ERROR);Tolerancja_0.1;605;4059;0.0003583016468971406;0.01892885751695386;0.09958035803939502;0.26949333316611196
Fidelity (MAX_ERROR);Tolerancja_1.0;605;2011;0.00511943697048009;0.07155024088345259;0.9999871773682436;1.018672832591688
Fidelity (MAX_ERROR);Tolerancja_0.01;606;4926;7.682889903767121e-06;0.0027718026451692265;0.009814520925695902;0.05100049365754683
Fidelity (MAX_ERROR);Tolerancja_0.1;606;4285;0.0007138402062056418;0.02671778819823306;0.09911463682275179;0.49160079629856646
Fidelity (MAX_ERROR);Tolerancja_1.0;606;2763;0.008818662613937732;0.09390773457994678;0.9977274469281774;1.7278794470400556
Fidelity (MAX_ERROR);Tolerancja_0.01;607;4929;6.39442648491349e-06;0.0025287203255626137;0.00982690181341983;0.03973210219439041
Fidelity (MAX_ERROR);Tolerancja_0.1;607;4286;0.0007128443222095612;0.026699144596963424;0.09986590145635255;0.4195059180351776
Fidelity (MAX_ERROR);Tolerancja_1.0;607;2605;0.010206752585995994;0.10102847413475072;0.9999274169335668;1.5873932827949866
Fidelity (MAX_ERROR);Tolerancja_0.01;608;4941;4.84369439580482e-06;0.002200839475246848;0.00992000389928549;0.03471145336382487
Fidelity (MAX_ERROR);Tolerancja_0.1;608;4300;0.0007092520205070314;0.026631785905324324;0.09944279225551789;0.42003426639934716
Fidelity (MAX_ERROR);Tolerancja_1.0;608;2572;0.01059358401439594;0.10292513791293136;0.9973481940638982;1.6233265373564991
Fidelity (MAX_ERROR);Tolerancja_0.01;609;4918;6.666188949606332e-06;0.0025818963863033567;0.009922792691127391;0.05041751568592827
Fidelity (MAX_ERROR);Tolerancja_0.1;609;4296;0.0004972061211761367;0.022298119229570385;0.09936078586617292;0.435422498744485
Fidelity (MAX_ERROR);Tolerancja_1.0;609;2660;0.007025098120748248;0.08381585840846735;0.9995512215348303;1.636699047434951
Fidelity (MAX_ERROR);Tolerancja_0.01;610;4895;7.3708744778223475e-06;0.0027149354463453356;0.009887373035169844;0.04349133219550776
Fidelity (MAX_ERROR);Tolerancja_0.1;610;4247;0.00033646837632377816;0.01834307434220824;0.09997884427367731;0.29384298649817653
Fidelity (MAX_ERROR);Tolerancja_1.0;610;2300;0.0056913550130361;0.0754410698030993;0.9995357227516966;1.2085122069505507
Fidelity (MAX_ERROR);Tolerancja_0.01;611;4840;8.5624702466896e-06;0.0029261698936817733;0.009956837855108258;0.04861466120219723
Fidelity (MAX_ERROR);Tolerancja_0.1;611;3979;0.00041085578916644244;0.020269577922750203;0.09993829379863328;0.3367537426838149
Fidelity (MAX_ERROR);Tolerancja_1.0;611;2289;0.0040999909157869215;0.06403117143850268;0.9990185996311882;1.0637980086473902
Fidelity (MAX_ERROR);Tolerancja_0.01;612;4919;7.640196483032303e-06;0.002764090534521672;0.009851382954346732;0.042840788676641685
Fidelity (MAX_ERROR);Tolerancja_0.1;612;4320;0.0005622903651271555;0.02371266254824952;0.09969695888315311;0.36752383921674636
Fidelity (MAX_ERROR);Tolerancja_1.0;612;2744;0.007317627493696096;0.08554313235845468;0.9993250738964252;1.325837634598583
Fidelity (MAX_ERROR);Tolerancja_0.01;613;4921;6.068463728484968e-06;0.0024634252025350733;0.009978743318868943;0.041554997317277444
Fidelity (MAX_ERROR);Tolerancja_0.1;613;4286;0.0005133040681737826;0.022656214780359552;0.09965618261126519;0.3821828823739568
Fidelity (MAX_ERROR);Tolerancja_1.0;613;2560;0.00798796264230273;0.08937540289309319;0.9983980269738453;1.5076547173549508
Fidelity (MAX_ERROR);Tolerancja_0.01;614;4896;7.012892527244278e-06;0.0026481866488682927;0.009959258133331872;0.04073279686965918
Fidelity (MAX_ERROR);Tolerancja_0.1;614;4280;0.0003252884668316215;0.018035755233192247;0.09938519637778676;0.27741502080998137
Fidelity (MAX_ERROR);Tolerancja_1.0;614;2249;0.005929463142113833;0.07700300735759502;0.9989584644457512;1.1844134394341874
Fidelity (MAX_ERROR);Tolerancja_0.01;615;4847;8.548464342079386e-06;0.0029237756996868597;0.009890273148532636;0.04629332867774462
Fidelity (MAX_ERROR);Tolerancja_0.1;615;4168;0.0002793560834065003;0.016713948767616237;0.09942969941753965;0.26463874225547196
Fidelity (MAX_ERROR);Tolerancja_1.0;615;2165;0.0046139526188960075;0.06792608202226894;0.9986591290692903;1.075501257221995
Fidelity (MAX_ERROR);Tolerancja_0.01;616;4927;6.580688453778011e-06;0.0025652852577789493;0.009692207716095247;0.039386430998359645
Fidelity (MAX_ERROR);Tolerancja_0.1;616;4426;0.00037193198174466466;0.019285538150247833;0.09979181578496288;0.29610294423109434
Fidelity (MAX_ERROR);Tolerancja_1.0;616;2594;0.007725914503098136;0.08789718142863362;0.9995911514473903;1.3495404695408317
Fidelity (MAX_ERROR);Tolerancja_0.01;617;4871;6.5264379735014176e-06;0.0025546894084215828;0.009938643713834239;0.040077074215674684
Fidelity (MAX_ERROR);Tolerancja_0.1;617;4201;0.0002798300179532696;0.016728120574447974;0.09995538662912562;0.26242490673851504
Fidelity (MAX_ERROR);Tolerancja_1.0;617;2324;0.0044290711907491705;0.06655126738649814;0.9985577145465658;1.0440330137211535
Fidelity (MAX_ERROR);Tolerancja_0.01;618;4876;7.6163076841105325e-06;0.002759765874872456;0.009856576898920721;0.0427882470046443
Fidelity (MAX_ERROR);Tolerancja_0.1;618;4035;0.00041361128157148925;0.020337435471845737;0.09983512608329903;0.3153177667473575
Fidelity (MAX_ERROR);Tolerancja_1.0;618;1990;0.005412152287122035;0.07356733165693884;0.9980060493151957;1.1406102188125524
Fidelity (MAX_ERROR);Tolerancja_0.01;619;4874;5.6335148131434905e-06;0.0023735026465423396;0.009823129841534772;0.04508412216409415
Fidelity (MAX_ERROR);Tolerancja_0.1;619;4042;0.00045714921387212044;0.021381048006870955;0.09951941429463584;0.4061279568162203
Fidelity (MAX_ERROR);Tolerancja_1.0;619;2260;0.00527482826345188;0.07262801293889211;0.99871059887281;1.3795519514766268
Fidelity (MAX_ERROR);Tolerancja_0.01;620;4914;8.212837428730727e-06;0.0028658048483333138;0.009938929203888058;0.052508210399278145
Fidelity (MAX_ERROR);Tolerancja_0.1;620;4420;0.0003854527007940303;0.01963294936564627;0.09972738621668498;0.3597212966714295
Fidelity (MAX_ERROR);Tolerancja_1.0;620;2476;0.009818851957779203;0.09909012038432087;0.998455305021841;1.815561479231809
Fidelity (MAX_ERROR);Tolerancja_0.01;621;4870;6.896578150191579e-06;0.002626133688560348;0.009998476192972117;0.05359591815823952
Fidelity (MAX_ERROR);Tolerancja_0.1;621;4053;0.00040308611081863957;0.02007700452803255;0.09924417092650195;0.4097451307351102
Fidelity (MAX_ERROR);Tolerancja_1.0;621;2193;0.0048947950575796;0.06996281196163859;0.9993207664212451;1.4278485365578966
Fidelity (MAX_ERROR);Tolerancja_0.01;622;4886;7.218854717950199e-06;0.0026867926451347524;0.009816750071156122;0.03723961681330624
Fidelity (MAX_ERROR);Tolerancja_0.1;622;4264;0.00033591594383126184;0.01832800981643293;0.09940832606966232;0.254030791602173
Fidelity (MAX_ERROR);Tolerancja_1.0;622;2295;0.0056242535211655075;0.07499502330932038;0.999654168278568;1.0394497454060108
Fidelity (MAX_ERROR);Tolerancja_0.01;623;4902;6.967522458655817e-06;0.0026396064969339307;0.009641149531105953;0.04407196413000237
Fidelity (MAX_ERROR);Tolerancja_0.1;623;4192;0.0005118156191294017;0.02262334235097462;0.09898198346772524;0.3777287007556085
Fidelity (MAX_ERROR);Tolerancja_1.0;623;2352;0.007281754674714692;0.08533319796371569;0.9993540174081623;1.424758441882787
Fidelity (MAX_ERROR);Tolerancja_0.01;624;4925;7.204182237714258e-06;0.002684060773848882;0.009851953175748385;0.03952490143843533
Fidelity (MAX_ERROR);Tolerancja_0.1;624;4444;0.0003254825597563976;0.018041135212519127;0.09936489647183144;0.2656698753097798
Fidelity (MAX_ERROR);Tolerancja_1.0;624;2509;0.007811133747880652;0.08838061862128287;0.9988122799465127;1.3014739733575138
Fidelity (MAX_ERROR);Tolerancja_0.01;625;4892;7.5294879669296045e-06;0.0027439912476044095;0.00977996733858344;0.04325228343409107
Fidelity (MAX_ERROR);Tolerancja_0.1;625;4294;0.0005087903910563599;0.02255638249046952;0.09997930153745038;0.355545976896719
Fidelity (MAX_ERROR);Tolerancja_1.0;625;2649;0.0067147077732272065;0.08194332049183269;0.9973627290816469;1.2916352144116856
Fidelity (MAX_ERROR);Tolerancja_0.01;626;4935;7.91053569827001e-06;0.0028125674566612637;0.0097711093961248;0.04413160074874847
Fidelity (MAX_ERROR);Tolerancja_0.1;626;4339;0.0007390816180700847;0.02718605558131015;0.09954883857264996;0.42657257802160514
Fidelity (MAX_ERROR);Tolerancja_1.0;626;2695;0.010693093905030418;0.1034074170697171;0.9980088004022243;1.622551250734211
Fidelity (MAX_ERROR);Tolerancja_0.01;627;4908;6.754178662399646e-06;0.0025988802708858377;0.00995446974012637;0.04218719067718835
Fidelity (MAX_ERROR);Tolerancja_0.1;627;4252;0.00047865499932377576;0.021878185466893175;0.09933157428453576;0.35514494157443915
Fidelity (MAX_ERROR);Tolerancja_1.0;627;2274;0.008588077399025437;0.09267188030371153;0.9990819372185;1.5043272014426674
Fidelity (MAX_ERROR);Tolerancja_0.01;628;4889;6.983171539225931e-06;0.0026425691172088446;0.009895147670627935;0.04710598550905947
Fidelity (MAX_ERROR);Tolerancja_0.1;628;4229;0.0003064603236513286;0.017506008215790618;0.09969279446164059;0.31205911094787725
Fidelity (MAX_ERROR);Tolerancja_1.0;628;2227;0.004895208447077088;0.06996576625091079;0.9994810467192661;1.247197793118376
Fidelity (MAX_ERROR);Tolerancja_0.01;629;4929;6.345786641490578e-06;0.0025190844847862047;0.009801602084548833;0.036781656366918124
Fidelity (MAX_ERROR);Tolerancja_0.1;629;4263;0.0007447409191505289;0.027289941721273955;0.09968882420641667;0.39846589692695866
Fidelity (MAX_ERROR);Tolerancja_1.0;629;2612;0.010189826926235535;0.10094467259957574;0.9978778166332702;1.4739133530663486
Fidelity (MAX_ERROR);Tolerancja_0.01;630;4881;8.72908822619173e-06;0.002954503042169991;0.009820264821982061;0.05155102805205457
Fidelity (MAX_ERROR);Tolerancja_0.1;630;4174;0.0005014702021915646;0.02239353036462908;0.09987727205810693;0.3907288283459175
Fidelity (MAX_ERROR);Tolerancja_1.0;630;2635;0.005297036764884556;0.07278074446503385;0.9981455846421472;1.2698995892083105
Fidelity (MAX_ERROR);Tolerancja_0.01;631;4911;7.151019437665618e-06;0.0026741390086653344;0.009927828744829448;0.04423880981131384
Fidelity (MAX_ERROR);Tolerancja_0.1;631;4197;0.0006014455495339776;0.024524386832986828;0.09991801747190543;0.405711775389374
Fidelity (MAX_ERROR);Tolerancja_1.0;631;2358;0.009008323375937771;0.09491218771020807;0.9985611099293696;1.5701510681687558
Fidelity (MAX_ERROR);Tolerancja_0.01;632;4874;7.073947780119208e-06;0.002659689414220993;0.009829659570035787;0.04224408713620474
Fidelity (MAX_ERROR);Tolerancja_0.1;632;4124;0.00042365736159872283;0.020582938604551168;0.09974096881125849;0.3269206724968244
Fidelity (MAX_ERROR);Tolerancja_1.0;632;2378;0.005096576123219038;0.07139030832836511;0.9993711616864651;1.1338987137290593
Fidelity (MAX_ERROR);Tolerancja_0.01;633;4903;7.573663712247216e-06;0.0027520290173337954;0.009864956590162066;0.04853440913988887
Fidelity (MAX_ERROR);Tolerancja_0.1;633;4359;0.00039931914197946137;0.019982971300071;0.09991521530384562;0.3524169617397126
Fidelity (MAX_ERROR);Tolerancja_1.0;633;2521;0.0072132060552341755;0.08493059551913065;0.9996311623010583;1.4978244217110057
Fidelity (MAX_ERROR);Tolerancja_0.01;634;4884;7.308448248400185e-06;0.002703414183657433;0.009760484841230266;0.051102505549043345
Fidelity (MAX_ERROR);Tolerancja_0.1;634;4157;0.00034975116436149217;0.018701635339228816;0.09944311818608575;0.3535160943803899
Fidelity (MAX_ERROR);Tolerancja_1.0;634;2617;0.0034955740564125747;0.05912337994746727;0.9991666386832918;1.1176063475986036
Fidelity (MAX_ERROR);Tolerancja_0.01;635;4890;6.847342075776314e-06;0.002616742646072845;0.009986697993809912;0.041657181074546815
Fidelity (MAX_ERROR);Tolerancja_0.1;635;4103;0.0004941275976331186;0.022228981030022913;0.09982810510527518;0.3538738092032276
Fidelity (MAX_ERROR);Tolerancja_1.0;635;2115;0.00698835740946467;0.08359639591193313;0.9980696444733113;1.3308111162208502
Fidelity (MAX_ERROR);Tolerancja_0.01;636;4888;7.344052806518292e-06;0.0027099912927015636;0.00993966858177231;0.04270562130488967
Fidelity (MAX_ERROR);Tolerancja_0.1;636;4217;0.0004099443462783249;0.02024708241397572;0.09965045866095279;0.31906531819080614
Fidelity (MAX_ERROR);Tolerancja_1.0;636;2463;0.005369040013902288;0.0732737334513691;0.9994819579339502;1.1546901721776848
Fidelity (MAX_ERROR);Tolerancja_0.01;637;4898;7.636403561188715e-06;0.002763404342688329;0.009902871265588864;0.04588249330689598
Fidelity (MAX_ERROR);Tolerancja_0.1;637;4265;0.0004625890703835795;0.0215078839122676;0.09992133064808773;0.3571085578775955
Fidelity (MAX_ERROR);Tolerancja_1.0;637;2272;0.008236158861419087;0.09075328567836587;0.999719942205358;1.5068323366191065
Fidelity (MAX_ERROR);Tolerancja_0.01;638;4912;7.122365342326456e-06;0.0026687760007775953;0.009969995674245169;0.04988452822513469
Fidelity (MAX_ERROR);Tolerancja_0.1;638;4346;0.0004253668459773829;0.02062442353078948;0.09923412039321633;0.38550992569216347
Fidelity (MAX_ERROR);Tolerancja_1.0;638;2655;0.00675722047772598;0.08220231430881968;0.9992427408523037;1.5365184890432613
Fidelity (MAX_ERROR);Tolerancja_0.01;639;4912;6.608427933873487e-06;0.002570686276828327;0.009876691248760672;0.04341292878162496
Fidelity (MAX_ERROR);Tolerancja_0.1;639;4197;0.0005566415095323448;0.02359325135568103;0.0995250077058536;0.39843529335476263
Fidelity (MAX_ERROR);Tolerancja_1.0;639;2471;0.007449773019077641;0.08631206763296567;0.9987860388299596;1.4576106306397683
Fidelity (MAX_ERROR);Tolerancja_0.01;640;4901;5.621696515436599e-06;0.002371011707148786;0.009671219832430689;0.03995793959158754
Fidelity (MAX_ERROR);Tolerancja_0.1;640;4184;0.00040634936159782137;0.020158109077932418;0.09994592234701538;0.33971848489321305
Fidelity (MAX_ERROR);Tolerancja_1.0;640;2376;0.005118366010004184;0.07154275651667459;0.9980453211106015;1.2056883289482425
Fidelity (MAX_ERROR);Tolerancja_0.01;641;4873;6.547526076585555e-06;0.0025588134118347816;0.009868007780582388;0.03923575108379573
Fidelity (MAX_ERROR);Tolerancja_0.1;641;4124;0.00035701742610744105;0.018894904765767967;0.09972221964393935;0.2897263929885817
Fidelity (MAX_ERROR);Tolerancja_1.0;641;2265;0.004824514121038382;0.06945872242590113;0.9986344032646901;1.0650503593175176
Fidelity (MAX_ERROR);Tolerancja_0.01;642;4919;6.387738899375026e-06;0.0025273976535905517;0.009968622230276392;0.04161069076445481
Fidelity (MAX_ERROR);Tolerancja_0.1;642;4323;0.0005158028485825188;0.022711293415006526;0.09981235754299456;0.37391528231027416
Fidelity (MAX_ERROR);Tolerancja_1.0;642;2516;0.00934373811706138;0.09666301318012686;0.9979430073528137;1.591445154696774
Fidelity (MAX_ERROR);Tolerancja_0.01;643;4862;5.538764693129836e-06;0.002353458028758923;0.009956220017389494;0.04033385021802748
Fidelity (MAX_ERROR);Tolerancja_0.1;643;4048;0.0002532270957886089;0.01591311081431311;0.09954434111930688;0.27272083047338047
Fidelity (MAX_ERROR);Tolerancja_1.0;643;2018;0.0033717702608138667;0.05806694637066656;0.9988805190996723;0.9951583962462963
Fidelity (MAX_ERROR);Tolerancja_0.01;644;4880;8.6791034068223e-06;0.002946031806824614;0.009979748209582695;0.04646501168506032
Fidelity (MAX_ERROR);Tolerancja_0.1;644;4264;0.0003268573716931203;0.018079197208203696;0.09994108139027058;0.28514631362420495
Fidelity (MAX_ERROR);Tolerancja_1.0;644;2469;0.005249134970162965;0.07245091421205783;0.9988575586106001;1.1427006889939475
Fidelity (MAX_ERROR);Tolerancja_0.01;645;4891;6.25283405057373e-06;0.0025005667458745688;0.009755463583821289;0.04086369218846585
Fidelity (MAX_ERROR);Tolerancja_0.1;645;4055;0.00044774988879689844;0.021160101341839044;0.09950555215649493;0.34579355633525927
Fidelity (MAX_ERROR);Tolerancja_1.0;645;2404;0.004547886739703506;0.06743802146937221;0.9984278105556403;1.1020567859946295
Fidelity (MAX_ERROR);Tolerancja_0.01;646;4836;8.215179199336104e-06;0.0028662133904048567;0.00994921547477512;0.052251277792358476
Fidelity (MAX_ERROR);Tolerancja_0.1;646;4148;0.00023656173416718423;0.015380563519168737;0.09994270250429338;0.2803887874271578
Fidelity (MAX_ERROR);Tolerancja_1.0;646;2403;0.0027870600779064192;0.052792613857493544;0.9987796050932558;0.9624131759648815
Fidelity (MAX_ERROR);Tolerancja_0.01;647;4924;5.625458660390973e-06;0.0023718049372557963;0.009701908778069424;0.03894821673870509
Fidelity (MAX_ERROR);Tolerancja_0.1;647;4342;0.00048028506531193365;0.021915407030487333;0.09946533575794092;0.35988036348720437
Fidelity (MAX_ERROR);Tolerancja_1.0;647;2757;0.007214070185356836;0.08493568263902301;0.9989569447230267;1.394757774685316
Fidelity (MAX_ERROR);Tolerancja_0.01;648;4895;7.635403431396004e-06;0.0027632233770355963;0.009730246019338473;0.04469597954092198
Fidelity (MAX_ERROR);Tolerancja_0.1;648;4205;0.0004944712364633469;0.022236709209398475;0.09987572599424155;0.35968554266754893
Fidelity (MAX_ERROR);Tolerancja_1.0;648;2364;0.006988803937445681;0.08359906660630656;0.9975883122665614;1.352240358752407
Fidelity (MAX_ERROR);Tolerancja_0.01;649;4859;7.429550606020585e-06;0.002725720199510688;0.009867286356554317;0.04307022996637212
Fidelity (MAX_ERROR);Tolerancja_0.1;649;4113;0.00041148484851410077;0.020285089314915544;0.09970462670782965;0.32053306932921843
Fidelity (MAX_ERROR);Tolerancja_1.0;649;2197;0.005488150380855694;0.07408205167822833;0.9989419424734232;1.1706010773720454
Fidelity (MAX_ERROR);Tolerancja_0.01;650;4895;8.562602772682718e-06;0.002926192538552909;0.00995001546261598;0.040902393690259574
Fidelity (MAX_ERROR);Tolerancja_0.1;650;4197;0.0005660531845374805;0.023791872236910667;0.0997021432473808;0.3325633949376845
Fidelity (MAX_ERROR);Tolerancja_1.0;650;2471;0.006850020284638506;0.08276484933012629;0.9997230552255281;1.1568891678911757
Fidelity (MAX_ERROR);Tolerancja_0.01;651;4925;7.035753021264093e-06;0.002652499391378647;0.009770733513196683;0.04211862005079602
Fidelity (MAX_ERROR);Tolerancja_0.1;651;4298;0.0006500553062583263;0.025496182189855922;0.09970460877604559;0.4048498611878169
Fidelity (MAX_ERROR);Tolerancja_1.0;651;2611;0.009232703076919091;0.09608695581044854;0.9984583379258316;1.525749637029865
Fidelity (MAX_ERROR);Tolerancja_0.01;652;4932;6.844614312310029e-06;0.002616221380600279;0.009750876823074961;0.04784518241784454
Fidelity (MAX_ERROR);Tolerancja_0.1;652;4304;0.000558969227594594;0.02364253005908196;0.09885917908441755;0.43237211188779645
Fidelity (MAX_ERROR);Tolerancja_1.0;652;2691;0.0077888370898461234;0.08825438850191034;0.998168008739158;1.6139870075063674
Fidelity (MAX_ERROR);Tolerancja_0.01;653;4892;5.98815761892205e-06;0.0024470712329072177;0.009934927050993636;0.045390072227472225
Fidelity (MAX_ERROR);Tolerancja_0.1;653;4152;0.00040922929468802105;0.020229416568156904;0.09988593201432061;0.3752300573847169
Fidelity (MAX_ERROR);Tolerancja_1.0;653;2377;0.0049552634874180665;0.07039363243517177;0.9980341763774998;1.305712730230001
Fidelity (MAX_ERROR);Tolerancja_0.01;654;4891;6.786552251403167e-06;0.002605101197919798;0.009776258131539706;0.04330098167676882
Fidelity (MAX_ERROR);Tolerancja_0.1;654;4162;0.0004886042250870988;0.022104393795965065;0.0999986858375781;0.36741066009238105
Fidelity (MAX_ERROR);Tolerancja_1.0;654;2367;0.005926475663707368;0.07698360646077429;0.9983603128395675;1.2795916471234892
Fidelity (MAX_ERROR);Tolerancja_0.01;655;4926;6.995324499491679e-06;0.0026448675769292643;0.00979724491577727;0.03851930455165521
Fidelity (MAX_ERROR);Tolerancja_0.1;655;4292;0.0005902904626049301;0.024295893945375423;0.0999046205819134;0.35384037613073316
Fidelity (MAX_ERROR);Tolerancja_1.0;655;2516;0.009372701985070765;0.09681271602982103;0.9999962257543711;1.4099603797764437
Fidelity (MAX_ERROR);Tolerancja_0.01;656;4912;7.274258056181035e-06;0.0026970832497683556;0.009954838096156493;0.04454665433197946
Fidelity (MAX_ERROR);Tolerancja_0.1;656;4179;0.0006023757256232344;0.024543343815039434;0.09908307614059453;0.40537267552767975
Fidelity (MAX_ERROR);Tolerancja_1.0;656;2456;0.007670129934086549;0.08757927799477767;0.9981101211341183;1.4465121993593535
Fidelity (MAX_ERROR);Tolerancja_0.01;657;4884;7.286003590087334e-06;0.0026992598226342223;0.009909679322939624;0.040572017383431386
Fidelity (MAX_ERROR);Tolerancja_0.1;657;4232;0.0003365971124714434;0.01834658312796809;0.09909709807305056;0.27576370505454617
Fidelity (MAX_ERROR);Tolerancja_1.0;657;2142;0.006252397383898969;0.07907210243757888;0.9991223493771595;1.1885164546742675
Fidelity (MAX_ERROR);Tolerancja_0.01;658;4895;8.247450894192762e-06;0.002871837546622852;0.009937504616038595;0.04469582390732771
Fidelity (MAX_ERROR);Tolerancja_0.1;658;4367;0.0003092110713209821;0.0175843985203072;0.09988826295038056;0.2736746654434421
Fidelity (MAX_ERROR);Tolerancja_1.0;658;2363;0.006980748387701422;0.0835508730517008;0.9997134935576399;1.3003434381634027
Fidelity (MAX_ERROR);Tolerancja_0.01;659;4897;6.9858869246404136e-06;0.002643082844831091;0.009754559154792064;0.039132089699938484
Fidelity (MAX_ERROR);Tolerancja_0.1;659;4216;0.00043024797257135513;0.020742419641193145;0.09994569640039686;0.30710131828834447
Fidelity (MAX_ERROR);Tolerancja_1.0;659;2578;0.005515997625824316;0.07426976252704943;0.9984207169857982;1.0995989077244985
Fidelity (MAX_ERROR);Tolerancja_0.01;660;4917;5.724891129591797e-06;0.0023926744721319273;0.009955176495298979;0.03551513006927129
Fidelity (MAX_ERROR);Tolerancja_0.1;660;4235;0.0005836862093306746;0.02415959869970266;0.09941620599510248;0.3586076168049773
Fidelity (MAX_ERROR);Tolerancja_1.0;660;2511;0.008183830126654133;0.09046452413324316;0.9998320261126277;1.3427899944885238
Fidelity (MAX_ERROR);Tolerancja_0.01;661;4928;5.806247319931159e-06;0.002409615595884779;0.009630161894104816;0.04411539110883261
Fidelity (MAX_ERROR);Tolerancja_0.1;661;4287;0.0005555719289102512;0.023570573368296564;0.09989689585704542;0.43153151256892774
Fidelity (MAX_ERROR);Tolerancja_1.0;661;2440;0.008894333089499941;0.09430977197247346;0.9982649048863443;1.7266291283372945
Fidelity (MAX_ERROR);Tolerancja_0.01;662;4894;7.71138280681172e-06;0.0027769376670735194;0.009792701725611419;0.05189536439303896
Fidelity (MAX_ERROR);Tolerancja_0.1;662;4226;0.0003840693296959056;0.01959768684554138;0.09962312943479379;0.36624124198719743
Fidelity (MAX_ERROR);Tolerancja_1.0;662;2398;0.005402047009963931;0.07349861910242893;0.9979563138492402;1.373540956979911
Fidelity (MAX_ERROR);Tolerancja_0.01;663;4879;6.857952786580027e-06;0.0026187693267220057;0.009695717373143786;0.05050307448694599
Fidelity (MAX_ERROR);Tolerancja_0.1;663;4115;0.000408689531612452;0.020216071122066522;0.09965395035501157;0.38986776547788105
Fidelity (MAX_ERROR);Tolerancja_1.0;663;2166;0.005681845830689482;0.07537801954608175;0.9996788152868561;1.4536682161996122
Fidelity (MAX_ERROR);Tolerancja_0.01;664;4884;8.048670634151791e-06;0.0028370179122014353;0.009718808653012445;0.056628175030919346
Fidelity (MAX_ERROR);Tolerancja_0.1;664;4142;0.0005183492069385032;0.022767283696974113;0.09946065967915807;0.4544453951545248
Fidelity (MAX_ERROR);Tolerancja_1.0;664;2572;0.005480353316325956;0.07402940845586946;0.9985596963035597;1.4776608499526254
Fidelity (MAX_ERROR);Tolerancja_0.01;665;4871;7.817940980836993e-06;0.002796058114710242;0.009957642793139598;0.042646266865315925
Fidelity (MAX_ERROR);Tolerancja_0.1;665;4184;0.000453720773702436;0.021300722375131694;0.09942393052108622;0.3248846245558134
Fidelity (MAX_ERROR);Tolerancja_1.0;665;2662;0.0049586264418955035;0.07041751516416568;0.9996507580012048;1.0740277993094036
Fidelity (MAX_ERROR);Tolerancja_0.01;666;4873;7.441888127511003e-06;0.0027279824280062735;0.009809970191707151;0.03881617030434112
Fidelity (MAX_ERROR);Tolerancja_0.1;666;4140;0.00037756127861578214;0.019430936122991658;0.09976909880481943;0.27648071262469415
Fidelity (MAX_ERROR);Tolerancja_1.0;666;2359;0.004632760848527914;0.06806438752040538;0.9991715420029537;0.9684808928859602
Fidelity (MAX_ERROR);Tolerancja_0.01;667;4902;7.438717940075151e-06;0.0027274013162853668;0.009726132463386605;0.03724848680413844
Fidelity (MAX_ERROR);Tolerancja_0.1;667;4235;0.0004254731410153914;0.020627000291253972;0.09972408426199308;0.2817057187624177
Fidelity (MAX_ERROR);Tolerancja_1.0;667;2313;0.00716100400612487;0.08462271566266867;0.9991143202711292;1.1557038155222017
Fidelity (MAX_ERROR);Tolerancja_0.01;668;4912;6.1847015600362615e-06;0.002486906021552938;0.009850582848798695;0.04288850473049963
Fidelity (MAX_ERROR);Tolerancja_0.1;668;4379;0.00033539124010012553;0.018313689964071293;0.09909866138213763;0.31583291521667806
Fidelity (MAX_ERROR);Tolerancja_1.0;668;2670;0.0053656079820878595;0.0732503104572797;0.9999108672413646;1.2632549277418414
Fidelity (MAX_ERROR);Tolerancja_0.01;669;4924;8.672519673358298e-06;0.002944914204753391;0.009863318158578771;0.05591284876676044
Fidelity (MAX_ERROR);Tolerancja_0.1;669;4327;0.0006253012447278612;0.025006024168745044;0.09915138144122793;0.47477038392094023
Fidelity (MAX_ERROR);Tolerancja_1.0;669;2540;0.010559441278867843;0.10275914206953969;0.9973679298862546;1.95100976478782
Fidelity (MAX_ERROR);Tolerancja_0.01;670;4878;5.167472352435549e-06;0.0022732075031627777;0.009693919371468684;0.03720159152773224
Fidelity (MAX_ERROR);Tolerancja_0.1;670;3966;0.00041248350295143235;0.020309689878268262;0.09953272283396775;0.3323729953622941
Fidelity (MAX_ERROR);Tolerancja_1.0;670;1728;0.005729300269398576;0.07569214139789267;0.997977387460427;1.238720232194359
Fidelity (MAX_ERROR);Tolerancja_0.01;671;4898;6.752065625311729e-06;0.002598473710721686;0.00987982628997175;0.05261407831014356
Fidelity (MAX_ERROR);Tolerancja_0.1;671;4212;0.00039902679097823785;0.0199756549574285;0.09904094897161109;0.40446846542644116
Fidelity (MAX_ERROR);Tolerancja_1.0;671;2762;0.004066063975179368;0.06376569591229572;0.9988977466082694;1.2911322921556656
Fidelity (MAX_ERROR);Tolerancja_0.01;672;4904;6.999473777390097e-06;0.002645651862469833;0.009945283558033369;0.04537581674055843
Fidelity (MAX_ERROR);Tolerancja_0.1;672;4160;0.0006104327027972855;0.024706936329648106;0.09958229968429855;0.4237509216606314
Fidelity (MAX_ERROR);Tolerancja_1.0;672;2389;0.007613791347132044;0.08725704181974109;0.9996731111051318;1.4965534940941085
Fidelity (MAX_ERROR);Tolerancja_0.01;673;4899;6.1461416202059375e-06;0.0024791413070266765;0.009847736923306982;0.03914092344026496
Fidelity (MAX_ERROR);Tolerancja_0.1;673;4255;0.00037236544494739;0.01929677291537085;0.09962258227890075;0.3046593226388372
Fidelity (MAX_ERROR);Tolerancja_1.0;673;2525;0.0055936139154359014;0.07479046674166369;0.9982406115001177;1.1807991438406706
Fidelity (MAX_ERROR);Tolerancja_0.01;674;4914;5.529392060435814e-06;0.00235146593860847;0.009866359952141579;0.03259354914832213
Fidelity (MAX_ERROR);Tolerancja_0.1;674;4272;0.0003846898974939091;0.019613513134925858;0.09991208717203648;0.2718619027553389
Fidelity (MAX_ERROR);Tolerancja_1.0;674;2512;0.005794330878933161;0.07612050235602207;0.9979197548649106;1.055102391236074
Fidelity (MAX_ERROR);Tolerancja_0.01;675;4921;8.188994931320421e-06;0.0028616419991537062;0.0098694195786031;0.044785762322631824
Fidelity (MAX_ERROR);Tolerancja_0.1;675;4315;0.0004879915528687137;0.022090530841713914;0.09974382328411835;0.3457250292490648
Fidelity (MAX_ERROR);Tolerancja_1.0;675;2517;0.008294726661705727;0.0910753899893145;0.998089142115175;1.4253637494517892
Fidelity (MAX_ERROR);Tolerancja_0.01;676;4904;6.289672037545503e-06;0.0025079218563475027;0.009840899095270084;0.04225860171951406
Fidelity (MAX_ERROR);Tolerancja_0.1;676;4243;0.0004520718597456648;0.02126198155736348;0.09972311715093518;0.35826539336789387
Fidelity (MAX_ERROR);Tolerancja_1.0;676;2485;0.006234779870551767;0.07896062227814424;0.9995788641069172;1.3304902144107067
Fidelity (MAX_ERROR);Tolerancja_0.01;677;4921;6.491565142166098e-06;0.002547855008073673;0.009861788847994823;0.04172328664726297
Fidelity (MAX_ERROR);Tolerancja_0.1;677;4338;0.00039431323885334414;0.01985732204637232;0.09894814644682626;0.32518048992678383
Fidelity (MAX_ERROR);Tolerancja_1.0;677;2310;0.008892479443004706;0.09429994402439858;0.997522568593638;1.544241561188974
Fidelity (MAX_ERROR);Tolerancja_0.01;678;4901;7.1084357391703855e-06;0.0026661649872373587;0.00969719009230996;0.04153479841577405
Fidelity (MAX_ERROR);Tolerancja_0.1;678;4266;0.00043616840385608596;0.02088464516950398;0.0999948602263494;0.32535103088243067
Fidelity (MAX_ERROR);Tolerancja_1.0;678;2640;0.005440525686822618;0.07375991924360152;0.999873907636333;1.1490674401666432
Fidelity (MAX_ERROR);Tolerancja_0.01;679;4892;7.584883123286056e-06;0.0027540666519323847;0.009873046111417594;0.048493284952786285
Fidelity (MAX_ERROR);Tolerancja_0.1;679;4379;0.0002486791308240734;0.015769563431625916;0.09942840021853883;0.2776686368626233
Fidelity (MAX_ERROR);Tolerancja_1.0;679;2671;0.004192529783507959;0.06474974736250297;0.9993499167441868;1.1401060127820999
Fidelity (MAX_ERROR);Tolerancja_0.01;680;4888;7.314082132942501e-06;0.0027044559772609537;0.009754266588892335;0.048861260660166855
Fidelity (MAX_ERROR);Tolerancja_0.1;680;4269;0.00036981701519448384;0.019230627009915298;0.099958729840111;0.34743870371355323
Fidelity (MAX_ERROR);Tolerancja_1.0;680;2511;0.0058713731371872885;0.07662488588694465;0.9980241905238207;1.3843776914310941
Fidelity (MAX_ERROR);Tolerancja_0.01;681;4840;8.033546188625748e-06;0.002834351105390041;0.009892020152137082;0.06338112387632792
Fidelity (MAX_ERROR);Tolerancja_0.1;681;4213;0.0002197998652836472;0.014825648899243742;0.09991559228317115;0.3315278363513129
Fidelity (MAX_ERROR);Tolerancja_1.0;681;2765;0.002181291940937177;0.04670430323789422;0.9992103066910492;1.0443911565681632
Fidelity (MAX_ERROR);Tolerancja_0.01;682;4916;5.861343647466534e-06;0.0024210211993013473;0.009839335918699454;0.03811038472403566
Fidelity (MAX_ERROR);Tolerancja_0.1;682;4234;0.0003598364356171997;0.01896935517135993;0.09957200569165359;0.29860516039926616
Fidelity (MAX_ERROR);Tolerancja_1.0;682;2691;0.004015021525342131;0.06336419750412792;0.9993057608821534;0.9974443616226749
Fidelity (MAX_ERROR);Tolerancja_0.01;683;4895;8.131695740338893e-06;0.0028516128314234547;0.009966372333304996;0.049176996000244555
Fidelity (MAX_ERROR);Tolerancja_0.1;683;4175;0.00046388327063569344;0.021537949545759768;0.09982951567413156;0.3714289846762209
Fidelity (MAX_ERROR);Tolerancja_1.0;683;2076;0.007949290091494558;0.0891587914425412;0.9978735654525588;1.5375725210100915
Fidelity (MAX_ERROR);Tolerancja_0.01;684;4908;6.226298976802701e-06;0.002495255292911469;0.009800637010301871;0.04575499213013929
Fidelity (MAX_ERROR);Tolerancja_0.1;684;4304;0.0004604828929496659;0.021458865136573878;0.09968026737035629;0.39348687416269673
Fidelity (MAX_ERROR);Tolerancja_1.0;684;2572;0.006995818079092596;0.08364100716211274;0.9986162825756146;1.5337082483428175
Fidelity (MAX_ERROR);Tolerancja_0.01;685;4887;7.6526961361415e-06;0.002766350689291128;0.009928396406685636;0.046462552880658585
Fidelity (MAX_ERROR);Tolerancja_0.1;685;4230;0.00037828315781084706;0.019449502765131223;0.0996753359405691;0.32666630236927385
Fidelity (MAX_ERROR);Tolerancja_1.0;685;2454;0.0052755774691815634;0.07263317058466857;0.9979200644557276;1.2199185527142349
Fidelity (MAX_ERROR);Tolerancja_0.01;686;4909;8.153147813329857e-06;0.0028553717469586787;0.009994536007465804;0.049964927042232286
Fidelity (MAX_ERROR);Tolerancja_0.1;686;4279;0.0005307452833219358;0.023037909699491745;0.09950513289725782;0.4031305130642586
Fidelity (MAX_ERROR);Tolerancja_1.0;686;2420;0.0088019517394291;0.09381871742583726;0.9995673146304318;1.6416935470383789
Fidelity (MAX_ERROR);Tolerancja_0.01;687;4900;9.220897850855634e-06;0.003036593132254572;0.00975101296070413;0.0512001809270663
Fidelity (MAX_ERROR);Tolerancja_0.1;687;4246;0.0006735940054136212;0.025953689630062643;0.09919590606792372;0.43760673455699856
Fidelity (MAX_ERROR);Tolerancja_1.0;687;2408;0.010212269273397094;0.10105577308297184;0.9998742959738127;1.7039075174786853
Fidelity (MAX_ERROR);Tolerancja_0.01;688;4943;5.949724574394598e-06;0.0024392057261318897;0.009696980870441019;0.038287794548079825
Fidelity (MAX_ERROR);Tolerancja_0.1;688;4374;0.0006279586311566925;0.025059102760408094;0.09904730460859312;0.3933484444427081
Fidelity (MAX_ERROR);Tolerancja_1.0;688;2627;0.010873529449155019;0.1042762170830675;0.9971577533114981;1.636805921351622
Fidelity (MAX_ERROR);Tolerancja_0.01;689;4884;8.389267677683472e-06;0.0028964232559630285;0.009772185722738413;0.044051858568296964
Fidelity (MAX_ERROR);Tolerancja_0.1;689;4195;0.00040824614214314553;0.020205101884008047;0.0999677283849909;0.3073004916390971
Fidelity (MAX_ERROR);Tolerancja_1.0;689;2655;0.0045717469182362195;0.0676146945436879;0.9996614999616025;1.0283555606194734
Fidelity (MAX_ERROR);Tolerancja_0.01;690;4903;6.973592014435705e-06;0.0026407559551074964;0.009798424287507324;0.039181074232419365
Fidelity (MAX_ERROR);Tolerancja_0.1;690;4226;0.00044093194127660384;0.02099837949167992;0.09949859864853217;0.3115543729183912
Fidelity (MAX_ERROR);Tolerancja_1.0;690;2373;0.006603907420259489;0.081264428997314;0.9985524563637194;1.2057258145496907
Fidelity (MAX_ERROR);Tolerancja_0.01;691;4889;6.984264003841746e-06;0.002642775814147266;0.009824875147331547;0.05322768702034498
Fidelity (MAX_ERROR);Tolerancja_0.1;691;4219;0.00033542766348496186;0.018314684367604098;0.09926712792348136;0.36887286548359227
Fidelity (MAX_ERROR);Tolerancja_1.0;691;2579;0.004219287907539892;0.06495604596602145;0.9995309446752412;1.3082683995555395
Fidelity (MAX_ERROR);Tolerancja_0.01;692;4908;7.474087700285892e-06;0.0027338777771301137;0.009701666040673462;0.042383693328104634
Fidelity (MAX_ERROR);Tolerancja_0.1;692;4257;0.0004336564994250612;0.020824420746447216;0.09990870146347497;0.32284393619796853
Fidelity (MAX_ERROR);Tolerancja_1.0;692;2410;0.00616390417524784;0.07851053544109758;0.9998037123192773;1.2171599202411605
Fidelity (MAX_ERROR);Tolerancja_0.01;693;4932;7.2456607387558215e-06;0.002691776502378275;0.009756953349024489;0.042784849105950595
Fidelity (MAX_ERROR);Tolerancja_0.1;693;4253;0.0007699196743749071;0.02774742644597706;0.09970491444516805;0.44103567013111494
Fidelity (MAX_ERROR);Tolerancja_1.0;693;2718;0.00928424306947585;0.09635477709732844;0.9971224115236637;1.5315255910378565
Fidelity (MAX_ERROR);Tolerancja_0.01;694;4913;5.389451932495565e-06;0.0023215193155551313;0.009842956248245383;0.0401221000681494
Fidelity (MAX_ERROR);Tolerancja_0.1;694;4321;0.00035005365322928394;0.018709720821788976;0.09975325849209637;0.32335431630016465
Fidelity (MAX_ERROR);Tolerancja_1.0;694;2400;0.006624444544435407;0.08139069077256567;0.9999285880143951;1.4066501268854652
Fidelity (MAX_ERROR);Tolerancja_0.01;695;4910;7.737563507882238e-06;0.0027816476246789847;0.009684814295625621;0.041200983587217875
Fidelity (MAX_ERROR);Tolerancja_0.1;695;4252;0.0006250070166122632;0.025000140331851405;0.09941619433980442;0.3702950590693973
Fidelity (MAX_ERROR);Tolerancja_1.0;695;2501;0.008744451744498236;0.09351177329351762;0.9980370364685791;1.385070129838062
Fidelity (MAX_ERROR);Tolerancja_0.01;696;4898;6.466231318256949e-06;0.0025428785496474167;0.009906302633220676;0.04017752998660942
Fidelity (MAX_ERROR);Tolerancja_0.1;696;4112;0.0005531170142776789;0.023518439877629613;0.09941163403722975;0.37159180235043154
Fidelity (MAX_ERROR);Tolerancja_1.0;696;2409;0.00564293549219239;0.07511947478645195;0.9988989205178846;1.186889146251008
Fidelity (MAX_ERROR);Tolerancja_0.01;697;4908;7.800751841161304e-06;0.002792982606670028;0.00992854658372444;0.04585317809459941
Fidelity (MAX_ERROR);Tolerancja_0.1;697;4223;0.0004787256414222597;0.02187979984877055;0.0996109812488375;0.3592068052067155
Fidelity (MAX_ERROR);Tolerancja_1.0;697;2577;0.006037921342764738;0.07770406258854641;0.9992165286967483;1.2756893695068614
Fidelity (MAX_ERROR);Tolerancja_0.01;698;4935;6.201675485328266e-06;0.002490316342420831;0.009913668576867707;0.04013851030384747
Fidelity (MAX_ERROR);Tolerancja_0.1;698;4353;0.0004913430290070488;0.022166258795905294;0.09889913984345;0.35727212319230844
Fidelity (MAX_ERROR);Tolerancja_1.0;698;2599;0.007754749585665384;0.08806105601039192;0.9987745597864819;1.4193536555298794
Fidelity (MAX_ERROR);Tolerancja_0.01;699;4893;6.994799645616827e-06;0.002644768353867088;0.009912813058198466;0.05140937152211437
Fidelity (MAX_ERROR);Tolerancja_0.1;699;4186;0.00036088578823304944;0.01899699418942506;0.09949778078326244;0.36926618947917156
Fidelity (MAX_ERROR);Tolerancja_1.0;699;2218;0.005521936698036857;0.07430973488067938;0.9996192934928425;1.4444428611696294
Fidelity (MAX_ERROR);Tolerancja_0.01;700;4837;8.350399479124535e-06;0.0028897057772590854;0.009935558600165706;0.05011937629297973
Fidelity (MAX_ERROR);Tolerancja_0.1;700;4057;0.0003548689322936829;0.018837965184533144;0.09947418139912734;0.3267277496234239
Fidelity (MAX_ERROR);Tolerancja_1.0;700;2276;0.004322353286992373;0.06574460652397558;0.999548127812175;1.1402817198692239
Fidelity (MAX_ERROR);Tolerancja_0.01;701;4915;4.6811687328247296e-06;0.002163600871885739;0.009928730681659559;0.03690401768128915
Fidelity (MAX_ERROR);Tolerancja_0.1;701;4395;0.0003848413080038457;0.019617372607050255;0.0999375404623759;0.3346087880432564
Fidelity (MAX_ERROR);Tolerancja_1.0;701;2625;0.00778074205460857;0.08820851463780903;0.9998423794521463;1.504551336678269
Fidelity (MAX_ERROR);Tolerancja_0.01;702;4907;7.758701113258107e-06;0.0027854445090969068;0.009939091498594621;0.0441342096009867
Fidelity (MAX_ERROR);Tolerancja_0.1;702;4369;0.0004226679406869385;0.02055888957815909;0.0993233429886331;0.32574705360050216
Fidelity (MAX_ERROR);Tolerancja_1.0;702;2718;0.0067902848112465644;0.08240318447272875;0.9992476324603623;1.3056441811821635
Fidelity (MAX_ERROR);Tolerancja_0.01;703;4871;8.340879750095423e-06;0.002888058127894143;0.009696658475963238;0.04642582891148726
Fidelity (MAX_ERROR);Tolerancja_0.1;703;4189;0.0004129214029708922;0.02032046758740783;0.09967687729153063;0.3266535886181432
Fidelity (MAX_ERROR);Tolerancja_1.0;703;2377;0.005816982968797374;0.07626914821077638;0.9999646176865875;1.2260343349253229
Fidelity (MAX_ERROR);Tolerancja_0.01;704;4904;8.420758731714588e-06;0.0029018543608724727;0.009725909121179654;0.05137159516012201
Fidelity (MAX_ERROR);Tolerancja_0.1;704;4232;0.0005430244947580815;0.023302885974876193;0.0999715926022926;0.41253153173541846
Fidelity (MAX_ERROR);Tolerancja_1.0;704;2483;0.007487567467148078;0.08653073134527454;0.9984622662595548;1.531855547099966
Fidelity (MAX_ERROR);Tolerancja_0.01;705;4922;6.88240594463185e-06;0.002623433998527855;0.009980753921191354;0.043914723762188156
Fidelity (MAX_ERROR);Tolerancja_0.1;705;4264;0.0005944236551133138;0.024380805054659574;0.0991681264671378;0.40812016604036844
Fidelity (MAX_ERROR);Tolerancja_1.0;705;2536;0.008240122853623499;0.09077512243794277;0.9982277680751741;1.5195215235367159
Fidelity (MAX_ERROR);Tolerancja_0.01;706;4887;6.830297824186245e-06;0.002613483848082143;0.009804102721644448;0.03749211629001964
Fidelity (MAX_ERROR);Tolerancja_0.1;706;4154;0.00041721577326912643;0.02042586040462253;0.09957763325595792;0.29302217963802996
Fidelity (MAX_ERROR);Tolerancja_1.0;706;2332;0.005425467535601443;0.07365777308337147;0.9991099929385374;1.056668399206745
Fidelity (MAX_ERROR);Tolerancja_0.01;707;4895;6.839869997514168e-06;0.002615314512159899;0.009814959032738102;0.04294118474150663
Fidelity (MAX_ERROR);Tolerancja_0.1;707;4169;0.0004291494840565508;0.020715923442042133;0.09911021031307321;0.340137406602381
Fidelity (MAX_ERROR);Tolerancja_1.0;707;2498;0.0050197284990487045;0.07085004233625203;0.9996101056070419;1.1632959411799242
Fidelity (MAX_ERROR);Tolerancja_0.01;708;4915;7.008097271731041e-06;0.0026472811093140526;0.009895355867292288;0.04392858564566495
Fidelity (MAX_ERROR);Tolerancja_0.1;708;4245;0.0006084580054329455;0.024666941550037076;0.09976015281583628;0.40931952813208666
Fidelity (MAX_ERROR);Tolerancja_1.0;708;2433;0.009508662763781674;0.09751237236259651;0.999078647229088;1.6181056804927783
Fidelity (MAX_ERROR);Tolerancja_0.01;709;4891;6.32472898443823e-06;0.0025149013866229883;0.009794691877054618;0.035342624921793984
Fidelity (MAX_ERROR);Tolerancja_0.1;709;4302;0.0003001216741708076;0.01732402015038102;0.0995322331941888;0.24345938555256139
Fidelity (MAX_ERROR);Tolerancja_1.0;709;2653;0.004305402245737315;0.06561556405104901;0.9990413876420376;0.9221141956592439
Fidelity (MAX_ERROR);Tolerancja_0.01;710;4935;6.603939722561547e-06;0.0025698131688046016;0.009703992818201446;0.043934536704671776
Fidelity (MAX_ERROR);Tolerancja_0.1;710;4348;0.0005527020724000594;0.023509616594067615;0.09990604935626868;0.4019296522031952
Fidelity (MAX_ERROR);Tolerancja_1.0;710;2629;0.007782217918152723;0.08821688000690528;0.9990037357741473;1.5081904784688664
Fidelity (MAX_ERROR);Tolerancja_0.01;711;4922;6.633059482410762e-06;0.0025754726716489852;0.009681614295423024;0.041470911713742974
Fidelity (MAX_ERROR);Tolerancja_0.1;711;4305;0.0005614206335975332;0.023694316483020422;0.09981949397294976;0.3815318709461143
Fidelity (MAX_ERROR);Tolerancja_1.0;711;2525;0.008499552073500895;0.0921930153184117;0.9991257445970758;1.4845152274303348
Fidelity (MAX_ERROR);Tolerancja_0.01;712;4922;6.584754635320477e-06;0.002566077675231301;0.009830701457062219;0.04448305538583521
Fidelity (MAX_ERROR);Tolerancja_0.1;712;4364;0.00040448600179051973;0.02011183735491414;0.09947721487748495;0.34863947557196007
Fidelity (MAX_ERROR);Tolerancja_1.0;712;2540;0.007586027292877215;0.087097803031289;0.9997069167366932;1.5098437719256361
Fidelity (MAX_ERROR);Tolerancja_0.01;713;4882;8.27645471370568e-06;0.002876882811952145;0.009903900561452517;0.04670072885775322
Fidelity (MAX_ERROR);Tolerancja_0.1;713;4324;0.00025246230939070957;0.01588906257117485;0.09949985502050218;0.25792875533807286
Fidelity (MAX_ERROR);Tolerancja_1.0;713;2636;0.003867350628166557;0.062188026405141344;0.9994262381380246;1.009504505112116
Fidelity (MAX_ERROR);Tolerancja_0.01;714;4916;8.211683319206128e-06;0.0028656034825506;0.009960875329121155;0.052916412324255105
Fidelity (MAX_ERROR);Tolerancja_0.1;714;4210;0.0006949304350137453;0.02636153324474404;0.09900406861549449;0.4867937141941278
Fidelity (MAX_ERROR);Tolerancja_1.0;714;2529;0.008721533199638839;0.09338914926070822;0.9996280628345691;1.7245298447545347
Fidelity (MAX_ERROR);Tolerancja_0.01;715;4889;5.8453916117704215e-06;0.0024177244697794705;0.009893388668022807;0.04145214942811948
Fidelity (MAX_ERROR);Tolerancja_0.1;715;4216;0.0002773555425672486;0.01665399479305937;0.0999433781467447;0.28553455506035785
Fidelity (MAX_ERROR);Tolerancja_1.0;715;2239;0.004280457227415512;0.06542520330434987;0.9988913329726312;1.121722238260003
Fidelity (MAX_ERROR);Tolerancja_0.01;716;4884;5.7142618339656654e-06;0.0023904522237362673;0.009833037736211914;0.036044617283677464
Fidelity (MAX_ERROR);Tolerancja_0.1;716;4049;0.00040757483184235597;0.02018848265329408;0.0992844510755373;0.3044135848231997
Fidelity (MAX_ERROR);Tolerancja_1.0;716;2255;0.004656277037015968;0.06823691843141781;0.9989090654640744;1.0289156106344048
Fidelity (MAX_ERROR);Tolerancja_0.01;717;4906;6.228631876979592e-06;0.0024957227163648595;0.009842524607309944;0.040179172944519954
Fidelity (MAX_ERROR);Tolerancja_0.1;717;4204;0.0004931227480637434;0.022206367286518147;0.09982178562682265;0.3575050488678182
Fidelity (MAX_ERROR);Tolerancja_1.0;717;2318;0.007146492735666085;0.08453693119380479;0.9999650579712638;1.3609781072082452
Fidelity (MAX_ERROR);Tolerancja_0.01;718;4917;6.166009314213395e-06;0.0024831450449406688;0.009797092504809868;0.035857965515603406
Fidelity (MAX_ERROR);Tolerancja_0.1;718;4288;0.0004424437281939242;0.02103434639331406;0.09999885297987499;0.30374740660094396
Fidelity (MAX_ERROR);Tolerancja_1.0;718;2530;0.0068236504839938;0.08260539016307471;0.9992520810740229;1.1928667791298
Fidelity (MAX_ERROR);Tolerancja_0.01;719;4844;8.20193276036203e-06;0.0028639016673695397;0.00978691766908657;0.06020353564753575
Fidelity (MAX_ERROR);Tolerancja_0.1;719;4227;0.00020106461608485762;0.014179725529249768;0.0999964375843545;0.29807923264228087
Fidelity (MAX_ERROR);Tolerancja_1.0;719;2207;0.0033129430382174484;0.05755817090750407;0.9996494868877979;1.209959627286934
Fidelity (MAX_ERROR);Tolerancja_0.01;720;4908;7.551097571502219e-06;0.002747926049132731;0.009668089607920649;0.042102093777036755
Fidelity (MAX_ERROR);Tolerancja_0.1;720;4291;0.0004942682761252271;0.022232145108496103;0.09978065810559844;0.34062774670301194
Fidelity (MAX_ERROR);Tolerancja_1.0;720;2598;0.007478858713566379;0.08648039496652625;0.9984582057223501;1.3250013405218817
Fidelity (MAX_ERROR);Tolerancja_0.01;721;4913;5.855002442982791e-06;0.0024197112313213724;0.00965977204683277;0.03625087780928073
Fidelity (MAX_ERROR);Tolerancja_0.1;721;4355;0.00041959825858874875;0.020484097700136775;0.09914846712676928;0.30688228956788405
Fidelity (MAX_ERROR);Tolerancja_1.0;721;2563;0.007658871681895551;0.08751497975715672;0.9991060973895967;1.311104728776213
Fidelity (MAX_ERROR);Tolerancja_0.01;722;4910;7.236163832127998e-06;0.002690011864681641;0.009620717003349988;0.04558072588209624
Fidelity (MAX_ERROR);Tolerancja_0.1;722;4168;0.0006527395734135762;0.02554876853027512;0.09941732046066698;0.43290939727562044
Fidelity (MAX_ERROR);Tolerancja_1.0;722;2394;0.008814071040468191;0.09388328413763651;0.9975099702489336;1.590799020395774
Fidelity (MAX_ERROR);Tolerancja_0.01;723;4889;7.654859751603679e-06;0.0027667417211593276;0.009842446169068708;0.04301960208704134
Fidelity (MAX_ERROR);Tolerancja_0.1;723;4194;0.00039246122736131183;0.019810634198866826;0.09936869403300186;0.3080322220933849
Fidelity (MAX_ERROR);Tolerancja_1.0;723;2762;0.003955785038227627;0.06289503190417846;0.9998410525942916;0.9779442819244328
Fidelity (MAX_ERROR);Tolerancja_0.01;724;4895;8.399031018467878e-06;0.0028981081792210377;0.009853021198742429;0.044159848106681485
Fidelity (MAX_ERROR);Tolerancja_0.1;724;4286;0.00042405597378751363;0.020592619400831784;0.09960157138763215;0.31377950325645065
Fidelity (MAX_ERROR);Tolerancja_1.0;724;2717;0.005541099356278334;0.07443856094980836;0.999348755298481;1.1342556390379572
Fidelity (MAX_ERROR);Tolerancja_0.01;725;4934;5.835252252334374e-06;0.002415626679007825;0.00987848158797977;0.03521470864641866
Fidelity (MAX_ERROR);Tolerancja_0.1;725;4365;0.0006246260258425962;0.0249925193976637;0.09940621472931888;0.36433787413301
Fidelity (MAX_ERROR);Tolerancja_1.0;725;2549;0.011236205146062314;0.10600096766568838;0.997913254605653;1.545269070351069
Fidelity (MAX_ERROR);Tolerancja_0.01;726;4875;7.865025092702318e-06;0.0028044652061850078;0.009854320175141318;0.04818277057447928
Fidelity (MAX_ERROR);Tolerancja_0.1;726;4120;0.0004329421912246502;0.020807262944093588;0.09971888085282199;0.35748404883294116
Fidelity (MAX_ERROR);Tolerancja_1.0;726;2364;0.005062767867337872;0.07115312970866336;0.999398810175852;1.2224629911070921
Fidelity (MAX_ERROR);Tolerancja_0.01;727;4901;7.322593402966238e-06;0.0027060290839098972;0.009854127674050694;0.04742975875796097
Fidelity (MAX_ERROR);Tolerancja_0.1;727;4327;0.0003850707328429245;0.01962321922730632;0.0994421820056477;0.34394477115557504
Fidelity (MAX_ERROR);Tolerancja_1.0;727;2432;0.007640246275680082;0.08740850230772795;0.999158237236029;1.5320471618361409
Fidelity (MAX_ERROR);Tolerancja_0.01;728;4864;6.16788070299756e-06;0.0024835218346126054;0.009937244168644055;0.04193664598815004
Fidelity (MAX_ERROR);Tolerancja_0.1;728;4119;0.0003324805590685992;0.01823404944241951;0.09937971466636775;0.3078993974363226
Fidelity (MAX_ERROR);Tolerancja_1.0;728;2070;0.005099962188095047;0.07141401954865058;0.9991320511959625;1.2058941518707216
Fidelity (MAX_ERROR);Tolerancja_0.01;729;4923;7.126706839470811e-06;0.002669589264188559;0.009763173524598656;0.047220454950942826
Fidelity (MAX_ERROR);Tolerancja_0.1;729;4260;0.0006708614176608491;0.025900992599914952;0.0991248665469342;0.4581441312548672
Fidelity (MAX_ERROR);Tolerancja_1.0;729;2656;0.008318450021594873;0.09120553723099752;0.9996652313764223;1.6132695092336349
Fidelity (MAX_ERROR);Tolerancja_0.01;730;4912;7.00861453125522e-06;0.0026473788038841777;0.009751044868676395;0.04205991355664858
Fidelity (MAX_ERROR);Tolerancja_0.1;730;4274;0.0005921963714777144;0.02433508519561241;0.09928038921072968;0.3866207503888121
Fidelity (MAX_ERROR);Tolerancja_1.0;730;2584;0.007776264838801439;0.08818313239390761;0.9996410309255284;1.4009989504337355
Fidelity (MAX_ERROR);Tolerancja_0.01;731;4915;6.258404117286586e-06;0.002501680258803388;0.009896818789670192;0.040298453501819785
Fidelity (MAX_ERROR);Tolerancja_0.1;731;4203;0.0005107787337112892;0.022600414458838786;0.09987502249149749;0.3640600144588457
Fidelity (MAX_ERROR);Tolerancja_1.0;731;2649;0.005500736342566197;0.07416694912537657;0.999999091408152;1.194722363172998
Fidelity (MAX_ERROR);Tolerancja_0.01;732;4889;6.456931676820182e-06;0.00254104932593214;0.009833671498779673;0.04036612697762078
Fidelity (MAX_ERROR);Tolerancja_0.1;732;4231;0.0003384236089593329;0.018396293348371374;0.09962045850841217;0.2922364023553593
Fidelity (MAX_ERROR);Tolerancja_1.0;732;2645;0.004012952014141649;0.06334786511115942;0.9982372473327707;1.0063196887766923
Fidelity (MAX_ERROR);Tolerancja_0.01;733;4911;8.001318098663477e-06;0.0028286601242750033;0.009808904545213437;0.0538104622211042
Fidelity (MAX_ERROR);Tolerancja_0.1;733;4298;0.00040674172198866467;0.020167838803120793;0.09982346247033713;0.3836589340243916
Fidelity (MAX_ERROR);Tolerancja_1.0;733;2581;0.0061105161493118015;0.07816979051597747;0.9979370244654284;1.4870477097243135
Fidelity (MAX_ERROR);Tolerancja_0.01;734;4878;8.15605097671108e-06;0.002855880070435571;0.009979090232670629;0.04356187504613987
Fidelity (MAX_ERROR);Tolerancja_0.1;734;4286;0.00036346238614483166;0.019064689510842593;0.09999831331270492;0.290801294796008
Fidelity (MAX_ERROR);Tolerancja_1.0;734;2543;0.005516035933231747;0.07427002042029979;0.9990372590464602;1.1328701729165784
Fidelity (MAX_ERROR);Tolerancja_0.01;735;4888;5.221222221118599e-06;0.0022849993919295906;0.00996573283681279;0.037548290241697944
Fidelity (MAX_ERROR);Tolerancja_0.1;735;4228;0.00033817008505174857;0.018389401432666277;0.09962994872699937;0.30218414271951194
Fidelity (MAX_ERROR);Tolerancja_1.0;735;2665;0.003934022197436595;0.06272178407408861;0.9990402880046698;1.030676752566749
Fidelity (MAX_ERROR);Tolerancja_0.01;736;4878;7.899386926468244e-06;0.0028105848015080852;0.009814579163988313;0.044184815158381595
Fidelity (MAX_ERROR);Tolerancja_0.1;736;4056;0.0005170066814893931;0.022737780927113205;0.09910859821017048;0.3574575109198609
Fidelity (MAX_ERROR);Tolerancja_1.0;736;2308;0.005488521492712036;0.07408455637116305;0.9999929855055658;1.1646730700294523
Fidelity (MAX_ERROR);Tolerancja_0.01;737;4930;6.3697662031517806e-06;0.002523839575557801;0.00969374086615904;0.041007600514964965
Fidelity (MAX_ERROR);Tolerancja_0.1;737;4308;0.0005545308426526685;0.02354847856343735;0.09971341734059713;0.38261805980724045
Fidelity (MAX_ERROR);Tolerancja_1.0;737;2601;0.00850422771729811;0.09221836973888721;0.999033085046495;1.498373392277846
Fidelity (MAX_ERROR);Tolerancja_0.01;738;4879;5.8390862945825615e-06;0.0024164201403279527;0.009819925728554502;0.043673094832322214
Fidelity (MAX_ERROR);Tolerancja_0.1;738;4289;0.00023546982225813783;0.015345025977760279;0.09992507132863837;0.27733785344142137
Fidelity (MAX_ERROR);Tolerancja_1.0;738;2632;0.0033819219837443954;0.058154294628551685;0.9985227646282075;1.0510498492513185
Fidelity (MAX_ERROR);Tolerancja_0.01;739;4901;8.193843124148493e-06;0.002862488973629155;0.009699635767553616;0.044767907012241
Fidelity (MAX_ERROR);Tolerancja_0.1;739;4196;0.0005092567788517117;0.022566718389072694;0.09894729087644905;0.3529322766726991
Fidelity (MAX_ERROR);Tolerancja_1.0;739;2628;0.005623347139221654;0.07498898011855912;0.9977293232146103;1.1727904351136087
Fidelity (MAX_ERROR);Tolerancja_0.01;740;4920;6.31493820230222e-06;0.0025129540788287837;0.009969442898997816;0.04025186066366082
Fidelity (MAX_ERROR);Tolerancja_0.1;740;4200;0.0006210239298060377;0.0249203517191479;0.09952091437245869;0.39916786921791814
Fidelity (MAX_ERROR);Tolerancja_1.0;740;2472;0.007488770742334904;0.08653768394367221;0.9999528023435591;1.3861386587215636
Fidelity (MAX_ERROR);Tolerancja_0.01;741;4893;7.657354761158497e-06;0.002767192577533862;0.009933086420413684;0.04391382178288526
Fidelity (MAX_ERROR);Tolerancja_0.1;741;4248;0.0003833658717941383;0.01957973114713627;0.09991619152920572;0.3107195469996625
Fidelity (MAX_ERROR);Tolerancja_1.0;741;2548;0.00522446198462963;0.07228043984806422;0.9992897371680489;1.1470507617164962
Fidelity (MAX_ERROR);Tolerancja_0.01;742;4873;8.813424129239847e-06;0.0029687411691219977;0.00985824504154742;0.0465836448676393
Fidelity (MAX_ERROR);Tolerancja_0.1;742;4240;0.0003942216066926087;0.01985501464851156;0.09931907922984706;0.3115525734773243
Fidelity (MAX_ERROR);Tolerancja_1.0;742;2479;0.005590675684896547;0.07477082107945951;0.9999271850928353;1.1732573428277222
Fidelity (MAX_ERROR);Tolerancja_0.01;743;4907;5.382830674553976e-06;0.0023200928159351677;0.009948189517474226;0.038011452595874996
Fidelity (MAX_ERROR);Tolerancja_0.1;743;4248;0.00037120759054276673;0.019266748312643904;0.09965764077974626;0.31565853104351976
Fidelity (MAX_ERROR);Tolerancja_1.0;743;2327;0.006266613238596828;0.07916194312039611;0.9989994172792018;1.2969569267449401
Fidelity (MAX_ERROR);Tolerancja_0.01;744;4914;5.899591913448465e-06;0.0024289075555583555;0.009696165685888047;0.034335562487405574
Fidelity (MAX_ERROR);Tolerancja_0.1;744;4264;0.00034914529919126983;0.018685430131288653;0.09960559138563774;0.26414128129690295
Fidelity (MAX_ERROR);Tolerancja_1.0;744;2666;0.004236149576103154;0.06508570946147206;0.9986076215980049;0.9200656645566629
Fidelity (MAX_ERROR);Tolerancja_0.01;745;4900;7.153800851877652e-06;0.002674659016001414;0.009885935727218076;0.045195365563210764
Fidelity (MAX_ERROR);Tolerancja_0.1;745;4246;0.000379122612200817;0.01947107116213222;0.09995190315904612;0.3290147169471533
Fidelity (MAX_ERROR);Tolerancja_1.0;745;2216;0.00670516075932579;0.08188504600551794;0.9990300897007485;1.3836622037572501
Fidelity (MAX_ERROR);Tolerancja_0.01;746;4904;5.078284969142953e-06;0.0022535050408514627;0.009746927321220511;0.03731722267272908
Fidelity (MAX_ERROR);Tolerancja_0.1;746;4097;0.0004507761729547284;0.0212314901256301;0.09988244656312473;0.3515857432440554
Fidelity (MAX_ERROR);Tolerancja_1.0;746;2243;0.005456055687662263;0.07386511820651384;0.9992533785591178;1.22317945329221
Fidelity (MAX_ERROR);Tolerancja_0.01;747;4904;7.893337833569352e-06;0.0028095084683213453;0.009809469792218195;0.0437951956410268
Fidelity (MAX_ERROR);Tolerancja_0.1;747;4324;0.0004608993823763492;0.021468567310753393;0.09974167874323303;0.334656441191925
Fidelity (MAX_ERROR);Tolerancja_1.0;747;2663;0.007310083830134469;0.08549902824087809;0.9977991111917803;1.3327764308766092
Fidelity (MAX_ERROR);Tolerancja_0.01;748;4912;7.683027086137475e-06;0.0027718273911153768;0.009896548450098575;0.044200474731975026
Fidelity (MAX_ERROR);Tolerancja_0.1;748;4272;0.0006586535237646702;0.02566424601979708;0.09923536337213079;0.4092505404013498
Fidelity (MAX_ERROR);Tolerancja_1.0;748;2297;0.012066593710900266;0.10984804827988645;0.9990592123129591;1.7516732455689163
Fidelity (MAX_ERROR);Tolerancja_0.01;749;4906;6.499170453358985e-06;0.00254934706412426;0.009937837743104083;0.04857058329312735
Fidelity (MAX_ERROR);Tolerancja_0.1;749;4191;0.0004230881922871361;0.02056910771733028;0.09939556697475416;0.3918860533777848
Fidelity (MAX_ERROR);Tolerancja_1.0;749;2334;0.006003528253103089;0.07748243835284928;0.9987466808066863;1.4762082725932983
Fidelity (MAX_ERROR);Tolerancja_0.01;750;4910;6.618412640876303e-06;0.002572627575238263;0.009779201961822581;0.03722623457150905
Fidelity (MAX_ERROR);Tolerancja_0.1;750;4208;0.0006298052764250073;0.02509592150977938;0.09980648834901995;0.36314104299558553
Fidelity (MAX_ERROR);Tolerancja_1.0;750;2469;0.008852161840115579;0.09408592796011303;0.9988607477396336;1.3614348449937963
Fidelity (MAX_ERROR);Tolerancja_0.01;751;4929;6.724841290500807e-06;0.002593229895420151;0.009913159387098247;0.04199711791914333
Fidelity (MAX_ERROR);Tolerancja_0.1;751;4368;0.00044601324046517857;0.021119025556714934;0.09979747499142633;0.3420206624214698
Fidelity (MAX_ERROR);Tolerancja_1.0;751;2588;0.008183364911039806;0.09046195283675787;0.9999780291636853;1.4650229457831283
Fidelity (MAX_ERROR);Tolerancja_0.01;752;4893;8.214020052695867e-06;0.0028660111745587922;0.009727576221052914;0.048276701268611416
Fidelity (MAX_ERROR);Tolerancja_0.1;752;4228;0.00042022403233251565;0.020499366632472225;0.09983965498291436;0.3453028403714974
Fidelity (MAX_ERROR);Tolerancja_1.0;752;2632;0.00474799744987275;0.06890571420334274;0.9986402830268406;1.160686535287915
Fidelity (MAX_ERROR);Tolerancja_0.01;753;4882;6.860653286425382e-06;0.0026192848807308805;0.009774069180565448;0.04219530177388202
Fidelity (MAX_ERROR);Tolerancja_0.1;753;4053;0.00043067428215135505;0.020752693371014642;0.09998617380630925;0.3343149749967096
Fidelity (MAX_ERROR);Tolerancja_1.0;753;2470;0.0041540044728599415;0.0644515668766861;0.9989559770828009;1.0382808430530281
Fidelity (MAX_ERROR);Tolerancja_0.01;754;4869;7.544604904076038e-06;0.0027467444191398727;0.009923732134166752;0.04674031877659205
Fidelity (MAX_ERROR);Tolerancja_0.1;754;4098;0.0003905561177784637;0.01976249270154106;0.0996332279368417;0.3362909203541245
Fidelity (MAX_ERROR);Tolerancja_1.0;754;2260;0.004782356519566485;0.0691545842266909;0.9987178637672924;1.1767776022752034
Fidelity (MAX_ERROR);Tolerancja_0.01;755;4910;6.485286666371275e-06;0.0025466225999097856;0.009989554722713123;0.04384494908498319
Fidelity (MAX_ERROR);Tolerancja_0.1;755;4222;0.0003537906437127186;0.018809323318841605;0.0998092560387629;0.3238382567039231
Fidelity (MAX_ERROR);Tolerancja_1.0;755;2683;0.0039224853928594315;0.06262974846556092;0.9986882655755056;1.0782901764773078
Fidelity (MAX_ERROR);Tolerancja_0.01;756;4902;6.07830879374346e-06;0.0024654226399835506;0.009844556175053754;0.039177712767830046
Fidelity (MAX_ERROR);Tolerancja_0.1;756;4174;0.0005178001339640302;0.022755222125130533;0.09997886060915961;0.3616002960013717
Fidelity (MAX_ERROR);Tolerancja_1.0;756;2611;0.005775834755018075;0.07599891285418545;0.9998098136198483;1.2076889090661105
Fidelity (MAX_ERROR);Tolerancja_0.01;757;4897;5.835672641296989e-06;0.002415713691913218;0.009880772113968206;0.040619068392923924
Fidelity (MAX_ERROR);Tolerancja_0.1;757;4222;0.0003700073248949367;0.019235574462306466;0.09953545124642282;0.3234369690734343
Fidelity (MAX_ERROR);Tolerancja_1.0;757;2265;0.00641345827564279;0.08008407004918512;0.9976429504083262;1.3465752706543919
Fidelity (MAX_ERROR);Tolerancja_0.01;758;4917;6.4847841006013016e-06;0.002546523925000765;0.009752682987835826;0.03978557786692411
Fidelity (MAX_ERROR);Tolerancja_0.1;758;4227;0.0005898829760355988;0.024287506583336192;0.09973450324025457;0.3794554902383113
Fidelity (MAX_ERROR);Tolerancja_1.0;758;2591;0.007931514827467647;0.08905905247344398;0.9975611571108249;1.3914127537347294
Fidelity (MAX_ERROR);Tolerancja_0.01;759;4911;5.845148836595765e-06;0.0024176742618880163;0.009870298353349405;0.046275081196943284
Fidelity (MAX_ERROR);Tolerancja_0.1;759;4290;0.00043250045685001674;0.020796645326831363;0.09996110988884621;0.39805463717499256
Fidelity (MAX_ERROR);Tolerancja_1.0;759;2823;0.005185250896444143;0.07200868625689641;0.9996651944496338;1.378269958013657
Fidelity (MAX_ERROR);Tolerancja_0.01;760;4883;6.72182427656233e-06;0.0025926481204672433;0.00977968942551577;0.03921650370427685
Fidelity (MAX_ERROR);Tolerancja_0.1;760;4313;0.0002786569629021411;0.016693021383264957;0.09956717323951714;0.2524993383191562
Fidelity (MAX_ERROR);Tolerancja_1.0;760;2619;0.0044823665844453;0.0669504785975821;0.9980872969307519;1.0126957342178822
Fidelity (MAX_ERROR);Tolerancja_0.01;761;4889;7.434705814452524e-06;0.0027266656953965815;0.009897960051374888;0.049011404699872904
Fidelity (MAX_ERROR);Tolerancja_0.1;761;4298;0.00032447831762751826;0.018013281700665157;0.09921051865860875;0.3237860222082367
Fidelity (MAX_ERROR);Tolerancja_1.0;761;2476;0.005051371095398977;0.07107299835661203;0.9983232670546549;1.277526427816326
Fidelity (MAX_ERROR);Tolerancja_0.01;762;4888;5.2123508390458824e-06;0.002283057344668741;0.00979269054978582;0.03931522323763847
Fidelity (MAX_ERROR);Tolerancja_0.1;762;4219;0.0003250988375552233;0.018030497429500476;0.09946879664913588;0.3104928718421356
Fidelity (MAX_ERROR);Tolerancja_1.0;762;2312;0.0052205991182094165;0.072253713525392;0.9999067384235101;1.2442398276296167
Fidelity (MAX_ERROR);Tolerancja_0.01;763;4890;5.682142176322112e-06;0.0023837244338056596;0.009944338930429453;0.03429092562588674
Fidelity (MAX_ERROR);Tolerancja_0.1;763;4099;0.0003760104268075409;0.019390988288572115;0.0994788625509031;0.2789479051294056
Fidelity (MAX_ERROR);Tolerancja_1.0;763;2343;0.004258850700151103;0.06525987051895753;0.9994577534782039;0.9387919738473497
Fidelity (MAX_ERROR);Tolerancja_0.01;764;4893;7.744525357400953e-06;0.002782898732868473;0.00996662993541264;0.045469134898367264
Fidelity (MAX_ERROR);Tolerancja_0.1;764;4133;0.0005228065561987202;0.022864963507487176;0.09902513334927843;0.3735853187501939
Fidelity (MAX_ERROR);Tolerancja_1.0;764;2264;0.006950212997385073;0.08336793746630099;0.9979884523275322;1.362129333016245
Fidelity (MAX_ERROR);Tolerancja_0.01;765;4914;6.4577758767396965e-06;0.00254121543296504;0.009817087489436105;0.04095273173066894
Fidelity (MAX_ERROR);Tolerancja_0.1;765;4245;0.000507628910618811;0.02253062162078115;0.09994364442721881;0.3630902327255595
Fidelity (MAX_ERROR);Tolerancja_1.0;765;2818;0.005051938234021557;0.07107698807646225;0.9984978272890825;1.1454348919654769
Fidelity (MAX_ERROR);Tolerancja_0.01;766;4896;5.787198209002566e-06;0.002405659620354169;0.009706497371270828;0.03279654219571488
Fidelity (MAX_ERROR);Tolerancja_0.1;766;4236;0.00043133104713679964;0.02076851095136095;0.09921295508596217;0.28313870341232933
Fidelity (MAX_ERROR);Tolerancja_1.0;766;2599;0.005448407331179229;0.07381332759860666;0.9984188951906399;1.0063027590068738
Fidelity (MAX_ERROR);Tolerancja_0.01;767;4884;6.256620278094302e-06;0.0025013237051797798;0.00989035273705241;0.04365821230031773
Fidelity (MAX_ERROR);Tolerancja_0.1;767;4177;0.0003636374414546422;0.01906928004552459;0.09962544198647505;0.3328360399406553
Fidelity (MAX_ERROR);Tolerancja_1.0;767;2480;0.003966838711363114;0.06298284457979898;0.9994363903931216;1.0993052975305118
Fidelity (MAX_ERROR);Tolerancja_0.01;768;4929;5.801232648064434e-06;0.0024085748167878103;0.009784438424703001;0.04170219152096791
Fidelity (MAX_ERROR);Tolerancja_0.1;768;4284;0.0008081915096157969;0.028428709249907865;0.09984654643799962;0.492216172638831
Fidelity (MAX_ERROR);Tolerancja_1.0;768;2632;0.012147744199722803;0.11021680543239676;0.9968566405216954;1.9082995873472124
Fidelity (MAX_ERROR);Tolerancja_0.01;769;4897;6.681455749187322e-06;0.002584851204457874;0.009986487455578619;0.047653139670882146
Fidelity (MAX_ERROR);Tolerancja_0.1;769;4141;0.0006126776455406074;0.024752326063233073;0.09938705052496566;0.4563226111569724
Fidelity (MAX_ERROR);Tolerancja_1.0;769;2298;0.008296507567700517;0.09108516656240201;0.9993538631551502;1.6792046507969296
Fidelity (MAX_ERROR);Tolerancja_0.01;770;4902;7.959492837786689e-06;0.0028212573150612633;0.009981460313865043;0.045103803163672386
Fidelity (MAX_ERROR);Tolerancja_0.1;770;4205;0.0006114078852679734;0.02472666344794569;0.0999337252491701;0.3953083453595927
Fidelity (MAX_ERROR);Tolerancja_1.0;770;2504;0.0078085285796974805;0.0883658790467083;0.9998829553435238;1.412716661337594
Fidelity (MAX_ERROR);Tolerancja_0.01;771;4908;6.8476505280883004e-06;0.0026168015836299666;0.009816237826167473;0.03980029294739254
Fidelity (MAX_ERROR);Tolerancja_0.1;771;4199;0.0006610045800205501;0.025710009335287106;0.0988985893297738;0.391036870974823
Fidelity (MAX_ERROR);Tolerancja_1.0;771;2575;0.007451883624682694;0.08632429336335569;0.998969688168212;1.3129509649609128
Fidelity (MAX_ERROR);Tolerancja_0.01;772;4934;8.26633007759568e-06;0.002875122619575673;0.009936156514955385;0.049555984346573496
Fidelity (MAX_ERROR);Tolerancja_0.1;772;4302;0.0007989376938040436;0.02826548591133794;0.09994187775944452;0.48718756126557267
Fidelity (MAX_ERROR);Tolerancja_1.0;772;2680;0.011117654632554562;0.10544028941801403;0.9998995626223852;1.8173824296469303
Fidelity (MAX_ERROR);Tolerancja_0.01;773;4879;7.280563814817352e-06;0.0026982519924605543;0.009885339586505282;0.04145062722199867
Fidelity (MAX_ERROR);Tolerancja_0.1;773;4253;0.00027218796197825054;0.01649811995283858;0.09954097537793594;0.25344460856130646
Fidelity (MAX_ERROR);Tolerancja_1.0;773;2659;0.003386610752322555;0.05819459384103093;0.9992924332883621;0.8939870784420283
Fidelity (MAX_ERROR);Tolerancja_0.01;774;4890;5.552878340923969e-06;0.002356454612532134;0.009814581513093223;0.04208476200261132
Fidelity (MAX_ERROR);Tolerancja_0.1;774;4209;0.0003474656116302882;0.018640429491572564;0.09992462474212616;0.3329060677032628
Fidelity (MAX_ERROR);Tolerancja_1.0;774;2278;0.0054774017597624455;0.07400947074369905;0.9999476274323746;1.3217614910227033
Fidelity (MAX_ERROR);Tolerancja_0.01;775;4896;6.2160210215677156e-06;0.0024931949425521694;0.0098788797451137;0.046015760569177555
Fidelity (MAX_ERROR);Tolerancja_0.1;775;4140;0.00044333594955476413;0.021055544389893228;0.09924863901796677;0.388612568059845
Fidelity (MAX_ERROR);Tolerancja_1.0;775;2390;0.005313896480327301;0.07289647783210998;0.9987264930722599;1.345417004105182
Fidelity (MAX_ERROR);Tolerancja_0.01;776;4896;6.430995049576299e-06;0.002535940663654475;0.009959813097205839;0.04520779767124647
Fidelity (MAX_ERROR);Tolerancja_0.1;776;4189;0.0004847603017977301;0.022017272805634445;0.09901501576051253;0.39249830586942197
Fidelity (MAX_ERROR);Tolerancja_1.0;776;2726;0.004610454356544379;0.06790032663061628;0.9999669516264305;1.2104479699082935
Fidelity (MAX_ERROR);Tolerancja_0.01;777;4884;6.940146586181395e-06;0.002634415795993752;0.009824696114430154;0.03856270887591361
Fidelity (MAX_ERROR);Tolerancja_0.1;777;4213;0.00045098458638379897;0.021236397679074457;0.09968007070875551;0.31085944083567046
Fidelity (MAX_ERROR);Tolerancja_1.0;777;2401;0.0064640500583589625;0.08039931628041971;0.9995833750380054;1.176889173022435
Fidelity (MAX_ERROR);Tolerancja_0.01;778;4888;8.040786327874364e-06;0.0028356280305911713;0.009880307216412199;0.043407063535193344
Fidelity (MAX_ERROR);Tolerancja_0.1;778;4239;0.0004936175718400712;0.022217505977045922;0.09928815022649218;0.3400998590559541
Fidelity (MAX_ERROR);Tolerancja_1.0;778;2538;0.00639376088188494;0.07996099600358252;0.9980540701079459;1.224022331709438
Fidelity (MAX_ERROR);Tolerancja_0.01;779;4914;6.554033424776651e-06;0.002560084651877092;0.009795235950851744;0.03764607044865299
Fidelity (MAX_ERROR);Tolerancja_0.1;779;4340;0.0004222690107835084;0.02054918516105951;0.09966034835342441;0.3021759736219851
Fidelity (MAX_ERROR);Tolerancja_1.0;779;2493;0.008135087975335471;0.09019472254702861;0.9988971263789743;1.326314298479363
Fidelity (MAX_ERROR);Tolerancja_0.01;780;4916;6.603536311743725e-06;0.002569734677304979;0.009975797494935712;0.047940687378177665
Fidelity (MAX_ERROR);Tolerancja_0.1;780;4245;0.0003621964980465409;0.01903146074389827;0.09975377815129494;0.3550488375049488
Fidelity (MAX_ERROR);Tolerancja_1.0;780;2420;0.00522747306468267;0.07230126599640334;0.999567310278632;1.3488444627346525
Fidelity (MAX_ERROR);Tolerancja_0.01;781;4913;7.34088758239058e-06;0.0027094072381963143;0.009923366179157345;0.04965501824111866
Fidelity (MAX_ERROR);Tolerancja_0.1;781;4250;0.0004898818262199949;0.022133274186617643;0.09938578848722113;0.4056341615901995
Fidelity (MAX_ERROR);Tolerancja_1.0;781;2397;0.007916600155598983;0.08897527833954207;0.9973776876227296;1.6306404613799341
Fidelity (MAX_ERROR);Tolerancja_0.01;782;4912;6.7918228310099165e-06;0.0026061125898567614;0.00997175375060877;0.04167386879812121
Fidelity (MAX_ERROR);Tolerancja_0.1;782;4253;0.0004336965832594702;0.020825383147963214;0.09989576947493006;0.33301488521895517
Fidelity (MAX_ERROR);Tolerancja_1.0;782;2557;0.005674849723476197;0.07533159843967335;0.9980350784968586;1.2046137845104565
Fidelity (MAX_ERROR);Tolerancja_0.01;783;4908;6.730400284459016e-06;0.002594301502227337;0.009688650090146744;0.04899536324737068
Fidelity (MAX_ERROR);Tolerancja_0.1;783;4230;0.00047463882888815033;0.021786207308481905;0.09995448245707816;0.41144914727342097
Fidelity (MAX_ERROR);Tolerancja_1.0;783;2234;0.0077833335273930545;0.08822320288559611;0.9982515229469919;1.666162498273681
Fidelity (MAX_ERROR);Tolerancja_0.01;784;4883;6.979038062458865e-06;0.002641786907087486;0.009826165177623025;0.043124761607271266
Fidelity (MAX_ERROR);Tolerancja_0.1;784;4160;0.000427292449169563;0.02067105341218882;0.09940104585391918;0.33743609228293187
Fidelity (MAX_ERROR);Tolerancja_1.0;784;2470;0.005353577779523692;0.07316814730142955;0.9990849163432891;1.1944032658934531
Fidelity (MAX_ERROR);Tolerancja_0.01;785;4894;8.537476146708438e-06;0.0029218959849228784;0.009956543088883052;0.05192666858831293
Fidelity (MAX_ERROR);Tolerancja_0.1;785;4217;0.0005631364113771484;0.023730495388363648;0.09985493409473079;0.42172807513562866
Fidelity (MAX_ERROR);Tolerancja_1.0;785;2650;0.0066557035231735485;0.08158249520070802;0.9976259761427109;1.4498487327250325
Fidelity (MAX_ERROR);Tolerancja_0.01;786;4912;6.885319606614813e-06;0.002623989254287222;0.009769672247390115;0.044240817622274276
Fidelity (MAX_ERROR);Tolerancja_0.1;786;4269;0.0005936809040839135;0.024365568002488954;0.09926678951856349;0.41080680818338544
Fidelity (MAX_ERROR);Tolerancja_1.0;786;2690;0.007498589761052533;0.08659439797730874;0.9998679068493694;1.4599933905085305
Fidelity (MAX_ERROR);Tolerancja_0.01;787;4915;7.876560842591665e-06;0.002806521128121373;0.009869034855261027;0.04229670326320255
Fidelity (MAX_ERROR);Tolerancja_0.1;787;4267;0.0005548313817922627;0.023554858984767085;0.09947211080241658;0.35499211849945045
Fidelity (MAX_ERROR);Tolerancja_1.0;787;2681;0.006938293183539457;0.08329641759127134;0.9999822262029288;1.2553491304389863
Fidelity (MAX_ERROR);Tolerancja_0.01;788;4933;6.954484385074652e-06;0.002637135640249597;0.009867556117201914;0.044289218534266095
Fidelity (MAX_ERROR);Tolerancja_0.1;788;4296;0.0006021816171938477;0.024539389095775136;0.09967699850133593;0.4121253187633937
Fidelity (MAX_ERROR);Tolerancja_1.0;788;2564;0.00879049449683325;0.09375763700538346;0.9988705112541361;1.5746070893019382
Fidelity (MAX_ERROR);Tolerancja_0.01;789;4863;9.48585736993276e-06;0.0030799119094436387;0.009992883735109537;0.05192602165956209
Fidelity (MAX_ERROR);Tolerancja_0.1;789;4252;0.00046235039099213384;0.021502334547488882;0.09927488069429469;0.36252033248761006
Fidelity (MAX_ERROR);Tolerancja_1.0;789;2488;0.007130850973075545;0.08444436614171218;0.9985655985802362;1.423696558287158
Fidelity (MAX_ERROR);Tolerancja_0.01;790;4915;5.582219606901868e-06;0.0023626721327560172;0.009859854074178998;0.03595540584809271
Fidelity (MAX_ERROR);Tolerancja_0.1;790;4226;0.00039327662141766783;0.01983120322667457;0.09990931194782604;0.30179344420477916
Fidelity (MAX_ERROR);Tolerancja_1.0;790;2465;0.005907532736179437;0.07686047577382954;0.9998304713789601;1.169671221754287
Fidelity (MAX_ERROR);Tolerancja_0.01;791;4906;7.809843491389617e-06;0.0027946097207641745;0.009809604130391447;0.03965824221357039
Fidelity (MAX_ERROR);Tolerancja_0.1;791;4187;0.0006413895181060712;0.025325669154161973;0.09997916367399684;0.3593959879527874
Fidelity (MAX_ERROR);Tolerancja_1.0;791;2519;0.00821069081693237;0.090612862315084;0.9980931493763254;1.2858850431443662
Fidelity (MAX_ERROR);Tolerancja_0.01;792;4934;5.3252986927517676e-06;0.002307660870394904;0.009951293675160677;0.03904538268370229
Fidelity (MAX_ERROR);Tolerancja_0.1;792;4344;0.00048594311968214453;0.022044117575492662;0.09927790480094956;0.37298418398555483
Fidelity (MAX_ERROR);Tolerancja_1.0;792;2547;0.008966725722714503;0.09469279657246639;0.9979358081311469;1.6021923008683725
Fidelity (MAX_ERROR);Tolerancja_0.01;793;4927;6.080694946869993e-06;0.002465906516247117;0.00967603838668385;0.040122818791871316
Fidelity (MAX_ERROR);Tolerancja_0.1;793;4280;0.0005944711773100571;0.024381779617371188;0.09999738499619681;0.3967164687572812
Fidelity (MAX_ERROR);Tolerancja_1.0;793;2623;0.007897906428466214;0.08887016613277042;0.9979374243239303;1.4460084144533374
Fidelity (MAX_ERROR);Tolerancja_0.01;794;4883;6.5921917771531625e-06;0.0025675263926887223;0.009929784856138824;0.03705844238958759
Fidelity (MAX_ERROR);Tolerancja_0.1;794;4222;0.0003848482835202584;0.01961755039550704;0.09989791602694709;0.28315029719924956
Fidelity (MAX_ERROR);Tolerancja_1.0;794;2615;0.004783637681891009;0.06916384663891251;0.9990584118664152;0.9982777327660959
Fidelity (MAX_ERROR);Tolerancja_0.01;795;4889;7.929793810023922e-06;0.002815988957724075;0.00996796731802796;0.04472104252436159
Fidelity (MAX_ERROR);Tolerancja_0.1;795;4195;0.0004296329054994331;0.02072758802898767;0.09984153045622257;0.3291771947930466
Fidelity (MAX_ERROR);Tolerancja_1.0;795;2471;0.005413694636909195;0.07357781348279653;0.9997892271023399;1.1684976663662425
Fidelity (MAX_ERROR);Tolerancja_0.01;796;4906;7.283678979900821e-06;0.0026988291868698952;0.009642822154335207;0.0448701426441719
Fidelity (MAX_ERROR);Tolerancja_0.1;796;4172;0.000564252599160703;0.023754001750456766;0.09986526774113935;0.39492882769252713
Fidelity (MAX_ERROR);Tolerancja_1.0;796;2343;0.007785552090209991;0.08823577556869998;0.9991809069212607;1.4669886687710436
Fidelity (MAX_ERROR);Tolerancja_0.01;797;4831;8.15557382066982e-06;0.002855796529984204;0.009957772579532786;0.04104450520193374
Fidelity (MAX_ERROR);Tolerancja_0.1;797;4126;0.0002513646315906276;0.01585448301240465;0.09949410379972701;0.2278661675102645
Fidelity (MAX_ERROR);Tolerancja_1.0;797;1928;0.00444017749778904;0.0666346568820538;0.998998801430484;0.9576965628709043
Fidelity (MAX_ERROR);Tolerancja_0.01;798;4874;5.841890678402861e-06;0.0024170003472078487;0.009984329278312387;0.047541826195511644
Fidelity (MAX_ERROR);Tolerancja_0.1;798;4227;0.00021070570386815072;0.014515705420962177;0.09995113878990503;0.2855204985906793
Fidelity (MAX_ERROR);Tolerancja_1.0;798;2496;0.0027997444779140792;0.05291261170944106;0.9985121374786168;1.040778580088684
Fidelity (MAX_ERROR);Tolerancja_0.01;799;4863;7.236412452102614e-06;0.002690058075972081;0.009846637323743579;0.04665418625356235
Fidelity (MAX_ERROR);Tolerancja_0.1;799;4127;0.00038271247687601687;0.01956303853893911;0.09917116416650629;0.3392854793112489
Fidelity (MAX_ERROR);Tolerancja_1.0;799;2426;0.004478840414124953;0.06692413924829331;0.9993176847069067;1.1606780110949633
Fidelity (MAX_ERROR);Tolerancja_0.01;800;4910;7.946668651395046e-06;0.0028189836202778913;0.0099468265918361;0.045110686969945336
Fidelity (MAX_ERROR);Tolerancja_0.1;800;4297;0.0005084047926389368;0.02254783343558615;0.09952173169222611;0.3608209173854387
Fidelity (MAX_ERROR);Tolerancja_1.0;800;2632;0.006896531372877979;0.08304535732283883;0.9993373920307036;1.3289304313618329
Fidelity (MAX_ERROR);Tolerancja_0.01;801;4876;6.753793555208248e-06;0.0025988061788460195;0.009738808362675044;0.03735454835362523
Fidelity (MAX_ERROR);Tolerancja_0.1;801;4063;0.00046530678427465945;0.02157097087000628;0.09953468384918551;0.3100553942641805
Fidelity (MAX_ERROR);Tolerancja_1.0;801;1971;0.007026398825815585;0.083823617351052;0.9977534261297771;1.20485836650813
Fidelity (MAX_ERROR);Tolerancja_0.01;802;4892;7.819319243541673e-06;0.0027963045691665406;0.009712823291653017;0.040113201540031646
Fidelity (MAX_ERROR);Tolerancja_0.1;802;4350;0.0002914007767738051;0.01707046504269304;0.0993752553652616;0.2448771182474254
Fidelity (MAX_ERROR);Tolerancja_1.0;802;2614;0.004922270020530497;0.07015889124359433;0.9994321527502907;1.0064346263677146
Fidelity (MAX_ERROR);Tolerancja_0.01;803;4915;6.913865564855707e-06;0.002629423047905321;0.009880210603885331;0.048642916140378356
Fidelity (MAX_ERROR);Tolerancja_0.1;803;4267;0.000502270810330919;0.02241139911587224;0.09959636079181022;0.41459886367481824
Fidelity (MAX_ERROR);Tolerancja_1.0;803;2712;0.005999483496615463;0.07745633283738304;0.999987671584142;1.43290061511841
Fidelity (MAX_ERROR);Tolerancja_0.01;804;4918;7.159226230474566e-06;0.002675673042521183;0.009799068906705344;0.04298242782670214
Fidelity (MAX_ERROR);Tolerancja_0.1;804;4394;0.0003507795357029031;0.018729109314190653;0.09901846121729019;0.30086732443104214
Fidelity (MAX_ERROR);Tolerancja_1.0;804;2667;0.006769454105510368;0.08227669235883495;0.9995915017642059;1.3217055802158606
Fidelity (MAX_ERROR);Tolerancja_0.01;805;4923;7.381943939519114e-06;0.0027169733048962984;0.009936158795382344;0.04565169751411915
Fidelity (MAX_ERROR);Tolerancja_0.1;805;4321;0.0006747461820799482;0.025975876926101035;0.09934443140590554;0.43645731592479264
Fidelity (MAX_ERROR);Tolerancja_1.0;805;2627;0.011372923425408115;0.10664390946232286;0.998929251000118;1.7918746156701353
Fidelity (MAX_ERROR);Tolerancja_0.01;806;4900;6.626208557161039e-06;0.002574142295437655;0.009998548031140864;0.048550662258374566
Fidelity (MAX_ERROR);Tolerancja_0.1;806;4065;0.0006514341851655782;0.02552320875527954;0.09885492877568414;0.48139090454472433
Fidelity (MAX_ERROR);Tolerancja_1.0;806;2192;0.00766676420048189;0.08756006053265318;0.9999090975748519;1.6514622885371248
Fidelity (MAX_ERROR);Tolerancja_0.01;807;4909;7.88136205115573e-06;0.002807376364357962;0.009901298732835961;0.05010786850690966
Fidelity (MAX_ERROR);Tolerancja_0.1;807;4250;0.0006660118467323149;0.0258072053258836;0.09902579708749037;0.460623686733906
Fidelity (MAX_ERROR);Tolerancja_1.0;807;2486;0.009414509082231598;0.09702839317556278;0.9998422344755209;1.7318254967177253
Fidelity (MAX_ERROR);Tolerancja_0.01;808;4900;6.16514876118483e-06;0.002482971760045778;0.009701221322936604;0.03758371151731917
Fidelity (MAX_ERROR);Tolerancja_0.1;808;4124;0.0004989498621640648;0.022337185636603033;0.0996085297130227;0.3381086948243889
Fidelity (MAX_ERROR);Tolerancja_1.0;808;2368;0.005676647496096546;0.07534352988874722;0.9992866373773532;1.1404436963805755
Fidelity (MAX_ERROR);Tolerancja_0.01;809;4907;7.854601962772275e-06;0.002802606280370519;0.009847608994697055;0.04859190872545695
Fidelity (MAX_ERROR);Tolerancja_0.1;809;4135;0.0006139834715756638;0.024778689868022962;0.09916226042907805;0.42961576331164003
Fidelity (MAX_ERROR);Tolerancja_1.0;809;2332;0.007806064547273725;0.08835193573020189;0.9972573864166181;1.5318559823364941
Fidelity (MAX_ERROR);Tolerancja_0.01;810;4878;7.944058558309276e-06;0.002818520632940138;0.009724461293730613;0.04079666920619472
Fidelity (MAX_ERROR);Tolerancja_0.1;810;4189;0.00048244646339695534;0.02196466397186525;0.09899909583232658;0.31792746869149546
Fidelity (MAX_ERROR);Tolerancja_1.0;810;2609;0.005393536701291154;0.07344070193898716;0.9991075538140288;1.0630172397035766
Fidelity (MAX_ERROR);Tolerancja_0.01;811;4912;6.112395172169433e-06;0.0024723258628606046;0.009975681339330578;0.03993751711073772
Fidelity (MAX_ERROR);Tolerancja_0.1;811;4318;0.000467753618045279;0.02162761239816543;0.09992088196561166;0.3493686464197441
Fidelity (MAX_ERROR);Tolerancja_1.0;811;2474;0.008828386416909504;0.09395949349006466;0.9998200873949514;1.5178051305234768
Fidelity (MAX_ERROR);Tolerancja_0.01;812;4926;6.033642111921588e-06;0.0024563473109317398;0.009838359442566613;0.04382528395476841
Fidelity (MAX_ERROR);Tolerancja_0.1;812;4280;0.0005288485108126133;0.022996706520991506;0.09956587693306274;0.410299141665205
Fidelity (MAX_ERROR);Tolerancja_1.0;812;2554;0.007678578972141178;0.08762750123186885;0.9988863463291162;1.5634190273674173
Fidelity (MAX_ERROR);Tolerancja_0.01;813;4886;7.492436855313129e-06;0.0027372316042514797;0.009813839126206148;0.04270945666499839
Fidelity (MAX_ERROR);Tolerancja_0.1;813;4160;0.00038926572393405557;0.01972981814244763;0.09995362498576776;0.30784746590473333
Fidelity (MAX_ERROR);Tolerancja_1.0;813;2275;0.005421824239046145;0.07363303768721038;0.9983901926535763;1.1489079065613397
Fidelity (MAX_ERROR);Tolerancja_0.01;814;4874;7.744754585114014e-06;0.002782939917625606;0.009751740647106821;0.05275032753151662
Fidelity (MAX_ERROR);Tolerancja_0.1;814;4219;0.00035464943641180726;0.01883213839190354;0.09948912619594275;0.3569611625461634
Fidelity (MAX_ERROR);Tolerancja_1.0;814;2463;0.0047647068744953785;0.06902685618290448;0.9986009415768908;1.3083966524242296
Fidelity (MAX_ERROR);Tolerancja_0.01;815;4879;6.270407337225782e-06;0.00250407814119803;0.009822570870116287;0.046765192655778054
Fidelity (MAX_ERROR);Tolerancja_0.1;815;4130;0.0003834691470433275;0.019582368269525714;0.09968748146486006;0.3657127186704446
Fidelity (MAX_ERROR);Tolerancja_1.0;815;2336;0.00458940157211225;0.06774512212781264;0.999287299320474;1.2651816393719426
Fidelity (MAX_ERROR);Tolerancja_0.01;816;4920;6.134893410796087e-06;0.0024768716984930987;0.009969590771861103;0.03888476459542699
Fidelity (MAX_ERROR);Tolerancja_0.1;816;4285;0.0005643994391424476;0.023757092396639104;0.09972731046267391;0.3729660062235533
Fidelity (MAX_ERROR);Tolerancja_1.0;816;2655;0.007682541757133336;0.0876501098523746;0.997595427320455;1.3760316654457503
Fidelity (MAX_ERROR);Tolerancja_0.01;817;4903;6.6386622269462345e-06;0.0025765601539545382;0.009920986777287588;0.0410022890761166
Fidelity (MAX_ERROR);Tolerancja_0.1;817;4214;0.00042426571178997056;0.020597711324076045;0.09971038227502316;0.3277832705438431
Fidelity (MAX_ERROR);Tolerancja_1.0;817;2342;0.006115429064935224;0.07820120884574115;0.9998621103428249;1.2444609788261984
Fidelity (MAX_ERROR);Tolerancja_0.01;818;4874;7.400667491540249e-06;0.0027204167863656937;0.009740920350010285;0.051731058258494514
Fidelity (MAX_ERROR);Tolerancja_0.1;818;4166;0.00038510306148661124;0.01962404294447531;0.09924752521563995;0.3731680064303886
Fidelity (MAX_ERROR);Tolerancja_1.0;818;2201;0.006162901597589997;0.07850415019341332;0.9985408762441228;1.4928237421349124
Fidelity (MAX_ERROR);Tolerancja_0.01;819;4909;6.11583851044533e-06;0.002473022141115063;0.009938797391193965;0.041053128826393656
Fidelity (MAX_ERROR);Tolerancja_0.1;819;4301;0.00042537198760478725;0.020624548179409584;0.09991167974633797;0.3423755167083519
Fidelity (MAX_ERROR);Tolerancja_1.0;819;2714;0.005658839714203027;0.07522525981479244;0.9986632433998537;1.2487685535978068
Fidelity (MAX_ERROR);Tolerancja_0.01;820;4914;5.697432461138433e-06;0.0023869295048531353;0.00977407529239116;0.037793400819624186
Fidelity (MAX_ERROR);Tolerancja_0.1;820;4224;0.0003503642445563049;0.018718019247674283;0.09979279104809247;0.2963713853042011
Fidelity (MAX_ERROR);Tolerancja_1.0;820;2525;0.004561519397550041;0.06753902129547067;0.9981745496619752;1.0693777497806372
Fidelity (MAX_ERROR);Tolerancja_0.01;821;4921;7.77574444716426e-06;0.002788502187046706;0.009924344377026273;0.04439000211406648
Fidelity (MAX_ERROR);Tolerancja_0.1;821;4277;0.0006657518460610087;0.02580216746827694;0.099968667632516;0.4107431845615141
Fidelity (MAX_ERROR);Tolerancja_1.0;821;2515;0.009519560146644969;0.09756823328647993;0.9982652392006761;1.553182960361807
Fidelity (MAX_ERROR);Tolerancja_0.01;822;4909;6.7974096812481216e-06;0.002607184243824767;0.009755650967694152;0.04437030538466256
Fidelity (MAX_ERROR);Tolerancja_0.1;822;4281;0.00045453657759044017;0.021319863451496123;0.09963591541602668;0.36283160821593585
Fidelity (MAX_ERROR);Tolerancja_1.0;822;2689;0.0059296913594149596;0.07700448921598636;0.9997935658308985;1.3104991373723995
Fidelity (MAX_ERROR);Tolerancja_0.01;823;4911;6.9851898687447916e-06;0.002642950977363143;0.009821332865326049;0.045707413182571356
Fidelity (MAX_ERROR);Tolerancja_0.1;823;4398;0.00028781766913462797;0.01696518992332912;0.09988696855165635;0.2933974001742731
Fidelity (MAX_ERROR);Tolerancja_1.0;823;2757;0.0049543125205918515;0.07038687747436913;0.9996319025711222;1.2172764909025284
Fidelity (MAX_ERROR);Tolerancja_0.01;824;4895;8.014910258071528e-06;0.0028310616839043842;0.009933380911888001;0.05712781154054236
Fidelity (MAX_ERROR);Tolerancja_0.1;824;4296;0.0003354568645832362;0.01831548155477317;0.09996728513211295;0.3695869236915927
Fidelity (MAX_ERROR);Tolerancja_1.0;824;2663;0.004879832453185662;0.06985579756316337;0.9999470273620688;1.4096156438029266
Fidelity (MAX_ERROR);Tolerancja_0.01;825;4892;7.948400189814298e-06;0.0028192907245997703;0.009793664154353898;0.04266035400696116
Fidelity (MAX_ERROR);Tolerancja_0.1;825;4267;0.00037216453808724433;0.019291566501641186;0.09931306923895633;0.29191209304094673
Fidelity (MAX_ERROR);Tolerancja_1.0;825;2606;0.005604005119271544;0.07485990328120617;0.9999390724128403;1.1327494348269063
Fidelity (MAX_ERROR);Tolerancja_0.01;826;4921;6.7573772309421205e-06;0.0025994955724028693;0.009981329717619225;0.039327406121275735
Fidelity (MAX_ERROR);Tolerancja_0.1;826;4210;0.0005823651040759031;0.0241322420026798;0.09981826220601064;0.36509332500190617
Fidelity (MAX_ERROR);Tolerancja_1.0;826;2349;0.007906690261348442;0.08891957186889983;0.9999400364158659;1.345251806597895
Fidelity (MAX_ERROR);Tolerancja_0.01;827;4890;6.795371623574456e-06;0.0026067933603518435;0.009642058200655335;0.04336526461543392
Fidelity (MAX_ERROR);Tolerancja_0.1;827;4185;0.00044649028016459954;0.021130316612975764;0.0995372772330756;0.3515130064647379
Fidelity (MAX_ERROR);Tolerancja_1.0;827;2610;0.004892559296012019;0.06994683192262548;0.9995244086558639;1.1635992792794783
Fidelity (MAX_ERROR);Tolerancja_0.01;828;4902;6.680189415780118e-06;0.0025846062399870733;0.009892286397146677;0.04635445949810083
Fidelity (MAX_ERROR);Tolerancja_0.1;828;4188;0.0006320131780440292;0.025139872275809782;0.09955474917056151;0.4508791989925246
Fidelity (MAX_ERROR);Tolerancja_1.0;828;2511;0.007696897055940071;0.0877319614276352;0.998303159053854;1.573457337434347
Fidelity (MAX_ERROR);Tolerancja_0.01;829;4913;8.11974227481658e-06;0.0028495161474918125;0.00978429026593819;0.045421831106476636
Fidelity (MAX_ERROR);Tolerancja_0.1;829;4300;0.0005917779877701931;0.024326487370152583;0.09928574427580639;0.38776885041114956
Fidelity (MAX_ERROR);Tolerancja_1.0;829;2591;0.00868399554705865;0.0931879581655197;0.9988644647389844;1.4854338343291698
Fidelity (MAX_ERROR);Tolerancja_0.01;830;4912;7.15631719669764e-06;0.0026751293794315145;0.009818214631293287;0.050935071389161625
Fidelity (MAX_ERROR);Tolerancja_0.1;830;4272;0.0005561605250003726;0.023583055887657405;0.09986178906744492;0.4490267440701068
Fidelity (MAX_ERROR);Tolerancja_1.0;830;2542;0.008432112943279153;0.09182653724974689;0.9987664111412826;1.7483981396179449
Fidelity (MAX_ERROR);Tolerancja_0.01;831;4933;5.701231904858285e-06;0.0023877252574067824;0.009993846219946256;0.037111001936735596
Fidelity (MAX_ERROR);Tolerancja_0.1;831;4324;0.00042441122554203137;0.020601243300879472;0.09968218497083114;0.3201929441699793
Fidelity (MAX_ERROR);Tolerancja_1.0;831;2340;0.008227981253099481;0.09070822042736525;0.9994257765845642;1.4098242389971496
Fidelity (MAX_ERROR);Tolerancja_0.01;832;4922;4.16678480293995e-06;0.0020412703894731707;0.009823875288786255;0.03335093981291658
Fidelity (MAX_ERROR);Tolerancja_0.1;832;4199;0.00043068267782288847;0.020752895649110956;0.09980118895326306;0.33906756170399777
Fidelity (MAX_ERROR);Tolerancja_1.0;832;2523;0.0055487979152112135;0.07449025382700218;0.9983137247826934;1.2170460047061202
Fidelity (MAX_ERROR);Tolerancja_0.01;833;4866;7.239304915688416e-06;0.002690595643289496;0.009904229111705742;0.04380440027464595
Fidelity (MAX_ERROR);Tolerancja_0.1;833;4128;0.0003056106385691122;0.017481722986282335;0.09940544132642026;0.28461221703509476
Fidelity (MAX_ERROR);Tolerancja_1.0;833;2280;0.003913911675475406;0.06256126337819119;0.9989793326931169;1.018532319986729
Fidelity (MAX_ERROR);Tolerancja_0.01;834;4903;6.407735424881602e-06;0.0025313505140303273;0.009698917678818475;0.03853013642594086
Fidelity (MAX_ERROR);Tolerancja_0.1;834;4354;0.00027095394066621077;0.01646067862107182;0.09915501929934756;0.2505509171559426
Fidelity (MAX_ERROR);Tolerancja_1.0;834;2596;0.004689495390742139;0.06847989041128891;0.9979839809767634;1.0423445924837376
Fidelity (MAX_ERROR);Tolerancja_0.01;835;4924;6.989108282759378e-06;0.002643692168683672;0.00984467433504399;0.04406996420240444
Fidelity (MAX_ERROR);Tolerancja_0.1;835;4325;0.0004832488585063308;0.021982921973803454;0.09966770402058778;0.3664521141779299
Fidelity (MAX_ERROR);Tolerancja_1.0;835;2583;0.0073489779755776365;0.0857261802227163;0.9991123404328643;1.4290429643724625
Fidelity (MAX_ERROR);Tolerancja_0.01;836;4886;6.745874627992961e-06;0.0025972821617977824;0.009770410964818899;0.04229490645183478
Fidelity (MAX_ERROR);Tolerancja_0.1;836;4218;0.0003638250659838424;0.01907419896047649;0.09937468458525966;0.310609864628119
Fidelity (MAX_ERROR);Tolerancja_1.0;836;2515;0.004566030077577246;0.06757240618460501;0.9979505492165168;1.100368931931919
Fidelity (MAX_ERROR);Tolerancja_0.01;837;4905;7.821390512774075e-06;0.002796674902947083;0.00976503715462762;0.04468462080769598
Fidelity (MAX_ERROR);Tolerancja_0.1;837;4280;0.0006372089971608202;0.025242998973196908;0.09945865567360102;0.4033267634996565
Fidelity (MAX_ERROR);Tolerancja_1.0;837;2600;0.00946390286200885;0.0972825928006077;0.9977353977550258;1.5543586299229224
Fidelity (MAX_ERROR);Tolerancja_0.01;838;4869;8.068297404630643e-06;0.002840474855482907;0.009884821260248255;0.04364915442066726
Fidelity (MAX_ERROR);Tolerancja_0.1;838;4165;0.0003959574704772516;0.019898680118974013;0.09961388059478082;0.30578005631839855
Fidelity (MAX_ERROR);Tolerancja_1.0;838;2420;0.0048327999073311265;0.06951834223664376;0.9991045189373615;1.0682780203101565
Fidelity (MAX_ERROR);Tolerancja_0.01;839;4869;7.0139772269944585e-06;0.0026483914414214636;0.009751874268409733;0.04617976696996717
Fidelity (MAX_ERROR);Tolerancja_0.1;839;4244;0.00027857003652217863;0.016690417505927722;0.09957573879767212;0.2910293316162944
Fidelity (MAX_ERROR);Tolerancja_1.0;839;2633;0.003205073227435703;0.05661336615531445;0.9997892716654473;0.9871622508471151
Fidelity (MAX_ERROR);Tolerancja_0.01;840;4874;6.717078429825255e-06;0.002591732708020882;0.009721114626689342;0.05500473947187171
Fidelity (MAX_ERROR);Tolerancja_0.1;840;4191;0.00034726725671298757;0.01863510817551075;0.09951489927659107;0.39549574963957146
Fidelity (MAX_ERROR);Tolerancja_1.0;840;2385;0.004830451092632231;0.06950144669452739;0.9987711682111158;1.4750398281888935
Fidelity (MAX_ERROR);Tolerancja_0.01;841;4922;8.115085321372974e-06;0.002848698882186914;0.009711893323389731;0.040179160289418606
Fidelity (MAX_ERROR);Tolerancja_0.1;841;4316;0.0006493766684355981;0.025482870098079573;0.09936208958884407;0.3594203405307444
Fidelity (MAX_ERROR);Tolerancja_1.0;841;2608;0.009881579498744767;0.09940613411024879;0.999902541814695;1.402062893042924
Fidelity (MAX_ERROR);Tolerancja_0.01;842;4892;7.194115426106168e-06;0.002682184823256251;0.009689833599076714;0.04287136151927636
Fidelity (MAX_ERROR);Tolerancja_0.1;842;4201;0.0003931672869187778;0.01982844640708842;0.09938219722497443;0.31693285522802683
Fidelity (MAX_ERROR);Tolerancja_1.0;842;2565;0.0046945553941906875;0.06851682562838625;0.998902412802904;1.0951555523685594
Fidelity (MAX_ERROR);Tolerancja_0.01;843;4894;6.59174907017194e-06;0.0025674401784991875;0.009872453579179874;0.046790697133810066
Fidelity (MAX_ERROR);Tolerancja_0.1;843;4109;0.0005193045556476463;0.022788254774063904;0.09922298993803724;0.41530795391876474
Fidelity (MAX_ERROR);Tolerancja_1.0;843;2478;0.006021467504585951;0.07759811534171401;0.9987249056769478;1.4141984469648081
Fidelity (MAX_ERROR);Tolerancja_0.01;844;4902;7.429293097769045e-06;0.002725672962365266;0.0098469139489481;0.03728971478877999
Fidelity (MAX_ERROR);Tolerancja_0.1;844;4270;0.0004135227431129751;0.020335258619279352;0.09898408350577981;0.27820505414229074
Fidelity (MAX_ERROR);Tolerancja_1.0;844;2608;0.00536233158512772;0.07322794265256755;0.9996131613971979;1.0018256532558463
Fidelity (MAX_ERROR);Tolerancja_0.01;845;4927;5.1485936865174265e-06;0.0022690512745456915;0.009771341305969461;0.041283221112784624
Fidelity (MAX_ERROR);Tolerancja_0.1;845;4308;0.0005349293406059357;0.023128539526004136;0.09995892300827736;0.4208016901067965
Fidelity (MAX_ERROR);Tolerancja_1.0;845;2596;0.00818785537926706;0.09048676908403272;0.9976639935431917;1.6463203532610975
Fidelity (MAX_ERROR);Tolerancja_0.01;846;4901;7.763715973666524e-06;0.002786344554010958;0.009965941455068794;0.04288703198228605
Fidelity (MAX_ERROR);Tolerancja_0.1;846;4251;0.00043626527197913656;0.02088696416378255;0.09923542875465152;0.3214892784223419
Fidelity (MAX_ERROR);Tolerancja_1.0;846;2509;0.006002223489496489;0.07747401815767974;0.9999371956995342;1.1924694272794354
Fidelity (MAX_ERROR);Tolerancja_0.01;847;4894;6.868544504775323e-06;0.0026207908166763945;0.00963474711079737;0.04446194766524689
Fidelity (MAX_ERROR);Tolerancja_0.1;847;4124;0.0004273623239300168;0.020672743502738497;0.09940837514162792;0.3507149192782466
Fidelity (MAX_ERROR);Tolerancja_1.0;847;2525;0.004143582426675001;0.06437066433302518;0.9986595939346605;1.0920540054324888
Fidelity (MAX_ERROR);Tolerancja_0.01;848;4841;8.641188895258683e-06;0.002939589919573593;0.009667583847441819;0.04362588239077496
Fidelity (MAX_ERROR);Tolerancja_0.1;848;4115;0.000369317423549601;0.01921763314119616;0.09996248924086126;0.28520515656431983
Fidelity (MAX_ERROR);Tolerancja_1.0;848;2314;0.004658015163711705;0.06824965321312414;0.9999813579593477;1.0128798321361876
Fidelity (MAX_ERROR);Tolerancja_0.01;849;4901;7.076961435683413e-06;0.0026602558966541947;0.009822439881409295;0.044892460514103116
Fidelity (MAX_ERROR);Tolerancja_0.1;849;4209;0.0005574099959387751;0.02360953188732837;0.0999826360959688;0.39841655058123215
Fidelity (MAX_ERROR);Tolerancja_1.0;849;2515;0.00667523667855786;0.08170212162825308;0.999945300589177;1.3787430275891155
Fidelity (MAX_ERROR);Tolerancja_0.01;850;4906;7.87772326860628e-06;0.002806728214239184;0.009658662971188114;0.04603186309952646
Fidelity (MAX_ERROR);Tolerancja_0.1;850;4294;0.000553739195496747;0.023531663678897568;0.09901382998606145;0.3859320312796069
Fidelity (MAX_ERROR);Tolerancja_1.0;850;2579;0.008068424512360601;0.08982440933488292;0.9999543534494144;1.4731689703771222
Fidelity (MAX_ERROR);Tolerancja_0.01;851;4914;7.122341379706615e-06;0.0026687715113337474;0.009692476814880502;0.04275194063562922
Fidelity (MAX_ERROR);Tolerancja_0.1;851;4208;0.0005635711000107086;0.023739652482938932;0.09962949909310481;0.3802934081658634
Fidelity (MAX_ERROR);Tolerancja_1.0;851;2348;0.007921256834211061;0.08900144287713015;0.9992823601529239;1.4257437874353023
Fidelity (MAX_ERROR);Tolerancja_0.01;852;4898;6.762979737806982e-06;0.002600572963369223;0.00996739949345482;0.041010204663851565
Fidelity (MAX_ERROR);Tolerancja_0.1;852;4181;0.000509885525010508;0.02258064492016355;0.0999540737014506;0.3560895551332358
Fidelity (MAX_ERROR);Tolerancja_1.0;852;2443;0.006186744938688035;0.07865586398157505;0.9994332866467968;1.24037784185734
Fidelity (MAX_ERROR);Tolerancja_0.01;853;4885;7.270777888413685e-06;0.0026964380001056366;0.009948564179328656;0.04275341507137516
Fidelity (MAX_ERROR);Tolerancja_0.1;853;4189;0.00043428835040044175;0.020839586137935698;0.09963762744402582;0.3304223853973043
Fidelity (MAX_ERROR);Tolerancja_1.0;853;2365;0.007147303806225371;0.08454172819516627;0.999729749438548;1.3404526995383255
Fidelity (MAX_ERROR);Tolerancja_0.01;854;4927;5.049367852814555e-06;0.0022470798501198295;0.009788713150549633;0.035434185422046634
Fidelity (MAX_ERROR);Tolerancja_0.1;854;4340;0.0004356752773108813;0.020872835871315647;0.09919342139787846;0.32914359341022253
Fidelity (MAX_ERROR);Tolerancja_1.0;854;2479;0.007432636399748444;0.08621273919641136;0.9982292744280516;1.3594880423431686
Fidelity (MAX_ERROR);Tolerancja_0.01;855;4916;6.517253756761178e-06;0.0025528912543939623;0.009986298438291463;0.038754482877252555
Fidelity (MAX_ERROR);Tolerancja_0.1;855;4251;0.0005108829003314444;0.02260271887033603;0.09981531336303995;0.3431233821386319
Fidelity (MAX_ERROR);Tolerancja_1.0;855;2632;0.006336499810783559;0.07960213446122885;0.9992100096537868;1.2084100925414434
Fidelity (MAX_ERROR);Tolerancja_0.01;856;4896;7.328630851153423e-06;0.002707144408995099;0.009642017795636448;0.04781557859669452
Fidelity (MAX_ERROR);Tolerancja_0.1;856;4271;0.0004175323141199334;0.020433607467109996;0.0995377861288258;0.36091342619593914
Fidelity (MAX_ERROR);Tolerancja_1.0;856;2517;0.006295972405728728;0.07934716381653932;0.9998004084035568;1.4014880533480254
Fidelity (MAX_ERROR);Tolerancja_0.01;857;4895;7.421640781632827e-06;0.002724268852670901;0.009677450638116092;0.042140979837525405
Fidelity (MAX_ERROR);Tolerancja_0.1;857;4259;0.0005504545706263057;0.023461768275778058;0.0989613380890586;0.36292376315682756
Fidelity (MAX_ERROR);Tolerancja_1.0;857;2385;0.00922123825300271;0.09602727869206078;0.9994036538891988;1.4854200646339133
Fidelity (MAX_ERROR);Tolerancja_0.01;858;4905;7.244186091449951e-06;0.0026915025713251605;0.00993001471955357;0.041146585234502965
Fidelity (MAX_ERROR);Tolerancja_0.1;858;4317;0.0005381280673967065;0.02319758753398091;0.09977883239237961;0.35463518514561193
Fidelity (MAX_ERROR);Tolerancja_1.0;858;2474;0.010431241784156907;0.10213345085796773;0.9995221427459784;1.5613742248636298
Fidelity (MAX_ERROR);Tolerancja_0.01;859;4926;5.847960208248307e-06;0.0024182556126779295;0.009839800920467212;0.042863737465201
Fidelity (MAX_ERROR);Tolerancja_0.1;859;4252;0.0006588363808498332;0.02566780825956578;0.09916287788962341;0.45496356496689155
Fidelity (MAX_ERROR);Tolerancja_1.0;859;2503;0.009040649383712355;0.09508232950297524;0.9991741242068222;1.685340452857274
Fidelity (MAX_ERROR);Tolerancja_0.01;860;4913;4.462754811714195e-06;0.002112523328087573;0.009953749298977854;0.034703534554553626
Fidelity (MAX_ERROR);Tolerancja_0.1;860;4332;0.0003286421223477382;0.018128489246148953;0.09979372809245035;0.2978062512308996
Fidelity (MAX_ERROR);Tolerancja_1.0;860;2662;0.005236856865598782;0.07236613065239002;0.999797575091149;1.1887965838218912
Fidelity (MAX_ERROR);Tolerancja_0.01;861;4921;6.2123091455212465e-06;0.002492450429902518;0.00996002554994746;0.04030741688048324
Fidelity (MAX_ERROR);Tolerancja_0.1;861;4278;0.0004889911562278993;0.02211314442199253;0.09963693147412966;0.3576094112292721
Fidelity (MAX_ERROR);Tolerancja_1.0;861;2589;0.006348703231549206;0.07967875018817254;0.9989973340387888;1.2885490366507164
Fidelity (MAX_ERROR);Tolerancja_0.01;862;4905;6.5786807775344975e-06;0.0025648939115555046;0.009664381129478095;0.03962748257098771
Fidelity (MAX_ERROR);Tolerancja_0.1;862;4259;0.0004122955176688656;0.0203050613805737;0.09955960306183265;0.31371218214383734
Fidelity (MAX_ERROR);Tolerancja_1.0;862;2644;0.004994354849678243;0.07067074960461536;0.9988622446203212;1.0918595446067159
Fidelity (MAX_ERROR);Tolerancja_0.01;863;4869;9.02140425994262e-06;0.0030035652581461617;0.009838817405972478;0.05446139305936655
Fidelity (MAX_ERROR);Tolerancja_0.1;863;4145;0.0005132201417515573;0.022654362532447417;0.0993932010155345;0.41077454170265465
Fidelity (MAX_ERROR);Tolerancja_1.0;863;2507;0.005276379590200035;0.07263869210138654;0.9977901033144558;1.3171028500621331
Fidelity (MAX_ERROR);Tolerancja_0.01;864;4918;6.025606633147902e-06;0.002454711109916583;0.0096722307750019;0.0435116648215526
Fidelity (MAX_ERROR);Tolerancja_0.1;864;4252;0.0005329837242916168;0.023086440268946115;0.0996935600160711;0.4092251209712879
Fidelity (MAX_ERROR);Tolerancja_1.0;864;2620;0.006607130742213227;0.08128425888333624;0.9997232352290855;1.4408267488226856
Fidelity (MAX_ERROR);Tolerancja_0.01;865;4908;5.927185347122083e-06;0.002434581144082506;0.00995557827349458;0.03385797067001553
Fidelity (MAX_ERROR);Tolerancja_0.1;865;4255;0.00043170652682631046;0.02077754862408726;0.09913585069505526;0.2889555082684595
Fidelity (MAX_ERROR);Tolerancja_1.0;865;2358;0.006874004226095371;0.08290961479886015;0.9989217619249322;1.1530325505663086
Fidelity (MAX_ERROR);Tolerancja_0.01;866;4911;8.424810547855884e-06;0.0029025524194845964;0.009754076083164032;0.044871193469091256
Fidelity (MAX_ERROR);Tolerancja_0.1;866;4373;0.0004677827620745512;0.021628286156664175;0.09911931160427301;0.33435641197235466
Fidelity (MAX_ERROR);Tolerancja_1.0;866;2466;0.010012865794700503;0.10006430829571802;0.9972195458083233;1.5469160545549228
Fidelity (MAX_ERROR);Tolerancja_0.01;867;4887;9.508820460206483e-06;0.0030836375370990802;0.009995228233410813;0.04684723081319715
Fidelity (MAX_ERROR);Tolerancja_0.1;867;4345;0.0004693569263677436;0.02166464692460377;0.09977722196295602;0.32913359717307267
Fidelity (MAX_ERROR);Tolerancja_1.0;867;2561;0.008843980043006067;0.0940424374578098;0.998214422726317;1.428711293340348
Fidelity (MAX_ERROR);Tolerancja_0.01;868;4925;5.634684084480776e-06;0.0023737489514438497;0.009893180409591196;0.03867194263931744
Fidelity (MAX_ERROR);Tolerancja_0.1;868;4264;0.0006224031484672158;0.024948008907871102;0.099754554470179;0.40644060900523316
Fidelity (MAX_ERROR);Tolerancja_1.0;868;2634;0.0076633877313828595;0.08754077753471727;0.9990606016875461;1.4261710048843448
Fidelity (MAX_ERROR);Tolerancja_0.01;869;4909;7.900965380036457e-06;0.002810865592666511;0.009901467755732085;0.04077408993330493
Fidelity (MAX_ERROR);Tolerancja_0.1;869;4198;0.0004891692612617744;0.02211717118579531;0.09966722549057949;0.3208291173198446
Fidelity (MAX_ERROR);Tolerancja_1.0;869;2478;0.005588838087457845;0.07475853187066908;0.9996139804501558;1.0844385835200456
Fidelity (MAX_ERROR);Tolerancja_0.01;870;4915;7.74470180680171e-06;0.0027829304351351847;0.009842544927810337;0.046337563778234586
Fidelity (MAX_ERROR);Tolerancja_0.1;870;4289;0.0006032559455489577;0.024561269216979764;0.09989288846317912;0.4089607718710023
Fidelity (MAX_ERROR);Tolerancja_1.0;870;2635;0.00847578840266807;0.09206404511354077;0.9993881260905559;1.532924972996579
Fidelity (MAX_ERROR);Tolerancja_0.01;871;4922;7.246281790002619e-06;0.002691891860755669;0.009820999378673534;0.04029343886986796
Fidelity (MAX_ERROR);Tolerancja_0.1;871;4243;0.0006360634403822786;0.025220298181866895;0.09897445449621678;0.3775086800053046
Fidelity (MAX_ERROR);Tolerancja_1.0;871;2782;0.006637429906466336;0.08147042350734612;0.9992970076859216;1.219485662538456
Fidelity (MAX_ERROR);Tolerancja_0.01;872;4885;8.67632074128079e-06;0.002945559495457661;0.009893153479833217;0.05594658315499606
Fidelity (MAX_ERROR);Tolerancja_0.1;872;4222;0.00044984200328866464;0.02120947909046011;0.09946890491430338;0.40284295307510376
Fidelity (MAX_ERROR);Tolerancja_1.0;872;2680;0.005245284931000931;0.07242433935494981;0.9999231613728465;1.375594120714848
Fidelity (MAX_ERROR);Tolerancja_0.01;873;4873;5.830794436148716e-06;0.0024147037988433936;0.009842214179537123;0.04451384944958628
Fidelity (MAX_ERROR);Tolerancja_0.1;873;4093;0.0003222912623901597;0.017952472319715737;0.09985495290508162;0.3309447935065428
Fidelity (MAX_ERROR);Tolerancja_1.0;873;2262;0.004086038598311238;0.06392212917535865;0.9998980741509653;1.178372285649211
Fidelity (MAX_ERROR);Tolerancja_0.01;874;4901;7.365878785683984e-06;0.002714015251556996;0.009862923880022523;0.04245154184985646
Fidelity (MAX_ERROR);Tolerancja_0.1;874;4277;0.0003899329263682319;0.019746719382424817;0.09989560725795954;0.3088702923756486
Fidelity (MAX_ERROR);Tolerancja_1.0;874;2798;0.004372089096142116;0.06612177475039607;0.9990396874914502;1.0342503736457995
Fidelity (MAX_ERROR);Tolerancja_0.01;875;4903;5.401027853693002e-06;0.002324011156103387;0.009798349785796745;0.043063499535253236
Fidelity (MAX_ERROR);Tolerancja_0.1;875;4098;0.00041352973674276027;0.020335430576773148;0.09960128247496236;0.37681179063715614
Fidelity (MAX_ERROR);Tolerancja_1.0;875;2559;0.003658340706237437;0.06048421865443446;0.9992676081252037;1.1207614537800095
Fidelity (MAX_ERROR);Tolerancja_0.01;876;4888;6.306979618058519e-06;0.00251137006792279;0.009880257095728595;0.0426239780881566
Fidelity (MAX_ERROR);Tolerancja_0.1;876;4309;0.00027072600751892065;0.016453753599678118;0.09923738569637841;0.27925969249155264
Fidelity (MAX_ERROR);Tolerancja_1.0;876;2674;0.003757231416322835;0.06129625939910881;0.9993422232606708;1.0403446512662273
Fidelity (MAX_ERROR);Tolerancja_0.01;877;4862;8.248837327073163e-06;0.002872078920759867;0.009890578975862763;0.050646869105705025
Fidelity (MAX_ERROR);Tolerancja_0.1;877;4137;0.0003479508042298516;0.018653439474527255;0.09953852236589311;0.32893883960111486
Fidelity (MAX_ERROR);Tolerancja_1.0;877;2370;0.00429601088533526;0.06554396147117796;0.9998763387296616;1.155816580563133
Fidelity (MAX_ERROR);Tolerancja_0.01;878;4853;6.705635882498404e-06;0.0025895242579474717;0.009748922216134215;0.044444272158458094
Fidelity (MAX_ERROR);Tolerancja_0.1;878;4148;0.00027118406051307453;0.016467667124188373;0.09983559164046474;0.2826362708269974
Fidelity (MAX_ERROR);Tolerancja_1.0;878;2064;0.00457185407594078;0.06761548695336579;0.9992106204736828;1.160491582598266
Fidelity (MAX_ERROR);Tolerancja_0.01;879;4896;7.350299452763986e-06;0.002711143569190681;0.009761414331824092;0.04963642597279692
Fidelity (MAX_ERROR);Tolerancja_0.1;879;4161;0.00042779964356406557;0.020683318001811644;0.09934874920586512;0.37867636171521946
Fidelity (MAX_ERROR);Tolerancja_1.0;879;2450;0.004767102014981476;0.06904420334091398;0.9997373849918416;1.2640818903607747
Fidelity (MAX_ERROR);Tolerancja_0.01;880;4901;7.935885897895662e-06;0.00281707044603;0.009859828401699744;0.04055207756551937
Fidelity (MAX_ERROR);Tolerancja_0.1;880;4172;0.0005478570255633282;0.02340634583960786;0.0996854083309282;0.3369372439197573
Fidelity (MAX_ERROR);Tolerancja_1.0;880;2524;0.006133509631166137;0.07831672638182816;0.9984048566303763;1.1273789646933208
Fidelity (MAX_ERROR);Tolerancja_0.01;881;4931;4.851929346436541e-06;0.002202709546544106;0.009909968426851101;0.03397201109055209
Fidelity (MAX_ERROR);Tolerancja_0.1;881;4389;0.00038614770306946846;0.01965064128901315;0.09904243114396749;0.30306846622342387
Fidelity (MAX_ERROR);Tolerancja_1.0;881;2286;0.010131150127946574;0.10065361457963928;0.9991954373804486;1.5523634135823603
Fidelity (MAX_ERROR);Tolerancja_0.01;882;4922;7.83093061618987e-06;0.0027983799985330563;0.009950451524640691;0.04162888010580618
Fidelity (MAX_ERROR);Tolerancja_0.1;882;4298;0.000509652821665437;0.022575491615143998;0.09988823980244677;0.3358344593190033
Fidelity (MAX_ERROR);Tolerancja_1.0;882;2520;0.008258861817312847;0.09087828022862694;0.9998174632572749;1.3519111178047818
Fidelity (MAX_ERROR);Tolerancja_0.01;883;4889;6.074618119917096e-06;0.0024646740392833075;0.009967130404898938;0.043379977535903565
Fidelity (MAX_ERROR);Tolerancja_0.1;883;4193;0.000462874862936241;0.021514526788573365;0.09971490570471353;0.3786706371343525
Fidelity (MAX_ERROR);Tolerancja_1.0;883;2442;0.006109336145715121;0.0781622424557735;0.9977601384770676;1.3757098374246939
Fidelity (MAX_ERROR);Tolerancja_0.01;884;4913;6.513485743188679e-06;0.002552153158254551;0.009837848764465917;0.040971494138904475
Fidelity (MAX_ERROR);Tolerancja_0.1;884;4285;0.0005064386298009618;0.022504191382961572;0.09986996151240657;0.3612754753238957
Fidelity (MAX_ERROR);Tolerancja_1.0;884;2392;0.00888714327389788;0.09427164618217866;0.9988950756404154;1.5134084670919932
Fidelity (MAX_ERROR);Tolerancja_0.01;885;4838;8.117714227830538e-06;0.0028491602671367115;0.00982901173886086;0.04616925296188597
Fidelity (MAX_ERROR);Tolerancja_0.1;885;3944;0.0003898378269201879;0.01974431125464213;0.09987630671549397;0.3199469371338261
Fidelity (MAX_ERROR);Tolerancja_1.0;885;1830;0.00537319348905916;0.07330207015534528;0.9998905534470444;1.1878243069257495
Fidelity (MAX_ERROR);Tolerancja_0.01;886;4912;7.375532961614582e-06;0.0027157932472142614;0.009862848983432926;0.04483855466039421
Fidelity (MAX_ERROR);Tolerancja_0.1;886;4375;0.00043554418089702;0.02086969527561483;0.09894394421236541;0.34456487927469964
Fidelity (MAX_ERROR);Tolerancja_1.0;886;2470;0.008985045640156607;0.09478948064082114;0.9981884491217841;1.5650025322448702
Fidelity (MAX_ERROR);Tolerancja_0.01;887;4888;7.790368345316947e-06;0.0027911231333133525;0.009910591532319657;0.04788863273368376
Fidelity (MAX_ERROR);Tolerancja_0.1;887;4270;0.0003509859382429439;0.018734618710903723;0.09991374653621321;0.3214388015146534
Fidelity (MAX_ERROR);Tolerancja_1.0;887;2615;0.004475077882709018;0.06689602292146386;0.9983631127669659;1.1477670170814416
Fidelity (MAX_ERROR);Tolerancja_0.01;888;4878;7.340403739761052e-06;0.0027093179473367556;0.009973321548245373;0.050024974625832254
Fidelity (MAX_ERROR);Tolerancja_0.1;888;4051;0.000436520237617346;0.02089306673557872;0.09950958832749102;0.38577057164167333
Fidelity (MAX_ERROR);Tolerancja_1.0;888;2077;0.005744829779245882;0.07579465534749717;0.998740069857444;1.399476098499031
Fidelity (MAX_ERROR);Tolerancja_0.01;889;4884;8.266795331487675e-06;0.0028752035287067375;0.00987309563173433;0.05380905624256272
Fidelity (MAX_ERROR);Tolerancja_0.1;889;4168;0.0004338403570414016;0.02082883474996625;0.0991321873221569;0.38980890546976477
Fidelity (MAX_ERROR);Tolerancja_1.0;889;2220;0.006463678265870664;0.0803970040851689;0.9994184026386912;1.5046193674151012
Fidelity (MAX_ERROR);Tolerancja_0.01;890;4912;7.53115219482007e-06;0.0027442944803391764;0.009865733983899005;0.04473975727695221
Fidelity (MAX_ERROR);Tolerancja_0.1;890;4319;0.0005219888877273643;0.022847076130817358;0.0995236546723266;0.3724719223479557
Fidelity (MAX_ERROR);Tolerancja_1.0;890;2706;0.007291443532582362;0.08538994983358617;0.9998399209574549;1.3920975525095995
Fidelity (MAX_ERROR);Tolerancja_0.01;891;4894;7.612141727731841e-06;0.0027590110053662058;0.009847486756649593;0.040192862647872175
Fidelity (MAX_ERROR);Tolerancja_0.1;891;4165;0.0005401247571647411;0.023240584269005396;0.09933895035897855;0.3385653806975113
Fidelity (MAX_ERROR);Tolerancja_1.0;891;2385;0.006762423804344969;0.08223395773246578;0.9982709398069449;1.1979720855420146
Fidelity (MAX_ERROR);Tolerancja_0.01;892;4875;6.39480171875218e-06;0.002528794518886851;0.009748543547508426;0.037142805369709465
Fidelity (MAX_ERROR);Tolerancja_0.1;892;4112;0.00042660097445098655;0.020654320963202508;0.09969494645826149;0.30336961657028444
Fidelity (MAX_ERROR);Tolerancja_1.0;892;2209;0.006413848447831475;0.08008650602836583;0.9993676870820067;1.1763065302202016
Fidelity (MAX_ERROR);Tolerancja_0.01;893;4925;6.8802536870681136e-06;0.002623023767919024;0.009954926411790854;0.04445553023501296
Fidelity (MAX_ERROR);Tolerancja_0.1;893;4293;0.0005682200094558776;0.02383736582460146;0.09942865889341768;0.40400043266834373
Fidelity (MAX_ERROR);Tolerancja_1.0;893;2708;0.007646143694284973;0.08744223061132975;0.9988408554699055;1.4819883732288586
Fidelity (MAX_ERROR);Tolerancja_0.01;894;4915;6.423872935978489e-06;0.002534536039589591;0.00986667350520709;0.04163389992222343
Fidelity (MAX_ERROR);Tolerancja_0.1;894;4206;0.0005347918756511657;0.023125567574681614;0.09945909344800974;0.37987527145394767
Fidelity (MAX_ERROR);Tolerancja_1.0;894;2743;0.005244655265893344;0.07241999216993429;0.9997679249837641;1.1896168210965656
Fidelity (MAX_ERROR);Tolerancja_0.01;895;4861;8.763250955400883e-06;0.002960278864465455;0.00994422051201882;0.04584858174775903
Fidelity (MAX_ERROR);Tolerancja_0.1;895;4185;0.0003974709383334239;0.0199366732012496;0.09967500368420268;0.30877773105031586
Fidelity (MAX_ERROR);Tolerancja_1.0;895;2335;0.005546504318394805;0.07447485695451053;0.9997509660244606;1.1534611175383684
Fidelity (MAX_ERROR);Tolerancja_0.01;896;4926;8.256431437191594e-06;0.0028734006746695797;0.00991495515417995;0.05057859382710405
Fidelity (MAX_ERROR);Tolerancja_0.1;896;4311;0.0006441553247943897;0.02538021522356321;0.0992656571005508;0.4467513383544056
Fidelity (MAX_ERROR);Tolerancja_1.0;896;2608;0.009701094216724476;0.09849413290508463;0.9990962432915165;1.7337278390985065
Fidelity (MAX_ERROR);Tolerancja_0.01;897;4926;5.817213580684831e-06;0.0024118900432409498;0.009885165363485049;0.0385722693423505
Fidelity (MAX_ERROR);Tolerancja_0.1;897;4218;0.0006681853641275887;0.025849281694615592;0.0999728481452209;0.4133959002920413
Fidelity (MAX_ERROR);Tolerancja_1.0;897;2401;0.009282754358298123;0.09634705163261678;0.9989564755684848;1.54083492998747
Fidelity (MAX_ERROR);Tolerancja_0.01;898;4894;7.67252699050471e-06;0.0027699326689478772;0.00974066549085073;0.04411768940952369
Fidelity (MAX_ERROR);Tolerancja_0.1;898;4164;0.0006051363021676738;0.02459951833202581;0.09954124888463323;0.39180515886273365
Fidelity (MAX_ERROR);Tolerancja_1.0;898;2464;0.0068223241833623785;0.08259736184263017;0.9986810899270271;1.3155571601685643
Fidelity (MAX_ERROR);Tolerancja_0.01;899;4904;6.812453177980255e-06;0.002610067657739978;0.009733897958982052;0.043091398676384264
Fidelity (MAX_ERROR);Tolerancja_0.1;899;4193;0.0005589758932887177;0.023642671026952892;0.09965395862181525;0.39033308580176346
Fidelity (MAX_ERROR);Tolerancja_1.0;899;2706;0.005533780324448408;0.0743893831433519;0.9999989069695681;1.2281453918693097
Fidelity (MAX_ERROR);Tolerancja_0.01;900;4895;7.019443964287397e-06;0.002649423326742519;0.009985681841974348;0.03884102819906418
Fidelity (MAX_ERROR);Tolerancja_0.1;900;4355;0.00034716925367136645;0.018632478462925067;0.09940506788240633;0.2731555256164848
Fidelity (MAX_ERROR);Tolerancja_1.0;900;2374;0.007777955902052926;0.08819272023275462;0.9998431019708047;1.2929213308181546
Fidelity (MAX_ERROR);Tolerancja_0.01;901;4893;8.23971511601021e-06;0.0028704903964323256;0.009700380807290188;0.04646943787294008
Fidelity (MAX_ERROR);Tolerancja_0.1;901;4323;0.00036693710589347076;0.019155602467515104;0.09953435163247493;0.31010383448391965
Fidelity (MAX_ERROR);Tolerancja_1.0;901;2661;0.0054729875826748185;0.07397964302884151;0.9998044057987636;1.1976324428271203
Fidelity (MAX_ERROR);Tolerancja_0.01;902;4894;7.3610164548067736e-06;0.0027131193218888796;0.009763774844461004;0.045448825634568916
Fidelity (MAX_ERROR);Tolerancja_0.1;902;4240;0.00037092301678621445;0.01925936179592186;0.0996038289431076;0.32262325104320666
Fidelity (MAX_ERROR);Tolerancja_1.0;902;2750;0.004020692827467087;0.06340893334118693;0.9996633371661812;1.062194917800832
Fidelity (MAX_ERROR);Tolerancja_0.01;903;4892;6.5020466707412325e-06;0.0025499111103607576;0.009963162126659597;0.04177418927414574
Fidelity (MAX_ERROR);Tolerancja_0.1;903;4245;0.00043159984210553863;0.020774981157766152;0.09986964927169328;0.34034833274190146
Fidelity (MAX_ERROR);Tolerancja_1.0;903;2593;0.005701033017257922;0.07550518536668804;0.998198659761087;1.2369717092770494
Fidelity (MAX_ERROR);Tolerancja_0.01;904;4918;5.41824727675302e-06;0.0023277128853776232;0.009828698793314494;0.040567304233038004
Fidelity (MAX_ERROR);Tolerancja_0.1;904;4214;0.0005939106813250393;0.02437028275020705;0.09992388922321283;0.4247244927771329
Fidelity (MAX_ERROR);Tolerancja_1.0;904;2411;0.008697247694612206;0.09325903545829865;0.9974956058985893;1.6253154277241215
Fidelity (MAX_ERROR);Tolerancja_0.01;905;4911;6.903001295618688e-06;0.002627356332060554;0.009813698487134204;0.03881199137382341
Fidelity (MAX_ERROR);Tolerancja_0.1;905;4169;0.0006012492054017758;0.024520383467673906;0.09994370642751171;0.36222148477432625
Fidelity (MAX_ERROR);Tolerancja_1.0;905;2200;0.008880704090765558;0.09423748771463275;0.9996999903510231;1.3921006890613186
Fidelity (MAX_ERROR);Tolerancja_0.01;906;4860;8.319625279760121e-06;0.002884376064205242;0.009867399788705988;0.051907127655586305
Fidelity (MAX_ERROR);Tolerancja_0.1;906;4064;0.0004293796761297203;0.020721478618325486;0.09951889090735921;0.3729029821048286
Fidelity (MAX_ERROR);Tolerancja_1.0;906;1975;0.006238042373428576;0.07898127862619456;0.9981966270594116;1.4213442424959712
Fidelity (MAX_ERROR);Tolerancja_0.01;907;4913;7.683889574361004e-06;0.002771982967906009;0.00993338000323618;0.04307665291742453
Fidelity (MAX_ERROR);Tolerancja_0.1;907;4318;0.0004955331302894028;0.02226057344924885;0.09992035095055085;0.34592961331955874
Fidelity (MAX_ERROR);Tolerancja_1.0;907;2365;0.010247142753040768;0.10122817173613662;0.9970259677027649;1.5730871617284976
Fidelity (MAX_ERROR);Tolerancja_0.01;908;4897;7.863080801970848e-06;0.002804118542781465;0.009819224215683597;0.04749521209187379
Fidelity (MAX_ERROR);Tolerancja_0.1;908;4159;0.0005133780737146795;0.02265784794976521;0.09935238623556497;0.38377097027149243
Fidelity (MAX_ERROR);Tolerancja_1.0;908;2448;0.006759599442894247;0.0822167832190864;0.9998219766004279;1.3925600850771314
Fidelity (MAX_ERROR);Tolerancja_0.01;909;4903;8.006703970553106e-06;0.002829611982331342;0.009905032411094083;0.0470120036427903
Fidelity (MAX_ERROR);Tolerancja_0.1;909;4185;0.0005234747750844756;0.02287957112981962;0.09953772780187187;0.380127907295032
Fidelity (MAX_ERROR);Tolerancja_1.0;909;2332;0.007411215931424561;0.08608841926429223;0.9991791498880884;1.4302982547877292
Fidelity (MAX_ERROR);Tolerancja_0.01;910;4900;7.34335997514077e-06;0.0027098634606084436;0.009794120217510027;0.04918373697149714
Fidelity (MAX_ERROR);Tolerancja_0.1;910;4317;0.0003551122092885458;0.0188444211714912;0.09977856247941475;0.34202426349209225
Fidelity (MAX_ERROR);Tolerancja_1.0;910;2697;0.004778504934040271;0.06912673096596042;0.9979578452477096;1.254642900999102
Fidelity (MAX_ERROR);Tolerancja_0.01;911;4898;6.98533396198428e-06;0.0026429782371378465;0.009724076632428691;0.04101248417329935
Fidelity (MAX_ERROR);Tolerancja_0.1;911;4259;0.00042523676665661727;0.020621269763441273;0.099471486134592;0.3199910948651379
Fidelity (MAX_ERROR);Tolerancja_1.0;911;2392;0.006645107283500684;0.08151752746189425;0.9981434592010565;1.2649503722353441
Fidelity (MAX_ERROR);Tolerancja_0.01;912;4898;7.103638654032773e-06;0.00266526521270075;0.009759088950511252;0.04831555417809766
Fidelity (MAX_ERROR);Tolerancja_0.1;912;4216;0.0004660621344396926;0.021588472258121754;0.09975021038987641;0.3913527989781902
Fidelity (MAX_ERROR);Tolerancja_1.0;912;2606;0.005497910247712877;0.07414789442535019;0.9992495127955205;1.344142636623272
Fidelity (MAX_ERROR);Tolerancja_0.01;913;4914;7.208625049578912e-06;0.002684888275064516;0.009900890870405021;0.038369945099324974
Fidelity (MAX_ERROR);Tolerancja_0.1;913;4224;0.0005398176182490821;0.023233975515375798;0.09955548129422098;0.3320385333138707
Fidelity (MAX_ERROR);Tolerancja_1.0;913;2545;0.007240256343004219;0.08508969586856108;0.9974302461296221;1.2160233963241893
Fidelity (MAX_ERROR);Tolerancja_0.01;914;4881;7.264310622438749e-06;0.0026952385093788546;0.009890941172485235;0.04923544678135974
Fidelity (MAX_ERROR);Tolerancja_0.1;914;4262;0.00033436523529858296;0.018285656545461607;0.09979639744036617;0.3340344339001676
Fidelity (MAX_ERROR);Tolerancja_1.0;914;2544;0.00462653314958274;0.06801862354960397;0.9996822624793047;1.2425346804241317
Fidelity (MAX_ERROR);Tolerancja_0.01;915;4895;6.821897695793588e-06;0.002611876278806787;0.009757278512314116;0.038207425809294655
Fidelity (MAX_ERROR);Tolerancja_0.1;915;4228;0.00040384153764288404;0.020095808957165274;0.09939749908116724;0.293968414981516
Fidelity (MAX_ERROR);Tolerancja_1.0;915;2557;0.005253845988845056;0.07248341871659376;0.9992275891446862;1.0603124142937868
Fidelity (MAX_ERROR);Tolerancja_0.01;916;4893;5.872461805410663e-06;0.0024233162825786202;0.009965972316161587;0.036545332084815314
Fidelity (MAX_ERROR);Tolerancja_0.1;916;4156;0.0003414109258441884;0.01847730840366606;0.0998119370885866;0.27865094478174757
Fidelity (MAX_ERROR);Tolerancja_1.0;916;2334;0.004631480290691864;0.06805497991103858;0.9987253321358514;1.026317471951229
Fidelity (MAX_ERROR);Tolerancja_0.01;917;4921;6.451941172361778e-06;0.0025400671590258745;0.009858563934386666;0.039858423092525866
Fidelity (MAX_ERROR);Tolerancja_0.1;917;4310;0.0004699515827865097;0.02167836670015778;0.09918090222064446;0.3401742779986908
Fidelity (MAX_ERROR);Tolerancja_1.0;917;2561;0.006591074614228186;0.08118543351013276;0.9996219883421995;1.2739518899327007
Fidelity (MAX_ERROR);Tolerancja_0.01;918;4917;6.5936545393021735e-06;0.00256781123513824;0.009924550486570816;0.04069324704420159
Fidelity (MAX_ERROR);Tolerancja_0.1;918;4306;0.0005035018869734637;0.022438847719378634;0.09980344292278609;0.3555984026928429
Fidelity (MAX_ERROR);Tolerancja_1.0;918;2421;0.009668648440758881;0.098329285773664;0.9997209240262475;1.5582679376555462
Fidelity (MAX_ERROR);Tolerancja_0.01;919;4919;7.444135565958629e-06;0.0027283943201008593;0.009951475800182408;0.04407678978324815
Fidelity (MAX_ERROR);Tolerancja_0.1;919;4293;0.0005835388387474793;0.024156548568607217;0.09961745910048947;0.3902453194917825
Fidelity (MAX_ERROR);Tolerancja_1.0;919;2590;0.008616444600458153;0.09282480595432534;0.9988743940966116;1.499570435467097
Fidelity (MAX_ERROR);Tolerancja_0.01;920;4916;6.829944250711597e-06;0.002613416203116449;0.009800466790286677;0.043444863849580836
Fidelity (MAX_ERROR);Tolerancja_0.1;920;4278;0.0005635102741258152;0.023738371345267458;0.09995967596244348;0.39462153401976985
Fidelity (MAX_ERROR);Tolerancja_1.0;920;2595;0.007407391514616189;0.08606620425356395;0.9994510100522849;1.4307459031544434
Fidelity (MAX_ERROR);Tolerancja_0.01;921;4935;5.199270889866356e-06;0.002280190976621554;0.00993183302881917;0.03930182331343364
Fidelity (MAX_ERROR);Tolerancja_0.1;921;4390;0.0004683407812354361;0.02164118252858277;0.09993828446903996;0.3730117085597483
Fidelity (MAX_ERROR);Tolerancja_1.0;921;2596;0.009317992492960612;0.09652974926394771;0.9981501946329003;1.6638058780860547
Fidelity (MAX_ERROR);Tolerancja_0.01;922;4939;6.353828901840249e-06;0.002520680245854331;0.00987008089136232;0.038476256996880905
Fidelity (MAX_ERROR);Tolerancja_0.1;922;4316;0.0006021302992819609;0.024538343450240502;0.09946691490586668;0.3745590542164087
Fidelity (MAX_ERROR);Tolerancja_1.0;922;2715;0.00778631846323739;0.08824011821862769;0.9990778011025296;1.3469179486763339
Fidelity (MAX_ERROR);Tolerancja_0.01;923;4885;6.06819813746609e-06;0.0024633712950885194;0.009826268435809027;0.0384288852575525
Fidelity (MAX_ERROR);Tolerancja_0.1;923;4173;0.00037536858772225465;0.01937443128771151;0.09991189662343825;0.30224343296126877
Fidelity (MAX_ERROR);Tolerancja_1.0;923;2436;0.004598173561819315;0.06780983381353559;0.9988375784650536;1.057841474466164
Fidelity (MAX_ERROR);Tolerancja_0.01;924;4925;7.110089512186458e-06;0.0026664751099881767;0.009961704040857722;0.04215294458754666
Fidelity (MAX_ERROR);Tolerancja_0.1;924;4228;0.0006920423562571992;0.026306697935263544;0.09913483310246196;0.41586916607348695
Fidelity (MAX_ERROR);Tolerancja_1.0;924;2546;0.008781067581018868;0.09370735073097984;0.9990822086319326;1.481371698544116
Fidelity (MAX_ERROR);Tolerancja_0.01;925;4904;7.466966477825582e-06;0.0027325750635299267;0.009733125520127395;0.04511566018021234
Fidelity (MAX_ERROR);Tolerancja_0.1;925;4279;0.0005409300645209598;0.023257903270092077;0.09931195139447957;0.38399518258146176
Fidelity (MAX_ERROR);Tolerancja_1.0;925;2513;0.007748855912460738;0.08802758608788916;0.9985049163413025;1.4533626956601629
Fidelity (MAX_ERROR);Tolerancja_0.01;926;4883;8.935111237897774e-06;0.0029891656424323116;0.009928471447949505;0.04901053366948145
Fidelity (MAX_ERROR);Tolerancja_0.1;926;4178;0.0005109408221487004;0.022604000136009123;0.09965565622428585;0.37061650047248085
Fidelity (MAX_ERROR);Tolerancja_1.0;926;2472;0.006579651419753813;0.0811150505131681;0.9987258443736056;1.329967084407681
Fidelity (MAX_ERROR);Tolerancja_0.01;927;4903;7.454472501607659e-06;0.002730287988767423;0.009846451910272558;0.04500602466181595
Fidelity (MAX_ERROR);Tolerancja_0.1;927;4377;0.0003504409044634131;0.018720066892599852;0.0994372707878115;0.308581290950023
Fidelity (MAX_ERROR);Tolerancja_1.0;927;2500;0.006687750397266908;0.08177866712821204;0.9997872614172274;1.3480382746159718
Fidelity (MAX_ERROR);Tolerancja_0.01;928;4915;7.434357076607741e-06;0.0027266017451413292;0.009828922778965854;0.04567495845898009
Fidelity (MAX_ERROR);Tolerancja_0.1;928;4302;0.0005747015633074877;0.023972933973702253;0.0996020098841992;0.40158514727715294
Fidelity (MAX_ERROR);Tolerancja_1.0;928;2467;0.009117305328884918;0.09548458162910343;0.9977724495367895;1.5995201012226796
Fidelity (MAX_ERROR);Tolerancja_0.01;929;4900;8.525963236042627e-06;0.0029199252106933537;0.00995561230925901;0.047794887230739644
Fidelity (MAX_ERROR);Tolerancja_0.1;929;4220;0.0006035130639046706;0.024566502883085956;0.09987711922921072;0.4021175715907887
Fidelity (MAX_ERROR);Tolerancja_1.0;929;2486;0.008455160910698046;0.09195194892278274;0.9992467660864426;1.5051183548525044
Fidelity (MAX_ERROR);Tolerancja_0.01;930;4912;6.726011053988512e-06;0.002593455427415037;0.009890005677562819;0.039285301372025835
Fidelity (MAX_ERROR);Tolerancja_0.1;930;4258;0.0005029378138232273;0.022426275076865246;0.09946237467329011;0.33971008937860986
Fidelity (MAX_ERROR);Tolerancja_1.0;930;2622;0.006318369699281326;0.07948817332963015;0.9988741749765522;1.204075771558117
Fidelity (MAX_ERROR);Tolerancja_0.01;931;4892;8.600168174870359e-06;0.0029326043331602642;0.009841516948300821;0.053240961518493224
Fidelity (MAX_ERROR);Tolerancja_0.1;931;4132;0.0005572060544181171;0.023605212441706963;0.09945328604183779;0.42854884753254463
Fidelity (MAX_ERROR);Tolerancja_1.0;931;2181;0.007513960316803301;0.08668310283327023;0.9987108020054936;1.573717835053584
Fidelity (MAX_ERROR);Tolerancja_0.01;932;4906;7.278074622723392e-06;0.0026977906929047317;0.009886345291282517;0.0408884100688874
Fidelity (MAX_ERROR);Tolerancja_0.1;932;4126;0.0006108542845201404;0.024715466504198143;0.09929203948992305;0.37459397132822403
Fidelity (MAX_ERROR);Tolerancja_1.0;932;2511;0.006169881869185097;0.07854859559015105;0.9996287862735187;1.1905027307241562
Fidelity (MAX_ERROR);Tolerancja_0.01;933;4903;6.7671704801124765e-06;0.0026013785730094104;0.009978889207042041;0.03974576273926716
Fidelity (MAX_ERROR);Tolerancja_0.1;933;4278;0.00040942943795357624;0.020234362800779674;0.09995924233444775;0.3091553806909645
Fidelity (MAX_ERROR);Tolerancja_1.0;933;2574;0.0059880116878986474;0.07738224400919534;0.9981238544201343;1.1823024693647421
Fidelity (MAX_ERROR);Tolerancja_0.01;934;4907;7.371052319276616e-06;0.002714968198575559;0.00977771923384907;0.04259645873625706
Fidelity (MAX_ERROR);Tolerancja_0.1;934;4194;0.0007101472967104037;0.02664858901912827;0.09890421540156646;0.4181026956884183
Fidelity (MAX_ERROR);Tolerancja_1.0;934;2581;0.008292092193239753;0.09106092572140782;0.9987800331528387;1.4286992263896185
Fidelity (MAX_ERROR);Tolerancja_0.01;935;4887;6.705238519744872e-06;0.0025894475317613354;0.00979182768564213;0.04156977441519514
Fidelity (MAX_ERROR);Tolerancja_0.1;935;4112;0.0005079036170408938;0.022536717086587697;0.09965555863478981;0.3617938706451735
Fidelity (MAX_ERROR);Tolerancja_1.0;935;2423;0.005356437440865812;0.07318768640192018;0.9980985539463987;1.1749207413476486
Fidelity (MAX_ERROR);Tolerancja_0.01;936;4911;8.139728542552644e-06;0.0028530209502477624;0.009992530530791965;0.047326076028716225
Fidelity (MAX_ERROR);Tolerancja_0.1;936;4378;0.0004909653830011998;0.022157738670748866;0.09981871208032533;0.3675538466919496
Fidelity (MAX_ERROR);Tolerancja_1.0;936;2651;0.008911468188318363;0.09440057302960805;0.9986171431914339;1.565922148579257
Fidelity (MAX_ERROR);Tolerancja_0.01;937;4917;8.087431425583035e-06;0.002843840963482845;0.009964278887696132;0.047661208001894426
Fidelity (MAX_ERROR);Tolerancja_0.1;937;4332;0.0005920280549927779;0.024331626640912807;0.09899234701709148;0.407784659285845
Fidelity (MAX_ERROR);Tolerancja_1.0;937;2478;0.00966403004668858;0.09830579864223972;0.9988454321451599;1.647551032931874
Fidelity (MAX_ERROR);Tolerancja_0.01;938;4895;6.028703627458214e-06;0.0024553418555179262;0.009913000089698087;0.042915232127354715
Fidelity (MAX_ERROR);Tolerancja_0.1;938;4011;0.0005210389768506176;0.02282627820847318;0.09965165851499647;0.39896482264526484
Fidelity (MAX_ERROR);Tolerancja_1.0;938;2022;0.006471863370222496;0.08044789226712218;0.9988713139749752;1.406093397154149
Fidelity (MAX_ERROR);Tolerancja_0.01;939;4905;6.936343710181748e-06;0.0026336939287209798;0.009831601968542714;0.04245666929690251
Fidelity (MAX_ERROR);Tolerancja_0.1;939;4232;0.0004681138905931516;0.0216359397899225;0.099667709564764;0.34878386230496256
Fidelity (MAX_ERROR);Tolerancja_1.0;939;2503;0.006284201324910182;0.07927295456150339;0.9983104027354313;1.2779258741127226
Fidelity (MAX_ERROR);Tolerancja_0.01;940;4934;6.298656154135103e-06;0.0025097123648209377;0.009588686941521374;0.03651827430096516
Fidelity (MAX_ERROR);Tolerancja_0.1;940;4340;0.0007159269350616829;0.026756811003213424;0.0994575002607041;0.38933248978280643
Fidelity (MAX_ERROR);Tolerancja_1.0;940;2691;0.010703788017845687;0.10345911278300084;0.9976237680913247;1.5054108640109753
Fidelity (MAX_ERROR);Tolerancja_0.01;941;4913;4.35772545881744e-06;0.0020875165768964423;0.009952277980327828;0.03085887164029572
Fidelity (MAX_ERROR);Tolerancja_0.1;941;4213;0.0004209428391906754;0.020516891557706186;0.09947900299865342;0.3032925007850275
Fidelity (MAX_ERROR);Tolerancja_1.0;941;2277;0.007187938205980859;0.08478170914755646;0.9978443857703647;1.253292026029798
Fidelity (MAX_ERROR);Tolerancja_0.01;942;4906;7.914139518723149e-06;0.002813208047536326;0.009882075620629927;0.046757177736304605
Fidelity (MAX_ERROR);Tolerancja_0.1;942;4252;0.000529013408638493;0.02300029149029405;0.09992061318320467;0.38227841632271126
Fidelity (MAX_ERROR);Tolerancja_1.0;942;2567;0.007216118525609623;0.08494773996763906;0.999875906904995;1.411881563271761
Fidelity (MAX_ERROR);Tolerancja_0.01;943;4882;6.250895286750924e-06;0.0025001790509383373;0.009928324966096191;0.043903293077915725
Fidelity (MAX_ERROR);Tolerancja_0.1;943;4188;0.0003138130756894399;0.017714769986918823;0.09998109610501693;0.31107241629421367
Fidelity (MAX_ERROR);Tolerancja_1.0;943;2336;0.004238430580269406;0.065103230183067;0.9995429271098928;1.143216600416469
Fidelity (MAX_ERROR);Tolerancja_0.01;944;4919;7.184239391984934e-06;0.002680343148178034;0.009999791231039001;0.046222953204753045
Fidelity (MAX_ERROR);Tolerancja_0.1;944;4247;0.0005546212537113196;0.023550398164602644;0.09916909658930884;0.406130443803692
Fidelity (MAX_ERROR);Tolerancja_1.0;944;2486;0.00861084055145459;0.09279461488391764;0.9989382214977796;1.6002582148289566
Fidelity (MAX_ERROR);Tolerancja_0.01;945;4871;6.857323669941519e-06;0.002618649207118342;0.009816396360413648;0.042574115976509286
Fidelity (MAX_ERROR);Tolerancja_0.1;945;4072;0.00039579435641812514;0.019894581081744977;0.09999902444282682;0.32344698937752797
Fidelity (MAX_ERROR);Tolerancja_1.0;945;2170;0.005065907156695204;0.07117518638328392;0.9981947271108922;1.1571693648368278
Fidelity (MAX_ERROR);Tolerancja_0.01;946;4896;6.795397468047954e-06;0.002606798317486022;0.009699362671287126;0.04623340410541182
Fidelity (MAX_ERROR);Tolerancja_0.1;946;4141;0.0005167227918027484;0.02273153738317645;0.0994252772085602;0.40315982510960313
Fidelity (MAX_ERROR);Tolerancja_1.0;946;2588;0.005149351795456907;0.07175898407486624;0.9999800798784921;1.272696121780005
Fidelity (MAX_ERROR);Tolerancja_0.01;947;4916;5.651625241536183e-06;0.0023773147123458817;0.009891091529259377;0.04089324722705066
Fidelity (MAX_ERROR);Tolerancja_0.1;947;4273;0.0004954985704979233;0.022259797180071594;0.09970544960560446;0.38290066711884063
Fidelity (MAX_ERROR);Tolerancja_1.0;947;2566;0.007049428690316312;0.08396087595014902;0.9997299426114008;1.4442483528994525
Fidelity (MAX_ERROR);Tolerancja_0.01;948;4897;6.760345334375412e-06;0.0026000664096086875;0.00989197090050764;0.038317197702185966
Fidelity (MAX_ERROR);Tolerancja_0.1;948;4182;0.0004789608192321376;0.021885173502445385;0.09949973867157347;0.32252196203174993
Fidelity (MAX_ERROR);Tolerancja_1.0;948;2452;0.0060700158670940405;0.07791030655243272;0.9991162677776364;1.1481647577058505
Fidelity (MAX_ERROR);Tolerancja_0.01;949;4922;6.394665514693823e-06;0.00252876758811359;0.009705851919277642;0.039714913455607376
Fidelity (MAX_ERROR);Tolerancja_0.1;949;4199;0.0007087328279063373;0.026622036509372032;0.09916525921853747;0.41810559457955115
Fidelity (MAX_ERROR);Tolerancja_1.0;949;2575;0.007932719072377813;0.089065813151724;0.9991469611218458;1.398800379204768
Fidelity (MAX_ERROR);Tolerancja_0.01;950;4904;7.676781117902289e-06;0.002770700474230711;0.009806905655507236;0.045005644237207106
Fidelity (MAX_ERROR);Tolerancja_0.1;950;4263;0.0003910546333175361;0.019775101347844874;0.0993597754175859;0.32121522491994675
Fidelity (MAX_ERROR);Tolerancja_1.0;950;2637;0.0050098635675034945;0.0707803897100284;0.999960331337681;1.149715412361517
Fidelity (MAX_ERROR);Tolerancja_0.01;951;4919;6.402955104783284e-06;0.0025304061145956956;0.009886224625704543;0.0396381331382336
Fidelity (MAX_ERROR);Tolerancja_0.1;951;4289;0.00044451651569631296;0.021083560318321783;0.09923371200460407;0.33026831784238975
Fidelity (MAX_ERROR);Tolerancja_1.0;951;2527;0.007144197708991868;0.08452335599697795;0.9995976092472747;1.3240357027962053
Fidelity (MAX_ERROR);Tolerancja_0.01;952;4904;6.59488893434642e-06;0.0025680515832721155;0.009843846132570278;0.04253287046116163
Fidelity (MAX_ERROR);Tolerancja_0.1;952;4160;0.0005422045866590421;0.023285286913822686;0.09993770303147187;0.3856581769649207
Fidelity (MAX_ERROR);Tolerancja_1.0;952;2357;0.006610041819682117;0.08130216368389045;0.9988925863704892;1.3465517666015878
Fidelity (MAX_ERROR);Tolerancja_0.01;953;4900;6.558551174988286e-06;0.0025609668437893305;0.009776079820280836;0.039355329020136186
Fidelity (MAX_ERROR);Tolerancja_0.1;953;4156;0.0004725250824713294;0.02173764206328114;0.09976913218933126;0.3340504222446526
Fidelity (MAX_ERROR);Tolerancja_1.0;953;2260;0.006321623992440741;0.07950864099228927;0.9988791646037813;1.22183882770051
Fidelity (MAX_ERROR);Tolerancja_0.01;954;4915;6.092456294145017e-06;0.0024682901559875446;0.009898555930100361;0.03831563537684865
Fidelity (MAX_ERROR);Tolerancja_0.1;954;4259;0.0004017792184535829;0.020044431108255052;0.09979069341132707;0.3111526867362908
Fidelity (MAX_ERROR);Tolerancja_1.0;954;2618;0.005217279489880917;0.07223073784671535;0.999202686270489;1.1212484916418608
Fidelity (MAX_ERROR);Tolerancja_0.01;955;4898;8.295600929190893e-06;0.0028802084871048647;0.009688483148636573;0.04858525558343454
Fidelity (MAX_ERROR);Tolerancja_0.1;955;4282;0.0005044669056332612;0.02246034072834295;0.09984264808412746;0.3788758347401661
Fidelity (MAX_ERROR);Tolerancja_1.0;955;2522;0.007745480178702054;0.08800840970442571;0.9989013404964213;1.4845838758288
Fidelity (MAX_ERROR);Tolerancja_0.01;956;4919;9.33920589174973e-06;0.0030560114351470824;0.009673357989325337;0.05040548216346798
Fidelity (MAX_ERROR);Tolerancja_0.1;956;4360;0.0006312026090552907;0.025123745920051226;0.09860039843773194;0.4143880197201207
Fidelity (MAX_ERROR);Tolerancja_1.0;956;2588;0.010879281142810775;0.10430379256197148;0.9984201924796334;1.7203741108748436
Fidelity (MAX_ERROR);Tolerancja_0.01;957;4848;7.141875255732924e-06;0.002672428718550398;0.009940653745503347;0.044028957516809526
Fidelity (MAX_ERROR);Tolerancja_0.1;957;4158;0.00028382049467213626;0.016846972863756155;0.0993248340830295;0.27755825528903594
Fidelity (MAX_ERROR);Tolerancja_1.0;957;2408;0.0036000199658614562;0.06000016638194811;0.9990129916401447;0.9885183310203515
Fidelity (MAX_ERROR);Tolerancja_0.01;958;4892;7.479709914496581e-06;0.002734905832838963;0.009844019692446082;0.04386562651317941
Fidelity (MAX_ERROR);Tolerancja_0.1;958;4153;0.00047814279760193494;0.02186647657035616;0.09953022814390167;0.3507201903908882
Fidelity (MAX_ERROR);Tolerancja_1.0;958;2279;0.0064982532039163585;0.08061174358563619;0.9995075705213132;1.292945663519639
Fidelity (MAX_ERROR);Tolerancja_0.01;959;4900;7.065308619895783e-06;0.0026580648261274186;0.00975931381122308;0.03953506994880853
Fidelity (MAX_ERROR);Tolerancja_0.1;959;4155;0.00045551283742142434;0.02134274671689247;0.09934025049200201;0.317444095440432
Fidelity (MAX_ERROR);Tolerancja_1.0;959;2401;0.0056519277483542425;0.07517930398955715;0.999928321591014;1.1181890722583168
Fidelity (MAX_ERROR);Tolerancja_0.01;960;4900;8.02061953426175e-06;0.0028320698321654693;0.009755684438401246;0.04732434933355376
Fidelity (MAX_ERROR);Tolerancja_0.1;960;4320;0.00032586427416879784;0.018051711114705937;0.09981085869518047;0.3016470403229894
Fidelity (MAX_ERROR);Tolerancja_1.0;960;2526;0.005589902599345909;0.07476565119990536;0.9986125738147598;1.2493462397533939
Fidelity (MAX_ERROR);Tolerancja_0.01;961;4921;6.413573177318699e-06;0.002532503342015307;0.009794570871124453;0.04089884499180854
Fidelity (MAX_ERROR);Tolerancja_0.1;961;4287;0.000562130610744169;0.023709293763083054;0.09927090384484138;0.38289494603783464
Fidelity (MAX_ERROR);Tolerancja_1.0;961;2750;0.007443206176305239;0.08627401796778239;0.9989743457240843;1.3932884625048245
Fidelity (MAX_ERROR);Tolerancja_0.01;962;4891;7.192419837013423e-06;0.0026818687210625027;0.00995387558582106;0.04027419286700454
Fidelity (MAX_ERROR);Tolerancja_0.1;962;4230;0.00042463280486761584;0.02060662041353739;0.09992298693561708;0.30945400062056805
Fidelity (MAX_ERROR);Tolerancja_1.0;962;2287;0.006883907870026429;0.08296931884755009;0.9991124952787223;1.2459679040465421
Fidelity (MAX_ERROR);Tolerancja_0.01;963;4905;7.501959167830083e-06;0.002738970457640988;0.00981754852062;0.03816164410365375
Fidelity (MAX_ERROR);Tolerancja_0.1;963;4208;0.0005182284303699618;0.02276463112747408;0.09981696565372467;0.31717602094395936
Fidelity (MAX_ERROR);Tolerancja_1.0;963;2563;0.006115963244855466;0.07820462419099951;0.9985092002222373;1.0896127146283
Fidelity (MAX_ERROR);Tolerancja_0.01;964;4882;6.247624810564445e-06;0.0024995249169721123;0.009897163088571581;0.03583332530299923
Fidelity (MAX_ERROR);Tolerancja_0.1;964;3982;0.0004809101619560029;0.021929663972710636;0.09993447705496417;0.3143848567317044
Fidelity (MAX_ERROR);Tolerancja_1.0;964;2035;0.005774136000617382;0.0759877358566327;0.9988499466600107;1.0893643185952198
Fidelity (MAX_ERROR);Tolerancja_0.01;965;4929;6.588183488595558e-06;0.0025667457000247526;0.00974113445119329;0.039396334754389736
Fidelity (MAX_ERROR);Tolerancja_0.1;965;4304;0.0006021787782851414;0.024539331251791304;0.09974740016500938;0.376648028916579
Fidelity (MAX_ERROR);Tolerancja_1.0;965;2542;0.010239160539547015;0.10118873721688108;0.9998978001579504;1.5531204999123125
Fidelity (MAX_ERROR);Tolerancja_0.01;966;4915;7.320006965051943e-06;0.002705551138872068;0.0098909967418912;0.045596394153064844
Fidelity (MAX_ERROR);Tolerancja_0.1;966;4301;0.0006616478646387923;0.025722516685557664;0.09983138381610779;0.4334991094984188
Fidelity (MAX_ERROR);Tolerancja_1.0;966;2538;0.01092468417265221;0.10452121398382345;0.999764480864771;1.7614860061932087
Fidelity (MAX_ERROR);Tolerancja_0.01;967;4911;6.22772055280943e-06;0.002495540132478224;0.009938981676556935;0.04523631270314904
Fidelity (MAX_ERROR);Tolerancja_0.1;967;4244;0.0004867343778865929;0.02206205742641862;0.09994456179858036;0.39991588018471297
Fidelity (MAX_ERROR);Tolerancja_1.0;967;2515;0.006793905098892995;0.08242514846145559;0.9993692648848853;1.494109328028779
Fidelity (MAX_ERROR);Tolerancja_0.01;968;4911;5.112848667924605e-06;0.0022611609115506586;0.009842125584017758;0.036286289398648794
Fidelity (MAX_ERROR);Tolerancja_0.1;968;4212;0.00042946971275888596;0.020723651047990697;0.09977467642377347;0.3325656283383681
Fidelity (MAX_ERROR);Tolerancja_1.0;968;2711;0.004449327796708617;0.0667032817536635;0.9996747468117606;1.0704300490906558
Fidelity (MAX_ERROR);Tolerancja_0.01;969;4845;5.544564817256932e-06;0.0023546899620240733;0.009832718579680488;0.036532782289549565
Fidelity (MAX_ERROR);Tolerancja_0.1;969;3839;0.0003038227989977639;0.017430513446188668;0.09944425094700549;0.2704326952569592
Fidelity (MAX_ERROR);Tolerancja_1.0;969;1705;0.0038806014996971947;0.062294474070315374;0.9992153272134887;0.9664926150602733
Fidelity (MAX_ERROR);Tolerancja_0.01;970;4876;7.2071189037683254e-06;0.0026846077746606346;0.00973678730498051;0.04569208505803536
Fidelity (MAX_ERROR);Tolerancja_0.1;970;4058;0.00040644373906696457;0.020160449872633414;0.09977264958480969;0.34313131291779514
Fidelity (MAX_ERROR);Tolerancja_1.0;970;2078;0.005231673131206732;0.0723303057591127;0.9991008623973281;1.231063440333239
Fidelity (MAX_ERROR);Tolerancja_0.01;971;4891;6.877965290145371e-06;0.00262258751810981;0.009880724825428011;0.039667729124888654
Fidelity (MAX_ERROR);Tolerancja_0.1;971;4250;0.00037539824973007797;0.01937519676622867;0.09962332482594705;0.2930579253340277
Fidelity (MAX_ERROR);Tolerancja_1.0;971;2626;0.004980821912448402;0.07057493827449234;0.9996565871828107;1.0674753521651892
Fidelity (MAX_ERROR);Tolerancja_0.01;972;4885;7.121995104086956e-06;0.002668706635073806;0.00988311976853673;0.048390033814359745
Fidelity (MAX_ERROR);Tolerancja_0.1;972;4117;0.0006080142854315781;0.024657945685550898;0.09970421625224013;0.44710752760707795
Fidelity (MAX_ERROR);Tolerancja_1.0;972;2577;0.006108421034181599;0.07815638831331446;0.9987312340211734;1.4171622401594257
Fidelity (MAX_ERROR);Tolerancja_0.01;973;4908;7.912148216114193e-06;0.0028128541050175698;0.009665894430062494;0.04959821557416265
Fidelity (MAX_ERROR);Tolerancja_0.1;973;4211;0.0005724815920493395;0.023926587555465142;0.09903240470849539;0.4218903658789744
Fidelity (MAX_ERROR);Tolerancja_1.0;973;2434;0.007950400864843402;0.089165020410716;0.998805769229449;1.5722201503862503
Fidelity (MAX_ERROR);Tolerancja_0.01;974;4885;6.978309062528901e-06;0.002641648928705119;0.009971492166373608;0.04481514060269419
Fidelity (MAX_ERROR);Tolerancja_0.1;974;4265;0.0003242067810712046;0.018005743002475753;0.09908432540879808;0.30546447544317257
Fidelity (MAX_ERROR);Tolerancja_1.0;974;2440;0.005020050683675246;0.070852316007843;0.9986644115810881;1.2019979147927309
Fidelity (MAX_ERROR);Tolerancja_0.01;975;4923;6.733154100733702e-06;0.0025948321912473843;0.009781131107956753;0.04283342085744884
Fidelity (MAX_ERROR);Tolerancja_0.1;975;4308;0.00044749147331308203;0.021153994263804696;0.09968046183873902;0.3491932704449867
Fidelity (MAX_ERROR);Tolerancja_1.0;975;2637;0.006238079995905516;0.07898151679922029;0.9980874356147744;1.3037639044374478
Fidelity (MAX_ERROR);Tolerancja_0.01;976;4872;7.2746953625062046e-06;0.0026971643187811535;0.009864658573131901;0.04789724542897499
Fidelity (MAX_ERROR);Tolerancja_0.1;976;4251;0.0002501406263774341;0.01581583467217061;0.09956624368808242;0.280863464521649
Fidelity (MAX_ERROR);Tolerancja_1.0;976;2510;0.0034772319598954326;0.05896805881064284;0.9989336628671412;1.0471766831766256
Fidelity (MAX_ERROR);Tolerancja_0.01;977;4899;7.666006538361613e-06;0.0027687554132428548;0.009861325001065069;0.038480734422141394
Fidelity (MAX_ERROR);Tolerancja_0.1;977;4261;0.00038020692522328743;0.019498895487265105;0.0998652472874948;0.27099967558771365
Fidelity (MAX_ERROR);Tolerancja_1.0;977;2610;0.0048359707721695455;0.06954114445541967;0.9989466296653973;0.9664971844033577
Fidelity (MAX_ERROR);Tolerancja_0.01;978;4930;5.602868644775308e-06;0.002367037947472602;0.009930190180998721;0.036250584241813655
Fidelity (MAX_ERROR);Tolerancja_0.1;978;4166;0.0005605684005986646;0.02367632574109979;0.09906680579453564;0.36259690797555055
Fidelity (MAX_ERROR);Tolerancja_1.0;978;2461;0.006414388169929001;0.08008987557693545;0.998484522242256;1.2265560780798077
Fidelity (MAX_ERROR);Tolerancja_0.01;979;4905;7.779568905233814e-06;0.002789187857644912;0.00994902041978607;0.04588601846665954
Fidelity (MAX_ERROR);Tolerancja_0.1;979;4210;0.0005460656042061739;0.02336804664934949;0.09909864558992432;0.38443685933266425
Fidelity (MAX_ERROR);Tolerancja_1.0;979;2463;0.007797342878338344;0.08830256439276463;0.9992030184606571;1.4526999639963394
Fidelity (MAX_ERROR);Tolerancja_0.01;980;4909;5.92785257053383e-06;0.002434718170658327;0.00988970018276003;0.043404536970698876
Fidelity (MAX_ERROR);Tolerancja_0.1;980;4149;0.0004939837436260506;0.022225745063463018;0.0989373687222328;0.3962258075428757
Fidelity (MAX_ERROR);Tolerancja_1.0;980;2400;0.005636118666096273;0.07507408784724776;0.9982697041998776;1.338370929653133
Fidelity (MAX_ERROR);Tolerancja_0.01;981;4895;6.699139936822876e-06;0.00258826968008028;0.009886561549276252;0.041325059598218
Fidelity (MAX_ERROR);Tolerancja_0.1;981;4143;0.0004089303645550605;0.020222026717296674;0.09946553122141033;0.32287070614029745
Fidelity (MAX_ERROR);Tolerancja_1.0;981;2387;0.004765078717983603;0.06902954960003435;0.9997819836639525;1.1021456818097428
Fidelity (MAX_ERROR);Tolerancja_0.01;982;4918;5.998715006375916e-06;0.002449227430512715;0.00993478121254654;0.04113063119159773
Fidelity (MAX_ERROR);Tolerancja_0.1;982;4205;0.0005127713574232092;0.022644455335097135;0.09968216309126099;0.38027531837968803
Fidelity (MAX_ERROR);Tolerancja_1.0;982;2481;0.006764716397454328;0.08224789600624643;0.9991064822635218;1.38121426976246
Fidelity (MAX_ERROR);Tolerancja_0.01;983;4871;9.064171908287107e-06;0.003010676320743747;0.009765169812709473;0.051911990893530185
Fidelity (MAX_ERROR);Tolerancja_0.1;983;4127;0.0004782022872217734;0.021867836820814567;0.09954018365062556;0.3770591139544664
Fidelity (MAX_ERROR);Tolerancja_1.0;983;2282;0.006223173589712093;0.07888709393628399;0.9990669750974732;1.3602213143343733
Fidelity (MAX_ERROR);Tolerancja_0.01;984;4851;8.349790490875246e-06;0.0028896004033214084;0.00974453170337064;0.04393439338741458
Fidelity (MAX_ERROR);Tolerancja_0.1;984;4069;0.00041915532266451603;0.020473283143270304;0.09996629254000933;0.31128223629622487
Fidelity (MAX_ERROR);Tolerancja_1.0;984;2119;0.005697295033081725;0.07548042814585595;0.9998546312927621;1.1476281701091866
Fidelity (MAX_ERROR);Tolerancja_0.01;985;4887;6.189632164122136e-06;0.0024878971369657016;0.009902751246747776;0.03699238037890608
Fidelity (MAX_ERROR);Tolerancja_0.1;985;4264;0.0004663308453109771;0.021594694841811892;0.09931260166285671;0.3210901101518167
Fidelity (MAX_ERROR);Tolerancja_1.0;985;2588;0.006140466461115005;0.07836112850843208;0.9990658484463886;1.1651465125441893
Fidelity (MAX_ERROR);Tolerancja_0.01;986;4906;7.435420414609223e-06;0.0027267967314431826;0.009812690495607512;0.04240231416280219
Fidelity (MAX_ERROR);Tolerancja_0.1;986;4259;0.00044757550649996336;0.021155980395622494;0.09940444330115028;0.3289803441573332
Fidelity (MAX_ERROR);Tolerancja_1.0;986;2649;0.0054871853898455685;0.07407553840402085;0.9999919978714189;1.1518916004874413
Fidelity (MAX_ERROR);Tolerancja_0.01;987;4879;7.2719107916698155e-06;0.002696648065964451;0.009944412068766617;0.04772381762050882
Fidelity (MAX_ERROR);Tolerancja_0.1;987;4088;0.0005844844960466603;0.02417611416350155;0.09972771616621046;0.4278557805424647
Fidelity (MAX_ERROR);Tolerancja_1.0;987;2450;0.006325823280272127;0.07953504435324171;0.9987910672705258;1.4075681580627972
Fidelity (MAX_ERROR);Tolerancja_0.01;988;4901;6.9859209353837565e-06;0.002643089278738756;0.009721007469149612;0.040203109468344295
Fidelity (MAX_ERROR);Tolerancja_0.1;988;4294;0.0004152884684774281;0.02037862773783917;0.09926689595722604;0.3099722012227814
Fidelity (MAX_ERROR);Tolerancja_1.0;988;2462;0.007251545815094845;0.08515600868461863;0.999579984709186;1.295278357251959
Fidelity (MAX_ERROR);Tolerancja_0.01;989;4881;5.259304765611148e-06;0.0022933174149278044;0.009872950628394328;0.036502215908394156
Fidelity (MAX_ERROR);Tolerancja_0.1;989;4230;0.00022871106749944596;0.015123196338719072;0.09945869852476541;0.2407125042471881
Fidelity (MAX_ERROR);Tolerancja_1.0;989;2364;0.0032510467146384813;0.05701795081058667;0.9993562837294627;0.9075418594890636
Fidelity (MAX_ERROR);Tolerancja_0.01;990;4913;5.4869074106801305e-06;0.0023424148673281877;0.009925464009931773;0.03885136847537189
Fidelity (MAX_ERROR);Tolerancja_0.1;990;4165;0.0006020640747722896;0.024536994004406686;0.09915812721311479;0.4069713732779309
Fidelity (MAX_ERROR);Tolerancja_1.0;990;2485;0.006557665204234512;0.08097941222455564;0.9990298140796865;1.3431271407715362
Fidelity (MAX_ERROR);Tolerancja_0.01;991;4909;7.0767044246531466e-06;0.00266020759051867;0.009705444354113357;0.050045647584586316
Fidelity (MAX_ERROR);Tolerancja_0.1;991;4149;0.0004959391682310808;0.022269691695914445;0.09989349866120634;0.4189526961742954
Fidelity (MAX_ERROR);Tolerancja_1.0;991;2583;0.0046657417168383935;0.06830623483137095;0.9981770375831465;1.2850236832585997
Fidelity (MAX_ERROR);Tolerancja_0.01;992;4868;7.920129277963541e-06;0.00281427242426236;0.009920109130373334;0.042590853161369076
Fidelity (MAX_ERROR);Tolerancja_0.1;992;4202;0.00034271042641711237;0.018512439774840926;0.09975071173249339;0.2801649894699157
Fidelity (MAX_ERROR);Tolerancja_1.0;992;2533;0.004343810249684086;0.0659075887108919;0.9993888765918015;0.9974373514110856
Fidelity (MAX_ERROR);Tolerancja_0.01;993;4897;7.013185545640816e-06;0.002648241972637851;0.009838783036775878;0.04572700660645938
Fidelity (MAX_ERROR);Tolerancja_0.1;993;4308;0.00029418872249578816;0.017151930576345863;0.0999663159730233;0.29616117064894604
Fidelity (MAX_ERROR);Tolerancja_1.0;993;2663;0.00418138424233327;0.06466362379524729;0.998993321760997;1.1165422129223352
Fidelity (MAX_ERROR);Tolerancja_0.01;994;4903;7.543804946936476e-06;0.002746598796136137;0.009956768474341793;0.04212139097910417
Fidelity (MAX_ERROR);Tolerancja_0.1;994;4305;0.0004575710353922689;0.02139091011135966;0.09895595176632366;0.3280475071448308
Fidelity (MAX_ERROR);Tolerancja_1.0;994;2715;0.006075248701261671;0.07794388174360879;0.998826670225121;1.1953346524327524
Fidelity (MAX_ERROR);Tolerancja_0.01;995;4909;7.080293082885544e-06;0.002660882012206769;0.009702798861041195;0.04401640573478101
Fidelity (MAX_ERROR);Tolerancja_0.1;995;4249;0.00045668042797459624;0.021370082544870907;0.09961084926782227;0.3535046723476086
Fidelity (MAX_ERROR);Tolerancja_1.0;995;2466;0.006695881397807383;0.08182836548414849;0.9998402997355855;1.353607758345185
Fidelity (MAX_ERROR);Tolerancja_0.01;996;4891;8.46801295009697e-06;0.0029099850429335494;0.009919622984517318;0.04350629171938405
Fidelity (MAX_ERROR);Tolerancja_0.1;996;4354;0.00034581293266196695;0.01859604615669597;0.09929703828701619;0.27802376884547453
Fidelity (MAX_ERROR);Tolerancja_1.0;996;2518;0.006730438978102877;0.08203925266665267;0.9986275476540332;1.2265436441410436
Fidelity (MAX_ERROR);Tolerancja_0.01;997;4892;8.244428505106216e-06;0.002871311286695717;0.009763497189740011;0.048275565347114836
Fidelity (MAX_ERROR);Tolerancja_0.1;997;4175;0.0005867016444035441;0.024221924869909577;0.0994744603936013;0.40724498326194314
Fidelity (MAX_ERROR);Tolerancja_1.0;997;2470;0.007655076664449157;0.08749329496852407;0.9996811693366312;1.4710311272269194
Fidelity (MAX_ERROR);Tolerancja_0.01;998;4917;7.642950386547933e-06;0.0027645886468963036;0.009691370189440107;0.04433971116322811
Fidelity (MAX_ERROR);Tolerancja_0.1;998;4356;0.0005558764989064082;0.02357703329315222;0.09966698350402936;0.3781390216869374
Fidelity (MAX_ERROR);Tolerancja_1.0;998;2797;0.007634218979324749;0.08737401775885523;0.9997807727705075;1.4013436374875334
Fidelity (MAX_ERROR);Tolerancja_0.01;999;4904;6.546238191435831e-06;0.0025585617427445113;0.009783922155737201;0.04702926879946729
Fidelity (MAX_ERROR);Tolerancja_0.1;999;4283;0.0004557986427927827;0.021349441275892507;0.0993652360475652;0.39242696226879803
Fidelity (MAX_ERROR);Tolerancja_1.0;999;2683;0.005984340955700318;0.07735852219180714;0.9986246648392749;1.4219374398155151
