Strategia;Konfiguracja;Indeks sygnału;Wymagane K;MSE;RMSE;Max Error;PRD
Energetyczne;Prog_Energii_99.0%;0;6;0.16016729747779268;0.4002090672108675;1.2312471254067603;7.589146950260284
Energetyczne;Prog_Energii_99.9%;0;11;0.019637741472065765;0.14013472614618322;0.6225952781242032;2.657368652263727
Energetyczne;Prog_Energii_99.99%;0;16;0.0020378764966852508;0.04514284546509281;0.36411927341196115;0.856041794292904
Energetyczne;Prog_Energii_99.0%;1;7;0.2952500722088108;0.5433691859213318;1.651159305716556;9.965068798560885
Energetyczne;Prog_Energii_99.9%;1;30;0.02878389392050621;0.16965816785674132;1.3926130994542225;3.1114302370009423
Energetyczne;Prog_Energii_99.99%;1;267;0.0029646081391454123;0.05444821520624356;1.3239427892054163;0.9985479937900271
Energetyczne;Prog_Energii_99.0%;2;2;0.1887783182849946;0.4344862693860355;1.221611553472978;8.006997645392305
Energetyczne;Prog_Energii_99.9%;2;16;0.026709150271554596;0.16342934336144962;1.0989157910004312;3.01178301752151
Energetyczne;Prog_Energii_99.99%;2;140;0.0029202473112821883;0.054039312646278065;0.9877642706512404;0.995871859722511
Energetyczne;Prog_Energii_99.0%;3;5;0.21885776762723652;0.46782236760039225;0.9385218972305838;9.229229127629416
Energetyczne;Prog_Energii_99.9%;3;10;0.0010868609278860508;0.0329675738853506;0.10651056266582337;0.6503863736371238
Energetyczne;Prog_Energii_99.99%;3;11;0.0010868609278860508;0.0329675738853506;0.10651056266582337;0.6503863736371238
Energetyczne;Prog_Energii_99.0%;4;1;0.32543688357564815;0.5704707561090648;0.9415957088969851;9.431575379671454
Energetyczne;Prog_Energii_99.9%;4;5;0.03019572551832905;0.1737691730956013;0.3942391685113167;2.8729203682458455
Energetyczne;Prog_Energii_99.99%;4;11;0.0012622004760333716;0.03552746087230794;0.1689844120657682;0.5873744125832782
Energetyczne;Prog_Energii_99.0%;5;4;0.20280726212242217;0.45034127295021736;1.1629195817422717;7.951787554308849
Energetyczne;Prog_Energii_99.9%;5;10;0.02132731036251156;0.14603872898143;0.797500823001978;2.5786420595075894
Energetyczne;Prog_Energii_99.99%;5;17;0.0031508356777522808;0.05613230511703827;0.4942134761726482;0.9911420339074128
Energetyczne;Prog_Energii_99.0%;6;4;0.2241301681759438;0.47342387791063495;1.3244542591482213;9.21545950116602
Energetyczne;Prog_Energii_99.9%;6;13;0.019996644821554867;0.1414094933926109;0.3841035257783263;2.7526145601088525
Energetyczne;Prog_Energii_99.99%;6;19;0.002561872057423364;0.050614939073591346;0.34503146376030447;0.985247983784023
Energetyczne;Prog_Energii_99.0%;7;7;0.219117695430156;0.468100091252027;1.0453375893904582;8.61277211910965
Energetyczne;Prog_Energii_99.9%;7;11;0.022948069803817736;0.1514862033447856;0.6467187884594177;2.787258906760777
Energetyczne;Prog_Energii_99.99%;7;50;0.0028677329950718856;0.05355121842751933;0.6311849441891315;0.9853115810835515
Energetyczne;Prog_Energii_99.0%;8;7;0.29072017534473005;0.5391847321138925;1.421153880012346;9.74225931905108
Energetyczne;Prog_Energii_99.9%;8;25;0.02974512699796967;0.1724677564009275;1.3988770658072216;3.1162336523242864
Energetyczne;Prog_Energii_99.99%;8;224;0.0030549505566022503;0.055271607146909076;1.2527188013212571;0.9986750323860496
Energetyczne;Prog_Energii_99.0%;9;5;0.1935177627838409;0.4399065386918463;0.7785517943762343;7.9656574334510095
Energetyczne;Prog_Energii_99.9%;9;9;0.016861228864347436;0.12985079462347326;0.560343950984989;2.351287958819244
Energetyczne;Prog_Energii_99.99%;9;14;0.00205660548773644;0.04534981243331046;0.28714516868592455;0.8211768608605683
Energetyczne;Prog_Energii_99.0%;10;6;0.2524374133534521;0.5024315011555825;1.0845132846788523;9.146861994696273
Energetyczne;Prog_Energii_99.9%;10;11;0.029041494829926365;0.17041565312472434;0.43191570278731195;3.1024497016662917
Energetyczne;Prog_Energii_99.99%;10;15;0.0028440357922267;0.053329502081181104;0.2666028399026352;0.970873829886276
Energetyczne;Prog_Energii_99.0%;11;9;0.26413087920046513;0.513936649014706;1.3992269018739742;9.51912038158008
Energetyczne;Prog_Energii_99.9%;11;20;0.02550088467036098;0.15968996421303683;1.1691768310301809;2.95777309516336
Energetyczne;Prog_Energii_99.99%;11;147;0.002908329236382101;0.053928927639830745;1.0080932979603228;0.9988701043937047
Energetyczne;Prog_Energii_99.0%;12;5;0.3579284262730705;0.5982711979303955;1.1797846709869342;9.607704213083766
Energetyczne;Prog_Energii_99.9%;12;14;0.0332556847328628;0.182361412400932;1.2812286902780565;2.9285623581568134
Energetyczne;Prog_Energii_99.99%;12;99;0.0038759109058710906;0.062256814132037715;0.9942396622700942;0.9997891549830908
Energetyczne;Prog_Energii_99.0%;13;3;0.12930377512680258;0.3595883411997705;1.298399760362054;5.815302519499038
Energetyczne;Prog_Energii_99.9%;13;7;0.02978703600632088;0.17258921173213834;0.8339441698886452;2.7911318661654585
Energetyczne;Prog_Energii_99.99%;13;43;0.0038214411803119803;0.06181780633694454;0.6553895510874206;0.9997244174872223
Energetyczne;Prog_Energii_99.0%;14;9;0.282428574600269;0.5314400950250827;1.7834239880111094;9.658596030805757
Energetyczne;Prog_Energii_99.9%;14;19;0.024139158017074915;0.15536781525488128;1.4343247471715799;2.8237142394476873
Energetyczne;Prog_Energii_99.99%;14;120;0.002990297106602302;0.05468360912195081;0.9707439306256225;0.9938408768169427
Energetyczne;Prog_Energii_99.0%;15;6;0.24602295166688415;0.49600700767921024;1.0904225985463114;8.912369089114524
Energetyczne;Prog_Energii_99.9%;15;13;0.023135084528207294;0.15210221736781912;1.2473751556601345;2.7330079605073854
Energetyczne;Prog_Energii_99.99%;15;54;0.0030228424516970734;0.05498038242588963;0.7401782175553553;0.987900278128938
Energetyczne;Prog_Energii_99.0%;16;6;0.19031889242107672;0.43625553569104053;1.2801519956360696;7.675043298195754
Energetyczne;Prog_Energii_99.9%;16;11;0.02909455843784847;0.1705712708454987;0.5733954222420348;3.0008602345727518
Energetyczne;Prog_Energii_99.99%;16;23;0.0028568891233898006;0.05344987486785915;0.5414541160279631;0.9403436067444931
Energetyczne;Prog_Energii_99.0%;17;5;0.22547849235085546;0.4748457563786955;1.3283559174753723;8.679119921703347
Energetyczne;Prog_Energii_99.9%;17;15;0.029897911699923996;0.17291012607688422;1.1104372170550043;3.160410932895207
Energetyczne;Prog_Energii_99.99%;17;97;0.0029925042903520263;0.054703786800842466;0.8961754079165303;0.9998630490806383
Energetyczne;Prog_Energii_99.0%;18;2;0.04219219060396095;0.20540737718972255;0.7671221532713144;3.6313949156660903
Energetyczne;Prog_Energii_99.9%;18;5;0.029937173724030357;0.17302362186716114;0.6336094348071795;3.0588828372907075
Energetyczne;Prog_Energii_99.99%;18;14;0.002547351292312709;0.05047129176386026;0.42888581073303733;0.8922814497022474
Energetyczne;Prog_Energii_99.0%;19;1;0.2790982780560883;0.5282975279670428;1.3156226935750572;9.045768727628182
Energetyczne;Prog_Energii_99.9%;19;6;0.012200339275448098;0.1104551459889855;0.3179883025671284;1.8912670465024424
Energetyczne;Prog_Energii_99.99%;19;7;0.0009568647305534661;0.030933230199147746;0.17258849180442493;0.5296539006281898
Energetyczne;Prog_Energii_99.0%;20;5;0.4213410204390415;0.649107865026331;1.5723301248149326;9.76099074175999
Energetyczne;Prog_Energii_99.9%;20;18;0.036486456242749266;0.1910142828239534;1.646258860217996;2.872386465557463
Energetyczne;Prog_Energii_99.99%;20;95;0.004385230286551133;0.06622107131835858;1.0923747673877768;0.9958025451158348
Energetyczne;Prog_Energii_99.0%;21;11;0.2912602628042624;0.5396853368438524;1.1853779618964784;9.480521459277682
Energetyczne;Prog_Energii_99.9%;21;18;0.020925120652193385;0.1446551784492812;0.7569660362731057;2.541122446468919
Energetyczne;Prog_Energii_99.99%;21;24;0.0028432972904297855;0.05332257767990765;0.522125993726533;0.9367047934167421
Energetyczne;Prog_Energii_99.0%;22;4;0.10820520171634235;0.32894559081456365;0.610024929063663;5.886053732261694
Energetyczne;Prog_Energii_99.9%;22;5;0.018967904363534672;0.1377240152026315;0.6036960465975039;2.464392216652338
Energetyczne;Prog_Energii_99.99%;22;11;0.0029846314199435935;0.054631780310947155;0.38105568473999885;0.977564689659049
Energetyczne;Prog_Energii_99.0%;23;3;0.2726529383667026;0.5221617932850915;1.2042683679219204;9.114019695476811
Energetyczne;Prog_Energii_99.9%;23;11;0.0234205618433193;0.15303777913743816;0.3511584814738775;2.6711822870753585
Energetyczne;Prog_Energii_99.99%;23;18;0.00020732049741418508;0.014398628317106636;0.08806255376738115;0.25131938751081884
Energetyczne;Prog_Energii_99.0%;24;5;0.280693084366224;0.5298047606111368;1.0004469953485966;9.67050891483987
Energetyczne;Prog_Energii_99.9%;24;11;0.018741314050008246;0.13689891909729693;0.5506831045698064;2.4988114792234715
Energetyczne;Prog_Energii_99.99%;24;22;0.0028055273323023718;0.05296722885239865;0.43951052227158716;0.966809090617895
Energetyczne;Prog_Energii_99.0%;25;5;0.32257743565142927;0.5679590087774199;1.0237135336473235;9.448946401466877
Energetyczne;Prog_Energii_99.9%;25;11;0.030003669653591112;0.17321567381040062;0.9658780805982001;2.881731942682965
Energetyczne;Prog_Energii_99.99%;25;78;0.003552754135539854;0.059604984150151856;0.8363288518051695;0.9916284305577138
Energetyczne;Prog_Energii_99.0%;26;6;0.17854642542039578;0.42254754220134305;1.1580585510536574;7.568702311921709
Energetyczne;Prog_Energii_99.9%;26;14;0.02226555492258467;0.14921647001113741;0.7196570402289364;2.672776264811279
Energetyczne;Prog_Energii_99.99%;26;44;0.0030255960412850255;0.055005418290246876;0.5841694884894011;0.9852610534964057
Energetyczne;Prog_Energii_99.0%;27;5;0.273749716444022;0.5232109674347644;1.5267914477132347;9.144583549948916
Energetyczne;Prog_Energii_99.9%;27;13;0.031339541367096914;0.1770297753687128;1.093624248858747;3.094093343694535
Energetyczne;Prog_Energii_99.99%;27;88;0.0032431659533352373;0.056948801158015934;0.8546300834619975;0.9953405082698997
Energetyczne;Prog_Energii_99.0%;28;5;0.2898138414407228;0.5383436090831977;1.4311963570415003;9.657569357599261
Energetyczne;Prog_Energii_99.9%;28;22;0.0287395756051705;0.1695275069278449;1.311064369468523;3.041224282321755
Energetyczne;Prog_Energii_99.99%;28;184;0.003095682958783884;0.055638861947238674;1.1561531878366877;0.9981286285694638
Energetyczne;Prog_Energii_99.0%;29;3;0.2328899227929925;0.48258669976802354;0.842118920594876;9.412830200583391
Energetyczne;Prog_Energii_99.9%;29;6;0.006937976324285995;0.08329451557147081;0.3532098083581081;1.624655491108615
Energetyczne;Prog_Energii_99.99%;29;12;0.0022163912487881423;0.047078564642394766;0.29157376021856596;0.9182651226796484
Energetyczne;Prog_Energii_99.0%;30;5;0.2873234343737026;0.5360255911555927;1.150235074491608;9.302255062981407
Energetyczne;Prog_Energii_99.9%;30;11;0.02742562134288308;0.1656068275853477;0.5676508719300681;2.873961571590193
Energetyczne;Prog_Energii_99.99%;30;40;0.0032386545385056976;0.05690917798128609;0.5567350292186823;0.9876089831182403
Energetyczne;Prog_Energii_99.0%;31;1;0.15380500488500193;0.3921798119294285;1.0599204134835505;7.0935944824300075
Energetyczne;Prog_Energii_99.9%;31;6;0.02274468591049074;0.15081341422595915;0.8098434599457045;2.727853832573625
Energetyczne;Prog_Energii_99.99%;31;55;0.0030056137932047157;0.05482347848508626;0.639560382350866;0.9916255571039149
Energetyczne;Prog_Energii_99.0%;32;3;0.31996258946256095;0.5656523574268572;1.1323818944617399;9.01307547807671
Energetyczne;Prog_Energii_99.9%;32;15;0.03710256826414173;0.19262026960873493;0.8099517577759627;3.0692014375905847
Energetyczne;Prog_Energii_99.99%;32;52;0.003871604823073271;0.062222221296521316;0.783909945824135;0.9914456637470231
Energetyczne;Prog_Energii_99.0%;33;3;0.23517505365736543;0.48494850619149804;1.1873262405032792;8.840350789819508
Energetyczne;Prog_Energii_99.9%;33;9;0.022136670703901924;0.14878397327636442;1.0078365823328994;2.7122519172103643
Energetyczne;Prog_Energii_99.99%;33;78;0.0029832502892939154;0.05461913848912225;0.7752965097643552;0.9956775573423513
Energetyczne;Prog_Energii_99.0%;34;5;0.08908747292609648;0.29847524675606935;0.9764013051825096;6.723714944777543
Energetyczne;Prog_Energii_99.9%;34;7;0.01296301607802811;0.11385524176790505;0.7671859338835709;2.5648029407334993
Energetyczne;Prog_Energii_99.99%;34;64;0.0019450052318389591;0.04410221345736469;0.5696553546174821;0.9934851045232361
Energetyczne;Prog_Energii_99.0%;35;10;0.23141054964116506;0.4810515041460374;0.8489434305810928;8.885969876845571
Energetyczne;Prog_Energii_99.9%;35;19;0.018808253382993127;0.13714318569653078;0.7942027548896116;2.5333050752587476
Energetyczne;Prog_Energii_99.99%;35;30;0.002719774671554534;0.05215145895902179;0.5494890090383162;0.9633402854982697
Energetyczne;Prog_Energii_99.0%;36;2;0.1707435125082841;0.41321122021102485;0.9335800722063965;7.625358877440756
Energetyczne;Prog_Energii_99.9%;36;10;0.01702744527565845;0.13048925348724488;0.7204561380769947;2.4080357425469336
Energetyczne;Prog_Energii_99.99%;36;61;0.0029105157718116617;0.053949196210987815;0.6636931008430222;0.9955731164515775
Energetyczne;Prog_Energii_99.0%;37;4;0.15208196215505335;0.38997687387209684;1.1412860133297613;7.736262707051288
Energetyczne;Prog_Energii_99.9%;37;17;0.024019238102510956;0.15498141211936017;1.058838472760085;3.0744821018755806
Energetyczne;Prog_Energii_99.99%;37;155;0.0025395464274377386;0.05039391260298945;0.9627708848444687;0.9997017075960617
Energetyczne;Prog_Energii_99.0%;38;8;0.2364052811240108;0.486215262125749;1.264610570070789;8.927006767745286
Energetyczne;Prog_Energii_99.9%;38;16;0.013719272142555384;0.11712929668770057;0.3689075122179668;2.150516665521543
Energetyczne;Prog_Energii_99.99%;38;19;0.002441645030143983;0.04941300466622105;0.28602963464977993;0.9072323751036454
Energetyczne;Prog_Energii_99.0%;39;7;0.21711274456329174;0.46595358627581324;1.1857366924016084;8.997694111312185
Energetyczne;Prog_Energii_99.9%;39;15;0.024924644239724354;0.15787540733035135;0.8497552243910071;3.0486182845182896
Energetyczne;Prog_Energii_99.99%;39;65;0.0026790740161811532;0.051759772180537594;0.6798626553117577;0.99949568169223
Energetyczne;Prog_Energii_99.0%;40;4;0.1999147614463768;0.4471182857436909;0.9267790279962167;8.390968005443128
Energetyczne;Prog_Energii_99.9%;40;11;0.025349419334949785;0.1592150097665097;0.6977022925168965;2.987952171794955
Energetyczne;Prog_Energii_99.99%;40;51;0.0028052443690639445;0.05296455766891615;0.6154772676167015;0.9939739057710726
Energetyczne;Prog_Energii_99.0%;41;5;0.2753456227230607;0.5247338589447613;1.1154961313190261;9.68572939636452
Energetyczne;Prog_Energii_99.9%;41;17;0.025162596628373297;0.15862722536933344;0.6679819647751506;2.9279993155258373
Energetyczne;Prog_Energii_99.99%;41;38;0.002827832756956755;0.05317737072248641;0.6189693275288821;0.9815673489489479
Energetyczne;Prog_Energii_99.0%;42;8;0.11355095679119143;0.3369732285971564;0.952874049521701;6.014427658219898
Energetyczne;Prog_Energii_99.9%;42;18;0.02537677800426309;0.15930090396561813;1.085404206720554;2.843263741689213
Energetyczne;Prog_Energii_99.99%;42;57;0.003082647125143221;0.05552159152206663;0.7643599376762191;0.9909706983812389
Energetyczne;Prog_Energii_99.0%;43;9;0.2924708197084489;0.5408057134576603;1.1292273918182438;9.593788827236454
Energetyczne;Prog_Energii_99.9%;43;14;0.019858981457582883;0.14092189843165923;0.9731778543095482;2.499927240122342
Energetyczne;Prog_Energii_99.99%;43;51;0.0031684023721767433;0.05628856342257051;0.6800222332619974;0.9985482353949388
Energetyczne;Prog_Energii_99.0%;44;6;0.23477222773869963;0.48453299963851754;1.292854867798388;8.59488107302773
Energetyczne;Prog_Energii_99.9%;44;17;0.0243990528815456;0.1562019618364174;0.999785693485971;2.7707860689761366
Energetyczne;Prog_Energii_99.99%;44;51;0.003141469512976176;0.05604881366252256;0.7134212313583612;0.9942210088333853
Energetyczne;Prog_Energii_99.0%;45;14;0.2809735739720536;0.5300694048632251;3.449590081182609;9.221300371275658
Energetyczne;Prog_Energii_99.9%;45;64;0.03244462413783576;0.18012391328703628;2.4340669996387048;3.1335079769373926
Energetyczne;Prog_Energii_99.99%;45;614;0.003296494504328666;0.05741510693474903;1.989621864222607;0.9988162720518569
Energetyczne;Prog_Energii_99.0%;46;7;0.26586877327276615;0.515624643779529;1.3627584861682775;9.280012909131578
Energetyczne;Prog_Energii_99.9%;46;15;0.0298418628493637;0.17274797495010963;1.245126690129763;3.1090512389256775
Energetyczne;Prog_Energii_99.99%;46;178;0.0030753363790037127;0.055455715476438606;1.129377710715307;0.998070518379885
Energetyczne;Prog_Energii_99.0%;47;10;0.055198298551542846;0.2349431815387347;1.5715408133917768;4.149466018982961
Energetyczne;Prog_Energii_99.9%;47;15;0.03132077903433777;0.1769767754094807;1.4798360518249352;3.12568813830312
Energetyczne;Prog_Energii_99.99%;47;124;0.003175738877896997;0.05635369444763135;1.010378192596396;0.9952948564972194
Energetyczne;Prog_Energii_99.0%;48;3;0.347623903739295;0.5895963905412711;1.2207620089738969;9.656449599379473
Energetyczne;Prog_Energii_99.9%;48;8;0.007781469783782347;0.08821263959196747;0.4321289291783499;1.4447525831460017
Energetyczne;Prog_Energii_99.99%;48;13;0.0037135908444528624;0.06093923895531402;0.38602088205785456;0.9980669811365488
Energetyczne;Prog_Energii_99.0%;49;7;0.290662933674537;0.5391316478139054;1.238097540390573;9.603166085311273
Energetyczne;Prog_Energii_99.9%;49;15;0.028180681982276492;0.16787102782277974;0.9162718411441269;2.9901664419643144
Energetyczne;Prog_Energii_99.99%;49;93;0.0031218929719423606;0.055873902422708586;0.8555274279024356;0.9952418244698474
Energetyczne;Prog_Energii_99.0%;50;6;0.24965479384809555;0.4996546745984626;1.5027686555550819;8.839112242210653
Energetyczne;Prog_Energii_99.9%;50;12;0.024209891856581005;0.155595282243971;0.9723502098506578;2.7525493786646904
Energetyczne;Prog_Energii_99.99%;50;27;0.003164914838500039;0.05625757583206051;0.6465740795492168;0.9952214049711009
Energetyczne;Prog_Energii_99.0%;51;6;0.1944018926627151;0.4409103000188532;1.0027145069569974;7.696445330704534
Energetyczne;Prog_Energii_99.9%;51;12;0.02269354383460364;0.15064376467216836;0.5376875544937647;2.6296085602021235
Energetyczne;Prog_Energii_99.99%;51;23;0.003186719101743101;0.05645103277835669;0.4308532424905982;0.9853983624829225
Energetyczne;Prog_Energii_99.0%;52;4;0.2606968197071861;0.5105847820951835;1.1595816872182025;9.170790415758349
Energetyczne;Prog_Energii_99.9%;52;15;0.025749045978829713;0.16046509271124892;0.3940432085321639;2.8821692026570456
Energetyczne;Prog_Energii_99.99%;52;20;0.002579758872225871;0.0507913267421306;0.3072200520068229;0.9122806413833695
Energetyczne;Prog_Energii_99.0%;53;7;0.299056276666286;0.5468603813280735;1.4361162516910362;9.628288963966886
Energetyczne;Prog_Energii_99.9%;53;16;0.027273502718655276;0.1651469125314042;1.0451718319578331;2.9076565969137174
Energetyczne;Prog_Energii_99.99%;53;30;0.0029135435258653294;0.053977250076910455;0.6728295327497804;0.9503496302999013
Energetyczne;Prog_Energii_99.0%;54;3;0.1661373444918746;0.4075994902988405;0.7773744519589032;7.076792476450769
Energetyczne;Prog_Energii_99.9%;54;5;0.02460384326752697;0.15685612282447559;0.45504860410150627;2.7233552943739885
Energetyczne;Prog_Energii_99.99%;54;8;0.0019672683095219145;0.04435389847039282;0.2223456500157761;0.7700778398088937
Energetyczne;Prog_Energii_99.0%;55;8;0.26248249324936196;0.5123304531738885;1.251589618090347;9.275126633100957
Energetyczne;Prog_Energii_99.9%;55;20;0.011332045773551557;0.10645208205362428;0.5725017421195151;1.9271869069815046
Energetyczne;Prog_Energii_99.99%;55;32;0.0030030929176079278;0.05480048282276286;0.5130309188298661;0.9920968284969097
Energetyczne;Prog_Energii_99.0%;56;5;0.21541017938238197;0.46412302181898063;0.8963456142005795;9.075746555862303
Energetyczne;Prog_Energii_99.9%;56;9;0.013432432875668223;0.11589837305013484;0.5718247709513316;2.2663479521385574
Energetyczne;Prog_Energii_99.99%;56;21;0.0024769990149107572;0.049769458655994615;0.40437864238672994;0.9732225546881976
Energetyczne;Prog_Energii_99.0%;57;5;0.26698702365380533;0.5167078707101386;1.5611501915102544;8.800017564078408
Energetyczne;Prog_Energii_99.9%;57;22;0.0332498118584289;0.18234530939519367;1.394785794189768;3.1055109015461144
Energetyczne;Prog_Energii_99.99%;57;209;0.003433949815869936;0.05859991310462786;1.2821351323840204;0.9980112435010275
Energetyczne;Prog_Energii_99.0%;58;4;0.2107008520595858;0.4590216248278351;1.0513670608895556;8.03099907970957
Energetyczne;Prog_Energii_99.9%;58;12;0.030006391840865593;0.17322353142938055;1.0566419889653824;3.0307025774987775
Energetyczne;Prog_Energii_99.99%;58;99;0.0032635894937502073;0.057127834667088574;0.8924308437643962;0.999503210353691
Energetyczne;Prog_Energii_99.0%;59;7;0.25572965406670656;0.5056971960241687;1.964758632439188;8.984650557079227
Energetyczne;Prog_Energii_99.9%;59;48;0.030843461051742047;0.17562306526120663;1.9003664866178989;3.1202701607616756
Energetyczne;Prog_Energii_99.99%;59;468;0.0031597792188289594;0.056211913495530105;1.738616379148434;0.9987091165875603
Energetyczne;Prog_Energii_99.0%;60;8;0.21219059733703952;0.4606415063116214;1.3770134329097603;8.067872773757921
Energetyczne;Prog_Energii_99.9%;60;19;0.031664939329332537;0.17794645073541798;1.3691894999664846;3.1166304065181767
Energetyczne;Prog_Energii_99.99%;60;171;0.003254900263482375;0.0570517332206689;1.1504313496664782;0.9992285081565226
Energetyczne;Prog_Energii_99.0%;61;5;0.2625068444756621;0.5123542177787376;1.5584676101111397;9.454185489765159
Energetyczne;Prog_Energii_99.9%;61;16;0.025940223902140506;0.16105969049436455;1.0557528165537269;2.9719442838967094
Energetyczne;Prog_Energii_99.99%;61;144;0.0029066083316142974;0.05391296997582583;0.9944657762011611;0.9948258465898191
Energetyczne;Prog_Energii_99.0%;62;5;0.19367028426123334;0.4400798612311558;0.997154343764799;8.220580583810582
Energetyczne;Prog_Energii_99.9%;62;10;0.01736871508786524;0.13179042107780534;0.6367101367476344;2.4618117575604432
Energetyczne;Prog_Energii_99.99%;62;17;0.002515528206767163;0.050155041688420145;0.4214063504076373;0.9368835027592205
Energetyczne;Prog_Energii_99.0%;63;5;0.10101839731979795;0.31783391467840233;1.0947681849034234;5.956018643647999
Energetyczne;Prog_Energii_99.9%;63;14;0.026980700650812463;0.16425803070417125;1.0120197112681684;3.078097862000845
Energetyczne;Prog_Energii_99.99%;63;133;0.0028459700186423604;0.05334763367425364;0.9455796953914053;0.9997029457346003
Energetyczne;Prog_Energii_99.0%;64;5;0.33194687407996754;0.5761483091010227;1.2738362572641257;9.705942044267031
Energetyczne;Prog_Energii_99.9%;64;16;0.015956336255448723;0.12631839238784162;0.6371396363352169;2.1279920053126413
Energetyczne;Prog_Energii_99.99%;64;22;0.00308830213416188;0.05557249440291375;0.574001671444929;0.9361884803092577
Energetyczne;Prog_Energii_99.0%;65;5;0.27942749531249944;0.52860901932572;2.5743482470520007;8.989195997210926
Energetyczne;Prog_Energii_99.9%;65;23;0.03316943115259987;0.18212476809209632;1.4721373002440243;3.09710045888879
Energetyczne;Prog_Energii_99.99%;65;208;0.0034315280413034287;0.05857924582395568;1.2892016880564938;0.996162197065857
Energetyczne;Prog_Energii_99.0%;66;1;0.37132590245193003;0.609365163470911;1.1796897685103076;9.51898911448097
Energetyczne;Prog_Energii_99.9%;66;12;0.03163808855252813;0.17787098850719904;1.0317691710060668;2.7785507030593863
Energetyczne;Prog_Energii_99.99%;66;46;0.004000418109198814;0.06324885856044214;0.7308517911514203;0.9880203730565504
Energetyczne;Prog_Energii_99.0%;67;6;0.18190193853589925;0.42649963486021797;0.9190629357920219;7.681377772970623
Energetyczne;Prog_Energii_99.9%;67;11;0.026822112461748135;0.1637745781913302;0.7149953124205553;2.9496259829362526
Energetyczne;Prog_Energii_99.99%;67;52;0.003043735463115017;0.05517005948080006;0.6269870350104814;0.9936282097127145
Energetyczne;Prog_Energii_99.0%;68;5;0.23044259702589376;0.4800443698512605;0.8464728730531341;9.660378060395947
Energetyczne;Prog_Energii_99.9%;68;9;0.006161945888796317;0.07849806296206498;0.4898885928804857;1.5796893221709372
Energetyczne;Prog_Energii_99.99%;68;21;0.002429853596556908;0.049293545181462735;0.40078554567595415;0.9919797258276056
Energetyczne;Prog_Energii_99.0%;69;8;0.19553508408291964;0.44219349167860855;1.5455500358665732;7.767728336854482
Energetyczne;Prog_Energii_99.9%;69;17;0.03143780574313672;0.17730709445235607;1.1260583031685343;3.1146395589736966
Energetyczne;Prog_Energii_99.99%;69;128;0.0032056552916233665;0.056618506617742634;0.9935072767313704;0.9945808487038346
Energetyczne;Prog_Energii_99.0%;70;7;0.290564126056776;0.5390400041339938;2.003290067925979;9.435592552679363
Energetyczne;Prog_Energii_99.9%;70;33;0.03175074838906296;0.17818739683003104;1.6663428774772826;3.119070313179998
Energetyczne;Prog_Energii_99.99%;70;302;0.0032543620226807915;0.05704701589637088;1.47665980121856;0.9985759762100613
Energetyczne;Prog_Energii_99.0%;71;3;0.29577880917716903;0.5438555039504235;1.8655318769685074;9.87199590207874
Energetyczne;Prog_Energii_99.9%;71;16;0.027046914757117076;0.16445946235202483;1.0606995772858987;2.985247233142391
Energetyczne;Prog_Energii_99.99%;71;142;0.003019982406500099;0.05495436658264836;1.0046193049363579;0.9975246692634214
Energetyczne;Prog_Energii_99.0%;72;3;0.21104216605385878;0.4593932586073274;0.8684307597773895;8.719428399271338
Energetyczne;Prog_Energii_99.9%;72;7;0.006560690830069015;0.08099809152115262;0.3501039605903289;1.5373692283543061
Energetyczne;Prog_Energii_99.99%;72;16;0.002547466701388296;0.05047243506497676;0.32048841103570513;0.957982677020758
Energetyczne;Prog_Energii_99.0%;73;9;0.3047420808911026;0.5520344924831261;1.1448204035076452;8.964483531955851
Energetyczne;Prog_Energii_99.9%;73;15;0.030900534972083386;0.17578547998080896;0.3882746642452908;2.854578947334681
Energetyczne;Prog_Energii_99.99%;73;19;0.0015297963675478385;0.03911261136191035;0.13363060686850226;0.6351493705918242
Energetyczne;Prog_Energii_99.0%;74;5;0.2525038319615773;0.502497593985859;1.5100035786426806;9.070369131305997
Energetyczne;Prog_Energii_99.9%;74;15;0.025198489598400015;0.15874032127471588;0.48415626926484023;2.865353639930659
Energetyczne;Prog_Energii_99.99%;74;20;0.0017618199122480449;0.04197403855060941;0.3929549173332436;0.7576554159509258
Energetyczne;Prog_Energii_99.0%;75;3;0.276936919369299;0.526247963767366;1.0647639675392249;9.001303381285346
Energetyczne;Prog_Energii_99.9%;75;13;0.033447169589289706;0.18288567354850327;1.0610418828669967;3.1282010478780995
Energetyczne;Prog_Energii_99.99%;75;103;0.0034012722003091043;0.05832042695581973;0.9238911625119473;0.9975522804825326
Energetyczne;Prog_Energii_99.0%;76;3;0.26420477105963264;0.514008532088362;1.476459141818811;9.348904818950787
Energetyczne;Prog_Energii_99.9%;76;17;0.028648115735672424;0.16925754262564616;1.220686203404397;3.0784949219960605
Energetyczne;Prog_Energii_99.99%;76;117;0.0030139866687191054;0.054899787510691744;0.9405115616338424;0.9985298997524193
Energetyczne;Prog_Energii_99.0%;77;5;0.09418778514276764;0.3069002853416198;1.1499943559004526;5.377426371920264
Energetyczne;Prog_Energii_99.9%;77;8;0.020849556489233805;0.14439375502158605;0.8878366527299644;2.5300295349330244
Energetyczne;Prog_Energii_99.99%;77;43;0.0031973052221911575;0.056544718782492474;0.6175435295264089;0.9907617441128357
Energetyczne;Prog_Energii_99.0%;78;4;0.22313632976458767;0.4723730832346268;1.035982232721624;7.628591489365687
Energetyczne;Prog_Energii_99.9%;78;9;0.011775963473527483;0.1085171114319188;0.5483037344297514;1.7524976382045476
Energetyczne;Prog_Energii_99.99%;78;13;0.0029688281900846665;0.05448695431096022;0.36595108728564796;0.8799373433638075
Energetyczne;Prog_Energii_99.0%;79;7;0.2775581911663328;0.5268379173582068;1.3169983377671937;9.239001985581423
Energetyczne;Prog_Energii_99.9%;79;15;0.030350713910088735;0.17421456285307704;0.7791119170130774;3.0551496752319043
Energetyczne;Prog_Energii_99.99%;79;57;0.003226636337006292;0.05680348877495371;0.714708151423042;0.9961461168386689
Energetyczne;Prog_Energii_99.0%;80;7;0.2674252897974018;0.5171317915168259;1.3374608538264523;9.276806837426413
Energetyczne;Prog_Energii_99.9%;80;13;0.026401325379443234;0.16248484661482507;0.8489706964327794;2.914809262902467
Energetyczne;Prog_Energii_99.99%;80;21;0.002998037468976984;0.054754337444416074;0.469914215751583;0.9822359025602184
Energetyczne;Prog_Energii_99.0%;81;7;0.27654983088967144;0.5258800537096567;1.404098308551994;9.35853056418695
Energetyczne;Prog_Energii_99.9%;81;13;0.025812504670108836;0.16066270466448906;0.5086358180029729;2.8591440605535787
Energetyczne;Prog_Energii_99.99%;81;34;0.0030805977805411014;0.05550313306959438;0.4802695693721777;0.9877304978117982
Energetyczne;Prog_Energii_99.0%;82;7;0.27306572892994946;0.5225569145365406;1.1333356726821169;9.057434924550222
Energetyczne;Prog_Energii_99.9%;82;14;0.004258973729406461;0.06526081312247389;0.43014861674549465;1.1311601694224778
Energetyczne;Prog_Energii_99.99%;82;17;0.0031222449720151447;0.05587705228459305;0.3916276065317046;0.968512234293671
Energetyczne;Prog_Energii_99.0%;83;4;0.19071583718475754;0.43671024396590186;0.8889934212827191;8.65705881889395
Energetyczne;Prog_Energii_99.9%;83;13;0.023154006544031887;0.1521644062980298;0.8407329371655052;3.016407866921882
Energetyczne;Prog_Energii_99.99%;83;113;0.002540846881447608;0.050406813839476185;0.8228608761002176;0.999231775097666
Energetyczne;Prog_Energii_99.0%;84;3;0.2843092105014888;0.5332065364392008;1.1133987799673308;9.931128102723417
Energetyczne;Prog_Energii_99.9%;84;11;0.024190613404568042;0.15553331927457872;0.9400619568582327;2.896853681263431
Energetyczne;Prog_Energii_99.99%;84;62;0.0028372850253812615;0.05326617149168186;0.6910659648796704;0.9920980642101441
Energetyczne;Prog_Energii_99.0%;85;3;0.1773569817267936;0.4211377229918897;1.010828345216141;7.869890256301618
Energetyczne;Prog_Energii_99.9%;85;16;0.024321776617199455;0.1559544055716268;1.0673818585859998;2.9143531672157823
Energetyczne;Prog_Energii_99.99%;85;123;0.0028612849326328685;0.05349097991842053;0.924678069657328;0.9995973257140642
Energetyczne;Prog_Energii_99.0%;86;4;0.220414375497363;0.4694830939420109;1.3456912749920598;8.492240805791154
Energetyczne;Prog_Energii_99.9%;86;14;0.029076493461491333;0.17051830828826367;1.0700799839502135;3.084418916177057
Energetyczne;Prog_Energii_99.99%;86;127;0.003050923618094784;0.055235166498298745;0.9621380651262843;0.9991208222493722
Energetyczne;Prog_Energii_99.0%;87;3;0.18180135801312608;0.42638170459475166;0.8613710102118324;7.650427815943203
Energetyczne;Prog_Energii_99.9%;87;8;0.022456753206250565;0.14985577468436298;0.6907678405263598;2.6888132738120296
Energetyczne;Prog_Energii_99.99%;87;48;0.0030136432200478487;0.054896659461645285;0.6020675065728556;0.9849928503543542
Energetyczne;Prog_Energii_99.0%;88;4;0.08261170692454342;0.28742252334245383;0.4770075059097536;4.980114224484798
Energetyczne;Prog_Energii_99.9%;88;7;0.004920242742776456;0.07014444199490402;0.24358415467616013;1.215379119510266
Energetyczne;Prog_Energii_99.99%;88;9;0.0018005379385768506;0.04243274606452958;0.21287107709826714;0.735223947665837
Energetyczne;Prog_Energii_99.0%;89;6;0.13291339881269223;0.36457289917476343;0.9450598234757797;7.665875478998914
Energetyczne;Prog_Energii_99.9%;89;15;0.013813146888778334;0.117529344798558;0.1997303525425247;2.4712898967352572
Energetyczne;Prog_Energii_99.99%;89;17;0.0005966823237158446;0.024427081768312903;0.07757886070495967;0.5136283239239016
Energetyczne;Prog_Energii_99.0%;90;5;0.34890944288540393;0.5906855702363178;1.1903153904043968;9.49193635847453
Energetyczne;Prog_Energii_99.9%;90;11;0.029542044435290325;0.17187799287660513;0.9460131037572665;2.761968553175207
Energetyczne;Prog_Energii_99.99%;90;19;0.0033294731729017857;0.05770158726501192;0.546492257122047;0.9272273129735288
Energetyczne;Prog_Energii_99.0%;91;5;0.2221434173252951;0.47132092816391585;1.1183098914897491;9.022538987955125
Energetyczne;Prog_Energii_99.9%;91;12;0.017419338605537824;0.1319823420217183;0.8949351868460709;2.526549863277957
Energetyczne;Prog_Energii_99.99%;91;23;0.0027066586943687875;0.05202555808800889;0.5412627475716105;0.995929945330023
Energetyczne;Prog_Energii_99.0%;92;4;0.20873780302046102;0.4568783240869072;0.8793316755535923;7.958085634883873
Energetyczne;Prog_Energii_99.9%;92;9;0.03098953765660658;0.17603845505061266;0.381855178168264;3.0663067746215655
Energetyczne;Prog_Energii_99.99%;92;13;0.0007813312920503918;0.027952303877326317;0.08740125773466989;0.48688417948614604
Energetyczne;Prog_Energii_99.0%;93;3;0.29684229610243723;0.5448323559613886;1.1103939285604367;9.025407517808674
Energetyczne;Prog_Energii_99.9%;93;5;0.020776488374666398;0.1441405160760374;0.41257663134691036;2.3877563128899135
Energetyczne;Prog_Energii_99.99%;93;7;0.0024042211825047745;0.04903285819228545;0.2209669823857956;0.8122526536945651
Energetyczne;Prog_Energii_99.0%;94;7;0.2153393341199576;0.46404669390047115;2.049444198077146;9.178955937744462
Energetyczne;Prog_Energii_99.9%;94;28;0.02438351908565827;0.1561522304856971;1.4684792976083978;3.088728918982771
Energetyczne;Prog_Energii_99.99%;94;260;0.0025450042790944403;0.050448035433448155;1.231868511267285;0.9978743528958514
Energetyczne;Prog_Energii_99.0%;95;5;0.23749669560740705;0.4873363269933887;1.4842038137583424;9.190828308508129
Energetyczne;Prog_Energii_99.9%;95;12;0.019403266221620016;0.1392956073306693;0.844867552972091;2.627019452877594
Energetyczne;Prog_Energii_99.99%;95;24;0.0025330659080968917;0.05032957289801784;0.5274431290332311;0.9491811665262976
Energetyczne;Prog_Energii_99.0%;96;3;0.285341618398373;0.5341737717244951;1.0864325692145078;9.610186825835124
Energetyczne;Prog_Energii_99.9%;96;7;0.02703953865306337;0.16443703552747285;0.6607475033269381;2.9583456099011545
Energetyczne;Prog_Energii_99.99%;96;11;0.002731276691611302;0.05226161776687842;0.39554482574030914;0.9402257039664661
Energetyczne;Prog_Energii_99.0%;97;10;0.2783409094301955;0.5275802398026253;1.7189034692083416;9.386708824213164
Energetyczne;Prog_Energii_99.9%;97;31;0.03132948343366981;0.17700136562656743;1.6264929880118348;3.1492086990336396
Energetyczne;Prog_Energii_99.99%;97;306;0.0031463805011557413;0.05609260647496906;1.4565917126852481;0.9979997817368759
Energetyczne;Prog_Energii_99.0%;98;7;0.2621562799978061;0.5120119920449189;1.1076445538227242;9.073992248678579
Energetyczne;Prog_Energii_99.9%;98;12;0.025479015160194168;0.1596214746210364;0.8079146845839764;2.8288478511004485
Energetyczne;Prog_Energii_99.99%;98;38;0.0030951479799410024;0.05563405413899838;0.5583644655734146;0.9859592819371845
Energetyczne;Prog_Energii_99.0%;99;13;0.3202420974214834;0.5658993704020914;1.8382176934688905;9.873563383204267
Energetyczne;Prog_Energii_99.9%;99;29;0.03243478249629271;0.18009659212848173;1.7211521887462347;3.142246149198189
Energetyczne;Prog_Energii_99.99%;99;239;0.0032766996279011943;0.0572424635030778;1.3611361916222;0.9987413331221952
Energetyczne;Prog_Energii_99.0%;100;3;0.008071155109668335;0.08983960768874903;0.39012850663080734;1.5252145127270562
Energetyczne;Prog_Energii_99.9%;100;3;0.008071155109668335;0.08983960768874903;0.39012850663080734;1.5252145127270562
Energetyczne;Prog_Energii_99.99%;100;7;0.0029341728574776974;0.05416800584734219;0.28878473962061424;0.9196147531062394
Energetyczne;Prog_Energii_99.0%;101;9;0.29297311636899376;0.5412699108291479;1.45548244824422;9.443079759160923
Energetyczne;Prog_Energii_99.9%;101;19;0.02848124897982313;0.16876388529487915;0.9650718729371488;2.9442812124253948
Energetyczne;Prog_Energii_99.99%;101;71;0.003249436257002387;0.05700382668735834;0.7830176795665467;0.9944977010850743
Energetyczne;Prog_Energii_99.0%;102;6;0.12041944352160026;0.34701504797573296;1.3156408708886653;6.595023640659216
Energetyczne;Prog_Energii_99.9%;102;15;0.025737819532527236;0.16043010793653179;1.0948454580677796;3.048975428261331
Energetyczne;Prog_Energii_99.99%;102;136;0.002757794950481822;0.052514711752820485;0.9511133416067548;0.9980424984811465
Energetyczne;Prog_Energii_99.0%;103;8;0.2535101722745661;0.5034979367133158;1.260916221011179;8.984024544033835
Energetyczne;Prog_Energii_99.9%;103;17;0.028290724194011033;0.16819846668151;0.812791161609554;3.0012022746300557
Energetyczne;Prog_Energii_99.99%;103;45;0.00309430619972583;0.05562648829223205;0.7064504448155047;0.9925556783371161
Energetyczne;Prog_Energii_99.0%;104;9;0.22978079450331051;0.4793545603238906;0.8916638656786047;8.299197560598902
Energetyczne;Prog_Energii_99.9%;104;11;0.029937529791194153;0.17302465081945448;0.3314260669062641;2.9956234463150597
Energetyczne;Prog_Energii_99.99%;104;15;0.002032546440014468;0.04508377135970845;0.22344464608491155;0.7805477537092355
Energetyczne;Prog_Energii_99.0%;105;4;0.21075642215268245;0.45908215185594226;1.3740164876220087;7.288147393000491
Energetyczne;Prog_Energii_99.9%;105;11;0.028721475414114867;0.16947411428921783;1.178357702556931;2.69048212666219
Energetyczne;Prog_Energii_99.99%;105;83;0.003965277935129599;0.06297045287378518;0.9127588745665838;0.9996858734167258
Energetyczne;Prog_Energii_99.0%;106;2;0.247153042208519;0.4971448905585966;1.1594275096284878;8.864996998513494
Energetyczne;Prog_Energii_99.9%;106;9;0.030001973939276116;0.17321077893501927;1.0665030814120051;3.088663012595409
Energetyczne;Prog_Energii_99.99%;106;67;0.0031074082474438687;0.05574413195524591;0.744644560663362;0.9940191920965725
Energetyczne;Prog_Energii_99.0%;107;5;0.04046084989038942;0.2011488252274654;0.417922810327096;3.5707751133955092
Energetyczne;Prog_Energii_99.9%;107;6;0.01813983359771492;0.13468419951024294;0.6266765375546424;2.3909013002433586
Energetyczne;Prog_Energii_99.99%;107;12;0.0024215478129709033;0.04920922487675358;0.38447512830718544;0.8735575529247599
Energetyczne;Prog_Energii_99.0%;108;5;0.2824068156437762;0.5314196229381977;1.2964521395465516;9.948581559028025
Energetyczne;Prog_Energii_99.9%;108;15;0.02211179630719809;0.14870035745484303;0.9857147555054366;2.783784358238068
Energetyczne;Prog_Energii_99.99%;108;66;0.0027917445260192478;0.05283696174099385;0.7366922918252303;0.9891483124112118
Energetyczne;Prog_Energii_99.0%;109;11;0.28361709500490895;0.5325571283955449;1.8933652416771656;9.316859525401714
Energetyczne;Prog_Energii_99.9%;109;37;0.03234795097472717;0.17985536126211854;1.7558888981415475;3.1464927355642414
Energetyczne;Prog_Energii_99.99%;109;356;0.003257750363476245;0.057076705962031876;1.5810978727258655;0.9985325954100175
Energetyczne;Prog_Energii_99.0%;110;9;0.2126194964479624;0.46110681674419257;0.9841650630162997;8.37351845156089
Energetyczne;Prog_Energii_99.9%;110;14;0.019963320291484697;0.14129161437072157;0.9381964201140933;2.5658001509017243
Energetyczne;Prog_Energii_99.99%;110;26;0.0028061802006573073;0.052973391440017385;0.5850119146155226;0.9619759555860653
Energetyczne;Prog_Energii_99.0%;111;3;0.19377543618995074;0.4401993141634261;0.8612728948264534;8.17273076586567
Energetyczne;Prog_Energii_99.9%;111;7;0.0024272651611447907;0.0492672828674851;0.28761417264194566;0.9146952879899695
Energetyczne;Prog_Energii_99.99%;111;7;0.0024272651611447907;0.0492672828674851;0.28761417264194566;0.9146952879899695
Energetyczne;Prog_Energii_99.0%;112;8;0.23937278779279095;0.48925738399414165;1.137680490411805;8.583164314919399
Energetyczne;Prog_Energii_99.9%;112;18;0.022265291141148055;0.1492155861200433;0.8720603347841065;2.6177262437201634
Energetyczne;Prog_Energii_99.99%;112;84;0.003213365225388303;0.05668655242108399;0.8195664744281377;0.994466327527684
Energetyczne;Prog_Energii_99.0%;113;3;0.27439170771966853;0.5238241190701975;1.4838752515774702;8.254584848009152
Energetyczne;Prog_Energii_99.9%;113;13;0.03732223151847576;0.19318962580448196;1.123281090187132;3.0443427476933898
Energetyczne;Prog_Energii_99.99%;113;95;0.004003994935281482;0.06327712805810233;0.9696403276758732;0.997140840748399
Energetyczne;Prog_Energii_99.0%;114;5;0.2834732824221294;0.532422090471582;1.2276648872960365;9.53374044933907
Energetyczne;Prog_Energii_99.9%;114;15;0.028367398692179857;0.16842624110327897;0.8529868616704981;3.0159005350702506
Energetyczne;Prog_Energii_99.99%;114;92;0.0030791301900574206;0.055489910705077014;0.8287706262338457;0.9936221950344538
Energetyczne;Prog_Energii_99.0%;115;4;0.11610072167083549;0.3407355597392727;0.9436870240936099;6.944152773696954
Energetyczne;Prog_Energii_99.9%;115;18;0.022173793528527743;0.1489086751285087;0.995210275946858;3.0347422212475053
Energetyczne;Prog_Energii_99.99%;115;147;0.002407317977689929;0.04906442680486473;0.9120564522981907;0.9999275559837694
Energetyczne;Prog_Energii_99.0%;116;9;0.22913220706230555;0.47867756064213574;1.3045159148628604;9.439097711635378
Energetyczne;Prog_Energii_99.9%;116;17;0.022651254509918804;0.15050333720525536;1.3076445275435526;2.9677925656299577
Energetyczne;Prog_Energii_99.99%;116;103;0.002558739606287152;0.05058398567024105;0.8479209622109765;0.9974714142540065
Energetyczne;Prog_Energii_99.0%;117;5;0.22358583820685846;0.47284864196363985;0.8971849154993263;8.253884008695357
Energetyczne;Prog_Energii_99.9%;117;9;0.019886546090071067;0.14101966561466195;0.420877166829027;2.461591003190253
Energetyczne;Prog_Energii_99.99%;117;19;0.0032473114267667275;0.05698518602906134;0.37876790958775697;0.9947138977592063
Energetyczne;Prog_Energii_99.0%;118;7;0.2610626580977115;0.5109429108009147;1.043218156114925;8.80705164560728
Energetyczne;Prog_Energii_99.9%;118;11;0.002599436431644251;0.05098466859404159;0.25280175441833475;0.8788156170677451
Energetyczne;Prog_Energii_99.99%;118;11;0.002599436431644251;0.05098466859404159;0.25280175441833475;0.8788156170677451
Energetyczne;Prog_Energii_99.0%;119;6;0.30247878217181917;0.5499807107270392;2.2575038228339706;9.109688107715414
Energetyczne;Prog_Energii_99.9%;119;28;0.035716857348749076;0.18898904028739094;1.8935887167339693;3.130348354433574
Energetyczne;Prog_Energii_99.99%;119;266;0.003632769834547527;0.060272463319060776;1.496762550114453;0.9983319989432629
Energetyczne;Prog_Energii_99.0%;120;7;0.14046823846655765;0.374790926339683;0.8895108759441275;6.9197799905384505
Energetyczne;Prog_Energii_99.9%;120;11;0.02439159668728203;0.1561780928532617;0.7027098258999409;2.883522427933522
Energetyczne;Prog_Energii_99.99%;120;65;0.0028920096804359403;0.05377740864374129;0.6711821254428472;0.9928944649495094
Energetyczne;Prog_Energii_99.0%;121;4;0.17051107401967855;0.4129298657395449;0.8815262998285514;7.8325097535023165
Energetyczne;Prog_Energii_99.9%;121;11;0.024111158026138165;0.1552776803862621;0.8505132870624079;2.9453281223638568
Energetyczne;Prog_Energii_99.99%;121;82;0.002756686229250387;0.0525041543999176;0.7500307965477386;0.9959059287228572
Energetyczne;Prog_Energii_99.0%;122;7;0.30713452908281214;0.5541971933191399;1.0604572823289766;9.666310698101773
Energetyczne;Prog_Energii_99.9%;122;10;0.012962619882746284;0.11385350184665505;0.5828511390883824;1.9858334473428356
Energetyczne;Prog_Energii_99.99%;122;15;0.0030452521646534077;0.055183803463094205;0.47586698219075174;0.9625162238417828
Energetyczne;Prog_Energii_99.0%;123;5;0.22667295569839907;0.4761018333281222;0.9022915267081508;9.175232859582797
Energetyczne;Prog_Energii_99.9%;123;14;0.0038356245551236356;0.06193241925779774;0.5243848240016105;1.1935353499384211
Energetyczne;Prog_Energii_99.99%;123;19;0.0026248611738199363;0.051233399007092395;0.49021657316919054;0.9873483636724834
Energetyczne;Prog_Energii_99.0%;124;5;0.2800756305725489;0.5292217215615294;1.1801226015334345;9.87661049291802
Energetyczne;Prog_Energii_99.9%;124;17;0.0270949412803173;0.1646054108476307;1.107680015924621;3.0719516258173387
Energetyczne;Prog_Energii_99.99%;124;55;0.002860320502888495;0.053481964276646525;0.7564419841557966;0.998108180439039
Energetyczne;Prog_Energii_99.0%;125;5;0.2982570585828526;0.5461291592497627;1.0080676400211055;8.84403562311821
Energetyczne;Prog_Energii_99.9%;125;7;0.02472309405691869;0.15723579127195783;0.7769277989225007;2.546282167296634
Energetyczne;Prog_Energii_99.99%;125;34;0.0037529463658562486;0.06126129582253585;0.5951247354158857;0.992067670067601
Energetyczne;Prog_Energii_99.0%;126;5;0.16872241797366574;0.41075834498359953;0.9633375517908429;7.303377310707389
Energetyczne;Prog_Energii_99.9%;126;10;0.028691621750580567;0.16938601403475012;0.7490073821270729;3.0117220666617284
Energetyczne;Prog_Energii_99.99%;126;72;0.0030900500402286915;0.0555882185380022;0.7354669588395364;0.9883712381529313
Energetyczne;Prog_Energii_99.0%;127;4;0.21482426887531764;0.4634913902925465;0.8936431188544915;8.75150451402886
Energetyczne;Prog_Energii_99.9%;127;10;0.005945347873024303;0.07710608194574733;0.42856336544733775;1.4558937627328314
Energetyczne;Prog_Energii_99.99%;127;13;0.002743618060661369;0.052379557660039176;0.3759561854349487;0.9890149955435739
Energetyczne;Prog_Energii_99.0%;128;8;0.2899525716477732;0.5384724427932902;1.0481123286481582;9.501158304774034
Energetyczne;Prog_Energii_99.9%;128;19;0.026122148206204353;0.16162347665547958;1.0066126351089109;2.8517898325600197
Energetyczne;Prog_Energii_99.99%;128;110;0.003191282834588772;0.05649144036567639;0.9123212471896673;0.9967717474913302
Energetyczne;Prog_Energii_99.0%;129;7;0.23497879950515166;0.48474611860761885;1.1275983088327726;8.816834825894942
Energetyczne;Prog_Energii_99.9%;129;15;0.02186133504402559;0.14785579137803698;0.28044489119405647;2.689284226507356
Energetyczne;Prog_Energii_99.99%;129;20;0.0026813379869200615;0.05178163754575613;0.25564021081973554;0.9418335242511751
Energetyczne;Prog_Energii_99.0%;130;6;0.19850622589373348;0.44554037515553346;1.1200347043704628;7.808638264340795
Energetyczne;Prog_Energii_99.9%;130;12;0.003237335317553763;0.056897586219045906;0.3543985541237058;0.9971995663548415
Energetyczne;Prog_Energii_99.99%;130;13;0.003237335317553763;0.056897586219045906;0.3543985541237058;0.9971995663548415
Energetyczne;Prog_Energii_99.0%;131;6;0.25634665278278146;0.5063068760966826;1.2239350673953417;8.57414285094446
Energetyczne;Prog_Energii_99.9%;131;13;0.01136572979432417;0.10661017678591557;0.29547030015799614;1.8054087911544214
Energetyczne;Prog_Energii_99.99%;131;17;0.002299536454045766;0.047953482188948134;0.19979993000954632;0.8120766789857868
Energetyczne;Prog_Energii_99.0%;132;5;0.0064779626089473625;0.08048579134820855;0.3459659206410146;1.6236394363723687
Energetyczne;Prog_Energii_99.9%;132;5;0.0064779626089473625;0.08048579134820855;0.3459659206410146;1.6236394363723687
Energetyczne;Prog_Energii_99.99%;132;12;0.0021438310614970268;0.04630152331724116;0.28010198802547137;0.9340403810747996
Energetyczne;Prog_Energii_99.0%;133;7;0.27866010767231675;0.527882664682519;1.4066302727099567;9.31361246060933
Energetyczne;Prog_Energii_99.9%;133;21;0.02959161837394031;0.1720221450102873;1.3044409763380589;3.035044907625686
Energetyczne;Prog_Energii_99.99%;133;104;0.0031617708818302837;0.05622962637107136;0.9448155301695014;0.9920783232008257
Energetyczne;Prog_Energii_99.0%;134;6;0.19533171295548543;0.44196347468482666;1.6824842298065459;8.44300314257827
Energetyczne;Prog_Energii_99.9%;134;21;0.025640054607334206;0.1601251217246507;1.252456489319429;3.0589335620800977
Energetyczne;Prog_Energii_99.99%;134;175;0.002737538725987038;0.0523214939196793;1.0670474595588377;0.9995182020488541
Energetyczne;Prog_Energii_99.0%;135;5;0.24180824519271582;0.491740017888229;1.1445859941272518;9.068964453359744
Energetyczne;Prog_Energii_99.9%;135;10;0.021478229429649998;0.14655452715508313;0.7334537292403915;2.702846522347697
Energetyczne;Prog_Energii_99.99%;135;21;0.002749262016327737;0.05243340553814655;0.47560989077864324;0.9670083249196335
Energetyczne;Prog_Energii_99.0%;136;7;0.30227866607489307;0.5497987505214004;1.9943993811884422;9.065639319743287
Energetyczne;Prog_Energii_99.9%;136;19;0.03518623000656705;0.187579929647516;1.3576382959114328;3.093008094679199
Energetyczne;Prog_Energii_99.99%;136;175;0.0036620241874282373;0.06051466092963124;1.2246492299913427;0.9978270940491051
Energetyczne;Prog_Energii_99.0%;137;1;0.33005269935352344;0.5745021317223492;1.4106679070006898;9.249957654728547
Energetyczne;Prog_Energii_99.9%;137;8;0.01617057596603553;0.12716357955812477;0.39822045172205733;2.047438401333612
Energetyczne;Prog_Energii_99.99%;137;11;0.0025140861703956403;0.05014066384079533;0.27235629218738033;0.8073059988774504
Energetyczne;Prog_Energii_99.0%;138;8;0.11773779255533723;0.3431294107990996;0.5183906256150417;6.095959084975753
Energetyczne;Prog_Energii_99.9%;138;11;0.0006756862887357757;0.02599396639098727;0.04751470972896943;0.46180289590060714
Energetyczne;Prog_Energii_99.99%;138;11;0.0006756862887357757;0.02599396639098727;0.04751470972896943;0.46180289590060714
Energetyczne;Prog_Energii_99.0%;139;4;0.08553526185658542;0.29246412063120736;0.5091860681706182;5.317647665656571
Energetyczne;Prog_Energii_99.9%;139;5;0.010325999084266622;0.10161692321787066;0.35906967365664855;1.8476214907130508
Energetyczne;Prog_Energii_99.99%;139;7;0.002645919631130511;0.05143850339123905;0.23700960087684564;0.9352663051212672
Energetyczne;Prog_Energii_99.0%;140;7;0.3617262099375904;0.6014367879815721;2.6452720064531796;9.491390538970581
Energetyczne;Prog_Energii_99.9%;140;16;0.035317590185660566;0.18792974800616472;1.5107387710188176;2.9657557832519714
Energetyczne;Prog_Energii_99.99%;140;115;0.00398038394079311;0.06309028404432104;1.0935631321198978;0.995640002482826
Energetyczne;Prog_Energii_99.0%;141;5;0.27392117767208796;0.5233747965579618;1.1325249490922848;9.837438574124272
Energetyczne;Prog_Energii_99.9%;141;12;0.005052900808385957;0.07108375910421422;0.47572467781059125;1.3361020026269286
Energetyczne;Prog_Energii_99.99%;141;17;0.0025965711394288064;0.05095656129909873;0.4278456769351502;0.9577878893390058
Energetyczne;Prog_Energii_99.0%;142;2;0.09058070652077008;0.300966288013741;0.9230067570925993;5.136795767691192
Energetyczne;Prog_Energii_99.9%;142;6;0.019936670897830935;0.14119727652412753;0.709204404059312;2.4099096853849185
Energetyczne;Prog_Energii_99.99%;142;31;0.0034099180987321774;0.05839450401135519;0.5461246929194745;0.9966586059906503
Energetyczne;Prog_Energii_99.0%;143;5;0.2649232785266355;0.5147069831725964;1.5700386438951863;9.337655976031547
Energetyczne;Prog_Energii_99.9%;143;15;0.022011718323130286;0.14836346694227082;0.2973457444608316;2.6915644415372144
Energetyczne;Prog_Energii_99.99%;143;17;0.0019613222744240114;0.0442868182919479;0.19974003005758245;0.8034378529979261
Energetyczne;Prog_Energii_99.0%;144;5;0.2276558752773808;0.4771329744184327;1.5567489900827471;8.54613505992905
Energetyczne;Prog_Energii_99.9%;144;28;0.030361138788583316;0.17424447993719433;1.4659264526144895;3.120968239106537
Energetyczne;Prog_Energii_99.99%;144;271;0.0031145082648592506;0.055807779608753924;1.3689005139204253;0.9995972768650049
Energetyczne;Prog_Energii_99.0%;145;6;0.221378384546395;0.4705086444969901;1.7092756036487406;8.686917895101109
Energetyczne;Prog_Energii_99.9%;145;25;0.028606580579194338;0.16913480002410602;1.475262141911469;3.1227059017895544
Energetyczne;Prog_Energii_99.99%;145;224;0.002920737152777865;0.054043844726091285;1.2346386297107834;0.9978019476625183
Energetyczne;Prog_Energii_99.0%;146;8;0.227261858590872;0.4767198953168118;1.0175330552559867;8.760189699431036
Energetyczne;Prog_Energii_99.9%;146;13;0.004861114151397238;0.06972169068085798;0.17147090545244037;1.2812035799837314
Energetyczne;Prog_Energii_99.99%;146;15;0.001104211294198494;0.033229674903593236;0.1528209773751974;0.6106274537009736
Energetyczne;Prog_Energii_99.0%;147;5;0.2841994901101686;0.5331036391830097;1.3016134200252791;8.987092469605383
Energetyczne;Prog_Energii_99.9%;147;11;0.03482532891300674;0.18661545732603915;0.6523377863515458;3.1459743434073006
Energetyczne;Prog_Energii_99.99%;147;22;0.0030266571794929525;0.055015063205389056;0.5370206225591962;0.9274471676946936
Energetyczne;Prog_Energii_99.0%;148;6;0.22711055103011923;0.476561172390407;0.941998748631752;8.677563445841962
Energetyczne;Prog_Energii_99.9%;148;11;0.005009147641488256;0.07077533215385326;0.21572584420862295;1.2887273885218502
Energetyczne;Prog_Energii_99.99%;148;12;0.0018249533579639873;0.04271947281935941;0.18346822481000924;0.7778664256332407
Energetyczne;Prog_Energii_99.0%;149;11;0.2875785610660485;0.5362635183061109;2.7016552284517195;9.311289394445554
Energetyczne;Prog_Energii_99.9%;149;75;0.03277058754443139;0.18102648299194068;2.438993308367392;3.1432120844634164
Energetyczne;Prog_Energii_99.99%;149;723;0.0033168459542583305;0.05759206502859861;2.1004657020904265;0.9999866968368005
Energetyczne;Prog_Energii_99.0%;150;3;0.16580006491953458;0.40718554114744127;0.8324656703991762;7.9180471437252455
Energetyczne;Prog_Energii_99.9%;150;8;0.02143725713999283;0.14641467528903251;0.7396204507309085;2.8471499705142915
Energetyczne;Prog_Energii_99.99%;150;35;0.0026431637408070186;0.051411708207440635;0.5039435748984658;0.9997416120887208
Energetyczne;Prog_Energii_99.0%;151;1;0.26942552867258035;0.5190621626285048;1.1802962927321303;8.139323293837505
Energetyczne;Prog_Energii_99.9%;151;7;0.03631461547491764;0.1905639406470113;0.6200997336743823;2.9881999358596834
Energetyczne;Prog_Energii_99.99%;151;10;0.003046195164755098;0.05519234697632542;0.46376513173075207;0.8654615722924159
Energetyczne;Prog_Energii_99.0%;152;4;0.18728270511976639;0.43276171863944524;0.9329384228437752;6.8342939582099245
Energetyczne;Prog_Energii_99.9%;152;9;0.034707718562768004;0.18630007665797674;0.9086232333954536;2.9421028558638413
Energetyczne;Prog_Energii_99.99%;152;51;0.003993734827661949;0.06319600325702528;0.7226109480943688;0.9980089380371914
Energetyczne;Prog_Energii_99.0%;153;5;0.2760130261685658;0.5253694187603289;1.6820738694514423;9.98299981313096
Energetyczne;Prog_Energii_99.9%;153;9;0.018390733121254745;0.1356124371923709;0.9264723957382213;2.576889493005071
Energetyczne;Prog_Energii_99.99%;153;32;0.002583031937833873;0.050823537242441846;0.5611190263047448;0.9657420943745714
Energetyczne;Prog_Energii_99.0%;154;5;0.3723126564257928;0.6101742836483629;1.3263572827915393;9.891940597154143
Energetyczne;Prog_Energii_99.9%;154;13;0.035426702273631094;0.18821982433747805;0.6018439903044168;3.0513565901543154
Energetyczne;Prog_Energii_99.99%;154;25;0.00368691698397021;0.06071998833967453;0.5516285804203251;0.9843720619043564
Energetyczne;Prog_Energii_99.0%;155;4;0.12419233374978335;0.35240932699033856;0.7627282093249028;6.454422803870104
Energetyczne;Prog_Energii_99.9%;155;9;0.006815593752725089;0.08255660938244187;0.4141789140076737;1.5120350722806997
Energetyczne;Prog_Energii_99.99%;155;12;0.0018997251060307576;0.0435858360712601;0.3085025578112246;0.7982802744372252
Energetyczne;Prog_Energii_99.0%;156;4;0.2790482622371863;0.528250189055514;1.1728669812799941;8.86121757004847
Energetyczne;Prog_Energii_99.9%;156;11;0.029621346538066053;0.17210853127624456;0.4644802381281954;2.8870621779181653
Energetyczne;Prog_Energii_99.99%;156;23;0.00340535541450184;0.05835542317987112;0.5392442408287055;0.9788924110252339
Energetyczne;Prog_Energii_99.0%;157;7;0.24419381485032973;0.4941597058141525;1.4893452642660465;9.333953359785989
Energetyczne;Prog_Energii_99.9%;157;13;0.017548260444030864;0.13246984730130423;1.0021679602100324;2.502161470756108
Energetyczne;Prog_Energii_99.99%;157;32;0.0026009136840883765;0.05099915375855149;0.6118984065474677;0.9632993483080563
Energetyczne;Prog_Energii_99.0%;158;10;0.25772854446248555;0.5076697198597584;1.4341813800854215;8.943966273445962
Energetyczne;Prog_Energii_99.9%;158;19;0.030890016039250894;0.17575555763403583;1.077429842452787;3.0964064200712023
Energetyczne;Prog_Energii_99.99%;158;45;0.0032084642679312777;0.056643307353395934;0.7650376606394671;0.9979240651287167
Energetyczne;Prog_Energii_99.0%;159;6;0.13500191578312257;0.36742606845884324;0.7549053376567532;5.441239275235816
Energetyczne;Prog_Energii_99.9%;159;11;0.019750353722553682;0.14053595170828595;0.6712619257514385;2.081207093511998
Energetyczne;Prog_Energii_99.99%;159;23;0.004466267682939364;0.06683014052760448;0.5730999172036864;0.9896923942647878
Energetyczne;Prog_Energii_99.0%;160;5;0.3047917128434447;0.5520794443225039;1.2517579529921212;9.22266621152112
Energetyczne;Prog_Energii_99.9%;160;13;0.032932358719032814;0.18147274924636153;0.38134910027485347;3.0315611457697615
Energetyczne;Prog_Energii_99.99%;160;19;0.0022190692823324944;0.04710699823096876;0.17295168846482856;0.7869376869194759
Energetyczne;Prog_Energii_99.0%;161;4;0.13437997530350718;0.3665787436602226;0.8135928052161532;7.0184677742029145
Energetyczne;Prog_Energii_99.9%;161;12;0.011574275271225284;0.10758380580377924;0.26702341247149697;2.0597852088221393
Energetyczne;Prog_Energii_99.99%;161;15;0.002045153849754847;0.045223377248441395;0.28391190784458953;0.865840754130033
Energetyczne;Prog_Energii_99.0%;162;5;0.3815106885065008;0.6176655150698481;1.7210044798036535;9.455378812057932
Energetyczne;Prog_Energii_99.9%;162;20;0.03501128659072931;0.18711303158981019;1.378436541303369;2.8643732751603377
Energetyczne;Prog_Energii_99.99%;162;115;0.004257866859181434;0.06525233221258406;1.099119485672162;0.9988990875918681
Energetyczne;Prog_Energii_99.0%;163;9;0.21604574366606802;0.4648072112887966;1.2518756034251246;8.723662674566565
Energetyczne;Prog_Energii_99.9%;163;19;0.02524991781222719;0.15890222720977573;1.074802945606744;2.982332017981814
Energetyczne;Prog_Energii_99.99%;163;103;0.0028171907406438273;0.05307721489155047;0.8636110678867484;0.9961715463396211
Energetyczne;Prog_Energii_99.0%;164;1;0.1255372455607831;0.3543123559245191;0.6265103463940296;6.361538896480487
Energetyczne;Prog_Energii_99.9%;164;5;0.02193499030636325;0.14810465997517852;0.24465221368676193;2.6591608771973814
Energetyczne;Prog_Energii_99.99%;164;7;0.0006698586616676446;0.02588162787901187;0.09317089942695844;0.4646944417926067
Energetyczne;Prog_Energii_99.0%;165;6;0.018126942683092305;0.13463633492891994;0.5910199103707088;2.524913656197047
Energetyczne;Prog_Energii_99.9%;165;7;0.018126942683092305;0.13463633492891994;0.5910199103707088;2.524913656197047
Energetyczne;Prog_Energii_99.99%;165;12;0.0023495673239164335;0.04847233565567512;0.33280839964406184;0.9090299606669705
Energetyczne;Prog_Energii_99.0%;166;3;0.2504520780079262;0.5004518738179788;0.9175695065849085;8.677424554083775
Energetyczne;Prog_Energii_99.9%;166;7;0.029029538369288208;0.17038056922456918;0.3722173685017198;2.954259165119611
Energetyczne;Prog_Energii_99.99%;166;13;0.0019160297252454523;0.04377247680044451;0.18283321236057937;0.7589788046620239
Energetyczne;Prog_Energii_99.0%;167;6;0.2002492743307121;0.44749220588822786;2.1481210890364903;8.067015548976705
Energetyczne;Prog_Energii_99.9%;167;23;0.029722372866617434;0.17240177744622423;1.5444296954459604;3.1079151793702766
Energetyczne;Prog_Energii_99.99%;167;207;0.0030689011552232364;0.05539766380654726;1.2286005116501597;0.9986627910476357
Energetyczne;Prog_Energii_99.0%;168;5;0.38226099814248204;0.618272592100347;1.542257706264719;9.921176634156872
Energetyczne;Prog_Energii_99.9%;168;26;0.03724790271963771;0.19299715728382558;1.6093646583445098;3.0969493258601695
Energetyczne;Prog_Energii_99.99%;168;241;0.0038811216689818794;0.06229864901409885;1.4553600134833609;0.99968186983437
Energetyczne;Prog_Energii_99.0%;169;11;0.26901881920807347;0.5186702412979498;1.3405545149172822;9.323231074337407
Energetyczne;Prog_Energii_99.9%;169;20;0.014980023117181595;0.12239290468479615;0.829732879624637;2.2000439612270046
Energetyczne;Prog_Energii_99.99%;169;52;0.0029905914163313022;0.054686300079007925;0.6880752775501273;0.9830003182007548
Energetyczne;Prog_Energii_99.0%;170;5;0.19015297721226238;0.4360653359443541;0.7745713726795431;7.908896512974279
Energetyczne;Prog_Energii_99.9%;170;7;0.01749124551957482;0.13225447258816928;0.2972653399488454;2.3986931564110887
Energetyczne;Prog_Energii_99.99%;170;9;0.0006551184062992149;0.02559528093807948;0.11456594373208429;0.4642204079840133
Energetyczne;Prog_Energii_99.0%;171;4;0.22593330922508453;0.4753244252351067;1.6730617328926725;8.348044614837443
Energetyczne;Prog_Energii_99.9%;171;11;0.0311117040570559;0.17638510157339224;1.0108429130436072;3.097822495864784
Energetyczne;Prog_Energii_99.99%;171;89;0.003223174605128244;0.056773009477464234;0.8418833595716881;0.9970950173705816
Energetyczne;Prog_Energii_99.0%;172;6;0.22914346930350912;0.4786893244093805;1.0628528045352148;8.442808467975315
Energetyczne;Prog_Energii_99.9%;172;13;0.029124667552040125;0.17065950765205004;1.0010015412650626;3.0099805090138148
Energetyczne;Prog_Energii_99.99%;172;32;0.0029521230984372545;0.05433344364603862;0.637445805686391;0.9582976572018265
Energetyczne;Prog_Energii_99.0%;173;4;0.14315467849330057;0.37835787092817375;0.86611455342375;6.769426010076645
Energetyczne;Prog_Energii_99.9%;173;9;0.01814770372243404;0.13471341329813466;0.25718049078067207;2.41023790954706
Energetyczne;Prog_Energii_99.99%;173;13;0.0008838814863714523;0.029730144405492757;0.07756034353134655;0.5319197201532069
Energetyczne;Prog_Energii_99.0%;174;6;0.2399927110841405;0.48989050928155414;1.2277862506291335;8.070475561110682
Energetyczne;Prog_Energii_99.9%;174;19;0.034722552476781667;0.1863398842888491;1.3744489644032676;3.0697705991871787
Energetyczne;Prog_Energii_99.99%;174;143;0.003660676032565975;0.06050352082784914;1.1282817137696322;0.9967373871325031
Energetyczne;Prog_Energii_99.0%;175;4;0.20020434972257609;0.44744200710547516;1.1606356889678269;8.120642967012719
Energetyczne;Prog_Energii_99.9%;175;8;0.024548275744852244;0.15667889374402744;0.8951449391445507;2.8435715385610707
Energetyczne;Prog_Energii_99.99%;175;62;0.0029954773357269374;0.05473095409114423;0.6821379034683783;0.9933142851144425
Energetyczne;Prog_Energii_99.0%;176;8;0.21677737272011519;0.46559357031655324;1.2066363486341327;8.373347053706471
Energetyczne;Prog_Energii_99.9%;176;15;0.02930089926164942;0.1711750544374075;1.0008915010117194;3.078453460529999
Energetyczne;Prog_Energii_99.99%;176;117;0.003087646947082449;0.055566599203860305;0.9417400770468314;0.9993231208321737
Energetyczne;Prog_Energii_99.0%;177;7;0.2095936198614406;0.457813957696181;1.3353298723990608;8.237622527816818
Energetyczne;Prog_Energii_99.9%;177;17;0.02970261278945678;0.17234445970049858;1.362445324692633;3.101060113845209
Energetyczne;Prog_Energii_99.99%;177;98;0.0030595076721519144;0.05531281652702124;0.9166010983465656;0.9952647704165649
Energetyczne;Prog_Energii_99.0%;178;7;0.23853184088541998;0.48839721629573196;1.1708488230276046;8.803128512029943
Energetyczne;Prog_Energii_99.9%;178;18;0.023853437700927824;0.15444558168147066;1.2323966058163203;2.7838084622373085
Energetyczne;Prog_Energii_99.99%;178;83;0.003054925813727724;0.05527138331657463;0.8312889159978756;0.9962405069869482
Energetyczne;Prog_Energii_99.0%;179;5;0.24579065663816446;0.4957727873110468;1.2991288367597797;8.823160346237021
Energetyczne;Prog_Energii_99.9%;179;14;0.02742959689212895;0.165618830125469;1.015510182645765;2.9474822579085975
Energetyczne;Prog_Energii_99.99%;179;112;0.0031299469654941796;0.055945928944778275;0.9149140378768488;0.9956575157669265
Energetyczne;Prog_Energii_99.0%;180;2;0.10039381338295528;0.31684982780957177;0.945052248465645;5.953090838454683
Energetyczne;Prog_Energii_99.9%;180;11;0.02675771464980972;0.1635778550104192;0.9876537338534037;3.073360767681558
Energetyczne;Prog_Energii_99.99%;180;112;0.002791717443353847;0.052836705455145926;0.8688014421979853;0.9927154114415325
Energetyczne;Prog_Energii_99.0%;181;7;0.2621529012736758;0.5120086925762841;1.9626636477303885;9.480695951563469
Energetyczne;Prog_Energii_99.9%;181;13;0.027229363918228125;0.16501322346475183;1.2766367041556972;3.0554953897069335
Energetyczne;Prog_Energii_99.99%;181;80;0.002855089738651564;0.053433039766155585;0.8037803189722359;0.9894019596459204
Energetyczne;Prog_Energii_99.0%;182;7;0.2429999645839524;0.49295026583211454;1.07566775706505;9.07156299400024
Energetyczne;Prog_Energii_99.9%;182;12;0.012857665738101562;0.11339164756762979;0.4984710186391652;2.0867003127929227
Energetyczne;Prog_Energii_99.99%;182;17;0.0028045717020075585;0.05295820712606837;0.5275166025688707;0.9745683191436952
Energetyczne;Prog_Energii_99.0%;183;7;0.27131019640855414;0.5208744535956377;1.2982571037674937;9.396345735578414
Energetyczne;Prog_Energii_99.9%;183;13;0.021832765518093253;0.14775914698621284;0.5539232067767275;2.665509934481135
Energetyczne;Prog_Energii_99.99%;183;21;0.002669151691167819;0.05166383349276183;0.5282169333892135;0.9319928020509306
Energetyczne;Prog_Energii_99.0%;184;3;0.12713662029511683;0.3565622249974285;0.6437925236918929;6.506225616426761
Energetyczne;Prog_Energii_99.9%;184;5;0.025727204839813465;0.16039702254036223;0.6309402244302955;2.9267800784511353
Energetyczne;Prog_Energii_99.99%;184;17;0.0028990534045399293;0.053842858435821636;0.43787481091296065;0.9824758773011046
Energetyczne;Prog_Energii_99.0%;185;7;0.2731343796510556;0.5226225977233051;1.2305762864753391;9.084102586292882
Energetyczne;Prog_Energii_99.9%;185;18;0.023928818959778032;0.1546894274337391;1.2109560544511142;2.688775100702716
Energetyczne;Prog_Energii_99.99%;185;51;0.00330397295025904;0.057480196157103015;0.7726737434201079;0.9991071967534966
Energetyczne;Prog_Energii_99.0%;186;4;0.2176950813750008;0.4665780549650838;1.0375984424149678;8.553832255764659
Energetyczne;Prog_Energii_99.9%;186;11;0.023254903572869565;0.1524955854209215;0.7564956673466083;2.795720123469607
Energetyczne;Prog_Energii_99.99%;186;64;0.0029187042491541264;0.054025033541443786;0.6901114307634613;0.9904475137823449
Energetyczne;Prog_Energii_99.0%;187;2;0.08664345430119458;0.2943526019949451;0.8812644092223705;5.129818616716284
Energetyczne;Prog_Energii_99.9%;187;6;0.01122894410127626;0.10596671223207908;0.6526144061002874;1.8467307897949932
Energetyczne;Prog_Energii_99.99%;187;14;0.0030152805459905843;0.0549115702378887;0.461066556094333;0.9569692721258247
Energetyczne;Prog_Energii_99.0%;188;5;0.33072649963985506;0.5750882537835867;2.6380815728172355;8.975537889986354
Energetyczne;Prog_Energii_99.9%;188;35;0.04066696977726009;0.20166053103485593;1.9370335550905406;3.147363426934554
Energetyczne;Prog_Energii_99.99%;188;345;0.004101735097349156;0.06404478977519683;1.7497629814971654;0.9995621254678037
Energetyczne;Prog_Energii_99.0%;189;5;0.3188824100930262;0.5646967417056931;2.903992968672783;9.567847676539557
Energetyczne;Prog_Energii_99.9%;189;37;0.03476230437372804;0.18644651880292118;1.8856255912490352;3.159026358712623
Energetyczne;Prog_Energii_99.99%;189;364;0.0034753546822168745;0.05895213891129714;1.65353912697902;0.9988460064525375
Energetyczne;Prog_Energii_99.0%;190;5;0.14533459418399056;0.3812277458213011;0.6401804201216983;7.2077860193110865
Energetyczne;Prog_Energii_99.9%;190;7;0.011948819463976641;0.10931065576592541;0.33821406732422155;2.066711631111664
Energetyczne;Prog_Energii_99.99%;190;17;0.002618673773185737;0.051172978936014045;0.3176652404819027;0.9675158384573529
Energetyczne;Prog_Energii_99.0%;191;3;0.36035837210594746;0.6002985691353491;1.0607114098035666;9.742900035428208
Energetyczne;Prog_Energii_99.9%;191;8;0.027981555222358987;0.16727688191247167;0.5953257830426351;2.7149189128649724
Energetyczne;Prog_Energii_99.99%;191;14;0.0025634041331059065;0.050630071430977724;0.3668803449756908;0.82173063555543
Energetyczne;Prog_Energii_99.0%;192;10;0.1915727556263571;0.43769025077828394;0.92918622623269;7.748886216669523
Energetyczne;Prog_Energii_99.9%;192;17;0.02598540746753747;0.16119989909282656;0.9342936037041678;2.853889649101814
Energetyczne;Prog_Energii_99.99%;192;75;0.0031471034377087825;0.05609905023891922;0.7684948017439703;0.9931798946666879
Energetyczne;Prog_Energii_99.0%;193;4;0.1910717610653202;0.4371175597769097;0.9195644954800155;7.679954338208884
Energetyczne;Prog_Energii_99.9%;193;7;0.025587566345358494;0.15996114011021081;0.46937201488173663;2.8104436082623527
Energetyczne;Prog_Energii_99.99%;193;11;0.002596369609661843;0.050954583794412873;0.2875888863753078;0.8952485849876417
Energetyczne;Prog_Energii_99.0%;194;5;0.2991260217811405;0.5469241462772881;1.3844619731525318;9.868775675003842
Energetyczne;Prog_Energii_99.9%;194;13;0.029184064847449842;0.17083344182990004;0.602197135857466;3.082542481774701
Energetyczne;Prog_Energii_99.99%;194;43;0.003048672294497671;0.05521478329666495;0.612133260200924;0.9963032607129992
Energetyczne;Prog_Energii_99.0%;195;4;0.2023594025628466;0.4498437534998642;1.184203402435477;8.569972519902276
Energetyczne;Prog_Energii_99.9%;195;11;0.008055214283522918;0.08975084558667355;0.4344777369975832;1.7098431940680867
Energetyczne;Prog_Energii_99.99%;195;13;0.0017129402467598864;0.041387682307177896;0.35007825354665467;0.7884766594520854
Energetyczne;Prog_Energii_99.0%;196;3;0.22852444273065775;0.4780423022397262;1.008755846682151;8.598350085248956
Energetyczne;Prog_Energii_99.9%;196;12;0.0170124982387894;0.130431967856003;0.44892852996500476;2.3460261083159297
Energetyczne;Prog_Energii_99.99%;196;27;0.0030009086330744974;0.054780549769735766;0.41485380578726083;0.9853151961149794
Energetyczne;Prog_Energii_99.0%;197;6;0.2277310659455352;0.47721176216176314;1.7630035724482527;9.292692674949228
Energetyczne;Prog_Energii_99.9%;197;37;0.026167185662470574;0.16176274497692777;1.5353416143802008;3.1499883165436837
Energetyczne;Prog_Energii_99.99%;197;356;0.002629559267300817;0.05127922841951522;1.417287468924946;0.998554830569218
Energetyczne;Prog_Energii_99.0%;198;5;0.3230568674732467;0.5683809175836629;1.4157661531008299;9.913484719788203
Energetyczne;Prog_Energii_99.9%;198;17;0.030220200695630018;0.17383958322439116;1.1259867768384377;3.032044177900609
Energetyczne;Prog_Energii_99.99%;198;158;0.0032615400567623026;0.057109894560945416;1.0972870759210327;0.9960891535302326
Energetyczne;Prog_Energii_99.0%;199;6;0.2245103153610456;0.47382519494117825;0.9868076114431723;8.308463082585096
Energetyczne;Prog_Energii_99.9%;199;11;0.03120443476005355;0.1766477703229043;0.694659432930286;3.0974956461127428
Energetyczne;Prog_Energii_99.99%;199;27;0.0030743803487256046;0.05544709504316348;0.6055548619186064;0.9722575901855551
Energetyczne;Prog_Energii_99.0%;200;3;0.32290722291192303;0.5682492612506619;1.2103965297133437;9.800623730582444
Energetyczne;Prog_Energii_99.9%;200;12;0.025615393144633965;0.1600480963480477;0.9480440342032477;2.7603576072425464
Energetyczne;Prog_Energii_99.99%;200;79;0.0033353234118611384;0.05775225893297282;0.8030360843913229;0.9960561288676484
Energetyczne;Prog_Energii_99.0%;201;4;0.156750913628345;0.395917811708876;0.88700109072815;7.389212447436357
Energetyczne;Prog_Energii_99.9%;201;9;0.022920303137835288;0.1513945280974028;0.5692182521276647;2.8255519160973437
Energetyczne;Prog_Energii_99.99%;201;19;0.0026564561841890314;0.05154082056185205;0.40895686492219063;0.9619321525417057
Energetyczne;Prog_Energii_99.0%;202;4;0.2070496814184044;0.4550271216294743;0.9777244834774779;7.95944225637011
Energetyczne;Prog_Energii_99.9%;202;11;0.027589204002016275;0.1660999819446597;0.7254287170311544;2.905460251112645
Energetyczne;Prog_Energii_99.99%;202;19;0.003203815212011844;0.056602254478172895;0.41590750549969613;0.9901000504893885
Energetyczne;Prog_Energii_99.0%;203;6;0.22787783501563977;0.47736551510937586;1.5149325636675544;8.530449167616922
Energetyczne;Prog_Energii_99.9%;203;14;0.02436812144255851;0.15610291939152998;0.5271243955972817;2.789535432782447
Energetyczne;Prog_Energii_99.99%;203;24;0.0028209072837530806;0.05311221407315911;0.4929992550060094;0.9491071893344925
Energetyczne;Prog_Energii_99.0%;204;1;0.22444962169255658;0.4737611441354774;1.0129755584147642;8.193827350253557
Energetyczne;Prog_Energii_99.9%;204;5;0.03269991765461939;0.18083118551461025;0.7716846023470465;3.127524348481984
Energetyczne;Prog_Energii_99.99%;204;21;0.0032617166874917515;0.05711144095093164;0.44270505577556385;0.9877578452113746
Energetyczne;Prog_Energii_99.0%;205;5;0.3379481364026428;0.5813330683890628;1.2888609474397263;9.951867111018549
Energetyczne;Prog_Energii_99.9%;205;14;0.02332203596185722;0.1527155393594811;0.3534229527310009;2.6143442307602123
Energetyczne;Prog_Energii_99.99%;205;19;0.002400317491198614;0.048993035129481555;0.3799375726153187;0.8387139859860017
Energetyczne;Prog_Energii_99.0%;206;10;0.16906343011234112;0.41117323613331297;2.1479752906691063;8.059388022147331
Energetyczne;Prog_Energii_99.9%;206;19;0.025495668873808764;0.15967363236868123;1.3462496370942842;3.129755653034939
Energetyczne;Prog_Energii_99.99%;206;99;0.0025899783213499555;0.050891829612914836;0.8530319997807112;0.997528452641079
Energetyczne;Prog_Energii_99.0%;207;5;0.2898059185084845;0.5383362504127736;1.3705270508045508;9.605694368400666
Energetyczne;Prog_Energii_99.9%;207;14;0.021528085732970277;0.14672452328418137;0.37012982195919;2.6180494550320024
Energetyczne;Prog_Energii_99.99%;207;20;0.0023747660058716894;0.04873157093580802;0.32504292159301773;0.8695319628624097
Energetyczne;Prog_Energii_99.0%;208;5;0.22730749422364638;0.4767677571141387;0.9817464382845529;8.551838326158773
Energetyczne;Prog_Energii_99.9%;208;11;0.020517968250589873;0.14324094474203203;0.41322692087777835;2.569329370204958
Energetyczne;Prog_Energii_99.99%;208;13;0.002343555111672107;0.04841027898775328;0.22361926130382148;0.8683407656034003
Energetyczne;Prog_Energii_99.0%;209;4;0.3026809622884205;0.5501644865750792;1.2056044120243232;8.508397890249208
Energetyczne;Prog_Energii_99.9%;209;14;0.019533165321837454;0.13976110088947302;1.0978650080458925;2.161431871674655
Energetyczne;Prog_Energii_99.99%;209;84;0.004108453512520242;0.06409721922611185;0.9395876184685035;0.9912756241852897
Energetyczne;Prog_Energii_99.0%;210;3;0.3010910648184198;0.5487176549177362;1.0792273028829902;9.684306753519573
Energetyczne;Prog_Energii_99.9%;210;14;0.03009902529923844;0.17349070666533825;1.0513017316377882;3.0619339603423272
Energetyczne;Prog_Energii_99.99%;210;108;0.0031847917699728114;0.0564339593682103;0.9170296676887775;0.9960018033670579
Energetyczne;Prog_Energii_99.0%;211;7;0.12375792929433192;0.3517924520144398;1.049019367854938;6.686089509546002
Energetyczne;Prog_Energii_99.9%;211;11;0.023538218501060335;0.15342170153228107;0.8113825816464617;2.9158989150499943
Energetyczne;Prog_Energii_99.99%;211;71;0.0027383933019440557;0.0523296598684155;0.6954174523749517;0.9945659376169957
Energetyczne;Prog_Energii_99.0%;212;3;0.27060925807208397;0.5202011707715429;1.0655346775966628;8.99002080476492
Energetyczne;Prog_Energii_99.9%;212;12;0.00948621117607627;0.09739718258797977;0.5663224040453834;1.683200167528967
Energetyczne;Prog_Energii_99.99%;212;18;0.002736353661475277;0.05231016785936819;0.44407586523297926;0.9040146846632029
Energetyczne;Prog_Energii_99.0%;213;5;0.28197300160120214;0.5310113008224986;1.215880190063185;9.658466619195123
Energetyczne;Prog_Energii_99.9%;213;20;0.027926962106123915;0.16711362034892283;1.0922967338096754;3.0395988206896014
Energetyczne;Prog_Energii_99.99%;213;159;0.003017304274790704;0.054929994309035786;1.0533823097844595;0.9991115360532485
Energetyczne;Prog_Energii_99.0%;214;2;0.20423500793597815;0.4519236749009485;1.3174714316464735;8.795459815388003
Energetyczne;Prog_Energii_99.9%;214;9;0.01526067184228057;0.1235340918219767;0.7692797659244421;2.404253640150171
Energetyczne;Prog_Energii_99.99%;214;42;0.0025468256891839182;0.05046608454381931;0.554899440881246;0.9821844778156914
Energetyczne;Prog_Energii_99.0%;215;4;0.20726607200845928;0.45526483721945765;1.1064819932282495;8.587133468439816
Energetyczne;Prog_Energii_99.9%;215;9;0.013429257874702137;0.1158846748914719;0.674448497466706;2.1857984383716755
Energetyczne;Prog_Energii_99.99%;215;28;0.0026834411171675794;0.051801941249026366;0.4880937002469494;0.9770800357578234
Energetyczne;Prog_Energii_99.0%;216;3;0.28091883255430755;0.5300177662628939;1.4348861317739559;9.378870203578048
Energetyczne;Prog_Energii_99.9%;216;12;0.017877061058434663;0.1337051272705526;0.7820871938173832;2.3659641507213154
Energetyczne;Prog_Energii_99.99%;216;56;0.003108712151599333;0.05575582616731038;0.663778974735389;0.986620996506536
Energetyczne;Prog_Energii_99.0%;217;9;0.23241348466678968;0.4820928174810217;1.3205997285306452;9.545084922981223
Energetyczne;Prog_Energii_99.9%;217;16;0.007856627972424977;0.08863762165370288;0.3942189414901591;1.754960031299324
Energetyczne;Prog_Energii_99.99%;217;20;0.0016489183361301214;0.040606875478545766;0.33779767099048286;0.8039864126681402
Energetyczne;Prog_Energii_99.0%;218;6;0.24560270285538904;0.4955831946862091;0.8774375731953965;8.871566632090472
Energetyczne;Prog_Energii_99.9%;218;11;0.02538049623067337;0.159312573987973;0.39784395002674344;2.8518967766028567
Energetyczne;Prog_Energii_99.99%;218;17;0.0018405280396879015;0.04290137573187953;0.3991559876821391;0.7679889421083099
Energetyczne;Prog_Energii_99.0%;219;11;0.27412967663595506;0.523573945719184;1.608134839066362;9.053793128072165
Energetyczne;Prog_Energii_99.9%;219;23;0.02804353913763999;0.1674620528288125;1.412330808593123;2.8958025805347236
Energetyczne;Prog_Energii_99.99%;219;47;0.003275939977524059;0.057235827743853405;0.8443539517209064;0.9897385997598063
Energetyczne;Prog_Energii_99.0%;220;5;0.18204321430769982;0.42666522509773375;1.358520938364126;7.410269238410794
Energetyczne;Prog_Energii_99.9%;220;7;0.024990707581257193;0.15808449506911545;0.7980785767125584;2.745592098845253
Energetyczne;Prog_Energii_99.99%;220;32;0.0032404936215102986;0.05692533374087761;0.5302178963337507;0.988672206434604
Energetyczne;Prog_Energii_99.0%;221;4;0.14315259582244985;0.3783551186682293;0.7184752002962815;6.793900438477532
Energetyczne;Prog_Energii_99.9%;221;7;0.0005450162812996309;0.023345583764378883;0.062186173317642535;0.419202923252657
Energetyczne;Prog_Energii_99.99%;221;7;0.0005450162812996309;0.023345583764378883;0.062186173317642535;0.419202923252657
Energetyczne;Prog_Energii_99.0%;222;4;0.16639711864465975;0.4079180293204258;0.9147098496544785;7.492992966822457
Energetyczne;Prog_Energii_99.9%;222;8;0.004210005870190092;0.0648845580256974;0.39148494279323476;1.191855966140768
Energetyczne;Prog_Energii_99.99%;222;11;0.002344423224840282;0.0484192443646148;0.33675882631967546;0.889406771471549
Energetyczne;Prog_Energii_99.0%;223;8;0.24237948792453998;0.49232051341025795;2.3415558692165632;8.868056119166678
Energetyczne;Prog_Energii_99.9%;223;66;0.03025352313092336;0.17393539930365917;2.1932008361443964;3.133058323022084
Energetyczne;Prog_Energii_99.99%;223;634;0.0030776447871127695;0.05547652464883475;1.9303495964920527;0.9992858726815533
Energetyczne;Prog_Energii_99.0%;224;3;0.15683217366346225;0.39602042076572547;0.7703478416552718;7.166689798775823
Energetyczne;Prog_Energii_99.9%;224;8;0.011908997726559352;0.10912835436567048;0.562251196819016;1.9748705444972636
Energetyczne;Prog_Energii_99.99%;224;15;0.0028457908467794156;0.05334595436187655;0.4173465069032556;0.9653893761134794
Energetyczne;Prog_Energii_99.0%;225;11;0.28354523148725846;0.5324896538781373;1.0833266803343946;9.401087902286303
Energetyczne;Prog_Energii_99.9%;225;16;0.02309804858209138;0.1519804217065191;0.6280264116917689;2.6832095111776777
Energetyczne;Prog_Energii_99.99%;225;35;0.0030665573107517374;0.05537650504276825;0.5206480024680911;0.9776704351660637
Energetyczne;Prog_Energii_99.0%;226;3;0.18266091431093354;0.4273884817246875;0.9064624659644736;8.225352915909424
Energetyczne;Prog_Energii_99.9%;226;10;0.014962621909555815;0.12232179654319918;0.651226185655621;2.3541578421011637
Energetyczne;Prog_Energii_99.99%;226;39;0.002650105937734059;0.05147917965288549;0.5323122610986086;0.9907483204922966
Energetyczne;Prog_Energii_99.0%;227;7;0.25748531744428227;0.5074301108963503;1.128622960261496;9.742132780798821
Energetyczne;Prog_Energii_99.9%;227;16;0.02363908736750248;0.1537500808699055;0.6970980859637725;2.951842373420236
Energetyczne;Prog_Energii_99.99%;227;68;0.002686962355364092;0.05183591761861742;0.6838943976350071;0.9951959519372546
Energetyczne;Prog_Energii_99.0%;228;5;0.24374566592446645;0.4937060521448633;1.3336234283121842;8.48688332067648
Energetyczne;Prog_Energii_99.9%;228;11;0.031487690300134645;0.17744771145364102;0.9232621869651476;3.0503535779752498
Energetyczne;Prog_Energii_99.99%;228;91;0.0033517536121844506;0.05789433143395345;0.8587671240330375;0.9952125028120293
Energetyczne;Prog_Energii_99.0%;229;6;0.12588305166103284;0.3548000164332477;0.6817627862479316;6.30804248304804
Energetyczne;Prog_Energii_99.9%;229;11;0.01483077900531164;0.12178168583704053;0.5105318506039165;2.165174781105998
Energetyczne;Prog_Energii_99.99%;229;15;0.0028878310368211737;0.05373854330758486;0.34410748598240204;0.9554255875440161
Energetyczne;Prog_Energii_99.0%;230;4;0.21859270510819664;0.46753898779481123;1.1134547273410975;8.12604585129507
Energetyczne;Prog_Energii_99.9%;230;8;0.017436854093952268;0.13204868077323706;0.24230999341574622;2.29506771109594
Energetyczne;Prog_Energii_99.99%;230;9;0.003040002189127819;0.05513621486036033;0.29162689900902183;0.9582931514125953
Energetyczne;Prog_Energii_99.0%;231;7;0.25242870933520745;0.5024228391854887;1.03912814957524;9.402863471204464
Energetyczne;Prog_Energii_99.9%;231;13;0.017634593508327728;0.13279530680083437;0.6275459594097406;2.4852694624496676
Energetyczne;Prog_Energii_99.99%;231;34;0.0027850406466900495;0.05277348431447415;0.5766516671859501;0.9876578634705565
Energetyczne;Prog_Energii_99.0%;232;6;0.09844085002582514;0.3137528486338015;1.0065509778168114;5.947791587625714
Energetyczne;Prog_Energii_99.9%;232;14;0.026441231759893394;0.16260760056003962;0.9622740925172697;3.0825413152625365
Energetyczne;Prog_Energii_99.99%;232;127;0.0027794482915761524;0.05272047317291597;0.913554765706809;0.9994184537253471
Energetyczne;Prog_Energii_99.0%;233;2;0.165651206676196;0.40700271089538953;1.0206698327423993;7.302632665876259
Energetyczne;Prog_Energii_99.9%;233;9;0.025521402008681904;0.1597541924604231;0.8787503672874735;2.8663843093468295
Energetyczne;Prog_Energii_99.99%;233;29;0.003005159558920571;0.054819335630054575;0.5350175238118773;0.9835941146754795
Energetyczne;Prog_Energii_99.0%;234;4;0.2648624146146669;0.5146478549597452;1.3267007563700517;9.094522897319461
Energetyczne;Prog_Energii_99.9%;234;11;0.028766737640892496;0.16960759900692096;0.7446946353691599;2.9971954179202234
Energetyczne;Prog_Energii_99.99%;234;48;0.0031107352457679757;0.05577396566291459;0.6246041796130886;0.9856013250756896
Energetyczne;Prog_Energii_99.0%;235;6;0.06445690919187277;0.25388365286460013;1.1102790398515348;4.585462609982157
Energetyczne;Prog_Energii_99.9%;235;11;0.026811379162706168;0.16374180639869026;0.9458329736296021;2.9573858831019777
Energetyczne;Prog_Energii_99.99%;235;86;0.003023939445366483;0.05499035774903163;0.805013568825923;0.9931960034551959
Energetyczne;Prog_Energii_99.0%;236;4;0.2767291096183692;0.5260504820056429;1.1095874196281628;9.017138122525898
Energetyczne;Prog_Energii_99.9%;236;15;0.033055406414102366;0.1818114584235613;0.5265607202660787;3.1164671242436786
Energetyczne;Prog_Energii_99.99%;236;25;0.003395224508256344;0.05826855505550437;0.4768385103182098;0.9987931331842245
Energetyczne;Prog_Energii_99.0%;237;3;0.23090298863532693;0.48052366084858605;1.2615157110656714;9.556977980867993
Energetyczne;Prog_Energii_99.9%;237;25;0.024342598058608503;0.15602114619053567;1.227525127140046;3.1030535646455526
Energetyczne;Prog_Energii_99.99%;237;237;0.0025196892265921555;0.05019650611937205;1.1590461355054114;0.9983418981953254
Energetyczne;Prog_Energii_99.0%;238;5;0.307893222285174;0.5548812686378718;1.1304488402570385;9.790893502005893
Energetyczne;Prog_Energii_99.9%;238;13;0.027608386172214887;0.16615771475382926;0.6361181805581619;2.9318569244281405
Energetyczne;Prog_Energii_99.99%;238;24;0.0028237043286765532;0.0531385390152623;0.4541706922950768;0.93763081537748
Energetyczne;Prog_Energii_99.0%;239;1;0.1318499995532761;0.363111552492173;0.8618310968411151;7.020278381229068
Energetyczne;Prog_Energii_99.9%;239;10;0.022069966238789887;0.1485596386600004;0.7762437620177485;2.872202805033265
Energetyczne;Prog_Energii_99.99%;239;65;0.002647721094124233;0.05145601125353804;0.6608805451332325;0.994833463458256
Energetyczne;Prog_Energii_99.0%;240;4;0.3038808496876819;0.5512538885918918;1.4134866851233978;8.370863412444145
Energetyczne;Prog_Energii_99.9%;240;13;0.04181945981074947;0.20449806798781614;1.2123302109256695;3.1053302854830944
Energetyczne;Prog_Energii_99.99%;240;92;0.004278280108745254;0.06540856296193377;0.9943237209531564;0.9932377038775848
Energetyczne;Prog_Energii_99.0%;241;7;0.2672406761760893;0.5169532630481108;1.061001156814787;9.147083540170742
Energetyczne;Prog_Energii_99.9%;241;13;0.01750194226774907;0.13229490643161235;0.759677080526246;2.340854865551761
Energetyczne;Prog_Energii_99.99%;241;52;0.003132163316894653;0.05596573341692802;0.6443228651802535;0.9902698668214485
Energetyczne;Prog_Energii_99.0%;242;6;0.13566468040567947;0.36832686625561195;0.8060949632405761;6.46483416569351
Energetyczne;Prog_Energii_99.9%;242;11;0.024201900927026437;0.15556960155193056;0.2937602478945154;2.7305411779500433
Energetyczne;Prog_Energii_99.99%;242;13;0.0009425001648851215;0.03070016555142857;0.09500859469153333;0.5388460558605759
Energetyczne;Prog_Energii_99.0%;243;7;0.28623252609184147;0.5350070336844568;1.1003282588147734;9.57204219177058
Energetyczne;Prog_Energii_99.9%;243;12;0.021475820391930245;0.14654630801193952;0.7136667028768251;2.6219233673959925
Energetyczne;Prog_Energii_99.99%;243;34;0.0030232274481614796;0.05498388353109918;0.5120549653435882;0.9837404368360015
Energetyczne;Prog_Energii_99.0%;244;7;0.24083955195295711;0.4907540646321303;1.3771795227343935;8.493554673355762
Energetyczne;Prog_Energii_99.9%;244;16;0.02657843367510913;0.16302893508549066;0.8797446696710711;2.821566387892378
Energetyczne;Prog_Energii_99.99%;244;29;0.0032726225082175078;0.05720683969786749;0.5765519397904653;0.9900874097251942
Energetyczne;Prog_Energii_99.0%;245;6;0.18875558817050136;0.43446011113852717;1.2731748852636482;7.88492170397123
Energetyczne;Prog_Energii_99.9%;245;14;0.027089372175616917;0.16458849344840884;1.083669070347657;2.9870806339721567
Energetyczne;Prog_Energii_99.99%;245;132;0.003001770667439152;0.054788417274449094;0.9741379893193498;0.9943430234859753
Energetyczne;Prog_Energii_99.0%;246;6;0.11653414441703694;0.3413709777017328;0.8725538298112836;5.783101935271747
Energetyczne;Prog_Energii_99.9%;246;9;0.009349119713488716;0.0966908460687397;0.4176854538826289;1.63802155293869
Energetyczne;Prog_Energii_99.99%;246;11;0.0030926924501338687;0.05561198117432851;0.3065922331804787;0.9421121798893999
Energetyczne;Prog_Energii_99.0%;247;5;0.26092700607444314;0.5108101468005928;1.7263066575288448;8.940579229734762
Energetyczne;Prog_Energii_99.9%;247;23;0.03134454833773863;0.1770439164098519;1.4046900092966252;3.0987543448754815
Energetyczne;Prog_Energii_99.99%;247;195;0.0032622586318150765;0.05711618537520758;1.219461194306426;0.999689970619567
Energetyczne;Prog_Energii_99.0%;248;6;0.173652806550202;0.41671669818979173;1.5558116367135009;8.603889898141622
Energetyczne;Prog_Energii_99.9%;248;40;0.02267476943709919;0.15058143789026318;1.4960377800783737;3.1090333503305083
Energetyczne;Prog_Energii_99.99%;248;388;0.0023424297549483066;0.04839865447456475;1.386110537768669;0.9992800771513586
Energetyczne;Prog_Energii_99.0%;249;9;0.29652264332360856;0.5445389272803264;2.558724247335504;9.485020396442454
Energetyczne;Prog_Energii_99.9%;249;66;0.032388178281693866;0.1799671588976552;2.2976054186841823;3.1347477422037575
Energetyczne;Prog_Energii_99.99%;249;643;0.003293806586967331;0.057391694407530176;2.007675951456471;0.9996739714470058
Energetyczne;Prog_Energii_99.0%;250;2;0.19002132843087352;0.43591435905562176;1.186282373612661;6.556290975178014
Energetyczne;Prog_Energii_99.9%;250;9;0.03968441892823138;0.1992094850358069;1.071244571142575;2.996174183708108
Energetyczne;Prog_Energii_99.99%;250;65;0.0043983143515458675;0.0663197885366492;0.8549312288188817;0.9974707692596712
Energetyczne;Prog_Energii_99.0%;251;6;0.16732763521475832;0.40905700729208677;0.8476123874036086;7.4783036359647115
Energetyczne;Prog_Energii_99.9%;251;10;0.01539612807183516;0.12408113503605275;0.8440467433535854;2.2684280839911484
Energetyczne;Prog_Energii_99.99%;251;20;0.002567801054545265;0.0506734748615611;0.5328463831583301;0.9264029818552619
Energetyczne;Prog_Energii_99.0%;252;6;0.16764698744100293;0.4094471729551969;1.7841543197894394;6.8710614088940964
Energetyczne;Prog_Energii_99.9%;252;27;0.034522687281451366;0.18580281828177786;1.5573830439479552;3.1180153599433527
Energetyczne;Prog_Energii_99.99%;252;259;0.0035454424398715743;0.05954361796088288;1.4341311494689206;0.9992201254292796
Energetyczne;Prog_Energii_99.0%;253;5;0.22128948010535682;0.4704141580621876;1.024845504181604;8.27735707790707
Energetyczne;Prog_Energii_99.9%;253;10;0.009853691712980756;0.0992657630453761;0.4045892693629014;1.746669721256282
Energetyczne;Prog_Energii_99.99%;253;14;0.0017534831675517116;0.04187461244658524;0.2730566171620188;0.736821189964135
Energetyczne;Prog_Energii_99.0%;254;8;0.2421315931857977;0.4920686874673064;1.1619515037702421;8.549514602290314
Energetyczne;Prog_Energii_99.9%;254;17;0.030259905234344346;0.17395374452521667;0.6104888693773427;3.02238308760549
Energetyczne;Prog_Energii_99.99%;254;24;0.002894361695802452;0.053799272260900075;0.2733994914518494;0.934742802177831
Energetyczne;Prog_Energii_99.0%;255;6;0.22652543285413548;0.47594688028616755;1.093447417619089;8.510518456056609
Energetyczne;Prog_Energii_99.9%;255;11;0.011100853607469308;0.10536058849242115;0.7676639469374562;1.8839775404486372
Energetyczne;Prog_Energii_99.99%;255;21;0.0030255224899367185;0.0550047497034276;0.5369773292340234;0.9835529066612096
Energetyczne;Prog_Energii_99.0%;256;4;0.19875062856326195;0.4458145674641666;0.8995626833641523;7.862090752690795
Energetyczne;Prog_Energii_99.9%;256;9;0.011250260054019301;0.10606724307730121;0.37129502367145495;1.8705317228748568
Energetyczne;Prog_Energii_99.99%;256;13;0.00317288068950518;0.056328329369023364;0.3162215734579794;0.9933691488946594
Energetyczne;Prog_Energii_99.0%;257;3;0.2566512056377386;0.5066075459739409;1.173781731937483;9.145755074174648
Energetyczne;Prog_Energii_99.9%;257;9;0.016063943834048564;0.1267436145691315;0.42061664657980735;2.288094729888797
Energetyczne;Prog_Energii_99.99%;257;21;0.0029010318804753433;0.053861227988928576;0.359528568144059;0.9723534580086177
Energetyczne;Prog_Energii_99.0%;258;8;0.2487406721097866;0.4987390821960783;1.146426479992253;8.847963417040987
Energetyczne;Prog_Energii_99.9%;258;19;0.022191012124575325;0.14896647986904746;1.2464432668589818;2.642764546229236
Energetyczne;Prog_Energii_99.99%;258;42;0.0030795781099386653;0.05549394660626207;0.7499281426702229;0.9844995649376311
Energetyczne;Prog_Energii_99.0%;259;4;0.16120625181786868;0.4015049835529675;0.7002864209807278;7.519366483710178
Energetyczne;Prog_Energii_99.9%;259;11;0.027647488055820197;0.16627533808662123;0.5944095019905982;3.1139967260485517
Energetyczne;Prog_Energii_99.99%;259;16;0.002208459293465648;0.04699424745078538;0.26828243706905486;0.880106060158033
Energetyczne;Prog_Energii_99.0%;260;5;0.2482167436270376;0.4982135522314077;1.6372235582649832;8.600849289979582
Energetyczne;Prog_Energii_99.9%;260;22;0.0306407244772899;0.1750449213124731;1.3160847578463777;3.0218667887332638
Energetyczne;Prog_Energii_99.99%;260;206;0.003345717226380065;0.0578421751525655;1.2541191331785662;0.9985513819598892
Energetyczne;Prog_Energii_99.0%;261;8;0.15184103063635535;0.389667846551849;0.8815188118286468;7.3838208338558005
Energetyczne;Prog_Energii_99.9%;261;14;0.01603505572933655;0.1266296005258508;0.4613283757476623;2.3995058633127493
Energetyczne;Prog_Energii_99.99%;261;20;0.002706425864489159;0.052023320390851245;0.5816222651010063;0.9857905401933398
Energetyczne;Prog_Energii_99.0%;262;8;0.23123969508854733;0.4808738868856858;1.2811994345795101;8.059802966310931
Energetyczne;Prog_Energii_99.9%;262;16;0.009029039225984838;0.09502125670598573;0.7324203190512355;1.5926267313482882
Energetyczne;Prog_Energii_99.99%;262;35;0.003484386266223237;0.05902869019572802;0.6317308694934383;0.9893646240975362
Energetyczne;Prog_Energii_99.0%;263;7;0.21686500768597697;0.4656876718209072;1.4645292188472832;9.119094070172416
Energetyczne;Prog_Energii_99.9%;263;15;0.02571211070304707;0.16034996321498507;0.8540986991083859;3.1399723187614934
Energetyczne;Prog_Energii_99.99%;263;46;0.0025203097001730177;0.05020268618483495;0.5928621960375473;0.9830687939510573
Energetyczne;Prog_Energii_99.0%;264;3;0.3056213219878432;0.5528302831682099;0.876478924696003;9.484859833084517
Energetyczne;Prog_Energii_99.9%;264;5;0.012700741183396227;0.1126975651174249;0.3865820811252956;1.9335420674548127
Energetyczne;Prog_Energii_99.99%;264;7;0.003336664307461095;0.05776386679803469;0.27997177768146475;0.9910495077376563
Energetyczne;Prog_Energii_99.0%;265;5;0.29624710480497596;0.5442858668061995;1.0815486709246231;8.70529005689419
Energetyczne;Prog_Energii_99.9%;265;7;0.010297501793887009;0.10147660712640627;0.4080835023312668;1.623013480413232
Energetyczne;Prog_Energii_99.99%;265;17;0.003760201553695708;0.06132048233417369;0.39775823249969466;0.9807577556257022
Energetyczne;Prog_Energii_99.0%;266;5;0.14676087385918546;0.38309381861260233;1.3494877559523664;7.0779729875597805
Energetyczne;Prog_Energii_99.9%;266;16;0.026903614566714293;0.16402321349953577;1.0784711862739869;3.03046360467763
Energetyczne;Prog_Energii_99.99%;266;142;0.0029088532297206976;0.053933785605320694;0.9896420767408323;0.9964709924420131
Energetyczne;Prog_Energii_99.0%;267;5;0.35915911716177873;0.5992988546307917;1.2632294512527489;9.533073358299108
Energetyczne;Prog_Energii_99.9%;267;13;0.027816640966057418;0.1667832154806275;0.38710007241397637;2.653027977317509
Energetyczne;Prog_Energii_99.99%;267;15;0.0032053209398178384;0.05661555386833055;0.16591759413636975;0.9005861167214042
Energetyczne;Prog_Energii_99.0%;268;3;0.2911717862388079;0.53960336010704;1.0004336227187496;9.29018330456863
Energetyczne;Prog_Energii_99.9%;268;7;0.004272493183081053;0.06536431123389165;0.2857653259878008;1.1253570267228685
Energetyczne;Prog_Energii_99.99%;268;8;0.002131074951757923;0.04616356736386307;0.24892724419279944;0.7947837884441941
Energetyczne;Prog_Energii_99.0%;269;5;0.29088295712090484;0.5393356627564182;1.1559501937070928;9.812514043244578
Energetyczne;Prog_Energii_99.9%;269;19;0.02902675220107382;0.17037239271981192;1.1845028252084733;3.0997050845854535
Energetyczne;Prog_Energii_99.99%;269;48;0.002884312059839283;0.05370579167873129;0.7816100298905226;0.9771073404599321
Energetyczne;Prog_Energii_99.0%;270;4;0.18803258184948562;0.4336272383620356;1.5499064092110713;7.9986725758423525
Energetyczne;Prog_Energii_99.9%;270;14;0.02827179313225839;0.16814218129981065;0.9860516908930723;3.1015446803695452
Energetyczne;Prog_Energii_99.99%;270;131;0.002922947100052384;0.054064286733965;0.9561932257836343;0.9972679051826465
Energetyczne;Prog_Energii_99.0%;271;7;0.34661650701001984;0.5887414602438152;2.83000824033998;9.712410913358593
Energetyczne;Prog_Energii_99.9%;271;51;0.036121956189109065;0.19005777066226223;2.1938136850419294;3.135364655963436
Energetyczne;Prog_Energii_99.99%;271;494;0.0036646709735286337;0.06053652594532192;1.9208031943868464;0.9986652120689283
Energetyczne;Prog_Energii_99.0%;272;5;0.16893211617009446;0.4110135230988081;0.7802290439944706;7.284942610081184
Energetyczne;Prog_Energii_99.9%;272;11;0.027088970683226875;0.16458727375841328;0.7479209302361323;2.9172004722373055
Energetyczne;Prog_Energii_99.99%;272;19;0.0029686604099182935;0.0544854146530821;0.44817765140717647;0.9657179059258318
Energetyczne;Prog_Energii_99.0%;273;9;0.3128910406928756;0.559366642456337;2.0042519865387156;9.528613856171734
Energetyczne;Prog_Energii_99.9%;273;24;0.03356041162558462;0.18319500982719103;1.4094397757133406;3.120662507430709
Energetyczne;Prog_Energii_99.99%;273;229;0.0034323798170753533;0.05858651565911181;1.3331048563408086;0.9980006716932728
Energetyczne;Prog_Energii_99.0%;274;7;0.27382605401359605;0.5232839133908055;1.1389516691068087;9.25513368193848
Energetyczne;Prog_Energii_99.9%;274;15;0.031698856763392624;0.17804172759045175;1.3922419341901717;3.1489597666692926
Energetyczne;Prog_Energii_99.99%;274;116;0.0031693147433007147;0.056296667248609975;0.9745287003366236;0.9956988317436932
Energetyczne;Prog_Energii_99.0%;275;5;0.33175551828017685;0.5759822204549172;1.3519140118311688;9.868253450535219
Energetyczne;Prog_Energii_99.9%;275;14;0.019228504584705507;0.13866688351839998;0.48903817982007913;2.3757676941393058
Energetyczne;Prog_Energii_99.99%;275;19;0.0028973380109419316;0.05382692644896169;0.5457923095086294;0.9222120645358487
Energetyczne;Prog_Energii_99.0%;276;4;0.18807761576980164;0.43367916224993064;1.462825821860506;7.1524351123920775
Energetyczne;Prog_Energii_99.9%;276;8;0.02379693420866567;0.15426254959861668;0.9025139724332507;2.5441685289928797
Energetyczne;Prog_Energii_99.99%;276;40;0.003567102140985891;0.059725221983563115;0.6481387785810431;0.9850156797814105
Energetyczne;Prog_Energii_99.0%;277;7;0.1960930404647854;0.44282393845046975;0.856438995323872;8.50101945482516
Energetyczne;Prog_Energii_99.9%;277;11;0.021946467342791404;0.14814340127994702;0.8449470181112648;2.843951798973627
Energetyczne;Prog_Energii_99.99%;277;63;0.0026707756117532715;0.05167954732535175;0.6620805846492619;0.9921072441717425
Energetyczne;Prog_Energii_99.0%;278;5;0.28197104913757653;0.5310094623804519;1.1687318512393396;8.6407778329034
Energetyczne;Prog_Energii_99.9%;278;9;0.035866544896750195;0.18938464799647883;1.1912476492137625;3.0817354194862454
Energetyczne;Prog_Energii_99.99%;278;61;0.0037692270332899034;0.06139403092557047;0.7977327598383832;0.9990258537317246
Energetyczne;Prog_Energii_99.0%;279;8;0.16127129313705976;0.4015859722862089;1.6208858255026835;7.202863462147515
Energetyczne;Prog_Energii_99.9%;279;18;0.025184371181301644;0.15869584487724198;1.197236897888061;2.8463755747082167
Energetyczne;Prog_Energii_99.99%;279;77;0.0030945390751297985;0.055628581458902926;0.8667272362343894;0.9977566560912186
Energetyczne;Prog_Energii_99.0%;280;8;0.23235041755345734;0.4820274033221113;1.0586665983930148;8.878434184676532
Energetyczne;Prog_Energii_99.9%;280;15;0.016245413597854058;0.12745749722105035;0.8167076872070504;2.347632090253775
Energetyczne;Prog_Energii_99.99%;280;23;0.0027235349926744336;0.05218749843280892;0.5378549782468225;0.9612384418505309
Energetyczne;Prog_Energii_99.0%;281;6;0.21448153785932292;0.4631215152196267;0.9601241702391636;8.221930038897076
Energetyczne;Prog_Energii_99.9%;281;13;0.0312218986336126;0.17669719475309334;0.44618145025066447;3.136956339936713
Energetyczne;Prog_Energii_99.99%;281;21;0.002118901115848255;0.04603152306678821;0.3340082496555148;0.8172109258614951
Energetyczne;Prog_Energii_99.0%;282;5;0.15380129610419277;0.39217508348210084;0.8689514079851515;7.207357942507593
Energetyczne;Prog_Energii_99.9%;282;10;0.006603592520460249;0.08126249147337442;0.510117651191762;1.4934346622643402
Energetyczne;Prog_Energii_99.99%;282;16;0.0023015101702352505;0.047974057262600275;0.38035720203785406;0.8816628521523531
Energetyczne;Prog_Energii_99.0%;283;5;0.34137291603822983;0.5842712692219513;1.0626453481340228;9.68587239435418
Energetyczne;Prog_Energii_99.9%;283;8;0.027728236091412475;0.16651797528018553;1.087210138063857;2.760484632554143
Energetyczne;Prog_Energii_99.99%;283;36;0.0035355464080281487;0.05946046087971526;0.6520655742110444;0.9857175372620101
Energetyczne;Prog_Energii_99.0%;284;8;0.24171323975151954;0.49164340710673576;1.4056300390316787;8.858722700297005
Energetyczne;Prog_Energii_99.9%;284;18;0.024068461938989268;0.15514013645407582;1.1839782742562273;2.795407054516906
Energetyczne;Prog_Energii_99.99%;284;103;0.0030657710595204954;0.055369405446694976;0.8871413861924591;0.9976788091579094
Energetyczne;Prog_Energii_99.0%;285;5;0.3005896740106519;0.5482605895107289;1.0031593091475672;9.711403222196113
Energetyczne;Prog_Energii_99.9%;285;9;0.0031816976086506913;0.056406538704752054;0.23858656599963268;0.9991355428613007
Energetyczne;Prog_Energii_99.99%;285;9;0.0031816976086506913;0.056406538704752054;0.23858656599963268;0.9991355428613007
Energetyczne;Prog_Energii_99.0%;286;5;0.2906641452369238;0.5391327714366135;0.8489033964623953;9.111499977639358
Energetyczne;Prog_Energii_99.9%;286;7;0.023204085226031845;0.15232887193842093;0.4193732268462478;2.574402052322529
Energetyczne;Prog_Energii_99.99%;286;9;0.0022162784490787567;0.047077366632796665;0.3224209014138868;0.795621130355416
Energetyczne;Prog_Energii_99.0%;287;7;0.2478039654737897;0.49779912160809375;1.2125792435286904;9.567184866658234
Energetyczne;Prog_Energii_99.9%;287;13;0.02301987943232119;0.15172303527256892;0.9713706987507642;2.915960000680671
Energetyczne;Prog_Energii_99.99%;287;78;0.0026727800985022515;0.051698937111919925;0.7447897229901912;0.993600163780269
Energetyczne;Prog_Energii_99.0%;288;4;0.17763599740451053;0.4214688569805728;0.8802473674615499;7.909451091061305
Energetyczne;Prog_Energii_99.9%;288;10;0.014044224643863694;0.11850833153776022;0.4387402080297429;2.223974171890945
Energetyczne;Prog_Energii_99.99%;288;12;0.0009035730102805856;0.03005949118465889;0.2263245815932109;0.5641082879777449
Energetyczne;Prog_Energii_99.0%;289;5;0.23839864691474266;0.48826083901408956;0.8604038295972241;9.663457384928895
Energetyczne;Prog_Energii_99.9%;289;11;0.023017894658273877;0.15171649435138512;0.7662836509897613;3.0027103560380124
Energetyczne;Prog_Energii_99.99%;289;45;0.0025400697070012503;0.05039910422816313;0.6439207295165525;0.9974783087885327
Energetyczne;Prog_Energii_99.0%;290;5;0.23745498806883641;0.48729353378516777;1.426427379068686;8.578290834275853
Energetyczne;Prog_Energii_99.9%;290;15;0.030524241041251128;0.17471188008046598;1.235115784637018;3.0756191404626874
Energetyczne;Prog_Energii_99.99%;290;59;0.0032113616209639346;0.05666887700461281;0.7839604110019742;0.9975960575986043
Energetyczne;Prog_Energii_99.0%;291;3;0.3278764305272165;0.572604951539206;0.9989258778297057;9.440767910489393
Energetyczne;Prog_Energii_99.9%;291;11;0.033925624738350556;0.18418910048738105;1.0199237255094804;3.0367997074927713
Energetyczne;Prog_Energii_99.99%;291;90;0.0036236414756836313;0.0601966899063697;0.8938515760900057;0.9924870137048131
Energetyczne;Prog_Energii_99.0%;292;5;0.43843364624488934;0.6621432218522586;1.8805308894482673;9.990595824348405
Energetyczne;Prog_Energii_99.9%;292;12;0.02080409484959078;0.14423624665662504;0.6648160058142727;2.1762754582556014
Energetyczne;Prog_Energii_99.99%;292;15;0.002963006042797473;0.054433501107291206;0.5006671630219826;0.8213073711543768
Energetyczne;Prog_Energii_99.0%;293;6;0.11008690132407867;0.33179346184649067;0.6340351021673394;6.50009322848923
Energetyczne;Prog_Energii_99.9%;293;11;0.0023135955690656413;0.048099849990053414;0.3016103054572339;0.9423136534147496
Energetyczne;Prog_Energii_99.99%;293;11;0.0023135955690656413;0.048099849990053414;0.3016103054572339;0.9423136534147496
Energetyczne;Prog_Energii_99.0%;294;5;0.2570569459409821;0.5070078361731524;0.9772851741376352;8.294688136254857
Energetyczne;Prog_Energii_99.9%;294;10;0.027354846344388825;0.1653930057299547;0.6518591091832349;2.7058426015712778
Energetyczne;Prog_Energii_99.99%;294;24;0.003590125967613285;0.059917659897673614;0.5919152638751068;0.9802576355755828
Energetyczne;Prog_Energii_99.0%;295;3;0.26697483451169046;0.5166960755721786;1.7332911203590582;8.83134460928508
Energetyczne;Prog_Energii_99.9%;295;15;0.032195774158144494;0.17943180921493407;1.1446297846445308;3.0668399005930076
Energetyczne;Prog_Energii_99.99%;295;137;0.003410086435248552;0.058395945366511125;1.0517692831134413;0.9981007050335197
Energetyczne;Prog_Energii_99.0%;296;5;0.11604960559205592;0.34066054305137233;0.8540724078956301;8.439871898876044
Energetyczne;Prog_Energii_99.9%;296;11;0.008143509323873699;0.09024139473586221;0.49045777660041345;2.2357323942612553
Energetyczne;Prog_Energii_99.99%;296;17;0.001366934477761202;0.03697207700090978;0.31617005257941955;0.915983961418166
Energetyczne;Prog_Energii_99.0%;297;3;0.287590014715867;0.5362741973243417;1.1839639241061413;9.68881725991332
Energetyczne;Prog_Energii_99.9%;297;11;0.018745869496898507;0.1369155560807409;0.7142862742450822;2.473640927578337
Energetyczne;Prog_Energii_99.99%;297;47;0.003032086562242794;0.05506438560669495;0.617936482064323;0.9948432580469642
Energetyczne;Prog_Energii_99.0%;298;3;0.22063553143073386;0.46971856619760505;1.0170932702907107;9.779060384135805
Energetyczne;Prog_Energii_99.9%;298;9;0.02010558156467572;0.1417941520820789;0.8137465116016642;2.952009298999379
Energetyczne;Prog_Energii_99.99%;298;45;0.002305605162201013;0.0480167175283881;0.5502919126565047;0.9996589744348359
Energetyczne;Prog_Energii_99.0%;299;3;0.27421551654764365;0.5236559142677982;1.2083590747937496;9.148195386635651
Energetyczne;Prog_Energii_99.9%;299;9;0.018501817171189833;0.13602138497747268;0.844705728135767;2.376274520406439
Energetyczne;Prog_Energii_99.99%;299;21;0.003140935405213383;0.056044048793903026;0.5341662190574779;0.979081673013571
Energetyczne;Prog_Energii_99.0%;300;7;0.3145198654206245;0.5608207070184057;0.9755975209195462;9.530860932765611
Energetyczne;Prog_Energii_99.9%;300;11;0.020029394605679537;0.141525243704717;0.4323782501196787;2.405149095504334
Energetyczne;Prog_Energii_99.99%;300;18;0.0031648508610207407;0.05625700721706355;0.34564354383076523;0.9560590498343121
Energetyczne;Prog_Energii_99.0%;301;5;0.2691161314684932;0.5187640421892146;1.3061537063843591;9.246315024966693
Energetyczne;Prog_Energii_99.9%;301;12;0.02487753082090047;0.1577261259934462;0.436638205455397;2.811269344051912
Energetyczne;Prog_Energii_99.99%;301;21;0.003003258252052763;0.05480199131466632;0.44043058582120054;0.9767764040709537
Energetyczne;Prog_Energii_99.0%;302;4;0.18865529623482857;0.43434467446352854;0.9134896051978121;7.628244549059363
Energetyczne;Prog_Energii_99.9%;302;11;0.025997723788166338;0.1612380965782167;0.38471546149712843;2.8317686474287997
Energetyczne;Prog_Energii_99.99%;302;18;0.001566227039951712;0.03957558641323855;0.1331016059457637;0.6950522685825271
Energetyczne;Prog_Energii_99.0%;303;7;0.19499304349375457;0.44158016655388244;0.9289578674980952;7.887271731355401
Energetyczne;Prog_Energii_99.9%;303;12;0.0053921006409012985;0.0734309242819488;0.2753772767375251;1.311584389797639
Energetyczne;Prog_Energii_99.99%;303;15;0.0013813478911685127;0.037166488819479745;0.30923713793773944;0.6638481952378388
Energetyczne;Prog_Energii_99.0%;304;6;0.24617201665007332;0.4961572499219107;1.0744627331554204;9.009163262416884
Energetyczne;Prog_Energii_99.9%;304;19;0.02727022152796959;0.16513697807568598;1.0712889354349757;2.9985372508013666
Energetyczne;Prog_Energii_99.99%;304;79;0.0029958686862628417;0.05473452919558952;0.8071580632098181;0.9938629531105301
Energetyczne;Prog_Energii_99.0%;305;7;0.29994844200208043;0.5476754896853432;1.8494807689673785;9.955111724442443
Energetyczne;Prog_Energii_99.9%;305;43;0.029787326005798264;0.17259005187379214;1.830834437411947;3.137173894559442
Energetyczne;Prog_Energii_99.99%;305;417;0.0030233438289748323;0.05498494183842366;1.6277154062818449;0.9994627283356514
Energetyczne;Prog_Energii_99.0%;306;7;0.27930961614635325;0.5284975081742138;1.1501423458730962;9.311221457751023
Energetyczne;Prog_Energii_99.9%;306;13;0.013118068893512828;0.1145341385505336;0.25033805522317465;2.0178954716380835
Energetyczne;Prog_Energii_99.99%;306;17;0.002583882780046229;0.050831907106129996;0.13589306774707666;0.8955711935523136
Energetyczne;Prog_Energii_99.0%;307;4;0.16540807521405318;0.40670391590695704;1.2079804676690973;7.179864673265358
Energetyczne;Prog_Energii_99.9%;307;15;0.0312606318834181;0.17680676424678468;1.0719004018986587;3.1213091169258913
Energetyczne;Prog_Energii_99.99%;307;125;0.0031887873260539714;0.05646934855347608;0.9753350542820716;0.9968979027341489
Energetyczne;Prog_Energii_99.0%;308;9;0.27395189268026254;0.5234041389598123;1.4974105898075027;9.312118362236259
Energetyczne;Prog_Energii_99.9%;308;25;0.030950259294146368;0.17592685779648987;1.6173890347553588;3.129993824949496
Energetyczne;Prog_Energii_99.99%;308;226;0.003141669735892043;0.056050599781733317;1.2911085761644028;0.9972214214414351
Energetyczne;Prog_Energii_99.0%;309;9;0.2012077347464589;0.4485618516397253;0.8645458680281557;8.277982966129658
Energetyczne;Prog_Energii_99.9%;309;14;0.02099806742074513;0.14490709927655418;0.9771842087475662;2.6741875063553486
Energetyczne;Prog_Energii_99.99%;309;43;0.0029056915736215745;0.05390446710265833;0.6227992454696167;0.9947797808550519
Energetyczne;Prog_Energii_99.0%;310;2;0.17904448879364576;0.42313648955584743;0.6488955785577204;7.573275174493216
Energetyczne;Prog_Energii_99.9%;310;5;0.01903319948494373;0.13796086214917525;0.3314679635092075;2.4692164305251443
Energetyczne;Prog_Energii_99.99%;310;16;0.002857568442510888;0.05345622922083906;0.3359936094350795;0.9567568471940232
Energetyczne;Prog_Energii_99.0%;311;6;0.07871052610790921;0.28055396291606577;0.9915206418814284;5.122470165231685
Energetyczne;Prog_Energii_99.9%;311;9;0.013499395683714192;0.11618689979388465;0.6464398429900458;2.1213884188226366
Energetyczne;Prog_Energii_99.99%;311;14;0.0021243420508425467;0.04609058527337819;0.40476587024565713;0.8415409481547075
Energetyczne;Prog_Energii_99.0%;312;6;0.16372179604441459;0.4046255009813576;0.8382227311755592;7.825235859936432
Energetyczne;Prog_Energii_99.9%;312;11;0.021450949701906943;0.14646142735173293;0.4001264214322813;2.832483890982095
Energetyczne;Prog_Energii_99.99%;312;15;0.0010699592134336125;0.032710231020792443;0.20654792909895114;0.6325979755351685
Energetyczne;Prog_Energii_99.0%;313;4;0.22006168810480276;0.4691073311138963;0.9605256092196157;8.434742375321612
Energetyczne;Prog_Energii_99.9%;313;9;0.02698455504144556;0.16426976301634322;0.5079348399901669;2.953637769437418
Energetyczne;Prog_Energii_99.99%;313;11;0.0019053035709729156;0.043649783172118;0.2887241613450371;0.7848410190504427
Energetyczne;Prog_Energii_99.0%;314;8;0.2535787134968836;0.5035659971611304;1.8517979827998685;8.468455051879918
Energetyczne;Prog_Energii_99.9%;314;15;0.025348964406043745;0.15921358109798217;1.2816661197399322;2.6774902649864085
Energetyczne;Prog_Energii_99.99%;314;85;0.0035309779714834677;0.059422032710800696;0.898665217350044;0.9992986340214239
Energetyczne;Prog_Energii_99.0%;315;7;0.22872477877427433;0.4782517943241555;1.407998653084392;7.5762216245287455
Energetyczne;Prog_Energii_99.9%;315;11;0.033632347146728775;0.1833912406488619;1.0809451130634153;2.9051907376877066
Energetyczne;Prog_Energii_99.99%;315;20;0.0035313182988796535;0.05942489628833738;0.6216487898598126;0.9413789757575409
Energetyczne;Prog_Energii_99.0%;316;4;0.12106336593568838;0.3479416128256124;1.512229739356422;6.370858627717984
Energetyczne;Prog_Energii_99.9%;316;26;0.02867335909626805;0.1693320970645201;1.4387214971557647;3.1004939098036677
Energetyczne;Prog_Energii_99.99%;316;269;0.0029749803557846143;0.05454338049465411;1.3320579798477263;0.9986967738274878
Energetyczne;Prog_Energii_99.0%;317;8;0.11686222637649203;0.3418511757716975;0.5584756480911466;6.0608797061286666
Energetyczne;Prog_Energii_99.9%;317;11;0.029254121932459753;0.17103836392008592;0.3774545964800593;3.0324393254245
Energetyczne;Prog_Energii_99.99%;317;17;0.003019034286194821;0.054945739472636285;0.2849128827393663;0.9741651950038588
Energetyczne;Prog_Energii_99.0%;318;2;0.22587942515714293;0.4752677404970202;0.9451903266104287;8.382584731628821
Energetyczne;Prog_Energii_99.9%;318;7;0.006680161556693278;0.081732255301645;0.2713279765068206;1.441561244313938
Energetyczne;Prog_Energii_99.99%;318;9;0.0019502922874057916;0.04416211371080184;0.2066566297146446;0.778913922753283
Energetyczne;Prog_Energii_99.0%;319;5;0.19241964611307225;0.43865663805882643;0.8628919813741529;9.351510178760396
Energetyczne;Prog_Energii_99.9%;319;11;0.020323717163099497;0.1425612751174017;0.8947716497471165;3.039195351646902
Energetyczne;Prog_Energii_99.99%;319;68;0.002151954436898704;0.046389162925177946;0.6332996458945002;0.988948283556579
Energetyczne;Prog_Energii_99.0%;320;5;0.18369013259903355;0.42859086854368883;0.9979557560458412;8.815365259381542
Energetyczne;Prog_Energii_99.9%;320;11;0.015511892515768719;0.12454674831471402;0.6858347721748261;2.5617089836587326
Energetyczne;Prog_Energii_99.99%;320;32;0.0022735051522715785;0.047681287233794126;0.49070415312016635;0.9807207615776229
Energetyczne;Prog_Energii_99.0%;321;6;0.2074180052054523;0.4554316690848939;0.9251287044474923;8.38578788170938
Energetyczne;Prog_Energii_99.9%;321;14;0.024847444663743414;0.15763072246152846;0.7542734307291381;2.9024283815374754
Energetyczne;Prog_Energii_99.99%;321;65;0.002929629034247207;0.054126047650343054;0.6848882900973745;0.996613949537323
Energetyczne;Prog_Energii_99.0%;322;9;0.24632715098883223;0.4963135611574927;1.7967168241241147;8.969338482035973
Energetyczne;Prog_Energii_99.9%;322;19;0.026560321852175436;0.1629733777405851;0.9329211876388346;2.945241683718895
Energetyczne;Prog_Energii_99.99%;322;109;0.003059710106851552;0.05531464640447006;0.8857887560323894;0.9996418100257989
Energetyczne;Prog_Energii_99.0%;323;5;0.24569076478275229;0.49567203348862876;0.912455631131083;9.007645244428465
Energetyczne;Prog_Energii_99.9%;323;9;0.021340336502358948;0.14608332041119187;0.3345307028994293;2.65471246608546
Energetyczne;Prog_Energii_99.99%;323;12;0.0018397074665297097;0.04289181118266877;0.21709801594495115;0.7794553513646103
Energetyczne;Prog_Energii_99.0%;324;6;0.07037495102298241;0.26528277558669805;1.4177883469413564;4.255551966365445
Energetyczne;Prog_Energii_99.9%;324;11;0.035105263960061826;0.1873639878953846;1.190153738092536;3.0056123521434377
Energetyczne;Prog_Energii_99.99%;324;90;0.0038630546433305645;0.062153476518458435;0.940134229194669;0.9970392862092661
Energetyczne;Prog_Energii_99.0%;325;3;0.26645486668864293;0.5161926643111494;1.2724168145404198;9.841818681850972
Energetyczne;Prog_Energii_99.9%;325;10;0.01864026047833911;0.136529339258414;0.6710121565706739;2.6030920131873048
Energetyczne;Prog_Energii_99.99%;325;21;0.002685787667702606;0.05182458555263714;0.4757249347669763;0.9880965180932572
Energetyczne;Prog_Energii_99.0%;326;6;0.033184733324528745;0.1821667733823288;0.8182884388174214;3.4302817578160014
Energetyczne;Prog_Energii_99.9%;326;8;0.012283113437663133;0.11082920841395166;0.6150041741082655;2.086963526864802
Energetyczne;Prog_Energii_99.99%;326;15;0.002313616817878626;0.048100070871866976;0.3846845383609878;0.9057458316788065
Energetyczne;Prog_Energii_99.0%;327;4;0.22823877958128905;0.47774342442496165;1.1626757875125655;8.725006217975034
Energetyczne;Prog_Energii_99.9%;327;11;0.02763299999801239;0.16623176591136962;0.2748410473785947;3.035883105973504
Energetyczne;Prog_Energii_99.99%;327;15;0.0011195806298489582;0.03346013493470937;0.08532834930524746;0.611080907520638
Energetyczne;Prog_Energii_99.0%;328;8;0.1939069951995464;0.4403487199930828;2.1566385070835272;7.934837092327264
Energetyczne;Prog_Energii_99.9%;328;27;0.029888937384629433;0.17288417332025924;1.4807596029704078;3.1152758912515464
Energetyczne;Prog_Energii_99.99%;328;247;0.0030797466326199876;0.05549546497345515;1.3141280381554514;0.999997170275044
Energetyczne;Prog_Energii_99.0%;329;1;0.27626556676977987;0.5256097095467128;0.9125929935800903;8.343428334091476
Energetyczne;Prog_Energii_99.9%;329;7;0.036520241569338266;0.19110269901112925;0.7148766959357191;3.0335278148226568
Energetyczne;Prog_Energii_99.99%;329;21;0.003783529576104619;0.06151040217804318;0.5868190659287338;0.9764043986482652
Energetyczne;Prog_Energii_99.0%;330;10;0.2354562180326754;0.48523831055747796;0.9437791512359208;8.508967430332163
Energetyczne;Prog_Energii_99.9%;330;17;0.03094188260612276;0.17590304888239647;0.731306046394395;3.0845736646738717
Energetyczne;Prog_Energii_99.99%;330;29;0.003181064182941158;0.05640092360007199;0.6636213351116309;0.9890266524963881
Energetyczne;Prog_Energii_99.0%;331;3;0.2484784417639473;0.4984761195523285;1.0048188706677745;9.549568959394241
Energetyczne;Prog_Energii_99.9%;331;8;0.012595931515007631;0.11223159766753582;0.2236125206156414;2.1500796915038833
Energetyczne;Prog_Energii_99.99%;331;10;0.0005359169437789843;0.023149879994915402;0.1847464094883593;0.4434944157639601
Energetyczne;Prog_Energii_99.0%;332;3;0.26376803731855025;0.5135835251627044;1.1837216156413701;8.761174210453026
Energetyczne;Prog_Energii_99.9%;332;8;0.02397495527953995;0.15483848126205563;0.7897709674783489;2.641375438180328
Energetyczne;Prog_Energii_99.99%;332;25;0.003363072676389568;0.05799200527994844;0.5682912172131926;0.9892802945931333
Energetyczne;Prog_Energii_99.0%;333;10;0.14457651763492935;0.3802321891094037;1.154653634285547;6.70088278407994
Energetyczne;Prog_Energii_99.9%;333;19;0.032162583246216465;0.17933929643615887;1.1964197679584152;3.160520435718011
Energetyczne;Prog_Energii_99.99%;333;131;0.0031959790018906845;0.0565329903851785;1.0229725335668043;0.9962884596695775
Energetyczne;Prog_Energii_99.0%;334;10;0.28608005594558195;0.5348645211131338;2.581913175747599;9.43606905082686
Energetyczne;Prog_Energii_99.9%;334;82;0.03170136168098303;0.17804876208775794;2.5071258393099756;3.141132655383136
Energetyczne;Prog_Energii_99.99%;334;795;0.003209567279024375;0.056653042981153055;2.13344064205038;0.999471837087037
Energetyczne;Prog_Energii_99.0%;335;8;0.25014944255861793;0.5001494202322121;1.6883370597013272;8.859585445297768
Energetyczne;Prog_Energii_99.9%;335;25;0.030776559114513418;0.1754324916157592;1.430544148039023;3.107589625175778
Energetyczne;Prog_Energii_99.99%;335;204;0.0031780647881283664;0.0563743273851526;1.2328594290786672;0.9986079163264059
Energetyczne;Prog_Energii_99.0%;336;9;0.28669987741172415;0.5354436267355548;1.1532586905490527;9.883359072260482
Energetyczne;Prog_Energii_99.9%;336;15;0.017953210808910665;0.13398959216637188;0.6879036902387332;2.4732150784941984
Energetyczne;Prog_Energii_99.99%;336;27;0.002760809720654755;0.05254340796574538;0.5245915952977969;0.9698600223739483
Energetyczne;Prog_Energii_99.0%;337;9;0.32915666176136876;0.5737217633673737;1.1325817101730014;9.621286426864389
Energetyczne;Prog_Energii_99.9%;337;15;0.033816410526639126;0.1838923884412814;0.6788567992624239;3.0838665253506212
Energetyczne;Prog_Energii_99.99%;337;17;0.002991230501385957;0.0546921429584356;0.43458431210410264;0.9171846116027041
Energetyczne;Prog_Energii_99.0%;338;5;0.1993088390455931;0.4464401852942823;0.9896318434694948;8.929936073614462
Energetyczne;Prog_Energii_99.9%;338;16;0.02178749066295974;0.14760586256297456;0.941203329417232;2.9524916443380187
Energetyczne;Prog_Energii_99.99%;338;132;0.0024855217975659517;0.04985500774812849;0.8818516715430627;0.9972266090851006
Energetyczne;Prog_Energii_99.0%;339;6;0.24956599981428412;0.4995658112944521;1.2200955613106785;9.117007177567329
Energetyczne;Prog_Energii_99.9%;339;15;0.02891138082154434;0.17003346970977315;0.6543974661500878;3.1030873785255255
Energetyczne;Prog_Energii_99.99%;339;47;0.0029961492611511042;0.054737092187575186;0.6059046087059645;0.9989443854458373
Energetyczne;Prog_Energii_99.0%;340;5;0.16950639818172794;0.411711547301904;0.8532506615044193;8.646786205519467
Energetyczne;Prog_Energii_99.9%;340;8;0.011254086721430991;0.10608528041830775;0.57554883021756;2.228008287212414
Energetyczne;Prog_Energii_99.99%;340;39;0.002220604177696584;0.04712328700012961;0.47853654974933946;0.9896855958054183
Energetyczne;Prog_Energii_99.0%;341;5;0.09784242639271493;0.3127977403894007;0.6292537572667225;5.6257535688074425
Energetyczne;Prog_Energii_99.9%;341;7;0.012809294217778606;0.11317815256390522;0.45830964772876737;2.0355402660670827
Energetyczne;Prog_Energii_99.99%;341;24;0.003003333804546368;0.054802680632851965;0.42257545240709327;0.9856413149489891
Energetyczne;Prog_Energii_99.0%;342;6;0.1672747961990444;0.40899241582093476;0.7437739159460452;7.272175567361505
Energetyczne;Prog_Energii_99.9%;342;11;0.029405559950861346;0.17148049437432045;0.5707945301734281;3.049044953474108
Energetyczne;Prog_Energii_99.99%;342;41;0.0031145399031470332;0.05580806306571689;0.5954226029428531;0.992306989051758
Energetyczne;Prog_Energii_99.0%;343;7;0.31193493041861553;0.5585113520946692;1.8137478436481542;9.781825075771458
Energetyczne;Prog_Energii_99.9%;343;32;0.030024705535723138;0.17327638481836796;1.7856765162238313;3.034780366949527
Energetyczne;Prog_Energii_99.99%;343;207;0.0032478705004440754;0.05699009124790094;1.2944742952343775;0.9981303003931222
Energetyczne;Prog_Energii_99.0%;344;9;0.2894624268736385;0.5380171250746936;2.0918196890304115;9.490849456883442
Energetyczne;Prog_Energii_99.9%;344;51;0.032068927029209666;0.17907799147078254;1.983162303281377;3.1590114494111985
Energetyczne;Prog_Energii_99.99%;344;501;0.003209064479337303;0.056648605272657006;1.7998339127375056;0.9993053371871006
Energetyczne;Prog_Energii_99.0%;345;4;0.23249471483301995;0.48217705755564516;0.9268545817851752;8.922208519920197
Energetyczne;Prog_Energii_99.9%;345;12;0.021596016078634008;0.14695583036624987;0.870725042353353;2.719271979452045
Energetyczne;Prog_Energii_99.99%;345;42;0.0028127789904155197;0.05303563887062661;0.600042924830003;0.9813719287884344
Energetyczne;Prog_Energii_99.0%;346;4;0.22872990079397454;0.47825714923456664;1.1735176585281688;9.553574110569592
Energetyczne;Prog_Energii_99.9%;346;13;0.021633530649343077;0.14708341391653607;1.1934263511983767;2.9381103816976664
Energetyczne;Prog_Energii_99.99%;346;62;0.002479801789073592;0.049797608266598424;0.7033752189167224;0.9947475785055676
Energetyczne;Prog_Energii_99.0%;347;2;0.17691304138400485;0.4206103201111509;1.4310841875156992;7.323595434803938
Energetyczne;Prog_Energii_99.9%;347;8;0.021156122468492917;0.1454514436796449;0.6703349984369105;2.5325758260909796
Energetyczne;Prog_Energii_99.99%;347;48;0.0032036785681699696;0.05660104741230475;0.6240471157678984;0.9855278213913864
Energetyczne;Prog_Energii_99.0%;348;5;0.3348830723543948;0.5786908262227722;0.988082083170216;9.702448685941855
Energetyczne;Prog_Energii_99.9%;348;10;0.025101610562585853;0.15843487798646438;0.7556213949729171;2.6563515508976945
Energetyczne;Prog_Energii_99.99%;348;65;0.0035315624345304323;0.05942695040577492;0.7421073669307594;0.9963643983049428
Energetyczne;Prog_Energii_99.0%;349;3;0.20500243686882413;0.4527719479703045;0.8411733532509871;8.173453974651022
Energetyczne;Prog_Energii_99.9%;349;6;0.014384055830466582;0.11993354756058282;0.7611967196343805;2.1650443129204975
Energetyczne;Prog_Energii_99.99%;349;27;0.0030144976627527655;0.054904441193338496;0.5095339152194649;0.9911367634620292
Energetyczne;Prog_Energii_99.0%;350;6;0.20011929358906716;0.4473469499047324;0.9488327192618531;7.5059120958488785
Energetyczne;Prog_Energii_99.9%;350;13;0.028354412862393236;0.1683876861958535;0.9087620983503806;2.825330922405136
Energetyczne;Prog_Energii_99.99%;350;70;0.0034872453320589584;0.05905290282500055;0.7783758554036435;0.9908325019396114
Energetyczne;Prog_Energii_99.0%;351;7;0.21656356616800995;0.4653639072468018;1.1463805738561912;8.381458192707958
Energetyczne;Prog_Energii_99.9%;351;19;0.02981358793765894;0.1726661169357177;1.1844249806134464;3.1098110916161668
Energetyczne;Prog_Energii_99.99%;351;160;0.0030555674982694378;0.05527718786506273;1.0697449097565919;0.9955723507705935
Energetyczne;Prog_Energii_99.0%;352;4;0.09532451559287304;0.3087466851528499;1.202841547488764;5.925557015832282
Energetyczne;Prog_Energii_99.9%;352;8;0.02031946927961463;0.14254637589084693;0.8708093251957516;2.7357918914119126
Energetyczne;Prog_Energii_99.99%;352;23;0.0026903960343041787;0.0518690276976943;0.5064987489135548;0.9954856060278396
Energetyczne;Prog_Energii_99.0%;353;6;0.22366560817310246;0.4729329848647718;1.145164055873555;8.507126042677665
Energetyczne;Prog_Energii_99.9%;353;13;0.022892910208807214;0.15130403236135914;0.572128337061315;2.721659337065499
Energetyczne;Prog_Energii_99.99%;353;23;0.0026536454348860244;0.051513546129984336;0.44002826800071837;0.9266264859034373
Energetyczne;Prog_Energii_99.0%;354;6;0.17370900782105714;0.4167841261625221;1.1817979878656448;7.3808149671474
Energetyczne;Prog_Energii_99.9%;354;20;0.029229477995628736;0.17096630660931042;1.2305488650339695;3.027636120210231
Energetyczne;Prog_Energii_99.99%;354;172;0.003178245142084634;0.05637592697317388;1.130727843662033;0.9983592451602996
Energetyczne;Prog_Energii_99.0%;355;3;0.26765732093420713;0.5173560871722755;1.3033056791929063;9.150647725887728
Energetyczne;Prog_Energii_99.9%;355;11;0.026267287064306758;0.16207185771844154;0.40930186328329654;2.866618395016213
Energetyczne;Prog_Energii_99.99%;355;21;0.0029429671444052567;0.054249121139473375;0.2844743788564088;0.9595220956992967
Energetyczne;Prog_Energii_99.0%;356;5;0.4056592146236805;0.6369138204056185;1.2129339928460854;9.617502275562018
Energetyczne;Prog_Energii_99.9%;356;11;0.04292891823308879;0.20719294928420898;1.3250586172404661;3.128647231979121
Energetyczne;Prog_Energii_99.99%;356;82;0.00431133257767345;0.0656607384795012;0.9664077026823943;0.9914878300796166
Energetyczne;Prog_Energii_99.0%;357;3;0.25829134300168666;0.5082237135373424;1.0495157257336896;8.845899121171605
Energetyczne;Prog_Energii_99.9%;357;9;0.017609998363350143;0.13270266901366432;0.2358874645271527;2.309759249592449
Energetyczne;Prog_Energii_99.99%;357;11;0.0024277217867974907;0.0492719168167577;0.1645292592094041;0.8576034412762059
Energetyczne;Prog_Energii_99.0%;358;3;0.13887766933766094;0.3726629433384287;0.652684671499018;6.221728176140369
Energetyczne;Prog_Energii_99.9%;358;5;0.012221466890090986;0.11055074350763537;0.19402918074807474;1.8456803609531165
Energetyczne;Prog_Energii_99.99%;358;7;0.0020168886054804684;0.044909782959623265;0.10594798963316521;0.7497833283909007
Energetyczne;Prog_Energii_99.0%;359;8;0.15715626642260655;0.3964293965167146;2.078823458232143;7.9585625800222815
Energetyczne;Prog_Energii_99.9%;359;26;0.023650043117213644;0.1537857051783866;1.3614042077074209;3.0873420824215865
Energetyczne;Prog_Energii_99.99%;359;246;0.002466837718672752;0.049667270094829574;1.1828696591068115;0.9971008222441551
Energetyczne;Prog_Energii_99.0%;360;5;0.22225379009501986;0.4714380023873975;1.0146666165758464;8.387928199515125
Energetyczne;Prog_Energii_99.9%;360;11;0.013376438692059341;0.11565655490312403;0.1883887170054166;2.0577867575756055
Energetyczne;Prog_Energii_99.99%;360;13;0.0014703028170930579;0.038344527863739014;0.2897174347367182;0.6822342385140477
Energetyczne;Prog_Energii_99.0%;361;2;0.22081648020042402;0.469911140749423;2.080896394937601;9.234809524940403
Energetyczne;Prog_Energii_99.9%;361;21;0.02537366558065231;0.15929113465806033;1.265809797468993;3.130428627916343
Energetyczne;Prog_Energii_99.99%;361;191;0.0025802753455162566;0.05079641075426744;1.0772055578452422;0.9982635804679418
Energetyczne;Prog_Energii_99.0%;362;6;0.11470563027215057;0.33868219656803716;1.3597393544855532;6.048073484518155
Energetyczne;Prog_Energii_99.9%;362;20;0.02988322252579585;0.1728676445312883;1.2512911303476013;3.0870126266314175
Energetyczne;Prog_Energii_99.99%;362;183;0.003123235117042244;0.05588591161502373;1.1505335051202064;0.9979919335058689
Energetyczne;Prog_Energii_99.0%;363;4;0.2504370740154445;0.500436883148559;0.9081610639464746;8.464940013894774
Energetyczne;Prog_Energii_99.9%;363;7;0.01930200209152032;0.13893164539269057;0.6720852211501374;2.3500427004532076
Energetyczne;Prog_Energii_99.99%;363;50;0.003402206825517203;0.05832843925151095;0.6517856229172283;0.9866313934769922
Energetyczne;Prog_Energii_99.0%;364;3;0.15612536334321434;0.3951270217831404;0.7925140669852171;7.7815824612044295
Energetyczne;Prog_Energii_99.9%;364;7;0.01975819686683556;0.14056385334372262;0.7178328987992959;2.7682470586867236
Energetyczne;Prog_Energii_99.99%;364;37;0.0025187331656951876;0.05018698203414096;0.5088876989649176;0.9883761870176317
Energetyczne;Prog_Energii_99.0%;365;5;0.18037005911006537;0.4246999636332282;0.8942560899621501;7.56113131005333
Energetyczne;Prog_Energii_99.9%;365;10;0.015684637991309792;0.12523832477045432;0.392851950605146;2.2296762414095523
Energetyczne;Prog_Energii_99.99%;365;16;0.002411722857928499;0.04910929502577388;0.18909460860666139;0.874315658182395
Energetyczne;Prog_Energii_99.0%;366;3;0.10913056539419431;0.33034915679352705;0.5570016791998227;6.025055798290287
Energetyczne;Prog_Energii_99.9%;366;5;0.018314480685673887;0.13533100415527066;0.48030592312605513;2.468227433024092
Energetyczne;Prog_Energii_99.99%;366;8;0.0015595065574941338;0.03949058821408126;0.2616782721797195;0.720247025318899
Energetyczne;Prog_Energii_99.0%;367;5;0.21161347294060143;0.46001464426755095;1.0953096350330025;8.325956756050939
Energetyczne;Prog_Energii_99.9%;367;11;0.03041417553647259;0.17439660414260533;0.7194281940448866;3.1564616530967466
Energetyczne;Prog_Energii_99.99%;367;36;0.002982521936690492;0.05461247052359462;0.5805590043706408;0.9884491147983865
Energetyczne;Prog_Energii_99.0%;368;5;0.319384742812291;0.5651413476399431;1.2426742934638;9.442480775939785
Energetyczne;Prog_Energii_99.9%;368;13;0.0330093444102126;0.18168473906801474;0.8072554803406282;3.0356204922814483
Energetyczne;Prog_Energii_99.99%;368;36;0.0033072683476634895;0.057508854515313464;0.5961177862255944;0.9608680296971164
Energetyczne;Prog_Energii_99.0%;369;6;0.1739189277469911;0.41703588304484196;1.8917576247558392;7.471814132360414
Energetyczne;Prog_Energii_99.9%;369;36;0.029751643729408566;0.17248664797429558;1.6691742134148697;3.0903531959124972
Energetyczne;Prog_Energii_99.99%;369;351;0.003114425387216718;0.05580703707613152;1.5333026100301828;0.9998655397856141
Energetyczne;Prog_Energii_99.0%;370;10;0.2055766829788212;0.4534056494782803;0.876546038192183;8.523926290980821
Energetyczne;Prog_Energii_99.9%;370;15;0.01980395598153346;0.14072652906091823;0.6523882131514691;2.645627733754781
Energetyczne;Prog_Energii_99.99%;370;34;0.0026364732509861414;0.05134659921539246;0.5233427740637602;0.9653047497492752
Energetyczne;Prog_Energii_99.0%;371;5;0.23456071547256696;0.4843146864101552;0.9796375701772808;9.115487816656188
Energetyczne;Prog_Energii_99.9%;371;15;0.024302470826955424;0.1558924976609055;0.2949894625293421;2.9341174302788824
Energetyczne;Prog_Energii_99.99%;371;19;0.0019590466640614997;0.04426111910087113;0.21132238861152342;0.8330569013013095
Energetyczne;Prog_Energii_99.0%;372;5;0.19551812255878712;0.4421743124139926;1.3188924676858127;7.730770118793402
Energetyczne;Prog_Energii_99.9%;372;9;0.012996921586341994;0.1140040419737037;0.5439889992071274;1.9931936712931666
Energetyczne;Prog_Energii_99.99%;372;13;0.0023688194192720276;0.04867051899530174;0.3525686058859536;0.850932728002448
Energetyczne;Prog_Energii_99.0%;373;5;0.2679099871412625;0.517600219417711;1.5595303920362928;9.418150102643438
Energetyczne;Prog_Energii_99.9%;373;17;0.020659429635097176;0.14373388478398952;0.5430711826719605;2.61535302912847
Energetyczne;Prog_Energii_99.99%;373;23;0.002988316171043687;0.05466549342175269;0.5976279528528154;0.9946823883891067
Energetyczne;Prog_Energii_99.0%;374;3;0.2678744017571153;0.5175658429196379;0.9466912002187602;9.842463381918634
Energetyczne;Prog_Energii_99.9%;374;8;0.02272913648522708;0.15076185354799496;0.8788103926916744;2.867013044303079
Energetyczne;Prog_Energii_99.99%;374;78;0.002727556289543804;0.052226011618194665;0.7224494065680354;0.9931733594242456
Energetyczne;Prog_Energii_99.0%;375;7;0.2678407817204275;0.5175333629056464;1.0630171472509273;9.296687530348315
Energetyczne;Prog_Energii_99.9%;375;11;0.0302071475247604;0.17380203544481404;1.0973105153446658;3.1220851281882256
Energetyczne;Prog_Energii_99.99%;375;29;0.0030750963293617413;0.05545355109784892;0.6169836688482588;0.9961373970375207
Energetyczne;Prog_Energii_99.0%;376;4;0.1321227988216917;0.36348699952225483;0.8717291262474891;6.532258492108044
Energetyczne;Prog_Energii_99.9%;376;9;0.020600900792412526;0.14353013896883304;0.7580965473923413;2.579393404399332
Energetyczne;Prog_Energii_99.99%;376;37;0.003006828363323827;0.05483455446453292;0.5431203023643523;0.985436850651313
Energetyczne;Prog_Energii_99.0%;377;7;0.28296110565504534;0.5319408854892105;1.7033360619922977;8.033833711722686
Energetyczne;Prog_Energii_99.9%;377;12;0.03076703289309778;0.17540533883863907;0.8562016803013552;2.6491239211327398
Energetyczne;Prog_Energii_99.99%;377;65;0.004345272937806344;0.06591868428455125;0.8286110296512463;0.9955612784879154
Energetyczne;Prog_Energii_99.0%;378;8;0.23923990865273786;0.48912156837818743;0.9965553320493203;8.398097160234657
Energetyczne;Prog_Energii_99.9%;378;17;0.032625807451190814;0.18062615384044142;0.8091884979211574;3.101306684678122
Energetyczne;Prog_Energii_99.99%;378;66;0.003359218217264437;0.05795876307569406;0.7299259801807354;0.9951377225310807
Energetyczne;Prog_Energii_99.0%;379;9;0.24046631115578174;0.49037364443430453;1.2087962097063647;8.764370484905855
Energetyczne;Prog_Energii_99.9%;379;13;0.030295455667559645;0.1740558981119561;0.9932031971506072;3.110873501156482
Energetyczne;Prog_Energii_99.99%;379;73;0.0031041392382345117;0.0557148026850541;0.7714582044390683;0.9957818446555194
Energetyczne;Prog_Energii_99.0%;380;6;0.17584574876993975;0.4193396579980717;0.8015689156072918;7.6209421420123045
Energetyczne;Prog_Energii_99.9%;380;10;0.016183084370080796;0.12721275238780425;0.713448978293103;2.3119230608950705
Energetyczne;Prog_Energii_99.99%;380;17;0.002493703601361275;0.049936996318974525;0.44890039429968454;0.9075386800037317
Energetyczne;Prog_Energii_99.0%;381;10;0.2458781350598207;0.495861003770029;1.8023247932934403;8.855526826724121
Energetyczne;Prog_Energii_99.9%;381;20;0.028935516763750262;0.17010442899510367;1.387737929815989;3.037876184773248
Energetyczne;Prog_Energii_99.99%;381;157;0.0031262016792561985;0.05591244655044347;1.093814879290104;0.9985341993234552
Energetyczne;Prog_Energii_99.0%;382;7;0.32145722950214667;0.566971982995762;1.0973958935080894;9.672698702755236
Energetyczne;Prog_Energii_99.9%;382;13;0.007258615367104548;0.08519750798646958;0.4052161023031111;1.45349302909887
Energetyczne;Prog_Energii_99.99%;382;16;0.0031666045651065943;0.056272591597567236;0.3353575368486963;0.9600259626065725
Energetyczne;Prog_Energii_99.0%;383;6;0.2426977658070684;0.49264364992057735;1.6542215501476223;8.438422496220417
Energetyczne;Prog_Energii_99.9%;383;20;0.032920997059926835;0.18144144250949626;1.332361944894239;3.107884472814484
Energetyczne;Prog_Energii_99.99%;383;178;0.003392158270286407;0.058242237854382;1.1895653060352123;0.9976229475806118
Energetyczne;Prog_Energii_99.0%;384;7;0.31017983957631207;0.5569379135741362;2.2092951606935856;9.255089113158453
Energetyczne;Prog_Energii_99.9%;384;49;0.03607935057888506;0.1899456516451089;2.128868702854321;3.1564809825043914
Energetyczne;Prog_Energii_99.99%;384;478;0.003612503212845614;0.0601041031282026;1.8807928603282367;0.9987986397768082
Energetyczne;Prog_Energii_99.0%;385;3;0.2155849074677657;0.4643112183307288;1.2303475306764042;8.538681658814765
Energetyczne;Prog_Energii_99.9%;385;13;0.02626959437325752;0.16207897572867838;0.7462110042842527;2.980631788974284
Energetyczne;Prog_Energii_99.99%;385;39;0.002942793132699577;0.05424751729526041;0.574931393064869;0.9976116507168644
Energetyczne;Prog_Energii_99.0%;386;3;0.15458940617787145;0.39317859323451404;0.8963954181848832;7.950281201370048
Energetyczne;Prog_Energii_99.9%;386;10;0.018071524769302533;0.13443037145415665;0.4369630920995786;2.7182539269825035
Energetyczne;Prog_Energii_99.99%;386;20;0.002157245711850514;0.04644615927986419;0.4222404778989479;0.9391661533777745
Energetyczne;Prog_Energii_99.0%;387;7;0.19661964308992871;0.4434181357251062;1.7332951806493648;8.533851602904912
Energetyczne;Prog_Energii_99.9%;387;42;0.026434396056016395;0.16258658018427102;1.6511629628076063;3.1290775819249155
Energetyczne;Prog_Energii_99.99%;387;412;0.002695927572891215;0.05192232249130633;1.5245514296953964;0.9992766630855063
Energetyczne;Prog_Energii_99.0%;388;8;0.05871446011417543;0.24231066859338948;0.36119462457351403;4.111312954825436
Energetyczne;Prog_Energii_99.9%;388;10;0.01777080148099585;0.13330716965338305;0.2606408841798613;2.2618380641207056
Energetyczne;Prog_Energii_99.99%;388;12;0.0019437422997885044;0.04408789289349747;0.13910173885299226;0.7480443442965159
Energetyczne;Prog_Energii_99.0%;389;9;0.3526120207163203;0.5938114353195973;1.2303092722775562;9.808727683805438
Energetyczne;Prog_Energii_99.9%;389;17;0.03019523897160999;0.17376777311000446;1.4238587345759255;2.8703400865629503
Energetyczne;Prog_Energii_99.99%;389;56;0.0035804724756689295;0.059837049356305405;0.8529313777153229;0.9884035362547946
Energetyczne;Prog_Energii_99.0%;390;8;0.28880059046072964;0.5374017030683189;2.7718056967899924;9.037638548735366
Energetyczne;Prog_Energii_99.9%;390;47;0.03477998754003277;0.18649393432504116;2.0946285670821725;3.1363219735592156
Energetyczne;Prog_Energii_99.99%;390;455;0.0035288273076180842;0.05940393343557381;1.8249283578715305;0.999012983581111
Energetyczne;Prog_Energii_99.0%;391;4;0.2279666367652436;0.4774585183712231;1.130631771784592;8.514997791678743
Energetyczne;Prog_Energii_99.9%;391;11;0.01993603599033176;0.141195028206845;0.8839738511272843;2.518072894538948
Energetyczne;Prog_Energii_99.99%;391;52;0.003112640708319517;0.055791045054914654;0.655618745405091;0.9949777984036068
Energetyczne;Prog_Energii_99.0%;392;5;0.3115097397504924;0.5581305758964406;1.6217101367062319;9.710536448810522
Energetyczne;Prog_Energii_99.9%;392;15;0.03218239055796652;0.1793945109471483;0.7280446184324356;3.121163778692619
Energetyczne;Prog_Energii_99.99%;392;28;0.0027707333512119025;0.05263775594772162;0.5826392416533448;0.9158087189417559
Energetyczne;Prog_Energii_99.0%;393;5;0.22896054196553733;0.47849821521666863;1.1075508089010988;9.000279845269043
Energetyczne;Prog_Energii_99.9%;393;11;0.012241345474106685;0.11064061403529304;0.6018543971961394;2.081087153311811
Energetyczne;Prog_Energii_99.99%;393;44;0.002744345547020524;0.05238650157264296;0.5526055292045795;0.9853603613859183
Energetyczne;Prog_Energii_99.0%;394;4;0.11732294895281194;0.3425243771657894;0.9023905580909455;6.206417203497057
Energetyczne;Prog_Energii_99.9%;394;11;0.027669909463164867;0.1663427469508811;0.6852671893252982;3.0140701076385152
Energetyczne;Prog_Energii_99.99%;394;45;0.003023833578996998;0.05498939515031055;0.6023039219054143;0.9963878509750403
Energetyczne;Prog_Energii_99.0%;395;5;0.31594321108967977;0.5620882591637009;1.1585579336691483;9.523404483319606
Energetyczne;Prog_Energii_99.9%;395;9;0.032338573521542596;0.17982928994338657;0.4694739091930229;3.046829458112307
Energetyczne;Prog_Energii_99.99%;395;19;0.0029582038666387824;0.054389372736213665;0.4163499004166118;0.9215136372562903
Energetyczne;Prog_Energii_99.0%;396;9;0.2894914071247864;0.5380440568622484;1.488286694965062;8.998330324946346
Energetyczne;Prog_Energii_99.9%;396;19;0.027539333122607774;0.16594979096885834;0.861240432028235;2.775369446885084
Energetyczne;Prog_Energii_99.99%;396;24;0.003000021043608648;0.054772447851165536;0.5595138043000292;0.9160227163272406
Energetyczne;Prog_Energii_99.0%;397;7;0.20151752882875992;0.44890703806997717;1.4465002765719008;7.865008437101423
Energetyczne;Prog_Energii_99.9%;397;19;0.030778357952575164;0.17543761840772681;1.2121274988431363;3.0737284826143902
Energetyczne;Prog_Energii_99.99%;397;173;0.0032388325719742953;0.05691074214921376;1.1389800615937808;0.9970961228179627
Energetyczne;Prog_Energii_99.0%;398;6;0.2680844913194345;0.5177687624021311;1.5311303356020352;9.24323550313569
Energetyczne;Prog_Energii_99.9%;398;30;0.029453800888172572;0.17162109686216487;1.478885335390049;3.063788955215893
Energetyczne;Prog_Energii_99.99%;398;276;0.0031228936407701074;0.05588285641205277;1.3829429795253034;0.9976237268700743
Energetyczne;Prog_Energii_99.0%;399;3;0.2551464804123073;0.5051202633158833;0.9645019928145517;8.954248282314465
Energetyczne;Prog_Energii_99.9%;399;11;0.020744669721722356;0.1440301000545454;0.6080149255548557;2.5532162727918024
Energetyczne;Prog_Energii_99.99%;399;16;0.002145750615942007;0.04632224752688504;0.4039003895232769;0.8211527738517339
Energetyczne;Prog_Energii_99.0%;400;8;0.12312806492573704;0.3508960885016204;1.4516650259294162;6.4224121962075085
Energetyczne;Prog_Energii_99.9%;400;16;0.028328409366920822;0.1683104553107763;1.1512208168720486;3.080567599237222
Energetyczne;Prog_Energii_99.99%;400;138;0.0029702162802991584;0.05449969064406841;0.9975078626891358;0.9975017942680341
Energetyczne;Prog_Energii_99.0%;401;7;0.22416917551596308;0.4734650731743188;2.4079207069486763;8.83010453214308
Energetyczne;Prog_Energii_99.9%;401;25;0.028515826560828832;0.16886629788335158;1.5042910663181503;3.1493496495295132
Energetyczne;Prog_Energii_99.99%;401;219;0.002872039852941434;0.05359141585124836;1.2258456400328859;0.9994777456749062
Energetyczne;Prog_Energii_99.0%;402;9;0.26317347997673546;0.5130043664304773;1.999377810377439;9.12942387816511
Energetyczne;Prog_Energii_99.9%;402;26;0.030054209200000195;0.1733614986091208;1.4043427627000007;3.085140611899805
Energetyczne;Prog_Energii_99.99%;402;237;0.0031506892010046313;0.0561310003563506;1.2983601898323807;0.9989070824565938
Energetyczne;Prog_Energii_99.0%;403;4;0.22632040684960789;0.4757314440412867;0.9233706994992588;7.8418319050026515
Energetyczne;Prog_Energii_99.9%;403;9;0.02394251699287051;0.1547336970180397;0.9137954153604948;2.5505895337659705
Energetyczne;Prog_Energii_99.99%;403;31;0.003657397334844751;0.06047641965960577;0.610053356318212;0.9968773835051953
Energetyczne;Prog_Energii_99.0%;404;5;0.30011646568816025;0.547828865329457;1.0840356793270298;9.476200593082684
Energetyczne;Prog_Energii_99.9%;404;9;0.03276781498380296;0.18101882494316154;0.7737791523893587;3.131216342997766
Energetyczne;Prog_Energii_99.99%;404;71;0.003333728490944722;0.0577384489828461;0.7542814360218375;0.9987446064308372
Energetyczne;Prog_Energii_99.0%;405;7;0.2638626075748544;0.5136755859244767;1.268163486380173;9.326925742691031
Energetyczne;Prog_Energii_99.9%;405;24;0.029171820034327698;0.1707975996152396;1.5714522514058782;3.1012112942339214
Energetyczne;Prog_Energii_99.99%;405;207;0.003025707492577615;0.055006431374682134;1.220071840056101;0.998764424201232
Energetyczne;Prog_Energii_99.0%;406;2;0.2650130234622875;0.5147941563987372;1.5557051125978454;9.202902497711303
Energetyczne;Prog_Energii_99.9%;406;13;0.027733938309204096;0.1665350963286841;0.3588469303577284;2.9771244193625797
Energetyczne;Prog_Energii_99.99%;406;20;0.0023551995662116775;0.04853039837268676;0.4492123745673773;0.867571084184939
Energetyczne;Prog_Energii_99.0%;407;7;0.1604944635569043;0.4006176026548313;1.2630057457744348;8.445291868489079
Energetyczne;Prog_Energii_99.9%;407;14;0.01641161002170992;0.12810780624813586;0.9272489238032957;2.7005997919904647
Energetyczne;Prog_Energii_99.99%;407;50;0.00217797892724143;0.04666882178972842;0.6031453843403787;0.9838105429239961
Energetyczne;Prog_Energii_99.0%;408;10;0.262438541341683;0.5122875572778272;1.2450685895252631;8.817290294483712
Energetyczne;Prog_Energii_99.9%;408;13;0.027079127840533318;0.1645573694506974;1.1752347081410228;2.8322961897677246
Energetyczne;Prog_Energii_99.99%;408;107;0.0033518500885116225;0.05789516463843611;0.9412599651011124;0.9964686161353971
Energetyczne;Prog_Energii_99.0%;409;4;0.18317370296213256;0.4279879705811047;1.2512731798898082;8.407468980298258
Energetyczne;Prog_Energii_99.9%;409;17;0.023731878311377987;0.15405154433298612;1.1503534239575846;3.0262149157792333
Energetyczne;Prog_Energii_99.99%;409;92;0.0025539634043396943;0.05053675300550773;0.8017219346653901;0.9927526296636511
Energetyczne;Prog_Energii_99.0%;410;2;0.23362351924119568;0.48334616915953277;1.249210274139946;8.629821410907908
Energetyczne;Prog_Energii_99.9%;410;10;0.02465777580733766;0.15702794594382766;0.8764791045266351;2.803628571988667
Energetyczne;Prog_Energii_99.99%;410;77;0.0031314663033722304;0.05595950592501894;0.7744044463791084;0.9991194162462974
Energetyczne;Prog_Energii_99.0%;411;10;0.24867707383051885;0.49867531905090196;1.9680067473874505;9.081911350569733
Energetyczne;Prog_Energii_99.9%;411;37;0.02959769969831374;0.1720398200949819;1.7809114889568862;3.1332017751436085
Energetyczne;Prog_Energii_99.99%;411;344;0.0030063470682546714;0.05483016567779703;1.5083548844467982;0.9985709839631639
Energetyczne;Prog_Energii_99.0%;412;3;0.2482898060531164;0.49828687124297827;0.9299384249405271;8.553194402903639
Energetyczne;Prog_Energii_99.9%;412;10;0.024985543810590913;0.15806816191311554;1.040018318645744;2.7132718034091243
Energetyczne;Prog_Energii_99.99%;412;45;0.0033462158202530092;0.057846484942933304;0.6511044762656448;0.9929465530715985
Energetyczne;Prog_Energii_99.0%;413;3;0.2533993567740564;0.5033878790496017;1.3243570221608216;8.902741088462875
Energetyczne;Prog_Energii_99.9%;413;15;0.02960284526312906;0.17205477402016214;1.2651491688038004;3.042900256214869
Energetyczne;Prog_Energii_99.99%;413;116;0.003166143179690893;0.05626849189102986;0.9670660387679124;0.9951447692580433
Energetyczne;Prog_Energii_99.0%;414;6;0.18515571439539436;0.4302972395860731;2.1250665725033695;7.513761121592176
Energetyczne;Prog_Energii_99.9%;414;16;0.028067718531535002;0.1675342309247128;1.4344549394563568;2.9254479811882472
Energetyczne;Prog_Energii_99.99%;414;96;0.003255823607370969;0.05705982481020223;0.9405041666551934;0.9963668223300276
Energetyczne;Prog_Energii_99.0%;415;5;0.11222057482552404;0.3349933951968666;0.7439233437251298;5.708816917984545
Energetyczne;Prog_Energii_99.9%;415;7;0.029223960827608902;0.1709501705983615;0.6791897285980308;2.913261097194906
Energetyczne;Prog_Energii_99.99%;415;32;0.0033727308659879654;0.05807521731330814;0.545311617900035;0.9896934920731938
Energetyczne;Prog_Energii_99.0%;416;6;0.21366741795681843;0.46224173108539046;1.4490606078525339;7.491169214762124
Energetyczne;Prog_Energii_99.9%;416;11;0.027928891745022145;0.16711939368314543;1.0775923019604328;2.7083657163736743
Energetyczne;Prog_Energii_99.99%;416;31;0.003685062285318473;0.06070471386406885;0.6594929574763544;0.983791062355315
Energetyczne;Prog_Energii_99.0%;417;8;0.17806302655403655;0.4219751492138329;1.4523016071452224;7.693729474511405
Energetyczne;Prog_Energii_99.9%;417;13;0.02850092585076892;0.16882217227239116;1.3006401381031534;3.0780772876863027
Energetyczne;Prog_Energii_99.99%;417;45;0.002958672959030212;0.05439368491865772;0.7346193027670624;0.9917415697716746
Energetyczne;Prog_Energii_99.0%;418;3;0.33182810347872144;0.5760452269385812;1.8051941848493982;9.601425235646753
Energetyczne;Prog_Energii_99.9%;418;25;0.0353380623942356;0.18798420783202932;1.5111945006736898;3.1332892498282146
Energetyczne;Prog_Energii_99.99%;418;238;0.003590042396644267;0.05991696251183188;1.3913185859558777;0.9986858826377207
Energetyczne;Prog_Energii_99.0%;419;4;0.18666575245713424;0.4320483219006113;1.6323154418323016;7.774516220095866
Energetyczne;Prog_Energii_99.9%;419;19;0.029883481647212967;0.17286839400889037;1.2145292159799537;3.1106893952320656
Energetyczne;Prog_Energii_99.99%;419;179;0.003082332157483159;0.05551875500660258;1.1303399571548702;0.999035152872676
Energetyczne;Prog_Energii_99.0%;420;7;0.3067833841954108;0.5538802977136944;1.4476673162440994;9.950402440016964
Energetyczne;Prog_Energii_99.9%;420;15;0.024013841531842592;0.1549640007609593;0.8214198576957079;2.783912295944655
Energetyczne;Prog_Energii_99.99%;420;67;0.0030610860413364076;0.05532708234975352;0.7200211372943306;0.9939453298564143
Energetyczne;Prog_Energii_99.0%;421;5;0.2280232530444423;0.47751780390310294;1.5665014420025498;9.535265111893496
Energetyczne;Prog_Energii_99.9%;421;21;0.024426213534070335;0.15628887847211118;1.2425591597731631;3.1208383815035394
Energetyczne;Prog_Energii_99.99%;421;204;0.0024910280882476207;0.049910200242511756;1.0884616144874597;0.9966266958218188
Energetyczne;Prog_Energii_99.0%;422;9;0.221374978220719;0.4705050246498107;1.2642930494854099;8.367549100743158
Energetyczne;Prog_Energii_99.9%;422;22;0.02840593760356969;0.16854061114037083;1.1631690291795014;2.997357658902696
Energetyczne;Prog_Energii_99.99%;422;159;0.0031466048062092247;0.05609460585661713;1.082098348304548;0.9975969313854326
Energetyczne;Prog_Energii_99.0%;423;6;0.1342166741329644;0.3663559391260969;0.7371648250796321;7.321416989859862
Energetyczne;Prog_Energii_99.9%;423;12;0.010283318262926156;0.101406697327771;0.5455011617473176;2.0265557000990144
Energetyczne;Prog_Energii_99.99%;423;30;0.0023576820322774735;0.048555968039752574;0.4498780702299694;0.9703636583955505
Energetyczne;Prog_Energii_99.0%;424;3;0.1857444128960787;0.43098075699047017;1.1893020182755007;7.216558807144925
Energetyczne;Prog_Energii_99.9%;424;9;0.0340221505649233;0.18445094351865837;0.9337843480517911;3.0885394750123347
Energetyczne;Prog_Energii_99.99%;424;79;0.0035448147479070487;0.05953834686911494;0.8288836653358533;0.9969400593694293
Energetyczne;Prog_Energii_99.0%;425;6;0.2325084907473073;0.48219134246407547;1.2995942127067002;8.74879180335891
Energetyczne;Prog_Energii_99.9%;425;14;0.026959761811596563;0.16419428069088327;1.0426002518723605;2.9791110925510553
Energetyczne;Prog_Energii_99.99%;425;102;0.0029967538294101543;0.05474261438230873;0.8737011825535772;0.9932400145447695
Energetyczne;Prog_Energii_99.0%;426;6;0.09095188418449882;0.30158230084754445;0.7233624170111312;5.892981355304032
Energetyczne;Prog_Energii_99.9%;426;10;0.013171631710709125;0.11476772939598101;0.7532937775863155;2.2425854820405697
Energetyczne;Prog_Energii_99.99%;426;18;0.002341910994192847;0.04839329493011245;0.5085587447745485;0.945615123776929
Energetyczne;Prog_Energii_99.0%;427;6;0.20922210352268586;0.45740802739204944;1.7252339709392888;8.89102411000148
Energetyczne;Prog_Energii_99.9%;427;17;0.02579698614374351;0.16061440204335198;1.2425181059996064;3.1219970692751664
Energetyczne;Prog_Energii_99.99%;427;153;0.0026438593628151687;0.05141847297241691;0.9915168313441112;0.9994640572964387
Energetyczne;Prog_Energii_99.0%;428;5;0.2055327264701131;0.4533571731759773;1.860570978013822;7.517298123080673
Energetyczne;Prog_Energii_99.9%;428;11;0.03376577972579306;0.18375467266383474;1.159225866456957;3.0469103339564043
Energetyczne;Prog_Energii_99.99%;428;91;0.003616812955383564;0.0601399447570711;0.9117631817716632;0.9972046778865471
Energetyczne;Prog_Energii_99.0%;429;7;0.38655525701198484;0.6217356809866914;2.2746703908373167;9.3138901577291
Energetyczne;Prog_Energii_99.9%;429;31;0.043654222983402394;0.20893593033129174;1.9695090423564885;3.129957576216776
Energetyczne;Prog_Energii_99.99%;429;299;0.004450293527653063;0.06671052036712848;1.7207266520609572;0.999354674446752
Energetyczne;Prog_Energii_99.0%;430;3;0.25212263098263576;0.5021181444467385;1.2324557720317504;9.062631698920462
Energetyczne;Prog_Energii_99.9%;430;16;0.016077618252230138;0.1267975482895081;0.4811706743761963;2.2885440273026925
Energetyczne;Prog_Energii_99.99%;430;20;0.002194244036058302;0.04684275862989179;0.3128231305718314;0.8454557436714331
Energetyczne;Prog_Energii_99.0%;431;9;0.23568671202829705;0.4854757584352663;1.879449629842684;8.871359342549109
Energetyczne;Prog_Energii_99.9%;431;42;0.029543991273940372;0.17188365621530272;1.843711924726878;3.140922389846678
Energetyczne;Prog_Energii_99.99%;431;403;0.002994483956165232;0.0547218782221995;1.6013739675792715;0.9999622785966058
Energetyczne;Prog_Energii_99.0%;432;5;0.14934992971307098;0.3864581862415014;0.6882359575844763;6.763831222217322
Energetyczne;Prog_Energii_99.9%;432;7;0.024584228572833898;0.15679358587912293;0.6486013067309493;2.744217587746718
Energetyczne;Prog_Energii_99.99%;432;43;0.003202501992685291;0.056590652873820875;0.5782327263543658;0.9904554707877652
Energetyczne;Prog_Energii_99.0%;433;8;0.26796631070439286;0.5176546249232135;1.4099574267737083;9.08148848738357
Energetyczne;Prog_Energii_99.9%;433;17;0.025954441534697666;0.16110382222249622;1.2418137781677547;2.826329441186994
Energetyczne;Prog_Energii_99.99%;433;119;0.0032222669322217526;0.05676501503762465;0.9680680982347676;0.9958586395838964
Energetyczne;Prog_Energii_99.0%;434;10;0.1620251482780056;0.4025234754371546;1.4564111641772453;7.212399459904491
Energetyczne;Prog_Energii_99.9%;434;22;0.027936140640875056;0.16714108005177858;1.356094804794738;2.9948271568114104
Energetyczne;Prog_Energii_99.99%;434;152;0.0030915773265471516;0.05560195434107646;1.0789068931682504;0.9962735838541801
Energetyczne;Prog_Energii_99.0%;435;2;0.24603552301161657;0.49601968006483027;1.1570769020495693;8.579619807784693
Energetyczne;Prog_Energii_99.9%;435;9;0.03283552540736075;0.1812057543439522;0.53573168865295;3.1343040240877973
Energetyczne;Prog_Energii_99.99%;435;21;0.003291820391716638;0.05737438794197841;0.4549148930804261;0.9924010176011234
Energetyczne;Prog_Energii_99.0%;436;1;0.17073977759763892;0.4132067008140586;0.6949612645483203;7.106977372615421
Energetyczne;Prog_Energii_99.9%;436;5;0.0288297874550884;0.1697933669348965;0.33967293673550714;2.920372816919818
Energetyczne;Prog_Energii_99.99%;436;9;0.0016702424745669443;0.04086860010530021;0.1616048526663345;0.7029223282841659
Energetyczne;Prog_Energii_99.0%;437;7;0.34971422708035715;0.5913664067905423;1.227770232796678;9.850715530412174
Energetyczne;Prog_Energii_99.9%;437;15;0.03026975991467847;0.17398206779630615;0.6731801358022897;2.8981150054763414
Energetyczne;Prog_Energii_99.99%;437;49;0.0035750283476696796;0.05979154077015978;0.6477398414999005;0.9959805840991937
Energetyczne;Prog_Energii_99.0%;438;4;0.26448798485705366;0.5142839535286452;1.088353181180878;9.361318005329677
Energetyczne;Prog_Energii_99.9%;438;12;0.02199405491157413;0.14830392749881618;0.34265995742857314;2.6995207943590773
Energetyczne;Prog_Energii_99.99%;438;17;0.002257986115307939;0.04751827138383655;0.31296681951860705;0.8649572797975198
Energetyczne;Prog_Energii_99.0%;439;7;0.28659822885046216;0.5353486983737442;1.497982498369546;9.281768365135276
Energetyczne;Prog_Energii_99.9%;439;15;0.029745715518884934;0.17246946256913115;0.9337538727685075;2.990240952278283
Energetyczne;Prog_Energii_99.99%;439;37;0.003297620972514369;0.057424915955657865;0.6894961870453225;0.9956216759411438
Energetyczne;Prog_Energii_99.0%;440;10;0.2072681347144066;0.4552671026050604;1.906532964558913;8.399589223053122
Energetyczne;Prog_Energii_99.9%;440;22;0.027916372226263822;0.16708193267455287;1.5133320618838324;3.082629061115171
Energetyczne;Prog_Energii_99.99%;440;172;0.002912812491912532;0.053970477966315364;1.1168077236114033;0.9957447891466638
Energetyczne;Prog_Energii_99.0%;441;4;0.260407680454951;0.5103015583505022;1.4910377353012363;8.5950172993948
Energetyczne;Prog_Energii_99.9%;441;13;0.020743417248460128;0.14402575203226722;0.2736082422926147;2.4258280422993037
Energetyczne;Prog_Energii_99.99%;441;16;0.0007590431381746827;0.027550737525058794;0.11564395831726593;0.4640375122592113
Energetyczne;Prog_Energii_99.0%;442;12;0.18635491804870283;0.43168845021462277;1.0836581348487888;9.244333631816112
Energetyczne;Prog_Energii_99.9%;442;18;0.0037314841689016246;0.06108587536330821;0.31978329106794234;1.3081151737305132
Energetyczne;Prog_Energii_99.99%;442;21;0.0009883257097166797;0.03143764796731269;0.25224519726346717;0.6732172386473078
Energetyczne;Prog_Energii_99.0%;443;6;0.23773808007567968;0.487583921059421;1.128508712756334;8.543480380223425
Energetyczne;Prog_Energii_99.9%;443;11;0.02170620006362112;0.14733024151076765;0.800007203509904;2.5815310419299595
Energetyczne;Prog_Energii_99.99%;443;26;0.0031616056093446924;0.056228156730811406;0.5238232861740704;0.9852337886820338
Energetyczne;Prog_Energii_99.0%;444;7;0.2840648657842392;0.5329773595418844;1.2071326675424219;8.980042585139705
Energetyczne;Prog_Energii_99.9%;444;14;0.027135836953916116;0.16472958736643553;0.580842178477659;2.7755000903876708
Energetyczne;Prog_Energii_99.99%;444;31;0.003487245467035605;0.05905290396784569;0.5262611986162256;0.9949720807338456
Energetyczne;Prog_Energii_99.0%;445;8;0.1668175299061493;0.4084330176493439;1.1491072594051666;7.2661787526732695
Energetyczne;Prog_Energii_99.9%;445;21;0.026913999959379008;0.1640548687463405;0.8219866817279717;2.918598521779367
Energetyczne;Prog_Energii_99.99%;445;67;0.003122624891605581;0.05588045178419356;0.7014535142198612;0.9941344942702199
Energetyczne;Prog_Energii_99.0%;446;5;0.26750273364447985;0.5172066643465452;1.0554536389871716;9.925121224658447
Energetyczne;Prog_Energii_99.9%;446;17;0.026101740660820893;0.16156033133421363;1.078442676282986;3.100319435392376
Energetyczne;Prog_Energii_99.99%;446;152;0.002703227373193216;0.05199257036532447;0.9846923598935993;0.9977299196432458
Energetyczne;Prog_Energii_99.0%;447;1;0.22537311822129327;0.4747347872457771;0.946790625316968;7.72211225271732
Energetyczne;Prog_Energii_99.9%;447;8;0.021333337244437593;0.14605936205679385;0.670177133056308;2.3758250283413918
Energetyczne;Prog_Energii_99.99%;447;12;0.0026739996466215643;0.05171073047851446;0.36520659234641606;0.8411350424555422
Energetyczne;Prog_Energii_99.0%;448;8;0.1724636073601763;0.415287379244995;0.8442565305178609;7.489252112080935
Energetyczne;Prog_Energii_99.9%;448;11;0.027614214745342328;0.16617525310750192;0.8291954579708456;2.996788314572749
Energetyczne;Prog_Energii_99.99%;448;19;0.0029313797343126077;0.054142217670802954;0.4253373599492223;0.9763954752995149
Energetyczne;Prog_Energii_99.0%;449;6;0.24295325986344823;0.49290289090595546;0.9894602304256175;8.730923906767835
Energetyczne;Prog_Energii_99.9%;449;12;0.01359783013498635;0.11660973430630202;0.3776694063811359;2.06554016176584
Energetyczne;Prog_Energii_99.99%;449;18;0.002372218046595856;0.04870542112122485;0.35364846278256046;0.862732464147045
Energetyczne;Prog_Energii_99.0%;450;7;0.2978611706599569;0.5457665899081373;1.6112291723387022;9.514587076627462
Energetyczne;Prog_Energii_99.9%;450;15;0.028511014344902434;0.16885204868435097;1.3078077654311269;2.9436714338717773
Energetyczne;Prog_Energii_99.99%;450;86;0.0032446501759221453;0.056961830868768125;0.8828003619621834;0.993040449647612
Energetyczne;Prog_Energii_99.0%;451;8;0.2558508870444219;0.5058170489855219;1.2843509719457318;8.9191989881336
Energetyczne;Prog_Energii_99.9%;451;15;0.021873123593921903;0.1478956510311304;0.6531441466848378;2.6078811374030524
Energetyczne;Prog_Energii_99.99%;451;20;0.002437088658246558;0.049366878149692206;0.39376184705133443;0.8704985538212899
Energetyczne;Prog_Energii_99.0%;452;7;0.21736116335016703;0.46622008038067925;1.9518593285761447;8.194939987888628
Energetyczne;Prog_Energii_99.9%;452;35;0.03226399455767409;0.17962180980514056;1.6989010844659198;3.157285612123696
Energetyczne;Prog_Energii_99.99%;452;345;0.003232318321710926;0.05685348117495468;1.5514597447954124;0.9993367637680526
Energetyczne;Prog_Energii_99.0%;453;3;0.3210045286334107;0.5665726154990292;1.1314771537767063;9.716581690628262
Energetyczne;Prog_Energii_99.9%;453;9;0.0092730107398666;0.09629647314344696;0.31509728371150647;1.6514609464376704
Energetyczne;Prog_Energii_99.99%;453;13;0.0032572664515480255;0.05707246666780774;0.297426736338271;0.9787788352159826
Energetyczne;Prog_Energii_99.0%;454;5;0.25912825386827504;0.5090464162218167;1.4026134767318483;9.478374262229243
Energetyczne;Prog_Energii_99.9%;454;15;0.023430481661464036;0.15307018541004005;0.34669461924673417;2.850145800993071
Energetyczne;Prog_Energii_99.99%;454;19;0.00274294472878289;0.05237312983565991;0.14761630329515185;0.9751804748005496
Energetyczne;Prog_Energii_99.0%;455;5;0.26629455310979727;0.5160373563123093;1.0433184370129869;9.10826431469913
Energetyczne;Prog_Energii_99.9%;455;9;0.027783629950845788;0.166684222261274;0.9214672282607479;2.942042731741523
Energetyczne;Prog_Energii_99.99%;455;18;0.002780003754919862;0.052725740913901455;0.5233622362303922;0.9306302703820459
Energetyczne;Prog_Energii_99.0%;456;3;0.16534871732346373;0.4066309350301127;1.1393002299763895;7.294577295049025
Energetyczne;Prog_Energii_99.9%;456;8;0.02044313588860889;0.14297949464384355;0.7282549863919181;2.5649179278731666
Energetyczne;Prog_Energii_99.99%;456;42;0.0030078681520142423;0.054844034789703816;0.56759233890023;0.9838505054127913
Energetyczne;Prog_Energii_99.0%;457;4;0.1730469809448253;0.4159891596482116;0.9907731439708929;7.862571639913472
Energetyczne;Prog_Energii_99.9%;457;7;0.021062309637680625;0.14512859689833918;0.8372112954133106;2.743061841030409
Energetyczne;Prog_Energii_99.99%;457;27;0.0027686376694253693;0.05261784554146406;0.5004992986838355;0.9945249065084418
Energetyczne;Prog_Energii_99.0%;458;4;0.05627183489745032;0.23721685205197865;1.264500421893875;5.990309131303985
Energetyczne;Prog_Energii_99.9%;458;11;0.015226373442621883;0.12339519213738387;0.8652421185611612;3.1160321866914127
Energetyczne;Prog_Energii_99.99%;458;76;0.001546434036895484;0.03932472551583144;0.5738745059378552;0.9930460686321337
Energetyczne;Prog_Energii_99.0%;459;9;0.2515286073918265;0.5015262778676971;1.3479808352745035;9.753464900088158
Energetyczne;Prog_Energii_99.9%;459;16;0.020840150911284838;0.14436118214840454;0.7840145884745855;2.8074734767758955
Energetyczne;Prog_Energii_99.99%;459;66;0.002599373739200018;0.050984053773704754;0.6683522866866349;0.9915157009523976
Energetyczne;Prog_Energii_99.0%;460;5;0.27704432201305623;0.5263499995374334;1.0722188756570654;9.54078974340119
Energetyczne;Prog_Energii_99.9%;460;10;0.014660369086403984;0.12108001109350786;0.39510575143261484;2.1947353072804274
Energetyczne;Prog_Energii_99.99%;460;14;0.00239295215519372;0.0489178102044002;0.4225506548089122;0.8866999948284321
Energetyczne;Prog_Energii_99.0%;461;5;0.29208650899572525;0.5404502835559671;1.4070990652215638;9.510379742199431
Energetyczne;Prog_Energii_99.9%;461;15;0.029059334845480452;0.17046798774397628;1.1776110629887642;2.999749184451905
Energetyczne;Prog_Energii_99.99%;461;51;0.0031964373995895614;0.056537044489339564;0.7305544970791304;0.9948903330338652
Energetyczne;Prog_Energii_99.0%;462;9;0.19599214172589177;0.44270999731866434;2.0424263562731433;8.336976095547382
Energetyczne;Prog_Energii_99.9%;462;45;0.027738750220803212;0.1665495428417719;1.7804934446537821;3.1364088586342334
Energetyczne;Prog_Energii_99.99%;462;436;0.002813267127893873;0.05304024064702076;1.5980064213590879;0.9988372095830464
Energetyczne;Prog_Energii_99.0%;463;3;0.30566191450430946;0.552866995311087;1.2013427875506313;9.904407728988687
Energetyczne;Prog_Energii_99.9%;463;12;0.016044455817484173;0.1266667115602366;0.5225824308879536;2.269187286676199
Energetyczne;Prog_Energii_99.99%;463;30;0.0030057472867467024;0.0548246959567192;0.48375146217435994;0.9821641497475284
Energetyczne;Prog_Energii_99.0%;464;6;0.1922474553844158;0.43846032361482357;1.2752647603828065;7.934305784190925
Energetyczne;Prog_Energii_99.9%;464;12;0.02335375450531039;0.15281935252221948;1.181732190283162;2.76539382778571
Energetyczne;Prog_Energii_99.99%;464;59;0.0030430204992150474;0.05516357946340182;0.7338919801409798;0.9982310463229961
Energetyczne;Prog_Energii_99.0%;465;5;0.34052483984324333;0.5835450623929941;1.241891405873444;9.862198547508575
Energetyczne;Prog_Energii_99.9%;465;14;0.022576357120086522;0.15025430815815738;0.7284544733164742;2.539371704384892
Energetyczne;Prog_Energii_99.99%;465;22;0.003029878719177799;0.055044334124211176;0.5268539776608021;0.930276318031424
Energetyczne;Prog_Energii_99.0%;466;4;0.2677234349404708;0.5174199792629492;1.3438879452363044;9.229011822400468
Energetyczne;Prog_Energii_99.9%;466;17;0.02917789903281944;0.17081539460136325;0.5040083038716912;3.0467654118605996
Energetyczne;Prog_Energii_99.99%;466;25;0.0031421469237720157;0.056054856379907134;0.5464766365382259;0.999827901833337
Energetyczne;Prog_Energii_99.0%;467;2;0.174503787203586;0.417736504514013;0.8253062506796698;8.203134336349144
Energetyczne;Prog_Energii_99.9%;467;5;0.009351915387163737;0.09670530175312901;0.26391486803990105;1.8990118717084417
Energetyczne;Prog_Energii_99.99%;467;10;0.00212933063429389;0.0461446707030605;0.223409119209923;0.9061476040361279
Energetyczne;Prog_Energii_99.0%;468;7;0.1253894841156389;0.35410377591271025;0.9618244387834771;6.931944116702181
Energetyczne;Prog_Energii_99.9%;468;13;0.022661211337192913;0.15053641199787152;0.9107312920652255;2.946904457057627
Energetyczne;Prog_Energii_99.99%;468;73;0.0026030953610951934;0.051020538620198765;0.698202094675457;0.99877930306636
Energetyczne;Prog_Energii_99.0%;469;2;0.22712763398311195;0.4765790952015331;1.1271197908985942;8.988088429116917
Energetyczne;Prog_Energii_99.9%;469;11;0.013141110305979364;0.1146346819508798;0.20605585332247767;2.16196360434671
Energetyczne;Prog_Energii_99.99%;469;13;0.002083630456275221;0.04564680116147484;0.1880839676504733;0.8608801549974759
Energetyczne;Prog_Energii_99.0%;470;5;0.22420306827539707;0.4735008640703806;1.8052647696986304;8.054651229499676
Energetyczne;Prog_Energii_99.9%;470;8;0.025582585073254307;0.15994556909540916;1.0547596933913086;2.7208097651451606
Energetyczne;Prog_Energii_99.99%;470;53;0.0034356892470487495;0.05861475281060861;0.7192644685625282;0.9970866509815126
Energetyczne;Prog_Energii_99.0%;471;3;0.26686882385735605;0.5165934802698888;1.331738406994324;9.431610526222212
Energetyczne;Prog_Energii_99.9%;471;11;0.0284095482468194;0.16855132229329856;0.318235153087036;3.0772947903245305
Energetyczne;Prog_Energii_99.99%;471;13;0.0018033009139179058;0.04246529069626047;0.3224643762238406;0.7753022405948502
Energetyczne;Prog_Energii_99.0%;472;5;0.31687044477223236;0.5629124663499934;1.5335735342021577;9.837994650463404
Energetyczne;Prog_Energii_99.9%;472;24;0.03172917639694452;0.17812685478878393;1.369639104727285;3.1131146479643936
Energetyczne;Prog_Energii_99.99%;472;226;0.0032665648192876794;0.057153869679031175;1.2929939135531878;0.9988754873408534
Energetyczne;Prog_Energii_99.0%;473;6;0.2363740292787912;0.4861831231941224;1.230689800575325;8.967985755041063
Energetyczne;Prog_Energii_99.9%;473;14;0.0032721320028325338;0.057202552415364594;0.28600756363980384;1.0551408527773043
Energetyczne;Prog_Energii_99.99%;473;16;0.0017858416110052321;0.04225921924273131;0.26289640775620704;0.7795006821671452
Energetyczne;Prog_Energii_99.0%;474;4;0.21756659010046656;0.4664403392723088;1.164249672580782;8.859160788649701
Energetyczne;Prog_Energii_99.9%;474;13;0.027136048347627225;0.1647302290037479;1.1014449775360502;3.128742226223502
Energetyczne;Prog_Energii_99.99%;474;29;0.0026116974405291852;0.0511047692542407;0.6116379464389547;0.97063939323191
Energetyczne;Prog_Energii_99.0%;475;6;0.11861224225417163;0.3444012808544295;1.810350611338265;7.107156144692619
Energetyczne;Prog_Energii_99.9%;475;22;0.022827519777993237;0.15108778831524816;1.2886566425649404;3.1178876583987094
Energetyczne;Prog_Energii_99.99%;475;210;0.0023370256706833205;0.04834279336864307;1.073904593349157;0.997614701342474
Energetyczne;Prog_Energii_99.0%;476;4;0.31106438148644205;0.5577314600113947;1.779413582618452;9.037750439165606
Energetyczne;Prog_Energii_99.9%;476;19;0.03797703762652457;0.19487698075074072;1.4002071783115984;3.1578808882814147
Energetyczne;Prog_Energii_99.99%;476;185;0.0038080737289958606;0.06170959187189509;1.2782435890191826;0.9999720851851456
Energetyczne;Prog_Energii_99.0%;477;7;0.19643266403229212;0.4432072472695952;0.976537670401048;8.931833673497257
Energetyczne;Prog_Energii_99.9%;477;11;0.022755834328057917;0.1508503706593322;0.4777049755491838;3.040046002440443
Energetyczne;Prog_Energii_99.99%;477;21;0.002411348154879113;0.04910547988645578;0.31671809645545146;0.9896092212054782
Energetyczne;Prog_Energii_99.0%;478;10;0.2379762189844736;0.48782806293249836;2.2086516936479903;8.670768784987006
Energetyczne;Prog_Energii_99.9%;478;52;0.030976044062328793;0.17600012517702593;2.0195993661252025;3.128266919219703
Energetyczne;Prog_Energii_99.99%;478;497;0.0031604717657898363;0.05621807330200704;1.7851613046184225;0.9992330334768046
Energetyczne;Prog_Energii_99.0%;479;7;0.25958904627868284;0.5094988187215774;1.6842566595868167;9.607501023776322
Energetyczne;Prog_Energii_99.9%;479;29;0.027587804621112173;0.1660957694256906;1.509709757657439;3.132029390777186
Energetyczne;Prog_Energii_99.99%;479;269;0.0028044207263146956;0.05295678168388536;1.306125348549105;0.9985937465379261
Energetyczne;Prog_Energii_99.0%;480;3;0.3584973738153497;0.5987465021320373;1.2944388504595983;9.56436592543881
Energetyczne;Prog_Energii_99.9%;480;12;0.03265375238073776;0.18070349299539776;1.1082706351018388;2.886554367931523
Energetyczne;Prog_Energii_99.99%;480;103;0.003886658255358914;0.06234306902422204;0.9867691044282934;0.9958670705203679
Energetyczne;Prog_Energii_99.0%;481;4;0.11058327918515874;0.33254064290723734;1.0972935668451704;6.353432859728179
Energetyczne;Prog_Energii_99.9%;481;11;0.018797317526612477;0.13710330968511475;0.91271417805119;2.619459279670319
Energetyczne;Prog_Energii_99.99%;481;32;0.002557500949554906;0.050571740622158794;0.5657213768414033;0.9662101926353173
Energetyczne;Prog_Energii_99.0%;482;4;0.12037232780887266;0.34694715420200906;0.8663401905616404;8.67576842960351
Energetyczne;Prog_Energii_99.9%;482;9;0.010875020005646286;0.1042833639927591;0.5457070776884416;2.607712172022744
Energetyczne;Prog_Energii_99.99%;482;40;0.0015376190799583447;0.03921248627616393;0.41008950410073286;0.9805483237453629
Energetyczne;Prog_Energii_99.0%;483;5;0.338888181826265;0.5821410325911283;1.145905576192816;9.791450135228029
Energetyczne;Prog_Energii_99.9%;483;10;0.02572887937346492;0.16040224242031317;0.5306511408834158;2.697921071199182
Energetyczne;Prog_Energii_99.99%;483;16;0.002886755992112105;0.05372853982858743;0.3949195943740982;0.9036990851317018
Energetyczne;Prog_Energii_99.0%;484;6;0.21150061320013944;0.4598919581816358;1.1389641183152799;7.952855983912698
Energetyczne;Prog_Energii_99.9%;484;11;0.03130902049078247;0.17694355170726755;0.5303704325507752;3.0598634287362954
Energetyczne;Prog_Energii_99.99%;484;26;0.0032559685989213437;0.05706109531827569;0.54993007415524;0.9867506166988301
Energetyczne;Prog_Energii_99.0%;485;2;0.2826691650395025;0.5316664039033334;0.9897735903083804;8.76338952508187
Energetyczne;Prog_Energii_99.9%;485;7;0.0030442615060959377;0.055174826742781326;0.19463510320338706;0.9094396320249892
Energetyczne;Prog_Energii_99.99%;485;7;0.0030442615060959377;0.055174826742781326;0.19463510320338706;0.9094396320249892
Energetyczne;Prog_Energii_99.0%;486;6;0.17091558468631793;0.4134193811208153;1.6353492923560093;7.068771969192309
Energetyczne;Prog_Energii_99.9%;486;28;0.03242232866556342;0.18006201338861957;1.4920767351836384;3.0787557891144046
Energetyczne;Prog_Energii_99.99%;486;261;0.003414596840784894;0.05843455177191739;1.4082731733139973;0.9991319721823494
Energetyczne;Prog_Energii_99.0%;487;9;0.2889150088183847;0.5375081476762792;2.2902572786698467;9.465220635281824
Energetyczne;Prog_Energii_99.9%;487;52;0.031118492957417483;0.17640434506388294;1.9958612317483544;3.106382766978336
Energetyczne;Prog_Energii_99.99%;487;501;0.0032188916953087457;0.05673527734407179;1.8033687401509209;0.9990767957418342
Energetyczne;Prog_Energii_99.0%;488;6;0.2012727986439119;0.44863437077860174;1.1367712452699301;8.274825225166053
Energetyczne;Prog_Energii_99.9%;488;12;0.014057653408124406;0.11856497546967404;0.41516739071358;2.1868686702156883
Energetyczne;Prog_Energii_99.99%;488;15;0.0023139779294298933;0.04810382447820436;0.33399595917067604;0.8872497653900022
Energetyczne;Prog_Energii_99.0%;489;10;0.2573583631029446;0.5073050000768222;1.6071484746969622;9.214591440649336
Energetyczne;Prog_Energii_99.9%;489;17;0.021836840136157488;0.1477729343829833;1.2733197958357927;2.684119447115392
Energetyczne;Prog_Energii_99.99%;489;53;0.0030097719144416583;0.05486138819280513;0.7625730986250252;0.9964918106208495
Energetyczne;Prog_Energii_99.0%;490;4;0.2244252011279842;0.47373537035773905;0.960170159063968;8.467184832490775
Energetyczne;Prog_Energii_99.9%;490;11;0.013383444095239914;0.11568683630923578;0.25044175888106945;2.067698312196338
Energetyczne;Prog_Energii_99.99%;490;14;0.002404222946434923;0.04903287617950759;0.26830677448873264;0.8763762460189766
Energetyczne;Prog_Energii_99.0%;491;5;0.32385246126559214;0.569080364505394;1.596432543707894;9.331976494284227
Energetyczne;Prog_Energii_99.9%;491;11;0.03419798444621528;0.1849269705754552;0.95384351766522;3.032496375216231
Energetyczne;Prog_Energii_99.99%;491;74;0.003654473453042549;0.0604522410919773;0.8222556897590056;0.9913167420342227
Energetyczne;Prog_Energii_99.0%;492;3;0.3314882845745631;0.5757501928567311;1.4961333910355412;9.541104468436648
Energetyczne;Prog_Energii_99.9%;492;7;0.02838287268999146;0.16847217185633792;0.7095437474220843;2.791854195879911
Energetyczne;Prog_Energii_99.99%;492;35;0.0036067231248406374;0.060055999907092025;0.6081649176541459;0.995224276394765
Energetyczne;Prog_Energii_99.0%;493;3;0.338782512479278;0.5820502662822843;1.1325830984325798;9.204078624041388
Energetyczne;Prog_Energii_99.9%;493;7;0.026493670310937256;0.162768763314517;0.5626969096738259;2.5738953864823557
Energetyczne;Prog_Energii_99.99%;493;32;0.0037813168712467096;0.06149241311939799;0.5552151037863808;0.9723919701094721
Energetyczne;Prog_Energii_99.0%;494;8;0.2117482976839859;0.460161164902022;1.1437763924261306;8.006964580023732
Energetyczne;Prog_Energii_99.9%;494;14;0.020263379206861363;0.14234949668636473;0.8123578473278057;2.47693083399294
Energetyczne;Prog_Energii_99.99%;494;26;0.0030158177908734545;0.0549164619296751;0.66704292647636;0.9555655693473278
Energetyczne;Prog_Energii_99.0%;495;4;0.24263984868735666;0.4925848644521639;1.4804414830386037;9.267791894914513
Energetyczne;Prog_Energii_99.9%;495;19;0.026778769926125382;0.16364220093278317;1.1895774380331723;3.0788641164554114
Energetyczne;Prog_Energii_99.99%;495;185;0.002823446032900752;0.053136108560006085;1.0950244233915276;0.999735135563723
Energetyczne;Prog_Energii_99.0%;496;3;0.26520995723665447;0.5149853951683042;0.9103129772268561;9.997045227689023
Energetyczne;Prog_Energii_99.9%;496;8;0.02283328081282729;0.15110685230269105;0.6444247843787423;2.9333298591701538
Energetyczne;Prog_Energii_99.99%;496;64;0.0025823951184616853;0.05081727185181909;0.6369958761984087;0.9864795580938274
Energetyczne;Prog_Energii_99.0%;497;4;0.1831667836749358;0.4279798869981343;0.7950601004279996;7.783643103458992
Energetyczne;Prog_Energii_99.9%;497;8;0.015458780687429154;0.12433334503434368;0.7063796939584845;2.2612426728613424
Energetyczne;Prog_Energii_99.99%;497;33;0.0029601924062774916;0.05440765025506516;0.5288958960418677;0.9895084898816587
Energetyczne;Prog_Energii_99.0%;498;3;0.249470833206824;0.49947055289258446;1.1845221398184353;8.613661952014692
Energetyczne;Prog_Energii_99.9%;498;9;0.020448674529076682;0.14299886198525036;0.8820978216682569;2.4660990513461734
Energetyczne;Prog_Energii_99.99%;498;33;0.003277420992956435;0.05724876411728409;0.5894207382240735;0.987288436567679
Energetyczne;Prog_Energii_99.0%;499;3;0.18014394993347513;0.42443368143147536;0.929654326960061;7.369983563835161
Energetyczne;Prog_Energii_99.9%;499;8;0.007958426775919014;0.08921001499786341;0.2006502385884632;1.549067317292751
Energetyczne;Prog_Energii_99.99%;499;11;0.0007088121385986499;0.026623526036170526;0.21305098049446514;0.46229825266492924
Energetyczne;Prog_Energii_99.0%;500;7;0.1872935029870676;0.43277419399389744;1.0383281913577695;7.394147353316101
Energetyczne;Prog_Energii_99.9%;500;9;0.018358988064933544;0.13549534333302213;0.7323147702890216;2.315000635889693
Energetyczne;Prog_Energii_99.99%;500;15;0.0027269344816281743;0.0522200582308003;0.4491020451868337;0.8922038576143231
Energetyczne;Prog_Energii_99.0%;501;7;0.23760126657007846;0.48744360347642113;1.5703718399846531;8.034230743884356
Energetyczne;Prog_Energii_99.9%;501;27;0.03674641271860266;0.19169353854160726;1.5899488301264677;3.1595657626256255
Energetyczne;Prog_Energii_99.99%;501;261;0.0036783133676285586;0.060649100303537554;1.465344026926747;0.9996415231883904
Energetyczne;Prog_Energii_99.0%;502;6;0.2031985703474018;0.4507755210161725;1.13782906988986;8.130917209630212
Energetyczne;Prog_Energii_99.9%;502;13;0.027100098494034552;0.1646210754855968;0.9340497667768064;2.969372278060438
Energetyczne;Prog_Energii_99.99%;502;93;0.003060418445869949;0.05532104885005299;0.832308772451225;0.9978600149708475
Energetyczne;Prog_Energii_99.0%;503;10;0.17176969351966967;0.4144510749409026;2.2165365433391404;8.899058892589219
Energetyczne;Prog_Energii_99.9%;503;86;0.02143070555088992;0.1463923001762385;2.1012360872168037;3.1433232520285
Energetyczne;Prog_Energii_99.99%;503;831;0.0021670876458295837;0.04655198863453186;1.7783314632140526;0.99956041490522
Energetyczne;Prog_Energii_99.0%;504;4;0.1616941503771289;0.402112111701611;1.6082498342871734;7.208558429758695
Energetyczne;Prog_Energii_99.9%;504;9;0.025404407975608022;0.1593876029545837;1.0606051978701307;2.857299781434793
Energetyczne;Prog_Energii_99.99%;504;88;0.0030732987073669228;0.055437340370610516;0.8208570066906962;0.9938106702652832
Energetyczne;Prog_Energii_99.0%;505;3;0.25425204964376275;0.5042341218558724;0.9187317703593809;9.232135629653829
Energetyczne;Prog_Energii_99.9%;505;7;0.0025266146892808272;0.050265442296679605;0.16209092675045245;0.9203212568389572
Energetyczne;Prog_Energii_99.99%;505;7;0.0025266146892808272;0.050265442296679605;0.16209092675045245;0.9203212568389572
Energetyczne;Prog_Energii_99.0%;506;9;0.2819767631731902;0.5310148427051641;1.2256013914165615;9.315746060143988
Energetyczne;Prog_Energii_99.9%;506;17;0.02050556117148587;0.14319762976909173;0.4784355646634717;2.512157190461149
Energetyczne;Prog_Energii_99.99%;506;22;0.0026698267680247247;0.05167036643981466;0.4655562987116788;0.9064680944430001
Energetyczne;Prog_Energii_99.0%;507;4;0.163079511173525;0.4038310428552082;0.9339225550919608;7.9617498606093555
Energetyczne;Prog_Energii_99.9%;507;9;0.020508682593102553;0.14320852835324632;0.7552592063986312;2.823434455640252
Energetyczne;Prog_Energii_99.99%;507;34;0.0024582340930035486;0.04958058181388706;0.4992500305279739;0.9775082855311381
Energetyczne;Prog_Energii_99.0%;508;10;0.25914973515250384;0.5090675153184534;1.706273551398204;9.029903962673394
Energetyczne;Prog_Energii_99.9%;508;38;0.030524615398366605;0.1747129514328191;1.7693909832180168;3.099080426466938
Energetyczne;Prog_Energii_99.99%;508;348;0.003172197780727201;0.05632226718383415;1.549814585231263;0.9990514977407314
Energetyczne;Prog_Energii_99.0%;509;5;0.20778957102405793;0.4558394136360501;0.9029909402010237;8.779424092238886
Energetyczne;Prog_Energii_99.9%;509;11;0.006874940412876275;0.08291526043423053;0.5816727706872689;1.5969400918274947
Energetyczne;Prog_Energii_99.99%;509;27;0.002635442306660403;0.051336559162651355;0.45820203196209874;0.9887372851990351
Energetyczne;Prog_Energii_99.0%;510;7;0.28856088937128527;0.5371786382306032;1.3230559727608968;9.493302890887682
Energetyczne;Prog_Energii_99.9%;510;17;0.030973923648604615;0.17599410117559228;1.3733115973790921;3.110260145438236
Energetyczne;Prog_Energii_99.99%;510;147;0.003190082274536258;0.05648081333104418;1.0737710966249603;0.9981585832255502
Energetyczne;Prog_Energii_99.0%;511;1;0.2254381001763034;0.47480322258416;0.9087225097140248;9.360513595028994
Energetyczne;Prog_Energii_99.9%;511;7;0.02489853045020968;0.15779268186519196;0.6365392429527166;3.110805642296181
Energetyczne;Prog_Energii_99.99%;511;45;0.002523863280364312;0.05023806604920528;0.5247750918282046;0.9904189311988018
Energetyczne;Prog_Energii_99.0%;512;2;0.09194956212036078;0.3032318619808294;1.2385893132046704;5.010102231816381
Energetyczne;Prog_Energii_99.9%;512;5;0.03361163611128361;0.18333476514639443;0.9410845886859711;3.0291207197994017
Energetyczne;Prog_Energii_99.99%;512;46;0.0035882387563074603;0.05990190945460303;0.6638658834718214;0.9897201708557359
Energetyczne;Prog_Energii_99.0%;513;3;0.26603475734127485;0.5157855730255305;1.1730212712145844;9.497389581715582
Energetyczne;Prog_Energii_99.9%;513;11;0.018747619345115953;0.13692194617779851;0.5666145700336029;2.521204805146571
Energetyczne;Prog_Energii_99.99%;513;43;0.002878901613334749;0.05365539687053623;0.5441992878128383;0.9879807305425
Energetyczne;Prog_Energii_99.0%;514;5;0.2718974091926573;0.5214378286935628;1.43086814500439;9.981196389933942
Energetyczne;Prog_Energii_99.9%;514;19;0.022981204030393776;0.15159552773876206;1.1009398462206406;2.9017931782726105
Energetyczne;Prog_Energii_99.99%;514;117;0.0027282934298109287;0.05223306835531423;0.8872837034343606;0.9998287132512971
Energetyczne;Prog_Energii_99.0%;515;2;0.21042726123974348;0.45872351284814633;0.8212379104459915;8.512085148941253
Energetyczne;Prog_Energii_99.9%;515;11;0.025632969061869657;0.160102995168328;0.8797803669466902;2.970875242500325
Energetyczne;Prog_Energii_99.99%;515;91;0.0028935944035051206;0.05379214072246168;0.7990714175357567;0.9981683287401044
Energetyczne;Prog_Energii_99.0%;516;6;0.2576217260412614;0.5075645043157189;1.2135353779674576;9.01204864684065
Energetyczne;Prog_Energii_99.9%;516;12;0.015356240242585978;0.12392029794422695;0.8128399413000036;2.200263698325319
Energetyczne;Prog_Energii_99.99%;516;72;0.0031418410589645293;0.05605212805027593;0.7581068339284212;0.995232133951224
Energetyczne;Prog_Energii_99.0%;517;8;0.21031425662372488;0.45860032340124324;2.2404666767907333;7.794001161651555
Energetyczne;Prog_Energii_99.9%;517;22;0.03209532246612808;0.1791516744720185;1.4730045773952893;3.0447173447042277
Energetyczne;Prog_Energii_99.99%;517;194;0.0034405742311718443;0.058656408270297666;1.254503081114982;0.9968769991403117
Energetyczne;Prog_Energii_99.0%;518;3;0.3121469321843021;0.5587011116726922;1.2360444189538597;9.906483795796834
Energetyczne;Prog_Energii_99.9%;518;12;0.013420639527112326;0.11584748390497018;0.40284507419735505;2.0541237490158286
Energetyczne;Prog_Energii_99.99%;518;17;0.0025053764583935615;0.05005373570867175;0.46574857042964;0.8875166190962319
Energetyczne;Prog_Energii_99.0%;519;1;0.22250687379834863;0.4717063427582341;0.9132620137455136;8.831588610264369
Energetyczne;Prog_Energii_99.9%;519;7;0.01945217888397535;0.13947106826856726;0.3099154026278823;2.611266769871267
Energetyczne;Prog_Energii_99.99%;519;11;0.001384904542579694;0.03721430561732536;0.09802682782405192;0.696750091819983
Energetyczne;Prog_Energii_99.0%;520;8;0.17451966939605978;0.41775551390264115;0.9858463217286175;7.344120850407242
Energetyczne;Prog_Energii_99.9%;520;15;0.02921451650081607;0.17092254532628534;0.8314062939176274;3.004809720424166
Energetyczne;Prog_Energii_99.99%;520;32;0.0030940585658778726;0.05562426238502289;0.6786513427407099;0.9778717253881042
Energetyczne;Prog_Energii_99.0%;521;3;0.19542269189332054;0.4420663885586876;1.016433129234544;7.893920130891546
Energetyczne;Prog_Energii_99.9%;521;11;0.019380005963685994;0.13921208986178604;0.7796507284847491;2.485891592451492
Energetyczne;Prog_Energii_99.99%;521;39;0.003081996380729485;0.055515730930336175;0.5849396263214137;0.9913369514496803
Energetyczne;Prog_Energii_99.0%;522;9;0.30661151586877217;0.5537251266366483;1.3359830638671655;9.908507285840333
Energetyczne;Prog_Energii_99.9%;522;15;0.025374840630308388;0.15929482298652517;1.0624140971220495;2.850464676843809
Energetyczne;Prog_Energii_99.99%;522;40;0.003043031471682358;0.05516367891722195;0.6341305558142016;0.9871138010027853
Energetyczne;Prog_Energii_99.0%;523;8;0.22318714409257956;0.47242686639582593;1.2533759968593934;8.601479888446923
Energetyczne;Prog_Energii_99.9%;523;19;0.02795537637510837;0.16719861355617865;1.0403396714428421;3.044186548600544
Energetyczne;Prog_Energii_99.99%;523;134;0.002980345901400777;0.05459254437559013;0.9714768729561216;0.99396690981657
Energetyczne;Prog_Energii_99.0%;524;2;0.21621576572052992;0.46499007056122166;1.0739816726203868;8.347599242607169
Energetyczne;Prog_Energii_99.9%;524;8;0.011782383346809939;0.10854668740597263;0.44569691485500407;1.9486528916283916
Energetyczne;Prog_Energii_99.99%;524;13;0.0014007052669682202;0.03742599720739877;0.2761486273217626;0.6718793490906735
Energetyczne;Prog_Energii_99.0%;525;1;0.2866038373170943;0.5353539364916394;1.1601213257490661;9.648365860704649
Energetyczne;Prog_Energii_99.9%;525;11;0.020395873745621802;0.14281412306078767;0.393274737101609;2.57385407193638
Energetyczne;Prog_Energii_99.99%;525;15;0.002529320358309507;0.05029234890427675;0.32709785967740146;0.9063891178284978
Energetyczne;Prog_Energii_99.0%;526;7;0.26497400307040686;0.5147562559798636;1.2999994091712521;9.142105124645582
Energetyczne;Prog_Energii_99.9%;526;13;0.02617304556906826;0.16178085662113506;0.6796087982524002;2.8732387051231636
Energetyczne;Prog_Energii_99.99%;526;17;0.0030918111106957285;0.05560405660287501;0.5162974538027783;0.9875317199449676
Energetyczne;Prog_Energii_99.0%;527;3;0.2761347408953233;0.5254852432707539;1.1056223130712235;8.7708231425113
Energetyczne;Prog_Energii_99.9%;527;8;0.01359387674096487;0.11659278168465177;0.5421106429532774;1.9460387916594915
Energetyczne;Prog_Energii_99.99%;527;13;0.0032460165726889726;0.05697382357441857;0.3960899437885139;0.9509445540536225
Energetyczne;Prog_Energii_99.0%;528;4;0.2794408945214642;0.5286216931998385;1.4555891155747238;9.393912475458995
Energetyczne;Prog_Energii_99.9%;528;13;0.029853678554741414;0.1727821708242532;0.6260977161907704;3.0704388618974963
Energetyczne;Prog_Energii_99.99%;528;19;0.0017624511279130967;0.041981556997246976;0.3761159935191296;0.7460364890219223
Energetyczne;Prog_Energii_99.0%;529;5;0.20572572007137138;0.45356997262977117;1.0416587658207206;8.435023234267828
Energetyczne;Prog_Energii_99.9%;529;7;0.010038172133977523;0.10019067887771559;0.4707667814781882;1.8632421791299303
Energetyczne;Prog_Energii_99.99%;529;11;0.002116806744516615;0.04600876812648449;0.32063879009255736;0.8556232809611365
Energetyczne;Prog_Energii_99.0%;530;4;0.08453635515413717;0.290751363116559;0.5572695308039926;5.482353656476727
Energetyczne;Prog_Energii_99.9%;530;7;0.021564214219192496;0.14684758840101017;0.22023655365922945;2.7689308300588213
Energetyczne;Prog_Energii_99.99%;530;9;8.949994703138447e-05;0.009460441164733517;0.05095986841233646;0.17838432004381505
Energetyczne;Prog_Energii_99.0%;531;5;0.29811813356093964;0.5460019538068885;1.1018122518774423;9.705944539325268
Energetyczne;Prog_Energii_99.9%;531;19;0.02377498986517719;0.15419140658667457;1.0261013245973922;2.7409668231702486
Energetyczne;Prog_Energii_99.99%;531;65;0.003112379886187495;0.05578870751493975;0.7751412811432052;0.9917219110394556
Energetyczne;Prog_Energii_99.0%;532;7;0.2354802867418098;0.48526311083968643;1.3540735554380787;9.754215616072317
Energetyczne;Prog_Energii_99.9%;532;31;0.02416692144462469;0.15545713700124766;1.3462964862808033;3.124825274156098
Energetyczne;Prog_Energii_99.99%;532;298;0.0024667631853539165;0.049666519762853495;1.2697710545744831;0.9983407595695803
Energetyczne;Prog_Energii_99.0%;533;9;0.21752307347071706;0.4663936893555884;0.9347062720787234;8.730927474503682
Energetyczne;Prog_Energii_99.9%;533;13;0.015140157623821721;0.12304534783494141;0.6120098102963221;2.3034188337889008
Energetyczne;Prog_Energii_99.99%;533;26;0.0026102741409483863;0.051090842045795115;0.5200201233503572;0.9564246830386829
Energetyczne;Prog_Energii_99.0%;534;3;0.24811575880859135;0.4981121950008766;0.9638891534745149;9.037369041317996
Energetyczne;Prog_Energii_99.9%;534;8;0.02216163341160535;0.1488678387416347;0.9162114771094565;2.7009449087854622
Energetyczne;Prog_Energii_99.99%;534;31;0.0029554072121973983;0.05436365708998428;0.5595626668187652;0.9863328713664336
Energetyczne;Prog_Energii_99.0%;535;3;0.2434483999077559;0.49340490462474723;1.0088216101446061;9.140049629006066
Energetyczne;Prog_Energii_99.9%;535;12;0.01828884118422773;0.13523624212550323;0.3095434127503429;2.505175674342869
Energetyczne;Prog_Energii_99.99%;535;17;0.0027264556816773825;0.05221547358472757;0.4027517863452932;0.9672624157018324
Energetyczne;Prog_Energii_99.0%;536;3;0.2852372905979875;0.5340761093683067;0.9554616844339545;9.57288329483464
Energetyczne;Prog_Energii_99.9%;536;8;0.013611963037000458;0.1166703177204916;0.8261629787127003;2.091221299583227
Energetyczne;Prog_Energii_99.99%;536;31;0.0030534652865294616;0.0552581694098661;0.5634991171276456;0.9904580968291493
Energetyczne;Prog_Energii_99.0%;537;8;0.2391376918804503;0.48901706706458653;1.5077274115152495;9.242077385023094
Energetyczne;Prog_Energii_99.9%;537;13;0.02294837286110428;0.1514872036216402;0.556006461763646;2.863001218170241
Energetyczne;Prog_Energii_99.99%;537;42;0.002760278335998309;0.05253835109706346;0.6027602357380308;0.9929377504864122
Energetyczne;Prog_Energii_99.0%;538;4;0.21653160026680215;0.4653295609208619;1.5303102646269409;8.376098155828066
Energetyczne;Prog_Energii_99.9%;538;19;0.02918444732441693;0.17083456127030305;1.1699895347719318;3.0750830675277863
Energetyczne;Prog_Energii_99.99%;538;174;0.0030643644414614;0.05535670186582109;1.1115308832265907;0.9964403883850491
Energetyczne;Prog_Energii_99.0%;539;6;0.26214971094221945;0.5120055770616365;2.177244681142449;8.893830826092776
Energetyczne;Prog_Energii_99.9%;539;41;0.03263656646361023;0.18065593392858767;1.8437211116530836;3.1380972904856295
Energetyczne;Prog_Energii_99.99%;539;397;0.003308700789498289;0.05752130726520642;1.6661412172913268;0.9991781313172323
Energetyczne;Prog_Energii_99.0%;540;6;0.21947401183666462;0.4684805351737302;1.1502822616732704;7.909012510470398
Energetyczne;Prog_Energii_99.9%;540;15;0.029165779262079052;0.17077991469162598;0.924018580692243;2.8831517649548597
Energetyczne;Prog_Energii_99.99%;540;53;0.003457901678767059;0.058803925708808415;0.7132893865669168;0.992743452880637
Energetyczne;Prog_Energii_99.0%;541;5;0.24218943347503546;0.492127456534418;1.1044048382758795;8.911512862636469
Energetyczne;Prog_Energii_99.9%;541;10;0.007744772984894945;0.08800439185003749;0.42360505864723574;1.5935958449927714
Energetyczne;Prog_Energii_99.99%;541;20;0.00286955842433707;0.0535682594857913;0.398662736493943;0.9700215403512871
Energetyczne;Prog_Energii_99.0%;542;4;0.24415677668730304;0.4941222284893719;1.3490127966223158;8.474437894200808
Energetyczne;Prog_Energii_99.9%;542;13;0.031644360103563786;0.17788861712758292;0.9944166645658736;3.0508767892140933
Energetyczne;Prog_Energii_99.99%;542;119;0.0033716009696171012;0.05806548862807495;0.9713934420496821;0.9958515298520484
Energetyczne;Prog_Energii_99.0%;543;4;0.2045984029572438;0.45232554975066774;1.0606383594686468;8.149206416526374
Energetyczne;Prog_Energii_99.9%;543;13;0.018693515718636797;0.1367242323753796;0.6847995487624958;2.4632568122279532
Energetyczne;Prog_Energii_99.99%;543;17;0.0029040303010727042;0.05388905548506769;0.4670500381212408;0.9708782468324654
Energetyczne;Prog_Energii_99.0%;544;7;0.2922795247342442;0.5406288234401161;1.5293949923790988;9.588352597846933
Energetyczne;Prog_Energii_99.9%;544;26;0.03091946621498539;0.17583931930880928;1.5074546327564224;3.1186080375254215
Energetyczne;Prog_Energii_99.99%;544;242;0.0031700012205127907;0.05630276387987353;1.32425854966709;0.9985608034702677
Energetyczne;Prog_Energii_99.0%;545;7;0.2665572184275459;0.5162917958166156;2.510018261907942;9.974360885608473
Energetyczne;Prog_Energii_99.9%;545;81;0.02648775905588172;0.1627506038571953;2.2901560124835765;3.1442166433319985
Energetyczne;Prog_Energii_99.99%;545;784;0.002675084716290475;0.05172122114075107;1.9405155854434168;0.9992142607771629
Energetyczne;Prog_Energii_99.0%;546;2;0.2273039685818244;0.47676405965825946;1.1876161132408036;7.847520783955611
Energetyczne;Prog_Energii_99.9%;546;8;0.012171426664880395;0.11032418893823963;0.25766692356775867;1.8159325312534231
Energetyczne;Prog_Energii_99.99%;546;14;0.0027611355519439307;0.05254650846577659;0.24847104250416496;0.8649138058037709
Energetyczne;Prog_Energii_99.0%;547;7;0.22180982387644294;0.47096690316458856;0.9785976017812033;8.611441510890842
Energetyczne;Prog_Energii_99.9%;547;13;0.010366238876877534;0.10181472819232752;0.20105631715661243;1.8616415949489178
Energetyczne;Prog_Energii_99.99%;547;16;0.0006026658427970313;0.024549253406102423;0.21800846417443065;0.4488732826493529
Energetyczne;Prog_Energii_99.0%;548;7;0.25851185948499517;0.5084406154950597;1.2734914009381804;9.018951211379342
Energetyczne;Prog_Energii_99.9%;548;13;0.0309315964423403;0.1758738082897516;1.0978972636662512;3.1197297147087686
Energetyczne;Prog_Energii_99.99%;548;88;0.0031311028394031158;0.055956258268428885;0.840753625022792;0.992577594932924
Energetyczne;Prog_Energii_99.0%;549;6;0.09006954532561451;0.30011588649322535;0.6261689795126397;5.937891499326534
Energetyczne;Prog_Energii_99.9%;549;7;0.006362089409688025;0.07976270688541122;0.30941860776672314;1.5781313835542277
Energetyczne;Prog_Energii_99.99%;549;14;0.002280212908014481;0.04775157492705849;0.30389191455948694;0.9447806117562364
Energetyczne;Prog_Energii_99.0%;550;5;0.2854551432423849;0.5342800232484693;1.161361159686754;9.479221393690846
Energetyczne;Prog_Energii_99.9%;550;19;0.03046610475105862;0.17454542317419444;1.2385212920398647;3.0967931375457542
Energetyczne;Prog_Energii_99.99%;550;157;0.00315851770904572;0.05620069135736428;1.0823886546510328;0.9971153190715333
Energetyczne;Prog_Energii_99.0%;551;4;0.18634886888291502;0.4316814437555951;0.7813810755717556;7.644415468957731
Energetyczne;Prog_Energii_99.9%;551;7;0.02905412038427745;0.17045269251108194;0.652131785912645;3.0184554332961686
Energetyczne;Prog_Energii_99.99%;551;32;0.003003129197268861;0.054800813837650814;0.5104336098580982;0.9704382596746287
Energetyczne;Prog_Energii_99.0%;552;4;0.20949825545234735;0.4577097939222487;1.6882982506978692;8.433596051586784
Energetyczne;Prog_Energii_99.9%;552;29;0.02870674482670695;0.16943064901813648;1.4806792523246672;3.121868204594004
Energetyczne;Prog_Energii_99.99%;552;280;0.00293291906996409;0.054156431473686394;1.3523508821473174;0.9978669294590129
Energetyczne;Prog_Energii_99.0%;553;7;0.31919799761577344;0.5649761035794111;1.3457929504789297;9.25868869552943
Energetyczne;Prog_Energii_99.9%;553;16;0.03383230324184629;0.18393559536382914;0.9829919293727407;3.014291058880497
Energetyczne;Prog_Energii_99.99%;553;76;0.0036912138732864085;0.060755360860473936;0.8207413115048929;0.9956438320627417
Energetyczne;Prog_Energii_99.0%;554;4;0.20649036671954313;0.4544121111057045;0.7862458391891947;8.056278624500449
Energetyczne;Prog_Energii_99.9%;554;7;0.01450668413103862;0.1204436969336238;0.5834313545095204;2.1353479745535386
Energetyczne;Prog_Energii_99.99%;554;11;0.0029757768643902194;0.05455068161251717;0.3887963599427122;0.9671297914078302
Energetyczne;Prog_Energii_99.0%;555;9;0.22277086382779385;0.47198608435820844;1.5964696201533082;9.182070654117751
Energetyczne;Prog_Energii_99.9%;555;23;0.023993199616044;0.15489738414848717;1.222054966553591;3.0133912259794635
Energetyczne;Prog_Energii_99.99%;555;155;0.0026308899429154523;0.051292201579922966;0.9971377835448809;0.9978442893131286
Energetyczne;Prog_Energii_99.0%;556;6;0.21101644781424184;0.45936526622530116;1.2402971490857553;8.26902897016061
Energetyczne;Prog_Energii_99.9%;556;11;0.019967896684108605;0.14130780829136302;0.5765800835006933;2.543680261402455
Energetyczne;Prog_Energii_99.99%;556;18;0.0029468116949506813;0.05428454379425769;0.35659469600800087;0.9771754598583655
Energetyczne;Prog_Energii_99.0%;557;3;0.2073415460870001;0.4553477199756249;1.0237351029759694;8.564675163603756
Energetyczne;Prog_Energii_99.9%;557;13;0.02298602045272187;0.15161141267306322;0.4362568652492076;2.851672345497576
Energetyczne;Prog_Energii_99.99%;557;22;0.002274269079491566;0.04768929732646064;0.37667270225096416;0.8969921720559326
Energetyczne;Prog_Energii_99.0%;558;3;0.28151875490450784;0.530583409940895;1.1544777309986323;8.971082790625177
Energetyczne;Prog_Energii_99.9%;558;7;0.034093322733707944;0.18464377252891023;0.3643608403092431;3.1219494222684783
Energetyczne;Prog_Energii_99.99%;558;12;0.00157377620300888;0.03967084827690076;0.13708028246373782;0.6707530947981425
Energetyczne;Prog_Energii_99.0%;559;7;0.25811568031432236;0.5080508639047102;2.4591852289793827;7.934738574059286
Energetyczne;Prog_Energii_99.9%;559;37;0.04088783976369581;0.2022074176772351;1.9825158671346248;3.1580755215592102
Energetyczne;Prog_Energii_99.99%;559;367;0.004099383627428238;0.06402642913225942;1.794785913884314;0.9999647930729598
Energetyczne;Prog_Energii_99.0%;560;7;0.24075988734730008;0.49067289241132944;0.9208033032098539;9.569323466149111
Energetyczne;Prog_Energii_99.9%;560;13;0.010557342796510856;0.10274893087770236;0.24555989492841057;2.003855869309946
Energetyczne;Prog_Energii_99.99%;560;15;0.0023697178669995368;0.048679748017009465;0.18712725755744408;0.9493743433352105
Energetyczne;Prog_Energii_99.0%;561;5;0.3160181200864462;0.5621548897647749;1.3177398699957958;9.169043161054885
Energetyczne;Prog_Energii_99.9%;561;17;0.03488404994978938;0.1867727227134342;1.132797833267368;3.0463617537575725
Energetyczne;Prog_Energii_99.99%;561;132;0.0037295932026208205;0.061070395468023786;1.076436991005112;0.9960904051609447
Energetyczne;Prog_Energii_99.0%;562;3;0.05843936191269506;0.24174234613053433;0.4083679178491044;4.483757051797155
Energetyczne;Prog_Energii_99.9%;562;5;0.024847580143905347;0.15763115220001833;0.49520256290491815;2.9236904562765385
Energetyczne;Prog_Energii_99.99%;562;7;0.002903971097170954;0.05388850616941385;0.3769457324795482;0.9995061825761132
Energetyczne;Prog_Energii_99.0%;563;2;0.19899028279691267;0.4460832689049351;0.8169271067991897;7.70429039515578
Energetyczne;Prog_Energii_99.9%;563;7;0.007866573566545538;0.08869370646525906;0.2926853499333193;1.531826272051204
Energetyczne;Prog_Energii_99.99%;563;9;0.0018793655748337848;0.04335165019735448;0.21178250449758984;0.7487250150617255
Energetyczne;Prog_Energii_99.0%;564;3;0.26627939660560906;0.5160226706314452;1.0116696862070818;8.50600369807233
Energetyczne;Prog_Energii_99.9%;564;7;0.034150154578258304;0.1847976043628767;0.9470013034799667;3.046162883080411
Energetyczne;Prog_Energii_99.99%;564;15;0.0032733602081383623;0.05721328698946043;0.5148151365405891;0.9430911826329519
Energetyczne;Prog_Energii_99.0%;565;6;0.21452985181180012;0.46317367348738653;1.0990796099320903;8.414454862850915
Energetyczne;Prog_Energii_99.9%;565;15;0.029224529141067386;0.1709518328099099;1.2333762175320953;3.1056740985944584
Energetyczne;Prog_Energii_99.99%;565;139;0.00302437874644692;0.05499435195042233;1.0091341494513797;0.9990798672005432
Energetyczne;Prog_Energii_99.0%;566;2;0.21364459648637402;0.46221704478131703;0.9452190258687958;9.093406925404892
Energetyczne;Prog_Energii_99.9%;566;9;0.014263724219160468;0.11943083445727266;0.2776488506131862;2.3496173268003777
Energetyczne;Prog_Energii_99.99%;566;13;0.001728849234919391;0.041579432835470366;0.2169917413169138;0.8180111633039386
Energetyczne;Prog_Energii_99.0%;567;7;0.26551068758303;0.5152772919341876;2.37416441961442;9.328710574623273
Energetyczne;Prog_Energii_99.9%;567;27;0.029280519842172403;0.17111551607663286;1.5579282899377844;3.0979186338956404
Energetyczne;Prog_Energii_99.99%;567;246;0.0030359332334120893;0.055099303384090886;1.3124600890481588;0.9975317410245867
Energetyczne;Prog_Energii_99.0%;568;4;0.1547289992846543;0.3933560718797338;1.1154357383595297;7.525196295657639
Energetyczne;Prog_Energii_99.9%;568;8;0.02359358985412071;0.1536020502926986;0.8294451868183303;2.938522276634486
Energetyczne;Prog_Energii_99.99%;568;46;0.002684090439034714;0.05180820822065471;0.5889189965068073;0.9911298298350149
Energetyczne;Prog_Energii_99.0%;569;4;0.13773864483302292;0.3711315734790331;1.041590597971397;6.744543694238686
Energetyczne;Prog_Energii_99.9%;569;9;0.015155436699859052;0.12310741935342098;0.7299764159865445;2.237221051097181
Energetyczne;Prog_Energii_99.99%;569;21;0.002832248467097791;0.053218873222737356;0.4896922002726116;0.9671422251795542
Energetyczne;Prog_Energii_99.0%;570;3;0.28704952478513507;0.5357700297563639;1.5429423271230869;9.795429694284062
Energetyczne;Prog_Energii_99.9%;570;15;0.02467571668381959;0.1570850619372179;0.5110882278883819;2.871970425311008
Energetyczne;Prog_Energii_99.99%;570;23;0.0027641639374988937;0.05257531680835498;0.5075902756301929;0.9612292417422872
Energetyczne;Prog_Energii_99.0%;571;2;0.15644575058312662;0.3955322370972139;0.9126929853952088;7.359531480453857
Energetyczne;Prog_Energii_99.9%;571;7;0.008322410227168373;0.0912272449828908;0.4750127940466182;1.6974337825254098
Energetyczne;Prog_Energii_99.99%;571;12;0.002514993578557502;0.050149711649794176;0.371295916322099;0.9331183327330957
Energetyczne;Prog_Energii_99.0%;572;6;0.22232387377176718;0.47151232621403144;1.0881173035222167;8.41367946014859
Energetyczne;Prog_Energii_99.9%;572;15;0.03107381407251088;0.17627766186477198;1.1482096087117952;3.145503649551282
Energetyczne;Prog_Energii_99.99%;572;130;0.003128406917855013;0.055932163536332236;0.9890219799653543;0.9980551288784236
Energetyczne;Prog_Energii_99.0%;573;9;0.17949295267823326;0.42366608629701913;0.8869023550123956;7.662693699362142
Energetyczne;Prog_Energii_99.9%;573;13;0.01932309896448534;0.13900755002691523;0.45633081999983727;2.514178765321924
Energetyczne;Prog_Energii_99.99%;573;15;0.001989933870243251;0.04460867483173257;0.389256402714099;0.8068208021030284
Energetyczne;Prog_Energii_99.0%;574;5;0.3393275411559767;0.5825182753836798;1.4257118461266174;9.626485066885294
Energetyczne;Prog_Energii_99.9%;574;13;0.0354760448909801;0.1883508558275754;1.2841256761711488;3.1126177110322777
Energetyczne;Prog_Energii_99.99%;574;116;0.0036018039214374313;0.060015030795938375;1.0226028035974446;0.9917865621730635
Energetyczne;Prog_Energii_99.0%;575;4;0.12221283973597846;0.3495895303580736;0.743558016656463;6.2144230646665015
Energetyczne;Prog_Energii_99.9%;575;9;0.015624434480284987;0.12499773790067158;0.33791025643724115;2.2220025429406625
Energetyczne;Prog_Energii_99.99%;575;14;0.002451222426555598;0.04950982151609515;0.3259628758208404;0.8801035215270938
Energetyczne;Prog_Energii_99.0%;576;3;0.3528646702693035;0.5940241327330932;0.9365138178574237;9.619778817573204
Energetyczne;Prog_Energii_99.9%;576;7;0.023850788749893707;0.15443700576576103;0.8353618382177377;2.5009923921431496
Energetyczne;Prog_Energii_99.99%;576;32;0.0037132086132158136;0.060936102707802156;0.5959539917751986;0.9868148409340263
Energetyczne;Prog_Energii_99.0%;577;6;0.19674458970866904;0.4435590036383762;1.0855011682243854;7.477165602789287
Energetyczne;Prog_Energii_99.9%;577;10;0.02933580501196256;0.17127698331055038;0.5317116364315169;2.8872514313862543
Energetyczne;Prog_Energii_99.99%;577;26;0.00327529486562576;0.05723019190624613;0.5763945027497153;0.9647411479697677
Energetyczne;Prog_Energii_99.0%;578;8;0.21244470521833014;0.460917243351049;1.0313898756859627;8.683918319874175
Energetyczne;Prog_Energii_99.9%;578;16;0.010392226235881208;0.10194226913249091;0.43402140514628496;1.9206448690289961
Energetyczne;Prog_Energii_99.99%;578;23;0.0025395939022833575;0.05039438363829205;0.49912968323666096;0.9494561499015696
Energetyczne;Prog_Energii_99.0%;579;6;0.2600229476801059;0.5099244529144547;2.266417816294789;8.93437934299995
Energetyczne;Prog_Energii_99.9%;579;57;0.03257181422108448;0.1804766306785576;2.1262455846458836;3.162128569855507
Energetyczne;Prog_Energii_99.99%;579;558;0.0032495325133171746;0.05700467097806262;1.891414719123416;0.9987780580633425
Energetyczne;Prog_Energii_99.0%;580;16;0.2688611822087999;0.5185182563891072;3.1071542250988964;9.21117389571966
Energetyczne;Prog_Energii_99.9%;580;115;0.03140988654247551;0.17722834576465332;2.916057712988053;3.148358022063362
Energetyczne;Prog_Energii_99.99%;580;1087;0.003168501280111915;0.05628944199503061;2.327987503001733;0.9999490515916658
Energetyczne;Prog_Energii_99.0%;581;5;0.26870494825632;0.5183675802520061;1.0971501780478752;9.30791721718852
Energetyczne;Prog_Energii_99.9%;581;14;0.018533300805812256;0.13613706624506147;0.6657248148624184;2.4445057736518
Energetyczne;Prog_Energii_99.99%;581;31;0.003097954721716265;0.05565927345659719;0.5517546501731001;0.9994296121894863
Energetyczne;Prog_Energii_99.0%;582;5;0.24741021381852815;0.4974034718601471;1.233178706703276;9.430823634512892
Energetyczne;Prog_Energii_99.9%;582;23;0.027018502829587884;0.16437305992646084;1.2530767599040806;3.1165309977320113
Energetyczne;Prog_Energii_99.99%;582;216;0.002775243742577397;0.05268058221562663;1.1694776443955348;0.9988295376810726
Energetyczne;Prog_Energii_99.0%;583;6;0.22468849262514418;0.4740131776914479;1.385004094474919;8.080723707570007
Energetyczne;Prog_Energii_99.9%;583;22;0.032191524288232284;0.17941996624743936;1.3954843100049388;3.058655841443397
Energetyczne;Prog_Energii_99.99%;583;206;0.0034198640135145427;0.0584796033973773;1.2739523514335982;0.9969290724868473
Energetyczne;Prog_Energii_99.0%;584;5;0.14137828060691532;0.37600303270973134;1.6084483311976174;7.224077544036383
Energetyczne;Prog_Energii_99.9%;584;9;0.019050226499583142;0.13802255793740073;0.9440375284756461;2.6518021787759682
Energetyczne;Prog_Energii_99.99%;584;43;0.002693433037755246;0.051898295133416913;0.5971487538671081;0.9971124587617897
Energetyczne;Prog_Energii_99.0%;585;4;0.2617570346410359;0.5116219645803295;1.6945044674463032;8.078620513976825
Energetyczne;Prog_Energii_99.9%;585;24;0.03785260814596195;0.19455746746388827;1.5286665992161659;3.072104124947837
Energetyczne;Prog_Energii_99.99%;585;226;0.003986062761174876;0.06313527350993955;1.4301115435125507;0.9969195051102097
Energetyczne;Prog_Energii_99.0%;586;9;0.2686961599364772;0.5183591032638254;1.2462478212144994;9.802077267685169
Energetyczne;Prog_Energii_99.9%;586;17;0.022149929819149452;0.14882852488400686;0.48136441693925036;2.814320596210598
Energetyczne;Prog_Energii_99.99%;586;29;0.0027810395347748246;0.05273556233486872;0.4608593120250326;0.9972199841894529
Energetyczne;Prog_Energii_99.0%;587;9;0.3092720278797376;0.5561223137761491;1.8238659418635477;9.583300509215805
Energetyczne;Prog_Energii_99.9%;587;23;0.032327643735418486;0.1797988980372752;1.888694762271304;3.098359530688838
Energetyczne;Prog_Energii_99.99%;587;156;0.003337864968498334;0.057774258701417655;1.192594606321478;0.9955868864052173
Energetyczne;Prog_Energii_99.0%;588;4;0.16231115631417029;0.40287858755978867;1.2759782588006914;7.44103358741737
Energetyczne;Prog_Energii_99.9%;588;11;0.027421778066405868;0.16559522356156856;1.0470484745751838;3.0584887320541876
Energetyczne;Prog_Energii_99.99%;588;85;0.0028982290895093145;0.05383520306926792;0.7968762961837621;0.9943183048029535
Energetyczne;Prog_Energii_99.0%;589;4;0.18800446639443463;0.4335948182283024;1.3329569881493546;8.256578265429306
Energetyczne;Prog_Energii_99.9%;589;9;0.018193616903608115;0.1348837162284911;0.7650369505441752;2.5684761739613418
Energetyczne;Prog_Energii_99.99%;589;28;0.002701731007543472;0.05197817818607605;0.5081767342773658;0.9897763493607962
Energetyczne;Prog_Energii_99.0%;590;5;0.20851140067867946;0.4566304859278227;1.031624495253431;8.194018206002083
Energetyczne;Prog_Energii_99.9%;590;12;0.013612056225117661;0.11667071708495522;0.6309018316712152;2.0936008640749226
Energetyczne;Prog_Energii_99.99%;590;17;0.0023906195285862274;0.04889396208721714;0.4056313762413337;0.8773790359007256
Energetyczne;Prog_Energii_99.0%;591;6;0.21808996887477183;0.467001037338004;1.0691900880217213;8.264713457340765
Energetyczne;Prog_Energii_99.9%;591;15;0.030965702913125462;0.1759707444807956;1.1131584144668114;3.114228157390758
Energetyczne;Prog_Energii_99.99%;591;130;0.0031699516686228934;0.05630232382968658;0.9937909186808405;0.9964058668631589
Energetyczne;Prog_Energii_99.0%;592;6;0.1568149197195731;0.3959986360072129;1.1594676734793632;6.916524493686935
Energetyczne;Prog_Energii_99.9%;592;16;0.027249264066751686;0.16507351109960583;1.1357040201068962;2.883179079330288
Energetyczne;Prog_Energii_99.99%;592;112;0.003243973670234806;0.05695589232234718;0.9461374082354341;0.9947933868644298
Energetyczne;Prog_Energii_99.0%;593;1;0.12660348822978884;0.35581383928929583;0.8473854436634882;6.625960974801044
Energetyczne;Prog_Energii_99.9%;593;9;0.026679798091661145;0.16333951785058368;0.8400728358292335;3.041706508893919
Energetyczne;Prog_Energii_99.99%;593;78;0.0028610577999079435;0.053488856782585505;0.7324944941557421;0.996068838514106
Energetyczne;Prog_Energii_99.0%;594;7;0.2682714626081207;0.5179492857492137;1.205995356125615;9.386324544497535
Energetyczne;Prog_Energii_99.9%;594;15;0.02865012470345546;0.16926347716933934;0.961089836417985;3.0674082848544204
Energetyczne;Prog_Energii_99.99%;594;110;0.0030058244587904724;0.05482539975951359;0.8905999681734809;0.9935509316905992
Energetyczne;Prog_Energii_99.0%;595;3;0.028327049223370603;0.16830641468277613;0.47068668558341464;3.340367111966581
Energetyczne;Prog_Energii_99.9%;595;4;0.008537952052949615;0.09240103924171857;0.46570021302370357;1.8338777709472331
Energetyczne;Prog_Energii_99.99%;595;19;0.0024865446592005655;0.04986526505695689;0.39963504813274575;0.9896728638638225
Energetyczne;Prog_Energii_99.0%;596;7;0.2919670312216563;0.5403397368523403;1.210401774062552;9.718316339663032
Energetyczne;Prog_Energii_99.9%;596;11;0.022838883611309292;0.15112539035949352;1.0144432627506674;2.718075777702742
Energetyczne;Prog_Energii_99.99%;596;37;0.0030550919508127786;0.0552728862175007;0.6396871752613791;0.9941141778633675
Energetyczne;Prog_Energii_99.0%;597;6;0.21375302406850555;0.46233432066904306;2.0308321058416032;8.19117086033965
Energetyczne;Prog_Energii_99.9%;597;22;0.030220251722439917;0.17383972998840028;1.4185523334967325;3.0799161277702694
Energetyczne;Prog_Energii_99.99%;597;208;0.0031748609044259927;0.056345904060774395;1.240773442911589;0.998279614574615
Energetyczne;Prog_Energii_99.0%;598;4;0.15453970283199306;0.3931153810676874;0.7053991044457986;7.345646891420647
Energetyczne;Prog_Energii_99.9%;598;9;0.027499191214317976;0.1658288009192552;0.37200021734941346;3.0986317876247185
Energetyczne;Prog_Energii_99.99%;598;11;0.0008594824645937448;0.029316931363867958;0.19603750830573308;0.5478081909542722
Energetyczne;Prog_Energii_99.0%;599;6;0.1019525165180373;0.3193000415252671;0.6035869453466116;5.682386881808873
Energetyczne;Prog_Energii_99.9%;599;9;0.007392309907410753;0.08597854329663158;0.28355018761667594;1.530107369269334
Energetyczne;Prog_Energii_99.99%;599;13;0.002979843014400813;0.05458793836005178;0.2861070364620426;0.9714680379006573
Energetyczne;Prog_Energii_99.0%;600;4;0.18408047766465546;0.42904600879702337;0.8484640928076188;7.935703949632994
Energetyczne;Prog_Energii_99.9%;600;9;0.006266456970281518;0.0791609560975707;0.4738116255837692;1.4641737694322872
Energetyczne;Prog_Energii_99.99%;600;13;0.002663025379973333;0.05160450929883292;0.38283275681282714;0.9544852996298566
Energetyczne;Prog_Energii_99.0%;601;5;0.2623972234473748;0.5122472288332801;1.3117348760301066;9.05960794754593
Energetyczne;Prog_Energii_99.9%;601;9;0.022461687346601752;0.14987223674384043;0.581423498442085;2.650641390903252
Energetyczne;Prog_Energii_99.99%;601;26;0.0030945076135157944;0.05562829867536661;0.4957366331316466;0.9838424659430146
Energetyczne;Prog_Energii_99.0%;602;4;0.22628222422649014;0.4756913119098247;1.025103078119117;7.996432824226531
Energetyczne;Prog_Energii_99.9%;602;9;0.03532945136612056;0.18796130284215568;1.0722924084490648;3.1596539480551202
Energetyczne;Prog_Energii_99.99%;602;22;0.0032338943238552197;0.05686733969384553;0.589308594853514;0.955947376731803
Energetyczne;Prog_Energii_99.0%;603;5;0.2824456522362684;0.5314561621020762;1.6108284275187112;9.525451029347947
Energetyczne;Prog_Energii_99.9%;603;9;0.014405772080713041;0.12002404792670943;0.6970681606554008;2.151227650363366
Energetyczne;Prog_Energii_99.99%;603;24;0.003023416884944925;0.0549856061614758;0.49259278492615977;0.9855238045194626
Energetyczne;Prog_Energii_99.0%;604;7;0.2995288204197954;0.5472922623423387;2.0042105967626718;9.599966176828499
Energetyczne;Prog_Energii_99.9%;604;23;0.03180605148437235;0.17834251171375923;1.5389782363365043;3.1282775185149583
Energetyczne;Prog_Energii_99.99%;604;205;0.0032443933593800695;0.05695957653792793;1.2547337768614257;0.9991188361960526
Energetyczne;Prog_Energii_99.0%;605;5;0.2427500035667992;0.49269666486267105;0.9171299394539192;8.975061520513108
Energetyczne;Prog_Energii_99.9%;605;10;0.005749120805821799;0.07582295698416014;0.4044802003751409;1.3812062312005622
Energetyczne;Prog_Energii_99.99%;605;13;0.0021484707138713466;0.046351598827563074;0.3198432992393929;0.8443500448038868
Energetyczne;Prog_Energii_99.0%;606;6;0.23613837216236144;0.485940708484442;1.0843750956744795;8.5597464309333
Energetyczne;Prog_Energii_99.9%;606;11;0.027446935517599587;0.1656711668263358;0.9958240402847185;2.9182638008926673
Energetyczne;Prog_Energii_99.99%;606;49;0.0032205515080049375;0.05674990315414589;0.655741489069702;0.9996379650812133
Energetyczne;Prog_Energii_99.0%;607;2;0.06906336306106307;0.26279909258036466;0.8373364061372066;4.995163298708927
Energetyczne;Prog_Energii_99.9%;607;8;0.021515262893162017;0.14668081978623523;0.6630938622366709;2.7880410104410105
Energetyczne;Prog_Energii_99.99%;607;63;0.002739827116644905;0.052343357903796205;0.6446570533632552;0.994918276790748
Energetyczne;Prog_Energii_99.0%;608;6;0.2679600590255002;0.5176485864227779;1.1307418347167264;8.500840017961192
Energetyczne;Prog_Energii_99.9%;608;16;0.02945907986582357;0.17163647591879638;0.8942068356368047;2.818619158443305
Energetyczne;Prog_Energii_99.99%;608;75;0.003668328146220634;0.0605667247440427;0.8230793130966179;0.9946285008117293
Energetyczne;Prog_Energii_99.0%;609;4;0.019718389167416393;0.14042218189237907;0.648328483729923;2.7238382676335418
Energetyczne;Prog_Energii_99.9%;609;5;0.019718389167416393;0.14042218189237907;0.648328483729923;2.7238382676335418
Energetyczne;Prog_Energii_99.99%;609;17;0.002504710855565201;0.05004708638437608;0.3966268733309306;0.970787999732138
Energetyczne;Prog_Energii_99.0%;610;7;0.20210443667172434;0.4495602703439488;0.9213145210164528;8.633779134001317
Energetyczne;Prog_Energii_99.9%;610;10;0.007780817288964977;0.08820894109422796;0.7554300886053227;1.694047640084011
Energetyczne;Prog_Energii_99.99%;610;32;0.0026563632876129366;0.05153991935978302;0.5564054426212248;0.9898211868147452
Energetyczne;Prog_Energii_99.0%;611;6;0.12926560815261298;0.35953526691078996;0.717205044910286;6.8502656515005045
Energetyczne;Prog_Energii_99.9%;611;11;0.022937637073967232;0.15145176484269582;0.6022066523611036;2.8856274141765286
Energetyczne;Prog_Energii_99.99%;611;17;0.002248695889838653;0.04742041638196203;0.39384816120555843;0.9035064969073205
Energetyczne;Prog_Energii_99.0%;612;3;0.258742778545486;0.5086676503823356;1.382808550606252;9.83259838564477
Energetyczne;Prog_Energii_99.9%;612;20;0.025129037567269103;0.15852141043805124;1.1979330442907292;3.064235288388693
Energetyczne;Prog_Energii_99.99%;612;173;0.0026622325319380076;0.051596826762292346;1.0429395573568891;0.997372007333232
Energetyczne;Prog_Energii_99.0%;613;7;0.27655476565694764;0.5258847456020641;1.8819911840839065;9.063436935096107
Energetyczne;Prog_Energii_99.9%;613;16;0.02871902623501938;0.1694668883145595;1.3844282955604807;2.9207016702253568
Energetyczne;Prog_Energii_99.99%;613;106;0.003349495563800387;0.05787482668484103;0.9737957603572998;0.9974520960617403
Energetyczne;Prog_Energii_99.0%;614;6;0.2327407035322466;0.4824320714175692;1.1173060833543804;8.690677400920539
Energetyczne;Prog_Energii_99.9%;614;11;0.022583708855540972;0.1502787704752104;0.41194034015014314;2.707167271382764
Energetyczne;Prog_Energii_99.99%;614;22;0.0024476968198111283;0.04947420357935162;0.45799660102391204;0.8912432826288145
Energetyczne;Prog_Energii_99.0%;615;6;0.17043270821846576;0.4128349648690936;1.2440665354840608;7.414681484684968
Energetyczne;Prog_Energii_99.9%;615;11;0.024470904201727803;0.15643178769587657;0.5352561592900917;2.8095776243482122
Energetyczne;Prog_Energii_99.99%;615;17;0.002815470894154049;0.05306101105476647;0.45514533318040584;0.9529970320008981
Energetyczne;Prog_Energii_99.0%;616;5;0.23065035899420883;0.480260719811863;1.4193451308329106;8.700388977127119
Energetyczne;Prog_Energii_99.9%;616;21;0.029714073589645836;0.1723777061851266;1.344225696459607;3.1227894202612383
Energetyczne;Prog_Energii_99.99%;616;196;0.0030287398273679445;0.055033987928987525;1.1783906384323144;0.9969940954827233
Energetyczne;Prog_Energii_99.0%;617;12;0.1587857647389936;0.39847931532137726;1.3098203108504212;7.2565250751275485
Energetyczne;Prog_Energii_99.9%;617;25;0.028965993783341956;0.17019398868156876;1.3426434976108421;3.099325106769282
Energetyczne;Prog_Energii_99.99%;617;208;0.0030027549920562512;0.05479739950085452;1.202581807265111;0.997890450622345
Energetyczne;Prog_Energii_99.0%;618;7;0.3311265985446569;0.5754360073410917;2.494076211286849;9.599272667045327
Energetyczne;Prog_Energii_99.9%;618;41;0.03541138658766845;0.18817913430470568;2.0402097623851407;3.1391550014156007
Energetyczne;Prog_Energii_99.99%;618;396;0.0035846893348066076;0.05987227517646718;1.7439384709226866;0.9987736034644845
Energetyczne;Prog_Energii_99.0%;619;10;0.2079748676734084;0.45604261607157764;1.6086999485949516;7.904803291618702
Energetyczne;Prog_Energii_99.9%;619;15;0.031659249397777;0.17793046225359221;0.9514692491521037;3.0841532219451095
Energetyczne;Prog_Energii_99.99%;619;53;0.0033137753954319443;0.057565401027283254;0.6996159765921268;0.9978084404559212
Energetyczne;Prog_Energii_99.0%;620;4;0.16399839194757412;0.4049671492202474;0.8860095512938564;7.457267892280016
Energetyczne;Prog_Energii_99.9%;620;10;0.02438917688783801;0.15617034573771682;0.8270556734300447;2.8757989561339894
Energetyczne;Prog_Energii_99.99%;620;80;0.0029027983354653433;0.05387762369913268;0.754219800936248;0.9921295445754121
Energetyczne;Prog_Energii_99.0%;621;5;0.2225753565220253;0.4717789275942974;1.0681817242047948;9.465727880669265
Energetyczne;Prog_Energii_99.9%;621;11;0.007991121509505976;0.08939307305102547;0.4642542458551491;1.793574181518878
Energetyczne;Prog_Energii_99.99%;621;13;0.0023373007131246228;0.04834563799480386;0.35941953096457535;0.9700023182673616
Energetyczne;Prog_Energii_99.0%;622;10;0.2257634085861705;0.47514567091174315;1.08192294312847;9.093060729774
Energetyczne;Prog_Energii_99.9%;622;21;0.026620771400016428;0.1631587306889105;1.3888196889892113;3.1224366285401364
Energetyczne;Prog_Energii_99.99%;622;136;0.002712699880278241;0.05208358551672725;0.9854301628734863;0.9967452828081184
Energetyczne;Prog_Energii_99.0%;623;5;0.28196684387637305;0.5310055026799374;1.3288967728674317;9.87292046045071
Energetyczne;Prog_Energii_99.9%;623;13;0.013584979922363431;0.11655462205491222;0.6034282469604406;2.167085853232005
Energetyczne;Prog_Energii_99.99%;623;30;0.002801325576307583;0.052927550257947736;0.47144565294287855;0.9840754779865079
Energetyczne;Prog_Energii_99.0%;624;3;0.27975722445211243;0.5289208111353839;0.9524202008305682;9.407506380921312
Energetyczne;Prog_Energii_99.9%;624;7;0.006724897197810576;0.08200547053587691;0.17769639417798988;1.4585680334276923
Energetyczne;Prog_Energii_99.99%;624;9;0.001361321401118506;0.036896089238813726;0.15118892182419064;0.6562422722601808
Energetyczne;Prog_Energii_99.0%;625;5;0.20782111094272787;0.4558740077507467;0.9790847441035777;8.013944850934232
Energetyczne;Prog_Energii_99.9%;625;9;0.026388945223048684;0.1624467458062755;0.6735958655059138;2.8556996888864434
Energetyczne;Prog_Energii_99.99%;625;34;0.0031167117895222634;0.05582751821030793;0.5357051452575439;0.9814085569593466
Energetyczne;Prog_Energii_99.0%;626;8;0.20260350891644102;0.45011499521393533;1.3352831540718748;8.264444558015263
Energetyczne;Prog_Energii_99.9%;626;15;0.02025879360199923;0.14233338892192243;1.0746001566416181;2.613346398158907
Energetyczne;Prog_Energii_99.99%;626;114;0.002921822174149372;0.05405388213763533;0.8981349647269621;0.9924692952289992
Energetyczne;Prog_Energii_99.0%;627;3;0.2546557536636621;0.5046342771390605;1.0132101976491708;8.926125564367753
Energetyczne;Prog_Energii_99.9%;627;7;0.0189201198103688;0.1375504264274335;0.4932477716761099;2.433034047319107
Energetyczne;Prog_Energii_99.99%;627;17;0.0029735468236936763;0.054530237700689294;0.3863156924691875;0.9645475363478779
Energetyczne;Prog_Energii_99.0%;628;6;0.10020419508776197;0.31655046215060556;0.825209810445144;5.984195868030082
Energetyczne;Prog_Energii_99.9%;628;11;0.02666779490655565;0.16330277066405105;0.3484331383493666;3.087140542479252
Energetyczne;Prog_Energii_99.99%;628;17;0.0024165479938195083;0.04915839698179252;0.25268351486255813;0.9293098929593919
Energetyczne;Prog_Energii_99.0%;629;7;0.17793894704408716;0.42182810129730236;1.0409839585911662;8.214502338063214
Energetyczne;Prog_Energii_99.9%;629;9;0.02340934099361338;0.15300111435415553;0.8731488500819191;2.9794790999537555
Energetyczne;Prog_Energii_99.99%;629;21;0.0024419267884422447;0.049415855638066664;0.4991697601437144;0.9623035080590749
Energetyczne;Prog_Energii_99.0%;630;4;0.13068286404269766;0.36150084929733933;1.5314124382855878;6.178680829635016
Energetyczne;Prog_Energii_99.9%;630;15;0.03375021454767098;0.1837123146326097;1.1238374243849973;3.139964287206271
Energetyczne;Prog_Energii_99.99%;630;137;0.003420419080108386;0.05848434901842019;1.050610498186641;0.9995996601838574
Energetyczne;Prog_Energii_99.0%;631;7;0.21681979507866708;0.4656391253735741;0.9501584592710142;8.848721210868089
Energetyczne;Prog_Energii_99.9%;631;13;0.017574709099287527;0.13256963867827176;0.3772227048887702;2.5192723501239445
Energetyczne;Prog_Energii_99.99%;631;18;0.0023771650299704923;0.04875617940292792;0.31998873616180834;0.9265326200787991
Energetyczne;Prog_Energii_99.0%;632;5;0.2390624172842211;0.4889400958033827;0.9465951013061034;8.831746839963849
Energetyczne;Prog_Energii_99.9%;632;10;0.014285630433434145;0.11952251015366999;0.7942379993364064;2.158940451835447
Energetyczne;Prog_Energii_99.99%;632;26;0.00294083101376369;0.054229429406584116;0.5502517415107224;0.9795486111804543
Energetyczne;Prog_Energii_99.0%;633;10;0.27902539758889605;0.5282285467379589;1.9811964795647237;9.33911832237102
Energetyczne;Prog_Energii_99.9%;633;33;0.03145625021078009;0.17735909959959792;1.6683384425064975;3.135721510960897
Energetyczne;Prog_Energii_99.99%;633;315;0.0031978828615405494;0.056549826361718826;1.4879875588219944;0.9998049570835061
Energetyczne;Prog_Energii_99.0%;634;3;0.289386905202413;0.537946935303486;1.22486735124685;9.745486395409058
Energetyczne;Prog_Energii_99.9%;634;21;0.02853421403553018;0.16892073299488783;0.9726235348246401;3.060180469985358
Energetyczne;Prog_Energii_99.99%;634;103;0.0030435743922209205;0.05516859969421845;0.8600100467822696;0.999438425038073
Energetyczne;Prog_Energii_99.0%;635;9;0.24370542701747178;0.4936652985753321;1.1512042834300775;9.208946856343896
Energetyczne;Prog_Energii_99.9%;635;15;0.0179832215605942;0.13410153451990847;0.3108271337994015;2.5015610947577183
Energetyczne;Prog_Energii_99.99%;635;17;0.0021010386332805013;0.045837087966847344;0.35596792803872557;0.8550556588733861
Energetyczne;Prog_Energii_99.0%;636;3;0.14854410533454016;0.3854141997053821;0.7249956202040293;7.558361951860046
Energetyczne;Prog_Energii_99.9%;636;6;0.0006276404894294001;0.02505275412862626;0.14030129304959438;0.4913098265187481
Energetyczne;Prog_Energii_99.99%;636;7;0.0006276404894294001;0.02505275412862626;0.14030129304959438;0.4913098265187481
Energetyczne;Prog_Energii_99.0%;637;5;0.2890611376035208;0.5376440621856814;1.387818298581581;9.854440812312538
Energetyczne;Prog_Energii_99.9%;637;11;0.02759342737854563;0.16611269481453134;0.6973711953398078;3.044668088714419
Energetyczne;Prog_Energii_99.99%;637;33;0.0028930385252539676;0.053786973564739333;0.5813689696800592;0.9858577165576273
Energetyczne;Prog_Energii_99.0%;638;5;0.25304205994406304;0.5030328616940081;1.4011568823380283;8.771979606063379
Energetyczne;Prog_Energii_99.9%;638;14;0.009939595987317418;0.09969752247331634;0.3693265650967046;1.7385437423826933
Energetyczne;Prog_Energii_99.99%;638;21;0.0032548819653296936;0.05705157285587921;0.3736151401749632;0.9948758256076629
Energetyczne;Prog_Energii_99.0%;639;5;0.32614022014320154;0.5710868761783986;1.7726543380875412;9.974790762290283
Energetyczne;Prog_Energii_99.9%;639;17;0.02958045241362467;0.17198968693972516;1.3006233503128604;3.0040283047226843
Energetyczne;Prog_Energii_99.99%;639;163;0.0032611936988388946;0.0571068620993913;1.113835146958479;0.9974471911248234
Energetyczne;Prog_Energii_99.0%;640;5;0.2532031921150615;0.5031929968859478;1.1343172540303206;9.335902861011407
Energetyczne;Prog_Energii_99.9%;640;17;0.019717981361775976;0.14042072981499554;0.8003792872511521;2.6052713398995566
Energetyczne;Prog_Energii_99.99%;640;26;0.002489576313431866;0.049895654253971515;0.5480274456074863;0.9257302549607426
Energetyczne;Prog_Energii_99.0%;641;5;0.20632767951673053;0.4542330673968272;1.190988548311485;8.083639254215765
Energetyczne;Prog_Energii_99.9%;641;7;0.027625129765352755;0.16620809175654702;0.595433306528875;2.95787856791534
Energetyczne;Prog_Energii_99.99%;641;43;0.0031224020797600807;0.05587845810113304;0.5729543073771515;0.9944262753921317
Energetyczne;Prog_Energii_99.0%;642;6;0.1638297820723734;0.4047589184593384;1.164374789192208;7.257029333064542
Energetyczne;Prog_Energii_99.9%;642;12;0.0273068890864929;0.16524796242765868;1.072044108497141;2.9627742734645577
Energetyczne;Prog_Energii_99.99%;642;63;0.003060475158783878;0.05532156142756527;0.7360634983403855;0.9918748561709687
Energetyczne;Prog_Energii_99.0%;643;5;0.19751831984736765;0.4444303318264491;1.158967598571767;7.46547145944558
Energetyczne;Prog_Energii_99.9%;643;10;0.024495531649293342;0.15651048415136073;0.9914283092480334;2.6290387240992037
Energetyczne;Prog_Energii_99.99%;643;34;0.0033813368476240243;0.05814926351746877;0.6299123832786373;0.976782267298004
Energetyczne;Prog_Energii_99.0%;644;2;0.02590849535102493;0.16096116100173027;0.3250402136837449;2.9660166033618753
Energetyczne;Prog_Energii_99.9%;644;3;0.02590849535102493;0.16096116100173027;0.3250402136837449;2.9660166033618753
Energetyczne;Prog_Energii_99.99%;644;7;0.002122565336624254;0.04607130708612741;0.15741659155285959;0.8489517651687952
Energetyczne;Prog_Energii_99.0%;645;5;0.30283656368824646;0.550305881931355;1.1267249226801286;9.871486040949613
Energetyczne;Prog_Energii_99.9%;645;18;0.025295595464844365;0.1590458910655801;0.5525012034415271;2.8529938441037963
Energetyczne;Prog_Energii_99.99%;645;36;0.00294721697293638;0.05428827656995919;0.5172740406363792;0.9738328844800769
Energetyczne;Prog_Energii_99.0%;646;3;0.13969298146974335;0.3737552427321165;0.7978471525180555;7.646400214148298
Energetyczne;Prog_Energii_99.9%;646;12;0.017957719169917282;0.1340064146595874;0.9064495011107816;2.7415446276019977
Energetyczne;Prog_Energii_99.99%;646;27;0.002287535790535549;0.04782819033306141;0.5524897818008201;0.9784838926451288
Energetyczne;Prog_Energii_99.0%;647;7;0.23644428068643947;0.4862553657148057;0.8638000911356185;8.96301138442914
Energetyczne;Prog_Energii_99.9%;647;11;0.009958728168235344;0.09979342748014693;0.6311981232897912;1.83946479496612
Energetyczne;Prog_Energii_99.99%;647;45;0.002903305653357099;0.05388233155086275;0.5667553589708199;0.9931981941217751
Energetyczne;Prog_Energii_99.0%;648;5;0.3424592408354919;0.5852001715955762;2.2113149582923075;9.979769560223955
Energetyczne;Prog_Energii_99.9%;648;36;0.033781490724357856;0.18379741762157012;1.8142598109433354;3.134407614109765
Energetyczne;Prog_Energii_99.99%;648;338;0.0034253041950795485;0.05852609840985087;1.5911537050563744;0.9980806632315017
Energetyczne;Prog_Energii_99.0%;649;4;0.28779620163833086;0.5364664030844157;1.3246435734733288;9.184945144590824
Energetyczne;Prog_Energii_99.9%;649;11;0.00011684689039816604;0.010809574015573696;0.06505008392318601;0.18507280940352885
Energetyczne;Prog_Energii_99.99%;649;11;0.00011684689039816604;0.010809574015573696;0.06505008392318601;0.18507280940352885
Energetyczne;Prog_Energii_99.0%;650;6;0.245881785542436;0.49586468470988737;1.2487646899141271;8.543372251478997
Energetyczne;Prog_Energii_99.9%;650;16;0.027986445353918806;0.1672914981519348;1.179712601371917;2.8823055710365484
Energetyczne;Prog_Energii_99.99%;650;101;0.003357682196776179;0.05794551058344537;0.9247775612309272;0.9983571778377921
Energetyczne;Prog_Energii_99.0%;651;1;0.2709520098851749;0.52053050812145;1.3199418690237303;9.607229628596466
Energetyczne;Prog_Energii_99.9%;651;8;0.013207425000320041;0.1149235615542785;0.528433239895099;2.1210995865980764
Energetyczne;Prog_Energii_99.99%;651;12;0.0020161986208939216;0.04490210040626075;0.35496088189235575;0.8287406457040769
Energetyczne;Prog_Energii_99.0%;652;8;0.15537849321370045;0.39418078747409857;1.0988762235480003;8.493827765251
Energetyczne;Prog_Energii_99.9%;652;13;0.01622866013959113;0.1273917585230345;0.6577116024555698;2.7450441269368095
Energetyczne;Prog_Energii_99.99%;652;58;0.0020976274134823477;0.04579986259239593;0.559958516386458;0.9868977811546312
Energetyczne;Prog_Energii_99.0%;653;5;0.23242351876700695;0.48210322418233936;1.0284061004465572;9.006699939887717
Energetyczne;Prog_Energii_99.9%;653;14;0.025096594725710547;0.15841904786265618;0.9204953887360601;2.959600262540462
Energetyczne;Prog_Energii_99.99%;653;104;0.002845684516539806;0.05334495774241279;0.8441680402988867;0.996595757074181
Energetyczne;Prog_Energii_99.0%;654;9;0.2850692543916697;0.5339187713422986;1.3193832868751523;9.406427382989865
Energetyczne;Prog_Energii_99.9%;654;16;0.018553577326703846;0.1362115168651456;0.7197233804719136;2.399735335953314
Energetyczne;Prog_Energii_99.99%;654;62;0.0031837021953475303;0.056424305005445395;0.7134303683059189;0.9940671805470684
Energetyczne;Prog_Energii_99.0%;655;4;0.2927743931305023;0.5410863083931271;1.1106570550433998;9.162858490554964
Energetyczne;Prog_Energii_99.9%;655;9;0.011989505571259365;0.10949660072924348;0.3787451335730996;1.8542362689944554
Energetyczne;Prog_Energii_99.99%;655;13;0.003421395357781536;0.05849269490954863;0.39483776624594746;0.9905264241097667
Energetyczne;Prog_Energii_99.0%;656;9;0.28561345404971766;0.534428156116159;2.0926178357379683;9.417927250743107
Energetyczne;Prog_Energii_99.9%;656;24;0.030793233372365784;0.17548000846924353;1.4890761146097233;3.0923856365155866
Energetyczne;Prog_Energii_99.99%;656;214;0.0032039313452575362;0.056603280340078665;1.2659192439225118;0.997487820010013
Energetyczne;Prog_Energii_99.0%;657;9;0.3139469859755838;0.5603097232563288;2.1826459532747178;9.700243388216233
Energetyczne;Prog_Energii_99.9%;657;41;0.03252258230948833;0.1803401849546804;1.7825236908905895;3.1221012488766795
Energetyczne;Prog_Energii_99.99%;657;381;0.0033308899306433615;0.057713862551759275;1.6402664707088803;0.9991590193590305
Energetyczne;Prog_Energii_99.0%;658;7;0.16909415628600336;0.41121059846020913;1.6788681846219764;7.807058050481444
Energetyczne;Prog_Energii_99.9%;658;22;0.02613442206439925;0.1616614427264561;1.4271049468236892;3.0692308822194705
Energetyczne;Prog_Energii_99.99%;658;205;0.002763986297449808;0.052573627394824185;1.1590978495623907;0.9981390619130426
Energetyczne;Prog_Energii_99.0%;659;7;0.23720615427181937;0.48703814457578104;1.2688317447252015;8.259720474724558
Energetyczne;Prog_Energii_99.9%;659;12;0.027220694652018585;0.1649869529751325;0.7450435050022319;2.7980274825046734
Energetyczne;Prog_Energii_99.99%;659;20;0.0027504463980660867;0.0524446984743557;0.5667594056097842;0.8894140112099389
Energetyczne;Prog_Energii_99.0%;660;5;0.042596584337080926;0.20638939976917645;0.40269565503305227;3.627358925734809
Energetyczne;Prog_Energii_99.9%;660;6;0.016132446676424998;0.1270135688673655;0.24784652727587986;2.2323036126648916
Energetyczne;Prog_Energii_99.99%;660;10;0.0015804330725657891;0.03975466101686429;0.11311296730267184;0.6987007309501405
Energetyczne;Prog_Energii_99.0%;661;4;0.23101515071920076;0.48064035485922396;1.2648066882007418;8.603903102165885
Energetyczne;Prog_Energii_99.9%;661;14;0.028019715415770155;0.16739090601275255;1.2282272008799247;2.9964507161270473
Energetyczne;Prog_Energii_99.99%;661;123;0.003103919924705123;0.05571283447021093;0.9713262521786419;0.9973108260314507
Energetyczne;Prog_Energii_99.0%;662;7;0.18578185525256455;0.4310241933494738;0.8482904165474165;7.8184676579277
Energetyczne;Prog_Energii_99.9%;662;9;0.018716253825725455;0.13680736027613957;0.3882580468550252;2.481586737332423
Energetyczne;Prog_Energii_99.99%;662;15;0.0019694659932423175;0.04437866596961109;0.36105366584697185;0.804996958265996
Energetyczne;Prog_Energii_99.0%;663;5;0.2402252686226588;0.49012780845679305;0.969445921800002;9.964073079657958
Energetyczne;Prog_Energii_99.9%;663;10;0.014472213244832218;0.12030051223844485;0.8266239195822322;2.4456541228262507
Energetyczne;Prog_Energii_99.99%;663;43;0.0023663575019537155;0.048645220751413136;0.5437950772932014;0.9889349801826295
Energetyczne;Prog_Energii_99.0%;664;4;0.1989891996625265;0.44608205485373037;0.9885837587868984;8.03248155431604
Energetyczne;Prog_Energii_99.9%;664;13;0.026534400268476064;0.1628938312781551;0.9205163032579673;2.9331861275672395
Energetyczne;Prog_Energii_99.99%;664;71;0.0030707019328474984;0.05541391461399833;0.7610096115300591;0.9978237011469495
Energetyczne;Prog_Energii_99.0%;665;4;0.22415413453559813;0.4734491889692051;1.1797370809690255;7.562084440328225
Energetyczne;Prog_Energii_99.9%;665;13;0.03625072621033704;0.19039623475882353;1.0398110636497044;3.0410705898588595
Energetyczne;Prog_Energii_99.99%;665;101;0.003909287106846599;0.06252429213391064;0.9832949049711104;0.9986583306178937
Energetyczne;Prog_Energii_99.0%;666;8;0.14616479984052472;0.3823150531178765;0.8311922205502693;6.597994122808902
Energetyczne;Prog_Energii_99.9%;666;13;0.030655814998338395;0.1750880207162626;0.9544874310083742;3.021669490225278
Energetyczne;Prog_Energii_99.99%;666;29;0.003273961545805177;0.057218541975527275;0.6013372425852133;0.9874777375135764
Energetyczne;Prog_Energii_99.0%;667;10;0.23558003965865465;0.48536588225652477;1.4531955108618755;8.463075461289746
Energetyczne;Prog_Energii_99.9%;667;20;0.03003509835407084;0.17330637136029026;1.1228384848566604;3.021854135946993
Energetyczne;Prog_Energii_99.99%;667;150;0.003274292600086622;0.05722143479577056;1.0735054141158678;0.9977407526636407
Energetyczne;Prog_Energii_99.0%;668;10;0.2368850135631;0.48670834548330894;2.250922654523069;9.337522988827258
Energetyczne;Prog_Energii_99.9%;668;62;0.026658403106355935;0.16327401234230735;2.0282935993528994;3.132419770222831
Energetyczne;Prog_Energii_99.99%;668;593;0.002714296934940107;0.052098914911350186;1.7703904378137967;0.9995201853270271
Energetyczne;Prog_Energii_99.0%;669;3;0.28093171797602523;0.5300299217742572;1.1878261589163737;9.522784001690313
Energetyczne;Prog_Energii_99.9%;669;11;0.02730523382596495;0.16524295393742194;0.7354599878376753;2.9688379721655127
Energetyczne;Prog_Energii_99.99%;669;67;0.003091850294623528;0.05560440894950263;0.7155681130904163;0.9990167615353802
Energetyczne;Prog_Energii_99.0%;670;4;0.16746903664037338;0.40922980908087986;0.7758922223219518;7.532129587986663
Energetyczne;Prog_Energii_99.9%;670;9;0.012183265923949194;0.11037783257497491;0.5783006684893044;2.031572774385781
Energetyczne;Prog_Energii_99.99%;670;29;0.0028604628211770272;0.053483294786101455;0.49316206808038476;0.9843933608506754
Energetyczne;Prog_Energii_99.0%;671;5;0.2049423131669351;0.45270554797454726;0.9111590071190632;8.198285246297553
Energetyczne;Prog_Energii_99.9%;671;9;0.020107711873513876;0.14180166386017434;0.7350695880849472;2.5679616561506644
Energetyczne;Prog_Energii_99.99%;671;55;0.0030157895329536574;0.05491620464811509;0.6394336292912444;0.9945067215624492
Energetyczne;Prog_Energii_99.0%;672;1;0.25536456883755454;0.5053360949284689;1.1202815437587006;9.103780784713576
Energetyczne;Prog_Energii_99.9%;672;11;0.026775446584651398;0.1636320463254414;0.5072050177832548;2.947880220809836
Energetyczne;Prog_Energii_99.99%;672;30;0.0029835776703435236;0.054622135351371275;0.49957435479790924;0.9840340937890595
Energetyczne;Prog_Energii_99.0%;673;10;0.24325574781230788;0.4932096388071789;1.0448695434049045;8.920661306510647
Energetyczne;Prog_Energii_99.9%;673;15;0.020583820126283563;0.1434706246110456;0.5593976588820242;2.5949469533563376
Energetyczne;Prog_Energii_99.99%;673;43;0.003004568253562306;0.054813942145792674;0.5950588631530582;0.9914173898544834
Energetyczne;Prog_Energii_99.0%;674;3;0.14754360620195817;0.38411405363766393;1.2039365819150616;7.6691615061401315
Energetyczne;Prog_Energii_99.9%;674;7;0.02005503484603196;0.14161580012848834;0.7454330850946409;2.82747905920447
Energetyczne;Prog_Energii_99.99%;674;28;0.002426380981465847;0.04925830875563885;0.4730849647802149;0.9834837381989219
Energetyczne;Prog_Energii_99.0%;675;3;0.2579811247093358;0.5079184232820619;0.9802293678767562;9.00743612242638
Energetyczne;Prog_Energii_99.9%;675;7;0.011987768354935289;0.10948866770097848;0.6148090393825729;1.9416743619446537
Energetyczne;Prog_Energii_99.99%;675;18;0.003001317954045038;0.05478428564876098;0.45469256850975803;0.9715456870126933
Energetyczne;Prog_Energii_99.0%;676;3;0.23125576106200219;0.48089059157151554;2.084452509544774;8.662886974430066
Energetyczne;Prog_Energii_99.9%;676;11;0.026903805953415103;0.16402379691195756;1.035564670016667;2.9547669234319964
Energetyczne;Prog_Energii_99.99%;676;84;0.0030437487556118532;0.05517017994906173;0.8108283582644429;0.993849831197236
Energetyczne;Prog_Energii_99.0%;677;9;0.24592718342065323;0.49591045907568154;0.9918208675364575;8.800869770979073
Energetyczne;Prog_Energii_99.9%;677;15;0.026482310529607322;0.16273386411441018;0.8883658891777855;2.888020446409982
Energetyczne;Prog_Energii_99.99%;677;100;0.0031419032362168453;0.0560526826852814;0.8753642235055734;0.9947609525047143
Energetyczne;Prog_Energii_99.0%;678;12;0.23582369421142416;0.48561681829547887;1.085961864559244;8.689159217062285
Energetyczne;Prog_Energii_99.9%;678;19;0.02746834728590684;0.16573577551605098;1.311458459286615;2.9655161995357675
Energetyczne;Prog_Energii_99.99%;678;133;0.003102563523879601;0.05570065999500905;1.0244569305253615;0.9966539150989517
Energetyczne;Prog_Energii_99.0%;679;9;0.20254828237577843;0.4500536438867909;1.5676040045627664;7.9610771857283495
Energetyczne;Prog_Energii_99.9%;679;18;0.028901553165331315;0.17000456807195305;1.0951548101222688;3.0072403739667846
Energetyczne;Prog_Energii_99.99%;679;149;0.0031870382068577992;0.05645385909623716;1.0506469817596162;0.9986221327216485
Energetyczne;Prog_Energii_99.0%;680;7;0.25560152675667136;0.5055704963273384;1.4182469265439126;8.921735367793199
Energetyczne;Prog_Energii_99.9%;680;22;0.028344539829026193;0.1683583672676419;1.2488641147474073;2.970997735483195
Energetyczne;Prog_Energii_99.99%;680;149;0.0031905746159061497;0.05648517164624845;1.0721456076703388;0.9967863182148942
Energetyczne;Prog_Energii_99.0%;681;8;0.10510580325478948;0.3242002517808854;0.8045161831642949;5.365492513398556
Energetyczne;Prog_Energii_99.9%;681;9;0.004314562429747695;0.06568532887751796;0.4661840250148268;1.0870878057511242
Energetyczne;Prog_Energii_99.99%;681;10;0.002694314108927727;0.05190678287977138;0.4404665892064603;0.8590537897677171
Energetyczne;Prog_Energii_99.0%;682;5;0.20687613460327883;0.45483638223352235;2.147410761701087;7.347481489924484
Energetyczne;Prog_Energii_99.9%;682;11;0.03374221158427189;0.183690532102969;1.3404737219026925;2.967358894803625
Energetyczne;Prog_Energii_99.99%;682;78;0.0037757478880719687;0.06144711456262181;0.9056089543386348;0.9926240610768313
Energetyczne;Prog_Energii_99.0%;683;6;0.19519425181506467;0.44180793543695507;1.070358161060704;8.471391069380454
Energetyczne;Prog_Energii_99.9%;683;16;0.008856676970733992;0.09410991961920907;0.5349028978249288;1.8044988979516514
Energetyczne;Prog_Energii_99.99%;683;23;0.002655774022969426;0.05153420245787671;0.38959741311900187;0.9881361276083233
Energetyczne;Prog_Energii_99.0%;684;6;0.1904772552666783;0.4364370003410324;0.8046753844591361;8.075244054260391
Energetyczne;Prog_Energii_99.9%;684;11;0.01816552999465882;0.13477956074516204;0.363493665181589;2.4937799629562507
Energetyczne;Prog_Energii_99.99%;684;19;0.0028523605390980474;0.05340749515843303;0.3184531430447315;0.988180556172083
Energetyczne;Prog_Energii_99.0%;685;5;0.22932645276915153;0.47888041593820846;1.1303039990920043;8.529534612917375
Energetyczne;Prog_Energii_99.9%;685;10;0.011396517755743588;0.10675447417201579;0.3834970012866572;1.9014475268320352
Energetyczne;Prog_Energii_99.99%;685;17;0.002882015101998202;0.05368440278142435;0.3911913904756341;0.9561948170314017
Energetyczne;Prog_Energii_99.0%;686;7;0.2633792061532774;0.5132048383962075;1.8786601262093363;9.665208499582693
Energetyczne;Prog_Energii_99.9%;686;17;0.02792140633993019;0.16709699680105022;1.0619509360846093;3.146944831586739
Energetyczne;Prog_Energii_99.99%;686;152;0.0028055952093642947;0.052967869594352145;1.0009464940929922;0.9975461357846451
Energetyczne;Prog_Energii_99.0%;687;5;0.22947680637550938;0.4790373747167431;1.0063171729220315;8.628641646831891
Energetyczne;Prog_Energii_99.9%;687;11;0.01226822573906863;0.11076202300007268;0.2938850709626246;1.9950965310606583
Energetyczne;Prog_Energii_99.99%;687;13;0.0007849540104103518;0.0280170307208018;0.1434353763755043;0.5046556508060067
Energetyczne;Prog_Energii_99.0%;688;4;0.08622896552948722;0.29364768946730574;0.7080926269561711;5.055451682867115
Energetyczne;Prog_Energii_99.9%;688;8;0.02702213053818696;0.1643840945413727;0.44078605861479936;2.830043883176189
Energetyczne;Prog_Energii_99.99%;688;13;0.003090449616148684;0.05559181249202695;0.33270325637873377;0.9570711165011279
Energetyczne;Prog_Energii_99.0%;689;3;0.2834726874569402;0.5324215317367811;1.1359068489840665;9.551673872443613
Energetyczne;Prog_Energii_99.9%;689;12;0.025966219955796645;0.1611403734505932;0.803702362455005;2.8908678615288776
Energetyczne;Prog_Energii_99.99%;689;83;0.0031007657187611813;0.055684519561195654;0.7872981463424029;0.9989835851627415
Energetyczne;Prog_Energii_99.0%;690;3;0.2973219092263953;0.545272325747782;1.4767958837002881;9.973669631130898
Energetyczne;Prog_Energii_99.9%;690;20;0.027939930264583916;0.16715241626905641;1.1782447632660862;3.0574135146627133
Energetyczne;Prog_Energii_99.99%;690;189;0.002982786947543518;0.054614896754855424;1.1410495230522155;0.9989704436663622
Energetyczne;Prog_Energii_99.0%;691;6;0.2450658779551437;0.49504128914176815;1.6660276911784049;8.914211353277295
Energetyczne;Prog_Energii_99.9%;691;20;0.02510479069333435;0.15844491375028216;1.1855328625355614;2.8531184771889313
Energetyczne;Prog_Energii_99.99%;691;102;0.003048928598691781;0.055217104222258714;0.9019364671231269;0.994294714702464
Energetyczne;Prog_Energii_99.0%;692;3;0.2967654574511552;0.5447618355310467;1.1232563649976925;9.770464775553041
Energetyczne;Prog_Energii_99.9%;692;9;0.025217806659160992;0.1588011544641946;0.45902388501920477;2.848145712147901
Energetyczne;Prog_Energii_99.99%;692;14;0.0025646741628415335;0.050642612124983576;0.44566751098122026;0.9082902392139911
Energetyczne;Prog_Energii_99.0%;693;9;0.27676118822938955;0.5260809711721092;1.7133769725171923;9.103787746513401
Energetyczne;Prog_Energii_99.9%;693;20;0.026166292953303305;0.16175998563706448;1.3242060731441354;2.7992431884351814
Energetyczne;Prog_Energii_99.99%;693;55;0.0033004781601915518;0.057449788164897105;0.8562239556273816;0.9941638382587995
Energetyczne;Prog_Energii_99.0%;694;1;0.2508537431056415;0.5008530154702491;1.2908142690097444;8.916094807927823
Energetyczne;Prog_Energii_99.9%;694;8;0.016691933986992938;0.12919726772263002;0.5527181376369521;2.299946396167057
Energetyczne;Prog_Energii_99.99%;694;20;0.0029985712466852835;0.054759211523590104;0.4319884356189574;0.9748135809730486
Energetyczne;Prog_Energii_99.0%;695;4;0.25139533751290066;0.5013933959605976;1.3805140285296416;8.350237265097245
Energetyczne;Prog_Energii_99.9%;695;15;0.0344813482356532;0.1856915405602883;1.1900858666340293;3.0925186376441403
Energetyczne;Prog_Energii_99.99%;695;105;0.003596680421946083;0.05997233046952639;0.9786402074834859;0.9987829771908697
Energetyczne;Prog_Energii_99.0%;696;5;0.2975681793970847;0.545498102102184;1.2629231639489813;9.84296427734709
Energetyczne;Prog_Energii_99.9%;696;10;0.012886967463673583;0.11352077987608077;0.4591893634656419;2.0483682285067513
Energetyczne;Prog_Energii_99.99%;696;18;0.002737706603303177;0.0523230981814263;0.33432761044714177;0.9441176500801646
Energetyczne;Prog_Energii_99.0%;697;7;0.3010698501170107;0.548698323413705;1.394962202706993;9.712358336348624
Energetyczne;Prog_Energii_99.9%;697;15;0.027104254596726742;0.16463369824166238;0.37540451116163;2.9141358800101913
Energetyczne;Prog_Energii_99.99%;697;20;0.0012167134340122037;0.03488141961004746;0.14815482437451433;0.6174264291999422
Energetyczne;Prog_Energii_99.0%;698;8;0.23639087493553101;0.4862004472802663;1.7599918650321698;8.776467766092638
Energetyczne;Prog_Energii_99.9%;698;19;0.029753489263993925;0.17249199768103424;1.3648145735574007;3.113675575629129
Energetyczne;Prog_Energii_99.99%;698;151;0.003050164245656891;0.05522829207622567;1.0647296245305098;0.9969331124533856
Energetyczne;Prog_Energii_99.0%;699;6;0.14548017443185113;0.3814186340910091;1.844368243199444;6.972240917189859
Energetyczne;Prog_Energii_99.9%;699;13;0.028688710119457898;0.16937741915455523;1.1720835693189402;3.096178494508548
Energetyczne;Prog_Energii_99.99%;699;117;0.0029719329653834898;0.05451543786289797;0.9297027724211153;0.9965290956275756
Energetyczne;Prog_Energii_99.0%;700;9;0.30338612043847213;0.5508049749579901;1.412205908193767;9.872714951274741
Energetyczne;Prog_Energii_99.9%;700;16;0.017679402156919904;0.13296391298739635;0.44043379504653757;2.3832660767647975
Energetyczne;Prog_Energii_99.99%;700;25;0.002816984710170508;0.05307527399995697;0.3962022415959954;0.9513295539902193
Energetyczne;Prog_Energii_99.0%;701;3;0.32478906972127697;0.5699026844306639;1.3140532881974893;9.825778671434554
Energetyczne;Prog_Energii_99.9%;701;8;0.008967694832281723;0.09469791355822853;0.4967479910497241;1.6327010991347595
Energetyczne;Prog_Energii_99.99%;701;25;0.0032376365176206585;0.05690023301903656;0.44762114406799824;0.981025552733865
Energetyczne;Prog_Energii_99.0%;702;7;0.3143356442326052;0.5606564404629677;1.9591064085857424;9.002233779180836
Energetyczne;Prog_Energii_99.9%;702;11;0.03151853165193528;0.17753459283175005;1.1310688125572463;2.8506011760845205
Energetyczne;Prog_Energii_99.99%;702;54;0.0037692927409897527;0.061394566054250706;0.771472005870609;0.9857877240032007
Energetyczne;Prog_Energii_99.0%;703;4;0.1533875584061723;0.39164723719971817;1.0161792437601527;7.328769083362873
Energetyczne;Prog_Energii_99.9%;703;12;0.016671780125511463;0.12911924769573072;0.8782516632627768;2.4161670521295977
Energetyczne;Prog_Energii_99.99%;703;38;0.0028123750578438406;0.053031830609963304;0.5835158558386935;0.9923676300829927
Energetyczne;Prog_Energii_99.0%;704;9;0.23551574928613908;0.4852996489656046;1.0311355310928327;8.945828081044576
Energetyczne;Prog_Energii_99.9%;704;13;0.026845146876816516;0.1638448866361612;0.5169498641451487;3.020253962535256
Energetyczne;Prog_Energii_99.99%;704;18;0.0018477605924179098;0.04298558586803151;0.4047366902936851;0.7923798460559844
Energetyczne;Prog_Energii_99.0%;705;4;0.1821226823819286;0.42675834190080997;0.8468836644208095;8.334732613263066
Energetyczne;Prog_Energii_99.9%;705;13;0.02259184520201847;0.15030583888198912;0.4007968461888085;2.9355231152921504
Energetyczne;Prog_Energii_99.99%;705;17;0.0022154972805219658;0.047069069254893556;0.2557159104149269;0.9192746059686445
Energetyczne;Prog_Energii_99.0%;706;8;0.18074663933017607;0.4251430810094127;1.422959805703301;7.460210089352899
Energetyczne;Prog_Energii_99.9%;706;13;0.031065858575935145;0.1762550951772321;0.9427213601475204;3.0928412058808274
Energetyczne;Prog_Energii_99.99%;706;59;0.003242610850786953;0.056943927251173615;0.7151108675433475;0.9992251540303851
Energetyczne;Prog_Energii_99.0%;707;5;0.30315933021359026;0.5505990648499053;1.2036295606658607;9.564863832288198
Energetyczne;Prog_Energii_99.9%;707;10;0.025867077818460784;0.16083245262838214;1.0154003977119945;2.7939395604000397
Energetyczne;Prog_Energii_99.99%;707;87;0.0032793498056918834;0.0572656075292307;0.8373181930332327;0.9948032484211793
Energetyczne;Prog_Energii_99.0%;708;1;0.34666479478090634;0.5887824681331012;1.2856185252529855;9.968881837371216
Energetyczne;Prog_Energii_99.9%;708;10;0.022240740621165465;0.14913329816364104;0.6433446737886337;2.525028016076564
Energetyczne;Prog_Energii_99.99%;708;21;0.0033151251524256714;0.05757712351642509;0.5147215354356263;0.9748584102562211
Energetyczne;Prog_Energii_99.0%;709;7;0.2733059730770896;0.5227867376637337;1.6280703688272355;9.117335116242337
Energetyczne;Prog_Energii_99.9%;709;15;0.030940154402318717;0.17589813643787905;1.2052563940068888;3.0676414313673828
Energetyczne;Prog_Energii_99.99%;709;120;0.0032489366972629097;0.056999444710127745;0.983885876244277;0.994063164617292
Energetyczne;Prog_Energii_99.0%;710;5;0.2964620515259652;0.5444832885644565;1.2926327374114437;9.847280941872564
Energetyczne;Prog_Energii_99.9%;710;16;0.022510915280253865;0.15003637985586651;0.8616099754633737;2.713490781025733
Energetyczne;Prog_Energii_99.99%;710;50;0.0029626875076535796;0.054430575117791834;0.6783981661371827;0.9844070080199404
Energetyczne;Prog_Energii_99.0%;711;4;0.1809468277211358;0.42537845234700805;1.1191698693857415;7.785567435977753
Energetyczne;Prog_Energii_99.9%;711;10;0.02155831078518668;0.14682748647711258;0.5442880877821601;2.687337102092195
Energetyczne;Prog_Energii_99.99%;711;26;0.0028540400333742803;0.05342321623951782;0.5266180421934976;0.9777882504031665
Energetyczne;Prog_Energii_99.0%;712;3;0.3621828456519973;0.6018162889553567;1.8708796936854881;9.763248089181294
Energetyczne;Prog_Energii_99.9%;712;13;0.033721019956369835;0.183632840081424;1.191802759537592;2.9790702045435875
Energetyczne;Prog_Energii_99.99%;712;102;0.0037731712655684506;0.06142614480470389;0.9812808384823493;0.9965145541861306
Energetyczne;Prog_Energii_99.0%;713;2;0.27040198387786235;0.5200019075713688;0.9479850424172227;8.754634558314434
Energetyczne;Prog_Energii_99.9%;713;10;0.01870011113894357;0.13674834967539304;0.28663130875647447;2.3022643002446155
Energetyczne;Prog_Energii_99.99%;713;14;0.0016128573954643911;0.040160395857914435;0.22637469460489257;0.6761313455470948
Energetyczne;Prog_Energii_99.0%;714;9;0.2690383283600887;0.5186890478505293;1.3174253181173823;9.310972734410491
Energetyczne;Prog_Energii_99.9%;714;18;0.025546043555746696;0.15983129717219557;1.144119741910032;2.869127189484487
Energetyczne;Prog_Energii_99.99%;714;102;0.0030815689234503815;0.05551188092156833;0.8952285617740401;0.9964922371862207
Energetyczne;Prog_Energii_99.0%;715;5;0.2971763081784349;0.5451387971686062;1.2862265302221711;9.916300568724468
Energetyczne;Prog_Energii_99.9%;715;13;0.027460987525185204;0.1657135707333144;0.7488112432451413;3.014398505927439
Energetyczne;Prog_Energii_99.99%;715;19;0.0027504801382994275;0.05244502014776453;0.4678393813543673;0.953996644192605
Energetyczne;Prog_Energii_99.0%;716;9;0.22383310797419562;0.47311003791316414;1.1423498211188683;8.347983197327354
Energetyczne;Prog_Energii_99.9%;716;16;0.02629832638824596;0.16216758735408862;0.5174519602942738;2.8614321952550124
Energetyczne;Prog_Energii_99.99%;716;23;0.002914106646456518;0.05398246610202722;0.40273074559372635;0.9525156599039001
Energetyczne;Prog_Energii_99.0%;717;8;0.18371145358716645;0.42861574117986667;1.1530277712342194;7.464857997557474
Energetyczne;Prog_Energii_99.9%;717;14;0.022174379240187107;0.1489106417963038;0.611671867623369;2.593457702404071
Energetyczne;Prog_Energii_99.99%;717;37;0.0032763540489688424;0.05723944486950273;0.5737307152477218;0.9968936899836108
Energetyczne;Prog_Energii_99.0%;718;2;0.1632891184401973;0.4040904829864189;0.8355855624758277;7.6926594906443535
Energetyczne;Prog_Energii_99.9%;718;7;0.013787237793643077;0.11741906912270714;0.25622304969815524;2.2353036126806685
Energetyczne;Prog_Energii_99.99%;718;9;0.0025620488263542905;0.050616685256487215;0.18673400638549342;0.9635884551044006
Energetyczne;Prog_Energii_99.0%;719;3;0.16288910022693961;0.4035952182904793;0.8421192611749966;7.361233931697347
Energetyczne;Prog_Energii_99.9%;719;7;0.021226559723239422;0.14569337570129748;0.3448551980303094;2.6573234077912775
Energetyczne;Prog_Energii_99.99%;719;16;0.0025345718160217487;0.05034453114313161;0.3823286845575762;0.9182414808975365
Energetyczne;Prog_Energii_99.0%;720;4;0.26416996624604305;0.5139746747127169;1.2626817801152095;9.131364537745322
Energetyczne;Prog_Energii_99.9%;720;14;0.02373326897929796;0.1540560579117159;0.592482643903355;2.7369870409007455
Energetyczne;Prog_Energii_99.99%;720;18;0.00259811618302131;0.050971719443445404;0.3881985695333059;0.9055725393745067
Energetyczne;Prog_Energii_99.0%;721;5;0.24952856717889443;0.4995283447201915;1.690878007267754;9.514164081304179
Energetyczne;Prog_Energii_99.9%;721;14;0.024095089650175674;0.15522593098505055;0.999439858259028;2.9564788318312893
Energetyczne;Prog_Energii_99.99%;721;112;0.0027104094913265276;0.05206159324613998;0.859831648484688;0.9915804492642873
Energetyczne;Prog_Energii_99.0%;722;6;0.21108062882370796;0.4594351192755164;1.210997003271495;8.362695270024158
Energetyczne;Prog_Energii_99.9%;722;15;0.027451818206739892;0.16568590225707164;1.3411715824512518;3.0158354313440845
Energetyczne;Prog_Energii_99.99%;722;72;0.002976206591729406;0.05455462026015217;0.830119029721911;0.9930099935045412
Energetyczne;Prog_Energii_99.0%;723;3;0.12519625924923639;0.35383083422623923;1.0458259407178963;6.931324392550585
Energetyczne;Prog_Energii_99.9%;723;5;0.01951685836876984;0.13970275004011137;0.5915601967729103;2.7366893594136985
Energetyczne;Prog_Energii_99.99%;723;13;0.0022991686522655513;0.04794964705047944;0.3280660737911134;0.939303548663235
Energetyczne;Prog_Energii_99.0%;724;5;0.2759583959082539;0.5253174239526553;1.126830169601849;9.331552928972654
Energetyczne;Prog_Energii_99.9%;724;10;0.019658507257275415;0.14020879878693568;0.5445148887389122;2.4906195137092664
Energetyczne;Prog_Energii_99.99%;724;14;0.002762625228981599;0.05256068139761507;0.33485098843099426;0.9336693551000844
Energetyczne;Prog_Energii_99.0%;725;5;0.2219468231014977;0.4711123253551086;1.8232011989118453;8.759536500271807
Energetyczne;Prog_Energii_99.9%;725;20;0.026909724610700313;0.16404183798866773;1.2093591462561495;3.05008039505292
Energetyczne;Prog_Energii_99.99%;725;187;0.0028810156793917896;0.05367509365983249;1.1160383880254168;0.9979975406383457
Energetyczne;Prog_Energii_99.0%;726;6;0.22822500039372431;0.4777290030903758;1.1075869911057534;8.435569055544295
Energetyczne;Prog_Energii_99.9%;726;13;0.0019033057419571384;0.04362689241691572;0.3381738923550923;0.7703481707851711
Energetyczne;Prog_Energii_99.99%;726;13;0.0019033057419571384;0.04362689241691572;0.3381738923550923;0.7703481707851711
Energetyczne;Prog_Energii_99.0%;727;5;0.24585634869730552;0.49583903506814136;1.0672904621932071;8.648077563124719
Energetyczne;Prog_Energii_99.9%;727;11;0.021401794696572978;0.14629352240127716;0.713650556218937;2.551549271499172
Energetyczne;Prog_Energii_99.99%;727;36;0.0031529040213514846;0.05615072592007591;0.5526993364963078;0.9793416787281388
Energetyczne;Prog_Energii_99.0%;728;4;0.28943862774947515;0.5379950071789469;1.3384534874464489;9.116365672011142
Energetyczne;Prog_Energii_99.9%;728;16;0.02222782537353927;0.14908999085632565;0.6806651279212623;2.5263410562302515
Energetyczne;Prog_Energii_99.99%;728;26;0.0033383611735841186;0.05777855288585998;0.5375663249487532;0.9790619040669537
Energetyczne;Prog_Energii_99.0%;729;4;0.19215779322955612;0.43835806509012254;1.0097172149565772;7.710728222439579
Energetyczne;Prog_Energii_99.9%;729;13;0.032307226025817225;0.17974210977346747;0.4039231186239691;3.1616677528361907
Energetyczne;Prog_Energii_99.99%;729;19;0.0028874283014210045;0.0537347960024136;0.3364462127260426;0.9451962700347729
Energetyczne;Prog_Energii_99.0%;730;7;0.30334887160272017;0.5507711608306304;1.552360734805891;9.979724667799633
Energetyczne;Prog_Energii_99.9%;730;14;0.01628125380025178;0.12759801644324953;0.6508712509920738;2.3120184258387235
Energetyczne;Prog_Energii_99.99%;730;39;0.0030108215541990134;0.05487095364761773;0.5485029510301427;0.9942368965669471
Energetyczne;Prog_Energii_99.0%;731;9;0.2905161809910303;0.5389955296577424;1.2645696269741729;9.466770733209932
Energetyczne;Prog_Energii_99.9%;731;15;0.015944805777212568;0.12627274360372695;0.4788276290967035;2.2178200889883994
Energetyczne;Prog_Energii_99.99%;731;20;0.002411341277318811;0.04910540985796587;0.2983838290221241;0.8624740490535384
Energetyczne;Prog_Energii_99.0%;732;5;0.2508308917651848;0.5008302025289457;0.843308370431461;8.875080886655788
Energetyczne;Prog_Energii_99.9%;732;9;0.01192907111211188;0.10922028709041137;0.5445155199440155;1.9354641103840868
Energetyczne;Prog_Energii_99.99%;732;13;0.0029510971476765617;0.05432400158011707;0.3820285309486229;0.9626614083492517
Energetyczne;Prog_Energii_99.0%;733;3;0.311360832560829;0.5579971617856394;1.1554911501119447;9.791272684176477
Energetyczne;Prog_Energii_99.9%;733;9;0.012961887269488303;0.11385028445062534;0.6613097551925646;1.9977506277269723
Energetyczne;Prog_Energii_99.99%;733;15;0.0031794865606494197;0.05638693608141357;0.4722500177750275;0.9894313175923373
Energetyczne;Prog_Energii_99.0%;734;4;0.2853017417614542;0.5341364448916158;1.516525669275949;9.367912358899135
Energetyczne;Prog_Energii_99.9%;734;11;0.025891465965784982;0.1609082532556518;0.2817740197505314;2.8220774462007756
Energetyczne;Prog_Energii_99.99%;734;16;0.0023668397934689077;0.048650177733168744;0.27486909688545413;0.8532475280574974
Energetyczne;Prog_Energii_99.0%;735;5;0.19087738758633674;0.43689516773058584;1.0115069501156464;7.157714124701096
Energetyczne;Prog_Energii_99.9%;735;10;0.01783293582626701;0.13354001582397318;0.7241266681157486;2.1878045995360753
Energetyczne;Prog_Energii_99.99%;735;18;0.002892947758038549;0.05378612979234097;0.4230299284616672;0.8811856238360807
Energetyczne;Prog_Energii_99.0%;736;6;0.20498569088699037;0.4527534548592538;1.5554253884040818;8.3028221644053
Energetyczne;Prog_Energii_99.9%;736;31;0.02897063105000014;0.17020761161005737;1.4770976018585014;3.1213533879400033
Energetyczne;Prog_Energii_99.99%;736;298;0.002963378495997689;0.05443692217601661;1.3919157938198374;0.9982918499109917
Energetyczne;Prog_Energii_99.0%;737;3;0.25051019837815136;0.5005099383410397;1.0029665620791395;8.848515379007825
Energetyczne;Prog_Energii_99.9%;737;7;0.02529983744304687;0.15905922621164378;0.8341955736858395;2.8120081171051754
Energetyczne;Prog_Energii_99.99%;737;33;0.003170070194936898;0.056303376407964185;0.540857542240686;0.9953874116610864
Energetyczne;Prog_Energii_99.0%;738;5;0.25111526178520716;0.5011140207429914;1.1116767862263357;9.297607740134078
Energetyczne;Prog_Energii_99.9%;738;11;0.025922891854171626;0.1610058752163151;0.485805305456223;2.9872831524425267
Energetyczne;Prog_Energii_99.99%;738;17;0.002354742230837387;0.04852568629949902;0.388965290031309;0.9003395990888375
Energetyczne;Prog_Energii_99.0%;739;6;0.24590431351663142;0.4958874000381855;0.9755939905600188;8.736661130992701
Energetyczne;Prog_Energii_99.9%;739;12;0.017634823200215494;0.13279617163237611;0.6432119720995395;2.339634261640598
Energetyczne;Prog_Energii_99.99%;739;33;0.0031519512212830384;0.056142240971331366;0.5394563940386146;0.9891272382869304
Energetyczne;Prog_Energii_99.0%;740;8;0.23027083226336095;0.47986543141109983;1.5540397088970561;8.758878127393485
Energetyczne;Prog_Energii_99.9%;740;25;0.028810162625008694;0.16973556676492024;1.455212794004625;3.0981459506391267
Energetyczne;Prog_Energii_99.99%;740;208;0.002977942263547223;0.054570525593466875;1.2084833122785072;0.9960637956675437
Energetyczne;Prog_Energii_99.0%;741;5;0.3012706065024428;0.5488812316908301;1.9183358190509159;8.8167911365016
Energetyczne;Prog_Energii_99.9%;741;15;0.035855344656633065;0.18935507560304018;1.3318803790404008;3.041649187175817
Energetyczne;Prog_Energii_99.99%;741;137;0.003854883173277949;0.06208770549213386;1.1295724026159153;0.9973274724341661
Energetyczne;Prog_Energii_99.0%;742;10;0.20149756905604427;0.4488848059982029;1.1910233378355102;7.859238880005312
Energetyczne;Prog_Energii_99.9%;742;19;0.03172610484687929;0.1781182327749725;1.5357617477363847;3.1185589745011435
Energetyczne;Prog_Energii_99.99%;742;103;0.0032579457172382704;0.057078417262904815;0.975181948982029;0.9993497444499911
Energetyczne;Prog_Energii_99.0%;743;6;0.12986194290560865;0.3603636259469158;1.2801541646617238;6.463939050949764
Energetyczne;Prog_Energii_99.9%;743;10;0.02559403052961959;0.15998134431745345;0.9475713771390124;2.8696282990263824
Energetyczne;Prog_Energii_99.99%;743;50;0.003035373839691544;0.05509422691799517;0.658381691845614;0.9882399310455838
Energetyczne;Prog_Energii_99.0%;744;6;0.19040237711244518;0.4363512084461841;0.8354566475488943;7.913008806658073
Energetyczne;Prog_Energii_99.9%;744;11;0.0016134433503130897;0.04016769037812717;0.12253799230465834;0.7284207802175381
Energetyczne;Prog_Energii_99.99%;744;11;0.0016134433503130897;0.04016769037812717;0.12253799230465834;0.7284207802175381
Energetyczne;Prog_Energii_99.0%;745;7;0.24444469947558936;0.49441349038592114;2.3584651659523947;9.715273198842999
Energetyczne;Prog_Energii_99.9%;745;69;0.025705893274201162;0.1603305749824442;2.0700758570069144;3.150511400621732
Energetyczne;Prog_Energii_99.99%;745;674;0.0025873585605768867;0.050866084580758586;1.8095923263545277;0.9995235119328717
Energetyczne;Prog_Energii_99.0%;746;4;0.259779633566759;0.5096858184869959;1.2377431652672009;8.574649294729655
Energetyczne;Prog_Energii_99.9%;746;14;0.01562393946820396;0.12499575780083083;0.6126570477663975;2.1028538515211572
Energetyczne;Prog_Energii_99.99%;746;21;0.002617533453562649;0.051161835908835884;0.4502104771746076;0.8607161201679907
Energetyczne;Prog_Energii_99.0%;747;1;0.16490280249078412;0.4060822607437859;0.6384769419878404;7.000891669273988
Energetyczne;Prog_Energii_99.9%;747;5;0.019400853654244144;0.13928694717827705;0.6566291187617797;2.4013184578733853
Energetyczne;Prog_Energii_99.99%;747;10;0.0029451836903816547;0.05426954662038052;0.40754616480593864;0.935611459939185
Energetyczne;Prog_Energii_99.0%;748;5;0.13868240068976947;0.372400860216205;0.653601349342682;6.861863440510819
Energetyczne;Prog_Energii_99.9%;748;7;0.009051689477709316;0.09514036723551847;0.15760532680524886;1.75305773265711
Energetyczne;Prog_Energii_99.99%;748;9;0.0005297142049785455;0.023015520958226114;0.12246646801122729;0.4240843099445935
Energetyczne;Prog_Energii_99.0%;749;3;0.26423706986887885;0.5140399496818111;1.2554644694399615;9.610145731538562
Energetyczne;Prog_Energii_99.9%;749;15;0.026674360445859496;0.16332287177814225;0.8102466235531214;3.053374742669094
Energetyczne;Prog_Energii_99.99%;749;28;0.0027354385290969683;0.05230141995297038;0.4961970539224909;0.9777922280662559
Energetyczne;Prog_Energii_99.0%;750;6;0.24141271582602425;0.49133768003891604;1.1030251164085518;9.043929796195693
Energetyczne;Prog_Energii_99.9%;750;13;0.007698891963801586;0.08774333002457557;0.383172289349047;1.6150695317400432
Energetyczne;Prog_Energii_99.99%;750;23;0.0028660362220770687;0.05353537355877017;0.43495300926806557;0.9854122322559922
Energetyczne;Prog_Energii_99.0%;751;5;0.18669560055236495;0.43208286306259003;0.9495287086903375;8.372444184373638
Energetyczne;Prog_Energii_99.9%;751;9;0.01612763346949707;0.12699461984468896;0.6496064030222932;2.4607672677159327
Energetyczne;Prog_Energii_99.99%;751;16;0.0021507068137509304;0.04637571361985636;0.40277155073063753;0.8986194709057439
Energetyczne;Prog_Energii_99.0%;752;5;0.26119831703526764;0.5110756470770913;0.9614409918125029;9.00275608710112
Energetyczne;Prog_Energii_99.9%;752;13;0.013074452993861936;0.11434357434443763;0.5173371172988341;2.0141975377570835
Energetyczne;Prog_Energii_99.99%;752;15;0.003017521995120787;0.05493197607150854;0.4103800545113545;0.96764380142666
Energetyczne;Prog_Energii_99.0%;753;7;0.22847930014844164;0.4779950838120008;1.0118301760734938;8.667515783956006
Energetyczne;Prog_Energii_99.9%;753;11;0.024833430109016747;0.1575862624374877;0.9420602785144667;2.857521893569872
Energetyczne;Prog_Energii_99.99%;753;42;0.0029540003468190483;0.05435071615737044;0.6225770986151895;0.985545052903939
Energetyczne;Prog_Energii_99.0%;754;7;0.3496038316028618;0.5912730601024047;1.1390617673119703;9.740049157335722
Energetyczne;Prog_Energii_99.9%;754;12;0.026989732783521424;0.16428552213607084;0.6693616207761162;2.706277639584595
Energetyczne;Prog_Energii_99.99%;754;19;0.0033931662086945777;0.05825089019658479;0.5148493851563423;0.9595677061204804
Energetyczne;Prog_Energii_99.0%;755;5;0.33526004255832265;0.5790164441173693;1.1168945390751217;9.977339600743127
Energetyczne;Prog_Energii_99.9%;755;11;0.03163537024443262;0.17786334710792054;1.0579101400038353;3.0648577163049553
Energetyczne;Prog_Energii_99.99%;755;98;0.0033202776684437907;0.05762185061627048;0.8907406137855927;0.9929126847134635
Energetyczne;Prog_Energii_99.0%;756;4;0.21720724408414585;0.46605497967959303;1.0489319965062238;8.736016365689556
Energetyczne;Prog_Energii_99.9%;756;9;0.010474025727701113;0.10234268770997326;0.4875623423870383;1.9183732257461168
Energetyczne;Prog_Energii_99.99%;756;18;0.002583601422736936;0.050829139504195195;0.3841770720093125;0.9527721275885553
Energetyczne;Prog_Energii_99.0%;757;2;0.16526549881816607;0.4065285953265355;0.8113483563169792;7.78766786012324
Energetyczne;Prog_Energii_99.9%;757;9;0.01903352219886843;0.13796203172927118;0.5612609860193203;2.6428706191070193
Energetyczne;Prog_Energii_99.99%;757;38;0.002584949043045126;0.05084239415138833;0.5000285228194485;0.9739626767126953
Energetyczne;Prog_Energii_99.0%;758;6;0.25598482479366774;0.5059494290872041;2.2856776608093163;8.373873621574536
Energetyczne;Prog_Energii_99.9%;758;38;0.035152304198261354;0.18748947756677267;1.8606840969562004;3.1031029985579544
Energetyczne;Prog_Energii_99.99%;758;368;0.0036434622374113346;0.06036109870944477;1.6942561002086993;0.9990251657446917
Energetyczne;Prog_Energii_99.0%;759;3;0.30288028550016033;0.5503456055063585;1.1108514830524099;9.924671450426388
Energetyczne;Prog_Energii_99.9%;759;9;0.018759475490424414;0.1369652346050793;0.20215060469183932;2.4699660358608564
Energetyczne;Prog_Energii_99.99%;759;11;0.0021328710903288717;0.04618301733677512;0.29478158158951917;0.8328426157507374
Energetyczne;Prog_Energii_99.0%;760;3;0.3005225623550367;0.5481993819360221;0.9669835081830778;8.898117500213152
Energetyczne;Prog_Energii_99.9%;760;7;0.033385872426355295;0.1827180134150853;0.7591901595276296;2.96579384498959
Energetyczne;Prog_Energii_99.99%;760;40;0.0036948832295064476;0.06078555115737989;0.622379653558105;0.9866428061327275
Energetyczne;Prog_Energii_99.0%;761;6;0.27557950020310945;0.5249566650716128;1.4301085829816387;9.083923375827375
Energetyczne;Prog_Energii_99.9%;761;18;0.017942736238666213;0.1339504992102165;1.0652538206043403;2.3178981274834203
Energetyczne;Prog_Energii_99.99%;761;33;0.0032428295692555425;0.05694584769107878;0.7152242057414098;0.9853988936910226
Energetyczne;Prog_Energii_99.0%;762;6;0.2984720815813202;0.5463259847209542;1.1209763808688296;9.15038539431885
Energetyczne;Prog_Energii_99.9%;762;15;0.020299022427508966;0.1424746378395431;0.840532451012999;2.3863002705494782
Energetyczne;Prog_Energii_99.99%;762;46;0.003438820111607884;0.05864145386676463;0.6603625902668826;0.9821826491341789
Energetyczne;Prog_Energii_99.0%;763;6;0.2636460206105922;0.51346472187541;1.341365787496077;9.24280377687509
Energetyczne;Prog_Energii_99.9%;763;17;0.0295584132990296;0.17192560396587123;1.2448304812504203;3.094807791026523
Energetyczne;Prog_Energii_99.99%;763;66;0.0030347897642893514;0.05508892596783269;0.7850117748589138;0.9916477438600458
Energetyczne;Prog_Energii_99.0%;764;6;0.24473120207134125;0.4947031454027165;1.2216670965441558;8.932476426494924
Energetyczne;Prog_Energii_99.9%;764;12;0.009018599793742536;0.09496630872968863;0.15922720907343102;1.7147340216497535
Energetyczne;Prog_Energii_99.99%;764;13;0.0006230515826552954;0.024961001235032528;0.07709612863593307;0.4507017131094523
Energetyczne;Prog_Energii_99.0%;765;11;0.29445977606330176;0.5426414802273245;1.486730283355275;9.65470871515385
Energetyczne;Prog_Energii_99.9%;765;21;0.030714815708689478;0.17525642843755967;1.0489739253725787;3.118172547948247
Energetyczne;Prog_Energii_99.99%;765;127;0.0031550593306429084;0.05616991481783561;0.9661096140668715;0.9993783849587462
Energetyczne;Prog_Energii_99.0%;766;5;0.32002750844410177;0.5657097386859288;1.7622871927735568;9.99885686942531
Energetyczne;Prog_Energii_99.9%;766;29;0.0315429508246779;0.1776033525153112;1.5657187598875382;3.1391195517611403
Energetyczne;Prog_Energii_99.99%;766;261;0.0031982302923312823;0.05655289817800041;1.378588199358095;0.9995662011166907
Energetyczne;Prog_Energii_99.0%;767;2;0.2569425460885582;0.5068950049946815;1.3341790084034537;8.884526428703685
Energetyczne;Prog_Energii_99.9%;767;13;0.0303272583977208;0.17414723195537965;0.938172683120861;3.052339576337697
Energetyczne;Prog_Energii_99.99%;767;66;0.003212584478394271;0.05667966547532079;0.7470526251925032;0.9934443640667852
Energetyczne;Prog_Energii_99.0%;768;7;0.29700477556110816;0.5449814451530512;1.451952965250622;9.693900520188095
Energetyczne;Prog_Energii_99.9%;768;16;0.015848039678950057;0.12588899744993626;0.7008264202806433;2.2392604899111257
Energetyczne;Prog_Energii_99.99%;768;54;0.00312698594519851;0.055919459450163765;0.6817384990958448;0.99467180373516
Energetyczne;Prog_Energii_99.0%;769;5;0.2866886252928874;0.5354331193462797;1.3389262058834133;9.944583704571363
Energetyczne;Prog_Energii_99.9%;769;14;0.021892735055157264;0.14796193785956327;0.40873755695606384;2.7480927551353145
Energetyczne;Prog_Energii_99.99%;769;24;0.0023986322987428637;0.04897583382386525;0.3081244969550738;0.9096267327602872
Energetyczne;Prog_Energii_99.0%;770;8;0.22464178182170252;0.47396390350078615;1.3641428756478886;8.896310984655196
Energetyczne;Prog_Energii_99.9%;770;17;0.02310188910682996;0.15199305611385658;0.8972407943856551;2.8529123941920047
Energetyczne;Prog_Energii_99.99%;770;84;0.002800654623078098;0.05292121146646303;0.7742853919998014;0.9933320900872669
Energetyczne;Prog_Energii_99.0%;771;9;0.24177021835157947;0.4917013507725797;1.1471589184773938;8.660956571503963
Energetyczne;Prog_Energii_99.9%;771;17;0.0305268956233947;0.17471947694345555;0.9127380895898272;3.0775546978374173
Energetyczne;Prog_Energii_99.99%;771;105;0.003217789047196859;0.056725559029390436;0.9101949257273372;0.9991788765190286
Energetyczne;Prog_Energii_99.0%;772;6;0.1722008556543853;0.4149709094073768;1.4268104057810769;7.3931994963237475
Energetyczne;Prog_Energii_99.9%;772;24;0.02930912094120831;0.17119906816688082;1.440847803385049;3.0501146847860903
Energetyczne;Prog_Energii_99.99%;772;221;0.003145118016035601;0.05608135176719264;1.2657153051169887;0.999155873915322
Energetyczne;Prog_Energii_99.0%;773;3;0.28122730266538126;0.5303086862058563;1.3715121391909042;9.604472377863418
Energetyczne;Prog_Energii_99.9%;773;11;0.022627868082341632;0.15042562309108656;0.3313522382469687;2.724373142438789
Energetyczne;Prog_Energii_99.99%;773;17;0.0023917328957206658;0.048905346289753085;0.3067381611347555;0.8857295001716146
Energetyczne;Prog_Energii_99.0%;774;2;0.16317105955581518;0.40394437680925227;1.3196600273672021;8.095931570305066
Energetyczne;Prog_Energii_99.9%;774;22;0.02363584211361203;0.1537395268420325;1.1557053500040446;3.0812774243715255
Energetyczne;Prog_Energii_99.99%;774;216;0.0024761246560315478;0.049760673789967395;1.1031114613541906;0.9973130782956388
Energetyczne;Prog_Energii_99.0%;775;3;0.21288147071747643;0.461390800425709;1.1429592704542122;8.45267683426382
Energetyczne;Prog_Energii_99.9%;775;15;0.024488362734614365;0.15648758012894942;0.3646144907658062;2.866851576116232
Energetyczne;Prog_Energii_99.99%;775;21;0.0020363973159044668;0.04512645915540534;0.3597668180370235;0.8267164745445867
Energetyczne;Prog_Energii_99.0%;776;9;0.27336665054811266;0.5228447671614517;1.3926199016828615;9.460283043624287
Energetyczne;Prog_Energii_99.9%;776;17;0.03007627293354216;0.17342512197932042;0.5156412732501705;3.137930880912526
Energetyczne;Prog_Energii_99.99%;776;24;0.002325780116254138;0.04822634255522741;0.4059172178264534;0.8726009695155874
Energetyczne;Prog_Energii_99.0%;777;5;0.2401668758100379;0.49006823587133036;1.198374210101321;8.764324989077094
Energetyczne;Prog_Energii_99.9%;777;22;0.029407473785399544;0.17148607461073784;1.2298153267478993;3.066837593171897
Energetyczne;Prog_Energii_99.99%;777;152;0.0031147009200272885;0.05580950564220479;1.0742060466349033;0.9980908965837125
Energetyczne;Prog_Energii_99.0%;778;4;0.3250766998285767;0.570154978780837;1.5411764309764777;8.998992760078433
Energetyczne;Prog_Energii_99.9%;778;13;0.03549691326596527;0.188406245294484;1.140661443271087;2.973693996295605
Energetyczne;Prog_Energii_99.99%;778;92;0.003967461022431023;0.06298778470807671;0.9534728977934819;0.9941623587562234
Energetyczne;Prog_Energii_99.0%;779;10;0.2869689058324929;0.5356947879459841;1.9619996034435045;8.657496017101575
Energetyczne;Prog_Energii_99.9%;779;36;0.03737477402588899;0.1933255648534073;1.866663057980761;3.1243822889145823
Energetyczne;Prog_Energii_99.99%;779;337;0.003819881668236118;0.06180519127254699;1.6727414082870786;0.9988489888616019
Energetyczne;Prog_Energii_99.0%;780;5;0.3009249458149749;0.5485662638323422;1.309870114738878;9.180660233166668
Energetyczne;Prog_Energii_99.9%;780;12;0.029195417257969723;0.17086666514557403;0.8344785763740168;2.859579418750416
Energetyczne;Prog_Energii_99.99%;780;23;0.0030390916596080893;0.055127957150687974;0.4653758842331488;0.9226069434406913
Energetyczne;Prog_Energii_99.0%;781;3;0.24639860235622504;0.49638553802082613;1.4617546562087576;8.705725622653928
Energetyczne;Prog_Energii_99.9%;781;25;0.031922230361205416;0.17866793322027716;1.3822518359389955;3.1335199860660095
Energetyczne;Prog_Energii_99.99%;781;231;0.0032486867837553703;0.056997252422861314;1.3012275633877248;0.9996311391686012
Energetyczne;Prog_Energii_99.0%;782;5;0.23169964661844775;0.48135189479054485;1.2632429607698965;8.49525129760424
Energetyczne;Prog_Energii_99.9%;782;11;0.02355655661822588;0.15348145366208218;1.0871635449127304;2.7087532686421665
Energetyczne;Prog_Energii_99.99%;782;51;0.0031594054629288507;0.05620858887153146;0.6964712997283886;0.9920104038546738
Energetyczne;Prog_Energii_99.0%;783;4;0.06845286149091867;0.26163497757547377;0.7458798666808946;4.674803012437676
Energetyczne;Prog_Energii_99.9%;783;8;0.023678675662047323;0.15387876936747097;0.6737879320469018;2.7494524671562464
Energetyczne;Prog_Energii_99.99%;783;47;0.003064164817354815;0.05535489876564508;0.5979588373992017;0.9890621273226816
Energetyczne;Prog_Energii_99.0%;784;7;0.2703643096306581;0.5199656812046908;1.7103696497829342;9.798053124988085
Energetyczne;Prog_Energii_99.9%;784;19;0.02744015167416204;0.16565069174066868;1.1237369274354032;3.1214642360736145
Energetyczne;Prog_Energii_99.99%;784;129;0.0027968283419822254;0.05288504837836707;0.9393957674036786;0.9965475266142063
Energetyczne;Prog_Energii_99.0%;785;6;0.15381530302157392;0.39219294106545816;0.8503884211449835;8.088370061581736
Energetyczne;Prog_Energii_99.9%;785;13;0.017875039026269288;0.1336975655211017;0.6113950926587801;2.7573045637421445
Energetyczne;Prog_Energii_99.99%;785;35;0.002276269248281724;0.047710263552842844;0.4854146528042813;0.9839500586181658
Energetyczne;Prog_Energii_99.0%;786;5;0.2842203403018801;0.5331231943011672;1.2917486351853311;9.77880476945846
Energetyczne;Prog_Energii_99.9%;786;22;0.028279125701517797;0.1681639845553078;1.2722145758113221;3.084545545567876
Energetyczne;Prog_Energii_99.99%;786;208;0.00295015789343297;0.0543153559634195;1.1864990104049955;0.9962786605939229
Energetyczne;Prog_Energii_99.0%;787;1;0.2819008157105355;0.5309433262698906;1.0611494291831534;8.042951755918736
Energetyczne;Prog_Energii_99.9%;787;7;0.019978535286807864;0.14134544664334917;0.8801362996945228;2.1411599920805187
Energetyczne;Prog_Energii_99.99%;787;28;0.004184410389154435;0.0646870187066496;0.6099816904514332;0.9799060369530439
Energetyczne;Prog_Energii_99.0%;788;14;0.22431724633230396;0.4736214166740182;2.735733475956647;8.916202087048905
Energetyczne;Prog_Energii_99.9%;788;29;0.027306329161253626;0.16524626822186825;1.8479759285867354;3.110858313679147
Energetyczne;Prog_Energii_99.99%;788;216;0.0028089867451524357;0.05299987495412075;1.2395341830332747;0.9977538579183636
Energetyczne;Prog_Energii_99.0%;789;4;0.1777470103835408;0.42160053413573945;1.1568286464567397;7.349599198768324
Energetyczne;Prog_Energii_99.9%;789;9;0.025972783047195948;0.16116073667986242;0.6863655778565318;2.8094528475950082
Energetyczne;Prog_Energii_99.99%;789;45;0.0032172870350334138;0.05672113393642103;0.6087262153044453;0.9887976100099817
Energetyczne;Prog_Energii_99.0%;790;11;0.22909937739750494;0.47864326736882545;1.2837987873845886;8.16920870218188
Energetyczne;Prog_Energii_99.9%;790;21;0.03377374263026568;0.18377633860283996;1.4710644998503901;3.13658911953856
Energetyczne;Prog_Energii_99.99%;790;39;0.003375597682731838;0.05809989399931671;0.8506992891907177;0.991615660373072
Energetyczne;Prog_Energii_99.0%;791;7;0.24962845130955105;0.49962831315844286;1.2753561134773905;8.930765545518538
Energetyczne;Prog_Energii_99.9%;791;13;0.031169835555237876;0.17654981040838835;0.2767172212807978;3.1557958633202023
Energetyczne;Prog_Energii_99.99%;791;15;0.0006080125838504362;0.024657911181818225;0.085414951184414;0.4407556933972312
Energetyczne;Prog_Energii_99.0%;792;5;0.19432734320780445;0.4408257515252534;0.7663887434668286;9.25587964869562
Energetyczne;Prog_Energii_99.9%;792;9;0.0183369535222707;0.13541400785100002;0.41953096324554906;2.8432453301099363
Energetyczne;Prog_Energii_99.99%;792;26;0.0022122122716402935;0.04703416068816678;0.4139140280082012;0.9875614779780921
Energetyczne;Prog_Energii_99.0%;793;7;0.1445259176597761;0.3801656450282904;1.1830840104193578;6.751036734126329
Energetyczne;Prog_Energii_99.9%;793;20;0.02773536913640881;0.16653939214614905;1.2495112938207802;2.9574307114838194
Energetyczne;Prog_Energii_99.99%;793;153;0.0031556427279166334;0.05617510772501138;1.075804626911708;0.9975657210341401
Energetyczne;Prog_Energii_99.0%;794;5;0.2777542069106366;0.5270239149323649;1.1887955082986332;9.59494046691506
Energetyczne;Prog_Energii_99.9%;794;13;0.02280388298985084;0.1510095460222659;0.3333717787805739;2.749263483053625
Energetyczne;Prog_Energii_99.99%;794;17;0.0023194827726390247;0.048161008841582885;0.3633637536439789;0.8768141246889355
Energetyczne;Prog_Energii_99.0%;795;8;0.25341711564017305;0.503405518086734;1.091375328611388;8.983061628659893
Energetyczne;Prog_Energii_99.9%;795;15;0.024274835701931726;0.15580383725034413;0.8249827204711915;2.780254529828962
Energetyczne;Prog_Energii_99.99%;795;33;0.0031109217151735423;0.05577563729060872;0.5409681551622656;0.9952929977080492
Energetyczne;Prog_Energii_99.0%;796;1;0.29937286852596234;0.5471497679118236;1.1099547041994509;9.988550192529647
Energetyczne;Prog_Energii_99.9%;796;6;0.008375319995269416;0.09151677439283695;0.2519866424164565;1.6706941098960304
Energetyczne;Prog_Energii_99.99%;796;10;0.0016131289104424425;0.040163776097902476;0.20028554658880093;0.7332140430334125
Energetyczne;Prog_Energii_99.0%;797;5;0.20450319862547586;0.45222029877646563;0.7172329427208601;8.357626725019045
Energetyczne;Prog_Energii_99.9%;797;7;0.004898703856139151;0.06999074121724352;0.48460045954042386;1.2935210800660517
Energetyczne;Prog_Energii_99.99%;797;10;0.0027018975899796727;0.05197978058802935;0.414749014037862;0.9606548060282442
Energetyczne;Prog_Energii_99.0%;798;8;0.2383700518734559;0.48823155558961556;1.687367405595528;8.634871971728177
Energetyczne;Prog_Energii_99.9%;798;23;0.030971911312368167;0.1759883840268106;1.3173134816135743;3.112533688543837
Energetyczne;Prog_Energii_99.99%;798;200;0.0031854637375173774;0.05643991262854132;1.2119257931674134;0.9981972981128305
Energetyczne;Prog_Energii_99.0%;799;5;0.21716403493167755;0.4660086210915819;1.4503161087002336;8.30289917307557
Energetyczne;Prog_Energii_99.9%;799;15;0.031131889749856784;0.17644231281032557;1.1003723893862727;3.1436816119341473
Energetyczne;Prog_Energii_99.99%;799;143;0.0031483223440667116;0.056109913064152146;1.0284238882309875;0.999713159148048
Energetyczne;Prog_Energii_99.0%;800;3;0.31047870758873797;0.5572061625545234;0.960239035584582;9.80915328364666
Energetyczne;Prog_Energii_99.9%;800;7;0.008480850737771247;0.09209153456084467;0.6342437613457577;1.6211952403616428
Energetyczne;Prog_Energii_99.99%;800;20;0.003040925218352977;0.05514458466933065;0.46747963819844074;0.9707747690812124
Energetyczne;Prog_Energii_99.0%;801;6;0.23466595737214938;0.4844233245542058;1.089887775543346;9.15589074919481
Energetyczne;Prog_Energii_99.9%;801;15;0.0262594136868315;0.16204756612436824;1.230122790051274;3.062795981124596
Energetyczne;Prog_Energii_99.99%;801;76;0.002766404915474483;0.052596624563506764;0.7862093076025847;0.9941076820011743
Energetyczne;Prog_Energii_99.0%;802;4;0.22695832117815243;0.4764014286063303;1.1281124281708683;8.53635948959099
Energetyczne;Prog_Energii_99.9%;802;11;0.0275555808393231;0.16599873746303945;0.34030492646338395;2.9744346106352357
Energetyczne;Prog_Energii_99.99%;802;15;0.002510878313227859;0.05010866505134475;0.13098938088822454;0.897867959114049
Energetyczne;Prog_Energii_99.0%;803;3;0.2020077462419538;0.44945271858333863;0.7451180980537178;8.272059613642222
Energetyczne;Prog_Energii_99.9%;803;5;0.015545559118845184;0.1246818315507323;0.32054946634935355;2.294736466555636
Energetyczne;Prog_Energii_99.99%;803;8;0.001967650171769321;0.04435820298174083;0.262812028815711;0.8164011123919023
Energetyczne;Prog_Energii_99.0%;804;6;0.12530592282587558;0.35398576641706314;1.2631649691137445;6.412336375777883
Energetyczne;Prog_Energii_99.9%;804;9;0.0297761725355022;0.17255773681728154;1.0228691129875798;3.125826961674199
Energetyczne;Prog_Energii_99.99%;804;63;0.002999460656681851;0.05476733202084844;0.7135045801070139;0.9920923060726295
Energetyczne;Prog_Energii_99.0%;805;1;0.3475185427722506;0.5895070336919235;1.0589021609259701;9.402295982833655
Energetyczne;Prog_Energii_99.9%;805;3;0.03868332238493492;0.19668076262038167;0.4859238305716236;3.136944325676516
Energetyczne;Prog_Energii_99.99%;805;19;0.0037347543479837216;0.061112636565474096;0.4455912517195566;0.9747111814448949
Energetyczne;Prog_Energii_99.0%;806;3;0.2631399202205994;0.5129716563520829;1.1147420976227593;9.414393895505212
Energetyczne;Prog_Energii_99.9%;806;11;0.018791298199244844;0.13708135613293604;0.7747378519609089;2.5158073869869257
Energetyczne;Prog_Energii_99.99%;806;20;0.002834648255324449;0.05324141485088886;0.5077488141577975;0.9771215324541067
Energetyczne;Prog_Energii_99.0%;807;7;0.29330144698278965;0.5415731224708161;1.0756940428770454;9.766192080569873
Energetyczne;Prog_Energii_99.9%;807;21;0.026937640152326543;0.16412690258554977;1.2934964874644548;2.959701635351807
Energetyczne;Prog_Energii_99.99%;807;106;0.0030566804522572178;0.05528725397645661;0.945644141964741;0.9969954555313478
Energetyczne;Prog_Energii_99.0%;808;4;0.2781635938383493;0.5274121669418987;1.8752551977112546;9.574869118046161
Energetyczne;Prog_Energii_99.9%;808;37;0.030126274055661532;0.17356921978179637;1.6349572075175525;3.151050860218719
Energetyczne;Prog_Energii_99.99%;808;351;0.0030300869323409657;0.0550462254141096;1.5110742619893323;0.9993330393544527
Energetyczne;Prog_Energii_99.0%;809;4;0.20577056789997095;0.4536194086455858;0.808028481436545;7.917228656762743
Energetyczne;Prog_Energii_99.9%;809;9;0.018591792446737632;0.1363517232994788;0.5050014753852485;2.3798094846269153
Energetyczne;Prog_Energii_99.99%;809;12;0.0013764360371972546;0.037100350903963894;0.26777443722290784;0.6475295275169987
Energetyczne;Prog_Energii_99.0%;810;2;0.12048148446186246;0.34710442875576;0.6252409890757793;6.313131299240042
Energetyczne;Prog_Energii_99.9%;810;7;0.016643564496268887;0.12900993952509585;0.6694386255634335;2.3464312744394284
Energetyczne;Prog_Energii_99.99%;810;26;0.002815198176209653;0.05305844114002647;0.4704629515785932;0.9650263082228913
Energetyczne;Prog_Energii_99.0%;811;4;0.20994613697715175;0.45819879635061433;1.1601878105476242;8.652158376496585
Energetyczne;Prog_Energii_99.9%;811;15;0.023929601183519496;0.15469195578154507;1.0802053344675135;2.921044995429831
Energetyczne;Prog_Energii_99.99%;811;116;0.0027750439118453324;0.05267868555540592;0.8863070757338729;0.9947305277124041
Energetyczne;Prog_Energii_99.0%;812;8;0.13704752217869362;0.37019930061886075;0.8874886464202971;8.338565518552974
Energetyczne;Prog_Energii_99.9%;812;15;0.01737262223289234;0.13180524357130993;0.6850939121388211;2.968851257608796
Energetyczne;Prog_Energii_99.99%;812;24;0.0017560575538630814;0.041905340397890595;0.37344712131996527;0.9438981270384197
Energetyczne;Prog_Energii_99.0%;813;6;0.2598941104513049;0.5097981075399407;2.170120414830011;8.789504828438556
Energetyczne;Prog_Energii_99.9%;813;15;0.030978165576668437;0.1760061520989208;1.1996967610093758;3.034548188445665
Energetyczne;Prog_Energii_99.99%;813;113;0.0033606571311533074;0.057971175002351875;0.973517486208924;0.9994896313998345
Energetyczne;Prog_Energii_99.0%;814;6;0.21877264229700158;0.46773137835407363;1.1513176239602876;8.798092277994009
Energetyczne;Prog_Energii_99.9%;814;19;0.02536983424328927;0.15927910799376443;1.1155506946993468;2.996062173585639
Energetyczne;Prog_Energii_99.99%;814;122;0.00280743407473607;0.052985225060728676;0.9220200159996841;0.9966594524724846
Energetyczne;Prog_Energii_99.0%;815;2;0.22669695733504214;0.4761270390715509;0.87365318128992;8.189137185145452
Energetyczne;Prog_Energii_99.9%;815;6;0.021142432664065167;0.1454043763580215;0.2784591304698312;2.500879571213384
Energetyczne;Prog_Energii_99.99%;815;9;0.0029244760709158848;0.054078425188940966;0.2864631754325613;0.9301207583010467
Energetyczne;Prog_Energii_99.0%;816;4;0.13303259224033648;0.36473633249285226;0.9774138837524902;7.03189088133138
Energetyczne;Prog_Energii_99.9%;816;7;0.019730813710864003;0.14046641488577974;0.7854006432173328;2.7081055929298783
Energetyczne;Prog_Energii_99.99%;816;41;0.0026831342733946266;0.05179897946286806;0.5532379554116691;0.99865228357625
Energetyczne;Prog_Energii_99.0%;817;5;0.21823194675404703;0.467153022845884;1.3118735178547674;8.276362744746164
Energetyczne;Prog_Energii_99.9%;817;12;0.026181086185687878;0.16180570504678715;1.12096965435215;2.8666467809166067
Energetyczne;Prog_Energii_99.99%;817;76;0.003160869547993876;0.05622161104054095;0.8146491200785366;0.9960557340095622
Energetyczne;Prog_Energii_99.0%;818;9;0.24510107913249304;0.4950768416442977;1.0064456278846707;8.822228763830504
Energetyczne;Prog_Energii_99.9%;818;15;0.01852770821086287;0.13611652438577349;0.4249563406931465;2.425585314555257
Energetyczne;Prog_Energii_99.99%;818;27;0.0029638256811248234;0.054441029390752925;0.45010270350137116;0.9701346842006424
Energetyczne;Prog_Energii_99.0%;819;8;0.14611942427669597;0.3822557053553236;0.9758824001827664;6.552877734781864
Energetyczne;Prog_Energii_99.9%;819;11;0.025360979214518395;0.15925130836046025;1.1099834695779025;2.7299902608912294
Energetyczne;Prog_Energii_99.99%;819;24;0.0031880384514356946;0.05646271735787868;0.6546368718805686;0.9679208923142156
Energetyczne;Prog_Energii_99.0%;820;10;0.18180288066971415;0.4263834901467389;0.8312057127959851;8.04051024717522
Energetyczne;Prog_Energii_99.9%;820;16;0.0119236824857508;0.10919561568923361;0.4099634928610838;2.059152118187626
Energetyczne;Prog_Energii_99.99%;820;19;0.0019594007870983037;0.044265119305140294;0.25573493176538253;0.8347277828297882
Energetyczne;Prog_Energii_99.0%;821;5;0.29098620116341456;0.5394313683532082;1.2316001853519927;9.75993031187624
Energetyczne;Prog_Energii_99.9%;821;15;0.028065517792398725;0.16752766276767167;1.2128535604778028;3.0310775565676367
Energetyczne;Prog_Energii_99.99%;821;64;0.002966635911492047;0.054466833132577545;0.7633782021239455;0.9854682669000315
Energetyczne;Prog_Energii_99.0%;822;10;0.24959625586125053;0.4995960927201598;1.144046573215336;9.379704090088126
Energetyczne;Prog_Energii_99.9%;822;18;0.0237898516623945;0.15423959174736718;1.148608277927222;2.895782714571107
Energetyczne;Prog_Energii_99.99%;822;84;0.002789150721856246;0.05281241068022029;0.7937087931992455;0.9915305417373352
Energetyczne;Prog_Energii_99.0%;823;9;0.2945691171598839;0.5427422198059442;1.8256819843551675;9.087281143343885
Energetyczne;Prog_Energii_99.9%;823;15;0.03266514728076518;0.18073501951964147;0.9760190407198266;3.026095768650462
Energetyczne;Prog_Energii_99.99%;823;52;0.0034277924696051345;0.058547352370582346;0.7609282754229927;0.9802743029280655
Energetyczne;Prog_Energii_99.0%;824;5;0.10913954457173795;0.3303627469490741;0.787680215155782;5.764175310379692
Energetyczne;Prog_Energii_99.9%;824;9;0.019848095177928984;0.14088326791329403;0.8442133690866287;2.4581338605850735
Energetyczne;Prog_Energii_99.99%;824;25;0.003197384878354443;0.056545423142412184;0.550096032176894;0.9866055873506483
Energetyczne;Prog_Energii_99.0%;825;7;0.2694056635178702;0.5190430266537354;1.1432403014122974;9.19818686842629
Energetyczne;Prog_Energii_99.9%;825;13;0.0026893750420463355;0.05185918474143549;0.2559552234420073;0.9190191325201811
Energetyczne;Prog_Energii_99.99%;825;13;0.0026893750420463355;0.05185918474143549;0.2559552234420073;0.9190191325201811
Energetyczne;Prog_Energii_99.0%;826;7;0.30590539546387296;0.5530871499717499;1.3315282088758646;9.727720094193483
Energetyczne;Prog_Energii_99.9%;826;14;0.015908823414207712;0.12613018438981097;0.4449608053899903;2.2183829966683595
Energetyczne;Prog_Energii_99.99%;826;24;0.0029959961742813354;0.05473569378642547;0.3425883915365624;0.9626936882244119
Energetyczne;Prog_Energii_99.0%;827;9;0.22662078682884457;0.47604704266368947;0.9857570762291727;8.462432682178534
Energetyczne;Prog_Energii_99.9%;827;14;0.024407509469645712;0.15622902889554716;0.9190993493321233;2.777199565473815
Energetyczne;Prog_Energii_99.99%;827;77;0.003153550251120033;0.05615648004567267;0.7664708727065728;0.9982635946975803
Energetyczne;Prog_Energii_99.0%;828;3;0.3060770762084985;0.5532423304561017;0.9376167657977961;9.198991393548472
Energetyczne;Prog_Energii_99.9%;828;6;0.025834313185016167;0.16073056083090162;0.7118454404363881;2.6725341940930942
Energetyczne;Prog_Energii_99.99%;828;50;0.0035200451944819443;0.059329968771961644;0.6593849094069739;0.9865041810210519
Energetyczne;Prog_Energii_99.0%;829;8;0.21186300876705985;0.46028579031625544;1.010765029758164;8.076866743040831
Energetyczne;Prog_Energii_99.9%;829;18;0.025010507362007463;0.15814710671399418;0.6126139967908752;2.77508698638894
Energetyczne;Prog_Energii_99.99%;829;47;0.0031824788255616814;0.05641346315873261;0.6234285312481891;0.9899154699810749
Energetyczne;Prog_Energii_99.0%;830;6;0.25612039358407945;0.5060833859988683;1.2603595590556766;8.444223397094593
Energetyczne;Prog_Energii_99.9%;830;12;0.024848644712918894;0.15763452893614044;0.7407213069389833;2.630201295395851
Energetyczne;Prog_Energii_99.99%;830;29;0.003587039941063562;0.05989190213262192;0.5876941573188246;0.999322671473583
Energetyczne;Prog_Energii_99.0%;831;5;0.2326225465361809;0.4823095961477243;1.4457652384397175;8.3353694823317
Energetyczne;Prog_Energii_99.9%;831;9;0.025027212444713474;0.15819991290994276;0.8599327567406618;2.7340420690555476
Energetyczne;Prog_Energii_99.99%;831;18;0.002903202462902635;0.0538813739886302;0.5162984590661264;0.9311885228868019
Energetyczne;Prog_Energii_99.0%;832;5;0.263545365831611;0.5133666972365961;1.1954665641263462;9.431722582847838
Energetyczne;Prog_Energii_99.9%;832;16;0.026063571600764772;0.1614421617817501;0.9958092052110921;2.966062448727459
Energetyczne;Prog_Energii_99.99%;832;77;0.002949186654421646;0.0543064144868877;0.7735812254120811;0.9977332746097742
Energetyczne;Prog_Energii_99.0%;833;3;0.3500578042180858;0.5916568297738866;1.458974715213719;9.795245560237838
Energetyczne;Prog_Energii_99.9%;833;23;0.03632618186130432;0.19059428601430925;1.4606725401091127;3.155406546395895
Energetyczne;Prog_Energii_99.99%;833;225;0.0036382700658614733;0.060318074122616624;1.3624135133595736;0.9986031057521213
Energetyczne;Prog_Energii_99.0%;834;8;0.31521049223824466;0.5614360980897511;1.2684449447882815;9.212457650291235
Energetyczne;Prog_Energii_99.9%;834;15;0.01282927609089219;0.11326639435813339;0.45707233986186324;1.8585585514999823
Energetyczne;Prog_Energii_99.99%;834;18;0.002973349144604834;0.05452842510658853;0.35575616773609653;0.8947426229640473
Energetyczne;Prog_Energii_99.0%;835;9;0.27256696716089446;0.5220794644121663;1.1664427401879545;9.323404739751377
Energetyczne;Prog_Energii_99.9%;835;19;0.026801628809605228;0.16371203013097488;1.1321840739064521;2.9236038222572964
Energetyczne;Prog_Energii_99.99%;835;41;0.0030911046172257726;0.055597703344884425;0.7089334824400897;0.9928754647889322
Energetyczne;Prog_Energii_99.0%;836;5;0.2514627627765167;0.5014606293384524;1.3100849780972421;9.393003210815012
Energetyczne;Prog_Energii_99.9%;836;11;0.006671118858098333;0.08167691753548449;0.4816637945037021;1.5299138232893572
Energetyczne;Prog_Energii_99.99%;836;23;0.0027979102208357974;0.0528952759784444;0.4441059946133681;0.9907966209788664
Energetyczne;Prog_Energii_99.0%;837;3;0.27451759943830223;0.5239442713097474;0.9190635028598608;9.346250102684955
Energetyczne;Prog_Energii_99.9%;837;10;0.014249275382464186;0.11937032873567947;0.6458623020468703;2.1293580411032265
Energetyczne;Prog_Energii_99.99%;837;29;0.00313503510993067;0.05599138424731675;0.5201141565691039;0.9987884388215496
Energetyczne;Prog_Energii_99.0%;838;3;0.23958210050164447;0.4894712458374286;1.854667211312142;8.580605207694614
Energetyczne;Prog_Energii_99.9%;838;11;0.032057878540079535;0.17904714055264756;1.0193955708754592;3.1387601206693763
Energetyczne;Prog_Energii_99.99%;838;107;0.003245370001534694;0.05696814900920245;0.9147111813598992;0.9986719347012282
Energetyczne;Prog_Energii_99.0%;839;4;0.1140262180705512;0.33767768370230095;1.00586843485923;7.298904972612684
Energetyczne;Prog_Energii_99.9%;839;11;0.020806810910545846;0.14424566166975644;0.31819948444161295;3.1178707627222986
Energetyczne;Prog_Energii_99.99%;839;15;0.0017164836555118245;0.0414304677201673;0.17670534366274637;0.8955197854501803
Energetyczne;Prog_Energii_99.0%;840;5;0.2539039867581735;0.5038888634988608;1.392801124174997;9.031168212559955
Energetyczne;Prog_Energii_99.9%;840;15;0.029794461318567358;0.1726107219107995;0.8795288961704175;3.0936910453694977
Energetyczne;Prog_Energii_99.99%;840;96;0.0030820226013487406;0.05551596708469322;0.8380380170963173;0.995009164805524
Energetyczne;Prog_Energii_99.0%;841;3;0.15051258440880547;0.3879595138784529;1.107796973162535;7.586138599476498
Energetyczne;Prog_Energii_99.9%;841;7;0.01613861502625838;0.1270378487942014;0.7173397339083163;2.4840909781995557
Energetyczne;Prog_Energii_99.99%;841;32;0.0025173251607522444;0.05017295248191245;0.49275488986822236;0.9810791019600655
Energetyczne;Prog_Energii_99.0%;842;4;0.18214050612503066;0.42677922410191277;0.6938462225077142;7.5177108742736465
Energetyczne;Prog_Energii_99.9%;842;9;0.01999089094570295;0.14138914719915016;0.7722354948388022;2.4905681190083135
Energetyczne;Prog_Energii_99.99%;842;36;0.0031146564668423785;0.055809107382598214;0.5672161167813039;0.9830767520058009
Energetyczne;Prog_Energii_99.0%;843;9;0.3049273075489429;0.552202234284635;1.5708339645084033;9.735894612558395
Energetyczne;Prog_Energii_99.9%;843;17;0.02633576443659718;0.16228297642265863;0.41752576241330885;2.861216159166971
Energetyczne;Prog_Energii_99.99%;843;21;0.002224751339272161;0.04716726978819275;0.2750363763149499;0.8316075874174199
Energetyczne;Prog_Energii_99.0%;844;4;0.20983633457917245;0.4580789610745864;1.0762946526831696;8.16209129343098
Energetyczne;Prog_Energii_99.9%;844;13;0.030570355003057836;0.1748438017290228;1.0467830907694875;3.1153822660946533
Energetyczne;Prog_Energii_99.99%;844;92;0.0031142956172709527;0.055805874397512605;0.8662067399661995;0.9943539875171764
Energetyczne;Prog_Energii_99.0%;845;5;0.2584757982485451;0.5084051516738841;0.9944556730699423;9.409171646644033
Energetyczne;Prog_Energii_99.9%;845;14;0.022973803450289817;0.1515711168075561;1.0064395499540577;2.805161690475228
Energetyczne;Prog_Energii_99.99%;845;96;0.002869134289123422;0.0535643005099798;0.8359840632852045;0.9913268895318154
Energetyczne;Prog_Energii_99.0%;846;4;0.30030771224092356;0.5480033870706673;1.347273815384388;9.52774468795278
Energetyczne;Prog_Energii_99.9%;846;12;0.018422198979042834;0.13572840151951557;0.5483547864319211;2.3598130724968036
Energetyczne;Prog_Energii_99.99%;846;30;0.0031292707095517077;0.05593988478314652;0.4975313284015934;0.9725869450120476
Energetyczne;Prog_Energii_99.0%;847;14;0.2607973378093903;0.5106832068997279;3.3161736513346414;9.251897231245659
Energetyczne;Prog_Energii_99.9%;847;80;0.02994127554150888;0.17303547480649417;2.5103747088264114;3.13483272729549
Energetyczne;Prog_Energii_99.99%;847;766;0.003044637174260896;0.055178230981618975;2.060852473467879;0.999647757252591
Energetyczne;Prog_Energii_99.0%;848;6;0.20580196451372243;0.4536540141051575;0.9767095166786945;8.594778200210062
Energetyczne;Prog_Energii_99.9%;848;15;0.025166358559343505;0.1586390826982541;0.3406450367681062;3.0055233444054177
Energetyczne;Prog_Energii_99.99%;848;24;0.002632936799962911;0.05131215060746247;0.3730877601255749;0.9721429541780396
Energetyczne;Prog_Energii_99.0%;849;4;0.2415615386708937;0.49148910330839857;0.957662664416695;8.303649430835874
Energetyczne;Prog_Energii_99.9%;849;7;0.010408142123651987;0.1020203025071578;0.4389575922706461;1.7236207703178772
Energetyczne;Prog_Energii_99.99%;849;9;0.0029357494527717846;0.05418255672051463;0.3167092837228518;0.9154077948931114
Energetyczne;Prog_Energii_99.0%;850;7;0.36080834912863063;0.6006732465564207;1.7356116796122558;9.721183673984877
Energetyczne;Prog_Energii_99.9%;850;21;0.03796043396423182;0.19483437572520876;1.4561283942689824;3.1531631603190293
Energetyczne;Prog_Energii_99.99%;850;167;0.0038011328919838137;0.06165332831229644;1.231039055821749;0.997785954464063
Energetyczne;Prog_Energii_99.0%;851;6;0.18428107883070952;0.42927972096374356;0.9243266045172751;7.32262022907771
Energetyczne;Prog_Energii_99.9%;851;12;0.023862982669047468;0.15447647933924266;0.9289263004973414;2.6350478191393085
Energetyczne;Prog_Energii_99.99%;851;42;0.00334884143744346;0.05786917519235486;0.6352187708953281;0.9871279080042299
Energetyczne;Prog_Energii_99.0%;852;9;0.2788943027626166;0.5281044430438137;1.878050075712225;9.160451561326594
Energetyczne;Prog_Energii_99.9%;852;25;0.03113535304154967;0.17645212676969826;1.7270898363028246;3.0607225170282826
Energetyczne;Prog_Energii_99.99%;852;187;0.0033108346857531373;0.05753985302165046;1.243361518151623;0.998081048916589
Energetyczne;Prog_Energii_99.0%;853;6;0.2453302264468222;0.4953082135870777;2.133794235557321;9.216863968581912
Energetyczne;Prog_Energii_99.9%;853;33;0.028435653617058403;0.16862874493116053;1.5066680549832494;3.1379011302221462
Energetyczne;Prog_Energii_99.99%;853;305;0.00288200142811533;0.05368427542693791;1.3938999774685694;0.998975285062546
Energetyczne;Prog_Energii_99.0%;854;3;0.2177262590742367;0.4666114647908222;0.9927875061191731;8.402140756419833
Energetyczne;Prog_Energii_99.9%;854;8;0.02031575841431519;0.14253335895261568;0.34048635070560884;2.566557906891672
Energetyczne;Prog_Energii_99.99%;854;14;0.0020838829224253687;0.04564956650862491;0.20314543968142473;0.8219988410421055
Energetyczne;Prog_Energii_99.0%;855;10;0.2655773082168679;0.5153419332995016;2.0304857047667975;9.116050893383122
Energetyczne;Prog_Energii_99.9%;855;49;0.03192798178868726;0.17868402779400083;1.9415183558451767;3.160799822315509
Energetyczne;Prog_Energii_99.99%;855;471;0.003192851867947416;0.05650532601399107;1.75328316153184;0.9995410705136305
Energetyczne;Prog_Energii_99.0%;856;1;0.24195653114077187;0.4918907715547953;1.147950729043032;8.620389829929417
Energetyczne;Prog_Energii_99.9%;856;12;0.021310371079323296;0.1459807216015981;0.5289150934657094;2.558313350507716
Energetyczne;Prog_Energii_99.99%;856;19;0.0029867207480513483;0.05465089887688352;0.5275093004035094;0.9577574537242706
Energetyczne;Prog_Energii_99.0%;857;7;0.23345948871373456;0.4831764571186541;1.3105942945567293;8.431895833684381
Energetyczne;Prog_Energii_99.9%;857;13;0.012259859653906384;0.11072425052311885;0.4508261588683631;1.9322451102878189
Energetyczne;Prog_Energii_99.99%;857;16;0.002188346174054292;0.0467797624411913;0.2905952114856518;0.8163520349911471
Energetyczne;Prog_Energii_99.0%;858;5;0.27175669617207315;0.5213028833337421;0.7414844798864486;9.305905133882602
Energetyczne;Prog_Energii_99.9%;858;7;0.0044963628155187535;0.06705492387229109;0.41897529405036504;1.1970138287452494
Energetyczne;Prog_Energii_99.99%;858;13;0.0029749004332623613;0.054542647838754225;0.36188920099020816;0.9736541323007882
Energetyczne;Prog_Energii_99.0%;859;5;0.20395672398645898;0.4516156817322213;0.8284273612791111;8.64084722781475
Energetyczne;Prog_Energii_99.9%;859;9;0.006175665466931815;0.078585402378125;0.43043803792523416;1.5035891882256587
Energetyczne;Prog_Energii_99.99%;859;12;0.0017706587874044533;0.042079196610729785;0.3163871063648882;0.8051091317021346
Energetyczne;Prog_Energii_99.0%;860;8;0.21280053841133703;0.46130308736376024;1.2492025707873138;8.248606972264156
Energetyczne;Prog_Energii_99.9%;860;15;0.027144673702720626;0.16475640716743195;0.9022068441341551;2.946025912492592
Energetyczne;Prog_Energii_99.99%;860;24;0.0028720645789310877;0.053591646540585854;0.48887514951889965;0.9582776300849022
Energetyczne;Prog_Energii_99.0%;861;12;0.20522894175117612;0.45302201022817434;1.373896503329691;8.291685460804384
Energetyczne;Prog_Energii_99.9%;861;26;0.027317508854607077;0.16528009213032002;1.440405983030601;3.02513013923347
Energetyczne;Prog_Energii_99.99%;861;202;0.002975871100910532;0.05455154535767554;1.1957452472831438;0.9984597774373617
Energetyczne;Prog_Energii_99.0%;862;4;0.0973836624700485;0.3120635551775447;0.7415002833002813;5.648716267122255
Energetyczne;Prog_Energii_99.9%;862;9;0.026669363717323636;0.16330757397415355;0.36478647762594374;2.956058579564793
Energetyczne;Prog_Energii_99.99%;862;11;0.0024003158131652652;0.04899301800425511;0.2617131396540646;0.8868310739413233
Energetyczne;Prog_Energii_99.0%;863;9;0.18631603089314178;0.4316434071002843;1.3593948337522992;8.94768550358085
Energetyczne;Prog_Energii_99.9%;863;17;0.014282930567993705;0.11951121523938121;0.9369305365165719;2.4773893230443775
Energetyczne;Prog_Energii_99.99%;863;82;0.0022745872130159428;0.04769263269118138;0.6993094826028088;0.9886370813011051
Energetyczne;Prog_Energii_99.0%;864;5;0.17257931395781415;0.4154266649576242;1.0063148086153944;9.102182087269808
Energetyczne;Prog_Energii_99.9%;864;7;0.005909795471463781;0.07687519412309657;0.46177306756816705;1.6843695263856386
Energetyczne;Prog_Energii_99.99%;864;11;0.0019361118671827186;0.04400127119962239;0.3452265864367057;0.9640873259090333
Energetyczne;Prog_Energii_99.0%;865;8;0.2162219398551996;0.4649967095100777;1.8663456580780684;8.258014136170951
Energetyczne;Prog_Energii_99.9%;865;24;0.030778777920744006;0.17543881531959798;1.5126835049741825;3.115669825854813
Energetyczne;Prog_Energii_99.99%;865;208;0.0031538543455904076;0.056159187543895324;1.2384894587570061;0.9973476266143604
Energetyczne;Prog_Energii_99.0%;866;8;0.22905799381207598;0.47860003532393935;1.0491218204611457;8.331731355497475
Energetyczne;Prog_Energii_99.9%;866;19;0.030207809194584864;0.1738039389501425;1.2315901351215102;3.025674093149066
Energetyczne;Prog_Energii_99.99%;866;70;0.003266111630700898;0.05714990490544055;0.7963200910194619;0.9948968230687065
Energetyczne;Prog_Energii_99.0%;867;5;0.2819142595014847;0.5309559864070511;1.3055351098478347;8.710163824375725
Energetyczne;Prog_Energii_99.9%;867;12;0.027645375086962888;0.16626898414004607;1.1715895461979127;2.727589720896492
Energetyczne;Prog_Energii_99.99%;867;45;0.0036640050917954733;0.060531025861086094;0.7177373895082129;0.9929921974801597
Energetyczne;Prog_Energii_99.0%;868;10;0.2154410870892468;0.4641563175151738;1.3849328208186131;8.381282158740891
Energetyczne;Prog_Energii_99.9%;868;18;0.021672493837740243;0.1472158070240429;0.8984661974294301;2.658279485455709
Energetyczne;Prog_Energii_99.99%;868;87;0.003035994382662186;0.055099858281688764;0.7953254094883349;0.994939510115302
Energetyczne;Prog_Energii_99.0%;869;3;0.3345405000535872;0.5783947614333892;1.4698252810632955;9.830501376869421
Energetyczne;Prog_Energii_99.9%;869;18;0.033338558019843846;0.1825884936677113;1.2144561034792867;3.103306872891972
Energetyczne;Prog_Energii_99.99%;869;168;0.003433873890855925;0.05859926527573469;1.1654525927691761;0.9959636504124668
Energetyczne;Prog_Energii_99.0%;870;5;0.21075257367577205;0.4590779603463578;0.9331757145932444;8.207783015624459
Energetyczne;Prog_Energii_99.9%;870;12;0.01965988617008293;0.14021371605546631;0.518351048966343;2.506859088441921
Energetyczne;Prog_Energii_99.99%;870;20;0.0025083007007128512;0.05008293821964573;0.369064316920074;0.8954250153539061
Energetyczne;Prog_Energii_99.0%;871;6;0.24244930643839915;0.4923914158861821;1.1550122426556273;8.886720503598827
Energetyczne;Prog_Energii_99.9%;871;13;0.017575217769008646;0.13257155716445607;0.4999694102349883;2.3926622951520415
Energetyczne;Prog_Energii_99.99%;871;19;0.002851144014599616;0.05339610486355364;0.43899585176954137;0.9636972631808455
Energetyczne;Prog_Energii_99.0%;872;1;0.3561039180763035;0.5967444327987513;2.2398902594831753;9.900222993836168
Energetyczne;Prog_Energii_99.9%;872;26;0.03361680045760477;0.18334884907630256;1.4762653588860575;3.041828950134122
Energetyczne;Prog_Energii_99.99%;872;245;0.0036331300273877913;0.060275451283153335;1.410721194151078;0.999993256675381
Energetyczne;Prog_Energii_99.0%;873;3;0.1823501548702633;0.42702477079235496;0.9241894141728695;7.5421586746416995
Energetyczne;Prog_Energii_99.9%;873;7;0.011722989395513864;0.10827275463159633;0.2527973447370453;1.9123253530627882
Energetyczne;Prog_Energii_99.99%;873;9;0.0006235896842159164;0.02497177775441541;0.18231939439457978;0.4410542973004054
Energetyczne;Prog_Energii_99.0%;874;5;0.23135898714462996;0.4809979076301995;0.9510819285577092;8.595144839774843
Energetyczne;Prog_Energii_99.9%;874;9;0.005774901844765206;0.07599277495107812;0.2791292546168789;1.3579454237108635
Energetyczne;Prog_Energii_99.99%;874;11;0.0009116685354842284;0.030193849298892454;0.18920698941520353;0.5395460227112653
Energetyczne;Prog_Energii_99.0%;875;4;0.2392918583673073;0.48917467061092534;1.0041528913833337;7.922749450106753
Energetyczne;Prog_Energii_99.9%;875;7;0.001766529282192381;0.042030099716659976;0.2799904072152337;0.6807260666261133
Energetyczne;Prog_Energii_99.99%;875;7;0.001766529282192381;0.042030099716659976;0.2799904072152337;0.6807260666261133
Energetyczne;Prog_Energii_99.0%;876;4;0.23999747317018574;0.4898953696149676;1.089938104960078;8.49714943275948
Energetyczne;Prog_Energii_99.9%;876;11;0.029344807438836232;0.1713032616117867;0.7561496563769117;2.971225087059835
Energetyczne;Prog_Energii_99.99%;876;31;0.0033106247292048075;0.057538028548124655;0.5998720891557934;0.9979870334844223
Energetyczne;Prog_Energii_99.0%;877;2;0.22915385132137345;0.4787001684994204;1.161840466662853;8.247429150351778
Energetyczne;Prog_Energii_99.9%;877;11;0.03206622794370873;0.17907045525074405;0.37863595623500323;3.0851689424536692
Energetyczne;Prog_Energii_99.99%;877;17;0.001070643070530969;0.0327206826110179;0.18328045254412828;0.5637380751952759
Energetyczne;Prog_Energii_99.0%;878;8;0.09180707131395083;0.30299681733303874;0.6164315000287228;5.270711061938051
Energetyczne;Prog_Energii_99.9%;878;11;0.015652026820629456;0.12510806057416707;0.742196057343981;2.1762883340160295
Energetyczne;Prog_Energii_99.99%;878;41;0.003235877483207374;0.056884773737858656;0.6069827071384921;0.9895259258331559
Energetyczne;Prog_Energii_99.0%;879;1;0.33063559812983884;0.575009215691226;1.4891517844534485;9.135429085381537
Energetyczne;Prog_Energii_99.9%;879;8;0.028166099378787585;0.1678275882529079;0.3612655171246981;2.666352102221526
Energetyczne;Prog_Energii_99.99%;879;11;0.003552396946627455;0.05960198777412927;0.16782654958538323;0.9469234888762559
Energetyczne;Prog_Energii_99.0%;880;4;0.2038152307315524;0.45145900227102836;0.8041856448316036;8.543281097233027
Energetyczne;Prog_Energii_99.9%;880;11;0.015396076810859373;0.1240809284735546;0.6010732254091833;2.3480720185503094
Energetyczne;Prog_Energii_99.99%;880;20;0.002675402900058368;0.05172429699917021;0.3951523610115064;0.9788158096255902
Energetyczne;Prog_Energii_99.0%;881;9;0.20227118087931004;0.4497456846700255;0.9022827360815464;8.147659486725948
Energetyczne;Prog_Energii_99.9%;881;15;0.024512226004262505;0.15656380809198053;0.41065800989208956;2.836333153956737
Energetyczne;Prog_Energii_99.99%;881;23;0.002624508783711317;0.05122995982539238;0.41102638308589867;0.9280895457222523
Energetyczne;Prog_Energii_99.0%;882;5;0.30461198200852707;0.5519166440763742;1.2096045673692073;9.810093336180694
Energetyczne;Prog_Energii_99.9%;882;12;0.02331973875177847;0.15270801796820777;0.9240435218525995;2.714322761471155
Energetyczne;Prog_Energii_99.99%;882;33;0.0031249990928541144;0.05590169132373469;0.5915931333444577;0.9936297725790492
Energetyczne;Prog_Energii_99.0%;883;2;0.13580742239887245;0.368520586126301;0.9193695349473847;7.163533107730956
Energetyczne;Prog_Energii_99.9%;883;8;0.013082163392861244;0.11437728530115254;0.3758734684346665;2.22333704241528
Energetyczne;Prog_Energii_99.99%;883;14;0.0019242622782162692;0.043866414011362605;0.2826537430298126;0.8527027279288323
Energetyczne;Prog_Energii_99.0%;884;4;0.18591598686300448;0.43117976165748373;1.5230192664740052;7.222296661193886
Energetyczne;Prog_Energii_99.9%;884;11;0.01901015519389543;0.13787731935998548;0.6774234537984745;2.3094565000919793
Energetyczne;Prog_Energii_99.99%;884;40;0.0034882359216516163;0.059061289535969466;0.5903792135466484;0.9892814833927263
Energetyczne;Prog_Energii_99.0%;885;5;0.108842834615476;0.3299133744113385;1.105010495996547;6.107778986719527
Energetyczne;Prog_Energii_99.9%;885;11;0.022782207567111447;0.1509377605740573;0.9554734906977291;2.794353166135379
Energetyczne;Prog_Energii_99.99%;885;47;0.0028833843131858016;0.05369715367862436;0.6427384246136301;0.9941104917924156
Energetyczne;Prog_Energii_99.0%;886;2;0.15331505239821927;0.3915546608051286;0.5537312020942187;6.5389733039169435
Energetyczne;Prog_Energii_99.9%;886;3;0.013354683860533158;0.11556246735222106;0.49528290457448154;1.9298962944206366
Energetyczne;Prog_Energii_99.99%;886;19;0.003576575229492289;0.05980447499554101;0.42319945521934876;0.9987363313374942
Energetyczne;Prog_Energii_99.0%;887;8;0.20111042940896715;0.4484533748439933;1.0315273344190645;7.815612690184441
Energetyczne;Prog_Energii_99.9%;887;11;0.019001995304628087;0.13784772506148982;0.30768886991794187;2.4024000927151596
Energetyczne;Prog_Energii_99.99%;887;14;0.0029918963601217674;0.05469822995419292;0.4629856019464249;0.9532767599515433
Energetyczne;Prog_Energii_99.0%;888;4;0.2103405541615426;0.45862899402626367;0.8764677920977482;8.464857051228753
Energetyczne;Prog_Energii_99.9%;888;7;0.017944178901748195;0.1339558841624667;0.28213305560761714;2.4724067282612836
Energetyczne;Prog_Energii_99.99%;888;11;0.002273391170130875;0.04768009196856561;0.2376902224041002;0.8800253973481567
Energetyczne;Prog_Energii_99.0%;889;6;0.22439888812089148;0.4737075977023078;0.9981831000636365;9.303809963991712
Energetyczne;Prog_Energii_99.9%;889;17;0.023950853570451743;0.15476063314180302;0.7088442805815358;3.0395618048820636
Energetyczne;Prog_Energii_99.99%;889;32;0.002452878355949948;0.0495265419340978;0.4934677979132376;0.9727214352556872
Energetyczne;Prog_Energii_99.0%;890;6;0.2549704750669971;0.5049460120319766;1.228139460830155;8.778189058874837
Energetyczne;Prog_Energii_99.9%;890;16;0.020383244757335325;0.14276990144051835;0.6912931080798321;2.4819706600285656
Energetyczne;Prog_Energii_99.99%;890;25;0.0030817766059947674;0.05551375150352179;0.4906913053898716;0.9650738781049164
Energetyczne;Prog_Energii_99.0%;891;7;0.2151675332655995;0.46386154536197494;1.032619459237818;8.802583812536577
Energetyczne;Prog_Energii_99.9%;891;12;0.008452321267229147;0.09193650671647878;0.5670283831761167;1.7446559515342335
Energetyczne;Prog_Energii_99.99%;891;17;0.002546107522169934;0.05045896869903243;0.42229198428402626;0.9575471506714027
Energetyczne;Prog_Energii_99.0%;892;7;0.2737247288677168;0.5231870878258721;0.996167300051984;9.267833005626121
Energetyczne;Prog_Energii_99.9%;892;13;0.023719250065891664;0.1540105518004908;1.0121897830552893;2.728171448425216
Energetyczne;Prog_Energii_99.99%;892;71;0.003163405859136528;0.056244162889463725;0.7629118500514638;0.9963195218882596
Energetyczne;Prog_Energii_99.0%;893;6;0.26200496341832225;0.5118642040798733;1.2002851766233702;9.220374468394654
Energetyczne;Prog_Energii_99.9%;893;17;0.030225570067650382;0.17385502600629751;0.8397601983762755;3.131706476470885
Energetyczne;Prog_Energii_99.99%;893;72;0.003040171343057129;0.05513774880294923;0.7316179142094157;0.9932139955388238
Energetyczne;Prog_Energii_99.0%;894;6;0.032585034317422705;0.18051325247034553;0.8301648189395725;3.6023041393283224
Energetyczne;Prog_Energii_99.9%;894;8;0.011206153504175056;0.10585912102495021;0.6234787022051984;2.112513871614393
Energetyczne;Prog_Energii_99.99%;894;15;0.0021860672550204577;0.04675539813776007;0.40462876407096404;0.9330459783015977
Energetyczne;Prog_Energii_99.0%;895;5;0.23914943820718326;0.4890290770569612;1.2101551366741834;8.99814890921403
Energetyczne;Prog_Energii_99.9%;895;15;0.023719010046586764;0.15400977256845347;0.8290641882692826;2.8337841900630276
Energetyczne;Prog_Energii_99.99%;895;73;0.0029535609337148173;0.05434667362143535;0.7321158487908574;0.9999803384066861
Energetyczne;Prog_Energii_99.0%;896;7;0.29582566981350594;0.5438985841252999;2.5442377881418787;9.698844765424566
Energetyczne;Prog_Energii_99.9%;896;75;0.03134805059977527;0.17705380707506765;2.3915752618257438;3.157238205924267
Energetyczne;Prog_Energii_99.99%;896;733;0.0031413332753978894;0.056047598301781756;2.054000760033575;0.9994454320525027
Energetyczne;Prog_Energii_99.0%;897;1;0.1448458033647618;0.38058613133528896;0.6355080194784346;5.604850378441614
Energetyczne;Prog_Energii_99.9%;897;3;0.02328714394097299;0.1526012579927603;0.604428164950856;2.2473420552938648
Energetyczne;Prog_Energii_99.99%;897;10;0.003723182122182017;0.06101788362588477;0.3788649309822567;0.8986037061633093
Energetyczne;Prog_Energii_99.0%;898;5;0.3153882973617762;0.5615944242616518;1.2632174942910304;9.942496383715916
Energetyczne;Prog_Energii_99.9%;898;13;0.022391748942731212;0.14963872808444748;0.6769800999609821;2.6492116883095997
Energetyczne;Prog_Energii_99.99%;898;32;0.0031467438507557146;0.05609584521830217;0.6152533876367885;0.9931237101538679
Energetyczne;Prog_Energii_99.0%;899;9;0.23031288259409594;0.4799092441223611;1.677594545921726;8.662403574197072
Energetyczne;Prog_Energii_99.9%;899;13;0.018572596621790238;0.1362813142796555;0.9302544039860332;2.4598895694773644
Energetyczne;Prog_Energii_99.99%;899;97;0.003051740409798532;0.05524255976870127;0.8423278561248444;0.997133005977653
Energetyczne;Prog_Energii_99.0%;900;4;0.1476107995375302;0.3842015090255766;0.9952197535003071;6.943209128767271
Energetyczne;Prog_Energii_99.9%;900;9;0.027564275016297917;0.16602492287695217;0.8543316499061149;3.0003676014853893
Energetyczne;Prog_Energii_99.99%;900;79;0.0030360462889953326;0.05510032930024405;0.7589069621064866;0.9957616001192462
Energetyczne;Prog_Energii_99.0%;901;4;0.23703916171999445;0.4868666775617268;1.1155835711995028;8.609113247986244
Energetyczne;Prog_Energii_99.9%;901;13;0.015571314823082088;0.12478507452048136;0.294966820624623;2.2065359732265195
Energetyczne;Prog_Energii_99.99%;901;16;0.0014818601566213348;0.03849493676603892;0.18112443171028847;0.6806940901205574
Energetyczne;Prog_Energii_99.0%;902;5;0.17656880710872133;0.42020091278901495;1.65993568025708;8.026622627320704
Energetyczne;Prog_Energii_99.9%;902;29;0.02644187427058448;0.1626095761958209;1.4136703799511459;3.1061467597709784
Energetyczne;Prog_Energii_99.99%;902;276;0.0027303838220423204;0.0522530747616092;1.2960816630738092;0.9981313687417038
Energetyczne;Prog_Energii_99.0%;903;4;0.22948794172938097;0.4790489972115389;1.141790980563921;7.615636421355719
Energetyczne;Prog_Energii_99.9%;903;10;0.03279337292930948;0.18108940590026099;0.9855773977800713;2.8788518149985975
Energetyczne;Prog_Energii_99.99%;903;80;0.0038739886974991015;0.06224137448272733;0.8776283193167016;0.989476402591416
Energetyczne;Prog_Energii_99.0%;904;6;0.2221413082224125;0.47131869072042165;1.1330820343334471;8.53320263894643
Energetyczne;Prog_Energii_99.9%;904;16;0.010449297040749718;0.10222180315739748;0.7545137999043234;1.8507209190606622
Energetyczne;Prog_Energii_99.99%;904;23;0.0030025158127615988;0.054795217060995376;0.577925496180665;0.9920648173570693
Energetyczne;Prog_Energii_99.0%;905;1;0.30214828996323995;0.5496801706112746;0.9946579253862096;9.631142653110844
Energetyczne;Prog_Energii_99.9%;905;10;0.029334927473146796;0.17127442153791322;0.9875474791862597;3.0009603308525246
Energetyczne;Prog_Energii_99.99%;905;84;0.003209527491095846;0.056652691825683325;0.8219974160865275;0.992632053743383
Energetyczne;Prog_Energii_99.0%;906;6;0.18630393721003063;0.43162939799095085;1.6078759069184452;7.8710827895226005
Energetyczne;Prog_Energii_99.9%;906;27;0.029203938081907268;0.1708915974584686;1.4071013318589074;3.116335258650701
Energetyczne;Prog_Energii_99.99%;906;259;0.0030051648092594497;0.054819383517688794;1.3178735025422066;0.9996721913444954
Energetyczne;Prog_Energii_99.0%;907;5;0.31023721200295984;0.5569894182145293;1.2356463725170417;9.770210291994848
Energetyczne;Prog_Energii_99.9%;907;11;0.029987382592520668;0.17316865360832678;0.48108611263570733;3.0375696672271744
Energetyczne;Prog_Energii_99.99%;907;21;0.0031311315682842804;0.0559565149762231;0.4970826172015954;0.9815391471481958
Energetyczne;Prog_Energii_99.0%;908;8;0.10605719514053362;0.3256642368153642;1.6217622774658063;5.693908790721748
Energetyczne;Prog_Energii_99.9%;908;24;0.03017644515926339;0.17371368731122885;1.449786877627421;3.0372075881665577
Energetyczne;Prog_Energii_99.99%;908;209;0.003268876643149906;0.05717409066307838;1.2600256775566576;0.9996309714922484
Energetyczne;Prog_Energii_99.0%;909;5;0.2943641763571234;0.5425533857208187;1.1452185078704593;9.868289502383133
Energetyczne;Prog_Energii_99.9%;909;14;0.023853427352380278;0.15444554817922165;0.9776837081843803;2.8091491490038987
Energetyczne;Prog_Energii_99.99%;909;62;0.0029493279683683368;0.054307715551000085;0.7138481378022457;0.9877816144457969
Energetyczne;Prog_Energii_99.0%;910;4;0.13797343957532385;0.3714477615699465;1.0286026061527993;6.526890133042551
Energetyczne;Prog_Energii_99.9%;910;9;0.028363606271344422;0.16841498232444885;0.7616444734407706;2.9593019533730267
Energetyczne;Prog_Energii_99.99%;910;42;0.003196445558731395;0.056537116646778116;0.601569801863878;0.9934413044592922
Energetyczne;Prog_Energii_99.0%;911;7;0.31953777151908364;0.5652767211897936;1.287332695525241;9.969082817786939
Energetyczne;Prog_Energii_99.9%;911;21;0.0267905947034193;0.16367832692027157;1.2489930476005773;2.8865911780526625
Energetyczne;Prog_Energii_99.99%;911;83;0.0032084374226804967;0.05664307038535691;0.8710661931855181;0.9989434175474647
Energetyczne;Prog_Energii_99.0%;912;5;0.24831101644171436;0.4983081540991622;0.9712370855161909;9.40133761988511
Energetyczne;Prog_Energii_99.9%;912;14;0.02404808353997493;0.15507444515449645;1.0346488422344855;2.925714145194697
Energetyczne;Prog_Energii_99.99%;912;114;0.002781732143079203;0.05274212873101732;0.8832685682116876;0.9950600946679754
Energetyczne;Prog_Energii_99.0%;913;11;0.26507348279008225;0.5148528748973654;1.1712843963457331;9.015404501516683
Energetyczne;Prog_Energii_99.9%;913;17;0.028003732257855823;0.16734315718862192;0.6860288549653797;2.930286157802002
Energetyczne;Prog_Energii_99.99%;913;23;0.002749829581133421;0.05243881750319529;0.6199573526010829;0.9182373730879166
Energetyczne;Prog_Energii_99.0%;914;1;0.2874896049999661;0.5361805712630457;0.9964990420392965;8.974853736689097
Energetyczne;Prog_Energii_99.9%;914;10;0.022918948270521038;0.15139005340682404;0.8263007797078288;2.534041066268378
Energetyczne;Prog_Energii_99.99%;914;51;0.0035301954907451974;0.059415448249972816;0.6833637116939135;0.9945249535752397
Energetyczne;Prog_Energii_99.0%;915;7;0.18397777950371383;0.42892631010899046;0.7726003947716542;7.491403650697223
Energetyczne;Prog_Energii_99.9%;915;11;0.018897985871515175;0.13746994533902737;0.8571948771465658;2.40097850400516
Energetyczne;Prog_Energii_99.99%;915;19;0.003102275247478536;0.055698072206123404;0.5281689707192783;0.9727935349914187
Energetyczne;Prog_Energii_99.0%;916;11;0.2911578768308336;0.5395904714047809;1.5012780708731959;9.358840823997951
Energetyczne;Prog_Energii_99.9%;916;18;0.026329267517732766;0.16226295793474482;1.1006363428225545;2.814343980146306
Energetyczne;Prog_Energii_99.99%;916;36;0.0030862107784689805;0.05555367475216181;0.6696462230603184;0.9635418465416394
Energetyczne;Prog_Energii_99.0%;917;8;0.24825625224459286;0.49825320093762854;1.5319758412374216;8.541963542104467
Energetyczne;Prog_Energii_99.9%;917;17;0.03131326678932748;0.1769555503207726;1.2105548356556333;3.0336942272896463
Energetyczne;Prog_Energii_99.99%;917;131;0.0033845352562904916;0.05817675872967221;1.0368353857417465;0.997371920805533
Energetyczne;Prog_Energii_99.0%;918;7;0.24439236555298352;0.494360562295359;1.5904732267856785;9.746402330338261
Energetyczne;Prog_Energii_99.9%;918;16;0.022237358264752136;0.14912195768816924;1.0433309276810627;2.9399646872483145
Energetyczne;Prog_Energii_99.99%;918;37;0.0024513867397513013;0.04951148088828793;0.6607853750318524;0.9761272429733175
Energetyczne;Prog_Energii_99.0%;919;6;0.23486770167065357;0.4846315112233764;1.41209630201317;8.295089894725223
Energetyczne;Prog_Energii_99.9%;919;12;0.008695351828892582;0.09324887038936494;0.6620778681625508;1.5960740161298301
Energetyczne;Prog_Energii_99.99%;919;18;0.002889101043270488;0.05375035854085523;0.516469105436661;0.9200063257227988
Energetyczne;Prog_Energii_99.0%;920;5;0.3032066973414058;0.5506420773437186;1.8546116610419618;9.743273885858782
Energetyczne;Prog_Energii_99.9%;920;21;0.030565391682607388;0.1748296075686478;1.313966041272825;3.093502694374099
Energetyczne;Prog_Energii_99.99%;920;160;0.003165634342013438;0.05626397019419655;1.1037655085310982;0.9955564495767016
Energetyczne;Prog_Energii_99.0%;921;8;0.23492926103185868;0.48469501857545294;1.4954024365761747;9.044871346213238
Energetyczne;Prog_Energii_99.9%;921;17;0.027786615112812628;0.16669317656344734;0.9839287730308426;3.1106536657613306
Energetyczne;Prog_Energii_99.99%;921;80;0.0028257945891359154;0.053158203403951824;0.7761208495013241;0.9919827775364909
Energetyczne;Prog_Energii_99.0%;922;4;0.2812062212250291;0.5302888092587181;1.4134744441373073;8.308719718590346
Energetyczne;Prog_Energii_99.9%;922;7;0.020635424476229156;0.14365035494640851;0.7656019752363212;2.2507556559493898
Energetyczne;Prog_Energii_99.99%;922;12;0.003293020558862149;0.05738484607335066;0.4801426263057751;0.899122504177344
Energetyczne;Prog_Energii_99.0%;923;5;0.25528318163901553;0.5052555607205284;1.3760398771126674;8.26340944631833
Energetyczne;Prog_Energii_99.9%;923;21;0.036697870545955094;0.1915668826962403;1.4174374403698984;3.1330592103061847
Energetyczne;Prog_Energii_99.99%;923;204;0.0037277595092406707;0.06105538067394774;1.321039607116016;0.9985552829743701
Energetyczne;Prog_Energii_99.0%;924;5;0.2902061478446666;0.5387078501791732;1.8983051728430338;9.697672833502121
Energetyczne;Prog_Energii_99.9%;924;22;0.028341968044502924;0.1683507292663234;1.4563159786022792;3.030604237831864
Energetyczne;Prog_Energii_99.99%;924;163;0.0030732378610163;0.05543679158299387;1.1114670844212666;0.9979581094504402
Energetyczne;Prog_Energii_99.0%;925;5;0.2727669348046258;0.5222709400346011;0.9485724576378498;8.848840455155177
Energetyczne;Prog_Energii_99.9%;925;8;0.026600735007728214;0.1630973175982003;0.6533573786854747;2.763359075644975
Energetyczne;Prog_Energii_99.99%;925;50;0.003398953459071917;0.05830054424335949;0.6475671011765827;0.987786558493998
Energetyczne;Prog_Energii_99.0%;926;8;0.19817196703517348;0.4451651008728935;0.8075605567922741;7.992408241063929
Energetyczne;Prog_Energii_99.9%;926;14;0.01448501763599003;0.12035371882908326;0.5054051566240751;2.1608074225183
Energetyczne;Prog_Energii_99.99%;926;29;0.0030170678667736615;0.054927842364084004;0.5266305683385175;0.9861638729400607
Energetyczne;Prog_Energii_99.0%;927;2;0.24837656749779544;0.4983739233725972;0.9928175967985329;8.871294224419936
Energetyczne;Prog_Energii_99.9%;927;12;0.023051748563593863;0.15182802298519818;0.7092746573604325;2.7026114333969677
Energetyczne;Prog_Energii_99.99%;927;48;0.0030441263954565545;0.05517360234257461;0.6503710061910848;0.9821165130186607
Energetyczne;Prog_Energii_99.0%;928;6;0.2476847132731671;0.4976793277534914;1.4847264771561584;9.266934175881444
Energetyczne;Prog_Energii_99.9%;928;16;0.018689424535647294;0.1367092701159921;0.35583915079960704;2.5455664656925414
Energetyczne;Prog_Energii_99.99%;928;23;0.002456911500196769;0.0495672422089102;0.4348521479993872;0.9229565007318526
Energetyczne;Prog_Energii_99.0%;929;10;0.2711285655684853;0.5207000725643173;1.9144366527566534;8.954103932415574
Energetyczne;Prog_Energii_99.9%;929;29;0.033346825889743754;0.18261113298411943;1.6294849485520988;3.140232064695932
Energetyczne;Prog_Energii_99.99%;929;259;0.003375474321335178;0.058098832357760664;1.4094694784206574;0.9990837541493134
Energetyczne;Prog_Energii_99.0%;930;8;0.2332923764508234;0.48300349527806047;1.1719123067838746;8.663591662134396
Energetyczne;Prog_Energii_99.9%;930;17;0.025386823266120597;0.15933243005151398;0.5977506594432906;2.8579319321638255
Energetyczne;Prog_Energii_99.99%;930;23;0.002705650526465454;0.05201586802568476;0.4109410371847275;0.9330040981723622
Energetyczne;Prog_Energii_99.0%;931;5;0.30326406523751187;0.5506941667000949;1.2418124340451309;9.583448560208646
Energetyczne;Prog_Energii_99.9%;931;11;0.011339852358926896;0.10648874287419725;0.4639537146200512;1.8531690569584864
Energetyczne;Prog_Energii_99.99%;931;20;0.0031401453956862125;0.05603700023811243;0.3812433269830624;0.9751832173352449
Energetyczne;Prog_Energii_99.0%;932;6;0.2211813429896728;0.47029920581441853;1.0269393951688306;8.367308699623422
Energetyczne;Prog_Energii_99.9%;932;11;0.031031204431367268;0.17615676095843516;0.47377533525708326;3.134085663428966
Energetyczne;Prog_Energii_99.99%;932;19;0.0026498049600881136;0.05147625627498676;0.4781491782985974;0.9158376659553703
Energetyczne;Prog_Energii_99.0%;933;6;0.229598688502326;0.4791645735051017;1.1051693208232374;8.364107517218354
Energetyczne;Prog_Energii_99.9%;933;10;0.0019482968946902646;0.044139516248938034;0.10399385351504442;0.7704819598066415
Energetyczne;Prog_Energii_99.99%;933;11;0.0019482968946902646;0.044139516248938034;0.10399385351504442;0.7704819598066415
Energetyczne;Prog_Energii_99.0%;934;8;0.12635745642318869;0.3554679400778482;1.5984376350021297;6.437135709332069
Energetyczne;Prog_Energii_99.9%;934;19;0.02976345422242;0.17252088054035664;1.2567009195216365;3.1241645040858845
Energetyczne;Prog_Energii_99.99%;934;154;0.003028157285069398;0.05502869510600263;1.0597357733479944;0.9965094973887655
Energetyczne;Prog_Energii_99.0%;935;1;0.23918893509617178;0.4890694583555303;1.2518670400598833;8.875411526358262
Energetyczne;Prog_Energii_99.9%;935;11;0.022886144233198263;0.15128167183501862;0.4674058605104303;2.7453914183191586
Energetyczne;Prog_Energii_99.99%;935;15;0.002753052172075292;0.052469535657134345;0.37721824928528314;0.9521934228316958
Energetyczne;Prog_Energii_99.0%;936;8;0.24138633349362695;0.4913108318504966;1.5050845345890336;8.77025804934389
Energetyczne;Prog_Energii_99.9%;936;26;0.02944341701674068;0.17159084187899037;1.3656727845983578;3.0630221534396025
Energetyczne;Prog_Energii_99.99%;936;226;0.003121476383123076;0.05587017436095108;1.2646937541224803;0.9973235162795703
Energetyczne;Prog_Energii_99.0%;937;6;0.22750914194432809;0.4769791839738167;1.6887106220607242;8.78286763065092
Energetyczne;Prog_Energii_99.9%;937;22;0.026880788346081864;0.16395361644709722;1.3607118000685086;3.0189638441337365
Energetyczne;Prog_Energii_99.99%;937;194;0.0029361442641537183;0.0541861999419937;1.1599242080654513;0.9977588907205643
Energetyczne;Prog_Energii_99.0%;938;5;0.28622400729498976;0.5349990722375038;1.5350289539007385;9.58836131206322
Energetyczne;Prog_Energii_99.9%;938;14;0.015465307918164455;0.12435959117882486;0.7488919232954414;2.2287976834354115
Energetyczne;Prog_Energii_99.99%;938;21;0.002948593324063799;0.05430095141030034;0.5187944157582747;0.9731926067333658
Energetyczne;Prog_Energii_99.0%;939;1;0.032594488446207714;0.18053943737091827;0.6734381127474185;3.0707396101058166
Energetyczne;Prog_Energii_99.9%;939;1;0.032594488446207714;0.18053943737091827;0.6734381127474185;3.0707396101058166
Energetyczne;Prog_Energii_99.99%;939;7;0.001827326539835662;0.042747240142910536;0.28191797564169985;0.7270746239219499
Energetyczne;Prog_Energii_99.0%;940;8;0.2260415953157153;0.4754383191495142;0.9102092782992504;8.650112335769808
Energetyczne;Prog_Energii_99.9%;940;16;0.01879739777370375;0.1371036023367138;0.3205005963034706;2.494459352735363
Energetyczne;Prog_Energii_99.99%;940;22;0.002108753597816291;0.045921167208775204;0.2439099190687033;0.8354885143800472
Energetyczne;Prog_Energii_99.0%;941;9;0.260041831020432;0.5099429683998319;1.8159808957786483;8.887021341929076
Energetyczne;Prog_Energii_99.9%;941;33;0.03205208769534981;0.1790309685371495;1.6117725651680788;3.1200587847078256
Energetyczne;Prog_Energii_99.99%;941;319;0.003289999269234607;0.057358515228644186;1.5099084038225108;0.9996144286053711
Energetyczne;Prog_Energii_99.0%;942;6;0.22936512998735603;0.478920797196526;1.1100305040959881;8.020631329826127
Energetyczne;Prog_Energii_99.9%;942;12;0.026043075022758707;0.16137866966473205;1.0516563251026465;2.702657352646702
Energetyczne;Prog_Energii_99.99%;942;77;0.0035376487837321447;0.05947813702304524;0.8329842083046453;0.9960983361742981
Energetyczne;Prog_Energii_99.0%;943;6;0.2707876440031071;0.5203726011264497;1.196089323028244;9.32500507822373
Energetyczne;Prog_Energii_99.9%;943;19;0.02648446501926021;0.16274048365191807;1.3374199331438605;2.916286970531637
Energetyczne;Prog_Energii_99.99%;943;89;0.003106197739260958;0.0557332731791428;0.886671168945143;0.9987325510538316
Energetyczne;Prog_Energii_99.0%;944;5;0.29010828760009943;0.5386170138420243;1.1427528935594244;9.43791983248086
Energetyczne;Prog_Energii_99.9%;944;15;0.02339917327462325;0.15296788314748705;0.5310516018614972;2.680380643366972
Energetyczne;Prog_Energii_99.99%;944;17;0.0029584883630437236;0.05439198804092128;0.3598939024842087;0.9530839343482691
Energetyczne;Prog_Energii_99.0%;945;6;0.25383700607115417;0.5038223953648291;1.7000551819085041;9.213161419803312
Energetyczne;Prog_Energii_99.9%;945;32;0.02864432205232718;0.1692463354177194;1.517372363344081;3.0949275424418237
Energetyczne;Prog_Energii_99.99%;945;297;0.0029857180795847286;0.054641724712757085;1.397190104599197;0.9992073291433321
Energetyczne;Prog_Energii_99.0%;946;3;0.14244576432377426;0.3774198780188641;0.7143906615052131;6.837080472267111
Energetyczne;Prog_Energii_99.9%;946;9;0.02178716418325349;0.14760475664169326;0.6777683399038992;2.6739068555319156
Energetyczne;Prog_Energii_99.99%;946;39;0.0030003519642078816;0.05477546863521919;0.5539526528296284;0.9922749403952125
Energetyczne;Prog_Energii_99.0%;947;11;0.24250467945535664;0.49244764133393576;1.6830574070186257;8.823523206048096
Energetyczne;Prog_Energii_99.9%;947;33;0.030882299311599276;0.1757336032510552;1.5712274616453916;3.148739878554231
Energetyczne;Prog_Energii_99.99%;947;295;0.003109358908672414;0.05576162577142469;1.4240130194365124;0.9991194143368706
Energetyczne;Prog_Energii_99.0%;948;3;0.26442789284253604;0.5142255272179086;1.1849207275090632;8.995284373737126
Energetyczne;Prog_Energii_99.9%;948;11;0.02423934442549205;0.1556898982769661;0.5407913879434973;2.723464384773822
Energetyczne;Prog_Energii_99.99%;948;20;0.0030820109390248193;0.05551586204883087;0.536173205134781;0.9711321977424433
Energetyczne;Prog_Energii_99.0%;949;5;0.2616825055526398;0.511549123303559;1.849345788651969;9.183159039233626
Energetyczne;Prog_Energii_99.9%;949;17;0.029718621189505388;0.17239089648094932;1.0894583376424931;3.0947038068936203
Energetyczne;Prog_Energii_99.99%;949;152;0.003086790987420768;0.05555889656410364;1.0472648217534477;0.9973747582590075
Energetyczne;Prog_Energii_99.0%;950;5;0.26446790556296906;0.5142644315553712;1.2596196975600567;9.535151094953132
Energetyczne;Prog_Energii_99.9%;950;12;0.012054586984958655;0.10979338315653933;0.5049984481684886;2.035716322937969
Energetyczne;Prog_Energii_99.99%;950;24;0.0027996001458513724;0.05291124781982912;0.428432253374738;0.9810453759337207
Energetyczne;Prog_Energii_99.0%;951;5;0.27626655870933287;0.525610653154341;1.983091817319809;8.900938526356558
Energetyczne;Prog_Energii_99.9%;951;11;0.03387267298921549;0.18404530145922088;1.2041963399483286;3.1167098774009245
Energetyczne;Prog_Energii_99.99%;951;89;0.003462316622413529;0.058841453265648776;0.8928864626208117;0.9964489021976296
Energetyczne;Prog_Energii_99.0%;952;6;0.1869938810557243;0.4324278911630519;0.7241672558970276;7.553647481532918
Energetyczne;Prog_Energii_99.9%;952;9;0.03052548179862764;0.1747154309116045;0.9636497908391908;3.0519279668590036
Energetyczne;Prog_Energii_99.99%;952;47;0.0032359021645297277;0.05688499067882254;0.6499710760369508;0.9936666328862958
Energetyczne;Prog_Energii_99.0%;953;1;0.23531138320338205;0.48508904667430086;1.1031612567023608;8.704191374369099
Energetyczne;Prog_Energii_99.9%;953;9;0.02879890472363169;0.16970240046514276;0.4066914145705738;3.0450536462642446
Energetyczne;Prog_Energii_99.99%;953;12;0.0016335913338670635;0.0404177106460406;0.2128255200194662;0.725234863143016
Energetyczne;Prog_Energii_99.0%;954;7;0.27513901597586005;0.5245369538706115;1.5915931156893706;9.625762767430807
Energetyczne;Prog_Energii_99.9%;954;23;0.02868535788142209;0.16936752310116038;1.3606370648360189;3.1080586140767377
Energetyczne;Prog_Energii_99.99%;954;213;0.0029618022124151522;0.054422442176138626;1.2064767918291919;0.9987046932463639
Energetyczne;Prog_Energii_99.0%;955;9;0.2892624021915156;0.5378312023223603;1.2312492962993407;9.570779062929546
Energetyczne;Prog_Energii_99.9%;955;17;0.007737726088960424;0.08796434555523291;0.4048581670645568;1.5653374387522432
Energetyczne;Prog_Energii_99.99%;955;21;0.0025509292081760796;0.05050672438572986;0.3727658764052002;0.8987739986092655
Energetyczne;Prog_Energii_99.0%;956;6;0.2354446044382442;0.48522634351222543;1.0391558238984926;8.742107447399423
Energetyczne;Prog_Energii_99.9%;956;14;0.027158460908907358;0.16479824303950377;1.3163190106918852;2.9690967257998593
Energetyczne;Prog_Energii_99.99%;956;104;0.003046455266362271;0.05519470324553137;0.9092422126397843;0.994418445641552
Energetyczne;Prog_Energii_99.0%;957;5;0.2739720993878688;0.5234234417638064;1.3797349903166412;9.282463447535436
Energetyczne;Prog_Energii_99.9%;957;18;0.029667154111832145;0.1722415574471856;1.3755258610908179;3.0545555158218187
Energetyczne;Prog_Energii_99.99%;957;113;0.003153389155210577;0.056155045679;0.9681998601263748;0.9958613186170907
Energetyczne;Prog_Energii_99.0%;958;2;0.26237495461682736;0.5122254919630879;1.1302716964305173;9.15712327625263
Energetyczne;Prog_Energii_99.9%;958;13;0.03074284417450569;0.17533637436226884;0.610744056494978;3.1345116946311187
Energetyczne;Prog_Energii_99.99%;958;39;0.00311297384408863;0.05579403054170428;0.5852615060631825;0.9974373079155693
Energetyczne;Prog_Energii_99.0%;959;5;0.31942170414043897;0.5651740476529676;1.285154442931674;9.992400866040883
Energetyczne;Prog_Energii_99.9%;959;21;0.030328929642266793;0.17415203025594272;1.1875821524381562;3.079046012779392
Energetyczne;Prog_Energii_99.99%;959;170;0.003186771780800165;0.056451499367157335;1.1222670115136149;0.9980748647398149
Energetyczne;Prog_Energii_99.0%;960;2;0.2030636735799407;0.4506258687425087;0.8693540228377046;7.616293114152091
Energetyczne;Prog_Energii_99.9%;960;7;0.011213436255302496;0.10589351375463228;0.4560630907291179;1.78976862090362
Energetyczne;Prog_Energii_99.99%;960;20;0.003262632444316458;0.05711945766826273;0.4237089580387936;0.9654095832023255
Energetyczne;Prog_Energii_99.0%;961;6;0.11367916431852332;0.33716340892588464;0.8675965183396386;8.565227544112872
Energetyczne;Prog_Energii_99.9%;961;17;0.015050149328689567;0.12267905008064567;0.7256700236447227;3.1165125011158317
Energetyczne;Prog_Energii_99.99%;961;139;0.0015383542442241782;0.03922185926526404;0.7059508172717104;0.9963837724277058
Energetyczne;Prog_Energii_99.0%;962;4;0.22483849989549098;0.47417138240881956;1.096603499747192;8.06199403487117
Energetyczne;Prog_Energii_99.9%;962;13;0.03160563802097109;0.17777974581197684;0.45404600860284106;3.0226608003545588
Energetyczne;Prog_Energii_99.99%;962;23;0.003234587512190604;0.05687343415154921;0.4864335726742466;0.9669779828195295
Energetyczne;Prog_Energii_99.0%;963;4;0.19853786714927665;0.4455758825938368;1.0217167805846392;8.281900958900573
Energetyczne;Prog_Energii_99.9%;963;13;0.021554362606588308;0.1468140409040917;0.44127261697438147;2.728826657011896
Energetyczne;Prog_Energii_99.99%;963;24;0.0020658530097552898;0.04545165574272614;0.4345036829338067;0.8448080921436053
Energetyczne;Prog_Energii_99.0%;964;5;0.28072118709836313;0.5298312817287812;1.0360081434292159;9.833794475289961
Energetyczne;Prog_Energii_99.9%;964;17;0.02791381927443324;0.16707429267973348;1.04933501553983;3.10093856851203
Energetyczne;Prog_Energii_99.99%;964;143;0.0029007139236425132;0.05385827627804768;0.9870235252861432;0.9996224042936408
Energetyczne;Prog_Energii_99.0%;965;8;0.20056020669034869;0.44783948764077147;1.535716298145216;8.272938156982079
Energetyczne;Prog_Energii_99.9%;965;18;0.0251198064100654;0.15849229132694562;1.1194203961827283;2.9278278505846442
Energetyczne;Prog_Energii_99.99%;965;131;0.002917272738848124;0.054011783333344256;0.9650613221354316;0.9977595893095879
Energetyczne;Prog_Energii_99.0%;966;5;0.08707639914114484;0.29508710432878094;0.4961443043357061;5.084805454536414
Energetyczne;Prog_Energii_99.9%;966;7;0.009653265330411508;0.09825103221041247;0.26132908644568875;1.6930166624316685
Energetyczne;Prog_Energii_99.99%;966;9;0.0015140593348385314;0.038910915368807905;0.15290770781067398;0.6704950226759934
Energetyczne;Prog_Energii_99.0%;967;3;0.14503592494186382;0.3808358241314278;0.7511515743915993;6.5128731220211415
Energetyczne;Prog_Energii_99.9%;967;5;0.02549177756473161;0.1596614467074992;0.30723596825802435;2.730454119582576
Energetyczne;Prog_Energii_99.99%;967;9;0.0021434658881156095;0.04629757972200717;0.20776506278386897;0.7917591872397812
Energetyczne;Prog_Energii_99.0%;968;4;0.1461230946338881;0.38226050624395935;0.6876470755570878;7.680043895572535
Energetyczne;Prog_Energii_99.9%;968;7;0.004446087567390538;0.06667898894997237;0.3005241207715317;1.3396559510685162
Energetyczne;Prog_Energii_99.99%;968;9;0.0011911758964959882;0.03451341618118943;0.2365771900005802;0.6934133841400123
Energetyczne;Prog_Energii_99.0%;969;4;0.08608438482669178;0.29340140563175865;0.5779696664974168;5.613940451310554
Energetyczne;Prog_Energii_99.9%;969;8;0.004631936828895485;0.06805833401498662;0.2191283758980358;1.3022276888989157
Energetyczne;Prog_Energii_99.99%;969;11;0.0015968456222671032;0.03996055082537155;0.1752884043168974;0.7646049010984081
Energetyczne;Prog_Energii_99.0%;970;5;0.2703757244521455;0.5199766576031519;1.1687233078844006;9.68616056794084
Energetyczne;Prog_Energii_99.9%;970;19;0.025443227982468654;0.1595093350950616;0.8862860026700856;2.971350750508925
Energetyczne;Prog_Energii_99.99%;970;107;0.002855199545744158;0.053434067276824045;0.8492207655197914;0.9953734420064737
Energetyczne;Prog_Energii_99.0%;971;3;0.11053718056721656;0.3324713229245743;0.6758080330467582;6.618009569568366
Energetyczne;Prog_Energii_99.9%;971;5;0.008103168345977406;0.09001760020116847;0.5154382235377337;1.7918457878427712
Energetyczne;Prog_Energii_99.99%;971;23;0.0024981096500909846;0.04998109292613542;0.403552073181638;0.9948988934534091
Energetyczne;Prog_Energii_99.0%;972;5;0.14988754474183966;0.387153128286263;1.4116418611600512;7.067428673197322
Energetyczne;Prog_Energii_99.9%;972;21;0.02860863894689432;0.16914088490632392;1.2503040267638825;3.087644274213493
Energetyczne;Prog_Energii_99.99%;972;198;0.002986222132953284;0.054646336866740516;1.166523546697948;0.997561584396231
Energetyczne;Prog_Energii_99.0%;973;7;0.2529519870361575;0.5029433238806909;1.9791584478580901;9.776966354668183
Energetyczne;Prog_Energii_99.9%;973;24;0.02485191241011182;0.1576448933841874;1.476632868619645;3.0645377827265494
Energetyczne;Prog_Energii_99.99%;973;219;0.002635686792562676;0.05133894031398268;1.1693965170030634;0.9980032904327757
Energetyczne;Prog_Energii_99.0%;974;7;0.23681187077801563;0.48663319942027755;1.001274556789693;9.73457449179155
Energetyczne;Prog_Energii_99.9%;974;11;0.0035417835353484454;0.059512885456415615;0.3971454483575245;1.1904913544474367
Energetyczne;Prog_Energii_99.99%;974;13;0.0017448096414054116;0.04177091860858954;0.3377189211875251;0.8355823632055571
Energetyczne;Prog_Energii_99.0%;975;2;0.12909721911240546;0.35930101462757585;0.859989223889456;6.956994889786504
Energetyczne;Prog_Energii_99.9%;975;11;0.020694335376862515;0.1438552584261782;0.6640992905825707;2.78540904978293
Energetyczne;Prog_Energii_99.99%;975;51;0.0026155739524672122;0.0511426822963678;0.6078311377930206;0.9902543129598455
Energetyczne;Prog_Energii_99.0%;976;7;0.29653680888236883;0.5445519340543827;1.2701370734962758;9.524200543234597
Energetyczne;Prog_Energii_99.9%;976;16;0.019715266555028477;0.1404110627943129;0.6019955524334515;2.4557861921177007
Energetyczne;Prog_Energii_99.99%;976;35;0.0031823012392462255;0.05641188916572663;0.5936860345538477;0.9866426172373985
Energetyczne;Prog_Energii_99.0%;977;3;0.30489013753329386;0.5521685770969712;0.9459406959358967;9.823649459352152
Energetyczne;Prog_Energii_99.9%;977;8;0.02638116274526377;0.1624227901042947;0.9498925120479065;2.889669243011465
Energetyczne;Prog_Energii_99.99%;977;62;0.003085852565300543;0.055550450630940364;0.7087673873801208;0.9882999086555574
Energetyczne;Prog_Energii_99.0%;978;9;0.2999842263227272;0.5477081579844573;1.2150784737056117;9.817393741160583
Energetyczne;Prog_Energii_99.9%;978;16;0.02281843681888603;0.15105772677650764;0.9991534486342726;2.707633910122835
Energetyczne;Prog_Energii_99.99%;978;71;0.003099142861947027;0.05566994576921219;0.761636900657571;0.9978558274111418
Energetyczne;Prog_Energii_99.0%;979;7;0.2026111523896483;0.45012348571214134;1.287034994530802;8.189520710373639
Energetyczne;Prog_Energii_99.9%;979;15;0.029391778002586494;0.1714403044869744;1.255989077235287;3.119175001427766
Energetyczne;Prog_Energii_99.99%;979;125;0.0030151451983336953;0.054910337809320524;0.9704741930722411;0.9990355157576118
Energetyczne;Prog_Energii_99.0%;980;5;0.16328174780562493;0.4040813628536027;1.0871420929339886;7.4254807800723315
Energetyczne;Prog_Energii_99.9%;980;9;0.02700976876039881;0.16434648995460416;0.7134937791789273;3.0200643103463127
Energetyczne;Prog_Energii_99.99%;980;54;0.0029150225812787436;0.05399094906814237;0.6573100103612957;0.9921485905020647
Energetyczne;Prog_Energii_99.0%;981;6;0.16760474199583927;0.40939558130961706;0.781619747499243;7.077915297220708
Energetyczne;Prog_Energii_99.9%;981;10;0.02002343379356941;0.14150418295431907;0.6404587317216617;2.446422645670029
Energetyczne;Prog_Energii_99.99%;981;24;0.0031002391039345175;0.05567979080361669;0.5009750456400521;0.9626309151024288
Energetyczne;Prog_Energii_99.0%;982;5;0.1314578722740039;0.36257119614498323;0.5756551338045401;7.971485260192172
Energetyczne;Prog_Energii_99.9%;982;7;0.0056091746315852465;0.07489442323421182;0.402987360988587;1.6466277443710122
Energetyczne;Prog_Energii_99.99%;982;10;0.0011865954305824258;0.03444699450724875;0.28370889093382523;0.7573511406643868
Energetyczne;Prog_Energii_99.0%;983;9;0.33860791709070154;0.5819002638689053;1.6269410509949696;9.344452413485115
Energetyczne;Prog_Energii_99.9%;983;17;0.038159316779915506;0.19534409840052888;1.3730329716781071;3.1369355628443762
Energetyczne;Prog_Energii_99.99%;983;52;0.0037407879724604093;0.06116198143013689;0.8460678419149641;0.9821704172953113
Energetyczne;Prog_Energii_99.0%;984;9;0.3288450241144201;0.5734501060375001;1.635931613053268;9.556719451744964
Energetyczne;Prog_Energii_99.9%;984;18;0.02618595641211511;0.16182075395979068;0.5590283137623784;2.696791805915958
Energetyczne;Prog_Energii_99.99%;984;23;0.00277603779441212;0.052688118152123445;0.36410043329012964;0.8780634240345012
Energetyczne;Prog_Energii_99.0%;985;9;0.2166066752307176;0.4654102225249437;1.022819082799301;8.643141146755063
Energetyczne;Prog_Energii_99.9%;985;15;0.012319351869530384;0.11099257574058899;0.7433332022901373;2.0612450091089207
Energetyczne;Prog_Energii_99.99%;985;53;0.002888925532381141;0.053748725867513746;0.6301062577012315;0.9981685009212881
Energetyczne;Prog_Energii_99.0%;986;4;0.25789527616094027;0.5078339060765245;1.878412833746105;7.754160622407885
Energetyczne;Prog_Energii_99.9%;986;10;0.03295986829833778;0.18154852876941135;0.9331654421144995;2.7720804696087438
Energetyczne;Prog_Energii_99.99%;986;65;0.004248194756508439;0.0651781769958967;0.8227039562728073;0.9952113229433633
Energetyczne;Prog_Energii_99.0%;987;4;0.2311120501827537;0.48074114675441887;1.3766334496922;8.136878732819145
Energetyczne;Prog_Energii_99.9%;987;10;0.010241298107443834;0.10119929894739309;0.5675977688703586;1.7128686174264547
Energetyczne;Prog_Energii_99.99%;987;18;0.0032409301328810798;0.056929167681260544;0.44215190513765545;0.9635658127249456
Energetyczne;Prog_Energii_99.0%;988;6;0.2632908661303479;0.5131187641573322;1.163742337706723;8.928113790858196
Energetyczne;Prog_Energii_99.9%;988;14;0.014227413002550626;0.11927871982273547;0.4019284017796467;2.075414227258206
Energetyczne;Prog_Energii_99.99%;988;21;0.0030497358619137713;0.0552244136402893;0.42830945525146547;0.9608883624118367
Energetyczne;Prog_Energii_99.0%;989;2;0.23238548948149493;0.4820637815491794;0.9176174349531871;8.63571379982545
Energetyczne;Prog_Energii_99.9%;989;8;0.017339858611317965;0.1316808969111236;0.7993482898920421;2.358937929280571
Energetyczne;Prog_Energii_99.99%;989;22;0.0029964507581099606;0.05473984616447109;0.525595614619907;0.980612240570534
Energetyczne;Prog_Energii_99.0%;990;5;0.3069390233568987;0.5540207788133029;1.4983476744134965;9.657138030862011
Energetyczne;Prog_Energii_99.9%;990;17;0.03203521141258908;0.17898383003106477;1.2805290060206502;3.119867734211478
Energetyczne;Prog_Energii_99.99%;990;148;0.003267540748199891;0.05716240677403193;1.0808166997054034;0.996398101846524
Energetyczne;Prog_Energii_99.0%;991;4;0.20796183022132664;0.4560283217315857;1.3163019381907421;8.470582049405921
Energetyczne;Prog_Energii_99.9%;991;15;0.028111769069081537;0.16766564665751163;1.0501990686741625;3.1143364330671686
Energetyczne;Prog_Energii_99.99%;991;76;0.0028471205085432495;0.053358415536288645;0.7880687692720691;0.9911157164761758
Energetyczne;Prog_Energii_99.0%;992;6;0.18412967461802204;0.4291033379245867;0.8683025374326414;8.165952182658422
Energetyczne;Prog_Energii_99.9%;992;11;0.02306439488591922;0.1518696641397459;0.40138256931075667;2.8901206440382277
Energetyczne;Prog_Energii_99.99%;992;18;0.0024123583668421134;0.04911576495222398;0.31396118282547736;0.9346862458689129
Energetyczne;Prog_Energii_99.0%;993;5;0.2992490933335171;0.547036647157681;1.2213241019293486;9.732328090127654
Energetyczne;Prog_Energii_99.9%;993;13;0.02400249579851988;0.15492738879397627;0.7885654889627993;2.7563129192972062
Energetyczne;Prog_Energii_99.99%;993;34;0.0030613846903630487;0.05532978122460858;0.6199539330434627;0.9843720467920662
Energetyczne;Prog_Energii_99.0%;994;4;0.19335530669375092;0.4397218515081448;1.9066815581283016;7.9366584628596835
Energetyczne;Prog_Energii_99.9%;994;15;0.029336807685905956;0.1712799103394965;1.1745229724872264;3.0914773629088868
Energetyczne;Prog_Energii_99.99%;994;130;0.0030351512507624133;0.05509220680606662;0.9805554579997233;0.9943741205612693
Energetyczne;Prog_Energii_99.0%;995;5;0.3052615612748382;0.5525048065626562;1.08907461149371;9.891146096402554
Energetyczne;Prog_Energii_99.9%;995;15;0.022029464600105585;0.14842326165431613;1.0008692975213416;2.657128313979542
Energetyczne;Prog_Energii_99.99%;995;62;0.003066536209192145;0.055376314514349406;0.72313912893107;0.9913673340679832
Energetyczne;Prog_Energii_99.0%;996;3;0.2900368465312761;0.5385506907722578;1.0659070068928926;9.10376348799967
Energetyczne;Prog_Energii_99.9%;996;16;0.02258441333727419;0.15028111437327776;0.6809697933566294;2.5403805907397867
Energetyczne;Prog_Energii_99.99%;996;52;0.003448853928372091;0.05872694380241569;0.6548841391572147;0.9927314474030214
Energetyczne;Prog_Energii_99.0%;997;10;0.2097174621823255;0.4579491917039766;1.0947134789606254;8.056795590827381
Energetyczne;Prog_Energii_99.9%;997;19;0.028530497528250102;0.1689097318932515;1.0128207577715083;2.971664123047663
Energetyczne;Prog_Energii_99.99%;997;94;0.0031859019014088405;0.05644379417977534;0.8620831269600631;0.9930274369195558
Energetyczne;Prog_Energii_99.0%;998;3;0.2824305991708961;0.5314419998183207;1.1420647145692167;9.554328560439245
Energetyczne;Prog_Energii_99.9%;998;13;0.024298587192367015;0.15588004103273456;0.4033725498104319;2.8024302342506626
Energetyczne;Prog_Energii_99.99%;998;20;0.00206380512270472;0.04542912196713381;0.20824476985550078;0.8167302502147878
Energetyczne;Prog_Energii_99.0%;999;4;0.12685658699433977;0.35616932348861796;0.8041495695217682;6.3707282446474265
Energetyczne;Prog_Energii_99.9%;999;5;0.029756039150039555;0.17249938883961172;0.3716427160955078;3.08546148191803
Energetyczne;Prog_Energii_99.99%;999;16;0.0028868201728175203;0.053729137093550275;0.36268978551488207;0.9610421467230966
