Strategia;Konfiguracja;Indeks sygnału;Wymagane K;MSE;RMSE;Max Error;PRD
Fidelity (MSE);Tolerancja_0.01;0;13;0.00695324874672448;0.0833861424142194;0.49118419405375047;1.5812477533483995
Fidelity (MSE);Tolerancja_0.1;0;8;0.06802835449312927;0.2608224578005684;0.993929358528197;4.945964802775525
Fidelity (MSE);Tolerancja_1.0;0;4;0.577927503812867;0.7602154325011213;2.322428887720355;14.41593183111675
Fidelity (MSE);Tolerancja_0.01;1;80;0.009975838646672792;0.09987912017370193;1.3769906816669515;1.8317238626313435
Fidelity (MSE);Tolerancja_0.1;1;14;0.08689701172665132;0.29478299090458276;1.4484000744301646;5.4061453264576675
Fidelity (MSE);Tolerancja_1.0;1;1;0.7177263083431168;0.847187292364042;1.7508050903058283;15.536912788603466
Fidelity (MSE);Tolerancja_0.01;2;42;0.009745122753657551;0.09871738830448033;1.0323987891511086;1.8192287107949205
Fidelity (MSE);Tolerancja_0.1;2;5;0.08447213138809964;0.29064089765223966;1.1302920238860255;5.356120888341665
Fidelity (MSE);Tolerancja_1.0;2;1;0.3473621756104485;0.5893743934125816;1.1409039274442554;10.861377476847679
Fidelity (MSE);Tolerancja_0.01;3;10;0.009708180291736215;0.09853009840518893;0.22988687397084906;1.9438079859535984
Fidelity (MSE);Tolerancja_0.1;3;8;0.05807697606193583;0.24099165143617698;0.463664766581684;4.754298475207014
Fidelity (MSE);Tolerancja_1.0;3;2;0.8059954430253019;0.8977724895680987;1.7426901257912935;17.711312208534352
Fidelity (MSE);Tolerancja_0.01;4;9;0.0087821255137546;0.09371299543689018;0.1725587198562435;1.5493540572461117
Fidelity (MSE);Tolerancja_0.1;4;3;0.05564950120484345;0.23590146503327072;0.5915925180714225;3.900151630578682
Fidelity (MSE);Tolerancja_1.0;4;1;0.32543688357564815;0.5704707561090648;0.9415957088969851;9.431575379671454
Fidelity (MSE);Tolerancja_0.01;5;13;0.008806355753565413;0.09384218536226345;0.6416317443326562;1.6569947425522333
Fidelity (MSE);Tolerancja_0.1;5;8;0.05425545463271774;0.2329280031097973;0.6542712255628924;4.112867523877271
Fidelity (MSE);Tolerancja_1.0;5;1;0.7970645544257793;0.8927847189696849;2.411623525739344;15.76412121960903
Fidelity (MSE);Tolerancja_0.01;6;14;0.00818723882338873;0.09048336213574698;0.3707696349884886;1.7613090471298845
Fidelity (MSE);Tolerancja_0.1;6;8;0.09546835969525976;0.30897954575547515;0.8079690437492237;6.014458973139789
Fidelity (MSE);Tolerancja_1.0;6;1;0.39107749184187285;0.6253618887027518;1.3866575457608317;12.173017517297138
Fidelity (MSE);Tolerancja_0.01;7;15;0.009893586196324255;0.0994665079125846;0.7720449946300896;1.8301264668488748
Fidelity (MSE);Tolerancja_0.1;7;10;0.04734408552269142;0.2175869608287487;0.6363286830353232;4.003474779710451
Fidelity (MSE);Tolerancja_1.0;7;3;0.9591910794124219;0.9793830095587843;2.2350608069291535;18.020083388781163
Fidelity (MSE);Tolerancja_0.01;8;70;0.009824688360941608;0.09911956598442917;1.3168951560053337;1.7909418755724864
Fidelity (MSE);Tolerancja_0.1;8;11;0.09431628784142436;0.30710956976529463;1.6889444530239066;5.54900925381492
Fidelity (MSE);Tolerancja_1.0;8;2;0.99552262528825;0.9977588011580003;2.253641954573429;18.028004874391556
Fidelity (MSE);Tolerancja_0.01;9;10;0.009200888735818325;0.09592126321008458;0.4898359420962839;1.7369051289566186
Fidelity (MSE);Tolerancja_0.1;9;7;0.09241219451576053;0.30399374091543485;0.5847605105678504;5.504601066504895
Fidelity (MSE);Tolerancja_1.0;9;2;0.9472538691578422;0.9732696795636049;1.8555975862742122;17.62359086732986
Fidelity (MSE);Tolerancja_0.01;10;12;0.009872267781647358;0.09935928633825505;0.3505942194685714;1.808854894522435
Fidelity (MSE);Tolerancja_0.1;10;10;0.05295443110463282;0.23011829806565323;0.5936213299979718;4.189347821583192
Fidelity (MSE);Tolerancja_1.0;10;2;0.7341716485392122;0.8568381693991067;1.5296928561832965;15.598903470932846
Fidelity (MSE);Tolerancja_0.01;11;44;0.009795180199595358;0.09897060270401185;1.0743383450658355;1.833130762679012
Fidelity (MSE);Tolerancja_0.1;11;12;0.09318262182563171;0.30525828707118124;1.289827134232718;5.653985540195164
Fidelity (MSE);Tolerancja_1.0;11;2;0.9576560959847087;0.9785990476107713;2.3974044311976606;18.125584461364213
Fidelity (MSE);Tolerancja_0.01;12;40;0.009735539277945321;0.09866883640717225;1.0728042878492907;1.5845339012284398
Fidelity (MSE);Tolerancja_0.1;12;10;0.08373685292992984;0.28937320700080343;1.2790756818306273;4.647076759959014
Fidelity (MSE);Tolerancja_1.0;12;1;0.9648352452123601;0.9822602736608868;2.4305207178369947;15.774227812140929
Fidelity (MSE);Tolerancja_0.01;13;17;0.009932594699971188;0.09966240364335584;0.7003969592492911;1.6117514407525155
Fidelity (MSE);Tolerancja_0.1;13;4;0.08927743906678881;0.29879330492296646;1.1849540177646487;4.832118452813397
Fidelity (MSE);Tolerancja_1.0;13;1;0.6884702131535183;0.829741051867098;1.4268301890323132;13.418664279701614
Fidelity (MSE);Tolerancja_0.01;14;37;0.009923402809418773;0.09961627783358888;1.119039715042974;1.8104644242955246
Fidelity (MSE);Tolerancja_0.1;14;15;0.08805677069612006;0.29674361104515806;1.9252769967258043;5.393132152876904
Fidelity (MSE);Tolerancja_1.0;14;1;0.7758739566535874;0.8808370772473122;2.068478764092289;16.008670737735535
Fidelity (MSE);Tolerancja_0.01;15;20;0.009106897845975313;0.09543006782966945;0.9695103410426986;1.7147096180691657
Fidelity (MSE);Tolerancja_0.1;15;11;0.09031649680761013;0.3005270317419219;1.531971605285336;5.399939490113594
Fidelity (MSE);Tolerancja_1.0;15;1;0.6496646605169113;0.8060177792808986;1.70660119694917;14.482714619196912
Fidelity (MSE);Tolerancja_0.01;16;16;0.009734391656495717;0.09866302071442835;0.76002688246502;1.7357784462597794
Fidelity (MSE);Tolerancja_0.1;16;8;0.08314196333112879;0.2883434815131578;1.0195388823622613;5.072826644733492
Fidelity (MSE);Tolerancja_1.0;16;2;0.8552301807448534;0.9247865595610986;1.996400335703397;16.269769219037755
Fidelity (MSE);Tolerancja_0.01;17;34;0.009698173235972978;0.09847930359203896;1.0567703140056937;1.7999817292238627
Fidelity (MSE);Tolerancja_0.1;17;8;0.07519959830058606;0.27422545159154366;1.1872499098021327;5.0122288089864595
Fidelity (MSE);Tolerancja_1.0;17;1;0.5968563993849013;0.7725648188889405;1.6565454447254133;14.120759468425517
Fidelity (MSE);Tolerancja_0.01;18;9;0.008195001405354781;0.09052624705219355;0.576889992240825;1.6004125936335465
Fidelity (MSE);Tolerancja_0.1;18;3;0.04219219060396095;0.20540737718972255;0.7671221532713144;3.6313949156660903
Fidelity (MSE);Tolerancja_1.0;18;1;0.3554737947954539;0.5962162315766436;1.2588898107022928;10.540500646114815
Fidelity (MSE);Tolerancja_0.01;19;7;0.0009568647305534661;0.030933230199147746;0.17258849180442493;0.5296539006281898
Fidelity (MSE);Tolerancja_0.1;19;4;0.061417445275043905;0.2478254330673991;0.5970612762303258;4.2433883061664455
Fidelity (MSE);Tolerancja_1.0;19;1;0.2790982780560883;0.5282975279670428;1.3156226935750572;9.045768727628182
Fidelity (MSE);Tolerancja_0.01;20;43;0.009980671993212283;0.09990331322439854;1.2377796303235407;1.502300877859407
Fidelity (MSE);Tolerancja_0.1;20;14;0.07627309743113644;0.2761758451261378;1.7390975147422107;4.153007554860884
Fidelity (MSE);Tolerancja_1.0;20;2;0.8002637807778876;0.8945746367843701;2.331273415524949;13.452209128772969
Fidelity (MSE);Tolerancja_0.01;21;21;0.006874708803279106;0.08291386375799349;0.6251427243754755;1.4565277411950819
Fidelity (MSE);Tolerancja_0.1;21;16;0.06149942755315613;0.2479907811858258;1.072675901789066;4.356393924809371
Fidelity (MSE);Tolerancja_1.0;21;3;0.9597903458455342;0.9796889025836386;2.363501376746245;17.2099574145882
Fidelity (MSE);Tolerancja_0.01;22;7;0.007174952341624184;0.0847050904115224;0.47348345415316206;1.5156874798767836
Fidelity (MSE);Tolerancja_0.1;22;5;0.018967904363534672;0.1377240152026315;0.6036960465975039;2.464392216652338
Fidelity (MSE);Tolerancja_1.0;22;1;0.9258453144751955;0.9622085607991624;2.0718965428591645;17.217471365040453
Fidelity (MSE);Tolerancja_0.01;23;15;0.009689162766814061;0.09843354492658517;0.2077796485110257;1.7180982574622872
Fidelity (MSE);Tolerancja_0.1;23;6;0.09425040537198863;0.30700228887092784;0.6655524972870559;5.358540098697768
Fidelity (MSE);Tolerancja_1.0;23;1;0.6717578071409237;0.8196083254463218;2.097319913513985;14.305769814560312
Fidelity (MSE);Tolerancja_0.01;24;13;0.008024169651558312;0.08957772966289285;0.5094693470839786;1.635059360880178
Fidelity (MSE);Tolerancja_0.1;24;8;0.07054587741483068;0.2656047390669652;0.54463154385527;4.848074588850368
Fidelity (MSE);Tolerancja_1.0;24;1;0.9328016875401217;0.9658165910462099;2.2819204130228528;17.62901855211509
Fidelity (MSE);Tolerancja_0.01;25;29;0.009818173788446138;0.09908669834264404;0.8812657690074541;1.6484726666337248
Fidelity (MSE);Tolerancja_0.1;25;9;0.09042600346517582;0.30070916757753796;0.9884229282292063;5.002799080493855
Fidelity (MSE);Tolerancja_1.0;25;2;0.663208426951296;0.8143760967460281;1.8805532659426847;13.548506089115756
Fidelity (MSE);Tolerancja_0.01;26;18;0.008301996252826887;0.09111529099348192;0.6990951540259696;1.6320637199806056
Fidelity (MSE);Tolerancja_0.1;26;10;0.07197109788551165;0.26827429598362873;0.7281091008595189;4.805348703869484
Fidelity (MSE);Tolerancja_1.0;26;3;0.8513984377712279;0.922712543412751;2.002407532307993;16.527694195507856
Fidelity (MSE);Tolerancja_0.01;27;30;0.009856933905125667;0.09928209257023982;0.928016417629566;1.7352338674657457
Fidelity (MSE);Tolerancja_0.1;27;9;0.09459351870066297;0.30756059354322846;0.932977150527047;5.375486599826684
Fidelity (MSE);Tolerancja_1.0;27;1;0.557092693923446;0.7463864239945994;1.5476578653389392;13.045202489218122
Fidelity (MSE);Tolerancja_0.01;28;58;0.009915030118481744;0.0995742442526266;1.2174521717601556;1.786303680168059
Fidelity (MSE);Tolerancja_0.1;28;12;0.0800740900201381;0.28297365605324126;1.3535394000545842;5.076381819339611
Fidelity (MSE);Tolerancja_1.0;28;1;0.8472646338990624;0.9204697897807741;2.1111165479887344;16.512689454085855
Fidelity (MSE);Tolerancja_0.01;29;7;0.006937976324285995;0.08329451557147081;0.3532098083581081;1.624655491108615
Fidelity (MSE);Tolerancja_0.1;29;4;0.09030012920547262;0.3004997990107025;0.5544215857026691;5.86123402231526
Fidelity (MSE);Tolerancja_1.0;29;1;0.472570510896834;0.687437641460543;1.340055746435775;13.408437894513167
Fidelity (MSE);Tolerancja_0.01;30;17;0.009644292964873525;0.09820536118193103;0.5627758061141126;1.70426810461996
Fidelity (MSE);Tolerancja_0.1;30;9;0.0852484420134307;0.29197335839667066;0.5647358513417382;5.0669421315235965
Fidelity (MSE);Tolerancja_1.0;30;1;0.9847132166478514;0.9923271721805522;1.972584696555756;17.220969695961973
Fidelity (MSE);Tolerancja_0.01;31;17;0.009823818492571934;0.0991151779122246;0.6637310850494922;1.7927564290069637
Fidelity (MSE);Tolerancja_0.1;31;2;0.08956582647631249;0.2992755026331298;1.0550316176152306;5.413177806783315
Fidelity (MSE);Tolerancja_1.0;31;1;0.15380500488500193;0.3921798119294285;1.0599204134835505;7.0935944824300075
Fidelity (MSE);Tolerancja_0.01;32;24;0.009990887284054525;0.09995442603534135;0.9546959204987457;1.5926686672403019
Fidelity (MSE);Tolerancja_0.1;32;8;0.08300690809202285;0.28810919473703517;0.8263905219588619;4.5907170437782145
Fidelity (MSE);Tolerancja_1.0;32;1;0.6488375345042156;0.8055045217155615;1.938923540844601;12.834867488540812
Fidelity (MSE);Tolerancja_0.01;33;24;0.009499758677558682;0.09746670548222446;0.8512338500142471;1.776765689119663
Fidelity (MSE);Tolerancja_0.1;33;6;0.09533830503030176;0.30876901565782433;1.0039101023347552;5.628693307830409
Fidelity (MSE);Tolerancja_1.0;33;1;0.5075029077228628;0.7123923832571926;1.4273186564786222;12.98653050289473
Fidelity (MSE);Tolerancja_0.01;34;11;0.00988069312677776;0.09940167567389274;0.6773109334401317;2.2392092460876487
Fidelity (MSE);Tolerancja_0.1;34;5;0.08908747292609648;0.29847524675606935;0.9764013051825096;6.723714944777543
Fidelity (MSE);Tolerancja_1.0;34;1;0.9054460806801667;0.9515493054383292;1.6286737410057892;21.43543344114276
Fidelity (MSE);Tolerancja_0.01;35;22;0.008155921399752145;0.09031014007160074;0.6955017520118254;1.6682063715288327
Fidelity (MSE);Tolerancja_0.1;35;15;0.0953454960416673;0.3087806600836058;0.7476370379631518;5.703787682622954
Fidelity (MSE);Tolerancja_1.0;35;3;0.9609089800222249;0.980259649287996;1.896985766742044;18.107328716336347
Fidelity (MSE);Tolerancja_0.01;36;16;0.00973415956142161;0.09866184450648391;0.6933816909652153;1.8206958937077855
Fidelity (MSE);Tolerancja_0.1;36;6;0.07273039010664224;0.2696857246994031;0.8663098842203611;4.976753617448767
Fidelity (MSE);Tolerancja_1.0;36;1;0.40200365797293863;0.6340375840381536;1.5913376320591892;11.700466694992778
Fidelity (MSE);Tolerancja_0.01;37;40;0.009787506637727567;0.09893182823402975;1.0092954834971612;1.9625846161286704
Fidelity (MSE);Tolerancja_0.1;37;6;0.09324382076136264;0.30535851185346485;1.015589436559031;6.057625017804077
Fidelity (MSE);Tolerancja_1.0;37;1;0.4071704234143341;0.6380990702189858;1.5092762018800858;12.658448157000961
Fidelity (MSE);Tolerancja_0.01;38;17;0.005545999684451708;0.07447146892905838;0.3204090138235678;1.367310652131893
Fidelity (MSE);Tolerancja_0.1;38;12;0.09583044210072175;0.30956492388628554;0.7419500289550847;5.683672204174268
Fidelity (MSE);Tolerancja_1.0;38;1;0.9848106691513813;0.9923762739764496;2.8720324579400494;18.220221379324865
Fidelity (MSE);Tolerancja_0.01;39;21;0.009668016271021389;0.09832607116640728;0.7732509704001371;1.8987039430119503
Fidelity (MSE);Tolerancja_0.1;39;11;0.09119937284968872;0.30199233905794487;1.0582903663272853;5.831556555924097
Fidelity (MSE);Tolerancja_1.0;39;1;0.8337786485912632;0.9131148058110016;2.3065725728506044;17.632502363302642
Fidelity (MSE);Tolerancja_0.01;40;18;0.009384869760986762;0.09687553747456971;0.7003776435604303;1.8180413581322459
Fidelity (MSE);Tolerancja_0.1;40;8;0.051655160231812644;0.22727771609159717;0.5929580185660344;4.265269627482886
Fidelity (MSE);Tolerancja_1.0;40;1;0.8779430626770441;0.9369861592772031;1.9455757617780574;17.584207881278743
Fidelity (MSE);Tolerancja_0.01;41;20;0.008646548373665632;0.09298681827907454;0.7958651154024565;1.7163846851644633
Fidelity (MSE);Tolerancja_0.1;41;12;0.07777142387681618;0.2788752837323813;0.5837398086138839;5.1475819361040465
Fidelity (MSE);Tolerancja_1.0;41;2;0.666313643730511;0.8162803707859886;2.1933568817040117;15.067201493146781
Fidelity (MSE);Tolerancja_0.01;42;27;0.009748175327780748;0.0987328482713871;0.9659333619962895;1.7622218117753177
Fidelity (MSE);Tolerancja_0.1;42;10;0.09067478270123577;0.30112253768397307;0.8721430436679407;5.374550751997437
Fidelity (MSE);Tolerancja_1.0;42;5;0.9047298057988699;0.9511728580015674;2.433845459153357;16.97689863592021
Fidelity (MSE);Tolerancja_0.01;43;18;0.00895408971563022;0.09462605199219833;0.858104786549295;1.6786478725678653
Fidelity (MSE);Tolerancja_0.1;43;12;0.05037615672746522;0.22444633373585146;1.1528895206311542;3.9816345784182943
Fidelity (MSE);Tolerancja_1.0;43;4;0.8080357615184511;0.8989080940332282;2.2450798186042604;15.946455842914405
Fidelity (MSE);Tolerancja_0.01;44;24;0.008932656304203703;0.09451273091072812;0.8304694598871336;1.6765126063050604
Fidelity (MSE);Tolerancja_0.1;44;11;0.09840961082532691;0.31370306154917726;0.8491933850863411;5.564616874952559
Fidelity (MSE);Tolerancja_1.0;44;1;0.6123361394401495;0.782519098450734;1.9037290094453492;13.880702849082658
Fidelity (MSE);Tolerancja_0.01;45;206;0.009936600038677995;0.09968249614991588;2.217816008637973;1.7341167596611005
Fidelity (MSE);Tolerancja_0.1;45;24;0.09849353122662469;0.3138367907473958;2.867830111172573;5.459630924719495
Fidelity (MSE);Tolerancja_1.0;45;6;0.9596069833380657;0.9795953161066389;2.535791408355922;17.041433761763493
Fidelity (MSE);Tolerancja_0.01;46;56;0.00974361632387447;0.09870975799724398;1.1734343306168498;1.7765400461800924
Fidelity (MSE);Tolerancja_0.1;46;10;0.06296012951812366;0.2509185714890862;1.2471968529280852;4.515935401169862
Fidelity (MSE);Tolerancja_1.0;46;2;0.8157934620884209;0.9032128553604741;1.810718503601704;16.255675632568675
Fidelity (MSE);Tolerancja_0.01;47;40;0.009955216221016092;0.09977582984378577;1.134344902154142;1.762198046102295
Fidelity (MSE);Tolerancja_0.1;47;11;0.055198298551542846;0.2349431815387347;1.5715408133917768;4.149466018982961
Fidelity (MSE);Tolerancja_1.0;47;6;0.8403569282898373;0.9167098386566152;1.6726954169956763;16.190537217807456
Fidelity (MSE);Tolerancja_0.01;48;9;0.007781469783782347;0.08821263959196747;0.4321289291783499;1.4447525831460017
Fidelity (MSE);Tolerancja_0.1;48;6;0.05860649174944379;0.2420877769517573;0.547147800823419;3.964930000019779
Fidelity (MSE);Tolerancja_1.0;48;1;0.8765791119422347;0.9362580370508093;2.058664629342517;15.334097514564494
Fidelity (MSE);Tolerancja_0.01;49;31;0.009911253967748331;0.09955528096363513;0.9282554103848808;1.773306949499686
Fidelity (MSE);Tolerancja_0.1;49;12;0.08003669809322321;0.2829075787129486;1.1292912306337062;5.039230169829486
Fidelity (MSE);Tolerancja_1.0;49;2;0.7881672295232962;0.8877878291141956;1.8838562040161042;15.8135290444763
Fidelity (MSE);Tolerancja_0.01;50;17;0.009683031086325787;0.09840239370221533;0.8632373244538507;1.740781878074238
Fidelity (MSE);Tolerancja_0.1;50;9;0.07817176294931373;0.27959213678019224;1.3496910376613345;4.9461085919503915
Fidelity (MSE);Tolerancja_1.0;50;2;0.7281095210156389;0.8532933381994956;2.4945466527991806;15.095136652003143
Fidelity (MSE);Tolerancja_0.01;51;15;0.006311362549246349;0.0794440844194604;0.483401151094065;1.3867606462269264
Fidelity (MSE);Tolerancja_0.1;51;8;0.0859307551505368;0.29313948070933193;0.7120473352761136;5.11698635176819
Fidelity (MSE);Tolerancja_1.0;51;2;0.7662587553465772;0.8753620710006672;2.0423250877292114;15.28015182167633
Fidelity (MSE);Tolerancja_0.01;52;18;0.0052737639229034836;0.07262068522744386;0.2813179365803764;1.3043653227124423
Fidelity (MSE);Tolerancja_0.1;52;10;0.08087426604363858;0.2843840115822944;0.6125102455677665;5.1079198974787055
Fidelity (MSE);Tolerancja_1.0;52;1;0.6412761706630377;0.8007972094500815;1.5599017122945122;14.38339651106518
Fidelity (MSE);Tolerancja_0.01;53;20;0.00944929476891906;0.09720748309116464;0.9131754722862739;1.7114820685833636
Fidelity (MSE);Tolerancja_0.1;53;11;0.09193447784063782;0.3032069884429411;0.8699076779210904;5.338409217967126
Fidelity (MSE);Tolerancja_1.0;53;4;0.8446419000977081;0.9190440142331096;2.7208575077107415;16.18113442072863
Fidelity (MSE);Tolerancja_0.01;54;6;0.008961797534486735;0.09466677101542408;0.35585102189569895;1.6436161203260131
Fidelity (MSE);Tolerancja_0.1;54;4;0.05998721857361388;0.24492288291136433;0.5114082754237153;4.252381213300811
Fidelity (MSE);Tolerancja_1.0;54;2;0.4130084059690361;0.6426573005646448;1.3366603554619108;11.157895085289747
Fidelity (MSE);Tolerancja_0.01;55;21;0.00424161368563032;0.06512767219569819;0.48635824439895803;1.1790581707411492
Fidelity (MSE);Tolerancja_0.1;55;16;0.0796874531466038;0.28228966177776293;0.5781014334939973;5.110514793691817
Fidelity (MSE);Tolerancja_1.0;55;1;0.8664138328279151;0.9308135327915656;2.2300283029048646;16.851259445855348
Fidelity (MSE);Tolerancja_0.01;56;10;0.008723499979930296;0.09339967869286434;0.5341062883352503;1.8263946677181249
Fidelity (MSE);Tolerancja_0.1;56;8;0.03756047044433975;0.19380523843369082;0.7629977942712287;3.789786635295731
Fidelity (MSE);Tolerancja_1.0;56;2;0.6438227801803883;0.8023856804432569;1.8638017034781784;15.690342287300659
Fidelity (MSE);Tolerancja_0.01;57;72;0.009944553728290059;0.09972238328625153;1.3321666900128788;1.6983653127727623
Fidelity (MSE);Tolerancja_0.1;57;10;0.08426702518666254;0.2902878316200363;1.386198677860083;4.943872856791827
Fidelity (MSE);Tolerancja_1.0;57;1;0.6441936477447857;0.8026167502268974;1.6743947814477576;13.669312777281913
Fidelity (MSE);Tolerancja_0.01;58;33;0.009946826723118673;0.09973377924814979;0.9422925529917512;1.744932800624076
Fidelity (MSE);Tolerancja_0.1;58;8;0.06289014965458047;0.250779085361161;1.1795851921674707;4.387607238550652
Fidelity (MSE);Tolerancja_1.0;58;1;0.706672409713287;0.8406380967534645;1.5044030062141251;14.707724900603605
Fidelity (MSE);Tolerancja_0.01;59;150;0.009903551688265292;0.09951659001525973;1.8607432225660663;1.7680971793968492
Fidelity (MSE);Tolerancja_0.1;59;16;0.09310616199073858;0.3051330234352529;1.9161455006434895;5.421255270040668
Fidelity (MSE);Tolerancja_1.0;59;4;0.8275850698603008;0.9097170273553754;2.7186408808853466;16.162813756678013
Fidelity (MSE);Tolerancja_0.01;60;56;0.009926733645129497;0.09963299476142176;1.2194548944749188;1.7450149732270461
Fidelity (MSE);Tolerancja_0.1;60;12;0.06645451326305027;0.25778772907772446;1.6522751363160326;4.51500477559676
Fidelity (MSE);Tolerancja_1.0;60;1;0.9196744941113749;0.9589966079769912;2.1437930569424166;16.796277620692056
Fidelity (MSE);Tolerancja_0.01;61;42;0.009990654638937514;0.09995326227261177;1.0266932280508767;1.8443815802459338
Fidelity (MSE);Tolerancja_0.1;61;7;0.08626431834281714;0.29370787926580577;1.129836450074726;5.419627035418761
Fidelity (MSE);Tolerancja_1.0;61;1;0.7137820879784503;0.8448562528492349;1.5801608498618167;15.589659359599544
Fidelity (MSE);Tolerancja_0.01;62;11;0.009099672929949336;0.09539220581341715;0.5528653095421125;1.7819022955579937
Fidelity (MSE);Tolerancja_0.1;62;7;0.09560961432899999;0.3092080437650353;0.568429302024744;5.775928109552286
Fidelity (MSE);Tolerancja_1.0;62;1;0.8152194800839797;0.9028950548563104;2.042413282515578;16.865851430705973
Fidelity (MSE);Tolerancja_0.01;63;38;0.009877608757904423;0.09938615979050817;0.9766665214453321;1.862437560295607
Fidelity (MSE);Tolerancja_0.1;63;6;0.0715154688217195;0.2674237626347358;1.0776614176959534;5.011362357659741
Fidelity (MSE);Tolerancja_1.0;63;2;0.8332798435076151;0.912841631120982;2.0437249101471533;17.10610958291189
Fidelity (MSE);Tolerancja_0.01;64;18;0.008628102522816865;0.0928875800245483;0.6504603494448595;1.5648079741086265
Fidelity (MSE);Tolerancja_0.1;64;11;0.09546266106679743;0.30897032392577356;0.7358624136993166;5.204993245751498
Fidelity (MSE);Tolerancja_1.0;64;1;0.9127825377866949;0.9553965343179213;1.8973483901521306;16.094854822801153
Fidelity (MSE);Tolerancja_0.01;65;72;0.009952987528048258;0.0997646607173515;1.355507435475956;1.6965357305621886
Fidelity (MSE);Tolerancja_0.1;65;11;0.0995334719816909;0.3154892581082451;1.6533602434522363;5.365013975295396
Fidelity (MSE);Tolerancja_1.0;65;1;0.6610657548902986;0.8130595026751108;2.2623288083709534;13.826383886268658
Fidelity (MSE);Tolerancja_0.01;66;22;0.009929478405364334;0.09964676816316892;0.825653324455339;1.5565978469061168
Fidelity (MSE);Tolerancja_0.1;66;7;0.09978060144998639;0.3158806759679775;1.241932987998104;4.93442174949275
Fidelity (MSE);Tolerancja_1.0;66;1;0.37132590245193003;0.609365163470911;1.1796897685103076;9.51898911448097
Fidelity (MSE);Tolerancja_0.01;67;15;0.00976158542001693;0.09880073592851893;0.6278368658598321;1.7794289018868619
Fidelity (MSE);Tolerancja_0.1;67;8;0.06434501957888515;0.25366320107355966;0.7024374033559031;4.568545234946377
Fidelity (MSE);Tolerancja_1.0;67;2;0.8368641457553371;0.9148027906359584;1.7780615883625512;16.475854252361966
Fidelity (MSE);Tolerancja_0.01;68;9;0.006161945888796317;0.07849806296206498;0.4898885928804857;1.5796893221709372
Fidelity (MSE);Tolerancja_0.1;68;6;0.09933523076342259;0.31517492089857435;0.6547810626472135;6.342557234821868
Fidelity (MSE);Tolerancja_1.0;68;1;0.6919628170833444;0.8318430243040716;1.6528012653542747;16.739948651351458
Fidelity (MSE);Tolerancja_0.01;69;43;0.00987894125353609;0.0993928631921633;1.0383422214183806;1.7459704279410964
Fidelity (MSE);Tolerancja_0.1;69;11;0.09367839977464829;0.3060692728364745;1.3577617854593003;5.376521835785629
Fidelity (MSE);Tolerancja_1.0;69;2;0.8381029530092914;0.915479630035148;1.8664038190542547;16.081641177128812
Fidelity (MSE);Tolerancja_0.01;70;100;0.00987616280394267;0.09937888510112533;1.5646740495770373;1.739571573468348
Fidelity (MSE);Tolerancja_0.1;70;14;0.09564527943232112;0.30926571008167253;1.780347493487954;5.41352257432891
Fidelity (MSE);Tolerancja_1.0;70;2;0.7998566145421804;0.8943470325003491;2.26183088264978;15.65504254721975
Fidelity (MSE);Tolerancja_0.01;71;44;0.009758946634871287;0.09878738094954885;1.0334085797647372;1.7931759682989938
Fidelity (MSE);Tolerancja_0.1;71;8;0.08101291130157667;0.2846276713560659;1.2687745724791117;5.166525271575511
Fidelity (MSE);Tolerancja_1.0;71;1;0.6882476675846754;0.8296069355934022;1.8361530557874213;15.058919527383763
Fidelity (MSE);Tolerancja_0.01;72;7;0.006560690830069015;0.08099809152115262;0.3501039605903289;1.5373692283543061
Fidelity (MSE);Tolerancja_0.1;72;5;0.0856472139541439;0.292655452630126;0.6768348598153535;5.554692449341978
Fidelity (MSE);Tolerancja_1.0;72;1;0.46897940012874517;0.684820706556647;1.4194594554704318;12.998112195336095
Fidelity (MSE);Tolerancja_0.01;73;18;0.0037212887706171934;0.061002366926351255;0.13821780640869186;0.9906169291374843
Fidelity (MSE);Tolerancja_0.1;73;12;0.07757353548289848;0.2785202604531643;0.671673144296852;4.522888192941612
Fidelity (MSE);Tolerancja_1.0;73;4;0.8471654474262971;0.9204159100245373;2.294274360348436;14.946626307444602
Fidelity (MSE);Tolerancja_0.01;74;18;0.00532806420840275;0.07299359018710308;0.45358247980245814;1.3175760742745604
Fidelity (MSE);Tolerancja_0.1;74;10;0.06993474103244424;0.26445177449290114;0.7067696102630596;4.7735058650788424
Fidelity (MSE);Tolerancja_1.0;74;1;0.9514112702932682;0.9754031321936937;2.0975231324745183;17.606584721434178
Fidelity (MSE);Tolerancja_0.01;75;36;0.009812392656928978;0.09905752196036896;0.9653103605027091;1.694347282563129
Fidelity (MSE);Tolerancja_0.1;75;6;0.0877342475658998;0.2961996751617054;0.933129851842434;5.066400862592785
Fidelity (MSE);Tolerancja_1.0;75;1;0.4549862230773026;0.6745266659497625;1.3851346341522612;11.537563234476966
Fidelity (MSE);Tolerancja_0.01;76;37;0.009981007256471702;0.09990499114894962;1.0315668267607574;1.8170948435328478
Fidelity (MSE);Tolerancja_0.1;76;9;0.09294115261928385;0.30486251429010397;1.0976337995007244;5.544909181535234
Fidelity (MSE);Tolerancja_1.0;76;1;0.4004922906403568;0.6328446022842865;1.3814962842270324;11.510322460805934
Fidelity (MSE);Tolerancja_0.01;77;14;0.009691153240727786;0.09844365515729181;0.7108567217488746;1.7249039270256266
Fidelity (MSE);Tolerancja_0.1;77;5;0.09418778514276764;0.3069002853416198;1.1499943559004526;5.377426371920264
Fidelity (MSE);Tolerancja_1.0;77;2;0.9573612011454393;0.978448364067026;1.505271677162007;17.14411581807262
Fidelity (MSE);Tolerancja_0.01;78;10;0.006989787871684339;0.08360495123905246;0.49188708186495766;1.3501785815646925
Fidelity (MSE);Tolerancja_0.1;78;7;0.09455693529878957;0.3075011143049559;0.5483424748775603;4.965990795864415
Fidelity (MSE);Tolerancja_1.0;78;1;0.8626157688280608;0.9287711068008419;1.9015361751930921;14.999193672071359
Fidelity (MSE);Tolerancja_0.01;79;26;0.00923680410768827;0.09610829364674138;0.820108308661923;1.6854229480778922
Fidelity (MSE);Tolerancja_0.1;79;9;0.0900024294317248;0.30000404902555033;0.840669649534389;5.261082988347193
Fidelity (MSE);Tolerancja_1.0;79;3;0.9846437391531138;0.9922921642102762;2.1838750541531287;17.40153655110264
Fidelity (MSE);Tolerancja_0.01;80;17;0.009764202757684734;0.09881398057807779;0.630605475294785;1.7726201051598025
Fidelity (MSE);Tolerancja_0.1;80;9;0.09486590253310327;0.3080030885122798;0.8867406806539311;5.525255272119937
Fidelity (MSE);Tolerancja_1.0;80;2;0.7714601342960106;0.8783280334225992;1.9660426924196837;15.756291992914443
Fidelity (MSE);Tolerancja_0.01;81;18;0.009938099083183103;0.09969001496229751;0.4722466305455555;1.7740776539967555
Fidelity (MSE);Tolerancja_0.1;81;10;0.09524945518140018;0.30862510458710285;0.7538578329043437;5.492274243488309
Fidelity (MSE);Tolerancja_1.0;81;1;0.8973923456452659;0.9473079465755927;2.113290404157332;16.858236605831674
Fidelity (MSE);Tolerancja_0.01;82;15;0.004258973729406461;0.06526081312247389;0.43014861674549465;1.1311601694224778
Fidelity (MSE);Tolerancja_0.1;82;11;0.09384238143274952;0.3063370389501562;0.5968786351938729;5.3097140580969695
Fidelity (MSE);Tolerancja_1.0;82;3;0.8600311555643358;0.9273786473519519;2.142883700106961;16.074175874712978
Fidelity (MSE);Tolerancja_0.01;83;29;0.009978279934504241;0.09989134063823671;0.837516895067389;1.9801807339122255
Fidelity (MSE);Tolerancja_0.1;83;7;0.09543167353547465;0.3089201734032186;0.9284110260368239;6.1238318735280055
Fidelity (MSE);Tolerancja_1.0;83;1;0.4521715826548312;0.6724370473544949;1.403907448141413;13.329953101365227
Fidelity (MSE);Tolerancja_0.01;84;20;0.009395454544245896;0.09693015291562217;0.7903590555080671;1.805352522589298
Fidelity (MSE);Tolerancja_0.1;84;5;0.09263446149193973;0.3043590995714433;0.8166062504546128;5.668777482097151
Fidelity (MSE);Tolerancja_1.0;84;1;0.5884262494179339;0.7670894663713835;1.4553023375512542;14.28726625832092
Fidelity (MSE);Tolerancja_0.01;85;36;0.009926980108656544;0.0996342316107097;0.9849156947370705;1.8618860903190178
Fidelity (MSE);Tolerancja_0.1;85;6;0.0841123538138992;0.2900212988969934;1.1651762961581067;5.419689734973809
Fidelity (MSE);Tolerancja_1.0;85;1;0.4094785850379824;0.6399051375305425;1.4711493344318862;11.95804348998189
Fidelity (MSE);Tolerancja_0.01;86;40;0.009660982297803941;0.09829029605105451;1.0011487412548457;1.7779231535889097
Fidelity (MSE);Tolerancja_0.1;86;7;0.0816789187132156;0.2857952391367211;1.2036857172774171;5.169604663544041
Fidelity (MSE);Tolerancja_1.0;86;1;0.6299314589898508;0.7936822153669886;1.9032059790960254;14.35651375553639
Fidelity (MSE);Tolerancja_0.01;87;16;0.009790790730053829;0.09894842459611891;0.6360671007314238;1.7753993000083912
Fidelity (MSE);Tolerancja_0.1;87;4;0.08324285809124525;0.28851838432107796;0.6357008338015495;5.1767912390116555
Fidelity (MSE);Tolerancja_1.0;87;1;0.4740354386276731;0.6885023156298554;1.5251562406133479;12.353572421317228
Fidelity (MSE);Tolerancja_0.01;88;7;0.004920242742776456;0.07014444199490402;0.24358415467616013;1.215379119510266
Fidelity (MSE);Tolerancja_0.1;88;5;0.08261170692454342;0.28742252334245383;0.4770075059097536;4.980114224484798
Fidelity (MSE);Tolerancja_1.0;88;1;0.7414723384168665;0.8610878807745854;1.950379836162405;14.919902426949347
Fidelity (MSE);Tolerancja_0.01;89;16;0.0039007984649814674;0.06245637249297679;0.11844130824452881;1.313270337660566
Fidelity (MSE);Tolerancja_0.1;89;8;0.08948119151205589;0.2991340694605947;0.779670867998604;6.289893004120111
Fidelity (MSE);Tolerancja_1.0;89;1;0.5534110202039652;0.7439160034600446;1.8122886646485132;15.642324106558236
Fidelity (MSE);Tolerancja_0.01;90;14;0.008514731371532653;0.09227530206687298;0.7143616040423479;1.4828046236635823
Fidelity (MSE);Tolerancja_0.1;90;8;0.08603604989925498;0.2933190241004749;0.9387924398539056;4.713447644197053
Fidelity (MSE);Tolerancja_1.0;90;1;0.7368866834773291;0.8584210409101871;1.7207904954390933;13.79427279023445
Fidelity (MSE);Tolerancja_0.01;91;16;0.007697503524551257;0.08773541773167355;0.7348769564018274;1.6795270054998555
Fidelity (MSE);Tolerancja_0.1;91;8;0.08992707948984846;0.29987844118883983;1.3430434713438788;5.7406000149701395
Fidelity (MSE);Tolerancja_1.0;91;2;0.7711203164709591;0.8781345662658766;1.6322176368221237;16.810209110955235
Fidelity (MSE);Tolerancja_0.01;92;11;0.00976631397130223;0.09882466276847207;0.20170824758544104;1.7213666914966654
Fidelity (MSE);Tolerancja_0.1;92;8;0.05200449119221909;0.22804493239758494;0.5843255767046056;3.9721759710274056
Fidelity (MSE);Tolerancja_1.0;92;1;0.6732399966645537;0.820512033223495;1.833361133140948;14.292000037198472
Fidelity (MSE);Tolerancja_0.01;93;6;0.006997287980545183;0.08364979366708075;0.3167718068663534;1.3856986802735314
Fidelity (MSE);Tolerancja_0.1;93;4;0.08979294030660907;0.2996547017929288;0.7614852799536731;4.963922881445535
Fidelity (MSE);Tolerancja_1.0;93;1;0.8320848937201061;0.9121868743410563;1.8227357794614782;15.110810111115383
Fidelity (MSE);Tolerancja_0.01;94;67;0.009988298156706868;0.09994147365687013;1.3417583261937418;1.9768665418967841
Fidelity (MSE);Tolerancja_0.1;94;11;0.08684366598674283;0.2946924939436748;1.8450675166428754;5.829088866805245
Fidelity (MSE);Tolerancja_1.0;94;3;0.9247461412377921;0.9616372191412893;2.1805624478276897;19.02141697940033
Fidelity (MSE);Tolerancja_0.01;95;16;0.008748047841171265;0.09353099935941701;0.6925416571964744;1.7639303885656106
Fidelity (MSE);Tolerancja_0.1;95;9;0.09425090524823165;0.30700310299446754;0.8219837521076956;5.789867599670377
Fidelity (MSE);Tolerancja_1.0;95;1;0.8763197320472041;0.9361195073532034;2.040316918206777;17.65457075898474
Fidelity (MSE);Tolerancja_0.01;96;9;0.004576504660675436;0.06764986814972691;0.45181077128922453;1.2170718707568777
Fidelity (MSE);Tolerancja_0.1;96;6;0.047898047592007026;0.21885622584703188;0.4725606757132441;3.9373876624401385
Fidelity (MSE);Tolerancja_1.0;96;1;0.5852119343755947;0.7649914603285416;1.2971397280511079;13.762770175315598
Fidelity (MSE);Tolerancja_0.01;97;97;0.009978472880357416;0.09989230641224286;1.5374361350421948;1.777284142449301
Fidelity (MSE);Tolerancja_0.1;97;16;0.07854865286812297;0.28026532583986014;2.0830421579471663;4.986481313565115
Fidelity (MSE);Tolerancja_1.0;97;5;0.8996929220350411;0.9485214399448444;2.5039458957894247;16.87609561271014
Fidelity (MSE);Tolerancja_0.01;98;14;0.009860140070078361;0.09929823800087473;0.6721796888037836;1.7597858173765788
Fidelity (MSE);Tolerancja_0.1;98;10;0.05567000958053891;0.23594492912656315;0.9597754501242663;4.181469362580132
Fidelity (MSE);Tolerancja_1.0;98;1;0.9302864073240212;0.964513559948237;1.9612604025471212;17.093327310091343
Fidelity (MSE);Tolerancja_0.01;99;80;0.00995517866168731;0.09977564162503447;1.4926227438924817;1.7408415227334046
Fidelity (MSE);Tolerancja_0.1;99;18;0.09699908029048643;0.31144675353980883;1.917896548076282;5.4339860095330055
Fidelity (MSE);Tolerancja_1.0;99;3;0.9629704400178613;0.981310572661816;2.277861154030048;17.1214753798021
Fidelity (MSE);Tolerancja_0.01;100;3;0.008071155109668335;0.08983960768874903;0.39012850663080734;1.5252145127270562
Fidelity (MSE);Tolerancja_0.1;100;3;0.008071155109668335;0.08983960768874903;0.39012850663080734;1.5252145127270562
Fidelity (MSE);Tolerancja_1.0;100;1;0.7789883526563348;0.8826031682791167;1.3588997665740266;14.984027600632253
Fidelity (MSE);Tolerancja_0.01;101;30;0.009826750714402616;0.0991299688005732;0.8870275427156145;1.7294369836168937
Fidelity (MSE);Tolerancja_0.1;101;12;0.08858272946790252;0.297628509165205;1.023307118131552;5.192473652085814
Fidelity (MSE);Tolerancja_1.0;101;4;0.9034612555059183;0.9505057893068922;2.9865625029144858;16.58267308119844
Fidelity (MSE);Tolerancja_0.01;102;38;0.009821288768231;0.09910241555194808;1.0073661455973504;1.8834421654741516
Fidelity (MSE);Tolerancja_0.1;102;7;0.06211517844896383;0.24922916853563476;1.3055281168429786;4.736602254059295
Fidelity (MSE);Tolerancja_1.0;102;2;0.8582465372864261;0.9264159634237884;2.277641338730792;17.606542469856308
Fidelity (MSE);Tolerancja_0.01;103;25;0.009348329767997487;0.09668676107925783;0.895660038887315;1.725203166252052
Fidelity (MSE);Tolerancja_0.1;103;12;0.09309202245400136;0.3051098530922942;0.8257261906698483;5.444142287257233
Fidelity (MSE);Tolerancja_1.0;103;2;0.842400156631095;0.9178235977741557;2.1412980822469523;16.376928539811395
Fidelity (MSE);Tolerancja_0.01;104;13;0.006668158198859728;0.0816587913139775;0.21294942334738032;1.4137811502544304
Fidelity (MSE);Tolerancja_0.1;104;10;0.07989834596922323;0.282662954716785;0.5820461585947907;4.893821606019888
Fidelity (MSE);Tolerancja_1.0;104;4;0.9233900366415967;0.9609318584798803;2.4007968454848534;16.63687799362848
Fidelity (MSE);Tolerancja_0.01;105;33;0.009954669271731704;0.09977308891545708;0.9646888885911649;1.5839452153194884
Fidelity (MSE);Tolerancja_0.1;105;8;0.08334537927404229;0.2886959980222142;1.0261138380511365;4.58318620501613
Fidelity (MSE);Tolerancja_1.0;105;1;0.7164321423525563;0.8464231461583245;1.5866506539387988;13.437369806493418
Fidelity (MSE);Tolerancja_0.01;106;22;0.009544231087340118;0.0976945806446812;0.8356852149045935;1.7420719404618998
Fidelity (MSE);Tolerancja_0.1;106;6;0.07526411105700523;0.2743430535971436;1.1648664046390556;4.892035285666982
Fidelity (MSE);Tolerancja_1.0;106;1;0.353118897460076;0.5942380814623681;1.3818721730551724;10.596345066821923
Fidelity (MSE);Tolerancja_0.01;107;8;0.009398122729345811;0.09694391538072832;0.5538747964349016;1.7209393097134456
Fidelity (MSE);Tolerancja_0.1;107;5;0.04046084989038942;0.2011488252274654;0.417922810327096;3.5707751133955092
Fidelity (MSE);Tolerancja_1.0;107;4;0.28411671061110766;0.533025994310885;1.1079687846405806;9.462227547816276
Fidelity (MSE);Tolerancja_0.01;108;22;0.009594205667312698;0.09795001616800632;0.9245980080618192;1.8336991757431798
Fidelity (MSE);Tolerancja_0.1;108;10;0.09664291551772422;0.31087443689973004;1.382829140246391;5.819807091454643
Fidelity (MSE);Tolerancja_1.0;108;2;0.5669223857048785;0.752942484991303;2.01672919447725;14.095658868931823
Fidelity (MSE);Tolerancja_0.01;109;117;0.00998541656288472;0.09992705621044143;1.6763643622797675;1.7481811731719408
Fidelity (MSE);Tolerancja_0.1;109;16;0.09593855499488188;0.3097394953745516;1.9076125356547982;5.418760193047586
Fidelity (MSE);Tolerancja_1.0;109;5;0.9407350273500535;0.9699149588237381;2.5572330447136746;16.968247989039874
Fidelity (MSE);Tolerancja_0.01;110;17;0.00961743445913243;0.09806851920536187;0.774842783260028;1.7808857411425234
Fidelity (MSE);Tolerancja_0.1;110;11;0.07470820825592422;0.2733280231808005;0.8734393124844306;4.96352940863766
Fidelity (MSE);Tolerancja_1.0;110;3;0.8688154387261012;0.9321026975210946;2.2041489391601896;16.92661841686136
Fidelity (MSE);Tolerancja_0.01;111;7;0.0024272651611447907;0.0492672828674851;0.28761417264194566;0.9146952879899695
Fidelity (MSE);Tolerancja_0.1;111;4;0.09582825486476489;0.3095613911080723;0.6327689380789252;5.747309965353233
Fidelity (MSE);Tolerancja_1.0;111;1;0.5421604068142389;0.7363154261688661;1.5352360447287672;13.670415975699774
Fidelity (MSE);Tolerancja_0.01;112;30;0.00977772563135049;0.09888238281590149;0.8631173480029135;1.734718304363512
Fidelity (MSE);Tolerancja_0.1;112;13;0.099142253296731;0.3148686286322139;0.8776960772164353;5.523818884654763
Fidelity (MSE);Tolerancja_1.0;112;2;0.7530814105077966;0.8678026333837646;2.083749006834698;15.224078039345033
Fidelity (MSE);Tolerancja_0.01;113;40;0.009760564607450575;0.09879556977643571;1.0170122307442258;1.5568515912832754
Fidelity (MSE);Tolerancja_0.1;113;6;0.09020317193457286;0.30033842900064067;0.9715882545106433;4.732827212508188
Fidelity (MSE);Tolerancja_1.0;113;2;0.4644633952336473;0.6815155135678478;1.7626377981102603;10.739535327174279
Fidelity (MSE);Tolerancja_0.01;114;31;0.009865021747330624;0.09932281584475253;0.8586230317755739;1.7785098776098105
Fidelity (MSE);Tolerancja_0.1;114;9;0.0871378021630183;0.29519112819158083;0.9975467457744633;5.285797958971653
Fidelity (MSE);Tolerancja_1.0;114;2;0.5883937733482025;0.767068297707709;1.764554783470829;13.735399391081394
Fidelity (MSE);Tolerancja_0.01;115;36;0.00999475448858704;0.09997376900260908;0.952878002351353;2.0374542822816215
Fidelity (MSE);Tolerancja_0.1;115;6;0.09491699217485311;0.3080860142474064;1.024482700142459;6.2787586714178305
Fidelity (MSE);Tolerancja_1.0;115;1;0.640411022054612;0.8002568475524667;1.9965321370458038;16.309145461230056
Fidelity (MSE);Tolerancja_0.01;116;28;0.009905949955961044;0.09952863887324614;1.0429256185521196;1.9626166435927672
Fidelity (MSE);Tolerancja_0.1;116;12;0.0628915180759371;0.2507818136865931;1.5347202054560212;4.945195343005852
Fidelity (MSE);Tolerancja_1.0;116;1;0.8585515769694235;0.9265805830954065;2.4066765452438243;18.27134877559111
Fidelity (MSE);Tolerancja_0.01;117;11;0.009619570365883309;0.09807940847029671;0.4024537763588629;1.712040575591908
Fidelity (MSE);Tolerancja_0.1;117;7;0.09000874570366607;0.30001457581868596;0.6303924155056198;5.2369517218911446
Fidelity (MSE);Tolerancja_1.0;117;2;0.7728907672999467;0.8791420632070488;1.8772300289876749;15.34600287047898
Fidelity (MSE);Tolerancja_0.01;118;11;0.002599436431644251;0.05098466859404159;0.25280175441833475;0.8788156170677451
Fidelity (MSE);Tolerancja_0.1;118;10;0.032077168694164174;0.1791010013767767;0.3289508696598329;3.08713896515898
Fidelity (MSE);Tolerancja_1.0;118;2;0.9015395393526413;0.9494943598319272;2.104762589547169;16.366301767734857
Fidelity (MSE);Tolerancja_0.01;119;98;0.009881388095632595;0.0994051713726836;1.611825708482221;1.6465124864144225
Fidelity (MSE);Tolerancja_0.1;119;12;0.09497769923241746;0.30818452140303454;2.442056666398387;5.104660608725534
Fidelity (MSE);Tolerancja_1.0;119;4;0.5884470505311675;0.7671030247177804;2.0709940975589207;12.706026166674658
Fidelity (MSE);Tolerancja_0.01;120;20;0.009938283212779902;0.09969093846874902;0.6831548679753539;1.8405978180721205
Fidelity (MSE);Tolerancja_0.1;120;8;0.06473305709898995;0.2544269189747617;0.7772498219697193;4.697494467569487
Fidelity (MSE);Tolerancja_1.0;120;4;0.7211387734131735;0.8491989009726599;1.646058623262963;15.67879356185917
Fidelity (MSE);Tolerancja_0.01;121;24;0.009526427817453364;0.09760342113601021;0.7938226932252261;1.8513549429364573
Fidelity (MSE);Tolerancja_0.1;121;5;0.09793644096144184;0.31294798443422167;0.8958218535444136;5.936039855169993
Fidelity (MSE);Tolerancja_1.0;121;1;0.6913849080900766;0.8314955851296365;1.4744897533718833;15.77192114418256
Fidelity (MSE);Tolerancja_0.01;122;11;0.004892891530119904;0.06994920678692435;0.5557331355294197;1.220054475264749
Fidelity (MSE);Tolerancja_0.1;122;9;0.03717180494062544;0.19279990907836403;0.609969142647345;3.3628171455643403
Fidelity (MSE);Tolerancja_1.0;122;4;0.7530931496888488;0.8678093970964181;1.9935770836198863;15.136336596774763
Fidelity (MSE);Tolerancja_0.01;123;15;0.0038356245551236356;0.06193241925779774;0.5243848240016105;1.1935353499384211
Fidelity (MSE);Tolerancja_0.1;123;10;0.0844970458128352;0.29068375567416077;0.6150751658584346;5.601934208412043
Fidelity (MSE);Tolerancja_1.0;123;1;0.7557660135150949;0.8693480393462073;1.6432520413447511;16.75370716652111
Fidelity (MSE);Tolerancja_0.01;124;24;0.009570353440673892;0.09782818326368885;1.025895837547778;1.8257203398120931
Fidelity (MSE);Tolerancja_0.1;124;11;0.09156106209053848;0.30259058493373264;1.0422330917645812;5.647102574317224
Fidelity (MSE);Tolerancja_1.0;124;1;0.5744916419673579;0.75795226892421;2.0482732918002085;14.145298704481696
Fidelity (MSE);Tolerancja_0.01;125;14;0.009412649794071222;0.09701881154740674;0.6542559889217059;1.5711261903989435
Fidelity (MSE);Tolerancja_0.1;125;6;0.09310658518840215;0.3051337168986773;0.6535208394182797;4.941346596057152
Fidelity (MSE);Tolerancja_1.0;125;3;0.9684090270427222;0.9840777545716204;1.6047771594438935;15.936191228656451
Fidelity (MSE);Tolerancja_0.01;126;24;0.009570844748647377;0.09783069430729487;0.7464796870764054;1.739452117821674
Fidelity (MSE);Tolerancja_0.1;126;7;0.07870879925221437;0.2805508853171103;0.8758835115764594;4.988258900511599
Fidelity (MSE);Tolerancja_1.0;126;2;0.7558140268440082;0.8693756534686304;1.5813307060267086;15.457697937403363
Fidelity (MSE);Tolerancja_0.01;127;11;0.005945347873024303;0.07710608194574733;0.42856336544733775;1.4558937627328314
Fidelity (MSE);Tolerancja_0.1;127;8;0.04773967735718368;0.2184941128661907;0.44011807878863074;4.125539880752233
Fidelity (MSE);Tolerancja_1.0;127;1;0.6517803620131472;0.8073291534517673;1.707178302403019;15.243745361226093
Fidelity (MSE);Tolerancja_0.01;128;38;0.009666728138956079;0.09831952064039001;0.9344519281366095;1.7348136242738916
Fidelity (MSE);Tolerancja_0.1;128;14;0.07819262144463403;0.27962943594091455;1.0881699987118516;4.933963795375128
Fidelity (MSE);Tolerancja_1.0;128;1;0.8668482169728453;0.9310468393012488;2.204796561619559;16.42799650706824
Fidelity (MSE);Tolerancja_0.01;129;17;0.007716912554672651;0.0878459592392994;0.31464968315048303;1.5977916748667065
Fidelity (MSE);Tolerancja_0.1;129;12;0.06891886190250505;0.26252402157232213;0.5930329712348223;4.7749344392511555
Fidelity (MSE);Tolerancja_1.0;129;1;0.7933210274540649;0.8906857063263477;2.1903083159380397;16.200292179794978
Fidelity (MSE);Tolerancja_0.01;130;13;0.003237335317553763;0.056897586219045906;0.3543985541237058;0.9971995663548415
Fidelity (MSE);Tolerancja_0.1;130;9;0.08661327841742528;0.29430133947609766;0.6897314581955465;5.157989777868204
Fidelity (MSE);Tolerancja_1.0;130;1;0.9750755871005357;0.9874591571809619;2.3743417085666207;17.306425610799565
Fidelity (MSE);Tolerancja_0.01;131;14;0.007238456936822904;0.08507912162700614;0.24303468374027037;1.4407873503253195
Fidelity (MSE);Tolerancja_0.1;131;10;0.09633733387390488;0.31038256051831403;0.7117554742077159;5.256228066351114
Fidelity (MSE);Tolerancja_1.0;131;1;0.7865622641513199;0.8868834557884818;2.69137461843298;15.019083881882036
Fidelity (MSE);Tolerancja_0.01;132;5;0.0064779626089473625;0.08048579134820855;0.3459659206410146;1.6236394363723687
Fidelity (MSE);Tolerancja_0.1;132;5;0.0064779626089473625;0.08048579134820855;0.3459659206410146;1.6236394363723687
Fidelity (MSE);Tolerancja_1.0;132;2;0.9780253204831694;0.9889516269682604;1.8842951975297892;19.950115856642103
Fidelity (MSE);Tolerancja_0.01;133;37;0.009941504270607842;0.09970709237866603;1.0901789784102132;1.7591659664512211
Fidelity (MSE);Tolerancja_0.1;133;14;0.08759319908808663;0.2959614824400071;1.4171940773428933;5.221748572424642
Fidelity (MSE);Tolerancja_1.0;133;1;0.8670812067316165;0.9311719533639404;2.342129127895199;16.428981832612774
Fidelity (MSE);Tolerancja_0.01;134;49;0.00997049251193488;0.09985235356232161;1.145872580515717;1.9075190218416058
Fidelity (MSE);Tolerancja_0.1;134;10;0.08543003441644184;0.2922841672353154;1.377411229152849;5.583620104022056
Fidelity (MSE);Tolerancja_1.0;134;1;0.6783071633325675;0.823594052511653;2.001029421941544;15.733443082651618
Fidelity (MSE);Tolerancja_0.01;135;13;0.00922874699842074;0.09606636767579349;0.6419709143077288;1.7717135923909795
Fidelity (MSE);Tolerancja_0.1;135;8;0.053941861870948016;0.23225387374799158;0.9881896966807853;4.283365291726966
Fidelity (MSE);Tolerancja_1.0;135;1;0.6570853259417577;0.810607997704043;1.865469794209214;14.94971905755701
Fidelity (MSE);Tolerancja_0.01;136;64;0.009976432363013356;0.09988209230394283;1.273072933560206;1.6469572229295328
Fidelity (MSE);Tolerancja_0.1;136;9;0.09398616448183354;0.3065716302625433;1.3595977893607456;5.055063917461073
Fidelity (MSE);Tolerancja_1.0;136;4;0.7078249602577227;0.8413233387097512;2.656162602241981;13.872592349094365
Fidelity (MSE);Tolerancja_0.01;137;9;0.006658947134293173;0.0816023721119256;0.35946607579894074;1.313865423436774
Fidelity (MSE);Tolerancja_0.1;137;6;0.06116924088145511;0.247324161539982;0.5044945798355807;3.9821227718989842
Fidelity (MSE);Tolerancja_1.0;137;1;0.33005269935352344;0.5745021317223492;1.4106679070006898;9.249957654728547
Fidelity (MSE);Tolerancja_0.01;138;11;0.0006756862887357757;0.02599396639098727;0.04751470972896943;0.46180289590060714
Fidelity (MSE);Tolerancja_0.1;138;10;0.02994121285538613;0.17303529366977746;0.27684833594364733;3.0741056792864563
Fidelity (MSE);Tolerancja_1.0;138;2;0.9890346432433427;0.994502208767453;2.706732379702405;17.66810009216592
Fidelity (MSE);Tolerancja_0.01;139;6;0.0045659394944145395;0.06757173591387555;0.2980396372667471;1.2286043257931212
Fidelity (MSE);Tolerancja_0.1;139;4;0.08553526185658542;0.29246412063120736;0.5091860681706182;5.317647665656571
Fidelity (MSE);Tolerancja_1.0;139;1;0.6731420240151045;0.8204523289107689;1.5290968007102848;14.91764665764374
Fidelity (MSE);Tolerancja_0.01;140;47;0.009980802300020108;0.09990396538686594;1.196639533991271;1.5766038440395456
Fidelity (MSE);Tolerancja_0.1;140;10;0.08505781746690443;0.2916467340240662;1.8570329911428258;4.6025336450195775
Fidelity (MSE);Tolerancja_1.0;140;4;0.7676037315794306;0.876129974135933;2.883378584260016;13.826376958632478
Fidelity (MSE);Tolerancja_0.01;141;13;0.005052900808385957;0.07108375910421422;0.47572467781059125;1.3361020026269286
Fidelity (MSE);Tolerancja_0.1;141;9;0.09998826219659597;0.3162092063754564;0.6954189874433885;5.943520140344854
Fidelity (MSE);Tolerancja_1.0;141;1;0.7050300500039769;0.839660675513613;1.8999884157973348;15.782399864870225
Fidelity (MSE);Tolerancja_0.01;142;12;0.009119879029641157;0.09549805772706142;0.6184790997853495;1.6299301227142804
Fidelity (MSE);Tolerancja_0.1;142;3;0.09058070652077008;0.300966288013741;0.9230067570925993;5.136795767691192
Fidelity (MSE);Tolerancja_1.0;142;1;0.3443057245390529;0.5867757020694133;0.9017095018089503;10.014898887401554
Fidelity (MSE);Tolerancja_0.01;143;16;0.006973921286600581;0.08351000710454155;0.22202098502839895;1.5150128954762472
Fidelity (MSE);Tolerancja_0.1;143;10;0.09812949440625304;0.31325627592476585;0.8333918535564617;5.682999128724491
Fidelity (MSE);Tolerancja_1.0;143;1;0.46792708489734;0.684051960670635;2.181179108703536;12.409860536767487
Fidelity (MSE);Tolerancja_0.01;144;85;0.009972808986381424;0.0998639523871423;1.4290000980297348;1.7887064413418405
Fidelity (MSE);Tolerancja_0.1;144;10;0.08622880565263356;0.293647417241551;1.5574892841764711;5.259645889711293
Fidelity (MSE);Tolerancja_1.0;144;2;0.7755457406591607;0.8806507484009541;2.086431288154714;15.773716427030909
Fidelity (MSE);Tolerancja_0.01;145;66;0.009972315072113604;0.09986147942081373;1.3271106663322714;1.8437248343000157
Fidelity (MSE);Tolerancja_0.1;145;11;0.09905581478260346;0.3147313374651521;1.960598490018504;5.81082902418943
Fidelity (MSE);Tolerancja_1.0;145;1;0.6769869107444068;0.8227921430983689;2.0957528384024515;15.191065829345327
Fidelity (MSE);Tolerancja_0.01;146;13;0.004861114151397238;0.06972169068085798;0.17147090545244037;1.2812035799837314
Fidelity (MSE);Tolerancja_0.1;146;10;0.0835011732863082;0.28896569569121555;0.7054032351420227;5.310024472968202
Fidelity (MSE);Tolerancja_1.0;146;4;0.7921671446666398;0.8900377209234673;2.431870817631422;16.35530497370428
Fidelity (MSE);Tolerancja_0.01;147;16;0.00925188464485313;0.0961867176113892;0.6498863939716601;1.6215213365381311
Fidelity (MSE);Tolerancja_0.1;147;8;0.06946033963607917;0.26355329562742935;0.7273762023247663;4.442996941650665
Fidelity (MSE);Tolerancja_1.0;147;2;0.6510317287467604;0.8068653721326504;2.0340681653904937;13.60218384738761
Fidelity (MSE);Tolerancja_0.01;148;11;0.005009147641488256;0.07077533215385326;0.21572584420862295;1.2887273885218502
Fidelity (MSE);Tolerancja_0.1;148;9;0.0913941793709446;0.30231470253850473;0.6313697486913243;5.504760278161348
Fidelity (MSE);Tolerancja_1.0;148;2;0.7799183960963857;0.8831298863113997;1.7016110630057986;16.080654621833883
Fidelity (MSE);Tolerancja_0.01;149;244;0.009966950625712234;0.09983461636983554;2.3401197229543875;1.733455610665577
Fidelity (MSE);Tolerancja_0.1;149;26;0.09830701017500454;0.313539487425435;2.510643268694718;5.444071439403527
Fidelity (MSE);Tolerancja_1.0;149;4;0.832758895818764;0.9125562425509804;2.5656884162968607;15.84496236092964
Fidelity (MSE);Tolerancja_0.01;150;12;0.00901994627595893;0.09497339772777917;0.5877131462322196;1.8468333587906653
Fidelity (MSE);Tolerancja_0.1;150;5;0.08578653808304385;0.2928933903027582;0.6685465781812545;5.695545244478609
Fidelity (MSE);Tolerancja_1.0;150;1;0.3825160202119122;0.6184787952807373;1.4061584354827108;12.026812751325137
Fidelity (MSE);Tolerancja_0.01;151;9;0.004179397571369544;0.06464826038935266;0.48987638688840995;1.0137381022506342
Fidelity (MSE);Tolerancja_0.1;151;4;0.09522552225976917;0.3085863286987438;0.7376689341274796;4.8388884302767154
Fidelity (MSE);Tolerancja_1.0;151;1;0.26942552867258035;0.5190621626285048;1.1802962927321303;8.139323293837505
Fidelity (MSE);Tolerancja_0.01;152;22;0.009768660425587283;0.09883653386064933;0.7489294377463853;1.5608541539623095
Fidelity (MSE);Tolerancja_0.1;152;7;0.07687304107645439;0.27725988003397534;1.0098559983936894;4.378565481548331
Fidelity (MSE);Tolerancja_1.0;152;1;0.7023248828205616;0.8380482580499536;1.884912697360579;13.2346922104979
Fidelity (MSE);Tolerancja_0.01;153;12;0.009620953569971981;0.0980864596668265;0.7922651988864198;1.8638258595925459
Fidelity (MSE);Tolerancja_0.1;153;6;0.09705654340239656;0.3115389917849715;1.3991637441323483;5.91982248245627
Fidelity (MSE);Tolerancja_1.0;153;2;0.7699479272505924;0.8774667670348504;1.6874601319756093;16.673506790721092
Fidelity (MSE);Tolerancja_0.01;154;18;0.009897666864535928;0.09948701857295719;0.7158939983498236;1.6128501385332086
Fidelity (MSE);Tolerancja_0.1;154;10;0.08294227983801404;0.28799701359217955;0.7802536725298923;4.668910878344057
Fidelity (MSE);Tolerancja_1.0;154;1;0.6355845736451493;0.7972355822748689;1.5808764882464992;12.924515557501499
Fidelity (MSE);Tolerancja_0.01;155;9;0.006815593752725089;0.08255660938244187;0.4141789140076737;1.5120350722806997
Fidelity (MSE);Tolerancja_0.1;155;6;0.07675209204633086;0.2770416792584301;0.5861110756885721;5.074054502187171
Fidelity (MSE);Tolerancja_1.0;155;1;0.789298994723843;0.8884250079347401;1.7277142019397829;16.271619936153595
Fidelity (MSE);Tolerancja_0.01;156;13;0.008144863473685994;0.09024889735440535;0.6641936517622984;1.5138946118395336
Fidelity (MSE);Tolerancja_0.1;156;8;0.09689685323851109;0.3112825938572716;0.7348937271934668;5.221659825375739
Fidelity (MSE);Tolerancja_1.0;156;2;0.571629720533583;0.7560619819390358;1.8957107226956138;12.682683049072772
Fidelity (MSE);Tolerancja_0.01;157;16;0.00888376072265704;0.0942537040261922;0.8604829203184652;1.7803144752931714
Fidelity (MSE);Tolerancja_0.1;157;10;0.08829755522647514;0.29714904547461557;0.931211496098654;5.612710422828558
Fidelity (MSE);Tolerancja_1.0;157;2;0.8087584106370697;0.8993099636038009;1.8060412433843522;16.98664856220721
Fidelity (MSE);Tolerancja_0.01;158;23;0.00946727685146966;0.09729993243301693;1.0467964349942012;1.714199764228358
Fidelity (MSE);Tolerancja_0.1;158;16;0.07902485971740887;0.28111360642524735;0.8474762266684239;4.9525715568947675
Fidelity (MSE);Tolerancja_1.0;158;2;0.9081190712372925;0.9529528168998151;2.662363347365174;16.78882454697468
Fidelity (MSE);Tolerancja_0.01;159;12;0.009304491177355698;0.0964597904691675;0.6353921935020788;1.4284800275150953
Fidelity (MSE);Tolerancja_0.1;159;8;0.09164346029072912;0.3027267089153666;0.6806067919346788;4.483101770983033
Fidelity (MSE);Tolerancja_1.0;159;4;0.7442345836177553;0.8626903173316339;1.8702502366992118;12.775643428676156
Fidelity (MSE);Tolerancja_0.01;160;18;0.004193274737324677;0.06475549966855848;0.2194486878910764;1.0817616285936358
Fidelity (MSE);Tolerancja_0.1;160;10;0.07223728546868646;0.2687699489687909;0.6691308528047717;4.489889186272105
Fidelity (MSE);Tolerancja_1.0;160;2;0.668567980138965;0.8176600639256909;1.994928846679942;13.659276616125013
Fidelity (MSE);Tolerancja_0.01;161;13;0.0044199181678716;0.06648246511578523;0.21738864515598078;1.2728644173574852
Fidelity (MSE);Tolerancja_0.1;161;7;0.09670343120458968;0.3109717530654347;0.7437799775234026;5.953823742710283
Fidelity (MSE);Tolerancja_1.0;161;1;0.4884776871785587;0.698911787837749;1.6879539262746137;13.381271949844534
Fidelity (MSE);Tolerancja_0.01;162;50;0.00995351777666612;0.09976731817918191;1.1552858183440664;1.5272631601273745
Fidelity (MSE);Tolerancja_0.1;162;13;0.09533323310858341;0.30876080241601817;1.3488461218828744;4.726587898999478
Fidelity (MSE);Tolerancja_1.0;162;2;0.6337537809506046;0.796086541118869;2.437671814679364;12.186692683674629
Fidelity (MSE);Tolerancja_0.01;163;33;0.00986328077646022;0.09931405125388965;0.9719343436196306;1.8639605000561028
Fidelity (MSE);Tolerancja_0.1;163;12;0.08808352718068181;0.2967886911266698;0.9068113299002114;5.570232914064085
Fidelity (MSE);Tolerancja_1.0;163;2;0.9473092853285738;0.9732981482200477;2.4362542901096793;18.267196636879373
Fidelity (MSE);Tolerancja_0.01;164;6;0.005986141572841543;0.07737015944691818;0.14453050945531043;1.3891507606732225
Fidelity (MSE);Tolerancja_0.1;164;2;0.08162673347375264;0.2857039262484026;0.5196350848370406;5.129701545304279
Fidelity (MSE);Tolerancja_1.0;164;1;0.1255372455607831;0.3543123559245191;0.6265103463940296;6.361538896480487
Fidelity (MSE);Tolerancja_0.01;165;8;0.00968384508889811;0.09840652970661098;0.5165604229539875;1.8454750038045742
Fidelity (MSE);Tolerancja_0.1;165;6;0.086452851647102;0.2940286578670555;0.5914238291494405;5.514090783544871
Fidelity (MSE);Tolerancja_1.0;165;2;0.9365146674869782;0.9677368792636655;1.5245344872272728;18.14853370264677
Fidelity (MSE);Tolerancja_0.01;166;10;0.0077437855299472575;0.08799878141171762;0.24472685157439766;1.525826610910487
Fidelity (MSE);Tolerancja_0.1;166;6;0.04806443221167806;0.21923601942125764;0.5504622127301833;3.8013725546715387
Fidelity (MSE);Tolerancja_1.0;166;2;0.6097121567559789;0.7808406730927756;1.6694117981667258;13.539136096804711
Fidelity (MSE);Tolerancja_0.01;167;64;0.009937638098657981;0.09968770284572707;1.3348195545321575;1.7970866046751077
Fidelity (MSE);Tolerancja_0.1;167;10;0.09616030828119869;0.310097256165221;1.7765975044441547;5.590174206977531
Fidelity (MSE);Tolerancja_1.0;167;2;0.862186097763645;0.9285397663878726;2.0457824475779027;16.738938990962254
Fidelity (MSE);Tolerancja_0.01;168;94;0.009972511424871837;0.09986246254159686;1.5156759773891881;1.6024535822158121
Fidelity (MSE);Tolerancja_0.1;168;12;0.088010718736003;0.2966660053595676;1.7533415280624638;4.760482476707134
Fidelity (MSE);Tolerancja_1.0;168;2;0.9211786689189335;0.9597805316419653;2.069823728794031;15.401219957198848
Fidelity (MSE);Tolerancja_0.01;169;25;0.009489307050755482;0.09741307433171115;0.8093345397078382;1.7510250817232282
Fidelity (MSE);Tolerancja_0.1;169;16;0.07848273028396983;0.28014769369739567;0.7994351789379648;5.035726894119463
Fidelity (MSE);Tolerancja_1.0;169;1;0.9628520639566596;0.9812502555192837;2.2028173965064424;17.6382258813719
Fidelity (MSE);Tolerancja_0.01;170;8;0.0048641501846181144;0.06974345979816397;0.2059156418404653;1.2649338540196402
Fidelity (MSE);Tolerancja_0.1;170;6;0.060656678442746706;0.2462857658143213;0.4807532735156199;4.466873364803868
Fidelity (MSE);Tolerancja_1.0;170;2;0.6159794693114327;0.7848435954452534;1.9750331778455044;14.23467142098005
Fidelity (MSE);Tolerancja_0.01;171;30;0.009565956498048006;0.09780570790116498;0.8865056196228025;1.7177455434587245
Fidelity (MSE);Tolerancja_0.1;171;6;0.09897854333487358;0.31460855572421037;1.3224548879931195;5.525418261635128
Fidelity (MSE);Tolerancja_1.0;171;1;0.6783911951423405;0.8236450662405138;1.5137197331207926;14.465542679330238
Fidelity (MSE);Tolerancja_0.01;172;18;0.008530542559207072;0.09236093632703749;0.8535111608928743;1.6290016417102284
Fidelity (MSE);Tolerancja_0.1;172;10;0.0645857213757063;0.25413720974250564;0.7845696122446766;4.482305489241863
Fidelity (MSE);Tolerancja_1.0;172;1;0.9228513649230928;0.9606515314738705;1.9310953271157487;16.943341894470105
Fidelity (MSE);Tolerancja_0.01;173;11;0.007311764758714565;0.08550885777926498;0.1904926106851228;1.529889901650248
Fidelity (MSE);Tolerancja_0.1;173;6;0.09569657213315481;0.30934862555562587;0.6997188721089369;5.534740500787029
Fidelity (MSE);Tolerancja_1.0;173;1;0.5224155644392444;0.7227832070816562;1.5792070136533098;12.931744831057093
Fidelity (MSE);Tolerancja_0.01;174;54;0.009802758397687296;0.09900888039811023;1.195132975933893;1.6310761985524453
Fidelity (MSE);Tolerancja_0.1;174;10;0.09938429829904878;0.31525275303960276;1.7835163404776484;5.193486280659353
Fidelity (MSE);Tolerancja_1.0;174;2;0.778719217933556;0.8824506886696594;1.92322826376465;14.537527430850213
Fidelity (MSE);Tolerancja_0.01;175;18;0.009964566160929791;0.09982267358135521;0.7140230839718873;1.8116857141125569
Fidelity (MSE);Tolerancja_0.1;175;6;0.059565506962476616;0.24406045759704012;0.7466467561510024;4.429463052279111
Fidelity (MSE);Tolerancja_1.0;175;1;0.5926545775226126;0.769840618259788;1.8400364679967525;13.97186831615116
Fidelity (MSE);Tolerancja_0.01;176;36;0.009978126145082441;0.09989057085171973;1.0035825644934802;1.7964561163626702
Fidelity (MSE);Tolerancja_0.1;176;12;0.09742476623662719;0.31212940623502167;1.141386619176913;5.613410516593316
Fidelity (MSE);Tolerancja_1.0;176;3;0.9259475242893619;0.9622616714227799;2.4164007514680907;17.305545963241013
Fidelity (MSE);Tolerancja_0.01;177;34;0.009701936576382707;0.09849840900432202;1.0846846198448814;1.7723197367140615
Fidelity (MSE);Tolerancja_0.1;177;10;0.09815159614010605;0.3132915513385352;1.2327505732093202;5.637175314767659
Fidelity (MSE);Tolerancja_1.0;177;2;0.9120336540976463;0.9550045309304277;2.033375897925782;17.18376363566525
Fidelity (MSE);Tolerancja_0.01;178;24;0.00965146093878515;0.09824184922315514;1.018297500626164;1.7707628035439755
Fidelity (MSE);Tolerancja_0.1;178;12;0.09374365736283889;0.30617586018959575;1.572565144190758;5.518674870780335
Fidelity (MSE);Tolerancja_1.0;178;2;0.7471052672939251;0.8643525133265507;1.771265075884381;15.579544683363492
Fidelity (MSE);Tolerancja_0.01;179;36;0.009732625959101349;0.09865407218711932;0.9385976154654623;1.755725041782261
Fidelity (MSE);Tolerancja_0.1;179;8;0.08970968014455066;0.29951574273241577;1.0456406046655085;5.330416456868519
Fidelity (MSE);Tolerancja_1.0;179;1;0.9746874320737857;0.9872625952976167;1.8871464617810028;17.570097442011996
Fidelity (MSE);Tolerancja_0.01;180;32;0.009794616042353092;0.0989677525376478;0.9008352770803114;1.8594424526195787
Fidelity (MSE);Tolerancja_0.1;180;4;0.0667477829640311;0.25835592302873783;0.9268753945222601;4.8540858900742005
Fidelity (MSE);Tolerancja_1.0;180;1;0.29500013075891046;0.5431391449333315;1.3185906107501326;10.204697569386052
Fidelity (MSE);Tolerancja_0.01;181;24;0.00968170421503325;0.09839565140306379;0.9797538026976742;1.821959797624902
Fidelity (MSE);Tolerancja_0.1;181;11;0.08177511385792093;0.285963483434373;1.5913730765278231;5.295091429111461
Fidelity (MSE);Tolerancja_1.0;181;1;0.6605618649315463;0.8127495708590354;1.7727749830710726;15.049415523214332
Fidelity (MSE);Tolerancja_0.01;182;13;0.004319408087443157;0.06572220391498719;0.6002468959921154;1.2094589540649239
Fidelity (MSE);Tolerancja_0.1;182;10;0.056831754698160104;0.23839411632454377;0.538240751810461;4.3870698395639875
Fidelity (MSE);Tolerancja_1.0;182;2;0.7067562318930656;0.8406879515569767;1.93829258623758;15.470838012375603
Fidelity (MSE);Tolerancja_0.01;183;15;0.007504535085696196;0.08662871975099365;0.6848036027025497;1.5627439506618257
Fidelity (MSE);Tolerancja_0.1;183;10;0.0848592471135564;0.2913061055205613;0.811014044729335;5.25503384445308
Fidelity (MSE);Tolerancja_1.0;183;2;0.9473179625939109;0.973302605870297;1.6952036648000885;17.5579503409405
Fidelity (MSE);Tolerancja_0.01;184;9;0.009304486656530454;0.09645976703543532;0.5653927735617517;1.7601107555491415
Fidelity (MSE);Tolerancja_0.1;184;4;0.051079558703639304;0.2260078731010035;0.6373663740610942;4.12398765319148
Fidelity (MSE);Tolerancja_1.0;184;2;0.44161364852731977;0.6645401782641286;1.2600985994370806;12.125929298870798
Fidelity (MSE);Tolerancja_0.01;185;25;0.009657323974965406;0.09827168450253311;0.9799966837425016;1.708135215043747
Fidelity (MSE);Tolerancja_0.1;185;13;0.09052733734995971;0.3008776119121523;1.414701754592496;5.229783603761931
Fidelity (MSE);Tolerancja_1.0;185;2;0.7403682968733829;0.8604465682849708;2.259864802832995;14.9560790719245
Fidelity (MSE);Tolerancja_0.01;186;20;0.009784713943712268;0.09891771299273082;0.7057371263624894;1.8134704687879317
Fidelity (MSE);Tolerancja_0.1;186;8;0.0671416678616699;0.2591170929554241;0.7765560153816011;4.7504251950039595
Fidelity (MSE);Tolerancja_1.0;186;1;0.7377715556397375;0.8589362931205885;2.006106162965577;15.746983578753277
Fidelity (MSE);Tolerancja_0.01;187;8;0.007611706108137909;0.08724509217221281;0.606586150568897;1.520460478381744
Fidelity (MSE);Tolerancja_0.1;187;3;0.08664345430119458;0.2943526019949451;0.8812644092223705;5.129818616716284
Fidelity (MSE);Tolerancja_1.0;187;1;0.44990746808460097;0.6707514204864579;1.2975410614731953;11.689494506521848
Fidelity (MSE);Tolerancja_0.01;188;142;0.00996426113835196;0.0998211457475417;1.8371919525449338;1.5579321434307503
Fidelity (MSE);Tolerancja_0.1;188;14;0.09951824912459381;0.31546513139266885;2.069475240461444;4.923538641514214
Fidelity (MSE);Tolerancja_1.0;188;3;0.8533244074435046;0.9237555994111779;2.301584925622581;14.417271312799535
Fidelity (MSE);Tolerancja_0.01;189;128;0.009904220011784915;0.09951994780839124;1.7611355516219844;1.6862000983602532
Fidelity (MSE);Tolerancja_0.1;189;12;0.09885113378480985;0.3144060015088927;2.1377974211095316;5.327087105090382
Fidelity (MSE);Tolerancja_1.0;189;2;0.6625095534837434;0.8139468984422408;2.694522542965806;13.790977290862344
Fidelity (MSE);Tolerancja_0.01;190;8;0.007842604269183297;0.08855847937483624;0.3319337185646116;1.6743549663580868
Fidelity (MSE);Tolerancja_0.1;190;6;0.045295263143980094;0.21282683840150446;0.4354152666005122;4.023868480663012
Fidelity (MSE);Tolerancja_1.0;190;2;0.8774813680314794;0.9367397546978986;2.0744162071921233;17.710724840078395
Fidelity (MSE);Tolerancja_0.01;191;11;0.008508806879249297;0.09224319421642606;0.5176119079347732;1.497115379591377
Fidelity (MSE);Tolerancja_0.1;191;6;0.08031442543211799;0.28339799828530543;0.6289251446168453;4.599575127275771
Fidelity (MSE);Tolerancja_1.0;191;1;0.5310159273245952;0.7287083966337943;1.4563466568296617;11.827003142130518
Fidelity (MSE);Tolerancja_0.01;192;28;0.009811908382159996;0.09905507751831803;0.837924777084492;1.7536751698443556
Fidelity (MSE);Tolerancja_0.1;192;13;0.09562843755448053;0.30923848006753707;0.8572021647683759;5.474770780473736
Fidelity (MSE);Tolerancja_1.0;192;4;0.8521498033379825;0.9231196040264676;2.5494801338694466;16.342947468577766
Fidelity (MSE);Tolerancja_0.01;193;9;0.00483896447661956;0.0695626658245611;0.32671788786234135;1.222184021729464
Fidelity (MSE);Tolerancja_0.1;193;6;0.046934444881184506;0.2166435895224793;0.6501830746611077;3.8063281558568924
Fidelity (MSE);Tolerancja_1.0;193;2;0.578779388755691;0.7607755179786552;1.6749752412981538;13.366475697487914
Fidelity (MSE);Tolerancja_0.01;194;18;0.009286610657565647;0.09636706209886056;0.6598019898766712;1.7388607264574019
Fidelity (MSE);Tolerancja_0.1;194;10;0.06954992579745313;0.2637231992022187;0.657039642744464;4.758658236130479
Fidelity (MSE);Tolerancja_1.0;194;1;0.9092739682170519;0.9535585814290866;2.147934292562023;17.206144210585794
Fidelity (MSE);Tolerancja_0.01;195;11;0.008055214283522918;0.08975084558667355;0.4344777369975832;1.7098431940680867
Fidelity (MSE);Tolerancja_0.1;195;8;0.06901753397213922;0.2627118839568154;0.5988723458675409;5.0049236176897205
Fidelity (MSE);Tolerancja_1.0;195;1;0.5058180693258996;0.7112088788294896;1.7129344810405014;13.549239041464368
Fidelity (MSE);Tolerancja_0.01;196;15;0.008966059502405355;0.09468927870886627;0.4412392632815276;1.7031370735267184
Fidelity (MSE);Tolerancja_0.1;196;6;0.09758831560170803;0.3123912860527771;0.8142447906171242;5.618853453927055
Fidelity (MSE);Tolerancja_1.0;196;1;0.591366153463725;0.7690033507493482;1.841238080724806;13.831746679097359
Fidelity (MSE);Tolerancja_0.01;197;94;0.009998717906681548;0.09999358932792415;1.5036941376545476;1.9471642754155392
Fidelity (MSE);Tolerancja_0.1;197;12;0.09635916802343174;0.31041773149005475;1.7427865261283602;6.04473067999144
Fidelity (MSE);Tolerancja_1.0;197;1;0.4645763124012268;0.6815983512313002;1.7452344189448121;13.272690465658602
Fidelity (MSE);Tolerancja_0.01;198;52;0.00991726314652837;0.09958545650107936;1.1291511900554587;1.7369318194804912
Fidelity (MSE);Tolerancja_0.1;198;12;0.08523487923249284;0.29195013141372766;1.3390081570222958;5.092083631192858
Fidelity (MSE);Tolerancja_1.0;198;1;0.6695314414096478;0.8182490094156227;2.422272145414694;14.2715893529793
Fidelity (MSE);Tolerancja_0.01;199;16;0.008542025415093692;0.09242307836841236;0.7309118762156093;1.6206266420639603
Fidelity (MSE);Tolerancja_0.1;199;8;0.08543801361491188;0.2922978166441068;0.6216452411897349;5.1254041461625395
Fidelity (MSE);Tolerancja_1.0;199;1;0.7437128465419616;0.8623878747651555;1.8517835034194485;15.121859067128767
Fidelity (MSE);Tolerancja_0.01;200;27;0.00995650838283363;0.09978230495851272;0.8350159904193353;1.720950457051694
Fidelity (MSE);Tolerancja_0.1;200;7;0.09654407799839801;0.3107154292892421;1.0559829080515346;5.35892471386246
Fidelity (MSE);Tolerancja_1.0;200;1;0.5458344775202691;0.7388061163257037;1.47645298338512;12.742226430747888
Fidelity (MSE);Tolerancja_0.01;201;11;0.009961687994895935;0.09980825614595185;0.5093193799630953;1.8627714815035425
Fidelity (MSE);Tolerancja_0.1;201;6;0.07772106887570612;0.2787849868190648;0.6581037300425949;5.203103861052258
Fidelity (MSE);Tolerancja_1.0;201;1;0.6356377159481013;0.7972689106870412;2.048642372545002;14.879829056881594
Fidelity (MSE);Tolerancja_0.01;202;16;0.006301760328206001;0.07938362758280829;0.4920156512839906;1.3885972281912966
Fidelity (MSE);Tolerancja_0.1;202;8;0.05535065493781717;0.23526719902659013;0.5449981420821066;4.115349605456971
Fidelity (MSE);Tolerancja_1.0;202;1;0.655242726689143;0.8094706459712686;2.1771518531158622;14.1594523899201
Fidelity (MSE);Tolerancja_0.01;203;16;0.009363986180388176;0.09676769182112477;0.4236817967371431;1.7292239385130057
Fidelity (MSE);Tolerancja_0.1;203;11;0.08844843246240464;0.29740281179303707;0.9218551494097671;5.31454302417627
Fidelity (MSE);Tolerancja_1.0;203;1;0.9655680914358631;0.9826332436040738;2.3606835606376726;17.55950664566648
Fidelity (MSE);Tolerancja_0.01;204;10;0.009292840254158562;0.09639937890961;0.5191581360548252;1.6672533770121578
Fidelity (MSE);Tolerancja_0.1;204;2;0.0929223334130872;0.30483164765668147;0.7173293734976065;5.272145938329452
Fidelity (MSE);Tolerancja_1.0;204;1;0.22444962169255658;0.4737611441354774;1.0129755584147642;8.193827350253557
Fidelity (MSE);Tolerancja_0.01;205;18;0.004476139839138594;0.06690395981658032;0.3894031134237057;1.1453319164185687
Fidelity (MSE);Tolerancja_0.1;205;10;0.07227325062995144;0.2688368476045489;0.7719751133128963;4.602230162683708
Fidelity (MSE);Tolerancja_1.0;205;1;0.6835579562961351;0.8267756384268559;2.32186932688841;14.153609577126183
Fidelity (MSE);Tolerancja_0.01;206;30;0.00983785005640259;0.09918593678744275;1.0767893501655932;1.9441390651481982
Fidelity (MSE);Tolerancja_0.1;206;14;0.06211557796111406;0.24922997002991848;1.7048563562123116;4.885145380834102
Fidelity (MSE);Tolerancja_1.0;206;1;0.9146575775577028;0.956377319658775;2.22084449190716;18.745908627701215
Fidelity (MSE);Tolerancja_0.01;207;16;0.007990653604478865;0.08939045589143656;0.3976364183202117;1.59502058069981
Fidelity (MSE);Tolerancja_0.1;207;10;0.08444939284327745;0.290601777082105;0.7191310687532599;5.185294230928067
Fidelity (MSE);Tolerancja_1.0;207;1;0.561831846372564;0.7495544318944182;2.177263793766132;13.374523413084896
Fidelity (MSE);Tolerancja_0.01;208;12;0.006887158396401546;0.08298890526089343;0.3184230910907999;1.4885815789052257
Fidelity (MSE);Tolerancja_0.1;208;8;0.07601342259192237;0.27570531839614987;0.5869432130653944;4.945358140109179
Fidelity (MSE);Tolerancja_1.0;208;1;0.6644505817458752;0.8151383819609253;2.096600441895216;14.621231305932545
Fidelity (MSE);Tolerancja_0.01;209;35;0.009901410491606788;0.09950583144523133;0.9891333412261805;1.538876512380197
Fidelity (MSE);Tolerancja_0.1;209;12;0.06568196197977053;0.2562849234343888;1.2812938422846445;3.9634948366560145
Fidelity (MSE);Tolerancja_1.0;209;1;0.7656585539138473;0.8750191734549863;1.947486368551698;13.532337093764802
Fidelity (MSE);Tolerancja_0.01;210;36;0.009730984321996672;0.09864575166724958;0.9623161020267856;1.7409968688184105
Fidelity (MSE);Tolerancja_0.1;210;8;0.07504579963786111;0.273944884306791;0.9518228184495676;4.834847702471187
Fidelity (MSE);Tolerancja_1.0;210;1;0.567552309644669;0.7533606769965293;1.7003618905600506;13.296047296249927
Fidelity (MSE);Tolerancja_0.01;211;21;0.009868401318025225;0.09933982745115488;0.7409638763165569;1.8880307817804285
Fidelity (MSE);Tolerancja_0.1;211;8;0.08405275887671179;0.28991853834605297;0.9584287609902189;5.510127595855553
Fidelity (MSE);Tolerancja_1.0;211;4;0.638769046506314;0.7992302837770313;1.8560591999970097;15.189993945218994
Fidelity (MSE);Tolerancja_0.01;212;13;0.00948621117607627;0.09739718258797977;0.5663224040453834;1.683200167528967
Fidelity (MSE);Tolerancja_0.1;212;8;0.07642987404111788;0.2764595341837895;0.6299798451153533;4.7777227419570565
Fidelity (MSE);Tolerancja_1.0;212;1;0.4260365262435779;0.6527147357334426;1.5995772783849285;11.280095823539208
Fidelity (MSE);Tolerancja_0.01;213;50;0.009734587407436138;0.09866401272721548;1.0792752066995792;1.7945815314393734
Fidelity (MSE);Tolerancja_0.1;213;12;0.07347925182979145;0.27107056614430025;1.198959238382649;4.93045253555952
Fidelity (MSE);Tolerancja_1.0;213;1;0.4873284367602717;0.6980891323894619;1.8227391676508544;12.697414484329988
Fidelity (MSE);Tolerancja_0.01;214;12;0.00976219456810631;0.09880381859071193;0.6864768493036548;1.9229464272080097
Fidelity (MSE);Tolerancja_0.1;214;4;0.09824858934617604;0.31344631014924396;1.241435084608434;6.100376188088778
Fidelity (MSE);Tolerancja_1.0;214;1;0.3538660359708062;0.5948664017834645;1.3497427064927123;11.577449518566782
Fidelity (MSE);Tolerancja_0.01;215;10;0.00971698178342796;0.09857475226156015;0.6404593420278992;1.8593014111484494
Fidelity (MSE);Tolerancja_0.1;215;8;0.03554497749407551;0.18853375690861174;0.7270908275463448;3.5560939513108596
Fidelity (MSE);Tolerancja_1.0;215;2;0.5852065498937767;0.7649879410119984;1.4939136342533228;14.429081743579555
Fidelity (MSE);Tolerancja_0.01;216;19;0.009992989960800454;0.09996494365926714;0.710496677896967;1.7689184989003202
Fidelity (MSE);Tolerancja_0.1;216;8;0.08623440128858964;0.2936569449010012;1.18540985389971;5.196373680122386
Fidelity (MSE);Tolerancja_1.0;216;1;0.603139581050031;0.7766206159058816;1.411877254382981;13.742603394904426
Fidelity (MSE);Tolerancja_0.01;217;17;0.007856627972424977;0.08863762165370288;0.3942189414901591;1.754960031299324
Fidelity (MSE);Tolerancja_0.1;217;13;0.09499421312499094;0.30821131245460626;0.759789345970332;6.102358394332496
Fidelity (MSE);Tolerancja_1.0;217;1;0.7794608047063053;0.882870774635963;1.9377227644630235;17.4801951291262
Fidelity (MSE);Tolerancja_0.01;218;14;0.008218898337690803;0.09065813994171071;0.2996772146118012;1.6228954852747155
Fidelity (MSE);Tolerancja_0.1;218;10;0.04882894247516515;0.22097271884819888;0.39768159351674015;3.955691436182073
Fidelity (MSE);Tolerancja_1.0;218;2;0.8544959525073176;0.924389502594722;2.2093250065648045;16.54774244608229
Fidelity (MSE);Tolerancja_0.01;219;30;0.009593152781398771;0.09794464141237524;1.1146154734298017;1.6936872596530417
Fidelity (MSE);Tolerancja_0.1;219;16;0.0828668159764193;0.2878659687709183;1.1283977263526497;4.977862155237648
Fidelity (MSE);Tolerancja_1.0;219;5;0.9580127713665911;0.9787812683978945;2.361768018994213;16.92537070295612
Fidelity (MSE);Tolerancja_0.01;220;10;0.009981754695309252;0.09990873182714938;0.6176322431951604;1.735202586378514
Fidelity (MSE);Tolerancja_0.1;220;6;0.06425383426286785;0.2534834003694677;1.0782997575383422;4.4024685718770815
Fidelity (MSE);Tolerancja_1.0;220;2;0.828659484486676;0.9103073571528882;2.210136484069099;15.810106400548332
Fidelity (MSE);Tolerancja_0.01;221;7;0.0005450162812996309;0.023345583764378883;0.062186173317642535;0.419202923252657
Fidelity (MSE);Tolerancja_0.1;221;5;0.0653831088805772;0.25570121016643077;0.4009279692139609;4.59147630930366
Fidelity (MSE);Tolerancja_1.0;221;2;0.7438741801039354;0.8624814085555325;1.7469035920905256;15.48707161776846
Fidelity (MSE);Tolerancja_0.01;222;9;0.004210005870190092;0.0648845580256974;0.39148494279323476;1.191855966140768
Fidelity (MSE);Tolerancja_0.1;222;5;0.07343001527878437;0.27097973222878563;0.5304167577420511;4.9775912850048964
Fidelity (MSE);Tolerancja_1.0;222;2;0.6494792574755771;0.8059027593175104;1.750628090930788;14.80352245662936
Fidelity (MSE);Tolerancja_0.01;223;198;0.009973673364273097;0.09986828007066656;2.12592912325091;1.798904348016292
Fidelity (MSE);Tolerancja_0.1;223;20;0.09606525520544944;0.3099439549425822;2.3359197398102216;5.582949138535769
Fidelity (MSE);Tolerancja_1.0;223;2;0.8093658167663359;0.8996476069919466;2.275383899364126;16.205145324973085
Fidelity (MSE);Tolerancja_0.01;224;10;0.007537532711520176;0.08681896516038518;0.5270764535734438;1.5711426970158309
Fidelity (MSE);Tolerancja_0.1;224;4;0.09216083517348725;0.3035800309201632;0.6319985499311072;5.4938174816864915
Fidelity (MSE);Tolerancja_1.0;224;1;0.5096587446891603;0.713903876365131;1.2623626341169256;12.919353042855274
Fidelity (MSE);Tolerancja_0.01;225;22;0.008454765858767345;0.09194980075436458;0.573864294752612;1.6233708076651594
Fidelity (MSE);Tolerancja_0.1;225;14;0.0563588672241483;0.237400225830028;0.850544257479565;4.191293436025098
Fidelity (MSE);Tolerancja_1.0;225;5;0.9933417324619375;0.9966653061393967;2.288916192449583;17.596094278894412
Fidelity (MSE);Tolerancja_0.01;226;14;0.00868423784434403;0.0931892582025634;0.6103184755192661;1.7934843110293734
Fidelity (MSE);Tolerancja_0.1;226;6;0.07859505891790196;0.2803481031109395;0.7497334719514983;5.395470832736861
Fidelity (MSE);Tolerancja_1.0;226;1;0.6230816198645116;0.7893551924606005;1.776674269861564;15.191623807439175
Fidelity (MSE);Tolerancja_0.01;227;25;0.009828338758072794;0.09913797838403199;0.7453084603757683;1.9033465462487786
Fidelity (MSE);Tolerancja_0.1;227;12;0.09442625517379281;0.3072885536003462;0.8167119198531685;5.899622089643163
Fidelity (MSE);Tolerancja_1.0;227;1;0.891128151459893;0.9439958429251122;2.178509445878425;18.123742854071722
Fidelity (MSE);Tolerancja_0.01;228;30;0.009927674194250972;0.09963771471812756;0.8861947619387891;1.7127877113879864
Fidelity (MSE);Tolerancja_0.1;228;8;0.07860868336545002;0.28037240121925344;1.1226752634169985;4.819644898311894
Fidelity (MSE);Tolerancja_1.0;228;2;0.7496056470991719;0.8657976940943952;1.5039064716412893;14.883196139013203
Fidelity (MSE);Tolerancja_0.01;229;12;0.007870035021728066;0.08871321785240385;0.4575522713136424;1.5772455498917493
Fidelity (MSE);Tolerancja_0.1;229;8;0.07389494951759937;0.27183625497273056;0.591903813916236;4.833017377053246
Fidelity (MSE);Tolerancja_1.0;229;2;0.7722928570270616;0.8788019441416033;2.045908396393979;15.624351017676478
Fidelity (MSE);Tolerancja_0.01;230;9;0.003040002189127819;0.05513621486036033;0.29162689900902183;0.9582931514125953
Fidelity (MSE);Tolerancja_0.1;230;6;0.08671085621538986;0.2944670715298909;0.5653031458454247;5.117975158038861
Fidelity (MSE);Tolerancja_1.0;230;2;0.5728678769853986;0.7568803584354654;1.6286889741205277;13.154933935243243
Fidelity (MSE);Tolerancja_0.01;231;14;0.009543599840010254;0.09769134987300694;0.6836602657644546;1.8282975086537085
Fidelity (MSE);Tolerancja_0.1;231;10;0.07934203265726658;0.28167717809092485;0.8165623456940647;5.271599620823148
Fidelity (MSE);Tolerancja_1.0;231;1;0.6355758943338148;0.7972301388769838;1.6830040376718278;14.920193841391285
Fidelity (MSE);Tolerancja_0.01;232;36;0.009780907083489967;0.09889846855988199;0.9414056911994089;1.8748115973795845
Fidelity (MSE);Tolerancja_0.1;232;7;0.09844085002582514;0.3137528486338015;1.0065509778168114;5.947791587625714
Fidelity (MSE);Tolerancja_1.0;232;2;0.6912181628423727;0.8313953108133174;1.893338116028589;15.760704826041156
Fidelity (MSE);Tolerancja_0.01;233;11;0.007980292485297798;0.0893324828116727;0.7030586264906846;1.6028451153781746
Fidelity (MSE);Tolerancja_0.1;233;5;0.09082713451734244;0.30137540463239937;0.7072634755825069;5.407418220184551
Fidelity (MSE);Tolerancja_1.0;233;1;0.3598903956151403;0.5999086560595207;1.292303500846403;10.763841200576652
Fidelity (MSE);Tolerancja_0.01;234;18;0.009392087058575412;0.09691278067713986;0.6731615860603801;1.7125797657897304
Fidelity (MSE);Tolerancja_0.1;234;8;0.061452990041257906;0.247897136008583;0.6512972251789089;4.380677307566585
Fidelity (MSE);Tolerancja_1.0;234;1;0.6339772734481633;0.7962268982194481;2.147789523737244;14.070405010985276
Fidelity (MSE);Tolerancja_0.01;235;27;0.009839435200521853;0.0991939272361058;0.8518059146003845;1.7915688518985986
Fidelity (MSE);Tolerancja_0.1;235;7;0.06445690919187277;0.25388365286460013;1.1102790398515348;4.585462609982157
Fidelity (MSE);Tolerancja_1.0;235;4;0.5248103942825111;0.7244379851184718;1.4911904987335822;13.084274062273604
Fidelity (MSE);Tolerancja_0.01;236;18;0.00949088254577166;0.09742116066733993;0.5787801208764973;1.6699158956093652
Fidelity (MSE);Tolerancja_0.1;236;10;0.08990941209672539;0.29984898215055755;0.7250637784722072;5.139772285051107
Fidelity (MSE);Tolerancja_1.0;236;2;0.5895930873480724;0.7678496515256567;1.7149026053962872;13.16186678271298
Fidelity (MSE);Tolerancja_0.01;237;60;0.009916168032717354;0.09957995798712387;1.2079211975947075;1.9805132262125589
Fidelity (MSE);Tolerancja_0.1;237;8;0.08898128694971272;0.29829731301121826;1.333042169621999;5.932737728597718
Fidelity (MSE);Tolerancja_1.0;237;1;0.3896382513251884;0.6242101019089553;1.4132818876836444;12.414710628076673
Fidelity (MSE);Tolerancja_0.01;238;18;0.0076189314411174765;0.08728649059916131;0.554572275137768;1.540172252918429
Fidelity (MSE);Tolerancja_0.1;238;10;0.09044156387565433;0.30073503932141715;0.7808622328467276;5.306477094722719
Fidelity (MSE);Tolerancja_1.0;238;1;0.8273538685466658;0.9095899452757081;1.811403903709949;16.049736741972975
Fidelity (MSE);Tolerancja_0.01;239;20;0.009333137512417836;0.0966081648330918;0.7160613396416631;1.867790232431638
Fidelity (MSE);Tolerancja_0.1;239;2;0.0978454798125434;0.31280262117275076;0.8835418453111634;6.04762218094998
Fidelity (MSE);Tolerancja_1.0;239;1;0.1318499995532761;0.363111552492173;0.8618310968411151;7.020278381229068
Fidelity (MSE);Tolerancja_0.01;240;40;0.009980462945546926;0.09990226696900789;1.0414393074107142;1.5170291742108826
Fidelity (MSE);Tolerancja_0.1;240;9;0.0808046469324945;0.28426158187925166;1.0855295994229337;4.316549823158059
Fidelity (MSE);Tolerancja_1.0;240;2;0.6902382092150151;0.8308057590165195;1.828517154521938;12.615895642502977
Fidelity (MSE);Tolerancja_0.01;241;18;0.00954556026485358;0.09770138312661485;0.6937535925377789;1.7287495356542564
Fidelity (MSE);Tolerancja_0.1;241;10;0.0762060769741155;0.2760544818946352;0.7598800124546061;4.884568079984784
Fidelity (MSE);Tolerancja_1.0;241;2;0.9916959558572482;0.9958393223092008;1.9927950802080874;17.62059769202295
Fidelity (MSE);Tolerancja_0.01;242;12;0.006757350355420446;0.08220310429308887;0.18718664024601672;1.4428201845890483
Fidelity (MSE);Tolerancja_0.1;242;8;0.0712665627456441;0.26695797936312765;0.5998407756141124;4.685618193796242
Fidelity (MSE);Tolerancja_1.0;242;2;0.6862519152611034;0.8284032322855237;1.6482795477074292;14.540045838887519
Fidelity (MSE);Tolerancja_0.01;243;16;0.00938503876252159;0.09687640973178965;0.6270991727622279;1.7332577386017365
Fidelity (MSE);Tolerancja_0.1;243;10;0.05903350959863985;0.24296812465556022;0.9678353185705912;4.347047784478433
Fidelity (MSE);Tolerancja_1.0;243;2;0.9217251549796394;0.9600651826723222;1.93500569693414;17.176941342437498
Fidelity (MSE);Tolerancja_0.01;244;20;0.008384490839923826;0.09156686540405228;0.7187794266471883;1.5847615610888766
Fidelity (MSE);Tolerancja_0.1;244;12;0.08369319792699886;0.2892977668890634;1.0225033609924097;5.006920119538663
Fidelity (MSE);Tolerancja_1.0;244;2;0.8800319689894437;0.9381001913385605;1.9805916577008507;16.23584161282951
Fidelity (MSE);Tolerancja_0.01;245;40;0.009859341277507665;0.09929421573036198;1.0161119443648259;1.8020690429771058
Fidelity (MSE);Tolerancja_0.1;245;8;0.07054040777807086;0.2655944422951483;1.0151962957948104;4.820215547565927
Fidelity (MSE);Tolerancja_1.0;245;2;0.8278209966891417;0.9098466885630467;2.148987777390883;16.51260890933592
Fidelity (MSE);Tolerancja_0.01;246;9;0.009349119713488716;0.0966908460687397;0.4176854538826289;1.63802155293869
Fidelity (MSE);Tolerancja_0.1;246;8;0.03614537588937576;0.1901193727355941;0.6451196418469562;3.2207767625768025
Fidelity (MSE);Tolerancja_1.0;246;2;0.9386708210377958;0.9688502572832376;2.204511755215643;16.413111142619496
Fidelity (MSE);Tolerancja_0.01;247;65;0.009918961164470122;0.09959398156751302;1.286957005482643;1.743167962864868
Fidelity (MSE);Tolerancja_0.1;247;11;0.09171678790183498;0.3028477965939904;1.2987393100982016;5.30066745337414
Fidelity (MSE);Tolerancja_1.0;247;2;0.9761325434592254;0.9879942021384667;2.5674010382696184;17.292609589029592
Fidelity (MSE);Tolerancja_0.01;248;92;0.009892018359617455;0.0994586263710567;1.4770147046240778;2.0535079934023615
Fidelity (MSE);Tolerancja_0.1;248;10;0.09318475563283217;0.30526178213597616;1.5254353586735103;6.302696232278733
Fidelity (MSE);Tolerancja_1.0;248;4;0.4747805703512622;0.6890432282166788;1.709305755154995;14.226576704004046
Fidelity (MSE);Tolerancja_0.01;249;214;0.00999789893335301;0.09998949411489694;2.210680029071426;1.7416613277704693
Fidelity (MSE);Tolerancja_0.1;249;22;0.09828173206356848;0.313499173943997;2.375035425137207;5.460667566922912
Fidelity (MSE);Tolerancja_1.0;249;4;0.7807071831112271;0.8835763595248727;3.284801038445898;15.390524666005042
Fidelity (MSE);Tolerancja_0.01;250;29;0.00999911735927006;0.09999558669896418;0.8966241425325538;1.5039655129791132
Fidelity (MSE);Tolerancja_0.1;250;6;0.07834098270452569;0.2798945921316196;1.0372207435255758;4.209703925260047
Fidelity (MSE);Tolerancja_1.0;250;1;0.5299046524206545;0.7279455009962316;1.4561648996862067;10.948532479963696
Fidelity (MSE);Tolerancja_0.01;251;13;0.008728122142564573;0.09342441941250998;0.7314001659486582;1.7079677475897406
Fidelity (MSE);Tolerancja_0.1;251;8;0.06971292301987135;0.26403204922863316;0.8031389440945089;4.826984499859215
Fidelity (MSE);Tolerancja_1.0;251;4;0.5457095965399578;0.7387215960969042;1.5340725153829613;13.50516993860578
Fidelity (MSE);Tolerancja_0.01;252;92;0.009956724676937995;0.09978338878259245;1.4956068129801814;1.6744963384758054
Fidelity (MSE);Tolerancja_0.1;252;10;0.09738595744377651;0.31206723224936084;1.6783729591881515;5.236898086297457
Fidelity (MSE);Tolerancja_1.0;252;2;0.9520622139607523;0.9757367544377696;1.8616489629235327;16.374144459877726
Fidelity (MSE);Tolerancja_0.01;253;11;0.009853691712980756;0.0992657630453761;0.4045892693629014;1.746669721256282
Fidelity (MSE);Tolerancja_0.1;253;8;0.05643866924521618;0.23756824123863057;0.48073091621683695;4.180225295945609
Fidelity (MSE);Tolerancja_1.0;253;1;0.8604362898309679;0.9275970514350333;1.847539560394286;16.321898241265266
Fidelity (MSE);Tolerancja_0.01;254;20;0.00980963754406003;0.099043614352769;0.38944173926947734;1.720846801959675
Fidelity (MSE);Tolerancja_0.1;254;12;0.09275380497809627;0.3045550935021384;1.0212721025848612;5.291534058995418
Fidelity (MSE);Tolerancja_1.0;254;3;0.7124708969947834;0.8440799114981847;2.143922906805022;14.665581681283296
Fidelity (MSE);Tolerancja_0.01;255;12;0.007840468533995426;0.08854642022123439;0.7212546511260314;1.58331943064206
Fidelity (MSE);Tolerancja_0.1;255;8;0.09406285760081297;0.3066966866479209;1.2175166791506378;5.484115812586408
Fidelity (MSE);Tolerancja_1.0;255;2;0.8594027700311045;0.92703978880688;1.947883028301054;16.576617179203033
Fidelity (MSE);Tolerancja_0.01;256;10;0.0057838870339420815;0.07605187068009624;0.3474997004473366;1.3412004739994967
Fidelity (MSE);Tolerancja_0.1;256;7;0.09943333651063449;0.3153305194722428;0.5872732140650063;5.560960412948312
Fidelity (MSE);Tolerancja_1.0;256;1;0.6226625749948415;0.7890897128938138;2.0146889429601784;13.91586410034603
Fidelity (MSE);Tolerancja_0.01;257;12;0.00795754201468325;0.08920505599282615;0.3793508641339276;1.6104134254849602
Fidelity (MSE);Tolerancja_0.1;257;6;0.08077857024548075;0.284215710764695;0.6493793201988307;5.130928861095312
Fidelity (MSE);Tolerancja_1.0;257;1;0.4952598772014775;0.7037470264246077;1.4332435980059515;12.704702069694893
Fidelity (MSE);Tolerancja_0.01;258;24;0.009944335825292503;0.09972129073218268;1.0263827961222534;1.7691220997025736
Fidelity (MSE);Tolerancja_0.1;258;14;0.08122755299854728;0.2850044789096257;1.3521173172738061;5.056169233783431
Fidelity (MSE);Tolerancja_1.0;258;3;0.9920017522597485;0.9959928474942722;2.323309408113072;17.669576323275145
Fidelity (MSE);Tolerancja_0.01;259;14;0.005484221137344039;0.0740555273922483;0.3535234890737593;1.3869084405356875
Fidelity (MSE);Tolerancja_0.1;259;7;0.09719786580037616;0.31176572261936714;0.5549481630058049;5.838733817670013
Fidelity (MSE);Tolerancja_1.0;259;1;0.7019602726779404;0.8378306945188511;1.7355024094743583;15.690853915783501
Fidelity (MSE);Tolerancja_0.01;260;70;0.009830008425375042;0.0991463989531392;1.2929868948117305;1.711601844672547
Fidelity (MSE);Tolerancja_0.1;260;9;0.09076582581211391;0.3012736726169645;1.3544840095588704;5.201001541631306
Fidelity (MSE);Tolerancja_1.0;260;2;0.7203122261318359;0.848712098495029;1.6330520242383768;14.651638473189404
Fidelity (MSE);Tolerancja_0.01;261;16;0.007308006998749234;0.0854868820272984;0.5372208512316012;1.6198919826723481
Fidelity (MSE);Tolerancja_0.1;261;10;0.09015194937282887;0.300253142153132;0.742675871088843;5.689500496587593
Fidelity (MSE);Tolerancja_1.0;261;2;0.8811911781429816;0.9387178373414354;2.2962641106903003;17.787775886074996
Fidelity (MSE);Tolerancja_0.01;262;17;0.009029039225984838;0.09502125670598573;0.7324203190512355;1.5926267313482882
Fidelity (MSE);Tolerancja_0.1;262;12;0.08943995538069596;0.2990651356823392;0.7064511871147743;5.01255346449225
Fidelity (MSE);Tolerancja_1.0;262;2;0.8215908832362832;0.9064165064893088;1.877878879107164;15.192212858612569
Fidelity (MSE);Tolerancja_0.01;263;17;0.008725967176959216;0.09341288549744739;0.7560562256057608;1.8292107387911822
Fidelity (MSE);Tolerancja_0.1;263;10;0.09090102055041892;0.30149796110491184;1.1962675431264156;5.903931831672423
Fidelity (MSE);Tolerancja_1.0;263;2;0.8521728623252351;0.9231320936492432;2.3787377703575188;18.0767688529665
Fidelity (MSE);Tolerancja_0.01;264;6;0.005677683526444875;0.07535040495209615;0.3332769294033806;1.2927801734032918
Fidelity (MSE);Tolerancja_0.1;264;4;0.08593088638450795;0.2931397045514441;0.49378706057732247;5.029371750852992
Fidelity (MSE);Tolerancja_1.0;264;1;0.8770677785577409;0.93651896860541;1.9032299548360165;16.067772368295596
Fidelity (MSE);Tolerancja_0.01;265;8;0.008174118590203045;0.09041083226142234;0.40632023614403057;1.4460278451454431
Fidelity (MSE);Tolerancja_0.1;265;6;0.08178490254665921;0.2859805981997017;0.744816086627945;4.573964179119412
Fidelity (MSE);Tolerancja_1.0;265;3;0.6390389116967364;0.7993990941305453;1.527675002326803;12.785562532533493
Fidelity (MSE);Tolerancja_0.01;266;42;0.009845089371653694;0.0992224237340214;1.02823492320179;1.833215783781146
Fidelity (MSE);Tolerancja_0.1;266;7;0.09640589082148723;0.31049298030951883;1.2826296880679768;5.736612862657687
Fidelity (MSE);Tolerancja_1.0;266;1;0.9458028007299123;0.9725239332427312;2.100346751951373;17.968178536987235
Fidelity (MSE);Tolerancja_0.01;267;14;0.00935815094637773;0.09673753638778347;0.27650883327517306;1.5388082652919635
Fidelity (MSE);Tolerancja_0.1;267;10;0.09323994040624939;0.3053521580179996;0.6780518118715602;4.85725026838883
Fidelity (MSE);Tolerancja_1.0;267;2;0.9167569636136578;0.9574742626377264;2.4162691146272257;15.230585398051613
Fidelity (MSE);Tolerancja_0.01;268;7;0.004272493183081053;0.06536431123389165;0.2857653259878008;1.1253570267228685
Fidelity (MSE);Tolerancja_0.1;268;6;0.028321888687980152;0.16829108320995545;0.5045919276264339;2.8974152630086647
Fidelity (MSE);Tolerancja_1.0;268;1;0.5059913417710388;0.7113306838391261;1.4124617780251727;12.246759252423379
Fidelity (MSE);Tolerancja_0.01;269;27;0.009462699082442032;0.09727640557936972;1.0471026227242035;1.7698182444408768
Fidelity (MSE);Tolerancja_0.1;269;12;0.08549972953227698;0.29240336785385523;1.1709257004391924;5.319900669453405
Fidelity (MSE);Tolerancja_1.0;269;1;0.9902183517660613;0.9950971569480346;2.5027532805624078;18.10450430264848
Fidelity (MSE);Tolerancja_0.01;270;39;0.009958914304904207;0.09979436008564917;0.9993921394277852;1.840803207510646
Fidelity (MSE);Tolerancja_0.1;270;8;0.0746971237370577;0.27330774547578723;1.1695121880078663;5.041424926995259
Fidelity (MSE);Tolerancja_1.0;270;1;0.6466193070553409;0.8041264247960894;1.8522739289576062;14.832887356943674
Fidelity (MSE);Tolerancja_0.01;271;183;0.009977689538057976;0.09988838540119654;2.0693203942590843;1.647849030517708
Fidelity (MSE);Tolerancja_0.1;271;20;0.09440375381540853;0.30725193866826706;2.3611900411259743;5.068705507909082
Fidelity (MSE);Tolerancja_1.0;271;2;0.7264337133159994;0.8523108079310032;2.5827480950935326;14.060488943813121
Fidelity (MSE);Tolerancja_0.01;272;14;0.008331281417540814;0.09127585341995337;0.5723174352982392;1.6178040781657945
Fidelity (MSE);Tolerancja_0.1;272;7;0.09663852923655919;0.31086738207241876;0.7050284130575255;5.509918556133071
Fidelity (MSE);Tolerancja_1.0;272;2;0.6541993395988908;0.8088259019089897;1.6429597664445605;14.335903676672071
Fidelity (MSE);Tolerancja_0.01;273;79;0.009995512040210002;0.099977557682762;1.3818586825150359;1.7030825028443421
Fidelity (MSE);Tolerancja_0.1;273;14;0.07905680078708105;0.28117041236069107;1.524941154327748;4.789639002069615
Fidelity (MSE);Tolerancja_1.0;273;2;0.9946411993096664;0.9973170004114371;2.2554919100459294;16.988944044617103
Fidelity (MSE);Tolerancja_0.01;274;38;0.009998223036440382;0.0999911147874669;1.0918646911134848;1.7685067526104503
Fidelity (MSE);Tolerancja_0.1;274;11;0.08806696482201024;0.2967607872041221;1.2297451213224004;5.248700919036712
Fidelity (MSE);Tolerancja_1.0;274;3;0.9668233363815172;0.9832717510340248;1.858875117577388;17.390772520647353
Fidelity (MSE);Tolerancja_0.01;275;16;0.0066930795988953545;0.08181124371927953;0.48313064440597087;1.4016649463376083
Fidelity (MSE);Tolerancja_0.1;275;10;0.072049325928006;0.2684200550033585;0.637508063799535;4.598817532748953
Fidelity (MSE);Tolerancja_1.0;275;1;0.9479527882082515;0.9736286705968819;2.22475065197444;16.681095608418573
Fidelity (MSE);Tolerancja_0.01;276;16;0.009630124754245892;0.09813319904214828;0.7499216036231098;1.6184576055695292
Fidelity (MSE);Tolerancja_0.1;276;6;0.0803441926620626;0.28345051183947895;1.252362221832303;4.674795493950482
Fidelity (MSE);Tolerancja_1.0;276;1;0.7429413493384307;0.8619404557963565;2.2419799994712624;14.215516255946367
Fidelity (MSE);Tolerancja_0.01;277;19;0.009650697176489533;0.09823796199275274;0.7406445070698373;1.8859026208588199
Fidelity (MSE);Tolerancja_0.1;277;8;0.07771793241585381;0.2787793615313978;0.8961434484202906;5.351808179736033
Fidelity (MSE);Tolerancja_1.0;277;2;0.9788565047523567;0.989371772769143;2.1405798624889663;18.993256592667432
Fidelity (MSE);Tolerancja_0.01;278;24;0.00972506600880708;0.0986157492939494;0.8945341694624505;1.6047111037426325
Fidelity (MSE);Tolerancja_0.1;278;7;0.06386860272777885;0.25272238272020714;1.3932689722305298;4.112389923708607
Fidelity (MSE);Tolerancja_1.0;278;3;0.8816875324810697;0.938982179000789;1.8390924069444727;15.279457283923598
Fidelity (MSE);Tolerancja_0.01;279;30;0.009589757718225045;0.09792730833748595;1.0985677473383788;1.756428460772593
Fidelity (MSE);Tolerancja_0.1;279;11;0.09519353024577451;0.30853448793574845;1.6048265508140238;5.533887992434526
Fidelity (MSE);Tolerancja_1.0;279;2;0.9885390100362178;0.9942529909616655;2.2012102969552894;17.83296488161372
Fidelity (MSE);Tolerancja_0.01;280;16;0.009944352321856451;0.09972137344549789;0.7551119579747505;1.8367620696239988
Fidelity (MSE);Tolerancja_0.1;280;12;0.06519276860081837;0.2553287461309799;0.7606754176256691;4.702885048352812
Fidelity (MSE);Tolerancja_1.0;280;1;0.9750855880803919;0.9874642211646921;2.3219707586843317;18.18804498854397
Fidelity (MSE);Tolerancja_0.01;281;18;0.006824358256597271;0.08260967411022314;0.45726127838710706;1.466593407452121
Fidelity (MSE);Tolerancja_0.1;281;10;0.08381219238592412;0.2895033547058205;0.7485247191433331;5.139636683233037
Fidelity (MSE);Tolerancja_1.0;281;2;0.703504617675846;0.838751821265293;1.8291039861633083;14.890603368255023
Fidelity (MSE);Tolerancja_0.01;282;11;0.006603592520460249;0.08126249147337442;0.510117651191762;1.4934346622643402
Fidelity (MSE);Tolerancja_0.1;282;6;0.09542992285529604;0.30891733984238573;0.6830538184330246;5.677254717771875
Fidelity (MSE);Tolerancja_1.0;282;1;0.7845561704875245;0.8857517544366054;1.8154254760184259;16.278265018129513
Fidelity (MSE);Tolerancja_0.01;283;15;0.009833857768860295;0.09916580947514267;0.8025576528419283;1.6439407978046507
Fidelity (MSE);Tolerancja_0.1;283;7;0.04302319945154167;0.20742034483517202;1.1758724762894648;3.438551744537735
Fidelity (MSE);Tolerancja_1.0;283;2;0.8726685960842402;0.9341673276689997;1.8616291001728973;15.486343428842408
Fidelity (MSE);Tolerancja_0.01;284;33;0.009862410391514947;0.09930966917433039;0.9606676467049011;1.7894205596102526
Fidelity (MSE);Tolerancja_0.1;284;14;0.07085137983572717;0.2661792250265358;1.2476460568769836;4.796175254269429
Fidelity (MSE);Tolerancja_1.0;284;1;0.663645870654806;0.8146446284453154;1.9037697516806817;14.678750408050906
Fidelity (MSE);Tolerancja_0.01;285;9;0.0031816976086506913;0.056406538704752054;0.23858656599963268;0.9991355428613007
Fidelity (MSE);Tolerancja_0.1;285;7;0.060859614917238375;0.24669741570847145;0.4427274398798504;4.369779852235432
Fidelity (MSE);Tolerancja_1.0;285;1;0.8878456904752129;0.9422556396621953;1.853129027920855;16.69028310664091
Fidelity (MSE);Tolerancja_0.01;286;8;0.007463230143317029;0.0863899886752917;0.37089706413006773;1.4600158283565403
Fidelity (MSE);Tolerancja_0.1;286;6;0.09006910022875482;0.3001151449506586;0.5164730703224913;5.072032867192634
Fidelity (MSE);Tolerancja_1.0;286;2;0.7691601238696357;0.877017744329974;1.652737938901852;14.821853875731952
Fidelity (MSE);Tolerancja_0.01;287;24;0.009337818913376294;0.09663239060157983;0.8472047119245385;1.857174721413591
Fidelity (MSE);Tolerancja_0.1;287;9;0.05140154186208008;0.2267190813806374;1.0163109201749467;4.3573065323227835
Fidelity (MSE);Tolerancja_1.0;287;2;0.8461401184436389;0.9198587491803505;1.9954225830020453;17.67873490052043
Fidelity (MSE);Tolerancja_0.01;288;11;0.0030595131846176326;0.05531286635691223;0.29157738914946574;1.0380231039860046
Fidelity (MSE);Tolerancja_0.1;288;8;0.06230655545880517;0.2496128110871018;0.6692614255679903;4.684332634064016
Fidelity (MSE);Tolerancja_1.0;288;1;0.49347142706520747;0.7024752145557931;1.6387267258273805;13.182927422008667
Fidelity (MSE);Tolerancja_0.01;289;18;0.009852635382167496;0.0992604421820067;0.781375801143132;1.9645217809641724
Fidelity (MSE);Tolerancja_0.1;289;7;0.06388813776445793;0.2527610289670026;1.1184073650228639;5.002542159484808
Fidelity (MSE);Tolerancja_1.0;289;2;0.7710077317325685;0.8780704594351005;1.9895034710841575;17.378408808803066
Fidelity (MSE);Tolerancja_0.01;290;24;0.009634666366466928;0.0981563363541393;0.9760739460807422;1.7279392031580452
Fidelity (MSE);Tolerancja_0.1;290;9;0.09251204970107049;0.30415793545635217;1.2045869274690633;5.354380981890447
Fidelity (MSE);Tolerancja_1.0;290;1;0.6485369240860737;0.8053179024994251;2.0131214989515263;14.176775809084925
Fidelity (MSE);Tolerancja_0.01;291;34;0.009621367617020286;0.09808857026698006;0.919856803123901;1.6172256702863743
Fidelity (MSE);Tolerancja_0.1;291;6;0.09820291176590364;0.3133734381945982;1.4042537899464858;5.16671378994306
Fidelity (MSE);Tolerancja_1.0;291;1;0.6222761130580334;0.7888447965588881;1.4295115312043905;13.006001121175723
Fidelity (MSE);Tolerancja_0.01;292;13;0.007985528471057109;0.08936178417565928;0.562298765262697;1.3483147427594855
Fidelity (MSE);Tolerancja_0.1;292;10;0.07971601373768131;0.28234024462991686;0.8513220427545916;4.260025891610708
Fidelity (MSE);Tolerancja_1.0;292;2;0.7050382040522449;0.8396655310611749;2.164329215289909;12.66910038737935
Fidelity (MSE);Tolerancja_0.01;293;11;0.0023135955690656413;0.048099849990053414;0.3016103054572339;0.9423136534147496
Fidelity (MSE);Tolerancja_0.1;293;8;0.06831221190247089;0.2613660496362733;0.5416299164808906;5.120365181227544
Fidelity (MSE);Tolerancja_1.0;293;1;0.9430046746959356;0.971084277854366;1.8030525059259066;19.024299947459262
Fidelity (MSE);Tolerancja_0.01;294;15;0.009119720497536508;0.09549722769555412;0.7314221973324075;1.5623421673132056
Fidelity (MSE);Tolerancja_0.1;294;8;0.06226556194692229;0.24953068337766057;0.6172887039739212;4.082341635322143
Fidelity (MSE);Tolerancja_1.0;294;1;0.7964815677654673;0.8924581602324376;1.8992430048792883;14.600685799372325
Fidelity (MSE);Tolerancja_0.01;295;47;0.009973721877945983;0.09986852295866792;1.0863487032931571;1.7069480175393559
Fidelity (MSE);Tolerancja_0.1;295;7;0.08038706150697729;0.28352612138386346;1.253898973897556;4.846014905187937
Fidelity (MSE);Tolerancja_1.0;295;1;0.440970742044637;0.6640562792750604;1.5925273508557032;11.350018162501962
Fidelity (MSE);Tolerancja_0.01;296;11;0.008143509323873699;0.09024139473586221;0.49045777660041345;2.2357323942612553
Fidelity (MSE);Tolerancja_0.1;296;6;0.07732998049429426;0.2780826864338991;0.6947258060460859;6.889504225452649
Fidelity (MSE);Tolerancja_1.0;296;1;0.7713102804444909;0.8782427229670001;1.9753599917711337;21.758481365550395
Fidelity (MSE);Tolerancja_0.01;297;18;0.009146770485672364;0.09563874991692627;0.6910367065107135;1.7278966161991565
Fidelity (MSE);Tolerancja_0.1;297;6;0.09939488551885942;0.31526954422978987;0.8235084708359901;5.695946247085912
Fidelity (MSE);Tolerancja_1.0;297;1;0.4558104404854712;0.675137349348613;1.4078505289897052;12.197645226672664
Fidelity (MSE);Tolerancja_0.01;298;14;0.008596584052652175;0.09271776557193435;0.6839715652229845;1.930289099598118
Fidelity (MSE);Tolerancja_0.1;298;5;0.09314372560934059;0.30519457008495515;1.0884994528577998;6.353838967726885
Fidelity (MSE);Tolerancja_1.0;298;1;0.4077153649304378;0.6385259312905294;1.3029649878445668;13.293457164092134
Fidelity (MSE);Tolerancja_0.01;299;12;0.007666593298697973;0.08755908461546394;0.6891141873571431;1.5296449292609184
Fidelity (MSE);Tolerancja_0.1;299;5;0.09403920801502826;0.30665812889116156;0.6672779966665043;5.357274507095085
Fidelity (MSE);Tolerancja_1.0;299;1;0.56334804695361;0.7505651517047737;1.6442639018236127;13.112267943723932
Fidelity (MSE);Tolerancja_0.01;300;13;0.008017155839137433;0.08953857179527398;0.37025837901339376;1.5216622090082674
Fidelity (MSE);Tolerancja_0.1;300;10;0.048928713294608954;0.2211983573506118;0.4542308422725627;3.759152891613332
Fidelity (MSE);Tolerancja_1.0;300;2;0.8833649429436593;0.9398749613345699;2.022344504795937;15.972694015333946
Fidelity (MSE);Tolerancja_0.01;301;16;0.006578592828836217;0.08110852500715456;0.44605061625246734;1.4456572014160547
Fidelity (MSE);Tolerancja_0.1;301;8;0.09593134843753501;0.30972786190062884;0.7486328071718127;5.520508651789001
Fidelity (MSE);Tolerancja_1.0;301;1;0.9414462561905619;0.9702815344994266;2.595646052364126;17.29404507881736
Fidelity (MSE);Tolerancja_0.01;302;14;0.009136224024931056;0.09558359704955163;0.3113718603631641;1.6787014922499146
Fidelity (MSE);Tolerancja_0.1;302;7;0.0879296572325847;0.2965293530707958;0.708222875264747;5.207841960977779
Fidelity (MSE);Tolerancja_1.0;302;1;0.5681905229584009;0.7537841355178556;1.8738982662965542;13.238448773508175
Fidelity (MSE);Tolerancja_0.01;303;13;0.0053921006409012985;0.0734309242819488;0.2753772767375251;1.311584389797639
Fidelity (MSE);Tolerancja_0.1;303;9;0.0692168263963244;0.2630909089959674;0.5456709010134988;4.69919087511211
Fidelity (MSE);Tolerancja_1.0;303;4;0.7775021252520282;0.8817608095464599;1.893890001004488;15.749545911963466
Fidelity (MSE);Tolerancja_0.01;304;30;0.009718417236149912;0.0985820330290967;0.9371259021556755;1.7900406180497996
Fidelity (MSE);Tolerancja_0.1;304;12;0.08205899984442107;0.2864594209385006;1.0742104572769042;5.201495476884667
Fidelity (MSE);Tolerancja_1.0;304;1;0.6175237381845521;0.7858267863750587;2.0662671301269717;14.268947628090794
Fidelity (MSE);Tolerancja_0.01;305;127;0.009989488327842766;0.0999474278200433;1.7487315430170867;1.8167470139860185
Fidelity (MSE);Tolerancja_0.1;305;14;0.09705452753965375;0.3115357564384123;2.0221519729160384;5.662793606639069
Fidelity (MSE);Tolerancja_1.0;305;2;0.7641856333342731;0.8741771178281168;2.539978984266403;15.88994037313933
Fidelity (MSE);Tolerancja_0.01;306;14;0.007213878575092167;0.08493455465882051;0.18904055931172614;1.4964014694711534
Fidelity (MSE);Tolerancja_0.1;306;11;0.07775890013787055;0.27885282881453893;0.4754976413051981;4.9129095275821255
Fidelity (MSE);Tolerancja_1.0;306;3;0.9569563584608186;0.9782414622478535;2.294144520194375;17.23494009576557
Fidelity (MSE);Tolerancja_0.01;307;41;0.009900946350325998;0.09950349918634016;1.0121319487526526;1.7566136708595956
Fidelity (MSE);Tolerancja_0.1;307;7;0.08956559054669294;0.29927510846492555;1.0903252013779312;5.2833392913447
Fidelity (MSE);Tolerancja_1.0;307;2;0.5080117965240281;0.7127494626613394;1.4916537100344565;12.582727846224504
Fidelity (MSE);Tolerancja_0.01;308;72;0.009895364810827962;0.0994754482816135;1.3940004588049444;1.7698124252051837
Fidelity (MSE);Tolerancja_0.1;308;15;0.08975597184735412;0.2995930103446242;1.7489625291373159;5.330193946062817
Fidelity (MSE);Tolerancja_1.0;308;3;0.9827238998533945;0.9913243161818409;2.2980693521479436;17.637096615235244
Fidelity (MSE);Tolerancja_0.01;309;19;0.00981273784830928;0.09905926432348103;0.7936660684483776;1.8280888125228392
Fidelity (MSE);Tolerancja_0.1;309;10;0.08511485560147941;0.2917445039781888;0.6854984324511637;5.383997826754807
Fidelity (MSE);Tolerancja_1.0;309;4;0.7767153455358413;0.8813145553863508;2.315011949395255;16.264216073260577
Fidelity (MSE);Tolerancja_0.01;310;8;0.00855803227238576;0.09250963340315299;0.337025990245551;1.655732671008744
Fidelity (MSE);Tolerancja_0.1;310;4;0.05903602181211921;0.24297329444224774;0.43062753516829577;4.348723554415744
Fidelity (MSE);Tolerancja_1.0;310;1;0.3555264115305445;0.5962603554912439;1.1439263097233328;10.671837242201116
Fidelity (MSE);Tolerancja_0.01;311;10;0.00769045845764109;0.0876952590374251;0.5844028153879419;1.6011762706266524
Fidelity (MSE);Tolerancja_0.1;311;7;0.07871052610790921;0.28055396291606577;0.9915206418814284;5.122470165231685
Fidelity (MSE);Tolerancja_1.0;311;1;0.9875414376649941;0.9937511950508509;2.065749008506991;18.144319885562428
Fidelity (MSE);Tolerancja_0.01;312;12;0.008971342641243845;0.09471717183934412;0.31701453751360376;1.8317782933388216
Fidelity (MSE);Tolerancja_0.1;312;8;0.06254707292917758;0.25009412813814236;0.6118883083781261;4.836683637387195
Fidelity (MSE);Tolerancja_1.0;312;1;0.8521884885286477;0.9231405572981005;1.8461187783751565;17.853033422783756
Fidelity (MSE);Tolerancja_0.01;313;10;0.008175116438591075;0.09041635050471278;0.398329500667602;1.6257230967018688
Fidelity (MSE);Tolerancja_0.1;313;8;0.048674805416105325;0.22062367374356118;0.5438972407863396;3.966904216792403
Fidelity (MSE);Tolerancja_1.0;313;1;0.4668320192824591;0.6832510660675614;1.3922295834548741;12.285134632748882
Fidelity (MSE);Tolerancja_0.01;314;31;0.009970744388946646;0.09985361480160168;1.0133624225134712;1.6792354000910017
Fidelity (MSE);Tolerancja_0.1;314;11;0.09163844688043134;0.30271842837929663;1.4124379180553603;5.090807200164311
Fidelity (MSE);Tolerancja_1.0;314;2;0.9410824907422116;0.9700940628321625;1.989972395489156;16.31404426332037
Fidelity (MSE);Tolerancja_0.01;315;16;0.007697996073295006;0.08773822469878796;0.7573519222530365;1.38990432058928
Fidelity (MSE);Tolerancja_0.1;315;10;0.056211073696757874;0.23708874645743494;1.2446769457672433;3.7558393071616076
Fidelity (MSE);Tolerancja_1.0;315;4;0.739079514141628;0.859697338684742;2.15903534064104;13.618887885402303
Fidelity (MSE);Tolerancja_0.01;316;80;0.009987627047120282;0.09993811608750829;1.3879723277600577;1.8298806053793055
Fidelity (MSE);Tolerancja_0.1;316;6;0.09865100482213882;0.31408757508398644;1.4420259023999193;5.750986555855668
Fidelity (MSE);Tolerancja_1.0;316;1;0.7159577410116148;0.846142860876114;2.1219534255702;15.492991774445658
Fidelity (MSE);Tolerancja_0.01;317;15;0.007923869065830504;0.08901611688806979;0.1872311356857308;1.5782188700898043
Fidelity (MSE);Tolerancja_0.1;317;10;0.05115614804346782;0.2261772491730055;0.4625557643262095;4.010028915086066
Fidelity (MSE);Tolerancja_1.0;317;3;0.9424378337313106;0.9707923741621123;2.1815232964461577;17.211746562349397
Fidelity (MSE);Tolerancja_0.01;318;7;0.006680161556693278;0.081732255301645;0.2713279765068206;1.441561244313938
Fidelity (MSE);Tolerancja_0.1;318;4;0.09829148980166152;0.31351473617943626;0.6897833326725866;5.529649115023109
Fidelity (MSE);Tolerancja_1.0;318;1;0.32480326931012116;0.5699151422011185;1.083474257572175;10.051938228214581
Fidelity (MSE);Tolerancja_0.01;319;18;0.009034834699833903;0.0950517474843777;0.7611838420157602;2.026362550998071
Fidelity (MSE);Tolerancja_0.1;319;8;0.05444628724831921;0.2333372821653651;0.8522026597553634;4.974405445931201
Fidelity (MSE);Tolerancja_1.0;319;1;0.8460817152642472;0.9198270029001362;2.1709612096952062;19.60935007933413
Fidelity (MSE);Tolerancja_0.01;320;13;0.009429352974436322;0.09710485556570445;0.632515253970559;1.9972772009348458
Fidelity (MSE);Tolerancja_0.1;320;7;0.0953097759640704;0.3087228141295528;0.6212731066202428;6.349888833851218
Fidelity (MSE);Tolerancja_1.0;320;1;0.49825612321775054;0.7058725970157437;1.5058101322780426;14.518565900448518
Fidelity (MSE);Tolerancja_0.01;321;23;0.009802786357334774;0.09900902159568477;0.7104144234905698;1.823036714037185
Fidelity (MSE);Tolerancja_0.1;321;9;0.0927400258941381;0.30453247100126796;0.8778544944328068;5.607305943481545
Fidelity (MSE);Tolerancja_1.0;321;1;0.8215787494648775;0.9064098131997896;2.409577682830868;16.689573745861786
Fidelity (MSE);Tolerancja_0.01;322;36;0.009930464287775154;0.09965171492641335;0.9059711430430921;1.8008977216053335
Fidelity (MSE);Tolerancja_0.1;322;13;0.08891053759759276;0.2981787007778939;1.1070742465187466;5.388661331705942
Fidelity (MSE);Tolerancja_1.0;322;2;0.8512552097826296;0.9226349276840919;2.369020865038796;16.67378369119639
Fidelity (MSE);Tolerancja_0.01;323;10;0.007633395014293758;0.08736930247114119;0.24198960148862714;1.5877266190997674
Fidelity (MSE);Tolerancja_0.1;323;7;0.06269709468446068;0.2503938790874503;0.4420675159575289;4.550305608976444
Fidelity (MSE);Tolerancja_1.0;323;1;0.9784277407037857;0.9891550640338378;2.3688853679684927;17.9755106331839
Fidelity (MSE);Tolerancja_0.01;324;36;0.009649285811460106;0.09823077833072538;0.9954769950151272;1.575775814914564
Fidelity (MSE);Tolerancja_0.1;324;7;0.07037495102298241;0.26528277558669805;1.4177883469413564;4.255551966365445
Fidelity (MSE);Tolerancja_1.0;324;4;0.6052470100070552;0.7779762271477549;2.1881941911900924;12.479959378825974
Fidelity (MSE);Tolerancja_0.01;325;12;0.009556438986303838;0.097757040597104;0.6313164942982192;1.8638526560910313
Fidelity (MSE);Tolerancja_0.1;325;7;0.08956618395681751;0.29927609987571263;0.57604390445867;5.706049919788964
Fidelity (MSE);Tolerancja_1.0;325;1;0.5601819576635968;0.7484530430585454;1.3860715256646463;14.27013526333582
Fidelity (MSE);Tolerancja_0.01;326;10;0.0076811521588143325;0.08764218253109819;0.5600741265950369;1.6503414666111105
Fidelity (MSE);Tolerancja_0.1;326;6;0.09983579929827059;0.3159680352476665;1.035691001426473;5.94981931797324
Fidelity (MSE);Tolerancja_1.0;326;2;0.7369771562585876;0.8584737364990193;1.9475429209406294;16.16544413231831
Fidelity (MSE);Tolerancja_0.01;327;13;0.006942631239139995;0.0833224533912678;0.15588799334835368;1.5217141393642215
Fidelity (MSE);Tolerancja_0.1;327;8;0.08375445104435453;0.289403612700938;0.6179125394393452;5.2853648867264065
Fidelity (MSE);Tolerancja_1.0;327;1;0.6867786776238395;0.8287211096767353;1.7371491838363582;15.134895563659157
Fidelity (MSE);Tolerancja_0.01;328;77;0.009957169772933958;0.09978561906875137;1.388194194513222;1.7980809197765009
Fidelity (MSE);Tolerancja_0.1;328;12;0.09325714830255231;0.3053803338503518;1.7333343835139265;5.502782431935123
Fidelity (MSE);Tolerancja_1.0;328;2;0.8464715177989972;0.920038867547995;2.4605872356211647;16.578584656081848
Fidelity (MSE);Tolerancja_0.01;329;12;0.008740138899520047;0.0934887100109957;0.7474875493107671;1.4840219612687349
Fidelity (MSE);Tolerancja_0.1;329;5;0.08065024450277479;0.2839898669015759;1.0091374697646067;4.508001011139794
Fidelity (MSE);Tolerancja_1.0;329;1;0.27626556676977987;0.5256097095467128;0.9125929935800903;8.343428334091476
Fidelity (MSE);Tolerancja_0.01;330;21;0.009059644441110638;0.09518216451158609;0.8254226003847505;1.6690807798072007
Fidelity (MSE);Tolerancja_0.1;330;15;0.09099658414907726;0.30165640080906164;0.5984914399596848;5.289739976809781
Fidelity (MSE);Tolerancja_1.0;330;1;0.9230024913473639;0.960730186549462;2.18231359605709;16.847024830530117
Fidelity (MSE);Tolerancja_0.01;331;9;0.0029361704562543118;0.0541864416275355;0.22247753987319374;1.0380781359216547
Fidelity (MSE);Tolerancja_0.1;331;6;0.06578435250053576;0.2564846048021903;0.5153628363431437;4.91361035064464
Fidelity (MSE);Tolerancja_1.0;331;1;0.38832164782379613;0.6231545938399203;1.493539408825387;11.938100006840804
Fidelity (MSE);Tolerancja_0.01;332;12;0.008661185890079599;0.09306549247749994;0.7476867447485542;1.5875956930640909
Fidelity (MSE);Tolerancja_0.1;332;6;0.05843675948683295;0.2417369634268474;0.9392300519904584;4.123768668431422
Fidelity (MSE);Tolerancja_1.0;332;1;0.4682651471942679;0.6842990188464892;1.5414534616426554;11.673394146077522
Fidelity (MSE);Tolerancja_0.01;333;45;0.009873422365306262;0.09936509631307294;1.1174555932377594;1.7511243979166005
Fidelity (MSE);Tolerancja_0.1;333;11;0.08146540617025073;0.28542145359144033;1.0580492561445771;5.030020496312192
Fidelity (MSE);Tolerancja_1.0;333;5;0.975650227067744;0.9877500833043468;2.1330010376253403;17.40725198382193
Fidelity (MSE);Tolerancja_0.01;334;260;0.009985002146226841;0.0999249825930775;2.4075917567770464;1.7628745194925923
Fidelity (MSE);Tolerancja_0.1;334;28;0.09451994422050827;0.3074409605444731;2.5612126859418067;5.423867200450489
Fidelity (MSE);Tolerancja_1.0;334;4;0.9189538080294136;0.9586207842673836;2.7843660351637953;16.911968464611462
Fidelity (MSE);Tolerancja_0.01;335;66;0.009973375758098445;0.09986679006605972;1.311380412656126;1.7690280623080212
Fidelity (MSE);Tolerancja_0.1;335;14;0.08332578494572924;0.2886620601078868;1.708826810923851;5.113324304473106
Fidelity (MSE);Tolerancja_1.0;335;1;0.7781147815693564;0.882108146186938;2.5940070426528106;15.625555438028796
Fidelity (MSE);Tolerancja_0.01;336;17;0.009645275281182888;0.09821036239207596;0.6469864236367622;1.8127926595288395
Fidelity (MSE);Tolerancja_0.1;336;13;0.0816816545409241;0.28580002543898436;0.9414188561258507;5.275371921962774
Fidelity (MSE);Tolerancja_1.0;336;3;0.9868972805940077;0.9934270383848065;2.1668997222615833;18.336937153046836
Fidelity (MSE);Tolerancja_0.01;337;17;0.002991230501385957;0.0546921429584356;0.43458431210410264;0.9171846116027041
Fidelity (MSE);Tolerancja_0.1;337;12;0.09028366807864618;0.3004724081819264;0.7160969476730976;5.0389078593082095
Fidelity (MSE);Tolerancja_1.0;337;4;0.8178968071210462;0.9043764742191419;2.584975910508236;15.166350052871156
Fidelity (MSE);Tolerancja_0.01;338;34;0.009784032630705394;0.0989142690955425;0.9144575529880727;1.97853627179472
Fidelity (MSE);Tolerancja_0.1;338;8;0.08570578170450424;0.2927554981627232;1.0933749081413082;5.855852519344783
Fidelity (MSE);Tolerancja_1.0;338;1;0.8607004183685273;0.9277394129649378;2.289082041313531;18.557141412546596
Fidelity (MSE);Tolerancja_0.01;339;22;0.009198331407375068;0.0959079319314887;0.6784014439349697;1.7503065342668933
Fidelity (MSE);Tolerancja_0.1;339;12;0.06890899560942294;0.2625052296801398;0.7400148953892964;4.79068424827048
Fidelity (MSE);Tolerancja_1.0;339;1;0.6039724334794422;0.7771566338129284;1.6119597086784667;14.183001415183552
Fidelity (MSE);Tolerancja_0.01;340;10;0.00941570946094142;0.09703457868688574;0.5610406151843161;2.03792500343183
Fidelity (MSE);Tolerancja_0.1;340;6;0.06668080509694888;0.2582262672482195;0.6966689247481224;5.423280790099815
Fidelity (MSE);Tolerancja_1.0;340;2;0.5446668794202714;0.7380155007994557;1.6150314461086257;15.499837917086184
Fidelity (MSE);Tolerancja_0.01;341;8;0.009925698757584957;0.09962780112792291;0.44703724691983115;1.791833460977401
Fidelity (MSE);Tolerancja_0.1;341;5;0.09784242639271493;0.3127977403894007;0.6292537572667225;5.6257535688074425
Fidelity (MSE);Tolerancja_1.0;341;2;0.6936587757128818;0.8328617986874424;2.047758092230387;14.979248988360128
Fidelity (MSE);Tolerancja_0.01;342;17;0.009855687823730802;0.09927581691293606;0.6776839086537496;1.765194517690501
Fidelity (MSE);Tolerancja_0.1;342;8;0.07316815955758416;0.2704961359383608;0.6288911727170161;4.809613368718011
Fidelity (MSE);Tolerancja_1.0;342;2;0.9565900282277399;0.9780542051582519;1.9262062599135747;17.3904982566255
Fidelity (MSE);Tolerancja_0.01;343;72;0.009837904722996694;0.09918621236339602;1.465625147645758;1.7371574912994876
Fidelity (MSE);Tolerancja_0.1;343;18;0.09349221777116472;0.30576497145874104;1.5413185914392145;5.355199055292766
Fidelity (MSE);Tolerancja_1.0;343;3;0.9471239446470412;0.9732029308664464;2.4364648947426586;17.04477589803773
Fidelity (MSE);Tolerancja_0.01;344;162;0.009975766557781455;0.09987875929236133;1.9362595904718036;1.761903523521666
Fidelity (MSE);Tolerancja_0.1;344;18;0.09462426970563755;0.3076105812641001;1.9980385093922335;5.426380652319698
Fidelity (MSE);Tolerancja_1.0;344;4;0.883266448770123;0.9398225623861788;2.3989148179078796;16.57886717741807
Fidelity (MSE);Tolerancja_0.01;345;17;0.009935300754315089;0.09967597882295959;0.7344973156729369;1.8444051900643632
Fidelity (MSE);Tolerancja_0.1;345;8;0.07009852261231718;0.2647612558746411;0.8803149657591556;4.899144610663854
Fidelity (MSE);Tolerancja_1.0;345;2;0.6592725543890178;0.8119560052053423;2.178937342380056;15.024441071851358
Fidelity (MSE);Tolerancja_0.01;346;20;0.009000588364950992;0.09487143070994024;0.9421913608503925;1.895133707282328
Fidelity (MSE);Tolerancja_0.1;346;8;0.08013489251209471;0.2830810705647672;1.1334970239010058;5.654773778642381
Fidelity (MSE);Tolerancja_1.0;346;1;0.5984294136791231;0.7735821958131683;2.1202156234896714;15.45293123196684
Fidelity (MSE);Tolerancja_0.01;347;17;0.009652619873412432;0.09824774742156907;0.6469944380500898;1.7106730864478805
Fidelity (MSE);Tolerancja_0.1;347;4;0.07183456295608326;0.26801970628310756;0.998451955527444;4.666713590987851
Fidelity (MSE);Tolerancja_1.0;347;1;0.3375233173045591;0.5809675699249994;1.7104803913217586;10.11570862490367
Fidelity (MSE);Tolerancja_0.01;348;24;0.009636582103995338;0.09816609447255879;0.7497037433509743;1.6458728066179282
Fidelity (MSE);Tolerancja_0.1;348;7;0.048715505029340696;0.22071589210870315;0.9021870606147719;3.700567764888305
Fidelity (MSE);Tolerancja_1.0;348;2;0.9559122165664563;0.977707633480713;2.423445965068949;16.39244604172882
Fidelity (MSE);Tolerancja_0.01;349;9;0.009654365359764583;0.09825663010588437;0.6642011566526609;1.773731891904725
Fidelity (MSE);Tolerancja_0.1;349;4;0.0752973339671532;0.27440359685534954;0.5471179182683512;4.953542681763031
Fidelity (MSE);Tolerancja_1.0;349;1;0.4672494933295741;0.6835565033920562;1.5322537982781474;12.339584297556321
Fidelity (MSE);Tolerancja_0.01;350;26;0.009808242428955996;0.09903657116922009;0.8130428363107587;1.6617075351217976
Fidelity (MSE);Tolerancja_0.1;350;9;0.07933223793235973;0.28165979111751066;1.0949047530041325;4.725892584074655
Fidelity (MSE);Tolerancja_1.0;350;2;0.8919867447159401;0.9444504988171376;1.7034571619319614;15.846676554991006
Fidelity (MSE);Tolerancja_0.01;351;50;0.009985804783731421;0.09992899871274315;1.1045351724445691;1.7997758569313287
Fidelity (MSE);Tolerancja_0.1;351;10;0.08017465330486175;0.283151290487721;1.3317894798954613;5.099709424124983
Fidelity (MSE);Tolerancja_1.0;351;2;0.8837858830456081;0.9400988687609448;2.2078459193120605;16.931694192074787
Fidelity (MSE);Tolerancja_0.01;352;11;0.009255102296270043;0.09620344222672099;0.6896300947184333;1.8463647042932474
Fidelity (MSE);Tolerancja_0.1;352;5;0.09532451559287304;0.3087466851528499;1.202841547488764;5.925557015832282
Fidelity (MSE);Tolerancja_1.0;352;1;0.9929060936053978;0.9964467339528982;1.9328099548388469;19.124098230737737
Fidelity (MSE);Tolerancja_0.01;353;16;0.009218692291564901;0.0960140213279545;0.4558697710296489;1.7271017405030509
Fidelity (MSE);Tolerancja_0.1;353;9;0.07754652683442412;0.27847177026482256;0.6616444787554734;5.009154626099516
Fidelity (MSE);Tolerancja_1.0;353;2;0.9255721069560805;0.9620665813529127;2.4327834796947423;17.305668944528044
Fidelity (MSE);Tolerancja_0.01;354;56;0.009835567446434471;0.09917442939807856;1.1757618749090986;1.756276371653866
Fidelity (MSE);Tolerancja_0.1;354;10;0.08072704381177369;0.284125049602765;1.404252615852731;5.031560193902025
Fidelity (MSE);Tolerancja_1.0;354;2;0.7871183280785901;0.8871968936366887;1.8302049973466818;15.711337597360686
Fidelity (MSE);Tolerancja_0.01;355;15;0.009346092583082428;0.09667519114582825;0.36946999737480457;1.7099259870383168
Fidelity (MSE);Tolerancja_0.1;355;7;0.08576984174217356;0.2928648864957586;0.5871558525903451;5.179997827516416
Fidelity (MSE);Tolerancja_1.0;355;1;0.39641798803197437;0.6296173346025142;1.7957400872371396;11.136249430349286
Fidelity (MSE);Tolerancja_0.01;356;36;0.009938166897689798;0.09969035508859318;1.0381617845135427;1.5053405754416451
Fidelity (MSE);Tolerancja_0.1;356;9;0.06389028512239167;0.25276527673395266;1.4474765835976457;3.8167967883373755
Fidelity (MSE);Tolerancja_1.0;356;3;0.9174322848563133;0.9578268553639083;1.955464110484269;14.463341296614038
Fidelity (MSE);Tolerancja_0.01;357;10;0.006223290930935656;0.0788878376616805;0.1491789223721094;1.3730840085865328
Fidelity (MSE);Tolerancja_0.1;357;6;0.06583482679064975;0.256582982270161;0.5412685166769622;4.4659607903251395
Fidelity (MSE);Tolerancja_1.0;357;2;0.4557645450288919;0.6751033587747078;1.6747198952014886;11.750526488659006
Fidelity (MSE);Tolerancja_0.01;358;6;0.004568033176633097;0.06758722643098396;0.13045974059981802;1.1283905699498333
Fidelity (MSE);Tolerancja_0.1;358;4;0.04388551750198346;0.20948870495084804;0.40791160499538925;3.4974815754412143
Fidelity (MSE);Tolerancja_1.0;358;1;0.7371340505106481;0.8585651113984588;1.5538601494711486;14.334021775242196
Fidelity (MSE);Tolerancja_0.01;359;62;0.009877195429853046;0.09938408036427689;1.2876945878936819;1.995196193791124
Fidelity (MSE);Tolerancja_0.1;359;10;0.0852021951838761;0.29189415065032753;1.7408359106663238;5.859953588469911
Fidelity (MSE);Tolerancja_1.0;359;3;0.8955073515434476;0.9463125020538657;2.199509171670011;18.99780221655589
Fidelity (MSE);Tolerancja_0.01;360;12;0.004446836785834628;0.0666846068132266;0.23905307587106694;1.1864671306294214
Fidelity (MSE);Tolerancja_0.1;360;8;0.07193184148007338;0.26820112132516033;0.5667300861170292;4.771893095831231
Fidelity (MSE);Tolerancja_1.0;360;1;0.9504228472844847;0.9748963264288592;2.056737005053221;17.345568975444408
Fidelity (MSE);Tolerancja_0.01;361;50;0.009890911603731217;0.09945306231449696;1.1596436638092724;1.9544760860142163
Fidelity (MSE);Tolerancja_0.1;361;7;0.0924020312048282;0.30397702413970074;1.5384882854138544;5.973831378867544
Fidelity (MSE);Tolerancja_1.0;361;1;0.29941667385741055;0.5471897969237096;2.286071084745598;10.753508717674475
Fidelity (MSE);Tolerancja_0.01;362;58;0.009850508654020786;0.09924972873525038;1.1952550352277687;1.7723684881933273
Fidelity (MSE);Tolerancja_0.1;362;8;0.08708618479560544;0.29510368482214083;1.3160829313807776;5.2698629849527565
Fidelity (MSE);Tolerancja_1.0;362;2;0.8350236581615463;0.9137962892032043;2.222670443870526;16.31826875750977
Fidelity (MSE);Tolerancja_0.01;363;17;0.009959055642181334;0.09979506822574617;0.6685853831131929;1.6880435768414446
Fidelity (MSE);Tolerancja_0.1;363;6;0.06028080624259354;0.24552149853443292;0.7073511533800154;4.153020744872955
Fidelity (MSE);Tolerancja_1.0;363;2;0.8108886328131965;0.9004935495677893;1.7399597187914209;15.231938605387874
Fidelity (MSE);Tolerancja_0.01;364;11;0.009463849053344835;0.0972823162416728;0.6058471716237568;1.9158658459633715
Fidelity (MSE);Tolerancja_0.1;364;4;0.09876725693144019;0.3142725838049514;0.6285932987008263;6.189245208130072
Fidelity (MSE);Tolerancja_1.0;364;1;0.9408301853666451;0.9699640124080094;1.9221613283468697;19.10235071469288
Fidelity (MSE);Tolerancja_0.01;365;11;0.009758130294680168;0.09878324905914042;0.31313711056246785;1.758684203738003
Fidelity (MSE);Tolerancja_0.1;365;6;0.09357173399055911;0.30589497215639083;0.7243467981137188;5.445990698405178
Fidelity (MSE);Tolerancja_1.0;365;3;0.8248738001665661;0.9082256328504311;1.929052024631761;16.16956406209852
Fidelity (MSE);Tolerancja_0.01;366;6;0.0073578860360124;0.08577812096340418;0.40323833459676717;1.5644597676391911
Fidelity (MSE);Tolerancja_0.1;366;4;0.041018501862804;0.20253024925379418;0.4203585741104998;3.6938373460369607
Fidelity (MSE);Tolerancja_1.0;366;1;0.70799686283;0.8414254945210539;1.4828049717083314;15.346294822728856
Fidelity (MSE);Tolerancja_0.01;367;13;0.00849103688454305;0.09214682243323993;0.7634509309186202;1.6677957285647624
Fidelity (MSE);Tolerancja_0.1;367;8;0.06899618212631678;0.2626712434323879;0.9375970787051022;4.754173461930502
Fidelity (MSE);Tolerancja_1.0;367;2;0.9799706355702917;0.9899346622733703;2.526849729071892;17.917153925669854
Fidelity (MSE);Tolerancja_0.01;368;21;0.009898776407128622;0.09949259473512902;0.7287240677841709;1.662339726261474
Fidelity (MSE);Tolerancja_0.1;368;10;0.057950316192230025;0.2407287190848446;0.7696292838780545;4.0221376681563425
Fidelity (MSE);Tolerancja_1.0;368;2;0.848463933116887;0.9211210197997258;2.0226017587544676;15.390251585899406
Fidelity (MSE);Tolerancja_0.01;369;110;0.009932778520773504;0.09966332585647292;1.6209454776242112;1.7856157632660234
Fidelity (MSE);Tolerancja_0.1;369;12;0.09080839290037436;0.3013443095536638;1.762444582389418;5.399028626482374
Fidelity (MSE);Tolerancja_1.0;369;2;0.6794956280551296;0.8243152479816989;2.450998122614724;14.768825824821349
Fidelity (MSE);Tolerancja_0.01;370;18;0.009335357504897225;0.09661965382310798;0.6202157308326965;1.8164281993308244
Fidelity (MSE);Tolerancja_0.1;370;12;0.08414950592828606;0.29008534249128487;0.7700115142210171;5.4535405113166515
Fidelity (MSE);Tolerancja_1.0;370;3;0.88362969235749;0.9400157936744946;1.8274157982694685;17.67208976522261
Fidelity (MSE);Tolerancja_0.01;371;16;0.00930202109501304;0.09644698593016289;0.19838346703260967;1.8152687702207504
Fidelity (MSE);Tolerancja_0.1;371;10;0.08245095090966373;0.28714273612554386;0.6001178679631227;5.40443266793083
Fidelity (MSE);Tolerancja_1.0;371;1;0.5154391834668209;0.7179409331322605;1.7821846164806217;13.512664415680359
Fidelity (MSE);Tolerancja_0.01;372;10;0.006746261022775332;0.08213562578306281;0.4817525049539455;1.4360210977104362
Fidelity (MSE);Tolerancja_0.1;372;7;0.08007689272093066;0.282978608239087;0.8987024792955811;4.947466434423408
Fidelity (MSE);Tolerancja_1.0;372;2;0.6264706759545584;0.7914990056560769;2.0295831205999306;13.838200660222382
Fidelity (MSE);Tolerancja_0.01;373;19;0.006688656930214734;0.08178420954080766;0.7062267069553458;1.4881291247285238
Fidelity (MSE);Tolerancja_0.1;373;12;0.08754833789056123;0.2958856838215753;0.7322799642326325;5.383876742923072
Fidelity (MSE);Tolerancja_1.0;373;1;0.6676844819559061;0.8171196252421711;1.6938476095287909;14.868145324598355
Fidelity (MSE);Tolerancja_0.01;374;22;0.009403129857080222;0.0969697368104102;0.7492553908910846;1.8440573248164331
Fidelity (MSE);Tolerancja_0.1;374;5;0.09376857931877369;0.30621655624536975;1.0059789631587428;5.82326921881174
Fidelity (MSE);Tolerancja_1.0;374;1;0.5211272762075275;0.7218914573587414;1.4341461351092049;13.728089540631661
Fidelity (MSE);Tolerancja_0.01;375;16;0.008179936198036194;0.09044299971825456;0.8087292331012996;1.6246688000311327
Fidelity (MSE);Tolerancja_0.1;375;10;0.05215375766878881;0.22837197216118446;1.2190609828745416;4.102349757611679
Fidelity (MSE);Tolerancja_1.0;375;2;0.9397340973435333;0.969398832959651;2.2732467836806682;17.413752790181462
Fidelity (MSE);Tolerancja_0.01;376;14;0.009187260417193473;0.0958501977942324;0.6266318844838548;1.7225327710056808
Fidelity (MSE);Tolerancja_0.1;376;6;0.06694547391922827;0.2587382343590299;0.8203177235480057;4.649808743768656
Fidelity (MSE);Tolerancja_1.0;376;1;0.7669514617161196;0.8757576501042509;2.0825683439642946;15.738321740367564
Fidelity (MSE);Tolerancja_0.01;377;30;0.009583084912883486;0.09789323221185153;0.8439492935915647;1.47846869933637
Fidelity (MSE);Tolerancja_0.1;377;9;0.08392186182101045;0.2896927023951595;1.0725729339191563;4.37519104477538
Fidelity (MSE);Tolerancja_1.0;377;3;0.9852513990155909;0.9925983069779994;2.049570938067773;14.991082577653192
Fidelity (MSE);Tolerancja_0.01;378;26;0.009895319489644007;0.0994752204804996;0.7512129848649103;1.7079650962867974
Fidelity (MSE);Tolerancja_0.1;378;12;0.08756603631987578;0.2959155898560868;0.9142565351034984;5.0807979764206035
Fidelity (MSE);Tolerancja_1.0;378;2;0.8001258588451386;0.8944975454662459;2.0019548460483794;15.358303092879835
Fidelity (MSE);Tolerancja_0.01;379;26;0.00943236614330861;0.09712036935323409;0.8551273459302289;1.7358169801816807
Fidelity (MSE);Tolerancja_0.1;379;10;0.09890800287024715;0.31449642743638145;1.1324341583811481;5.620944839748678
Fidelity (MSE);Tolerancja_1.0;379;5;0.8714942436939016;0.9335385603679698;2.0207225335551806;16.68498684191961
Fidelity (MSE);Tolerancja_0.01;380;12;0.009156399679509153;0.0956890781620826;0.6456284850444947;1.7390220895803707
Fidelity (MSE);Tolerancja_0.1;380;8;0.06738769250974777;0.2595913952921933;0.7183948564008364;4.717729330754469
Fidelity (MSE);Tolerancja_1.0;380;1;0.8040247547732646;0.8966742746244394;1.972292591644611;16.29586574226454
Fidelity (MSE);Tolerancja_0.01;381;50;0.009904422410788226;0.0995209646797509;1.18549907031014;1.77733390172326
Fidelity (MSE);Tolerancja_0.1;381;14;0.0857401856978888;0.2928142511864626;1.689495706717869;5.229337328231301
Fidelity (MSE);Tolerancja_1.0;381;4;0.9342752130555433;0.9665791292261298;2.91182946892482;17.26202977030918
Fidelity (MSE);Tolerancja_0.01;382;13;0.007258615367104548;0.08519750798646958;0.4052161023031111;1.45349302909887
Fidelity (MSE);Tolerancja_0.1;382;10;0.097092549809191;0.3115967743882966;0.5573090251829056;5.315927075414096
Fidelity (MSE);Tolerancja_1.0;382;3;0.8113361361796962;0.900741992015303;1.7074937200858855;15.366907288166146
Fidelity (MSE);Tolerancja_0.01;383;62;0.00978588793668315;0.0989236470045618;1.240483063486855;1.6944489763057728
Fidelity (MSE);Tolerancja_0.1;383;11;0.09251668013378174;0.30416554724981876;1.2292256186891546;5.2100080796775865
Fidelity (MSE);Tolerancja_1.0;383;2;0.7491576041833983;0.8655389096877149;1.9374329348852046;14.825691974392443
Fidelity (MSE);Tolerancja_0.01;384;174;0.009981300796101735;0.09990646023206776;2.020402369839646;1.6602266965345054
Fidelity (MSE);Tolerancja_0.1;384;19;0.09888120466739517;0.31445381961012203;2.2149276157528677;5.225534214016713
Fidelity (MSE);Tolerancja_1.0;384;4;0.8038961463792519;0.8966025576470613;2.201823078709384;14.89957204898521
Fidelity (MSE);Tolerancja_0.01;385;16;0.007695356614124359;0.08772318173735127;0.6531732227807465;1.6132290011137622
Fidelity (MSE);Tolerancja_0.1;385;8;0.07945702248378679;0.28188122052344455;0.8727429072713182;5.18379464597262
Fidelity (MSE);Tolerancja_1.0;385;1;0.6462629972796164;0.8039048434234094;1.9423006053359648;14.783807220187366
Fidelity (MSE);Tolerancja_0.01;386;14;0.008345601274300321;0.09135426248566797;0.5520248329362603;1.847231991268734
Fidelity (MSE);Tolerancja_0.1;386;4;0.0863139646209863;0.29379238353127246;0.7526174965525501;5.9406389464881455
Fidelity (MSE);Tolerancja_1.0;386;2;0.445157955547896;0.6672015853907243;1.1729627583820754;13.491172492934526
Fidelity (MSE);Tolerancja_0.01;387;112;0.00994273798794885;0.09971327889478336;1.6253023067752537;1.9190426741018198
Fidelity (MSE);Tolerancja_0.1;387;12;0.09494088635882665;0.3081247902373755;1.678103069677844;5.930048915933606
Fidelity (MSE);Tolerancja_1.0;387;1;0.9393978765236664;0.9692254002674849;3.0576895982167107;18.653332079264608
Fidelity (MSE);Tolerancja_0.01;388;11;0.004122915269935997;0.06420993124070448;0.17382366433396346;1.0894572808981167
Fidelity (MSE);Tolerancja_0.1;388;9;0.05871446011417543;0.24231066859338948;0.36119462457351403;4.111312954825436
Fidelity (MSE);Tolerancja_1.0;388;5;0.9596453550358303;0.9796149013953546;1.9129284924670218;16.62123858691973
Fidelity (MSE);Tolerancja_0.01;389;27;0.009798719137019381;0.09898847981972135;1.0776455514340473;1.6351167805701445
Fidelity (MSE);Tolerancja_0.1;389;14;0.06687862574277864;0.2586090210003871;1.6402074253866532;4.271769307041169
Fidelity (MSE);Tolerancja_1.0;389;4;0.864043319611416;0.9295393050384777;2.1404840863033145;15.354365665944053
Fidelity (MSE);Tolerancja_0.01;390;162;0.009948193817105143;0.0997406327286184;1.963794176668146;1.6773668227635337
Fidelity (MSE);Tolerancja_0.1;390;18;0.09567226075155312;0.30930932858798993;2.3341857934007315;5.20174367808971
Fidelity (MSE);Tolerancja_1.0;390;1;0.8170481817930537;0.9039071754295647;2.74919631001263;15.201266178537212
Fidelity (MSE);Tolerancja_0.01;391;18;0.009284352349937863;0.09635534416905926;0.7241720598938404;1.7184017275780898
Fidelity (MSE);Tolerancja_0.1;391;7;0.07421931354757746;0.2724322182627772;0.6869725313223789;4.858557649789548
Fidelity (MSE);Tolerancja_1.0;391;1;0.6836303687542798;0.8268194293521892;1.982743114495138;14.745502162299049
Fidelity (MSE);Tolerancja_0.01;392;20;0.008420099281846342;0.09176109895727243;0.7010559960653344;1.5964893064250159
Fidelity (MSE);Tolerancja_0.1;392;11;0.09781539951667693;0.3127545355653167;0.7738522627562379;5.441404661014886
Fidelity (MSE);Tolerancja_1.0;392;1;0.5466397644059049;0.7393509074897419;2.589978700902093;12.863466446196647
Fidelity (MSE);Tolerancja_0.01;393;13;0.009538710711520062;0.09766632332344687;0.5558573626546162;1.8370481088869226
Fidelity (MSE);Tolerancja_0.1;393;8;0.06643762969324048;0.2577549799581775;0.7833115240207604;4.848224878090408
Fidelity (MSE);Tolerancja_1.0;393;1;0.7633504717171541;0.8736993028022594;2.469105050406725;16.433787997048437
Fidelity (MSE);Tolerancja_0.01;394;18;0.009025052665607502;0.09500027718700352;0.65462547469276;1.721370489157981
Fidelity (MSE);Tolerancja_0.1;394;6;0.08218040205405998;0.2866712438561984;0.756084846909137;5.194378731052584
Fidelity (MSE);Tolerancja_1.0;394;1;0.9344452589227209;0.966667087948442;2.0909664788892215;17.51565624128908
Fidelity (MSE);Tolerancja_0.01;395;14;0.008156023709721138;0.09031070650659942;0.36662622510285114;1.5301251595547507
Fidelity (MSE);Tolerancja_0.1;395;8;0.05656417748208262;0.2378322465143922;0.5814433293556789;4.029567680533054
Fidelity (MSE);Tolerancja_1.0;395;2;0.800052638519567;0.8944566163428872;1.948112432820305;15.154687918385964
Fidelity (MSE);Tolerancja_0.01;396;21;0.007135769509325007;0.08447348406053232;0.6624788055539552;1.412747345837458
Fidelity (MSE);Tolerancja_0.1;396;14;0.09187841313109911;0.3031145214784325;1.0084674814058872;5.0693331814819915
Fidelity (MSE);Tolerancja_1.0;396;2;0.9073285874629324;0.9525379716646116;2.0962731440726836;15.930389355247529
Fidelity (MSE);Tolerancja_0.01;397;56;0.009968174566947369;0.09984074602559502;1.174788383580772;1.7492448174434683
Fidelity (MSE);Tolerancja_0.1;397;9;0.08232446374469429;0.28692240021422916;1.3706719433962693;5.026980882680056
Fidelity (MSE);Tolerancja_1.0;397;4;0.8012053469166551;0.8951007467970603;1.7735152713236193;15.6824783943736
Fidelity (MSE);Tolerancja_0.01;398;88;0.009836116076103671;0.09917719534300046;1.4442666197834262;1.770516569680319
Fidelity (MSE);Tolerancja_0.1;398;12;0.0881732246342252;0.29693976600351996;1.7606101583090599;5.3009845064481675
Fidelity (MSE);Tolerancja_1.0;398;1;0.7432153316226895;0.8620993745634488;1.779413469067491;15.39024391743248
Fidelity (MSE);Tolerancja_0.01;399;13;0.009422676338471726;0.09707047099129439;0.4582341006685047;1.7207646599473145
Fidelity (MSE);Tolerancja_0.1;399;7;0.08704987705767613;0.29504216149166906;0.670240912111133;5.230201517564128
Fidelity (MSE);Tolerancja_1.0;399;1;0.43030546129066033;0.6559767231317437;1.519765213128796;11.62847518288421
Fidelity (MSE);Tolerancja_0.01;400;42;0.009899523462037861;0.0994963489884823;1.0629563263286341;1.8210706421676068
Fidelity (MSE);Tolerancja_0.1;400;10;0.06996063704520092;0.26450073165343213;1.3466878883019682;4.841127560385921
Fidelity (MSE);Tolerancja_1.0;400;2;0.9406306834301796;0.969861167090517;2.37455929173616;17.751261391223572
Fidelity (MSE);Tolerancja_0.01;401;64;0.009940328322882882;0.09970119519285053;1.3592199344895572;1.8594232719851314
Fidelity (MSE);Tolerancja_0.1;401;12;0.0820590790729226;0.2864595592276903;1.8496919520376034;5.342459234117246
Fidelity (MSE);Tolerancja_1.0;401;2;0.6972665513249778;0.8350248806622338;1.9719108680341666;15.573180369469677
Fidelity (MSE);Tolerancja_0.01;402;76;0.009839470704394062;0.09919410619786874;1.353273277199226;1.76525796066259
Fidelity (MSE);Tolerancja_0.1;402;13;0.08461409579231147;0.2908850216018547;1.5531013908965736;5.176588808571936
Fidelity (MSE);Tolerancja_1.0;402;4;0.9632318108173895;0.9814437379785912;2.1627913989320584;17.46576926610163
Fidelity (MSE);Tolerancja_0.01;403;14;0.009473110783704365;0.0973299069336058;0.743897754808371;1.6043605674226782
Fidelity (MSE);Tolerancja_0.1;403;7;0.0669260465858006;0.25870068918694555;1.154543862932539;4.264354067241985
Fidelity (MSE);Tolerancja_1.0;403;1;0.6830732185142605;0.826482436906109;2.0483311221375042;13.623518949258685
Fidelity (MSE);Tolerancja_0.01;404;24;0.009888716362763826;0.09944202513406405;0.7651913313336567;1.7201221717042143
Fidelity (MSE);Tolerancja_0.1;404;7;0.05354835889231249;0.23140518337390908;0.7776008172130804;4.002786407779917
Fidelity (MSE);Tolerancja_1.0;404;4;0.4797499704206838;0.6926398562172724;1.6808386661479537;11.98110328182792
Fidelity (MSE);Tolerancja_0.01;405;64;0.009911039074090142;0.09955420168978375;1.328260374053455;1.8076285343839897
Fidelity (MSE);Tolerancja_0.1;405;14;0.07793051262878008;0.27916037080642386;1.8993402177328989;5.068779050745892
Fidelity (MSE);Tolerancja_1.0;405;2;0.8920841722068068;0.9445020763380072;1.8955641012172908;17.149541405530766
Fidelity (MSE);Tolerancja_0.01;406;16;0.008491837925273615;0.0921511688763285;0.4879834371880172;1.647373443691755
Fidelity (MSE);Tolerancja_0.1;406;8;0.07781282076564869;0.2789494950087716;0.6967629953480787;4.986740763162688
Fidelity (MSE);Tolerancja_1.0;406;1;0.39986105348527584;0.6323456756278767;1.8434238640142375;11.304354420731343
Fidelity (MSE);Tolerancja_0.01;407;18;0.009531424564338978;0.09762901497167212;0.8317692506828598;2.0580861170477522
Fidelity (MSE);Tolerancja_0.1;407;8;0.08133380691103573;0.28519082543278934;1.1559434554666215;6.012016803641012
Fidelity (MSE);Tolerancja_1.0;407;2;0.8454880008822487;0.9195042147169575;1.8102917789862958;19.383774991737518
Fidelity (MSE);Tolerancja_0.01;408;36;0.009816003756653013;0.09907574757049786;0.998684185645998;1.7052524799041795
Fidelity (MSE);Tolerancja_0.1;408;12;0.07150739297449425;0.2674086628635921;1.0025920909374975;4.602531867564586
Fidelity (MSE);Tolerancja_1.0;408;6;0.7794153208437558;0.8828450151888245;2.1053604165073088;15.195178320007713
Fidelity (MSE);Tolerancja_0.01;409;28;0.009454883981961112;0.09723622772383302;0.9595601282005983;1.9101251075803856
Fidelity (MSE);Tolerancja_0.1;409;7;0.09922205948312594;0.31499533247831774;1.0488066917949341;6.1878222491964445
Fidelity (MSE);Tolerancja_1.0;409;1;0.6938979856428725;0.8330053935256797;1.6398490796823864;16.363700589479823
Fidelity (MSE);Tolerancja_0.01;410;25;0.009832175316382653;0.09915732608528052;0.8162549200456501;1.7703874992680377
Fidelity (MSE);Tolerancja_0.1;410;6;0.07085131714474688;0.2661791072656659;0.9810029302885646;4.7524492911816685
Fidelity (MSE);Tolerancja_1.0;410;1;0.3869475135676818;0.622051053827322;1.4541132629713607;11.106304022914541
Fidelity (MSE);Tolerancja_0.01;411;105;0.009955423916489153;0.09977687064890918;1.6318356116585244;1.8171436593158528
Fidelity (MSE);Tolerancja_0.1;411;16;0.08819871032567309;0.2969826768107411;2.09245736174819;5.408670211678834
Fidelity (MSE);Tolerancja_1.0;411;4;0.8089236889176964;0.8994018506305712;2.414469590691957;16.37997222624013
Fidelity (MSE);Tolerancja_0.01;412;16;0.009661618614578288;0.09829353292347512;0.7696232972451265;1.6872282698227707
Fidelity (MSE);Tolerancja_0.1;412;6;0.0770333756754849;0.27754887078762347;0.9854000012596105;4.764182211405954
Fidelity (MSE);Tolerancja_1.0;412;2;0.5289919050584062;0.7273182969363594;1.4810217905712877;12.48456490729413
Fidelity (MSE);Tolerancja_0.01;413;38;0.009818717721339635;0.09908944303678185;1.0620303260942352;1.7524610596941574
Fidelity (MSE);Tolerancja_0.1;413;8;0.08756364582544972;0.29591155067933683;1.7071191088891915;5.233387672658108
Fidelity (MSE);Tolerancja_1.0;413;1;0.41411362932033496;0.643516611534104;1.7699887363299895;11.381008596054324
Fidelity (MSE);Tolerancja_0.01;414;34;0.009792355800644212;0.09895633279706868;1.1110547727255247;1.727954952305059
Fidelity (MSE);Tolerancja_0.1;414;10;0.0899958195765393;0.2999930325466565;1.7920898615202772;5.23841609317765
Fidelity (MSE);Tolerancja_1.0;414;2;0.9350290578685717;0.9669690056400835;1.8412084194469842;16.885012154277973
Fidelity (MSE);Tolerancja_0.01;415;13;0.009680897740080428;0.09839155319477597;0.600163912698199;1.6767475762768924
Fidelity (MSE);Tolerancja_0.1;415;6;0.04997311432708768;0.22354667147396243;0.7100496849440443;3.809588601947536
Fidelity (MSE);Tolerancja_1.0;415;3;0.6660493303578181;0.8161184536314677;1.6530991156506976;13.907948341586549
Fidelity (MSE);Tolerancja_0.01;416;16;0.009523862126692314;0.09759027680405623;0.8381380638921883;1.5815648568510783
Fidelity (MSE);Tolerancja_0.1;416;8;0.08505947459543113;0.2916495749961435;1.5349105116569133;4.726523311903156
Fidelity (MSE);Tolerancja_1.0;416;2;0.8682743710223849;0.9318124119276288;2.261255226871861;15.101112653275358
Fidelity (MSE);Tolerancja_0.01;417;20;0.009908121635929653;0.09953954809988667;1.0087666299332092;1.8148707489586424
Fidelity (MSE);Tolerancja_0.1;417;10;0.06232774062680001;0.249655243539566;1.6272678119010706;4.55187920251991
Fidelity (MSE);Tolerancja_1.0;417;5;0.8752817039420057;0.9355649116667457;1.837311208371938;17.057837054194803
Fidelity (MSE);Tolerancja_0.01;418;86;0.009936056535280213;0.09967976993994425;1.4473795371863272;1.6614456883380917
Fidelity (MSE);Tolerancja_0.1;418;10;0.09774848332014967;0.3126475384840726;1.7385434243020113;5.21115673819111
Fidelity (MSE);Tolerancja_1.0;418;1;0.5014471402742905;0.7081293245405746;1.990846527001307;11.802980823014941
Fidelity (MSE);Tolerancja_0.01;419;56;0.009803786905079253;0.09901407427774726;1.170916762056886;1.7817139599195235
Fidelity (MSE);Tolerancja_0.1;419;8;0.07953952215910193;0.2820275202158504;1.3185691294408874;5.074959024921147
Fidelity (MSE);Tolerancja_1.0;419;1;0.6505131602638813;0.8065439605278074;2.119822006286576;14.513397658297736
Fidelity (MSE);Tolerancja_0.01;420;24;0.009506643920736671;0.097502020085415;0.7713434476834315;1.7516137377863426
Fidelity (MSE);Tolerancja_0.1;420;11;0.089851145904664;0.299751807174976;0.9480391350872219;5.385010309673687
Fidelity (MSE);Tolerancja_1.0;420;2;0.7380982492124202;0.8591264454155861;1.8779633474541093;15.434118010756945
Fidelity (MSE);Tolerancja_0.01;421;52;0.009746071523361849;0.09872219367174662;1.1597562136038233;1.971323961941352
Fidelity (MSE);Tolerancja_0.1;421;7;0.09125785228743975;0.30208914625891437;1.6742081379298104;6.032236020227686
Fidelity (MSE);Tolerancja_1.0;421;3;0.7571050080486962;0.8701178127407209;1.7647175484969384;17.37485797439973
Fidelity (MSE);Tolerancja_0.01;422;52;0.00984111967977622;0.09920241771134522;1.1233504266186838;1.764234296392328
Fidelity (MSE);Tolerancja_0.1;422;14;0.07208463199257563;0.2684858133916495;1.1355362989236495;4.774801774071756
Fidelity (MSE);Tolerancja_1.0;422;2;0.9510749023255192;0.9752306918496357;2.69607633291671;17.34368449024985
Fidelity (MSE);Tolerancja_0.01;423;14;0.007686183353684777;0.08767088087663302;0.5291027318857733;1.7520531489056401
Fidelity (MSE);Tolerancja_0.1;423;8;0.0902352735739028;0.3003918666906659;0.585626435015461;6.003162175153875
Fidelity (MSE);Tolerancja_1.0;423;1;0.9124677691484331;0.9552317881794099;2.113335329273458;19.08976898235513
Fidelity (MSE);Tolerancja_0.01;424;28;0.00990178000404536;0.09950768816551493;0.8584855309751571;1.6662068358317825
Fidelity (MSE);Tolerancja_0.1;424;4;0.09187061730731416;0.3031016616703283;1.1579514721493682;5.075286844037994
Fidelity (MSE);Tolerancja_1.0;424;1;0.8288907478366462;0.9104343731629678;1.2916124240607143;15.244771576012536
Fidelity (MSE);Tolerancja_0.01;425;32;0.009814071857692765;0.09906599748497344;0.9380220338089744;1.7974353964115026
Fidelity (MSE);Tolerancja_0.1;425;10;0.0687374217713171;0.26217822520437717;1.0349462436270258;4.7569139171305865
Fidelity (MSE);Tolerancja_1.0;425;1;0.6899938358284348;0.8306586758882585;1.9321779133161128;15.071319567587615
Fidelity (MSE);Tolerancja_0.01;426;12;0.007755026671184091;0.08806262925432155;0.6942025196429586;1.72076222920359
Fidelity (MSE);Tolerancja_0.1;426;7;0.09095188418449882;0.30158230084754445;0.7233624170111312;5.892981355304032
Fidelity (MSE);Tolerancja_1.0;426;2;0.721124004583855;0.8491902051860083;2.4357166261921828;16.59335455762605
Fidelity (MSE);Tolerancja_0.01;427;41;0.009981011951952522;0.09990501464867778;1.0833159708419413;1.941937702790051
Fidelity (MSE);Tolerancja_0.1;427;10;0.06267992664455051;0.2503595946724441;1.3174626444259894;4.8664497759131145
Fidelity (MSE);Tolerancja_1.0;427;2;0.6552480571133399;0.8094739385016295;2.0094709774267216;15.734425004892122
Fidelity (MSE);Tolerancja_0.01;428;34;0.00963506514813613;0.09815836769290802;0.9710004642923167;1.6276034810551874
Fidelity (MSE);Tolerancja_0.1;428;7;0.07256084350609886;0.2693712002165392;1.396665644149257;4.466552505641654
Fidelity (MSE);Tolerancja_1.0;428;2;0.6912233970758924;0.8313984586682203;1.8881689856795267;13.785753138293893
Fidelity (MSE);Tolerancja_0.01;429;134;0.009922642375076783;0.09961246094277956;1.8017117261751272;1.4922410727493516
Fidelity (MSE);Tolerancja_0.1;429;15;0.09544733311537762;0.3089455180373679;2.183031860564408;4.6281477928952155
Fidelity (MSE);Tolerancja_1.0;429;4;0.7437895878314427;0.8624323671056431;2.079126878279993;12.919638652464924
Fidelity (MSE);Tolerancja_0.01;430;18;0.006358352917345151;0.07973928089307773;0.4066334537616756;1.439198608261771
Fidelity (MSE);Tolerancja_0.1;430;10;0.0850177059168358;0.29157795855797436;0.5729773312653301;5.262633265016995
Fidelity (MSE);Tolerancja_1.0;430;1;0.7267454577081941;0.8524936701865851;2.2010294511013377;15.386490697472691
Fidelity (MSE);Tolerancja_0.01;431;122;0.009935945929058988;0.09967921513063287;1.7295278117562898;1.8214918480322317
Fidelity (MSE);Tolerancja_0.1;431;16;0.09418868648865371;0.3069017538051122;1.9766918251069185;5.608180621909935
Fidelity (MSE);Tolerancja_1.0;431;3;0.9246489077410915;0.9615866615865112;3.1304893513441385;17.571589653479226
Fidelity (MSE);Tolerancja_0.01;432;14;0.009862161234576134;0.09930841472189622;0.5872716768116941;1.7381061652685836
Fidelity (MSE);Tolerancja_0.1;432;6;0.05577565385789317;0.2361686978790652;0.6009827325274051;4.133449023192893
Fidelity (MSE);Tolerancja_1.0;432;2;0.6522909302301494;0.8076452997635468;1.6161903854451998;14.135491728473843
Fidelity (MSE);Tolerancja_0.01;433;39;0.009944236312144104;0.09972079177455474;1.0299071232082753;1.7494545182277232
Fidelity (MSE);Tolerancja_0.1;433;13;0.0807164745703663;0.28410644936425905;1.1841219920621775;4.9842294937008695
Fidelity (MSE);Tolerancja_1.0;433;2;0.812911260430707;0.901615916247438;2.1412808154396146;15.817524212514222
Fidelity (MSE);Tolerancja_0.01;434;50;0.00983252407892127;0.09915908470191356;1.1822729044635683;1.776728495579047
Fidelity (MSE);Tolerancja_0.1;434;14;0.07651387346296237;0.27661141238741827;1.4383861390824064;4.956312173196258
Fidelity (MSE);Tolerancja_1.0;434;4;0.8625696400588025;0.9287462732408688;2.76299911413009;16.641238407861696
Fidelity (MSE);Tolerancja_0.01;435;13;0.008073252590390672;0.08985128040484827;0.4753556064931148;1.5541516921576517
Fidelity (MSE);Tolerancja_0.1;435;6;0.08701990507853997;0.29499136441350277;0.7543151118497677;5.1024462434972895
Fidelity (MSE);Tolerancja_1.0;435;1;0.356415280005535;0.5970052596129577;1.3539889995791743;10.326360740480125
Fidelity (MSE);Tolerancja_0.01;436;8;0.0048603702559703865;0.06971635572783755;0.21264329949549765;1.1990913063191337
Fidelity (MSE);Tolerancja_0.1;436;2;0.0768809230654074;0.2772740937509442;0.5721713648185052;4.768995048768972
Fidelity (MSE);Tolerancja_1.0;436;1;0.17073977759763892;0.4132067008140586;0.6949612645483203;7.106977372615421
Fidelity (MSE);Tolerancja_0.01;437;22;0.009798746266127298;0.09898861685126881;0.6653316893076218;1.6489078414902085
Fidelity (MSE);Tolerancja_0.1;437;11;0.08334962528063311;0.28870335169622313;0.7968984854360297;4.809090536052945
Fidelity (MSE);Tolerancja_1.0;437;3;0.9298905925251189;0.9643083492976294;2.2716801655838887;16.06301461066389
Fidelity (MSE);Tolerancja_0.01;438;15;0.00952554828039665;0.09759891536485767;0.274524569737463;1.7765564673695378
Fidelity (MSE);Tolerancja_0.1;438;8;0.06466819195265028;0.2542994139840874;0.6631446875962679;4.628916898029227
Fidelity (MSE);Tolerancja_1.0;438;1;0.6026872067725507;0.7763293159301345;1.6205872720151495;14.131231498509605
Fidelity (MSE);Tolerancja_0.01;439;19;0.00830827549065686;0.09114974213159827;0.9095227039536296;1.580335948471225
Fidelity (MSE);Tolerancja_0.1;439;10;0.09847080442623318;0.31380058066586364;1.0877823846830204;5.44061153306867
Fidelity (MSE);Tolerancja_1.0;439;1;0.8760995051546135;0.9360018724097797;1.9384922151399584;16.228212743267527
Fidelity (MSE);Tolerancja_0.01;440;52;0.009893896001649827;0.09946806523527954;1.2536880397365717;1.8351663979397577
Fidelity (MSE);Tolerancja_0.1;440;14;0.08687143353214244;0.2947396029245857;1.6825812606242954;5.437888171946268
Fidelity (MSE);Tolerancja_1.0;440;1;0.9503197500483519;0.9748434489949409;2.2569067332848305;17.985671447570184
Fidelity (MSE);Tolerancja_0.01;441;14;0.009597044280960438;0.09796450520959332;0.19024624000380275;1.6500177262338904
Fidelity (MSE);Tolerancja_0.1;441;10;0.06431907438282655;0.2536120548846733;0.6458839155452134;4.271591891889988
Fidelity (MSE);Tolerancja_1.0;441;1;0.5779285558475393;0.7602161244327427;1.5852214244200358;12.804332328317813
Fidelity (MSE);Tolerancja_0.01;442;19;0.0037314841689016246;0.06108587536330821;0.31978329106794234;1.3081151737305132
Fidelity (MSE);Tolerancja_0.1;442;16;0.054013887878677246;0.23240888080853805;0.6304009065483749;4.976888383562166
Fidelity (MSE);Tolerancja_1.0;442;2;0.906611846209591;0.9521616702060586;2.339108258464133;20.389936646291844
Fidelity (MSE);Tolerancja_0.01;443;14;0.00853585031676827;0.09238966563836169;0.6547797366515233;1.6188583372513454
Fidelity (MSE);Tolerancja_0.1;443;10;0.041518969826573084;0.2037620421633359;0.6022801289063375;3.5703330939917644
Fidelity (MSE);Tolerancja_1.0;443;2;0.830548962387145;0.911344590364778;2.0421680144718746;15.968645172889865
Fidelity (MSE);Tolerancja_0.01;444;18;0.007431358587323112;0.0862053280680673;0.6561858090890746;1.4524585392943843
Fidelity (MSE);Tolerancja_0.1;444;10;0.08184221084382377;0.2860807767813555;0.7733555503431289;4.820125118437662
Fidelity (MSE);Tolerancja_1.0;444;1;0.9401978796371925;0.9696380147442614;1.899336104883342;16.337261815507773
Fidelity (MSE);Tolerancja_0.01;445;30;0.009333211451473537;0.09660854750731705;0.7379635477293727;1.7187028102291348
Fidelity (MSE);Tolerancja_0.1;445;12;0.08317064654088417;0.28839321514363714;0.9297392554052761;5.1306250027291185
Fidelity (MSE);Tolerancja_1.0;445;4;0.7210059376768903;0.8491206849894132;2.14236832199241;15.106179993074212
Fidelity (MSE);Tolerancja_0.01;446;42;0.009809062300138319;0.09904071031721409;1.0267059056401404;1.9005769334325413
Fidelity (MSE);Tolerancja_0.1;446;8;0.087234209465233;0.29535437945836013;1.3223066116549393;5.667807904334821
Fidelity (MSE);Tolerancja_1.0;446;2;0.679220178239775;0.8241481530888576;1.5882563765083848;15.815284083432788
Fidelity (MSE);Tolerancja_0.01;447;10;0.006455739814434086;0.08034761859840082;0.48077813795040747;1.3069472613435242
Fidelity (MSE);Tolerancja_0.1;447;5;0.09886711244032403;0.3144314113448655;0.9118639094468222;5.114591808769927
Fidelity (MSE);Tolerancja_1.0;447;1;0.22537311822129327;0.4747347872457771;0.946790625316968;7.72211225271732
Fidelity (MSE);Tolerancja_0.01;448;14;0.008477909915157397;0.09207556633090777;0.605315208795238;1.6604817870181157
Fidelity (MSE);Tolerancja_0.1;448;10;0.06382656289905081;0.25263919509658594;0.6166412293756549;4.5560706152722235
Fidelity (MSE);Tolerancja_1.0;448;3;0.8486186424914204;0.9212049948254842;2.2153029613129447;16.61292107094394
Fidelity (MSE);Tolerancja_0.01;449;14;0.008804741823108947;0.0938335857947939;0.33575765482359365;1.6621000050694124
Fidelity (MSE);Tolerancja_0.1;449;10;0.05556033559220515;0.23571240016640013;0.4454791611787927;4.175238302927924
Fidelity (MSE);Tolerancja_1.0;449;2;0.8540829678367969;0.9241660932087895;2.015474445045152;16.37000712694209
Fidelity (MSE);Tolerancja_0.01;450;30;0.009944327081598382;0.09972124689151446;1.0331402806204633;1.738484004854313
Fidelity (MSE);Tolerancja_0.1;450;11;0.0824997772509872;0.28722774457037953;1.1581800500618336;5.007366586874029
Fidelity (MSE);Tolerancja_1.0;450;1;0.9008649060355847;0.9491390340912045;2.338794424184825;16.546754885100015
Fidelity (MSE);Tolerancja_0.01;451;17;0.006830659053952112;0.08264780126507972;0.48801651380840116;1.4573494248432608
Fidelity (MSE);Tolerancja_0.1;451;13;0.09072602718064518;0.30120761474545293;0.5476634031557901;5.3112694758785715
Fidelity (MSE);Tolerancja_1.0;451;2;0.8315171330648123;0.9118756127152499;1.9958575682911688;16.07933156572261
Fidelity (MSE);Tolerancja_0.01;452;112;0.009955362705730664;0.09977656391022224;1.6392643956085076;1.75381324797157
Fidelity (MSE);Tolerancja_0.1;452;12;0.09722078781484925;0.31180248205370215;1.8090536108221933;5.480679052730695
Fidelity (MSE);Tolerancja_1.0;452;4;0.7851626077885929;0.88609401746575;1.896399767240191;15.575234963774598
Fidelity (MSE);Tolerancja_0.01;453;9;0.0092730107398666;0.09629647314344696;0.31509728371150647;1.6514609464376704
Fidelity (MSE);Tolerancja_0.1;453;6;0.09766310830730345;0.31251097309903125;0.6610803918777846;5.359486703500361
Fidelity (MSE);Tolerancja_1.0;453;1;0.6239374372980253;0.7898971055131329;1.527487005479621;13.546542037068008
Fidelity (MSE);Tolerancja_0.01;454;18;0.005151015266304718;0.07177057381897345;0.20414977208031182;1.3363582140901575
Fidelity (MSE);Tolerancja_0.1;454;10;0.08325593408766478;0.2885410440260879;0.7026855284169393;5.372594557471347
Fidelity (MSE);Tolerancja_1.0;454;1;0.6075594026635482;0.7794609693009319;1.9329580909502484;14.513456051156803
Fidelity (MSE);Tolerancja_0.01;455;12;0.007910636526909078;0.08894175918492436;0.6949254482247094;1.569857378271524
Fidelity (MSE);Tolerancja_0.1;455;7;0.0957576296271034;0.30944729701049806;0.6795810050814639;5.461867708149079
Fidelity (MSE);Tolerancja_1.0;455;2;0.7449214409507762;0.8630883158465165;1.9320527487890025;15.233851602985354
Fidelity (MSE);Tolerancja_0.01;456;14;0.009201277587060594;0.0959232901179927;0.6049090755522117;1.7207737874377238
Fidelity (MSE);Tolerancja_0.1;456;4;0.09016366090622001;0.30027264428552264;0.9155634263672248;5.386609391061947
Fidelity (MSE);Tolerancja_1.0;456;1;0.6269638513228621;0.791810489525658;1.2830440716219416;14.204336958396407
Fidelity (MSE);Tolerancja_0.01;457;11;0.008840765195172563;0.09402534336641671;0.6545566415409221;1.777164094398758
Fidelity (MSE);Tolerancja_0.1;457;5;0.07632200680896688;0.2762643784655685;0.6330172364537479;5.22164680704328
Fidelity (MSE);Tolerancja_1.0;457;1;0.9176259746380104;0.9579279590021426;2.0391355256767962;18.105705470545963
Fidelity (MSE);Tolerancja_0.01;458;15;0.009491222132370976;0.09742290353079698;0.7711341033725807;2.4601680005887787
Fidelity (MSE);Tolerancja_0.1;458;4;0.08371901703641861;0.289342387210064;1.0723032219230841;7.306607136823281
Fidelity (MSE);Tolerancja_1.0;458;1;0.27924153378527067;0.5284330930073085;1.304197238111687;13.34423568537733
Fidelity (MSE);Tolerancja_0.01;459;22;0.009225476726523064;0.0960493452685809;0.7656774663949921;1.8679258876255427
Fidelity (MSE);Tolerancja_0.1;459;12;0.07026133098304967;0.26506854016093584;0.9975994969743747;5.154937670602595
Fidelity (MSE);Tolerancja_1.0;459;2;0.9530505403981507;0.9762430744431178;2.222102067545377;18.985550669484454
Fidelity (MSE);Tolerancja_0.01;460;11;0.00926389313292068;0.09624912016699519;0.4987379165289987;1.7446425749172028
Fidelity (MSE);Tolerancja_0.1;460;7;0.07085426215421568;0.2661846392153681;0.5553503449708082;4.824948566369887
Fidelity (MSE);Tolerancja_1.0;460;2;0.660719346566449;0.8128464471020643;1.857109610362647;14.73391669475993
Fidelity (MSE);Tolerancja_0.01;461;22;0.009758251754538254;0.09878386383685472;0.9277419253300607;1.7383135619965344
Fidelity (MSE);Tolerancja_0.1;461;10;0.08807181302788082;0.29676895563363903;1.218506647276901;5.222285101233677
Fidelity (MSE);Tolerancja_1.0;461;1;0.7455222368104912;0.863436295745373;2.6045828599234966;15.19401007934923
Fidelity (MSE);Tolerancja_0.01;462;124;0.00993315889871762;0.0996652341527256;1.7201717700019845;1.8768644930561982
Fidelity (MSE);Tolerancja_0.1;462;14;0.0956254013273802;0.30923357082855707;1.9150265692828423;5.8233898117343195
Fidelity (MSE);Tolerancja_1.0;462;4;0.7913699877756805;0.8895897862361508;2.2041913960955006;16.752476401285055
Fidelity (MSE);Tolerancja_0.01;463;16;0.008929241630974069;0.09449466456353009;0.5142441463144092;1.6928369643852612
Fidelity (MSE);Tolerancja_0.1;463;8;0.09847389045895893;0.31380549781506206;0.7927751094402895;5.621709424361284
Fidelity (MSE);Tolerancja_1.0;463;1;0.4915772217785068;0.701125681870595;1.4666746993620086;12.56040726143221
Fidelity (MSE);Tolerancja_0.01;464;20;0.009318332385068817;0.09653150980415057;0.9116443750848795;1.746818298817359
Fidelity (MSE);Tolerancja_0.1;464;10;0.058398137663280864;0.24165706623908365;1.3199969199123407;4.372986460083313
Fidelity (MSE);Tolerancja_1.0;464;2;0.8523117895377241;0.9232073383253212;2.1049482210210795;16.70620790518082
Fidelity (MSE);Tolerancja_0.01;465;17;0.009900149785395575;0.09949949640774859;0.6857914818418678;1.681590424099035
Fidelity (MSE);Tolerancja_0.1;465;9;0.08717698115271194;0.2952574828056216;0.7139705584081453;4.989996669881169
Fidelity (MSE);Tolerancja_1.0;465;1;0.8534851085039494;0.9238425777717486;1.6669178116625645;15.613393918996344
Fidelity (MSE);Tolerancja_0.01;466;20;0.007062720922253429;0.08403999596771426;0.6548028709578455;1.4989875679817244
Fidelity (MSE);Tolerancja_0.1;466;12;0.09010548810042251;0.30017576201356183;0.7162643953583396;5.354114196300432
Fidelity (MSE);Tolerancja_1.0;466;1;0.49667110995997626;0.7047489694635788;1.6384992940020195;12.570323589492777
Fidelity (MSE);Tolerancja_0.01;467;5;0.009351915387163737;0.09670530175312901;0.26391486803990105;1.8990118717084417
Fidelity (MSE);Tolerancja_0.1;467;4;0.03995889179643963;0.19989720307307862;0.3855721815377615;3.9254017605586644
Fidelity (MSE);Tolerancja_1.0;467;1;0.302675685741542;0.5501596911275326;1.1085993196821025;10.803541955266475
Fidelity (MSE);Tolerancja_0.01;468;22;0.009387888267820076;0.09689111552572854;0.7802449590665432;1.8967428305391796
Fidelity (MSE);Tolerancja_0.1;468;8;0.08592064174594474;0.29312223004396093;0.9348903263139654;5.738167893834438
Fidelity (MSE);Tolerancja_1.0;468;4;0.6836592984297022;0.8268369237217834;1.798732961873084;16.186179698570154
Fidelity (MSE);Tolerancja_0.01;469;12;0.0048480004187012584;0.06962758374883662;0.18952477416433844;1.3131479876926722
Fidelity (MSE);Tolerancja_0.1;469;7;0.09536327825565893;0.30880945298947526;0.7562338604640884;5.824021026442408
Fidelity (MSE);Tolerancja_1.0;469;1;0.29863580391253647;0.546475803592928;1.3324190168623833;10.306311998407951
Fidelity (MSE);Tolerancja_0.01;470;19;0.009935527515008402;0.09967711630564159;0.8330353497767486;1.6955922751703396
Fidelity (MSE);Tolerancja_0.1;470;6;0.0881613592490083;0.2969197858833397;1.5104662591276652;5.050857347691219
Fidelity (MSE);Tolerancja_1.0;470;1;0.8832737943122188;0.9398264703189726;1.8301937538889348;15.987245238787699
Fidelity (MSE);Tolerancja_0.01;471;12;0.008454862747143278;0.09195032760759082;0.3056227437036281;1.6787662076189078
Fidelity (MSE);Tolerancja_0.1;471;7;0.08768080771135175;0.2961094522492515;0.7202023765662444;5.406163905299135
Fidelity (MSE);Tolerancja_1.0;471;1;0.5628705763860278;0.7502470102479768;1.687886588776574;13.69749690883586
Fidelity (MSE);Tolerancja_0.01;472;74;0.009990738967380366;0.09995368411109401;1.339158877758348;1.7468858274807746
Fidelity (MSE);Tolerancja_0.1;472;10;0.09918312320739378;0.3149335218858002;1.433193308892318;5.504078322610306
Fidelity (MSE);Tolerancja_1.0;472;2;0.9467265532226654;0.9729987426624278;2.0248630579910123;17.005053178674725
Fidelity (MSE);Tolerancja_0.01;473;15;0.0032721320028325338;0.057202552415364594;0.28600756363980384;1.0551408527773043
Fidelity (MSE);Tolerancja_0.1;473;10;0.07990353887062726;0.2826721402448909;0.7116149717254991;5.214084171430568
Fidelity (MSE);Tolerancja_1.0;473;1;0.7865328583703738;0.8868668774795763;2.239857430997911;16.3588762020416
Fidelity (MSE);Tolerancja_0.01;474;17;0.009798596533907801;0.0989878605380872;0.8568569285552838;1.8800890463279214
Fidelity (MSE);Tolerancja_0.1;474;8;0.08736332244447001;0.2955728716314642;1.2769184886130232;5.613853207102994
Fidelity (MSE);Tolerancja_1.0;474;1;0.9070179745539734;0.9523749128121621;1.8470503130406932;18.08857805232301
Fidelity (MSE);Tolerancja_0.01;475;50;0.00983033959335939;0.09914806903495091;1.1731343510417371;2.0460458402708532
Fidelity (MSE);Tolerancja_0.1;475;8;0.08411086892890215;0.2900187389271634;1.7097984367488603;5.9849035907430865
Fidelity (MSE);Tolerancja_1.0;475;2;0.7254809936973857;0.8517517206894188;2.1378270355634257;17.576974337702893
Fidelity (MSE);Tolerancja_0.01;476;71;0.009944900484432095;0.09972412187847078;1.3224563421729405;1.615977922931118
Fidelity (MSE);Tolerancja_0.1;476;9;0.09327969000526778;0.30541723920772346;1.5166703059456204;4.9491287217722215
Fidelity (MSE);Tolerancja_1.0;476;2;0.8462062503299016;0.9198946952395701;1.798759240117155;14.906418737285646
Fidelity (MSE);Tolerancja_0.01;477;16;0.007803495595230038;0.08833739635754519;0.3204306599696167;1.780239236330565
Fidelity (MSE);Tolerancja_0.1;477;8;0.09959584488864029;0.31558809370545066;0.7480431413123219;6.359959995416179
Fidelity (MSE);Tolerancja_1.0;477;3;0.9034511794911801;0.9505004889484172;2.2732577704169747;19.155174754398672
Fidelity (MSE);Tolerancja_0.01;478;159;0.009976986440595855;0.09988486592370165;1.9329745015396878;1.7753767020649756
Fidelity (MSE);Tolerancja_0.1;478;20;0.09639682273277252;0.3104783772386936;2.1651203561683277;5.518514465099956
Fidelity (MSE);Tolerancja_1.0;478;5;0.9270616993723902;0.9628404329754698;2.3199789816564724;17.113748481342046
Fidelity (MSE);Tolerancja_0.01;479;76;0.0099555931698108;0.09977771880440442;1.3999770014541326;1.8814852956258357
Fidelity (MSE);Tolerancja_0.1;479;12;0.09300175848185;0.3049618967704818;1.8062749704155898;5.7505957379584585
Fidelity (MSE);Tolerancja_1.0;479;2;0.9487141704519607;0.9740195944907682;2.069631295220017;18.366861526252137
Fidelity (MSE);Tolerancja_0.01;480;40;0.009940840528217783;0.09970376386184115;1.0220431840424888;1.5926661422197335
Fidelity (MSE);Tolerancja_0.1;480;6;0.09301246488404415;0.30497944993727716;1.328444258940423;4.871736283305944
Fidelity (MSE);Tolerancja_1.0;480;1;0.6259710596958251;0.7911833287524612;1.6258419130756687;12.63834835502147
Fidelity (MSE);Tolerancja_0.01;481;14;0.009236675017496778;0.09610762205723737;0.7837420851921104;1.8362066023283656
Fidelity (MSE);Tolerancja_0.1;481;6;0.07770910423619595;0.27876352744969335;1.0194302500360042;5.325981630121142
Fidelity (MSE);Tolerancja_1.0;481;1;0.5957266580181453;0.7718333097360759;1.6063200272566003;14.746441425741338
Fidelity (MSE);Tolerancja_0.01;482;10;0.008091290641490365;0.08995160166161782;0.5200525748675586;2.2493317971812763
Fidelity (MSE);Tolerancja_0.1;482;5;0.09951210794459214;0.3154553977103453;1.0361040901848577;7.88828485046437
Fidelity (MSE);Tolerancja_1.0;482;2;0.4117787689735337;0.6416999056985545;1.1959567703617626;16.04636243794511
Fidelity (MSE);Tolerancja_0.01;483;13;0.009939359635038945;0.09969633711946967;0.507569134933199;1.6768646409018775
Fidelity (MSE);Tolerancja_0.1;483;8;0.0721038571316321;0.2685216139003192;0.5755351458821378;4.516458805580506
Fidelity (MSE);Tolerancja_1.0;483;1;0.984077019787662;0.9920065623712688;2.300857719562147;16.68527426428535
Fidelity (MSE);Tolerancja_0.01;484;13;0.009566549649944175;0.09780874015109374;0.7131241170070766;1.691394708150931
Fidelity (MSE);Tolerancja_0.1;484;8;0.09216038306866198;0.30357928629710884;0.9691902378175188;5.249759863525085
Fidelity (MSE);Tolerancja_1.0;484;1;0.9211952497650802;0.9597891694351839;2.5106219667307936;16.597517968388782
Fidelity (MSE);Tolerancja_0.01;485;7;0.0030442615060959377;0.055174826742781326;0.19463510320338706;0.9094396320249892
Fidelity (MSE);Tolerancja_0.1;485;6;0.03791293542515756;0.1947124429130238;0.3772587000530718;3.2094203622791593
Fidelity (MSE);Tolerancja_1.0;485;1;0.44132580358509266;0.6643235684401786;1.4259753860703128;10.949960648617859
Fidelity (MSE);Tolerancja_0.01;486;90;0.00989578203620874;0.09947754538693011;1.4622503646759855;1.700897723974128
Fidelity (MSE);Tolerancja_0.1;486;10;0.0931565749337898;0.30521562039612227;1.6098449459499742;5.2186707264825944
Fidelity (MSE);Tolerancja_1.0;486;4;0.556376258858224;0.7459063338370469;1.7453384625379753;12.753736339055354
Fidelity (MSE);Tolerancja_0.01;487;163;0.009980806668389224;0.09990398724970502;1.941859651124708;1.7592538564314888
Fidelity (MSE);Tolerancja_0.1;487;19;0.09730646119866337;0.311939835863686;2.046174478350145;5.493087656713276
Fidelity (MSE);Tolerancja_1.0;487;2;0.8059273024604856;0.8977345389704495;2.3484450967537898;15.808607776464608
Fidelity (MSE);Tolerancja_0.01;488;14;0.005249896799103519;0.07245617157360386;0.374581674942128;1.3364160111399417
Fidelity (MSE);Tolerancja_0.1;488;10;0.05548943834157732;0.23556196284964454;0.5927405661705727;4.344816624047295
Fidelity (MSE);Tolerancja_1.0;488;1;0.8090124518178315;0.8994511947948213;2.0445087848733943;16.589904653486542
Fidelity (MSE);Tolerancja_0.01;489;24;0.009346423319441423;0.09667690168515654;1.0237015103632157;1.756020836856801
Fidelity (MSE);Tolerancja_0.1;489;14;0.061660145174892544;0.24831460926593213;1.6289062741661602;4.510339288561218
Fidelity (MSE);Tolerancja_1.0;489;4;0.7737201819875827;0.8796136549574379;2.0350497950851123;15.97713496776434
Fidelity (MSE);Tolerancja_0.01;490;12;0.005710370820467933;0.07556699557656063;0.2591883753256523;1.350626866428782
Fidelity (MSE);Tolerancja_0.1;490;8;0.07572490854593243;0.2751815919459956;0.6525343985669663;4.918385975162253
Fidelity (MSE);Tolerancja_1.0;490;1;0.6121822150084497;0.7824207404002336;1.9919500913373342;13.984391793967793
Fidelity (MSE);Tolerancja_0.01;491;28;0.009896781453223362;0.09948256858979548;0.8597584672200007;1.6313495414270092
Fidelity (MSE);Tolerancja_0.1;491;8;0.07986150954624961;0.28259778758201487;1.0688594832161815;4.634136188030598
Fidelity (MSE);Tolerancja_1.0;491;2;0.9161392536931242;0.9571516356842965;2.7682813679700367;15.695703318519419
Fidelity (MSE);Tolerancja_0.01;492;15;0.009626132630396515;0.09811285660093949;0.6987847515841548;1.6258874528232194
Fidelity (MSE);Tolerancja_0.1;492;5;0.046188696462144206;0.21491555658477635;0.7820374311862102;3.5614955977579847
Fidelity (MSE);Tolerancja_1.0;492;1;0.9000223353527652;0.9486950697419931;1.5206122079904985;15.721399456572192
Fidelity (MSE);Tolerancja_0.01;493;14;0.009193904419329352;0.09588484979040929;0.5663024312257692;1.516246529637894
Fidelity (MSE);Tolerancja_0.1;493;6;0.04871558864145063;0.2207160815197901;0.6245842094796918;3.4902280534534458
Fidelity (MSE);Tolerancja_1.0;493;2;0.5152134312965447;0.7177836939472397;1.0973232227190133;11.350458777972966
Fidelity (MSE);Tolerancja_0.01;494;18;0.008895550512656825;0.09431622613663476;0.8858799048428008;1.6411351926196083
Fidelity (MSE);Tolerancja_0.1;494;10;0.07870786544365212;0.28054922107119123;0.8307843648918123;4.881654184243407
Fidelity (MSE);Tolerancja_1.0;494;4;0.9184434005504192;0.9583545275890437;2.5323759455799917;16.675702651145503
Fidelity (MSE);Tolerancja_0.01;495;53;0.009930164915938297;0.09965021282435024;1.129328380288901;1.8748798458660447
Fidelity (MSE);Tolerancja_0.1;495;8;0.09362410646444985;0.30598056550122565;1.6026144267654256;5.756904869798342
Fidelity (MSE);Tolerancja_1.0;495;1;0.6569398604040448;0.8105182665455757;1.6423256818382406;15.249584718209968
Fidelity (MSE);Tolerancja_0.01;496;18;0.009279413637776833;0.09632971316149982;0.6482723529691814;1.8699802135769283
Fidelity (MSE);Tolerancja_0.1;496;6;0.05540898033643461;0.2353911220425159;0.8627629438053317;4.569480446113302
Fidelity (MSE);Tolerancja_1.0;496;1;0.8144881688112131;0.9024899826652998;1.7572628945327358;17.519396198202273
Fidelity (MSE);Tolerancja_0.01;497;12;0.008904575987903247;0.09436406089133323;0.6296549604861577;1.7161931999258
Fidelity (MSE);Tolerancja_0.1;497;6;0.07864344876013013;0.28043439296942546;0.7868760957525476;5.100242546722045
Fidelity (MSE);Tolerancja_1.0;497;2;0.5832747337709936;0.7637242524438999;1.5552647602546812;13.889804617162419
Fidelity (MSE);Tolerancja_0.01;498;14;0.008761418744592122;0.09360245052664018;0.7209094080398524;1.6142290312158831
Fidelity (MSE);Tolerancja_0.1;498;5;0.09354676981455702;0.3058541642916719;1.3915182389484553;5.274634035113983
Fidelity (MSE);Tolerancja_1.0;498;2;0.6259840188558544;0.7911915184428195;1.6199401125272415;13.64456070472944
Fidelity (MSE);Tolerancja_0.01;499;9;0.007958426775919014;0.08921001499786341;0.2006502385884632;1.549067317292751
Fidelity (MSE);Tolerancja_0.1;499;6;0.06954296093286644;0.2637099939950446;0.5671024371084066;4.579133104629282
Fidelity (MSE);Tolerancja_1.0;499;1;0.5120797689629755;0.7155974908864449;1.7130964861417537;12.425832295795912
Fidelity (MSE);Tolerancja_0.01;500;11;0.007656763022577232;0.08750293150847709;0.586058299393156;1.495028073300344
Fidelity (MSE);Tolerancja_0.1;500;8;0.060592616795467055;0.2461556759359147;0.8853214808233956;4.205683622048279
Fidelity (MSE);Tolerancja_1.0;500;3;0.9651051634953021;0.9823976605709636;2.1643604747634755;16.78471859603798
Fidelity (MSE);Tolerancja_0.01;501;96;0.009989047727947354;0.09994522363748733;1.5263739823258708;1.647335163957158
Fidelity (MSE);Tolerancja_0.1;501;12;0.09187389900284618;0.3031070751448177;1.6827713694716522;4.995926019850127
Fidelity (MSE);Tolerancja_1.0;501;4;0.6313998247412431;0.7946067107325756;1.875525317891971;13.097009826642017
Fidelity (MSE);Tolerancja_0.01;502;30;0.009613214178911254;0.09804699984655958;0.8682022159811229;1.7685344506016343
Fidelity (MSE);Tolerancja_0.1;502;8;0.0874255819382357;0.29567817291480225;1.0053245825591848;5.333330299847249
Fidelity (MSE);Tolerancja_1.0;502;3;0.8847059978357067;0.9405881127442057;2.447509271631235;16.96597023690442
Fidelity (MSE);Tolerancja_0.01;503;184;0.009990303991948784;0.09995150820247178;2.0563365708998003;2.14615044254317
Fidelity (MSE);Tolerancja_0.1;503;19;0.09780148423196552;0.312732288438475;2.1896598828253993;6.7149615978798565
Fidelity (MSE);Tolerancja_1.0;503;1;0.7834575617114988;0.8851313810454914;2.3365705683210543;19.00546714404307
Fidelity (MSE);Tolerancja_0.01;504;27;0.009959405821849851;0.09979682270418158;0.8689919632030332;1.7890314830934249
Fidelity (MSE);Tolerancja_0.1;504;6;0.08562341536169467;0.29261479005972113;1.4345189691396971;5.245628644785292
Fidelity (MSE);Tolerancja_1.0;504;1;0.6820798707052425;0.8258812691333074;2.125785901303094;14.805357041840281
Fidelity (MSE);Tolerancja_0.01;505;7;0.0025266146892808272;0.050265442296679605;0.16209092675045245;0.9203212568389572
Fidelity (MSE);Tolerancja_0.1;505;5;0.06964739550383728;0.26390792997527995;0.4983044932462972;4.831949480740193
Fidelity (MSE);Tolerancja_1.0;505;1;0.6402754871107318;0.8001721609195934;1.7861350675775896;14.650531561595551
Fidelity (MSE);Tolerancja_0.01;506;18;0.009026153995577707;0.0950060734667932;0.4893991974616192;1.6667188624696085
Fidelity (MSE);Tolerancja_0.1;506;13;0.09805782018110537;0.31314185312906573;0.686222940371866;5.49353756232568
Fidelity (MSE);Tolerancja_1.0;506;1;0.8409499025032308;0.9170332068705205;2.245747674245877;16.087777208646713
Fidelity (MSE);Tolerancja_0.01;507;13;0.009343455541494804;0.09666155151607492;0.6048985489911063;1.9057353512699826
Fidelity (MSE);Tolerancja_0.1;507;6;0.06432716196499702;0.2536279991739812;0.8576604769122209;5.000414710055102
Fidelity (MSE);Tolerancja_1.0;507;1;0.7013762976222472;0.8374821177925217;1.95747578708432;16.511417961962266
Fidelity (MSE);Tolerancja_0.01;508;112;0.009917053121692417;0.09958440199997395;1.6549311851673325;1.766440715977518
Fidelity (MSE);Tolerancja_0.1;508;17;0.0946566674506804;0.3076632370802212;1.8601586882601016;5.457369405984775
Fidelity (MSE);Tolerancja_1.0;508;5;0.9071574654374346;0.9524481431749628;2.184554215616133;16.894645608876367
Fidelity (MSE);Tolerancja_0.01;509;11;0.006874940412876275;0.08291526043423053;0.5816727706872689;1.5969400918274947
Fidelity (MSE);Tolerancja_0.1;509;7;0.09852768048592828;0.3138911921126942;0.7626678477165765;6.045514740364325
Fidelity (MSE);Tolerancja_1.0;509;1;0.7907138404319624;0.8892209176756709;1.8660450080392303;17.126310964847097
Fidelity (MSE);Tolerancja_0.01;510;48;0.00978155490044203;0.0989017436673491;1.1625680219775312;1.7478435333238613
Fidelity (MSE);Tolerancja_0.1;510;10;0.08857611786302816;0.29761740181486057;1.535594740295081;5.259650961426735
Fidelity (MSE);Tolerancja_1.0;510;2;0.7813025765872259;0.8839132177918972;2.922526885286147;15.620978401891334
Fidelity (MSE);Tolerancja_0.01;511;14;0.00873902692559219;0.09348276271908201;0.5433998636983732;1.8429670012985913
Fidelity (MSE);Tolerancja_0.1;511;4;0.07847756394555268;0.2801384728050624;0.9440284733039945;5.522793145570212
Fidelity (MSE);Tolerancja_1.0;511;1;0.2254381001763034;0.47480322258416;0.9087225097140248;9.360513595028994
Fidelity (MSE);Tolerancja_0.01;512;18;0.009219664412126839;0.0960190835830401;0.715993364790708;1.5864606767041063
Fidelity (MSE);Tolerancja_0.1;512;3;0.09194956212036078;0.3032318619808294;1.2385893132046704;5.010102231816381
Fidelity (MSE);Tolerancja_1.0;512;1;0.5586534238680734;0.7474312168140111;1.3351299704009536;12.349318383059147
Fidelity (MSE);Tolerancja_0.01;513;16;0.0094531521667964;0.09722732212087506;0.5535805579511202;1.7902900051126416
Fidelity (MSE);Tolerancja_0.1;513;8;0.06977723531081645;0.2641538099494619;0.727071298266913;4.863981805207097
Fidelity (MSE);Tolerancja_1.0;513;1;0.4044828166289486;0.6359896356301324;1.1642922416050032;11.710760547414006
Fidelity (MSE);Tolerancja_0.01;514;34;0.009789041875354872;0.09893958699810138;0.9672063002128715;1.893869976869969
Fidelity (MSE);Tolerancja_0.1;514;10;0.08964935971087619;0.2994150292000657;1.6594398432285953;5.731306867457726
Fidelity (MSE);Tolerancja_1.0;514;1;0.5116135655455049;0.715271672545128;1.8407289561935265;13.691501925965998
Fidelity (MSE);Tolerancja_0.01;515;27;0.009847931774035607;0.09923674608750332;0.829498571423728;1.8414395794887457
Fidelity (MSE);Tolerancja_0.1;515;4;0.09838221167078388;0.3136593879844566;0.8900233806405087;5.8202715655700965
Fidelity (MSE);Tolerancja_1.0;515;1;0.3675219920309895;0.6062359210991951;1.3383495012163031;11.249329140997032
Fidelity (MSE);Tolerancja_0.01;516;23;0.009789856719188366;0.09894370479817484;0.811348273921598;1.7567924339822234
Fidelity (MSE);Tolerancja_0.1;516;10;0.05936527171580228;0.24364989578450938;0.7943404575867117;4.3261195275424855
Fidelity (MSE);Tolerancja_1.0;516;1;0.7335457084452932;0.8564728299515947;1.6996589155834938;15.207081548436827
Fidelity (MSE);Tolerancja_0.01;517;68;0.009846218217549111;0.09922811203257427;1.326334743642109;1.6864009486834082
Fidelity (MSE);Tolerancja_0.1;517;11;0.0895219707769883;0.2992022238837611;1.7408141339405239;5.084999642441248
Fidelity (MSE);Tolerancja_1.0;517;4;0.9434309181858683;0.9713037208751278;1.7422763546358349;16.507494527415986
Fidelity (MSE);Tolerancja_0.01;518;14;0.007571370632456212;0.08701362325783367;0.46414257855681296;1.5428625982800814
Fidelity (MSE);Tolerancja_0.1;518;8;0.08282948661146859;0.2878011233672805;0.6405551163132479;5.103081245917348
Fidelity (MSE);Tolerancja_1.0;518;2;0.48812122521997425;0.6986567291739014;1.730889580846851;12.388075523358518
Fidelity (MSE);Tolerancja_0.01;519;9;0.008795755439031473;0.09378568888178768;0.2069477666902415;1.7559158032325088
Fidelity (MSE);Tolerancja_0.1;519;4;0.0728864558410516;0.2699749170590698;0.6911352053955229;5.054643506835329
Fidelity (MSE);Tolerancja_1.0;519;1;0.22250687379834863;0.4717063427582341;0.9132620137455136;8.831588610264369
Fidelity (MSE);Tolerancja_0.01;520;19;0.009845019396965589;0.09922207111810148;0.8773407672949212;1.7443190025467004
Fidelity (MSE);Tolerancja_0.1;520;10;0.08954562024840325;0.29924174215574145;0.7906568641260296;5.260654724452876
Fidelity (MSE);Tolerancja_1.0;520;4;0.6657547376961568;0.8159379496604854;1.7082487487591171;14.344147974876604
Fidelity (MSE);Tolerancja_0.01;521;15;0.009859755663358215;0.09929630236498344;0.6890443190713462;1.773120735819019
Fidelity (MSE);Tolerancja_0.1;521;6;0.09622298353604203;0.3101982971198295;0.6611024356459874;5.53916933197788
Fidelity (MSE);Tolerancja_1.0;521;1;0.5971015051989782;0.7727234338357923;1.8866042206350593;13.798418581100083
Fidelity (MSE);Tolerancja_0.01;522;20;0.008842723451741039;0.09403575624059733;0.8193555248499171;1.6827012736427196
Fidelity (MSE);Tolerancja_0.1;522;13;0.09409327271945228;0.30674626765366236;0.704134465003273;5.489000736542484
Fidelity (MSE);Tolerancja_1.0;522;3;0.9257961236042497;0.9621829990205863;2.699065283501299;17.217563006425053
Fidelity (MSE);Tolerancja_0.01;523;42;0.009867915575676418;0.09933738256908331;0.9999795772788795;1.808636551213882
Fidelity (MSE);Tolerancja_0.1;523;14;0.07638671186003118;0.27638146077483416;1.0067959585364008;5.032079556632349
Fidelity (MSE);Tolerancja_1.0;523;2;0.7956380905711314;0.8919854766593072;1.9807378318593738;16.240386997473184
Fidelity (MSE);Tolerancja_0.01;524;10;0.0067534129422969925;0.08217915150630963;0.3966516039180803;1.475297358595639
Fidelity (MSE);Tolerancja_0.1;524;5;0.09280244160732676;0.3046349316925535;0.645770487484393;5.468870167483788
Fidelity (MSE);Tolerancja_1.0;524;1;0.3619856908739154;0.6016524668560044;1.2545910459822442;10.800991235314266
Fidelity (MSE);Tolerancja_0.01;525;12;0.009141104781885338;0.09560912499278161;0.3889732506170489;1.7231064435567176
Fidelity (MSE);Tolerancja_0.1;525;7;0.0887314223262612;0.2978782004884903;0.6372115883017289;5.368481791832623
Fidelity (MSE);Tolerancja_1.0;525;1;0.2866038373170943;0.5353539364916394;1.1601213257490661;9.648365860704649
Fidelity (MSE);Tolerancja_0.01;526;15;0.004837971768492267;0.06955553010719037;0.5722594295063397;1.2353108113857676
Fidelity (MSE);Tolerancja_0.1;526;11;0.09001261416659692;0.3000210228743928;0.568809476331638;5.328393193590814
Fidelity (MSE);Tolerancja_1.0;526;2;0.8418657325945121;0.917532415010234;2.006844575742373;16.295436327094638
Fidelity (MSE);Tolerancja_0.01;527;10;0.00759075885826522;0.08712496116650624;0.4943027267443023;1.4541942623036948
Fidelity (MSE);Tolerancja_0.1;527;6;0.06966115883889233;0.26393400470362344;0.5898275666028274;4.405296830300289
Fidelity (MSE);Tolerancja_1.0;527;1;0.47310732341204503;0.6878279751595199;1.420040333659741;11.480469908243313
Fidelity (MSE);Tolerancja_0.01;528;16;0.00659787255033886;0.08122728944350452;0.3974982934628697;1.4434557973439008
Fidelity (MSE);Tolerancja_0.1;528;8;0.08919267584127474;0.2986514286610308;0.7456213760803054;5.307208193690085
Fidelity (MSE);Tolerancja_1.0;528;1;0.5191087567415033;0.7204920240651546;1.5773794148538096;12.803558954164437
Fidelity (MSE);Tolerancja_0.01;529;8;0.005461663947631187;0.07390307130039446;0.4224915516485366;1.3743725579722434
Fidelity (MSE);Tolerancja_0.1;529;6;0.05896005911832599;0.2428169251068096;0.7562127736494544;4.515656962638566
Fidelity (MSE);Tolerancja_1.0;529;2;0.8522646718250467;0.9231818194835981;1.8854404354761263;17.168376582887298
Fidelity (MSE);Tolerancja_0.01;530;8;0.005458178515071663;0.07387948642939841;0.11696879723600251;1.3930578629908663
Fidelity (MSE);Tolerancja_0.1;530;5;0.08453635515413717;0.290751363116559;0.5572695308039926;5.482353656476727
Fidelity (MSE);Tolerancja_1.0;530;1;0.8127760918981962;0.9015409540881636;1.711625478761487;16.99928864693694
Fidelity (MSE);Tolerancja_0.01;531;27;0.009894751415006354;0.0994723650819983;0.9497631102759838;1.768259713998866
Fidelity (MSE);Tolerancja_0.1;531;12;0.0990399058975605;0.31470606269590756;1.0922838059737154;5.594338205969553
Fidelity (MSE);Tolerancja_1.0;531;1;0.5035230510993617;0.7095935816362502;1.642259066812132;12.614013376330394
Fidelity (MSE);Tolerancja_0.01;532;74;0.009935125391279671;0.0996750991535984;1.3318217504635235;2.0035572187121877
Fidelity (MSE);Tolerancja_0.1;532;10;0.08471411077114205;0.2910568857992232;1.3586969489995133;5.850499568606349
Fidelity (MSE);Tolerancja_1.0;532;2;0.7249411810159374;0.8514347778990106;2.2926405123297346;17.11458839778426
Fidelity (MSE);Tolerancja_0.01;533;15;0.008340990130746751;0.09132902129524191;0.5007326791839128;1.7096866433761175
Fidelity (MSE);Tolerancja_0.1;533;12;0.03686871302692042;0.1920122731153413;0.6328104791831803;3.594485236498303
Fidelity (MSE);Tolerancja_1.0;533;2;0.9832729949709795;0.9916012277982412;2.0949175117332217;18.562854946638254
Fidelity (MSE);Tolerancja_0.01;534;13;0.009387710718608645;0.09689019929078815;0.7201425434634823;1.7579021278050795
Fidelity (MSE);Tolerancja_0.1;534;5;0.07232060387180834;0.26892490377763145;0.7495434479456913;4.879169039085884
Fidelity (MSE);Tolerancja_1.0;534;1;0.6657838595419149;0.8159557950905888;1.5801216862355365;14.804081722236734
Fidelity (MSE);Tolerancja_0.01;535;14;0.007033379348186307;0.08386524517454359;0.4019184947846597;1.5535567155074517
Fidelity (MSE);Tolerancja_0.1;535;6;0.09097196446318996;0.3016155905506046;0.740705307985122;5.58725995764297
Fidelity (MSE);Tolerancja_1.0;535;1;0.4252883318594741;0.6521413434674067;1.4324333607526096;12.080553291119084
Fidelity (MSE);Tolerancja_0.01;536;11;0.009725331582330219;0.09861709579140028;0.7457035882767027;1.7676318643108833
Fidelity (MSE);Tolerancja_0.1;536;5;0.0862251336504191;0.2936411647750007;0.6920732257657134;5.2632809287709375
Fidelity (MSE);Tolerancja_1.0;536;1;0.7111088187428369;0.8432726835032882;1.8244227624911726;15.11498238415315
Fidelity (MSE);Tolerancja_0.01;537;17;0.009676067249915257;0.09836700285113528;0.7449458304839824;1.8590669195660388
Fidelity (MSE);Tolerancja_0.1;537;12;0.045686918572739446;0.21374498490663926;0.6798692891843148;4.039629338554042
Fidelity (MSE);Tolerancja_1.0;537;1;0.8782927617528967;0.9371727491518822;2.3495300851189915;17.711903436802917
Fidelity (MSE);Tolerancja_0.01;538;54;0.009859802423598681;0.09929653782281979;1.1452668105835562;1.7873731161457025
Fidelity (MSE);Tolerancja_0.1;538;8;0.08539114238378531;0.29221762846170884;1.1938426361898227;5.2600215941897535
Fidelity (MSE);Tolerancja_1.0;538;1;0.6968546819661002;0.8347782232222521;1.5641078309933922;15.026305920088511
Fidelity (MSE);Tolerancja_0.01;539;132;0.009971262194148813;0.09985620758945742;1.7730731146412149;1.734559655253371
Fidelity (MSE);Tolerancja_0.1;539;15;0.09909807641350492;0.3147984695221769;1.9514642807730613;5.468230147630053
Fidelity (MSE);Tolerancja_1.0;539;2;0.6909304138042194;0.8312222409224981;1.9434422033071255;14.438807545958568
Fidelity (MSE);Tolerancja_0.01;540;24;0.00945793132713834;0.0972518962650001;0.8055632064770375;1.6418322779229653
Fidelity (MSE);Tolerancja_0.1;540;10;0.09348236367591385;0.3057488571947798;1.2069083863279957;5.161733209937509
Fidelity (MSE);Tolerancja_1.0;540;4;0.6122542503884313;0.782466772705673;1.6817763164637247;13.209811357608746
Fidelity (MSE);Tolerancja_0.01;541;11;0.007744772984894945;0.08800439185003749;0.42360505864723574;1.5935958449927714
Fidelity (MSE);Tolerancja_0.1;541;7;0.09021556574809547;0.30035906137171137;0.6282432000315019;5.438943922520658
Fidelity (MSE);Tolerancja_1.0;541;1;0.9101261517865714;0.9540053206280201;2.6852519669808066;17.27526187152626
Fidelity (MSE);Tolerancja_0.01;542;40;0.009939558057550413;0.09969733224891433;0.9872204508110443;1.7098580101200616
Fidelity (MSE);Tolerancja_0.1;542;6;0.08993114213323884;0.29988521492937736;1.1598180265333253;5.14317811015606
Fidelity (MSE);Tolerancja_1.0;542;1;0.8176794566306608;0.9042563002991247;1.7008157917455042;15.508437822666284
Fidelity (MSE);Tolerancja_0.01;543;14;0.009225112471814173;0.09604744906458564;0.6072143107244372;1.730414053859127
Fidelity (MSE);Tolerancja_0.1;543;8;0.09761260965245651;0.3124301676414371;0.7749830405209108;5.628817404330698
Fidelity (MSE);Tolerancja_1.0;543;1;0.6164275964860008;0.785129031743191;1.896435722101177;14.14507437576669
Fidelity (MSE);Tolerancja_0.01;544;78;0.009870204026295085;0.09934890047854121;1.400144393100307;1.7620079557267128
Fidelity (MSE);Tolerancja_0.1;544;12;0.0865637024066018;0.29421710080585356;1.6989739635788608;5.218103771996314
Fidelity (MSE);Tolerancja_1.0;544;2;0.925658520417006;0.9621114906376527;1.9421089234283868;17.063581908143966
Fidelity (MSE);Tolerancja_0.01;545;214;0.009974122333162512;0.09987052785062524;2.210629696485757;1.9294218786543995
Fidelity (MSE);Tolerancja_0.1;545;22;0.0977109864956776;0.3125875661245623;2.4006426650442947;6.038951651263185
Fidelity (MSE);Tolerancja_1.0;545;1;0.9118429863719238;0.9549047001517607;2.6612872780273173;18.448025259848382
Fidelity (MSE);Tolerancja_0.01;546;10;0.00866547309508195;0.09308852289665977;0.2589072964801087;1.5322340335445832
Fidelity (MSE);Tolerancja_0.1;546;4;0.09475188725655014;0.3078179449878615;0.6421724261434099;5.066673277969476
Fidelity (MSE);Tolerancja_1.0;546;1;0.4134643897248341;0.6430119670152602;1.5334201652079846;10.583955886065324
Fidelity (MSE);Tolerancja_0.01;547;14;0.006575341579692079;0.0810884799443921;0.15635868566480404;1.4826704330094869
Fidelity (MSE);Tolerancja_0.1;547;10;0.07196731368016929;0.26826724302487864;0.5663836816852159;4.905159273558015
Fidelity (MSE);Tolerancja_1.0;547;2;0.9267326918575051;0.9626695652494188;1.8100493988398823;17.602028082561443
Fidelity (MSE);Tolerancja_0.01;548;30;0.009737164882400673;0.09867707374259065;0.9210464410311348;1.7503788773828868
Fidelity (MSE);Tolerancja_0.1;548;10;0.07237293419017636;0.2690221815950803;0.9213144344524364;4.7720379856405035
Fidelity (MSE);Tolerancja_1.0;548;1;0.9451853067963534;0.9722064116206771;2.341144098176457;17.245440129246056
Fidelity (MSE);Tolerancja_0.01;549;7;0.006362089409688025;0.07976270688541122;0.30941860776672314;1.5781313835542277
Fidelity (MSE);Tolerancja_0.1;549;6;0.09006954532561451;0.30011588649322535;0.6261689795126397;5.937891499326534
Fidelity (MSE);Tolerancja_1.0;549;2;0.9122888713977092;0.9551381425729523;2.2223211354591;18.897722222360574
Fidelity (MSE);Tolerancja_0.01;550;50;0.009981300335537202;0.09990645792708899;1.1338231990782015;1.7725450927254927
Fidelity (MSE);Tolerancja_0.1;550;10;0.09000895813944208;0.3000149298609022;1.4993111371400056;5.322879048093383
Fidelity (MSE);Tolerancja_1.0;550;1;0.9894666212331369;0.9947193680798303;2.0390248905188795;17.648357985183154
Fidelity (MSE);Tolerancja_0.01;551;12;0.009285569716443174;0.09636166102990948;0.5632669417375151;1.706417041656667
Fidelity (MSE);Tolerancja_0.1;551;6;0.06837780750893685;0.26149150561526247;0.5567026157828598;4.6306130120758775
Fidelity (MSE);Tolerancja_1.0;551;1;0.6662116143516927;0.8162178718649162;1.685007243323959;14.453965107790328
Fidelity (MSE);Tolerancja_0.01;552;82;0.0099115182585207;0.09955660831165705;1.4136069030340472;1.8343942601088181
Fidelity (MSE);Tolerancja_0.1;552;10;0.09453504100652596;0.3074655118977183;1.8117965641890095;5.665248945012061
Fidelity (MSE);Tolerancja_1.0;552;1;0.5853022184190492;0.765050467890223;1.9113207594905113;14.096544777802226
Fidelity (MSE);Tolerancja_0.01;553;32;0.009469528349545595;0.09731150163030881;0.840496868196726;1.5947168285196256
Fidelity (MSE);Tolerancja_0.1;553;13;0.09300891385749864;0.3049736281344645;0.8636933620470248;4.997832413360258
Fidelity (MSE);Tolerancja_1.0;553;1;0.899922358805194;0.9486423766653027;2.181382937189012;15.546116717654549
Fidelity (MSE);Tolerancja_0.01;554;8;0.007765227962618678;0.088120530880259;0.5191791957607617;1.5622901149857802
Fidelity (MSE);Tolerancja_0.1;554;6;0.04155117046947907;0.20384104216148197;0.8154532883667578;3.613900665555624
Fidelity (MSE);Tolerancja_1.0;554;1;0.9206933433996104;0.9595276668234275;1.9751846922584475;17.011479322231747
Fidelity (MSE);Tolerancja_0.01;555;44;0.009715389016030897;0.09856667294796399;1.0960275191069382;1.917527200786386
Fidelity (MSE);Tolerancja_0.1;555;12;0.09557211190764177;0.30914739511702466;1.05708164515897;6.01418838091558
Fidelity (MSE);Tolerancja_1.0;555;2;0.800233830540971;0.8945578966958879;2.4621537704921375;17.402830472914477
Fidelity (MSE);Tolerancja_0.01;556;12;0.009057349598642272;0.09517010874556292;0.4924224283486982;1.7131560528662593
Fidelity (MSE);Tolerancja_0.1;556;8;0.08100163256063717;0.2846078575173868;0.8279742312753822;5.123222829373317
Fidelity (MSE);Tolerancja_1.0;556;2;0.9859491739621786;0.9929497338547297;2.26090708776493;17.87407694671233
Fidelity (MSE);Tolerancja_0.01;557;17;0.008677236801954785;0.0931516870590908;0.5448846339550881;1.7520982440529007
Fidelity (MSE);Tolerancja_0.1;557;7;0.09279125861417209;0.3046165763942798;0.6648791797781453;5.729559876583443
Fidelity (MSE);Tolerancja_1.0;557;1;0.4462723978159067;0.6680362249278902;1.6963605908330455;12.565151889491814
Fidelity (MSE);Tolerancja_0.01;558;10;0.006754443079306702;0.08218541889719065;0.18422068143605852;1.389587731721653
Fidelity (MSE);Tolerancja_0.1;558;6;0.058222379820333764;0.24129314084808495;0.548015228525573;4.079774645798456
Fidelity (MSE);Tolerancja_1.0;558;1;0.5333389546605896;0.730300591989757;1.3972565212180186;12.347892810128592
Fidelity (MSE);Tolerancja_0.01;559;152;0.009902629453541534;0.09951195633461103;1.8872759691011618;1.554177769603082
Fidelity (MSE);Tolerancja_0.1;559;16;0.09251076244345731;0.3041558193483355;2.085346836242058;4.750305695298456
Fidelity (MSE);Tolerancja_1.0;559;4;0.7615133529874131;0.872647324517421;2.0143515091299395;13.629006226228398
Fidelity (MSE);Tolerancja_0.01;560;14;0.0044166240993773675;0.06645768653344297;0.21536391788398124;1.29608769729496
Fidelity (MSE);Tolerancja_0.1;560;10;0.07894702752581227;0.28097513684632713;0.579380430014341;5.479703509225149
Fidelity (MSE);Tolerancja_1.0;560;1;0.6168919249982853;0.7854246781189685;2.131951588434657;15.317705378588215
Fidelity (MSE);Tolerancja_0.01;561;50;0.009936901160192439;0.09968400654163355;1.099047739131679;1.6258987960232236
Fidelity (MSE);Tolerancja_0.1;561;10;0.08634174463221321;0.2938396580317456;1.2624252429879839;4.792680017512686
Fidelity (MSE);Tolerancja_1.0;561;1;0.6847862974029536;0.8275181553313218;1.826634668130441;13.497258177304666
Fidelity (MSE);Tolerancja_0.01;562;6;0.008389873358854555;0.09159625188212973;0.43607414769223407;1.6988969738587847
Fidelity (MSE);Tolerancja_0.1;562;3;0.05843936191269506;0.24174234613053433;0.4083679178491044;4.483757051797155
Fidelity (MSE);Tolerancja_1.0;562;3;0.05843936191269506;0.24174234613053433;0.4083679178491044;4.483757051797155
Fidelity (MSE);Tolerancja_0.01;563;7;0.007866573566545538;0.08869370646525906;0.2926853499333193;1.531826272051204
Fidelity (MSE);Tolerancja_0.1;563;5;0.08425240526942229;0.29026264876732294;0.47707891741960573;5.0131172649901234
Fidelity (MSE);Tolerancja_1.0;563;1;0.36963833008620095;0.6079788895070296;1.2813431997553595;10.500384671196226
Fidelity (MSE);Tolerancja_0.01;564;10;0.008809643714718644;0.09385970229400178;0.6890118660678146;1.54716259623981
Fidelity (MSE);Tolerancja_0.1;564;5;0.08476433724960449;0.2911431559381132;0.6334910982254449;4.799139460379998
Fidelity (MSE);Tolerancja_1.0;564;1;0.7999165871336005;0.8943805605745244;1.853422923700169;14.742771565485008
Fidelity (MSE);Tolerancja_0.01;565;42;0.00994550074531457;0.09972713144031854;1.0767435497408577;1.8117382185993636
Fidelity (MSE);Tolerancja_0.1;565;9;0.09370207078150071;0.306107939755735;1.267143101714253;5.561048888727619
Fidelity (MSE);Tolerancja_1.0;565;1;0.8051535833007654;0.8973035067917462;2.1726065982239318;16.30127161444249
Fidelity (MSE);Tolerancja_0.01;566;10;0.008587710371096176;0.09266990002744244;0.22633018281417439;1.8231372473181149
Fidelity (MSE);Tolerancja_0.1;566;6;0.0750398398838508;0.27393400643923493;0.6005129531711475;5.389228760347815
Fidelity (MSE);Tolerancja_1.0;566;1;0.31783623099956687;0.5637696612975612;1.2079301331522814;11.091297909193054
Fidelity (MSE);Tolerancja_0.01;567;76;0.009857995597326941;0.09928743927268414;1.4084656078609763;1.797524942722789
Fidelity (MSE);Tolerancja_0.1;567;12;0.08535766410240599;0.2921603397150373;1.9232679855973078;5.289344772704053
Fidelity (MSE);Tolerancja_1.0;567;4;0.6647250739994657;0.8153067361425794;2.9361013509988814;14.760519607734416
Fidelity (MSE);Tolerancja_0.01;568;14;0.00980755738346227;0.09903311256071007;0.6963896630676238;1.8945776233426366
Fidelity (MSE);Tolerancja_0.1;568;6;0.06459333642278517;0.25415219145776646;0.9936895203474982;4.8621217934980905
Fidelity (MSE);Tolerancja_1.0;568;2;0.5172904960452843;0.7192290984417165;1.5521448849740107;13.759391386686357
Fidelity (MSE);Tolerancja_0.01;569;11;0.008585838554097483;0.09265980009743968;0.6400219604740629;1.68389895960148
Fidelity (MSE);Tolerancja_0.1;569;6;0.08182713617165846;0.2860544286873714;1.0026526761471146;5.198443708593432
Fidelity (MSE);Tolerancja_1.0;569;1;0.5629836484311229;0.750322363008809;1.5004060263035086;13.635546861828043
Fidelity (MSE);Tolerancja_0.01;570;18;0.006766412337295398;0.08225820528856315;0.6399231066147486;1.5039185134123956
Fidelity (MSE);Tolerancja_0.1;570;10;0.0875753325922216;0.2959312970813016;0.6634170885832562;5.410482210466997
Fidelity (MSE);Tolerancja_1.0;570;1;0.737107823692883;0.8585498376290587;2.0558674314572496;15.696780533541125
Fidelity (MSE);Tolerancja_0.01;571;7;0.008322410227168373;0.0912272449828908;0.4750127940466182;1.6974337825254098
Fidelity (MSE);Tolerancja_0.1;571;4;0.0982832717251003;0.31350162954137945;0.7205928776734103;5.833216348472488
Fidelity (MSE);Tolerancja_1.0;571;1;0.4016743899305135;0.6337778711271904;1.5156042095894176;11.792485559221792
Fidelity (MSE);Tolerancja_0.01;572;42;0.009844481569466873;0.09921936085999987;1.0347431098879296;1.7704731183165612
Fidelity (MSE);Tolerancja_0.1;572;9;0.07413912453499245;0.2722850060781762;1.3545889567910416;4.858661450785656
Fidelity (MSE);Tolerancja_1.0;572;2;0.9836227304008393;0.9917775609484413;2.0488627832444326;17.69730721694938
Fidelity (MSE);Tolerancja_0.01;573;14;0.006323225143803772;0.07951870939473157;0.42279361135696814;1.438225841454863
Fidelity (MSE);Tolerancja_0.1;573;11;0.09357791390799651;0.30590507336099626;0.562850974376488;5.532793287123942
Fidelity (MSE);Tolerancja_1.0;573;4;0.8615131130529456;0.9281773069047452;2.249435118946482;16.787603802971557
Fidelity (MSE);Tolerancja_0.01;574;42;0.009993097594719851;0.0999654820161432;1.0894230009739774;1.6519931828723424
Fidelity (MSE);Tolerancja_0.1;574;8;0.07858185912304022;0.2803245603279174;1.3737602301623086;4.6325416865255775
Fidelity (MSE);Tolerancja_1.0;574;2;0.7691477484594501;0.8770106889083223;1.8061301715225149;14.493159540297713
Fidelity (MSE);Tolerancja_0.01;575;10;0.007821590077575541;0.08843975394343621;0.2752023429775994;1.5721353158848321
Fidelity (MSE);Tolerancja_0.1;575;6;0.06771385563064078;0.260218861020182;0.6110268315914191;4.625739478321076
Fidelity (MSE);Tolerancja_1.0;575;1;0.7966210017348085;0.8925362747445106;1.9140208491618704;15.866030101481005
Fidelity (MSE);Tolerancja_0.01;576;13;0.009990339171427493;0.09995168418504759;0.6866553962269677;1.6186431515504005
Fidelity (MSE);Tolerancja_0.1;576;5;0.053992125362991854;0.23236205663359036;1.0216324382793278;3.762930607090183
Fidelity (MSE);Tolerancja_1.0;576;2;0.6779958770410988;0.8234050504102454;1.7223673922951352;13.334432097522756
Fidelity (MSE);Tolerancja_0.01;577;16;0.008908384621922765;0.09438423926653626;0.7344845237670139;1.5910545868764332
Fidelity (MSE);Tolerancja_0.1;577;8;0.07974142656653305;0.2823852449518796;0.8663936628699309;4.760226312553521
Fidelity (MSE);Tolerancja_1.0;577;2;0.9295646580558261;0.9641393353949553;2.4088019387655093;16.252695618345843
Fidelity (MSE);Tolerancja_0.01;578;18;0.005732183580256813;0.07571118530479372;0.4717729538059574;1.4264377359970826
Fidelity (MSE);Tolerancja_0.1;578;12;0.09271331461803409;0.30448861163930924;0.6107220812152692;5.736722309592094
Fidelity (MSE);Tolerancja_1.0;578;1;0.9403684294582297;0.9697259558546578;2.652276151887687;18.270136591288352
Fidelity (MSE);Tolerancja_0.01;579;184;0.009938459916853718;0.09969182472426572;2.0554692291799768;1.7466990931534583
Fidelity (MSE);Tolerancja_0.1;579;20;0.099125104229982;0.314841395356427;2.184110297551366;5.516331768199472
Fidelity (MSE);Tolerancja_1.0;579;1;0.5712069249884993;0.755782326459477;2.3730080082642786;13.242051772043162
Fidelity (MSE);Tolerancja_0.01;580;358;0.009964027133935226;0.0998199736221926;2.7639176248688173;1.7732435145160708
Fidelity (MSE);Tolerancja_0.1;580;39;0.09927885221396633;0.3150854681097913;2.985114804714084;5.597309261557738
Fidelity (MSE);Tolerancja_1.0;580;6;0.8605520749506727;0.9276594606592834;3.1260806523459554;16.479328360870568
Fidelity (MSE);Tolerancja_0.01;581;16;0.009337526693115087;0.09663087856950844;0.7109005530562476;1.7351243646678651
Fidelity (MSE);Tolerancja_0.1;581;10;0.08129350257516299;0.2851201546281199;0.9392090557439863;5.119677420683484
Fidelity (MSE);Tolerancja_1.0;581;1;0.6928814623911485;0.832395015837522;2.14375923754039;14.946659850234715
Fidelity (MSE);Tolerancja_0.01;582;60;0.009988783467012563;0.09994390159991036;1.2185672800879437;1.8949471860519687
Fidelity (MSE);Tolerancja_0.1;582;8;0.09572784166141705;0.30939916234763315;1.326677541060048;5.866241588251239
Fidelity (MSE);Tolerancja_1.0;582;1;0.9568174052481107;0.9781704377295967;2.7859545087535653;18.546217315740495
Fidelity (MSE);Tolerancja_0.01;583;71;0.009977570243820623;0.09988778826173209;1.3256658705581916;1.7028337115739942
Fidelity (MSE);Tolerancja_0.1;583;9;0.09674201115935507;0.31103377816461525;1.5699814681404538;5.30233787446712
Fidelity (MSE);Tolerancja_1.0;583;1;0.9754827333096419;0.9876652941708755;2.4779188897753475;16.837190891232666
Fidelity (MSE);Tolerancja_0.01;584;14;0.008865048901031004;0.09415438864456083;0.7636253342186095;1.8089710600944373
Fidelity (MSE);Tolerancja_0.1;584;6;0.08250053410800769;0.2872290620880967;1.412785782769331;5.518479472018228
Fidelity (MSE);Tolerancja_1.0;584;2;0.8643946930910562;0.9297282899272541;2.122918835814799;17.862699704615963
Fidelity (MSE);Tolerancja_0.01;585;91;0.009949465815675289;0.09974700905628844;1.4771420499766403;1.5750266590508017
Fidelity (MSE);Tolerancja_0.1;585;11;0.09373177998308106;0.3061564632391109;1.5838031060525735;4.834276195391408
Fidelity (MSE);Tolerancja_1.0;585;2;0.6819103670919813;0.8257786429134513;2.6145185147654564;13.039221820972301
Fidelity (MSE);Tolerancja_0.01;586;18;0.00844797647062005;0.09191287434641596;0.4761243918852385;1.7380558970912179
Fidelity (MSE);Tolerancja_0.1;586;12;0.09430683614126242;0.30709418122338694;0.6489220153180018;5.807095648277043
Fidelity (MSE);Tolerancja_1.0;586;2;0.8199494840778487;0.9055106206322755;2.4260832767891385;17.123042721272753
Fidelity (MSE);Tolerancja_0.01;587;55;0.009987945174075356;0.09993970769456631;1.4097692420858356;1.7221971280687212
Fidelity (MSE);Tolerancja_0.1;587;15;0.09762808140893645;0.3124549270037783;2.273922677092526;5.384336119747184
Fidelity (MSE);Tolerancja_1.0;587;3;0.9863538162529261;0.9931534706443542;2.3740441359487;17.11437920253377
Fidelity (MSE);Tolerancja_0.01;588;26;0.009597193787560888;0.09796526827177522;0.8824734126582863;1.8093859393866443
Fidelity (MSE);Tolerancja_0.1;588;7;0.0894565212048158;0.2990928304135955;0.8978184797997697;5.524145153365866
Fidelity (MSE);Tolerancja_1.0;588;1;0.5210182473892567;0.7218159373339278;1.579836636930188;13.331700416661693
Fidelity (MSE);Tolerancja_0.01;589;12;0.008269846203152841;0.09093869475175483;0.6506170238887075;1.7316684125558548
Fidelity (MSE);Tolerancja_0.1;589;8;0.03907047244642335;0.1976625216029163;0.8852996018426298;3.7639197037112124
Fidelity (MSE);Tolerancja_1.0;589;1;0.5444714262918573;0.7378830708803782;1.3245755132256818;14.050881305161983
Fidelity (MSE);Tolerancja_0.01;590;13;0.007587846270863926;0.08710824456309475;0.5329416374786735;1.5631162698053016
Fidelity (MSE);Tolerancja_0.1;590;8;0.0745211577526114;0.27298563653168895;0.6968113002121559;4.89859819843762
Fidelity (MSE);Tolerancja_1.0;590;1;0.8348560560682803;0.9137045781149836;1.8280130092666083;16.395996716620996
Fidelity (MSE);Tolerancja_0.01;591;42;0.009837042458979525;0.09918186557521251;1.0345263681187093;1.7552631227890307
Fidelity (MSE);Tolerancja_0.1;591;9;0.06515374686840951;0.2552523200059296;1.0222713104222994;4.517307490783131
Fidelity (MSE);Tolerancja_1.0;591;1;0.8996484665611854;0.9484980055652122;1.6476855230498133;16.785967490650265
Fidelity (MSE);Tolerancja_0.01;592;38;0.009804531236221927;0.09901783292024688;1.004596788633207;1.7294485496465544
Fidelity (MSE);Tolerancja_0.1;592;9;0.08638110160139045;0.2939066205470548;1.1461794266882919;5.13338217617858
Fidelity (MSE);Tolerancja_1.0;592;2;0.8684350715006811;0.9318986379970093;2.3166883011286483;16.276570597133087
Fidelity (MSE);Tolerancja_0.01;593;23;0.009892877788248999;0.09946294681060379;0.7409144115493982;1.8521977821945805
Fidelity (MSE);Tolerancja_0.1;593;2;0.07359933322188109;0.2712919704338503;0.8048001938704141;5.051995764026619
Fidelity (MSE);Tolerancja_1.0;593;1;0.12660348822978884;0.35581383928929583;0.8473854436634882;6.625960974801044
Fidelity (MSE);Tolerancja_0.01;594;34;0.009987949305794979;0.09993972836562534;0.9208031424832814;1.811116939705346
Fidelity (MSE);Tolerancja_0.1;594;10;0.08401535449839968;0.2898540227397227;1.188277025403531;5.252761231300406
Fidelity (MSE);Tolerancja_1.0;594;2;0.7988054235255773;0.8937591529744338;2.4587374049202033;16.196785487016164
Fidelity (MSE);Tolerancja_0.01;595;5;0.008537952052949615;0.09240103924171857;0.46570021302370357;1.8338777709472331
Fidelity (MSE);Tolerancja_0.1;595;3;0.028327049223370603;0.16830641468277613;0.47068668558341464;3.340367111966581
Fidelity (MSE);Tolerancja_1.0;595;1;0.9318622997693637;0.9653301506579828;1.4231830408533446;19.15884842253526
Fidelity (MSE);Tolerancja_0.01;596;16;0.009419754790958561;0.09705542123425441;0.8374822789868865;1.7455967453518735
Fidelity (MSE);Tolerancja_0.1;596;10;0.04812073086528476;0.2193643792079397;0.7896193419451585;3.945392658358445
Fidelity (MSE);Tolerancja_1.0;596;2;0.9361278273155276;0.9675369901536207;2.1215983849814197;17.40170100280419
Fidelity (MSE);Tolerancja_0.01;597;67;0.009969395961189354;0.09984686255055467;1.3135612787706874;1.7689855034705493
Fidelity (MSE);Tolerancja_0.1;597;10;0.08118357347477745;0.28492731261635384;1.565186898514133;5.048053315705826
Fidelity (MSE);Tolerancja_1.0;597;2;0.8705102004163169;0.9330113613543604;1.9615685068496904;16.53014957754441
Fidelity (MSE);Tolerancja_0.01;598;10;0.007519409652024801;0.08671452964771706;0.2840188628275726;1.62032407233153
Fidelity (MSE);Tolerancja_0.1;598;6;0.08931539485073224;0.29885681329146946;0.5657179923547799;5.584356978279549
Fidelity (MSE);Tolerancja_1.0;598;1;0.802947991331164;0.8960736528495657;1.7657021572198488;16.74378810786092
Fidelity (MSE);Tolerancja_0.01;599;9;0.007392309907410753;0.08597854329663158;0.28355018761667594;1.530107369269334
Fidelity (MSE);Tolerancja_0.1;599;8;0.031032361560067397;0.176160045299913;0.4091125129826576;3.1350122152485524
Fidelity (MSE);Tolerancja_1.0;599;2;0.842449706552517;0.9178505905388508;1.6349729848989978;16.334423666918845
Fidelity (MSE);Tolerancja_0.01;600;9;0.006266456970281518;0.0791609560975707;0.4738116255837692;1.4641737694322872
Fidelity (MSE);Tolerancja_0.1;600;6;0.07804780872520992;0.27937037911204887;0.502881183276422;5.167279442002197
Fidelity (MSE);Tolerancja_1.0;600;1;0.5454618771272411;0.7385539094251964;1.6134322574490048;13.660411834328851
Fidelity (MSE);Tolerancja_0.01;601;12;0.00874430894133159;0.09351100973324794;0.5675975155006077;1.653836349475119
Fidelity (MSE);Tolerancja_0.1;601;8;0.046817327876019214;0.21637312188906277;0.7732476492501696;3.8267764945576253
Fidelity (MSE);Tolerancja_1.0;601;1;0.7789292773246551;0.8825697011141131;1.6700015689528422;15.609133692510435
Fidelity (MSE);Tolerancja_0.01;602;12;0.009931184242259259;0.09965532721465149;0.8151620767718786;1.6752190121970065
Fidelity (MSE);Tolerancja_0.1;602;7;0.07262953393769273;0.2694986714952278;1.3440675526463677;4.530307720310865
Fidelity (MSE);Tolerancja_1.0;602;1;0.8017346960239531;0.895396390446127;2.2883034979559733;15.051729783567414
Fidelity (MSE);Tolerancja_0.01;603;11;0.008999110447073527;0.0948636413336191;0.6178248534293544;1.7002700023552635
Fidelity (MSE);Tolerancja_0.1;603;7;0.050598066327029595;0.22494013943053737;0.9502467962932064;4.0316707857999114
Fidelity (MSE);Tolerancja_1.0;603;2;0.7272411319969894;0.8527843408488394;1.824773625927505;15.284714067893676
Fidelity (MSE);Tolerancja_0.01;604;68;0.009811070011941654;0.09905084558923086;1.3483169283015162;1.7374350650842696
Fidelity (MSE);Tolerancja_0.1;604;12;0.08145208941901179;0.28539812441396983;1.8556966730414253;5.006122925214338
Fidelity (MSE);Tolerancja_1.0;604;1;0.852592509342989;0.9233593608898916;1.9656046572960921;16.19649909842184
Fidelity (MSE);Tolerancja_0.01;605;11;0.005749120805821799;0.07582295698416014;0.4044802003751409;1.3812062312005622
Fidelity (MSE);Tolerancja_0.1;605;8;0.05252859762611174;0.22919118138818462;0.5346273534307491;4.174992646827401
Fidelity (MSE);Tolerancja_1.0;605;1;0.7935523091908372;0.8908155303938281;1.92414966404868;16.227274830329115
Fidelity (MSE);Tolerancja_0.01;606;16;0.009785154456036114;0.09891993962814633;0.7688666090704759;1.742454553397994
Fidelity (MSE);Tolerancja_0.1;606;9;0.09739571903155245;0.31208287205733104;0.6870561652919704;5.497276115391925
Fidelity (MSE);Tolerancja_1.0;606;2;0.8909782987619754;0.943916468106143;1.9760493859319093;16.62689599348396
Fidelity (MSE);Tolerancja_0.01;607;18;0.009575264599192584;0.09785328098327917;0.6534056896118954;1.8599497929257653
Fidelity (MSE);Tolerancja_0.1;607;3;0.06906336306106307;0.26279909258036466;0.8373364061372066;4.995163298708927
Fidelity (MSE);Tolerancja_1.0;607;1;0.36401769831109965;0.6033387923141522;1.3144626075944332;11.467984011905978
Fidelity (MSE);Tolerancja_0.01;608;31;0.00999605453833697;0.09998027074546742;0.859726271629162;1.641878890142499
Fidelity (MSE);Tolerancja_0.1;608;10;0.09069876553672432;0.3011623574365235;1.030716488244253;4.94569692093972
Fidelity (MSE);Tolerancja_1.0;608;1;0.987946697817132;0.9939550783698085;2.3594626701524186;16.322758967916737
Fidelity (MSE);Tolerancja_0.01;609;7;0.008936777070347839;0.09453452845573325;0.5337023065558268;1.8337328387175056
Fidelity (MSE);Tolerancja_0.1;609;5;0.019718389167416393;0.14042218189237907;0.648328483729923;2.7238382676335418
Fidelity (MSE);Tolerancja_1.0;609;2;0.6633887011900835;0.8144867716483083;1.5692116122091098;15.799001320156577
Fidelity (MSE);Tolerancja_0.01;610;11;0.007780817288964977;0.08820894109422796;0.7554300886053227;1.694047640084011
Fidelity (MSE);Tolerancja_0.1;610;8;0.0771849632073699;0.27782181917079496;0.6590842599885569;5.3355520573291315
Fidelity (MSE);Tolerancja_1.0;610;2;0.73449522209895;0.8570269669613378;1.8362942763090215;16.459153605735953
Fidelity (MSE);Tolerancja_0.01;611;13;0.0070160303222981495;0.08376174736894014;0.5090603310011961;1.5959219406798433
Fidelity (MSE);Tolerancja_0.1;611;8;0.08852433757140037;0.2975303977266867;0.5649871908215927;5.668879944203433
Fidelity (MSE);Tolerancja_1.0;611;1;0.951616354272786;0.9755082543334966;2.1093537753150504;18.58646787235498
Fidelity (MSE);Tolerancja_0.01;612;47;0.009978094735842649;0.09989041363335448;1.111010942804464;1.9308920453157594
Fidelity (MSE);Tolerancja_0.1;612;8;0.07706811109871387;0.2776114390631515;1.4210581180159876;5.366257880793389
Fidelity (MSE);Tolerancja_1.0;612;1;0.40741925881545277;0.6382940222307059;1.360203596905583;12.338289584240277
Fidelity (MSE);Tolerancja_0.01;613;38;0.009752336670744736;0.09875391977407649;1.1019676098225046;1.7019887559985722
Fidelity (MSE);Tolerancja_0.1;613;11;0.0871417065229678;0.2951977413920503;1.6204415161977614;5.0876282966272
Fidelity (MSE);Tolerancja_1.0;613;1;0.9415860593644431;0.9703535744070009;2.5138147173571985;16.72369944162233
Fidelity (MSE);Tolerancja_0.01;614;16;0.008254026458907307;0.09085167284594878;0.48092621419664194;1.6366295418919343
Fidelity (MSE);Tolerancja_0.1;614;9;0.09292791074345652;0.3048407957335378;0.7735951403636729;5.491494391273609
Fidelity (MSE);Tolerancja_1.0;614;1;0.898867766328549;0.9480863707113129;2.167982333578081;17.0791149349809
Fidelity (MSE);Tolerancja_0.01;615;14;0.006220576492612335;0.07887063136942886;0.5713628754699309;1.416548160560365
Fidelity (MSE);Tolerancja_0.1;615;9;0.07873799026021767;0.28060290493902174;0.8372380210131443;5.039740673273434
Fidelity (MSE);Tolerancja_1.0;615;2;0.7337411864917903;0.8565869404163189;1.7326112119089214;15.384644876535042
Fidelity (MSE);Tolerancja_0.01;616;60;0.009971856674028367;0.09985918422472902;1.2473127758448994;1.8090460240722726
Fidelity (MSE);Tolerancja_0.1;616;9;0.09140644361756108;0.3023349857650634;1.3607139685628962;5.477091648429389
Fidelity (MSE);Tolerancja_1.0;616;1;0.8588504769157382;0.9267418609924439;2.1812742420471904;16.788828108156608
Fidelity (MSE);Tolerancja_0.01;617;64;0.009881229099595197;0.09940437163221343;1.2672636919929587;1.8102076760112245
Fidelity (MSE);Tolerancja_0.1;617;14;0.09300130149784208;0.30496114752184755;1.2849666757373104;5.55350837256681
Fidelity (MSE);Tolerancja_1.0;617;5;0.9556625482550517;0.9775799446874162;2.210831220906442;17.80226252357615
Fidelity (MSE);Tolerancja_0.01;618;143;0.009995839955767033;0.09997919761513908;1.871904562021732;1.6678267725628197
Fidelity (MSE);Tolerancja_0.1;618;16;0.09690325397991009;0.31129287492634666;2.3575318947672574;5.192906157426435
Fidelity (MSE);Tolerancja_1.0;618;2;0.9891862104170814;0.9945784083806974;2.4019323639394514;16.591296354423505
Fidelity (MSE);Tolerancja_0.01;619;23;0.00977013734562251;0.09884400510715108;0.8008148874747585;1.7133100929434826
Fidelity (MSE);Tolerancja_0.1;619;13;0.06653557610481144;0.2579449090499974;1.0975148348270585;4.471081636358907
Fidelity (MSE);Tolerancja_1.0;619;5;0.9100693641214941;0.9539755574025438;2.1166664376989157;16.535711489506557
Fidelity (MSE);Tolerancja_0.01;620;24;0.009753548537250424;0.09876005537286026;0.7824143908019581;1.8186171184252815
Fidelity (MSE);Tolerancja_0.1;620;6;0.09281301670307299;0.3046522881960235;0.9290021148164413;5.610019803947732
Fidelity (MSE);Tolerancja_1.0;620;1;0.7476835873647791;0.8646869880857345;1.6861992048786543;15.9227792316979
Fidelity (MSE);Tolerancja_0.01;621;11;0.007991121509505976;0.08939307305102547;0.4642542458551491;1.793574181518878
Fidelity (MSE);Tolerancja_0.1;621;8;0.06379281599330804;0.25257239752852656;0.525651097483256;5.067588748324063
Fidelity (MSE);Tolerancja_1.0;621;1;0.5258667321404716;0.7251666926579513;1.565127103673536;14.5496760862705
Fidelity (MSE);Tolerancja_0.01;622;40;0.00988289634869365;0.09941275747454976;1.164480769891874;1.9025033718517963
Fidelity (MSE);Tolerancja_0.1;622;14;0.09432375889902311;0.3071217330294669;1.257804917626764;5.877516603511497
Fidelity (MSE);Tolerancja_1.0;622;3;0.9689240919114154;0.984339419057987;2.7725933529797473;18.83771370373549
Fidelity (MSE);Tolerancja_0.01;623;15;0.009730862132455135;0.09864513233026319;0.5729626834712676;1.834096898039772
Fidelity (MSE);Tolerancja_0.1;623;10;0.07771971409433805;0.278782557012339;0.6722397950813068;5.183370035249692
Fidelity (MSE);Tolerancja_1.0;623;1;0.5048512188818118;0.7105288304367472;1.674666316376002;13.21077576852786
Fidelity (MSE);Tolerancja_0.01;624;7;0.006724897197810576;0.08200547053587691;0.17769639417798988;1.4585680334276923
Fidelity (MSE);Tolerancja_0.1;624;5;0.06035459391161206;0.24567171980431948;0.46788986628977547;4.369573333123167
Fidelity (MSE);Tolerancja_1.0;624;1;0.5629958038569058;0.7503304631006966;1.4411582035902812;13.345549032693807
Fidelity (MSE);Tolerancja_0.01;625;14;0.009177108186147072;0.09579722431337492;0.5942005292213421;1.6840479155804757
Fidelity (MSE);Tolerancja_0.1;625;8;0.04635257300167739;0.21529647698389628;0.6141177238693007;3.7847608414049794
Fidelity (MSE);Tolerancja_1.0;625;1;0.8949551205298045;0.9460206765868305;1.8536584690834577;16.630379010675085
Fidelity (MSE);Tolerancja_0.01;626;33;0.009995456613586659;0.09997728048705196;0.9374394477964136;1.8356568886439124
Fidelity (MSE);Tolerancja_0.1;626;12;0.06494390898340473;0.2548409484039108;1.0266483749187554;4.6790684860324
Fidelity (MSE);Tolerancja_1.0;626;2;0.8810976196346406;0.9386680028820843;2.4824917073189043;17.23463948255001
Fidelity (MSE);Tolerancja_0.01;627;9;0.008867348157277612;0.09416659788522473;0.44815939558245876;1.6656476081215885
Fidelity (MSE);Tolerancja_0.1;627;5;0.06024852927952063;0.24545575829367017;0.7667519510593621;4.341696587571762
Fidelity (MSE);Tolerancja_1.0;627;1;0.622250380872526;0.7888284863470171;1.784717062852578;13.953039729687866
Fidelity (MSE);Tolerancja_0.01;628;15;0.009018453422542125;0.09496553807851628;0.18924305929909568;1.7952663114556868
Fidelity (MSE);Tolerancja_0.1;628;8;0.06379318609261497;0.25257313018730826;0.6725565854839939;4.774742932844657
Fidelity (MSE);Tolerancja_1.0;628;1;0.8287764256554696;0.9103715865818032;2.42077718030426;17.21002664088006
Fidelity (MSE);Tolerancja_0.01;629;12;0.007596647811106578;0.08715875062841699;0.6851864952475255;1.6972927090867067
Fidelity (MSE);Tolerancja_0.1;629;8;0.062041742506231796;0.24908179882567053;0.9570664043365431;4.8505137816325625
Fidelity (MSE);Tolerancja_1.0;629;1;0.8162334876424997;0.9034564115896792;2.4335805764263014;17.593528696920604
Fidelity (MSE);Tolerancja_0.01;630;48;0.009726267122432901;0.09862183897308395;1.0795665723905978;1.6856194585179087
Fidelity (MSE);Tolerancja_0.1;630;7;0.09373902978062112;0.3061683030305736;1.26368362445655;5.232950982698597
Fidelity (MSE);Tolerancja_1.0;630;1;0.8016869095150572;0.8953697054932432;1.6270082108633774;15.303431915914365
Fidelity (MSE);Tolerancja_0.01;631;14;0.008939998160531913;0.0945515635012553;0.36731771918985245;1.796800096647937
Fidelity (MSE);Tolerancja_0.1;631;10;0.0661365241019659;0.2571702239800827;0.5275030368379268;4.88710568277646
Fidelity (MSE);Tolerancja_1.0;631;1;0.9942651123505432;0.9971284332274069;2.3029182763599967;18.948819023702594
Fidelity (MSE);Tolerancja_0.01;632;13;0.009321586566301545;0.09654836387169669;0.7200309588867526;1.7439574190095244
Fidelity (MSE);Tolerancja_0.1;632;7;0.06562767708132779;0.2561789942234292;0.6538672402763641;4.627372641591884
Fidelity (MSE);Tolerancja_1.0;632;2;0.7564938436979204;0.8697665455154736;2.29192872346466;15.710632050416946
Fidelity (MSE);Tolerancja_0.01;633;102;0.009881153852338587;0.09940399314081194;1.5763479360760044;1.7574696774552194
Fidelity (MSE);Tolerancja_0.1;633;16;0.08059181997876143;0.2838869845180674;1.7066350018198806;5.019142102349425
Fidelity (MSE);Tolerancja_1.0;633;2;0.7801840182275105;0.8832802602954005;2.4490818122207596;15.616457901896716
Fidelity (MSE);Tolerancja_0.01;634;36;0.009747473945910983;0.09872929628996138;0.8883013316097665;1.788587220557948
Fidelity (MSE);Tolerancja_0.1;634;12;0.08300794095176596;0.28811098721111966;1.2018560859967344;5.219439914923602
Fidelity (MSE);Tolerancja_1.0;634;1;0.40686743804548625;0.6378616135538226;1.6055450114503342;11.555548083075333
Fidelity (MSE);Tolerancja_0.01;635;16;0.006071584365108924;0.07792037195181324;0.2741470525820313;1.453544671666443
Fidelity (MSE);Tolerancja_0.1;635;13;0.08626059926816286;0.2937015479498923;0.6528309158963861;5.478776722815911
Fidelity (MSE);Tolerancja_1.0;635;1;0.7845710134157856;0.885760133114934;1.7165023108578996;16.523174743826555
Fidelity (MSE);Tolerancja_0.01;636;7;0.0006276404894294001;0.02505275412862626;0.14030129304959438;0.4913098265187481
Fidelity (MSE);Tolerancja_0.1;636;4;0.07043191210404355;0.26539011304877874;0.5079242397641419;5.204568317413019
Fidelity (MSE);Tolerancja_1.0;636;1;0.5499700062744947;0.7415996266682546;1.4373785206055514;14.54351813194151
Fidelity (MSE);Tolerancja_0.01;637;15;0.009417418279396995;0.09704338349108091;0.8005063561054566;1.7787014608730722
Fidelity (MSE);Tolerancja_0.1;637;8;0.06439862366589182;0.2537688390364188;0.9150960091262936;4.651311490593556
Fidelity (MSE);Tolerancja_1.0;637;1;0.7124634552615952;0.844075503294341;1.8880998475239643;15.471001492181127
Fidelity (MSE);Tolerancja_0.01;638;15;0.009939595987317418;0.09969752247331634;0.3693265650967046;1.7385437423826933
Fidelity (MSE);Tolerancja_0.1;638;10;0.07068772738721933;0.26587163704919586;0.6683485972897962;4.636318530308875
Fidelity (MSE);Tolerancja_1.0;638;2;0.9733212446132273;0.986570445844202;2.2961302798301846;17.203996974962006
Fidelity (MSE);Tolerancja_0.01;639;54;0.009742114026706182;0.09870214803491453;1.1517988167344768;1.7239641033693107
Fidelity (MSE);Tolerancja_0.1;639;13;0.09794124597369537;0.31295566135428093;1.7089387605912334;5.466186267092518
Fidelity (MSE);Tolerancja_1.0;639;1;0.5787786384786303;0.7607750248783344;1.8176995844692927;13.28794620727201
Fidelity (MSE);Tolerancja_0.01;640;19;0.009145096449257699;0.09562999764330071;0.6707256063576335;1.7742543599011233
Fidelity (MSE);Tolerancja_0.1;640;10;0.09518807333594939;0.3085256445353439;0.7744660369687626;5.724176340565726
Fidelity (MSE);Tolerancja_1.0;640;1;0.7943495700329607;0.8912629073584072;2.148593840083559;16.53588976439323
Fidelity (MSE);Tolerancja_0.01;641;14;0.00936116606930236;0.09675311917092058;0.5906295065879741;1.7218414251083045
Fidelity (MSE);Tolerancja_0.1;641;6;0.07230076720319718;0.268888019820886;0.8932109274201796;4.785194887878045
Fidelity (MSE);Tolerancja_1.0;641;2;0.6506685996425706;0.8066403161524786;1.7549327662781984;14.355162122062486
Fidelity (MSE);Tolerancja_0.01;642;22;0.009739728027170949;0.0986900604274359;0.8658224267088377;1.7694401055569644
Fidelity (MSE);Tolerancja_0.1;642;9;0.09727130702068953;0.31188348308413116;0.8378689899074816;5.591841172654117
Fidelity (MSE);Tolerancja_1.0;642;1;0.9579628691789221;0.9787557760641427;1.989115822978535;17.548370283822116
Fidelity (MSE);Tolerancja_0.01;643;16;0.009117401545308872;0.09548508546002811;0.7781090251287495;1.6039435863322844
Fidelity (MSE);Tolerancja_0.1;643;7;0.09127392769547478;0.3021157521472106;0.790553524155972;5.074893326553346
Fidelity (MSE);Tolerancja_1.0;643;3;0.7563697008841953;0.8696951769926031;1.7203052171220943;14.609004060486036
Fidelity (MSE);Tolerancja_0.01;644;5;0.008670283017415738;0.09311435451860114;0.2166178915747281;1.7158097008912983
Fidelity (MSE);Tolerancja_0.1;644;2;0.09898673205091074;0.3146215695894208;0.5947816032230069;5.79750290921401
Fidelity (MSE);Tolerancja_1.0;644;1;0.31822144215056825;0.5641111966186881;0.9720182645267421;10.394825465351722
Fidelity (MSE);Tolerancja_0.01;645;22;0.008898366358214912;0.09433115263906676;0.5776892404348724;1.6921292086414421
Fidelity (MSE);Tolerancja_0.1;645;14;0.07839814238771003;0.279996682815547;0.9098446857330513;5.022630934318538
Fidelity (MSE);Tolerancja_1.0;645;1;0.6238970095353062;0.789871514573925;1.9995395131872895;14.168857514106763
Fidelity (MSE);Tolerancja_0.01;646;14;0.009598732394501628;0.09797312077555573;0.8307303663920722;2.0043643701231564
Fidelity (MSE);Tolerancja_0.1;646;5;0.09335549149682809;0.3055413089859178;0.910934342846887;6.250858485309796
Fidelity (MSE);Tolerancja_1.0;646;1;0.4959511726250979;0.7042380085064267;1.5442061933197997;14.407518727207389
Fidelity (MSE);Tolerancja_0.01;647;11;0.009958728168235344;0.09979342748014693;0.6311981232897912;1.83946479496612
Fidelity (MSE);Tolerancja_0.1;647;8;0.09586067950674625;0.30961375858760903;0.5873615566469184;5.707025235427935
Fidelity (MSE);Tolerancja_1.0;647;3;0.9591656341608503;0.9793700190228667;2.343406619311051;18.052458130033255
Fidelity (MSE);Tolerancja_0.01;648;117;0.009989783858633543;0.09994890624030632;1.6921500339416138;1.70448865275457
Fidelity (MSE);Tolerancja_0.1;648;14;0.09652735180438089;0.31068851250791507;1.9683657337294624;5.298357571194514
Fidelity (MSE);Tolerancja_1.0;648;3;0.48523023223853023;0.696584691361022;2.2033998561478505;11.879276590108363
Fidelity (MSE);Tolerancja_0.01;649;11;0.00011684689039816604;0.010809574015573696;0.06505008392318601;0.18507280940352885
Fidelity (MSE);Tolerancja_0.1;649;8;0.09731097790402114;0.311947075485604;0.5671181332086257;5.340906270881514
Fidelity (MSE);Tolerancja_1.0;649;1;0.5925573821280816;0.7697774887122133;2.15582645036367;13.17950940955757
Fidelity (MSE);Tolerancja_0.01;650;36;0.009672515971593649;0.09834895002791666;0.9987726443403977;1.6944777810143654
Fidelity (MSE);Tolerancja_0.1;650;11;0.08549887386479212;0.29240190468735344;1.5187443790655264;5.037862940868817
Fidelity (MSE);Tolerancja_1.0;650;1;0.6719648432288435;0.8197346175615884;1.8857138390283135;14.123405439429106
Fidelity (MSE);Tolerancja_0.01;651;10;0.00586247384534285;0.07656679335941169;0.4658552051828;1.4131635980066983
Fidelity (MSE);Tolerancja_0.1;651;3;0.09792709783916628;0.3129330564819995;0.7345774023978819;5.775684009091087
Fidelity (MSE);Tolerancja_1.0;651;1;0.2709520098851749;0.52053050812145;1.3199418690237303;9.607229628596466
Fidelity (MSE);Tolerancja_0.01;652;17;0.009422385500340037;0.09706897290246784;0.6238092383221421;2.0916471918042303
Fidelity (MSE);Tolerancja_0.1;652;10;0.0496753973109256;0.2228797821941811;0.7659404694431196;4.802624943861389
Fidelity (MSE);Tolerancja_1.0;652;2;0.8052186163243832;0.8973397440904883;2.5547909795113877;19.335922691868497
Fidelity (MSE);Tolerancja_0.01;653;31;0.00987145407460832;0.09935519148292313;0.8735441128428398;1.8561634775923521
Fidelity (MSE);Tolerancja_0.1;653;8;0.06880453704228845;0.2623061894852816;0.9090571723241956;4.900430079214157
Fidelity (MSE);Tolerancja_1.0;653;1;0.5748384074280657;0.7581809859315028;2.016110608522853;14.16441188916535
Fidelity (MSE);Tolerancja_0.01;654;17;0.008180176151503071;0.09044432625379588;0.7172560875354348;1.5934221323047448
Fidelity (MSE);Tolerancja_0.1;654;13;0.0927564013365428;0.30455935601544537;0.7290262180408922;5.365639156996025
Fidelity (MSE);Tolerancja_1.0;654;3;0.9355390502802842;0.9672326763919239;2.1227778203805716;17.04042716097474
Fidelity (MSE);Tolerancja_0.01;655;10;0.008479106087639186;0.09208206170389098;0.42584860086921683;1.559335151940837
Fidelity (MSE);Tolerancja_0.1;655;7;0.09447886928268681;0.3073741519430136;0.7788973863939832;5.205132368387141
Fidelity (MSE);Tolerancja_1.0;655;1;0.8969927948084423;0.9470970355821214;2.0733142501779036;16.038321390231847
Fidelity (MSE);Tolerancja_0.01;656;70;0.009867391381543843;0.09933474408052725;1.3455708385749228;1.7505204067471536
Fidelity (MSE);Tolerancja_0.1;656;13;0.09375455182522123;0.30619365085713524;1.6263682661800942;5.395878745178153
Fidelity (MSE);Tolerancja_1.0;656;5;0.8779014105290982;0.9369639323523068;2.1063891559514154;16.51158916400026
Fidelity (MSE);Tolerancja_0.01;657;128;0.009956208228757406;0.09978080090256546;1.7348943281937297;1.7274339781236308
Fidelity (MSE);Tolerancja_0.1;657;18;0.0903696681764035;0.30061548226331175;1.9637067148931031;5.204341854489113
Fidelity (MSE);Tolerancja_1.0;657;2;0.8619091032978631;0.9283905984540467;1.905104961946174;16.072565566055893
Fidelity (MSE);Tolerancja_0.01;658;58;0.009776695302057178;0.0988771728057451;1.2639223771683565;1.8772371890522517
Fidelity (MSE);Tolerancja_0.1;658;10;0.08269912828149499;0.2875745612558506;1.8833517600705885;5.459760283351273
Fidelity (MSE);Tolerancja_1.0;658;2;0.9115949502816562;0.9547748165309222;2.0154094687572828;18.126921936609484
Fidelity (MSE);Tolerancja_0.01;659;17;0.008979300471435251;0.09475917090939141;0.7084043760411403;1.6070286749510265
Fidelity (MSE);Tolerancja_0.1;659;9;0.09747452634766639;0.31220910676606856;0.8464176354760378;5.294780255450644
Fidelity (MSE);Tolerancja_1.0;659;4;0.6772015216481722;0.8229225489972748;1.9915229158609296;13.95601207578047
Fidelity (MSE);Tolerancja_0.01;660;8;0.007017258663026968;0.08376907939703628;0.1715998417807194;1.472268043762236
Fidelity (MSE);Tolerancja_0.1;660;5;0.042596584337080926;0.20638939976917645;0.40269565503305227;3.627358925734809
Fidelity (MSE);Tolerancja_1.0;660;2;0.9313240976361369;0.9650513445595197;1.8854287620380354;16.96108236370361
Fidelity (MSE);Tolerancja_0.01;661;39;0.009892425456012722;0.09946067291152177;1.0462435184792138;1.7804372511700386
Fidelity (MSE);Tolerancja_0.1;661;8;0.08836122247624677;0.2972561563302714;1.0115305852120882;5.32115778405045
Fidelity (MSE);Tolerancja_1.0;661;2;0.5885349035415782;0.7671602854303514;1.7147185525031987;13.73287259994206
Fidelity (MSE);Tolerancja_0.01;662;11;0.009043894358816803;0.09509939200024783;0.2594478202030084;1.7250343069250214
Fidelity (MSE);Tolerancja_0.1;662;8;0.06048265418243522;0.24593221460889425;0.6103776353962274;4.461032804261083
Fidelity (MSE);Tolerancja_1.0;662;3;0.9794270764393673;0.9896600812599078;2.1075936359650305;17.951719316597696
Fidelity (MSE);Tolerancja_0.01;663;12;0.009171034612970988;0.09576551891453931;0.7216051637679257;1.946868985010783
Fidelity (MSE);Tolerancja_0.1;663;7;0.0684020416958765;0.26153783989296175;0.6655739416196909;5.316944080350181
Fidelity (MSE);Tolerancja_1.0;663;2;0.7517827959461223;0.867054090553826;1.7843553711230773;17.626811156658317
Fidelity (MSE);Tolerancja_0.01;664;23;0.009775312975537574;0.09887018243908309;0.852287197470873;1.7803292198656249
Fidelity (MSE);Tolerancja_0.1;664;9;0.09217774231644937;0.30360787591307536;0.8656790659685445;5.466986704534675
Fidelity (MSE);Tolerancja_1.0;664;1;0.449950072311933;0.6707831783161627;1.540903005468885;12.07861524162141
Fidelity (MSE);Tolerancja_0.01;665;40;0.009952858276314416;0.09976401293209097;1.0244617119800363;1.5934632638002881
Fidelity (MSE);Tolerancja_0.1;665;8;0.07915978888329911;0.28135349452832303;1.184782571365349;4.4938695276611655
Fidelity (MSE);Tolerancja_1.0;665;2;0.6888120717816019;0.8299470295034508;1.8386682467069688;13.256183903850552
Fidelity (MSE);Tolerancja_0.01;666;16;0.008436156523918562;0.09184855210572762;0.7525816742527409;1.5851225371323514
Fidelity (MSE);Tolerancja_0.1;666;10;0.08662098720622885;0.2943144359460284;0.6366906399777146;5.079279256187134
Fidelity (MSE);Tolerancja_1.0;666;4;0.8096806542642704;0.8998225682123506;1.800860031891835;15.529140085429443
Fidelity (MSE);Tolerancja_0.01;667;51;0.009935571975802474;0.09967733932947084;1.1060401738930192;1.7380225420954705
Fidelity (MSE);Tolerancja_0.1;667;13;0.08459105760070022;0.29084541873768655;1.1695321229225222;5.0713221022126485
Fidelity (MSE);Tolerancja_1.0;667;7;0.8951689139452117;0.9461336660034942;1.968289771441607;16.497246519734425
Fidelity (MSE);Tolerancja_0.01;668;164;0.009920718059520177;0.09960280146421674;1.9559953188175312;1.91088453085836
Fidelity (MSE);Tolerancja_0.1;668;20;0.09968141647692344;0.3157236394014921;2.004678686733441;6.05717318880192
Fidelity (MSE);Tolerancja_1.0;668;2;0.8880964780690769;0.9423887085853039;2.3494522290092164;18.079772645131843
Fidelity (MSE);Tolerancja_0.01;669;23;0.00979991402643692;0.09899451513309675;0.7512199991445119;1.7785852198850882
Fidelity (MSE);Tolerancja_0.1;669;7;0.09578165680285784;0.30948611730230785;0.9578326522272951;5.5603831510608295
Fidelity (MSE);Tolerancja_1.0;669;1;0.4094087402211587;0.6398505608508589;1.5131094253020052;11.495876806249903
Fidelity (MSE);Tolerancja_0.01;670;10;0.00976735855454182;0.09882994766032116;0.5721001244985402;1.8190267581518131
Fidelity (MSE);Tolerancja_0.1;670;6;0.08432887842120913;0.29039434984381;0.6709586006218533;5.344888925748852
Fidelity (MSE);Tolerancja_1.0;670;2;0.6518269590404429;0.8073580116902556;2.108268470728359;14.859927192518828
Fidelity (MSE);Tolerancja_0.01;671;18;0.009629033637903454;0.09812763952069495;0.6649861680494613;1.7770455496643234
Fidelity (MSE);Tolerancja_0.1;671;7;0.09341811709629719;0.305643774836487;1.0840036645874873;5.535065477053852
Fidelity (MSE);Tolerancja_1.0;671;2;0.5728291886848583;0.7568548002654527;1.7284816460740915;13.706285620680323
Fidelity (MSE);Tolerancja_0.01;672;14;0.006790543105499003;0.08240475171674873;0.5389949585777387;1.4845462312646032
Fidelity (MSE);Tolerancja_0.1;672;6;0.09864742000697127;0.3140818683193464;0.9243042537037471;5.658278730391006
Fidelity (MSE);Tolerancja_1.0;672;1;0.25536456883755454;0.5053360949284689;1.1202815437587006;9.103780784713576
Fidelity (MSE);Tolerancja_0.01;673;17;0.008797267633098235;0.09379375050128998;0.5976241200097112;1.696443489857426
Fidelity (MSE);Tolerancja_0.1;673;13;0.07170573394730952;0.26777926347517933;0.7482662189062141;4.84331190312127
Fidelity (MSE);Tolerancja_1.0;673;4;0.9123780587837479;0.9551848296448954;2.3163457259166993;17.276386509774667
Fidelity (MSE);Tolerancja_0.01;674;10;0.00860073372138804;0.09274014083118508;0.6198265648477808;1.8516352406294758
Fidelity (MSE);Tolerancja_0.1;674;4;0.06913856812530807;0.26294213835995944;1.0154580672147597;5.249861875021599
Fidelity (MSE);Tolerancja_1.0;674;1;0.8551224800994689;0.9247283277262944;2.369579630014514;18.462982094702625
Fidelity (MSE);Tolerancja_0.01;675;8;0.008486319818215255;0.09212122349499736;0.589545888524734;1.6336797369725535
Fidelity (MSE);Tolerancja_0.1;675;6;0.03642394985782804;0.19085059564441512;0.6840285514432809;3.384548522744652
Fidelity (MSE);Tolerancja_1.0;675;1;0.5318263778930373;0.7292642716416575;1.4708474469354114;12.932788105487136
Fidelity (MSE);Tolerancja_0.01;676;26;0.00995204042374818;0.09975991391209287;0.8837313046748312;1.797100783309489
Fidelity (MSE);Tolerancja_0.1;676;7;0.09525217006900928;0.3086295029141078;1.441414228776864;5.559731355904149
Fidelity (MSE);Tolerancja_1.0;676;1;0.5402364874848947;0.7350078145740321;1.3784640113519107;13.24062007986027
Fidelity (MSE);Tolerancja_0.01;677;33;0.009848435034944699;0.09923928171316386;0.9088752344105586;1.7611888971871243
Fidelity (MSE);Tolerancja_0.1;677;12;0.05635679636848598;0.23739586426154516;1.1181315581609281;4.2130389615679285
Fidelity (MSE);Tolerancja_1.0;677;3;0.8065987460293105;0.898108426655329;2.059895020999681;15.93863399845374
Fidelity (MSE);Tolerancja_0.01;678;42;0.009969465038278953;0.09984720846512912;1.1504419248742694;1.7865696966138072
Fidelity (MSE);Tolerancja_0.1;678;15;0.08883509410594229;0.2980521667526379;1.409640636104081;5.3330581527105645
Fidelity (MSE);Tolerancja_1.0;678;4;0.9834090413019617;0.9916698247410585;2.395150283658971;17.743983884611538
Fidelity (MSE);Tolerancja_0.01;679;49;0.009950914319163735;0.09975426967886505;1.0761062332569455;1.7645706268721404
Fidelity (MSE);Tolerancja_0.1;679;11;0.07574505304670749;0.2752181917074296;1.0901108181094434;4.86838246253723
Fidelity (MSE);Tolerancja_1.0;679;3;0.9962986807071302;0.998147624706451;1.9237801090789874;17.656406943876082
Fidelity (MSE);Tolerancja_0.01;680;50;0.009869468724466224;0.09934519980585989;1.145417913274859;1.7531315398487075
Fidelity (MSE);Tolerancja_0.1;680;14;0.0855789069593965;0.2925387272813576;1.2670837886392676;5.162392047390059
Fidelity (MSE);Tolerancja_1.0;680;2;0.9585149225902123;0.979037753403929;2.5484448749540567;17.276949138450554
Fidelity (MSE);Tolerancja_0.01;681;9;0.004314562429747695;0.06568532887751796;0.4661840250148268;1.0870878057511242
Fidelity (MSE);Tolerancja_0.1;681;9;0.004314562429747695;0.06568532887751796;0.4661840250148268;1.0870878057511242
Fidelity (MSE);Tolerancja_1.0;681;4;0.9774589440757302;0.9886652335728865;2.303789911416704;16.362343581947574
Fidelity (MSE);Tolerancja_0.01;682;31;0.009840370574972045;0.09919864200165265;1.0405971108354075;1.6024667647597646
Fidelity (MSE);Tolerancja_0.1;682;7;0.08417012119431809;0.29012087342057635;1.6522369731603295;4.686647397973481
Fidelity (MSE);Tolerancja_1.0;682;2;0.718614688025784;0.8477114414857122;1.8830813239286859;13.694032334281495
Fidelity (MSE);Tolerancja_0.01;683;17;0.008856676970733992;0.09410991961920907;0.5349028978249288;1.8044988979516514
Fidelity (MSE);Tolerancja_0.1;683;11;0.08987468486083922;0.2997910686809052;0.6973240278607253;5.748306397873298
Fidelity (MSE);Tolerancja_1.0;683;1;0.5842409617571191;0.7643565671577102;1.7568189099190055;14.656059516989178
Fidelity (MSE);Tolerancja_0.01;684;14;0.007276837974776926;0.08530438426468434;0.33377178108101013;1.5783577499099866
Fidelity (MSE);Tolerancja_0.1;684;9;0.08557635953863979;0.2925343732600321;0.5324321168363175;5.412663125465922
Fidelity (MSE);Tolerancja_1.0;684;1;0.6721727648250683;0.8198614302582287;1.797781055951515;15.1696147091948
Fidelity (MSE);Tolerancja_0.01;685;12;0.00794856511231273;0.08915472568693557;0.41603363991449704;1.5879712206689907
Fidelity (MSE);Tolerancja_0.1;685;7;0.07639798118791123;0.2764018472946793;0.6157066583845321;4.9231061557515785
Fidelity (MSE);Tolerancja_1.0;685;1;0.8391465116021798;0.9160494045640659;2.1328487813116483;16.3161299633931
Fidelity (MSE);Tolerancja_0.01;686;44;0.009744353832034765;0.09871349366745544;1.0359741018503357;1.8590754151885314
Fidelity (MSE);Tolerancja_0.1;686;10;0.06899436049213402;0.26266777589216006;1.2226411830669184;4.946833369796516
Fidelity (MSE);Tolerancja_1.0;686;3;0.8624815561703146;0.9286988511731424;2.0219257081671946;17.490224873876933
Fidelity (MSE);Tolerancja_0.01;687;12;0.0036557719425749226;0.060462979934625474;0.21866022366906446;1.0890870197006273
Fidelity (MSE);Tolerancja_0.1;687;8;0.08514180688135603;0.29179069018965637;0.659431056339634;5.255868194036116
Fidelity (MSE);Tolerancja_1.0;687;1;0.6016599752121682;0.775667438540621;1.791395131748164;13.97167886585174
Fidelity (MSE);Tolerancja_0.01;688;11;0.007380062521190969;0.08590729026800327;0.4079660089517514;1.4789837302782018
Fidelity (MSE);Tolerancja_0.1;688;5;0.08622896552948722;0.29364768946730574;0.7080926269561711;5.055451682867115
Fidelity (MSE);Tolerancja_1.0;688;1;0.9607529939726266;0.9801800824198718;1.9592231058137468;16.874823895844337
Fidelity (MSE);Tolerancja_0.01;689;28;0.009510193755168546;0.09752022228834667;0.8078000183863603;1.7495185745549462
Fidelity (MSE);Tolerancja_0.1;689;7;0.08735604530772716;0.2955605611507177;0.9653615825833093;5.302374005159073
Fidelity (MSE);Tolerancja_1.0;689;1;0.4574275586733285;0.6763339106338884;1.4330608886895817;12.133470489399901
Fidelity (MSE);Tolerancja_0.01;690;57;0.009968770697967472;0.0998437313904457;1.1874706411254516;1.826258815284703
Fidelity (MSE);Tolerancja_0.1;690;7;0.0995186183304868;0.31546571656914923;1.3309661532495953;5.770237527998127
Fidelity (MSE);Tolerancja_1.0;690;1;0.5357118259068054;0.7319233743410614;1.664745198419327;13.387735973890088
Fidelity (MSE);Tolerancja_0.01;691;36;0.009701392230424918;0.09849564574347904;1.0145429157626875;1.7736116618819193
Fidelity (MSE);Tolerancja_0.1;691;14;0.07881622855898243;0.2807422813880774;1.281368132131453;5.055327882717039
Fidelity (MSE);Tolerancja_1.0;691;1;0.49671454324925124;0.70477978351344;1.6169465876727154;12.69097363302285
Fidelity (MSE);Tolerancja_0.01;692;11;0.006102518286258117;0.07811861677128006;0.5548604887076598;1.401080515735247
Fidelity (MSE);Tolerancja_0.1;692;6;0.07056266554757942;0.2656363407886418;0.6236082570811501;4.76426640322955
Fidelity (MSE);Tolerancja_1.0;692;1;0.5604746802833556;0.7486485692789078;1.7286554344427736;13.427233697965018
Fidelity (MSE);Tolerancja_0.01;693;28;0.0093718902165246;0.09680852347042898;1.136143924584439;1.6752635012905994
Fidelity (MSE);Tolerancja_0.1;693;14;0.07844054442597499;0.2800723914026068;1.107813931300023;4.846629596404102
Fidelity (MSE);Tolerancja_1.0;693;2;0.827403017259427;0.9096169618358196;2.807087651670713;15.740846380989021
Fidelity (MSE);Tolerancja_0.01;694;10;0.008775691709916088;0.09367866197761414;0.4823423430806919;1.6676505998232234
Fidelity (MSE);Tolerancja_0.1;694;5;0.08490669836211259;0.29138753981958904;0.6125247830596159;5.1872282898027695
Fidelity (MSE);Tolerancja_1.0;694;1;0.2508537431056415;0.5008530154702491;1.2908142690097444;8.916094807927823
Fidelity (MSE);Tolerancja_0.01;695;40;0.009779851566140337;0.09889313204737898;1.0558718171730517;1.6469724634129435
Fidelity (MSE);Tolerancja_0.1;695;9;0.0983653547450404;0.31363251544608767;1.546910246639177;5.223255709235384
Fidelity (MSE);Tolerancja_1.0;695;1;0.862163407337573;0.9285275479691343;2.1874203765248397;15.463756394052197
Fidelity (MSE);Tolerancja_0.01;696;12;0.00924374794934765;0.09614441195070907;0.4099073453280413;1.7348291564176703
Fidelity (MSE);Tolerancja_0.1;696;8;0.07131603956692946;0.26705063109255045;0.5398829639085614;4.8186598852631395
Fidelity (MSE);Tolerancja_1.0;696;1;0.7669153450258577;0.8757370296075516;1.7717608964348242;15.80179338032324
Fidelity (MSE);Tolerancja_0.01;697;18;0.006420140770420514;0.08012578093485588;0.16468703020388986;1.4182844437677276
Fidelity (MSE);Tolerancja_0.1;697;12;0.07101992279061557;0.266495633717732;0.7277961529908854;4.717166026015737
Fidelity (MSE);Tolerancja_1.0;697;2;0.9743171904612639;0.987075068300919;2.148733066489126;17.471944708287523
Fidelity (MSE);Tolerancja_0.01;698;48;0.00974322111540135;0.0987077561055936;1.1624243437017272;1.7817865955699157
Fidelity (MSE);Tolerancja_0.1;698;12;0.08388901778060319;0.2896360091228354;1.1096559582782026;5.228257423837732
Fidelity (MSE);Tolerancja_1.0;698;2;0.8718191762197647;0.933712576877791;2.0075274306712965;16.854567657440796
Fidelity (MSE);Tolerancja_0.01;699;36;0.009610379905509524;0.09803254513430489;1.0054337495460395;1.7920113526455888
Fidelity (MSE);Tolerancja_0.1;699;7;0.06655953613463349;0.25799134895308695;1.447126346341106;4.7160198235687645
Fidelity (MSE);Tolerancja_1.0;699;4;0.5606614434440483;0.7487732924217104;1.6867404146303802;13.687395739233704
Fidelity (MSE);Tolerancja_0.01;700;19;0.009838322569707032;0.09918831871600119;0.37689393468035615;1.777867015914221
Fidelity (MSE);Tolerancja_0.1;700;14;0.05794688553497871;0.24072159341234578;0.6129388700465075;4.3147316789540735
Fidelity (MSE);Tolerancja_1.0;700;1;0.8590288464940451;0.9268380907656122;2.047858040673308;16.612791627037314
Fidelity (MSE);Tolerancja_0.01;701;9;0.008967694832281723;0.09469791355822853;0.4967479910497241;1.6327010991347595
Fidelity (MSE);Tolerancja_0.1;701;6;0.07358613998713744;0.2712676537796894;0.5423747888726966;4.67696678674418
Fidelity (MSE);Tolerancja_1.0;701;1;0.5689502994263155;0.7542879419865569;1.4273375526520704;13.004792879499897
Fidelity (MSE);Tolerancja_0.01;702;23;0.009789441597102504;0.09894160700687302;0.8824730145242174;1.588665379511572
Fidelity (MSE);Tolerancja_0.1;702;9;0.05515470099882907;0.23485038002700584;1.2867491319638251;3.7708975970859537
Fidelity (MSE);Tolerancja_1.0;702;3;0.9914700048517252;0.9957258683250753;1.886033889782424;15.987967674532111
Fidelity (MSE);Tolerancja_0.01;703;14;0.009504852610713745;0.09749283363772819;0.8121059432071531;1.8243521137090675
Fidelity (MSE);Tolerancja_0.1;703;7;0.0926912622268554;0.3044523973084387;0.7487542347710106;5.697120022353119
Fidelity (MSE);Tolerancja_1.0;703;1;0.6720068554269211;0.819760242648374;2.2838313417576277;15.339910387336126
Fidelity (MSE);Tolerancja_0.01;704;16;0.005567292022610168;0.07461428832743879;0.4087655171670228;1.375411247853728
Fidelity (MSE);Tolerancja_0.1;704;11;0.06228152440500712;0.24956266628846374;0.6567930725984148;4.600342721908554
Fidelity (MSE);Tolerancja_1.0;704;4;0.7304553238016807;0.8546667910956179;2.080300090098388;15.754600680251723
Fidelity (MSE);Tolerancja_0.01;705;14;0.008487870096973802;0.09212963745165723;0.34652353898373445;1.799322517039174
Fidelity (MSE);Tolerancja_0.1;705;8;0.08051982881794569;0.2837601607307581;0.6335620584744301;5.541930487997639
Fidelity (MSE);Tolerancja_1.0;705;1;0.5227862039087435;0.7230395590206276;1.9166765980367346;14.121203504556807
Fidelity (MSE);Tolerancja_0.01;706;23;0.009958807902950395;0.09979382697817733;0.801203090514699;1.7511349663979432
Fidelity (MSE);Tolerancja_0.1;706;10;0.08884840280832028;0.29807449204573055;1.230110760049949;5.230470475160024
Fidelity (MSE);Tolerancja_1.0;706;4;0.9066735682789661;0.9521940812034939;2.406291471485334;16.70865223714918
Fidelity (MSE);Tolerancja_0.01;707;26;0.009745951925871143;0.09872158794241076;0.8889826035640196;1.7149657641242648
Fidelity (MSE);Tolerancja_0.1;707;7;0.06448748831979617;0.25394386844300093;1.041613350091085;4.411446872623997
Fidelity (MSE);Tolerancja_1.0;707;1;0.8996251825981024;0.9484857313624188;1.890515135112277;16.476847576598967
Fidelity (MSE);Tolerancja_0.01;708;13;0.008665693798548849;0.09308970833850995;0.6370107912463894;1.5761344009519154
Fidelity (MSE);Tolerancja_0.1;708;7;0.09734506041008364;0.3120016993705061;0.8550583699716041;5.282609864294517
Fidelity (MSE);Tolerancja_1.0;708;1;0.34666479478090634;0.5887824681331012;1.2856185252529855;9.968881837371216
Fidelity (MSE);Tolerancja_0.01;709;40;0.009862455137600298;0.09930989445971786;1.0544223380533255;1.7319520999981888
Fidelity (MSE);Tolerancja_0.1;709;9;0.07996329963024404;0.28277782733135925;1.401047878356736;4.931609831466781
Fidelity (MSE);Tolerancja_1.0;709;3;0.994784261941038;0.9973887215830335;1.9500909597138536;17.39433417242151
Fidelity (MSE);Tolerancja_0.01;710;20;0.009969138485499057;0.09984557318929596;0.8554745061056988;1.8057623266814058
Fidelity (MSE);Tolerancja_0.1;710;11;0.09210257594513961;0.3034840620941067;0.8684668483528064;5.488676849386141
Fidelity (MSE);Tolerancja_1.0;710;1;0.7416040701285063;0.8611643688219492;1.9565502517539484;15.574633152246342
Fidelity (MSE);Tolerancja_0.01;711;14;0.008552980119824508;0.09248232328301721;0.6542236409740241;1.6926747478230377
Fidelity (MSE);Tolerancja_0.1;711;6;0.06370086594622598;0.25239030477858293;0.8636951670483857;4.619420018101104
Fidelity (MSE);Tolerancja_1.0;711;2;0.5279983281601631;0.7266349345855614;1.5962288813307017;13.299369663271479
Fidelity (MSE);Tolerancja_0.01;712;40;0.009652432644033282;0.09824679457383473;1.0346545748473623;1.5938548806250976
Fidelity (MSE);Tolerancja_0.1;712;8;0.07054338970421314;0.26560005591907004;1.4036281512154183;4.308821954519523
Fidelity (MSE);Tolerancja_1.0;712;1;0.593347769861998;0.7702907047745013;2.4095935984625454;12.49640361938034
Fidelity (MSE);Tolerancja_0.01;713;11;0.008398962746895847;0.0916458550448183;0.2699576147486624;1.5429288970281796
Fidelity (MSE);Tolerancja_0.1;713;7;0.09623548111382442;0.3102184409634998;0.6874696769184494;5.22276754054549
Fidelity (MSE);Tolerancja_1.0;713;1;0.39487604458508685;0.6283916331278503;1.2331556312140792;10.579459473966796
Fidelity (MSE);Tolerancja_0.01;714;34;0.009765671528253706;0.09882141229639306;0.9906253579909503;1.7739404355667165
Fidelity (MSE);Tolerancja_0.1;714;12;0.08507123211571463;0.2916697312298872;1.4337610778393142;5.235755268379809
Fidelity (MSE);Tolerancja_1.0;714;2;0.8530715901456275;0.9236187471817727;2.0163469879289995;16.579854553778944
Fidelity (MSE);Tolerancja_0.01;715;15;0.007571950132882571;0.08701695313490683;0.5872323679411338;1.5828744282045004
Fidelity (MSE);Tolerancja_0.1;715;10;0.08374621246169792;0.28938937862626873;0.7021659598229828;5.2641126897576624
Fidelity (MSE);Tolerancja_1.0;715;2;0.7015832864157415;0.8376056867140657;1.5920237040595775;15.236394457099308
Fidelity (MSE);Tolerancja_0.01;716;19;0.008429717455199227;0.09181349277311711;0.5054673852314124;1.6200406534147467
Fidelity (MSE);Tolerancja_0.1;716;12;0.08200041217934752;0.28635714096098164;0.7224891004759533;5.052745470633482
Fidelity (MSE);Tolerancja_1.0;716;4;0.9530945410931229;0.9762656099100915;2.122125923738947;17.226117086008287
Fidelity (MSE);Tolerancja_0.01;717;20;0.009840632567634722;0.09919996253847439;0.6573179266786164;1.7276865093061973
Fidelity (MSE);Tolerancja_0.1;717;10;0.085639456212542;0.2926421982772512;0.9439185110296604;5.096715412782773
Fidelity (MSE);Tolerancja_1.0;717;4;0.8570139086503268;0.9257504570078952;2.513218115104138;16.123056245472497
Fidelity (MSE);Tolerancja_0.01;718;8;0.005368346068176487;0.07326899800172298;0.186112447609303;1.3948199142985005
Fidelity (MSE);Tolerancja_0.1;718;4;0.08873765078524234;0.2978886550126445;0.6161382962582458;5.670898191421445
Fidelity (MSE);Tolerancja_1.0;718;1;0.30023256886602234;0.5479348217315836;1.0629433876044914;10.431020239567616
Fidelity (MSE);Tolerancja_0.01;719;9;0.009416380061182885;0.09703803409582701;0.49851301266057835;1.769891309111817
Fidelity (MSE);Tolerancja_0.1;719;4;0.08822468952797097;0.2970264121723369;0.653236469584555;5.417509437189749
Fidelity (MSE);Tolerancja_1.0;719;1;0.5451897264335545;0.7383696407853958;1.3128413255086873;13.467235010630588
Fidelity (MSE);Tolerancja_0.01;720;16;0.007983118246537869;0.08934829739025735;0.49372540746465443;1.5873775779970982
Fidelity (MSE);Tolerancja_0.1;720;10;0.06745456236299098;0.25972016164131534;0.6683283815245931;4.614234106134862
Fidelity (MSE);Tolerancja_1.0;720;1;0.5763802717054265;0.7591971230882177;1.9580211564927126;13.488029718197506
Fidelity (MSE);Tolerancja_0.01;721;32;0.009623221417671284;0.09809801943806656;0.9046404878494814;1.8684037909951383
Fidelity (MSE);Tolerancja_0.1;721;8;0.09567107660325476;0.3093074144007136;1.069632480719969;5.891160177948927
Fidelity (MSE);Tolerancja_1.0;721;1;0.4608676754899425;0.6788723558150991;2.22843534490314;12.930002975315228
Fidelity (MSE);Tolerancja_0.01;722;26;0.009876771016244075;0.09938194512205964;1.0122108907336074;1.8089625445016313
Fidelity (MSE);Tolerancja_0.1;722;10;0.09016145816238218;0.3002689763568361;1.2329206266140664;5.465533310283285
Fidelity (MSE);Tolerancja_1.0;722;2;0.7213150768557696;0.8493027003699974;1.861294929613103;15.45911354448218
Fidelity (MSE);Tolerancja_0.01;723;8;0.005947535337143133;0.07712026541151899;0.4256786601125171;1.5107376890309359
Fidelity (MSE);Tolerancja_0.1;723;4;0.04593670858888646;0.21432850624423821;0.8186930687454028;4.198561175705053
Fidelity (MSE);Tolerancja_1.0;723;1;0.5558591149023677;0.7455595984912056;1.3349506277658962;14.605045494192515
Fidelity (MSE);Tolerancja_0.01;724;12;0.005509165566800267;0.07422375338663673;0.3698060108684311;1.3184845042886624
Fidelity (MSE);Tolerancja_0.1;724;8;0.06612566767884717;0.2571491156485808;0.570214278506656;4.567905943910795
Fidelity (MSE);Tolerancja_1.0;724;2;0.5787456479417405;0.760753342379605;1.8932257718193313;13.513753316790694
Fidelity (MSE);Tolerancja_0.01;725;54;0.009956706971647983;0.09978330006392845;1.1627806235014049;1.8553016170161158
Fidelity (MSE);Tolerancja_0.1;725;9;0.08938525416897872;0.2989736680194072;1.5259880433699466;5.558909450441838
Fidelity (MSE);Tolerancja_1.0;725;1;0.8903739192533824;0.9435962692027678;2.103057862869217;17.54457592543714
Fidelity (MSE);Tolerancja_0.01;726;13;0.0019033057419571384;0.04362689241691572;0.3381738923550923;0.7703481707851711
Fidelity (MSE);Tolerancja_0.1;726;10;0.08681310113329774;0.29464063048618694;0.5648522956735436;5.202659601902263
Fidelity (MSE);Tolerancja_1.0;726;1;0.9701022056308056;0.9849376658605384;2.299352457333038;17.39167947105233
Fidelity (MSE);Tolerancja_0.01;727;15;0.00998095986808288;0.09990475398139409;0.6255882049345987;1.7424688260722656
Fidelity (MSE);Tolerancja_0.1;727;8;0.07514031812005167;0.27411734370530383;0.5660588058817755;4.780962937771537
Fidelity (MSE);Tolerancja_1.0;727;3;0.5776282604490545;0.7600185921732799;1.5656543114491268;13.255712579442472
Fidelity (MSE);Tolerancja_0.01;728;19;0.009459012247046844;0.09725745342670064;0.6714012738713064;1.6480348291996052
Fidelity (MSE);Tolerancja_0.1;728;12;0.07454396705764547;0.27302741081738563;0.6919183787626499;4.626469915669321
Fidelity (MSE);Tolerancja_1.0;728;1;0.5669282052213601;0.7529463494973331;1.9728558717279285;12.758732259276256
Fidelity (MSE);Tolerancja_0.01;729;16;0.008994576234955542;0.09483973974529633;0.4811390586412534;1.668233154812689
Fidelity (MSE);Tolerancja_0.1;729;8;0.09283416195549468;0.3046869901316672;0.6715665785600082;5.35945100801421
Fidelity (MSE);Tolerancja_1.0;729;1;0.5552930104338568;0.7451798510654034;1.6199089159960245;13.107730337348823
Fidelity (MSE);Tolerancja_0.01;730;18;0.009418314278242343;0.09704799986729425;0.6384516864414085;1.7584659239884974
Fidelity (MSE);Tolerancja_0.1;730;12;0.05737299427614321;0.23952660452681077;1.0319186842085966;4.340113887200394
Fidelity (MSE);Tolerancja_1.0;730;1;0.8857308798801294;0.9411327642156176;1.9016617937469888;17.052900606764517
Fidelity (MSE);Tolerancja_0.01;731;17;0.008902608069394654;0.09435363304820146;0.4004731506664765;1.6572015216525686
Fidelity (MSE);Tolerancja_0.1;731;12;0.0795653317652545;0.28207327375214847;0.6574078846087641;4.9542581814605855
Fidelity (MSE);Tolerancja_1.0;731;3;0.9491770770722043;0.9742571924662421;2.8098769950736227;17.111588072196565
Fidelity (MSE);Tolerancja_0.01;732;10;0.006944316958831309;0.08333256841614393;0.4939202699532794;1.4767146259381396
Fidelity (MSE);Tolerancja_0.1;732;7;0.05251968891509368;0.22917174545544153;0.7693286803645423;4.061092497183381
Fidelity (MSE);Tolerancja_1.0;732;1;0.6903527879247263;0.8308747125317549;1.7993866438296093;14.723713232869601
Fidelity (MSE);Tolerancja_0.01;733;10;0.008208533925360854;0.09060095984790037;0.6134235798457768;1.5897907087558005
Fidelity (MSE);Tolerancja_0.1;733;6;0.0761127672643333;0.27588542416070716;0.9142253942012797;4.841009242596999
Fidelity (MSE);Tolerancja_1.0;733;2;0.5601579287002488;0.7484369904676337;1.365848627431923;13.1329532880459
Fidelity (MSE);Tolerancja_0.01;734;13;0.008815107815327435;0.09388880559112164;0.3662642821130486;1.6466618420651276
Fidelity (MSE);Tolerancja_0.1;734;8;0.09301045789775285;0.30497615955637064;0.717777165706444;5.348801718365135
Fidelity (MSE);Tolerancja_1.0;734;1;0.5733322831111003;0.7571870859378812;1.6727013928791385;13.279869456943022
Fidelity (MSE);Tolerancja_0.01;735;13;0.009433878168560327;0.09712815332621293;0.5954341136658279;1.5912640063757286
Fidelity (MSE);Tolerancja_0.1;735;7;0.0768170395091546;0.2771588705222234;0.7828064405411794;4.540732214155453
Fidelity (MSE);Tolerancja_1.0;735;2;0.7781898272074439;0.882150682824337;1.6448832591802192;14.45239697972616
Fidelity (MSE);Tolerancja_0.01;736;89;0.009978959466377129;0.09989474193558502;1.4555490342716064;1.831920372000604
Fidelity (MSE);Tolerancja_0.1;736;10;0.09798595353701656;0.31302708115595457;1.477535905502755;5.740449155244331
Fidelity (MSE);Tolerancja_1.0;736;2;0.7311178711701664;0.8550543089009998;2.242379405293672;15.680418981938937
Fidelity (MSE);Tolerancja_0.01;737;10;0.009076015810543578;0.0952681258897412;0.6563562920866701;1.6842452316905523
Fidelity (MSE);Tolerancja_0.1;737;5;0.09958484448274561;0.3155706648006839;0.6636886597409415;5.5789738959187725
Fidelity (MSE);Tolerancja_1.0;737;1;0.6603026259871131;0.8125900725378775;1.7918193620349347;14.365780183132332
Fidelity (MSE);Tolerancja_0.01;738;14;0.0074995831853638395;0.08660013386458383;0.40505279853043596;1.6067682036159894
Fidelity (MSE);Tolerancja_0.1;738;8;0.06553015546771822;0.2559885846433747;0.5980799674957744;4.7495806292494285
Fidelity (MSE);Tolerancja_1.0;738;1;0.8161052834187176;0.9033854567230521;1.8750584994491017;16.76130235250514
Fidelity (MSE);Tolerancja_0.01;739;16;0.008994611630549014;0.09483992635250732;0.6110501073733623;1.6709121832221518
Fidelity (MSE);Tolerancja_0.1;739;10;0.05977606085781583;0.2444914330969816;0.5909602617334127;4.307507712909457
Fidelity (MSE);Tolerancja_1.0;739;2;0.6446094725435352;0.8028757516225877;1.5223160570026;14.145254288932263
Fidelity (MSE);Tolerancja_0.01;740;64;0.009820369620158413;0.09909777807881674;1.2989498272574647;1.808809937268101
Fidelity (MSE);Tolerancja_0.1;740;14;0.08071394228415846;0.2841019927493619;1.4653231010600969;5.185651158333737
Fidelity (MSE);Tolerancja_1.0;740;1;0.7843004397435978;0.8856073846482976;2.8955769543141816;16.164796718204897
Fidelity (MSE);Tolerancja_0.01;741;53;0.0099790326019807;0.09989510799824333;1.1812601845300845;1.6046354874726103
Fidelity (MSE);Tolerancja_0.1;741;8;0.07406661612435;0.2721518255025125;1.5903958317143;4.3716302623093855
Fidelity (MSE);Tolerancja_1.0;741;2;0.7530495710922894;0.8677842883414573;1.6204205980422328;13.939395956890635
Fidelity (MSE);Tolerancja_0.01;742;38;0.009672432512834006;0.09834852572781153;1.15918487787844;1.721921853586449
Fidelity (MSE);Tolerancja_0.1;742;14;0.07268388277963207;0.26959948586677995;1.61420925165464;4.720246114461095
Fidelity (MSE);Tolerancja_1.0;742;4;0.9981202463966405;0.999059681098502;2.235906423978406;17.491901227698246
Fidelity (MSE);Tolerancja_0.01;743;18;0.009458195013582124;0.09725325194348065;0.7696029500320858;1.7444576749872192
Fidelity (MSE);Tolerancja_0.1;743;8;0.06003945766827706;0.24502950366900117;1.138541020597466;4.395159953336158
Fidelity (MSE);Tolerancja_1.0;743;3;0.826057854420874;0.908877249369173;1.88531712084611;16.302775090798495
Fidelity (MSE);Tolerancja_0.01;744;11;0.0016134433503130897;0.04016769037812717;0.12253799230465834;0.7284207802175381
Fidelity (MSE);Tolerancja_0.1;744;9;0.07116634242036193;0.2667702052710571;0.4683545689196933;4.837742952931926
Fidelity (MSE);Tolerancja_1.0;744;1;0.8267200554121445;0.909241472553988;2.273980135488077;16.488634935419945
Fidelity (MSE);Tolerancja_0.01;745;178;0.009917440567640963;0.09958634729540472;2.0193755424058972;1.9568814153807057
Fidelity (MSE);Tolerancja_0.1;745;18;0.09776752176745113;0.3126779841425538;2.1146869016974836;6.1441528159703935
Fidelity (MSE);Tolerancja_1.0;745;2;0.7152730384968717;0.8457381619017034;2.223588183807566;16.61883718251457
Fidelity (MSE);Tolerancja_0.01;746;16;0.009971883032289214;0.09985931620179067;0.5569057911521291;1.6799733957355858
Fidelity (MSE);Tolerancja_0.1;746;10;0.0843975621660054;0.2905125852110462;0.8405582257209891;4.88740993674232
Fidelity (MSE);Tolerancja_1.0;746;1;0.6669370042946443;0.8166621114602075;1.6487219549847945;13.739034801580146
Fidelity (MSE);Tolerancja_0.01;747;7;0.0070456730315583225;0.0839385074418072;0.5045476667932203;1.4471067916246896
Fidelity (MSE);Tolerancja_0.1;747;2;0.07860513736989252;0.28036607742359365;0.6637426004898357;4.833534299643497
Fidelity (MSE);Tolerancja_1.0;747;1;0.16490280249078412;0.4060822607437859;0.6384769419878404;7.000891669273988
Fidelity (MSE);Tolerancja_0.01;748;7;0.009051689477709316;0.09514036723551847;0.15760532680524886;1.75305773265711
Fidelity (MSE);Tolerancja_0.1;748;6;0.04145936728072436;0.20361573436432745;0.39901703416276213;3.751826359198466
Fidelity (MSE);Tolerancja_1.0;748;1;0.8353448922975978;0.9139720413106726;1.8990906689222857;16.840861571258646
Fidelity (MSE);Tolerancja_0.01;749;18;0.006656787871416024;0.08158914064638764;0.6140141529077017;1.5253357880221696
Fidelity (MSE);Tolerancja_0.1;749;8;0.09688612593717957;0.3112653625721622;0.9494712196945283;5.8192082100822615
Fidelity (MSE);Tolerancja_1.0;749;1;0.3814694088626043;0.6176320983098306;1.6840205190587039;11.546834982198368
Fidelity (MSE);Tolerancja_0.01;750;13;0.007698891963801586;0.08774333002457557;0.383172289349047;1.6150695317400432
Fidelity (MSE);Tolerancja_0.1;750;10;0.09869526134115696;0.3141580196989358;0.642049608168695;5.782628099770411
Fidelity (MSE);Tolerancja_1.0;750;1;0.9769926497136692;0.9884293852945031;2.01627582333629;18.193772495511272
Fidelity (MSE);Tolerancja_0.01;751;10;0.008994560709361743;0.09483965789352966;0.5891507511106102;1.8377024641767519
Fidelity (MSE);Tolerancja_0.1;751;6;0.0747938666963368;0.2734846736040921;0.6776326320546113;5.299296409957875
Fidelity (MSE);Tolerancja_1.0;751;1;0.7601980540657298;0.8718933731057542;1.6747933455855302;16.894626529068688
Fidelity (MSE);Tolerancja_0.01;752;14;0.005531754744806075;0.07437576718801679;0.4638585859050943;1.3101522144797726
Fidelity (MSE);Tolerancja_0.1;752;10;0.06690821072997355;0.25866621489860936;0.7127766866102769;4.556485627957532
Fidelity (MSE);Tolerancja_1.0;752;1;0.5931919922078267;0.7701895819912307;1.7212171190282675;13.567128442039644
Fidelity (MSE);Tolerancja_0.01;753;17;0.009474324413394287;0.0973361413525022;0.7636184233708692;1.765002549386062
Fidelity (MSE);Tolerancja_0.1;753;9;0.06397529610335266;0.2529333827381286;1.1570724532216672;4.586457395520759
Fidelity (MSE);Tolerancja_1.0;753;4;0.6512509894861725;0.8070012326422882;1.9222871879405092;14.633405569397143
Fidelity (MSE);Tolerancja_0.01;754;16;0.007877375689323365;0.08875458123006026;0.5226754317293736;1.462055423208039
Fidelity (MSE);Tolerancja_0.1;754;10;0.07662995488849045;0.2768211604781875;0.6304951029079069;4.560078739899454
Fidelity (MSE);Tolerancja_1.0;754;3;0.8626799114108088;0.9288056370472828;2.325213130551945;15.300227886053596
Fidelity (MSE);Tolerancja_0.01;755;33;0.009973345187452114;0.09986663700882349;0.9246272231923336;1.7208550160264502
Fidelity (MSE);Tolerancja_0.1;755;10;0.05305529790026618;0.2303373567189356;1.2642704858131837;3.969065220980988
Fidelity (MSE);Tolerancja_1.0;755;2;0.7591896925699503;0.8713149215811412;1.859373126625448;15.014089772634712
Fidelity (MSE);Tolerancja_0.01;756;10;0.006902029961138144;0.08307845666078628;0.4623865602199819;1.5572728297503022
Fidelity (MSE);Tolerancja_0.1;756;6;0.09261103914782343;0.30432061899881746;0.7131726276641457;5.704369707235325
Fidelity (MSE);Tolerancja_1.0;756;1;0.5133291537882382;0.7164699252503473;1.8562289385418347;13.429945533066622
Fidelity (MSE);Tolerancja_0.01;757;12;0.009950056836081524;0.09974997160942715;0.5333379969393182;1.9108610239999906
Fidelity (MSE);Tolerancja_0.1;757;5;0.09627666766944504;0.3102848170140541;0.729649576966021;5.943973252370234
Fidelity (MSE);Tolerancja_1.0;757;1;0.323214881707189;0.5685199044072151;1.1028971305636057;10.890855497720043
Fidelity (MSE);Tolerancja_0.01;758;135;0.009986059339096156;0.09993027238577985;1.7883392730398278;1.6539270998639883
Fidelity (MSE);Tolerancja_0.1;758;14;0.0955211126698506;0.3090649004171302;1.9626676153781126;5.11527490331745
Fidelity (MSE);Tolerancja_1.0;758;2;0.911443242366248;0.9546953662641544;2.4243293035302997;15.80098303228035
Fidelity (MSE);Tolerancja_0.01;759;10;0.006289522190352757;0.07930650786885497;0.21173920910687904;1.430175923281624
Fidelity (MSE);Tolerancja_0.1;759;6;0.09930507358977993;0.3151270753042016;0.6760997286290564;5.68285211371937
Fidelity (MSE);Tolerancja_1.0;759;1;0.6307324001789701;0.7941866280534885;1.7913512516376544;14.321984721765515
Fidelity (MSE);Tolerancja_0.01;760;16;0.009644383072926224;0.0982058199544519;0.6621074266724163;1.5940312119167492
Fidelity (MSE);Tolerancja_0.1;760;5;0.0993612513821286;0.3152161978422565;0.8769691655091298;5.116442773914278
Fidelity (MSE);Tolerancja_1.0;760;1;0.5261245974341163;0.7253444681212619;1.2076193770494026;11.773454181358128
Fidelity (MSE);Tolerancja_0.01;761;22;0.009166572613707062;0.09574221959881159;0.9535584507917605;1.6567367261611947
Fidelity (MSE);Tolerancja_0.1;761;14;0.08302541498023892;0.2881413107838564;1.1338354895081544;4.986037444088742
Fidelity (MSE);Tolerancja_1.0;761;1;0.5546207907781097;0.7447286692333723;1.6521635493072084;12.886888799049686
Fidelity (MSE);Tolerancja_0.01;762;20;0.00969479062424656;0.09846212786775715;0.7464557943430004;1.6491370389326532
Fidelity (MSE);Tolerancja_0.1;762;12;0.0684792999180312;0.26168549810417696;0.9482822026932878;4.382956745102579
Fidelity (MSE);Tolerancja_1.0;762;1;0.9076747431706909;0.9527196561269694;2.2122195876510977;15.957051778815623
Fidelity (MSE);Tolerancja_0.01;763;26;0.00971134211548294;0.09854614206290849;0.9793622820956651;1.7739147700911218
Fidelity (MSE);Tolerancja_0.1;763;11;0.09367200522846425;0.3060588264181647;1.6903308778801032;5.509320419193621
Fidelity (MSE);Tolerancja_1.0;763;2;0.7096432291594734;0.8424032461710208;2.297494169751139;15.163978309790535
Fidelity (MSE);Tolerancja_0.01;764;12;0.009018599793742536;0.09496630872968863;0.15922720907343102;1.7147340216497535
Fidelity (MSE);Tolerancja_0.1;764;10;0.05093076650992289;0.22567845823188995;0.4575330999879572;4.074903357412546
Fidelity (MSE);Tolerancja_1.0;764;1;0.7548297262998552;0.8688093728199847;2.3429159241951814;15.68742651820976
Fidelity (MSE);Tolerancja_0.01;765;44;0.009649834571092232;0.09823357150736316;0.9848415780254216;1.7477774064664493
Fidelity (MSE);Tolerancja_0.1;765;15;0.09466215559002926;0.3076721560200553;1.0823225834611572;5.4741208594901405
Fidelity (MSE);Tolerancja_1.0;765;4;0.9196036749673058;0.9589596837027643;2.6675809929547087;17.06186635759522
Fidelity (MSE);Tolerancja_0.01;766;85;0.009965957164761256;0.09982964071237187;1.4715724302031568;1.7644778241361192
Fidelity (MSE);Tolerancja_0.1;766;14;0.09708710433193996;0.31158803624648357;1.8607257387627154;5.5072839719727265
Fidelity (MSE);Tolerancja_1.0;766;1;0.6526412677502205;0.807862158879979;2.1999720454403233;14.278874031105241
Fidelity (MSE);Tolerancja_0.01;767;24;0.009687535915114663;0.09842528087394348;0.8240588730469351;1.725134397775944
Fidelity (MSE);Tolerancja_0.1;767;8;0.08939673520482613;0.2989928681504396;0.9058181909280512;5.240552802654601
Fidelity (MSE);Tolerancja_1.0;767;1;0.37242731433984516;0.6102682314686265;1.4336395939203337;10.696385203358155
Fidelity (MSE);Tolerancja_0.01;768;17;0.009663033162483153;0.09830072818897709;0.7539787070634976;1.7485319704019984
Fidelity (MSE);Tolerancja_0.1;768;12;0.08391241843164478;0.28967640295965563;0.7151714537543912;5.152641907924413
Fidelity (MSE);Tolerancja_1.0;768;1;0.8935207808920899;0.9452622815346489;2.1808450140548823;16.813927527586788
Fidelity (MSE);Tolerancja_0.01;769;19;0.008821021027174683;0.09392029081713217;0.3383511091867515;1.7443788212596782
Fidelity (MSE);Tolerancja_0.1;769;9;0.09869125217275139;0.31415163881914;0.6655911994353554;5.834729222539481
Fidelity (MSE);Tolerancja_1.0;769;1;0.8319864381691404;0.9121329059786959;2.2622141314618305;16.941017851629628
Fidelity (MSE);Tolerancja_0.01;770;28;0.00943804058176908;0.09714957839213241;0.8423308977365398;1.8234993319551709
Fidelity (MSE);Tolerancja_0.1;770;12;0.06689416735865318;0.25863906773465833;1.111537465832579;4.854659948476443
Fidelity (MSE);Tolerancja_1.0;770;3;0.9382350118844818;0.9686253206913815;2.127627141697121;18.18111467315065
Fidelity (MSE);Tolerancja_0.01;771;36;0.009685490203402494;0.09841488811863017;0.9565565282124027;1.7335056546938625
Fidelity (MSE);Tolerancja_0.1;771;14;0.06500899514060025;0.2549686159914593;0.9206672355125924;4.491084083313539
Fidelity (MSE);Tolerancja_1.0;771;5;0.9396574607172693;0.9693593042403159;2.117488395723667;17.074549059133602
Fidelity (MSE);Tolerancja_0.01;772;70;0.009929880934833534;0.09964878792455799;1.3378175239311112;1.775361481953601
Fidelity (MSE);Tolerancja_0.1;772;11;0.09404368144267887;0.3066654226395256;1.7385757054710682;5.463608645329647
Fidelity (MSE);Tolerancja_1.0;772;1;0.8763500956981499;0.9361357250410594;2.3699887400675532;16.678369528958584
Fidelity (MSE);Tolerancja_0.01;773;13;0.00650971103483124;0.08068278028694376;0.31076773565693205;1.4612537090036768
Fidelity (MSE);Tolerancja_0.1;773;6;0.08900951464764337;0.2983446239630327;0.8180662559599297;5.403348605202146
Fidelity (MSE);Tolerancja_1.0;773;1;0.5842193140425987;0.7643424062830734;1.8517702741421278;13.843079925577067
Fidelity (MSE);Tolerancja_0.01;774;54;0.009892532016952843;0.09946120860392177;1.143569472701289;1.9934208395663062
Fidelity (MSE);Tolerancja_0.1;774;5;0.09881828462041223;0.31435375712787694;1.2339672085632944;6.300338988942937
Fidelity (MSE);Tolerancja_1.0;774;1;0.2798070461265179;0.5289679065184559;1.4098896712941529;10.601677408875508
Fidelity (MSE);Tolerancja_0.01;775;17;0.009496313116731242;0.09744902830060052;0.5116027267997731;1.7852656430904161
Fidelity (MSE);Tolerancja_0.1;775;8;0.0904611893312488;0.30076766669848143;0.7472530517805902;5.510061939796268
Fidelity (MSE);Tolerancja_1.0;775;1;0.5098578660084693;0.7140433222210465;1.5664360659901586;13.081269593649896
Fidelity (MSE);Tolerancja_0.01;776;20;0.009245620568116546;0.09615415003064895;0.6069369512898151;1.73980028536493
Fidelity (MSE);Tolerancja_0.1;776;14;0.06165213942316185;0.24829848856398995;0.6201569154290203;4.492679526797487
Fidelity (MSE);Tolerancja_1.0;776;2;0.8090877057679622;0.8994930270813455;1.8751466142406525;16.275306106923814
Fidelity (MSE);Tolerancja_0.01;777;50;0.009896793687961388;0.09948263008164485;1.1572316765272097;1.779136122245216
Fidelity (MSE);Tolerancja_0.1;777;9;0.09258051773361317;0.3042704680602657;1.1270810564600922;5.441538690866982
Fidelity (MSE);Tolerancja_1.0;777;2;0.7764114439227747;0.8811421247011033;2.2661205997206584;15.758246254658243
Fidelity (MSE);Tolerancja_0.01;778;38;0.009687645771044575;0.09842583894000892;0.9956363520147047;1.553495882680444
Fidelity (MSE);Tolerancja_0.1;778;8;0.09419823492792953;0.3069173095932022;1.0123879670580642;4.844203330255663
Fidelity (MSE);Tolerancja_1.0;778;1;0.7135207997566835;0.8447016039742575;1.8033866442266344;13.33227613805145
Fidelity (MSE);Tolerancja_0.01;779;130;0.009928811651228716;0.09964342251864253;1.761861206479383;1.6103620064948292
Fidelity (MSE);Tolerancja_0.1;779;18;0.09589345768446306;0.3096666880445216;2.028087890636724;5.00459996755617
Fidelity (MSE);Tolerancja_1.0;779;4;0.9784683590197072;0.9891755956450337;2.235172639895512;15.986311556898086
Fidelity (MSE);Tolerancja_0.01;780;17;0.009732635093701501;0.09865411848322148;0.6589328397803866;1.6510492936070078
Fidelity (MSE);Tolerancja_0.1;780;8;0.07292491210109536;0.2700461295799208;0.8602669103940892;4.519420763564614
Fidelity (MSE);Tolerancja_1.0;780;1;0.7152482331130435;0.845723496843409;1.8499860777989596;14.153805269545222
Fidelity (MSE);Tolerancja_0.01;781;76;0.009879247098680584;0.09939440174718385;1.349462698577586;1.743202256634867
Fidelity (MSE);Tolerancja_0.1;781;10;0.08788388398795838;0.29645216138182967;1.5000402131231159;5.199247317968098
Fidelity (MSE);Tolerancja_1.0;781;1;0.702991509022487;0.8384458891440085;2.229937912593206;14.704860035675745
Fidelity (MSE);Tolerancja_0.01;782;18;0.009964393060069495;0.09982180653579405;0.8625285489726542;1.7617284582860253
Fidelity (MSE);Tolerancja_0.1;782;8;0.06291778507191548;0.2508341784365031;1.456664004476207;4.426905561000097
Fidelity (MSE);Tolerancja_1.0;782;1;0.6594134987499679;0.8120427936691317;1.8186098438178204;14.331526833668484
Fidelity (MSE);Tolerancja_0.01;783;16;0.00922557768435521;0.09604987081904488;0.6220433427823249;1.716185769999325
Fidelity (MSE);Tolerancja_0.1;783;5;0.06845286149091867;0.26163497757547377;0.7458798666808946;4.674803012437676
Fidelity (MSE);Tolerancja_1.0;783;1;0.7801209160817798;0.8832445392312255;1.791858575416351;15.78150701018624
Fidelity (MSE);Tolerancja_0.01;784;38;0.009744624818267255;0.09871486624752755;1.0139695834324778;1.8601487341981189
Fidelity (MSE);Tolerancja_0.1;784;14;0.08980743888428172;0.2996788929575817;1.5633771861352495;5.647045218124896
Fidelity (MSE);Tolerancja_1.0;784;1;0.715825491026704;0.8460647085339892;2.0873028783819514;15.942950200457961
Fidelity (MSE);Tolerancja_0.01;785;16;0.008209450177356512;0.09060601623157544;0.5764940475837479;1.8686083107353737
Fidelity (MSE);Tolerancja_0.1;785;8;0.0918461077412569;0.3030612277102713;0.6480175378534652;6.2501669570560665
Fidelity (MSE);Tolerancja_1.0;785;1;0.6827949221317953;0.8263140578084069;1.603442089736551;17.04144360294883
Fidelity (MSE);Tolerancja_0.01;786;62;0.009912060585003775;0.09955933198351512;1.2332873073751518;1.8261656608669599
Fidelity (MSE);Tolerancja_0.1;786;9;0.08914755715585934;0.29857588173839383;1.380148571692854;5.4766239540861
Fidelity (MSE);Tolerancja_1.0;786;1;0.8850877091153238;0.940791001825232;2.4338113818661755;17.256445853517125
Fidelity (MSE);Tolerancja_0.01;787;12;0.0097945909485527;0.09896762575990545;0.7169258551922004;1.499203022245201
Fidelity (MSE);Tolerancja_0.1;787;4;0.08272842909390316;0.28762550146658267;1.3052979104812827;4.357071494466296
Fidelity (MSE);Tolerancja_1.0;787;1;0.2819008157105355;0.5309433262698906;1.0611494291831534;8.042951755918736
Fidelity (MSE);Tolerancja_0.01;788;64;0.009853037244736802;0.09926246644495997;1.4639384632238848;1.8686743870185412
Fidelity (MSE);Tolerancja_0.1;788;20;0.07006167942719789;0.26469166860178633;2.166694979418411;4.982976539754038
Fidelity (MSE);Tolerancja_1.0;788;5;0.9969212896371364;0.9984594581840248;2.3039039224377493;18.796587298376892
Fidelity (MSE);Tolerancja_0.01;789;16;0.009773102365909994;0.09885900245253335;0.6496992733042477;1.7233707891419452
Fidelity (MSE);Tolerancja_0.1;789;6;0.0930497067185407;0.30504050012832834;0.9197184434824299;5.317653166476387
Fidelity (MSE);Tolerancja_1.0;789;2;0.729119938685564;0.8538852022874995;1.7992201472162304;14.885450777327033
Fidelity (MSE);Tolerancja_0.01;790;27;0.009813652550564057;0.09906388116041112;1.1162593515634929;1.690765493258144
Fidelity (MSE);Tolerancja_0.1;790;16;0.08749941693363551;0.29580300359130146;1.2238631335696941;5.048595970759883
Fidelity (MSE);Tolerancja_1.0;790;8;0.6287274077278715;0.7929233302961085;2.0321686351124297;13.533160521876997
Fidelity (MSE);Tolerancja_0.01;791;14;0.008248468326697293;0.09082107864751053;0.1547384165882848;1.6234103204931831
Fidelity (MSE);Tolerancja_0.1;791;10;0.09081439486319913;0.3013542680354787;0.7005725441621982;5.386652923956162
Fidelity (MSE);Tolerancja_1.0;791;1;0.9261200331978212;0.9623513044610171;2.063255076765783;17.201855151550948
Fidelity (MSE);Tolerancja_0.01;792;10;0.008599335373275037;0.0927326014585757;0.4290100408675306;1.9470772649765724
Fidelity (MSE);Tolerancja_0.1;792;6;0.0741584416125993;0.2723204759334107;0.5754071204698112;5.717827378264598
Fidelity (MSE);Tolerancja_1.0;792;1;0.682307494880574;0.8260190644776754;2.116971895353577;17.34366248314675
Fidelity (MSE);Tolerancja_0.01;793;50;0.00978246923857405;0.09890636601642004;1.1408021391075867;1.7563936114377368
Fidelity (MSE);Tolerancja_0.1;793;10;0.09388017962285121;0.3063987265359489;1.2734934945938292;5.441073082707903
Fidelity (MSE);Tolerancja_1.0;793;3;0.8925093799813761;0.9447271457841021;2.39690946210965;16.776601853226836
Fidelity (MSE);Tolerancja_0.01;794;14;0.009605769786464382;0.09800902910683475;0.3584908684340755;1.7843417971287103
Fidelity (MSE);Tolerancja_0.1;794;10;0.06750305377598395;0.2598134980634839;0.6099229724575173;4.730136481074113
Fidelity (MSE);Tolerancja_1.0;794;1;0.6396619172797724;0.7997886703872295;2.094223628022177;14.560866141080986
Fidelity (MSE);Tolerancja_0.01;795;17;0.007073819461861727;0.08410600134272064;0.6731203649184145;1.5008365348741326
Fidelity (MSE);Tolerancja_0.1;795;12;0.07846302676280285;0.2801125251801548;0.8726861377165065;4.998491248598784
Fidelity (MSE);Tolerancja_1.0;795;1;0.8140770269805718;0.9022621719769547;1.9584186402425798;16.10049235630559
Fidelity (MSE);Tolerancja_0.01;796;7;0.008375319995269416;0.09151677439283695;0.2519866424164565;1.6706941098960304
Fidelity (MSE);Tolerancja_0.1;796;3;0.09488511406164434;0.30803427416708734;0.5289838030921077;5.623352122180261
Fidelity (MSE);Tolerancja_1.0;796;1;0.29937286852596234;0.5471497679118236;1.1099547041994509;9.988550192529647
Fidelity (MSE);Tolerancja_0.01;797;7;0.004898703856139151;0.06999074121724352;0.48460045954042386;1.2935210800660517
Fidelity (MSE);Tolerancja_0.1;797;6;0.05479982754847331;0.23409362987589669;0.401467851926244;4.326358596686082
Fidelity (MSE);Tolerancja_1.0;797;3;0.8991080925369345;0.9482131050227762;1.6834019308290036;17.52422703932826
Fidelity (MSE);Tolerancja_0.01;798;65;0.009985587638229734;0.09992791220789982;1.2620264754894261;1.7673268317842845
Fidelity (MSE);Tolerancja_0.1;798;14;0.08116837983833228;0.28490064906618284;1.2754596713139135;5.038757944225496
Fidelity (MSE);Tolerancja_1.0;798;2;0.8656302623745169;0.9303925313406793;2.3650685208602553;16.454938849408805
Fidelity (MSE);Tolerancja_0.01;799;46;0.009721616604561509;0.09859825862844389;1.0590588950587367;1.7567301611613604
Fidelity (MSE);Tolerancja_0.1;799;7;0.06518252759038014;0.2553086907850576;1.0744207338029366;4.548847857434098
Fidelity (MSE);Tolerancja_1.0;799;2;0.7715626213218677;0.8783863735975574;1.7705593179901236;15.650254447869386
Fidelity (MSE);Tolerancja_0.01;800;7;0.008480850737771247;0.09209153456084467;0.6342437613457577;1.6211952403616428
Fidelity (MSE);Tolerancja_0.1;800;5;0.06239184458428376;0.24978359550675813;0.6337614583049964;4.397233449166014
Fidelity (MSE);Tolerancja_1.0;800;1;0.7185630910972808;0.8476810078663323;1.72343494945616;14.92272250485619
Fidelity (MSE);Tolerancja_0.01;801;25;0.00998842116258445;0.09994208904452843;0.9792135179288364;1.8889652957567467
Fidelity (MSE);Tolerancja_0.1;801;10;0.0761234954214262;0.2759048666142484;1.042802730102924;5.214767101100959
Fidelity (MSE);Tolerancja_1.0;801;1;0.5794982553122529;0.7612478277881999;1.50799544150115;14.388039532788245
Fidelity (MSE);Tolerancja_0.01;802;13;0.004777287159057011;0.06911792212629812;0.1909707032983574;1.2384837555371595
Fidelity (MSE);Tolerancja_0.1;802;8;0.0819161579746273;0.2862099892991635;0.5926597706762013;5.1284299573092955
Fidelity (MSE);Tolerancja_1.0;802;1;0.9820920455980311;0.9910055729399462;2.100545800525172;17.75725117271627
Fidelity (MSE);Tolerancja_0.01;803;6;0.006457398070438942;0.08035793719626544;0.30103572910857945;1.4789667954663184
Fidelity (MSE);Tolerancja_0.1;803;4;0.062161105899622315;0.2493212905060904;0.4596337905062997;4.588693076587043
Fidelity (MSE);Tolerancja_1.0;803;1;0.4592111529638665;0.6776512030269455;1.3815196180089977;12.471992974842497
Fidelity (MSE);Tolerancja_0.01;804;20;0.009711162170552047;0.09854522906032563;0.8141122778055352;1.785114591919451
Fidelity (MSE);Tolerancja_0.1;804;7;0.05668025521167479;0.23807615422732867;1.1963256084207234;4.312671663070625
Fidelity (MSE);Tolerancja_1.0;804;2;0.8758837923367915;0.9358866343402877;2.2027105847979875;16.953280268094097
Fidelity (MSE);Tolerancja_0.01;805;8;0.009244739887242946;0.09614957039551943;0.49786477540774854;1.5335299967827332
Fidelity (MSE);Tolerancja_0.1;805;3;0.03868332238493492;0.19668076262038167;0.4859238305716236;3.136944325676516
Fidelity (MSE);Tolerancja_1.0;805;1;0.3475185427722506;0.5895070336919235;1.0589021609259701;9.402295982833655
Fidelity (MSE);Tolerancja_0.01;806;13;0.008231664501354192;0.09072852088155187;0.6487169223729596;1.6651096070486249
Fidelity (MSE);Tolerancja_0.1;806;8;0.07033629441570025;0.2652099063302505;0.9609991775819662;4.867306979372996
Fidelity (MSE);Tolerancja_1.0;806;1;0.3674413031914353;0.6061693684041081;1.397545478794103;11.124819726158567
Fidelity (MSE);Tolerancja_0.01;807;38;0.009916468922253122;0.0995814687693103;1.1142795448944964;1.795753355021346
Fidelity (MSE);Tolerancja_0.1;807;12;0.09542447582543734;0.30890852339396097;1.0452521161473083;5.570549662854078
Fidelity (MSE);Tolerancja_1.0;807;1;0.9998991412233088;0.9999495693400287;2.446851191669281;18.03209790121017
Fidelity (MSE);Tolerancja_0.01;808;108;0.009882227910476568;0.09940939548391071;1.5956748220202641;1.8047212607580791
Fidelity (MSE);Tolerancja_0.1;808;14;0.0971874552634197;0.311749026082552;1.7072473309566751;5.659626966375285
Fidelity (MSE);Tolerancja_1.0;808;1;0.543530353708791;0.7372451110104365;1.805387788279579;13.38426734971775
Fidelity (MSE);Tolerancja_0.01;809;10;0.007512639392705046;0.08667548322741007;0.41998596952732026;1.512787165998364
Fidelity (MSE);Tolerancja_0.1;809;6;0.08639038975373954;0.29392242131851654;0.6290131155312366;5.129963516940659
Fidelity (MSE);Tolerancja_1.0;809;1;0.6972837981557973;0.8350352077342591;1.810961363284541;14.574254430204132
Fidelity (MSE);Tolerancja_0.01;810;10;0.008261642697596997;0.09089357896791718;0.5653425997525323;1.6531713534720556
Fidelity (MSE);Tolerancja_0.1;810;4;0.07659515324086806;0.2767582938971623;0.52847022285109;5.033676619424164
Fidelity (MSE);Tolerancja_1.0;810;1;0.43536579378045537;0.6598225471901179;1.3190805519135935;12.000844787668525
Fidelity (MSE);Tolerancja_0.01;811;32;0.009926425658088654;0.09963144914176775;0.9447423779248645;1.8813385895383605
Fidelity (MSE);Tolerancja_0.1;811;10;0.08265528687652539;0.2874983249977735;1.1585281457318946;5.428824913269303
Fidelity (MSE);Tolerancja_1.0;811;1;0.5478508701521713;0.7401694874501186;1.9290458878918102;13.976605093410871
Fidelity (MSE);Tolerancja_0.01;812;17;0.00797303213787156;0.08929183690501366;0.5622395129957458;2.011256723229123
Fidelity (MSE);Tolerancja_0.1;812;10;0.09379545872271676;0.30626044263456026;0.7232315092800485;6.898372747814983
Fidelity (MSE);Tolerancja_1.0;812;1;0.7504542289853714;0.8662876133163693;1.9770780703315793;19.51272195672378
Fidelity (MSE);Tolerancja_0.01;813;39;0.009957340145271349;0.0997864727569391;1.0456590217437203;1.7204333855657818
Fidelity (MSE);Tolerancja_0.1;813;10;0.07061681693603684;0.2657382489142969;1.3811570929282908;4.581632586288144
Fidelity (MSE);Tolerancja_1.0;813;2;0.8455387364127602;0.9195318028283526;2.1750235240288847;15.853784275237635
Fidelity (MSE);Tolerancja_0.01;814;37;0.009950757855003666;0.09975348542784691;1.003697192276391;1.8763769344150183
Fidelity (MSE);Tolerancja_0.1;814;10;0.09831556598780537;0.3135531310444936;1.4028663242701738;5.897978003295481
Fidelity (MSE);Tolerancja_1.0;814;1;0.7293051138218285;0.8539936263356;2.2269171477852545;16.063738883115082
Fidelity (MSE);Tolerancja_0.01;815;7;0.009370474212600555;0.09680120976826971;0.39495720835499615;1.6649304102245608
Fidelity (MSE);Tolerancja_0.1;815;4;0.0840649129640163;0.2899394987993466;0.47621533076230893;4.986808427620835
Fidelity (MSE);Tolerancja_1.0;815;1;0.4061336459381042;0.6372861570268918;1.1190171265392213;10.960990109412995
Fidelity (MSE);Tolerancja_0.01;816;12;0.009249425066911994;0.09617393132711168;0.65619157010007;1.854173907213261
Fidelity (MSE);Tolerancja_0.1;816;5;0.06727145029227666;0.25936740406665726;1.0620709523920429;5.0004431176503665
Fidelity (MSE);Tolerancja_1.0;816;2;0.5012827334448124;0.7080132297103017;1.5983105023918638;13.65005712437331
Fidelity (MSE);Tolerancja_0.01;817;26;0.00971214400711696;0.09855021058890215;0.9406365305520739;1.7459745554808521
Fidelity (MSE);Tolerancja_0.1;817;8;0.08385058994805746;0.28956966337663453;1.4555585002004792;5.130189588369014
Fidelity (MSE);Tolerancja_1.0;817;1;0.9910084927816449;0.9954940947999867;1.9338980548755464;17.63676961485814
Fidelity (MSE);Tolerancja_0.01;818;18;0.008470578670275758;0.09203574669809421;0.4700859469594558;1.6400694670422926
Fidelity (MSE);Tolerancja_0.1;818;12;0.07158213102341661;0.2675483713712655;0.586869402162657;4.767690061583333
Fidelity (MSE);Tolerancja_1.0;818;3;0.8494841900842292;0.9216746660748733;2.588100998569212;16.42416705037828
Fidelity (MSE);Tolerancja_0.01;819;15;0.009430578461291672;0.09711116548209929;0.8649588037524198;1.6647432207580601
Fidelity (MSE);Tolerancja_0.1;819;9;0.06214895259741694;0.24929691654213645;1.3812224175251222;4.273611069428574
Fidelity (MSE);Tolerancja_1.0;819;4;0.8978201543566693;0.9475337220155646;1.974888613107722;16.243243836424035
Fidelity (MSE);Tolerancja_0.01;820;17;0.005792690239914481;0.0761097250022261;0.3078350098412397;1.4352362085583619
Fidelity (MSE);Tolerancja_0.1;820;13;0.09438708650365879;0.3072248142706881;0.5467846547608017;5.793480105150983
Fidelity (MSE);Tolerancja_1.0;820;1;0.937218870042028;0.9681006507807067;2.24693241890578;18.25592074454013
Fidelity (MSE);Tolerancja_0.01;821;24;0.009518920726622148;0.09756495644760033;0.9496189374204445;1.7652424973297463
Fidelity (MSE);Tolerancja_0.1;821;10;0.0956663793634385;0.3092998211500267;0.9318751516197956;5.596160840842009
Fidelity (MSE);Tolerancja_1.0;821;1;0.5885281849972649;0.7671559065778383;1.7328199986296822;13.880149775867977
Fidelity (MSE);Tolerancja_0.01;822;28;0.009543334363363487;0.09768999111149251;0.9197352573975408;1.8340880213856887
Fidelity (MSE);Tolerancja_0.1;822;15;0.08435685775893725;0.29044252057668357;0.973585011471461;5.452934756466508
Fidelity (MSE);Tolerancja_1.0;822;4;0.8060846673716567;0.8978221802626937;2.2673522302204723;16.856229460343027
Fidelity (MSE);Tolerancja_0.01;823;26;0.009315065732025169;0.09651458818243576;0.9203090222228729;1.615970096377314
Fidelity (MSE);Tolerancja_0.1;823;11;0.06290411241205283;0.2508069225760183;1.1976777095967792;4.199328769669079
Fidelity (MSE);Tolerancja_1.0;823;4;0.9727069678705466;0.9862590774591363;2.1634767720647243;16.513204961741557
Fidelity (MSE);Tolerancja_0.01;824;12;0.009403502755014387;0.09697165954553107;0.7190865211336819;1.6919633067618858
Fidelity (MSE);Tolerancja_0.1;824;6;0.06313746242259771;0.2512716904519841;0.9134158569722128;4.384193095851587
Fidelity (MSE);Tolerancja_1.0;824;2;0.8674360914196408;0.9313624919544703;1.8037412038905996;16.250429961357693
Fidelity (MSE);Tolerancja_0.01;825;13;0.0026893750420463355;0.05185918474143549;0.2559552234420073;0.9190191325201811
Fidelity (MSE);Tolerancja_0.1;825;10;0.08139212430590724;0.2852930498731212;0.5913774114308206;5.055802024572572
Fidelity (MSE);Tolerancja_1.0;825;2;0.8392793080189913;0.9161218849143336;1.5054591947505553;16.234993746132282
Fidelity (MSE);Tolerancja_0.01;826;18;0.007768328774738302;0.08813812327669736;0.3867818455175174;1.5501770252789708
Fidelity (MSE);Tolerancja_0.1;826;10;0.0887683721032426;0.2979402156528094;0.7503116952708351;5.240185064545813
Fidelity (MSE);Tolerancja_1.0;826;4;0.6555462308544676;0.8096580950342358;1.9534175752787877;14.240300684789442
Fidelity (MSE);Tolerancja_0.01;827;28;0.009789785283293152;0.09894334380489246;0.8029773849373845;1.7588626989750527
Fidelity (MSE);Tolerancja_0.1;827;10;0.09138771811576489;0.3023040160430637;1.053079824314202;5.373896182617279
Fidelity (MSE);Tolerancja_1.0;827;4;0.7393267727443479;0.859841132270577;1.7618666713245448;15.284934149561371
Fidelity (MSE);Tolerancja_0.01;828;18;0.009666058660040304;0.09831611597312163;0.6717836629812677;1.6347431403852455
Fidelity (MSE);Tolerancja_0.1;828;5;0.036575389411471856;0.19124693307729632;0.8069066744328381;3.179942666299978
Fidelity (MSE);Tolerancja_1.0;828;2;0.5531914958856115;0.7437684423835227;1.4297725278749258;12.366948665403802
Fidelity (MSE);Tolerancja_0.01;829;24;0.008893317648658425;0.09430438827890474;0.6749112757129243;1.6548066297883184
Fidelity (MSE);Tolerancja_0.1;829;12;0.09951598832809844;0.315461548097543;0.8069415436409306;5.53556277456788
Fidelity (MSE);Tolerancja_1.0;829;1;0.9190550164523648;0.9586735713747223;2.796460825291952;16.822328320734215
Fidelity (MSE);Tolerancja_0.01;830;16;0.00850419699640794;0.09221820317273559;0.6984354693694321;1.538701191172828
Fidelity (MSE);Tolerancja_0.1;830;10;0.07192153817579287;0.2681819124694894;0.6435102737453535;4.474732904900184
Fidelity (MSE);Tolerancja_1.0;830;2;0.9712779869007822;0.9855343661693295;2.050282363277368;16.444073414942046
Fidelity (MSE);Tolerancja_0.01;831;12;0.008129509853187571;0.09016379458068283;0.6822902816714258;1.5582284652052827
Fidelity (MSE);Tolerancja_0.1;831;7;0.07016584694413588;0.2648883669475424;1.0519448550136978;4.577852955268521
Fidelity (MSE);Tolerancja_1.0;831;2;0.6531612399481028;0.8081839146803794;1.501449327998455;13.96719367050476
Fidelity (MSE);Tolerancja_0.01;832;26;0.009551412161676202;0.0977313264090701;0.8871771519875162;1.795548412676407
Fidelity (MSE);Tolerancja_0.1;832;10;0.08076883498465941;0.2841985837133243;1.0440600172150862;5.2213792099314436
Fidelity (MSE);Tolerancja_1.0;832;1;0.8205058642844691;0.9058177875734552;1.8884533189668304;16.64194839476391
Fidelity (MSE);Tolerancja_0.01;833;82;0.009950505325721162;0.09975221965310427;1.41120438784621;1.6514598285873865
Fidelity (MSE);Tolerancja_0.1;833;10;0.08713419176229152;0.29518501276706366;1.454776849880055;4.8869708592062375
Fidelity (MSE);Tolerancja_1.0;833;2;0.7006290435521912;0.8370358675422406;2.025590896990847;13.857647630698963
Fidelity (MSE);Tolerancja_0.01;834;16;0.006655983516989181;0.08158421119916023;0.41728676203791437;1.3386939193292309
Fidelity (MSE);Tolerancja_0.1;834;12;0.08621267243475571;0.293619945566979;0.6109080063226555;4.817932660582499
Fidelity (MSE);Tolerancja_1.0;834;4;0.9303128521744224;0.9645272687562662;2.1890351668404824;15.826674925607847
Fidelity (MSE);Tolerancja_0.01;835;24;0.009566140765585533;0.09780664990472546;0.9267377970911737;1.7466516985640521
Fidelity (MSE);Tolerancja_0.1;835;14;0.07420655457815148;0.27240880047852983;1.263563875110739;4.864733579190223
Fidelity (MSE);Tolerancja_1.0;835;4;0.7156077383167758;0.8459360131338397;2.00750341002361;15.106903013813753
Fidelity (MSE);Tolerancja_0.01;836;11;0.006671118858098333;0.08167691753548449;0.4816637945037021;1.5299138232893572
Fidelity (MSE);Tolerancja_0.1;836;8;0.08149790938115062;0.28547838688970945;1.0112900568229604;5.347377735737452
Fidelity (MSE);Tolerancja_1.0;836;1;0.9961442132397677;0.998070244642013;1.9783834489615115;18.69514068314611
Fidelity (MSE);Tolerancja_0.01;837;13;0.009602715264231612;0.0979934450064473;0.6106840787866741;1.7480317957565994
Fidelity (MSE);Tolerancja_0.1;837;6;0.09830418551013599;0.3135349829128099;0.757572037849183;5.592916130028234
Fidelity (MSE);Tolerancja_1.0;837;1;0.5000391104542832;0.7071344359132026;1.5425928748249609;12.614042477732657
Fidelity (MSE);Tolerancja_0.01;838;35;0.009939655510545126;0.09969782099196113;0.9472536591062317;1.7477382977539795
Fidelity (MSE);Tolerancja_0.1;838;5;0.07964570638362432;0.2822157089596969;1.3241028488225277;4.947341856312227
Fidelity (MSE);Tolerancja_1.0;838;2;0.43705622899612134;0.6611022833088095;1.9218667373732252;11.589358400968191
Fidelity (MSE);Tolerancja_0.01;839;13;0.008100614211294667;0.09000341222028567;0.23189244915238838;1.9454242454052817
Fidelity (MSE);Tolerancja_0.1;839;6;0.07018272940078549;0.26492023214693416;0.8351888002379084;5.726252260921288
Fidelity (MSE);Tolerancja_1.0;839;1;0.5387158092411373;0.733972621588256;1.8180425667565814;15.86482221370315
Fidelity (MSE);Tolerancja_0.01;840;32;0.009692016330540409;0.09844803873384379;0.8492397689471467;1.7644779680747429
Fidelity (MSE);Tolerancja_0.1;840;10;0.07369921307690692;0.2714759898718613;1.0136071620394738;4.865646986479877
Fidelity (MSE);Tolerancja_1.0;840;1;0.6885196834993015;0.8297708620452404;1.9067802302708659;14.871930649502021
Fidelity (MSE);Tolerancja_0.01;841;8;0.009364993822629319;0.09677289818244217;0.6518343899795758;1.8922918294898066
Fidelity (MSE);Tolerancja_0.1;841;4;0.0757104949708421;0.27515540149312373;1.0441123319430838;5.380373305590355
Fidelity (MSE);Tolerancja_1.0;841;1;0.6439900097055643;0.8024898813726964;1.5746855474724546;15.691842181960322
Fidelity (MSE);Tolerancja_0.01;842;14;0.008956352993465632;0.09463801029959173;0.6565656321644999;1.6670474075817916
Fidelity (MSE);Tolerancja_0.1;842;6;0.08460875314650675;0.29087583802458866;0.7220457280100518;5.123774371122461
Fidelity (MSE);Tolerancja_1.0;842;1;0.6144551870801337;0.7838719200737667;1.9221533097812618;13.80789439780489
Fidelity (MSE);Tolerancja_0.01;843;18;0.009777726556636923;0.09888238749462375;0.3667968706724647;1.743398421654315
Fidelity (MSE);Tolerancja_0.1;843;14;0.08113449521737569;0.2848411754247895;0.7539242740963985;5.022043543242092
Fidelity (MSE);Tolerancja_1.0;843;4;0.8041462930090346;0.8967420437389085;2.3119337658755894;15.810486612395753
Fidelity (MSE);Tolerancja_0.01;844;31;0.009928399071386372;0.09964135221576619;0.9678566543262486;1.7754183939776549
Fidelity (MSE);Tolerancja_0.1;844;8;0.0670201844234073;0.2588825687901897;1.3452081535898994;4.612792422918988
Fidelity (MSE);Tolerancja_1.0;844;2;0.5087779689707548;0.7132867368532481;1.4045719819585845;12.709405930655132
Fidelity (MSE);Tolerancja_0.01;845;30;0.009506781785926047;0.09750272706917508;0.9072163380357621;1.8045055050862895
Fidelity (MSE);Tolerancja_0.1;845;10;0.07497699770305719;0.27381927927568794;0.9592628322713743;5.067636687753203
Fidelity (MSE);Tolerancja_1.0;845;1;0.6334397917490454;0.7958893087289497;1.6038316110564375;14.729707385740939
Fidelity (MSE);Tolerancja_0.01;846;15;0.009300224563181868;0.0964376719087612;0.49454415161461096;1.676693133520259
Fidelity (MSE);Tolerancja_0.1;846;10;0.057609728506881834;0.24002026686694988;0.593383073539008;4.17306147479649
Fidelity (MSE);Tolerancja_1.0;846;1;0.6393036713048071;0.7995646761237062;1.7421541366002735;13.901461697772225
Fidelity (MSE);Tolerancja_0.01;847;238;0.009973092271949358;0.09986537073455122;2.3465686027695725;1.809231504997835
Fidelity (MSE);Tolerancja_0.1;847;28;0.09398707775786205;0.3065731197575255;2.8014831854716205;5.55409490568174
Fidelity (MSE);Tolerancja_1.0;847;5;0.940232668067709;0.9696559534534448;2.5353305705807028;17.566971284368606
Fidelity (MSE);Tolerancja_0.01;848;18;0.006851229367343592;0.08277215333277002;0.42392326354003806;1.568173711528167
Fidelity (MSE);Tolerancja_0.1;848;10;0.09883690654906961;0.3143833751155897;0.7736092552845921;5.956202954098833
Fidelity (MSE);Tolerancja_1.0;848;1;0.7751540131639413;0.8804283123366384;1.9439702469155806;16.680302235713526
Fidelity (MSE);Tolerancja_0.01;849;8;0.004803847620491835;0.0693097945494851;0.37783343799674896;1.1709806630261232
Fidelity (MSE);Tolerancja_0.1;849;6;0.0485864055732981;0.22042324190814838;0.4227413990280482;3.724024225345055
Fidelity (MSE);Tolerancja_1.0;849;2;0.7203099833639492;0.8487107772168027;1.9282197627191042;14.338866751555408
Fidelity (MSE);Tolerancja_0.01;850;65;0.009949393022832478;0.09974664416827504;1.2956365023797503;1.6142810660909557
Fidelity (MSE);Tolerancja_0.1;850;13;0.0894788956690663;0.2991302319543551;1.41892072397206;4.841067825045626
Fidelity (MSE);Tolerancja_1.0;850;3;0.8800700788460816;0.9381205033715453;2.2675442198593805;15.182367075423494
Fidelity (MSE);Tolerancja_0.01;851;19;0.0097391916443572;0.0986873428781888;0.7322709839738968;1.6834010506981005
Fidelity (MSE);Tolerancja_0.1;851;9;0.08014268567324752;0.28309483512287453;1.1745574479210124;4.829009769583928
Fidelity (MSE);Tolerancja_1.0;851;1;0.9817686264172476;0.9908423822269855;2.754006726216391;16.90171260742053
Fidelity (MSE);Tolerancja_0.01;852;64;0.009871714320572914;0.09935650114900843;1.3922013089959115;1.723428818043237
Fidelity (MSE);Tolerancja_0.1;852;14;0.09146184392323868;0.3024265926191655;1.8893321486055488;5.24586412600031
Fidelity (MSE);Tolerancja_1.0;852;4;0.8274551990392083;0.9096456447646019;2.8948248371112246;15.778630489852768
Fidelity (MSE);Tolerancja_0.01;853;89;0.009984261075854144;0.0999212743906629;1.4844933799321174;1.8593691127316176
Fidelity (MSE);Tolerancja_0.1;853;13;0.09176455528357978;0.3029266500055414;1.5611317772732294;5.636962297352343
Fidelity (MSE);Tolerancja_1.0;853;1;0.6137832712864917;0.7834432151001702;2.1651329242750412;14.578578231909855
Fidelity (MSE);Tolerancja_0.01;854;11;0.009024706103562286;0.09499845316405045;0.283073223947361;1.710610294336275
Fidelity (MSE);Tolerancja_0.1;854;6;0.051190831151850545;0.22625390858911265;0.5932983161815173;4.074090180163232
Fidelity (MSE);Tolerancja_1.0;854;1;0.6761477256469672;0.8222820231811998;1.6817686649025196;14.806599969289927
Fidelity (MSE);Tolerancja_0.01;855;152;0.009955355934166856;0.09977652997657743;1.8828371253326797;1.764979456276911
Fidelity (MSE);Tolerancja_0.1;855;20;0.09559528349708839;0.3091848694504445;1.978834676623629;5.4692716102654355
Fidelity (MSE);Tolerancja_1.0;855;2;0.7872147254004287;0.8872512188779617;2.4027685605783917;15.694875079779438
Fidelity (MSE);Tolerancja_0.01;856;14;0.009875890427134193;0.09937751469590188;0.5777031941595574;1.7415917649774053
Fidelity (MSE);Tolerancja_0.1;856;8;0.07246360445943208;0.2691906470504354;0.5896946070910163;4.717568310563826
Fidelity (MSE);Tolerancja_1.0;856;1;0.24195653114077187;0.4918907715547953;1.147950729043032;8.620389829929417
Fidelity (MSE);Tolerancja_0.01;857;14;0.006329784000997345;0.07955993967441997;0.39901067799694445;1.38839778715498
Fidelity (MSE);Tolerancja_0.1;857;10;0.07807532412301618;0.27941962014686117;0.8269373838986924;4.876142238005228
Fidelity (MSE);Tolerancja_1.0;857;3;0.9572254104894189;0.9783789707927184;2.6637011039388634;17.073657969154063
Fidelity (MSE);Tolerancja_0.01;858;7;0.0044963628155187535;0.06705492387229109;0.41897529405036504;1.1970138287452494
Fidelity (MSE);Tolerancja_0.1;858;6;0.0713114461546573;0.2670420306892855;0.5200320268035785;4.767032532914071
Fidelity (MSE);Tolerancja_1.0;858;4;0.5464021389955075;0.7391901913550446;1.4138366789971215;13.195464703084504
Fidelity (MSE);Tolerancja_0.01;859;9;0.006175665466931815;0.078585402378125;0.43043803792523416;1.5035891882256587
Fidelity (MSE);Tolerancja_0.1;859;6;0.09395919645426631;0.306527643866367;0.7369378854384001;5.864850688071913
Fidelity (MSE);Tolerancja_1.0;859;1;0.7582806061979275;0.8707930903480616;2.2301003353614934;16.661046914654662
Fidelity (MSE);Tolerancja_0.01;860;18;0.008421063219703515;0.09176635123891282;0.6791882642524998;1.640883370138058
Fidelity (MSE);Tolerancja_0.1;860;11;0.07892418763222094;0.28093448992998515;0.7954956397156963;5.0234179130013725
Fidelity (MSE);Tolerancja_1.0;860;3;0.9126596604882179;0.9553322251909112;2.5773464434525266;17.08239174936301
Fidelity (MSE);Tolerancja_0.01;861;62;0.009961588041615704;0.09980775541818233;1.2973525649127113;1.8267865485379762
Fidelity (MSE);Tolerancja_0.1;861;15;0.09017452940382305;0.3002907414553819;1.6451015843555146;5.4962370894201324
Fidelity (MSE);Tolerancja_1.0;861;8;0.781718399061135;0.8841484033018072;1.9052278772644797;16.182614299818564
Fidelity (MSE);Tolerancja_0.01;862;10;0.008467577789204856;0.09201944245215168;0.2676360609414008;1.6656598082248355
Fidelity (MSE);Tolerancja_0.1;862;5;0.0973836624700485;0.3120635551775447;0.7415002833002813;5.648716267122255
Fidelity (MSE);Tolerancja_1.0;862;1;0.7390568926367675;0.8596841819161078;1.5623063849606025;15.561291738198587
Fidelity (MSE);Tolerancja_0.01;863;22;0.009252063318903917;0.09618764639445086;0.8257802803926664;1.993906996168324
Fidelity (MSE);Tolerancja_0.1;863;12;0.07948141944046005;0.28192449244515816;1.0374528271228254;5.84411032964036
Fidelity (MSE);Tolerancja_1.0;863;2;0.7873707282034762;0.8873391280696892;2.281019788285098;18.393959741737937
Fidelity (MSE);Tolerancja_0.01;864;7;0.005909795471463781;0.07687519412309657;0.46177306756816705;1.6843695263856386
Fidelity (MSE);Tolerancja_0.1;864;6;0.047577175093051344;0.2181219271257508;0.7340439380917805;4.779147958947941
Fidelity (MSE);Tolerancja_1.0;864;2;0.6920808922646533;0.8319139933097972;1.8297792568912978;18.227603778938793
Fidelity (MSE);Tolerancja_0.01;865;68;0.009857609718078782;0.09928549601063985;1.3148154107881496;1.7632404978445104
Fidelity (MSE);Tolerancja_0.1;865;12;0.09542007142200987;0.3089013943348425;1.7959378643714974;5.485871252266919
Fidelity (MSE);Tolerancja_1.0;865;3;0.8560348700416235;0.925221524847765;2.022763924044816;16.43128279194177
Fidelity (MSE);Tolerancja_0.01;866;28;0.009976103152697476;0.09988044429565518;0.9365580921569894;1.7387734394458874
Fidelity (MSE);Tolerancja_0.1;866;14;0.07973525775323013;0.28237432205005847;0.835834040493987;4.915726743353491
Fidelity (MSE);Tolerancja_1.0;866;1;0.8434061271054069;0.9183714537731489;2.5068947940398405;15.987512897312179
Fidelity (MSE);Tolerancja_0.01;867;20;0.009079036998696695;0.09528398080840607;0.8577224155803513;1.563103353059525
Fidelity (MSE);Tolerancja_0.1;867;9;0.088872657279696;0.29811517452101627;1.2452282385234499;4.890484475336029
Fidelity (MSE);Tolerancja_1.0;867;1;0.7511210322122849;0.8666723903599819;1.6989438910786845;14.21748449091128
Fidelity (MSE);Tolerancja_0.01;868;30;0.00964798996623918;0.09822418218666511;0.8281141532151208;1.7736364984218884
Fidelity (MSE);Tolerancja_0.1;868;14;0.07084133390920955;0.2661603537516614;1.0387313089875967;4.806064121253801
Fidelity (MSE);Tolerancja_1.0;868;2;0.975429409702155;0.9876382990255871;3.065742821813172;17.83380930636961
Fidelity (MSE);Tolerancja_0.01;869;58;0.009959657234941454;0.09979808232096173;1.2139660151121436;1.6961861536121923
Fidelity (MSE);Tolerancja_0.1;869;8;0.09004900829031492;0.3000816693673823;1.4128462925596397;5.100242015641174
Fidelity (MSE);Tolerancja_1.0;869;1;0.808995323009386;0.8994416729334849;2.309432079889474;15.287072417934825
Fidelity (MSE);Tolerancja_0.01;870;14;0.009907374562172142;0.09953579538122023;0.4900189570538691;1.7795849100668604
Fidelity (MSE);Tolerancja_0.1;870;7;0.08841187248936914;0.29734134002753326;0.7350300117058763;5.316119289803686
Fidelity (MSE);Tolerancja_1.0;870;1;0.9290225498034973;0.9638581585500521;2.17736689611363;17.232669190325574
Fidelity (MSE);Tolerancja_0.01;871;14;0.008421359272183215;0.0917679643022728;0.48802602478841983;1.6562357174135671
Fidelity (MSE);Tolerancja_0.1;871;10;0.07848264619793278;0.2801475436228788;0.6993073789854742;5.056125756103274
Fidelity (MSE);Tolerancja_1.0;871;1;0.735812464392013;0.8577951179576699;2.5797568180848476;15.48155637303693
Fidelity (MSE);Tolerancja_0.01;872;90;0.00986639342019944;0.09932972072949486;1.4569108659455985;1.6479188260296878
Fidelity (MSE);Tolerancja_0.1;872;10;0.0984529220617291;0.3137720861735937;1.5854471947969566;5.205601345605475
Fidelity (MSE);Tolerancja_1.0;872;1;0.3561039180763035;0.5967444327987513;2.2398902594831753;9.900222993836168
Fidelity (MSE);Tolerancja_0.01;873;8;0.003398439612040402;0.058296137196562195;0.1790609255768123;1.0296328150690637
Fidelity (MSE);Tolerancja_0.1;873;4;0.09853663692469777;0.3139054585774159;0.6953907884714488;5.544232886148589
Fidelity (MSE);Tolerancja_1.0;873;1;0.6006584583753288;0.7750215857479898;1.6510562802775492;13.688516863173076
Fidelity (MSE);Tolerancja_0.01;874;9;0.005774901844765206;0.07599277495107812;0.2791292546168789;1.3579454237108635
Fidelity (MSE);Tolerancja_0.1;874;7;0.07874525787959426;0.2806158546475845;0.45974503574420744;5.014437436778903
Fidelity (MSE);Tolerancja_1.0;874;1;0.6673562265807009;0.8169187392762519;1.9527552837562112;14.597849127867596
Fidelity (MSE);Tolerancja_0.01;875;7;0.001766529282192381;0.042030099716659976;0.2799904072152337;0.6807260666261133
Fidelity (MSE);Tolerancja_0.1;875;6;0.04055292395604002;0.20137756567214735;0.3306889440190446;3.2615425400098563
Fidelity (MSE);Tolerancja_1.0;875;2;0.6229633176478555;0.7892802529189841;1.8125116408820645;12.783306384168164
Fidelity (MSE);Tolerancja_0.01;876;17;0.009359455742897054;0.09674428015597125;0.7403356894118129;1.678012604806052
Fidelity (MSE);Tolerancja_0.1;876;8;0.08599532307516992;0.2932495917732366;0.7460909163271721;5.086362837744969
Fidelity (MSE);Tolerancja_1.0;876;1;0.90349100660316;0.9505214393179987;2.0198966041926893;16.48662798195979
Fidelity (MSE);Tolerancja_0.01;877;14;0.009453185802613324;0.09722749509584891;0.18929273875456065;1.6751130039975322
Fidelity (MSE);Tolerancja_0.1;877;6;0.09242315478675382;0.3040117675136175;0.7220501781498525;5.237757741555532
Fidelity (MSE);Tolerancja_1.0;877;1;0.36188352501398413;0.6015675564838783;1.3228359665215716;10.364286724200381
Fidelity (MSE);Tolerancja_0.01;878;16;0.009135767558964088;0.09558120923572838;0.6977728785906789;1.6626608202238589
Fidelity (MSE);Tolerancja_0.1;878;9;0.09180707131395083;0.30299681733303874;0.6164315000287228;5.270711061938051
Fidelity (MSE);Tolerancja_1.0;878;4;0.794833596814338;0.8915344058500143;1.7416117688478945;15.508480572081766
Fidelity (MSE);Tolerancja_0.01;879;10;0.00758925410088705;0.08711632511123876;0.16750965410535468;1.384056095998512
Fidelity (MSE);Tolerancja_0.1;879;5;0.0974370852038839;0.31214913936111355;0.7412400316393066;4.959253258694935
Fidelity (MSE);Tolerancja_1.0;879;1;0.33063559812983884;0.575009215691226;1.4891517844534485;9.135429085381537
Fidelity (MSE);Tolerancja_0.01;880;12;0.009487906158137358;0.09740588359096876;0.5614066228425338;1.8432810949739853
Fidelity (MSE);Tolerancja_0.1;880;8;0.0643180040370539;0.2536099446730232;0.9535184067027762;4.799242091742856
Fidelity (MSE);Tolerancja_1.0;880;1;0.4252856937698389;0.6521393208278725;1.3551178433358086;12.340898075715886
Fidelity (MSE);Tolerancja_0.01;881;18;0.009666857862295982;0.09832018034104688;0.4965979578972517;1.7811829604992908
Fidelity (MSE);Tolerancja_0.1;881;11;0.07605924410295146;0.2757884045839336;0.8131617983385713;4.996223615988503
Fidelity (MSE);Tolerancja_1.0;881;4;0.8624142502946033;0.9286626138133285;2.555630667066058;16.82378956221737
Fidelity (MSE);Tolerancja_0.01;882;16;0.008454491290470163;0.09194830770857158;0.7281191997039631;1.6343436828843454
Fidelity (MSE);Tolerancja_0.1;882;9;0.08276162697732618;0.28768320593549807;0.800837409727098;5.113451699217811
Fidelity (MSE);Tolerancja_1.0;882;2;0.9386970403485894;0.9688637883358988;2.04838331169179;17.221158839169796
Fidelity (MSE);Tolerancja_0.01;883;10;0.006526226728267403;0.08078506500750868;0.3286891291160625;1.5703505030059546
Fidelity (MSE);Tolerancja_0.1;883;4;0.0929201699009068;0.3048280989359524;0.759407209107553;5.925438797999724
Fidelity (MSE);Tolerancja_1.0;883;1;0.3644770127481844;0.6037193161960154;1.273248733955712;11.735472785405394
Fidelity (MSE);Tolerancja_0.01;884;16;0.009727907605407045;0.09863015565944852;0.6204035993620254;1.652063262834972
Fidelity (MSE);Tolerancja_0.1;884;8;0.07450119252276945;0.2729490658030715;1.1143084586359109;4.571919421838426
Fidelity (MSE);Tolerancja_1.0;884;1;0.919992570425623;0.959162431721355;1.9925477246303713;16.066050042642384
Fidelity (MSE);Tolerancja_0.01;885;17;0.009934269993509676;0.09967080813111569;0.7980344679544036;1.8452336725626846
Fidelity (MSE);Tolerancja_0.1;885;6;0.07589398109808204;0.2754886224476104;1.1535640853043256;5.100198263462689
Fidelity (MSE);Tolerancja_1.0;885;1;0.9425273938253258;0.9708385003826979;1.7781277378493767;17.9734059060685
Fidelity (MSE);Tolerancja_0.01;886;6;0.008984238915855758;0.09478522519810648;0.474873832722988;1.5829157949536932
Fidelity (MSE);Tolerancja_0.1;886;3;0.013354683860533158;0.11556246735222106;0.49528290457448154;1.9298962944206366
Fidelity (MSE);Tolerancja_1.0;886;1;0.5731961580112778;0.757097191918764;1.0396346979673012;12.64354334653456
Fidelity (MSE);Tolerancja_0.01;887;12;0.007524837676368381;0.08674582224158338;0.39515838977531814;1.5117998596122812
Fidelity (MSE);Tolerancja_0.1;887;10;0.050587807695951836;0.22491733524997987;0.5407482047484216;3.919842905037191
Fidelity (MSE);Tolerancja_1.0;887;4;0.9876950446259783;0.9938284784740163;1.87041026239869;17.320370196634848
Fidelity (MSE);Tolerancja_0.01;888;9;0.008573903478531588;0.09259537503856004;0.2001904875555489;1.7090210682612028
Fidelity (MSE);Tolerancja_0.1;888;6;0.047750478940027076;0.21851882971503184;0.4907607643396652;4.033174266417218
Fidelity (MSE);Tolerancja_1.0;888;2;0.5782646586479635;0.7604371497026979;1.6806703521213224;14.035291820884227
Fidelity (MSE);Tolerancja_0.01;889;19;0.0087750604470843;0.0936752926180874;0.6308995533532205;1.8398208622098167
Fidelity (MSE);Tolerancja_0.1;889;12;0.08221539855957656;0.28673227680115915;0.7959330834866813;5.6315385838019
Fidelity (MSE);Tolerancja_1.0;889;1;0.3958157103201976;0.6291388640993318;1.344842928515229;12.356543278877782
Fidelity (MSE);Tolerancja_0.01;890;18;0.009693694437447078;0.0984565611701276;0.5645034265723847;1.7116093353428123
Fidelity (MSE);Tolerancja_0.1;890;12;0.07985501532031523;0.2825862971205703;1.0206798506771335;4.912596361716895
Fidelity (MSE);Tolerancja_1.0;890;2;0.7870751247300604;0.8871725450722989;2.069612341254653;15.422972244396343
Fidelity (MSE);Tolerancja_0.01;891;13;0.008452321267229147;0.09193650671647878;0.5670283831761167;1.7446559515342335
Fidelity (MSE);Tolerancja_0.1;891;9;0.09190746673402281;0.3031624428157664;0.6234955438416452;5.75303738449941
Fidelity (MSE);Tolerancja_1.0;891;2;0.9621370861207955;0.9808858680401077;2.1235206866683507;18.61402427144059
Fidelity (MSE);Tolerancja_0.01;892;24;0.00970692673606386;0.09852373691686618;0.8421946940527025;1.7452677294277126
Fidelity (MSE);Tolerancja_0.1;892;10;0.0782851761337218;0.2797948822507692;1.0748710280469949;4.956338382326419
Fidelity (MSE);Tolerancja_1.0;892;2;0.9236712270383;0.9610781586521983;2.0563734517404955;17.024716563165065
Fidelity (MSE);Tolerancja_0.01;893;26;0.009982200028788208;0.0999109605037816;0.7702288931826455;1.7997282521402969
Fidelity (MSE);Tolerancja_0.1;893;12;0.09542526627578221;0.3089098028159388;0.9563851391808837;5.564491590188352
Fidelity (MSE);Tolerancja_1.0;893;1;0.6158200723942818;0.7847420419439001;1.676207824896716;14.135810689911713
Fidelity (MSE);Tolerancja_0.01;894;10;0.006971467768421877;0.08349531584718915;0.5704712812997066;1.6662240460171545
Fidelity (MSE);Tolerancja_0.1;894;7;0.032585034317422705;0.18051325247034553;0.8301648189395725;3.6023041393283224
Fidelity (MSE);Tolerancja_1.0;894;4;0.6277343327247994;0.792296871585897;1.4228070674448148;15.810995929839688
Fidelity (MSE);Tolerancja_0.01;895;25;0.009792470315366963;0.09895691140777871;0.7777932897415667;1.820809980874364
Fidelity (MSE);Tolerancja_0.1;895;10;0.08404501194189395;0.2899051775010132;1.140251373987824;5.33426350106866
Fidelity (MSE);Tolerancja_1.0;895;1;0.6801186823420534;0.8246930837239108;1.8717025847959556;15.174376166761782
Fidelity (MSE);Tolerancja_0.01;896;234;0.009981420394439803;0.09990705878184886;2.299046584580789;1.7815509772904117
Fidelity (MSE);Tolerancja_0.1;896;24;0.09884978479300555;0.31440385619932454;2.406973898506295;5.606475699568334
Fidelity (MSE);Tolerancja_1.0;896;3;0.9250248354222331;0.9617821143181199;2.8129702258891927;17.150578613722413
Fidelity (MSE);Tolerancja_0.01;897;5;0.009532343687391432;0.09763372208100761;0.4673714964234872;1.4378411589367839
Fidelity (MSE);Tolerancja_0.1;897;2;0.05367680879692018;0.23168256040738194;0.40606257469706275;3.4119637565921783
Fidelity (MSE);Tolerancja_1.0;897;1;0.1448458033647618;0.38058613133528896;0.6355080194784346;5.604850378441614
Fidelity (MSE);Tolerancja_0.01;898;16;0.008733695948814521;0.09345424521558408;0.6529885381649922;1.654518732660952
Fidelity (MSE);Tolerancja_0.1;898;11;0.08327124111013845;0.2885675676685418;0.5905787835621874;5.108814963350569
Fidelity (MSE);Tolerancja_1.0;898;2;0.6006351566494664;0.7750065526493737;2.0682270444106825;13.720755609714663
Fidelity (MSE);Tolerancja_0.01;899;30;0.00961839014264325;0.0980733916138483;0.8987337805720226;1.7702332440023199
Fidelity (MSE);Tolerancja_0.1;899;12;0.04190401152986604;0.20470469347297837;1.0840070721351043;3.6949375118582366
Fidelity (MSE);Tolerancja_1.0;899;2;0.9400098549781974;0.9695410537868923;2.2220619748062216;17.500300301598305
Fidelity (MSE);Tolerancja_0.01;900;25;0.009850156672387285;0.09924795550734174;0.7730956606392168;1.7935882460164654
Fidelity (MSE);Tolerancja_0.1;900;7;0.08542575750926373;0.292276850792641;0.9758897077342086;5.2819659758695
Fidelity (MSE);Tolerancja_1.0;900;1;0.640221656842667;0.800138523533686;1.6883046921196945;14.459935659720738
Fidelity (MSE);Tolerancja_0.01;901;14;0.007065545687583077;0.08405680036489062;0.21978383652486855;1.486350467090587
Fidelity (MSE);Tolerancja_0.1;901;10;0.06874329773708923;0.26218943101713543;0.6115968724250669;4.636214816253096
Fidelity (MSE);Tolerancja_1.0;901;1;0.44905794321985576;0.6701178577085196;1.5243199458278944;11.849487328651993
Fidelity (MSE);Tolerancja_0.01;902;76;0.009910075310264043;0.09954936117456527;1.3660778889453793;1.9015788177030721
Fidelity (MSE);Tolerancja_0.1;902;9;0.09827122549269093;0.31348241656062775;1.5611081914588283;5.988099933747904
Fidelity (MSE);Tolerancja_1.0;902;1;0.8260779204969727;0.9088882882384242;1.421020349146274;17.361464666175838
Fidelity (MSE);Tolerancja_0.01;903;32;0.009783714187273945;0.09891265938834091;0.9071260592455079;1.5724547087160823
Fidelity (MSE);Tolerancja_0.1;903;6;0.0937563570273908;0.30619659865418297;0.969086742809596;4.867731656635367
Fidelity (MSE);Tolerancja_1.0;903;1;0.9427763120345332;0.9709666894567152;1.8184391033277825;15.435851712856138
Fidelity (MSE);Tolerancja_0.01;904;18;0.006838160564459614;0.08269317120814519;0.7117249430088943;1.4971559597978386
Fidelity (MSE);Tolerancja_0.1;904;10;0.09446567851563367;0.30735269401069787;1.0248944470819081;5.56460601129677
Fidelity (MSE);Tolerancja_1.0;904;1;0.7719137577219488;0.8785862266857755;1.9771032376412228;15.906762145667233
Fidelity (MSE);Tolerancja_0.01;905;28;0.00964546411557662;0.098211323764506;0.8697172367523143;1.7207956915653948
Fidelity (MSE);Tolerancja_0.1;905;5;0.09312124422997542;0.3051577366379155;0.9283383417618278;5.346777727113286
Fidelity (MSE);Tolerancja_1.0;905;1;0.30214828996323995;0.5496801706112746;0.9946579253862096;9.631142653110844
Fidelity (MSE);Tolerancja_0.01;906;78;0.00994765789833158;0.09973794613050531;1.3746485601633376;1.8187955567998892
Fidelity (MSE);Tolerancja_0.1;906;9;0.0998060599438679;0.3159209710416007;1.4933165086522404;5.7610536483127675
Fidelity (MSE);Tolerancja_1.0;906;1;0.7555661786358966;0.869233097986896;1.6097957030888579;15.851111415241249
Fidelity (MSE);Tolerancja_0.01;907;13;0.006604567428450025;0.08126848976356103;0.6120590834154047;1.4255391738824776
Fidelity (MSE);Tolerancja_0.1;907;8;0.08475292753673709;0.2911235606005414;0.6712700626670403;5.106629165665897
Fidelity (MSE);Tolerancja_1.0;907;1;0.7029139537309795;0.8383996384368134;2.0818873616981146;14.706456726804722
Fidelity (MSE);Tolerancja_0.01;908;70;0.00980384634090667;0.09901437441556994;1.3315287138413883;1.731165885470757
Fidelity (MSE);Tolerancja_0.1;908;10;0.08537813562815667;0.29219537235924303;1.5609181994530683;5.108739650242174
Fidelity (MSE);Tolerancja_1.0;908;4;0.8271419966925431;0.9094734722313472;1.9865003530038168;15.901220990999493
Fidelity (MSE);Tolerancja_0.01;909;22;0.009701873564338303;0.09849808914054274;0.8325741968209917;1.7915428871189119
Fidelity (MSE);Tolerancja_0.1;909;8;0.07894584587825086;0.2809730340766723;1.0190383621426422;5.11050767648941
Fidelity (MSE);Tolerancja_1.0;909;1;0.9062054395015875;0.9519482336249107;1.5564973163337177;17.314610889787698
Fidelity (MSE);Tolerancja_0.01;910;16;0.009402291710386567;0.096965415021989;0.6643245290604787;1.7038266912108424
Fidelity (MSE);Tolerancja_0.1;910;6;0.06702983826700072;0.2589012133362853;0.8197831678541245;4.549279736173989
Fidelity (MSE);Tolerancja_1.0;910;1;0.6815407965735032;0.8255548416510579;1.9747995690567945;14.506227544577987
Fidelity (MSE);Tolerancja_0.01;911;33;0.009979039569730938;0.09989514287356988;1.0338403516769503;1.7617264519670754
Fidelity (MSE);Tolerancja_0.1;911;14;0.09056837848826678;0.3009458065636848;1.41512624976499;5.307407074864754
Fidelity (MSE);Tolerancja_1.0;911;2;0.7633676229892249;0.8737091180646022;2.4449704945215025;15.408521579145601
Fidelity (MSE);Tolerancja_0.01;912;33;0.009868443028583784;0.09934003738968385;0.9443038401487946;1.874200177118872
Fidelity (MSE);Tolerancja_0.1;912;8;0.07057925600698753;0.26566756672011643;1.3060441317272264;5.012220789170842
Fidelity (MSE);Tolerancja_1.0;912;1;0.521947848462104;0.7224595825803019;1.7926205030536844;13.630293617886643
Fidelity (MSE);Tolerancja_0.01;913;19;0.008758500351705533;0.09358685993079122;0.6829424873090453;1.6387660231499346
Fidelity (MSE);Tolerancja_0.1;913;14;0.09907225223188411;0.31475744984334225;0.681353430913795;5.5116050983871085
Fidelity (MSE);Tolerancja_1.0;913;4;0.8260862581206635;0.9088928749421812;1.9283612745298617;15.915297972811437
Fidelity (MSE);Tolerancja_0.01;914;20;0.009298545595150339;0.09642896657721858;0.7332998466183387;1.6140754018221268
Fidelity (MSE);Tolerancja_0.1;914;6;0.07722299091420473;0.27789024976455134;0.8143970493617285;4.651463481069145
Fidelity (MSE);Tolerancja_1.0;914;1;0.2874896049999661;0.5361805712630457;0.9964990420392965;8.974853736689097
Fidelity (MSE);Tolerancja_0.01;915;14;0.007309469364679338;0.08549543475928606;0.6823741822570222;1.493218758044745
Fidelity (MSE);Tolerancja_0.1;915;8;0.08140563937221926;0.28531673517727496;0.9338866362665428;4.9831935722686955
Fidelity (MSE);Tolerancja_1.0;915;4;0.890633678506453;0.943733902382686;2.205211229462261;16.48276506936571
Fidelity (MSE);Tolerancja_0.01;916;22;0.00996658834526;0.09983280195036098;0.8947070398545649;1.7315341022140642
Fidelity (MSE);Tolerancja_0.1;916;14;0.09892747628161119;0.3145273855828951;1.1445260459678832;5.455270047291764
Fidelity (MSE);Tolerancja_1.0;916;5;0.9816299399869378;0.9907723956524717;2.404136783891696;17.184293709973115
Fidelity (MSE);Tolerancja_0.01;917;46;0.009720942510732538;0.09859484018310764;1.093213315497613;1.6902922624457921
Fidelity (MSE);Tolerancja_0.1;917;11;0.07613708621843716;0.27592949501355807;1.3462656860032198;4.730485789477461
Fidelity (MSE);Tolerancja_1.0;917;4;0.8348830363548663;0.9137193422243322;1.7930542527140285;15.664640576936199
Fidelity (MSE);Tolerancja_0.01;918;22;0.00837446182643778;0.0915120856851038;0.9202385736380849;1.804176289941451
Fidelity (MSE);Tolerancja_0.1;918;11;0.09877050703175642;0.31427775459258395;1.0237121356979877;6.196039234020817
Fidelity (MSE);Tolerancja_1.0;918;1;0.7023346732777868;0.8380540992548076;2.8624665697004295;16.52237870270597
Fidelity (MSE);Tolerancja_0.01;919;13;0.008695351828892582;0.09324887038936494;0.6620778681625508;1.5960740161298301
Fidelity (MSE);Tolerancja_0.1;919;10;0.06421937543930097;0.2534154206817355;0.7050419294065868;4.337529951278187
Fidelity (MSE);Tolerancja_1.0;919;2;0.6897927414949445;0.8305376219623916;1.8686236876773066;14.2157166333204
Fidelity (MSE);Tolerancja_0.01;920;53;0.00990435456076768;0.09952062379611414;1.1768233185769041;1.7609564085887708
Fidelity (MSE);Tolerancja_0.1;920;11;0.09501682037438008;0.30824798519111213;1.488782156585672;5.454259069646827
Fidelity (MSE);Tolerancja_1.0;920;1;0.9111761374120527;0.9545554658646362;2.07840684157022;16.890273602097377
Fidelity (MSE);Tolerancja_0.01;921;28;0.009691083866412787;0.09844330280122049;0.8779116543443521;1.8370459249824993
Fidelity (MSE);Tolerancja_0.1;921;12;0.0841325030781793;0.2900560343764275;1.26454576134884;5.412722255405613
Fidelity (MSE);Tolerancja_1.0;921;3;0.9190452410817714;0.9586684729778963;2.0941285362222772;17.889668078785807
Fidelity (MSE);Tolerancja_0.01;922;9;0.008348174640827563;0.09136834594556018;0.6111769487842187;1.43158589123174
Fidelity (MSE);Tolerancja_0.1;922;6;0.05625205147563893;0.23717514936358516;1.0317628096447837;3.7161294107479472
Fidelity (MSE);Tolerancja_1.0;922;2;0.9576226751795606;0.9785819716199357;2.060413840012104;15.332707728117887
Fidelity (MSE);Tolerancja_0.01;923;76;0.009984015855130517;0.09992004731349219;1.3649249770730103;1.6341834252539649
Fidelity (MSE);Tolerancja_0.1;923;8;0.0985943213763539;0.31399732702103356;1.5290571102192345;5.135398162712181
Fidelity (MSE);Tolerancja_1.0;923;2;0.752699113578537;0.8675823382126546;1.8455357858529258;14.189231443235675
Fidelity (MSE);Tolerancja_0.01;924;52;0.009879777648050926;0.09939707062107478;1.2257925802230343;1.7893191479780561
Fidelity (MSE);Tolerancja_0.1;924;12;0.09560549640245632;0.30920138486503634;1.7921839125808816;5.566159596689727
Fidelity (MSE);Tolerancja_1.0;924;1;0.7876027107572793;0.8874698365337716;1.921920471868959;15.975991664950968
Fidelity (MSE);Tolerancja_0.01;925;17;0.009964248864515832;0.09982108426838407;0.6585468005258508;1.6912693796308318
Fidelity (MSE);Tolerancja_0.1;925;7;0.050497029538572304;0.22471544125531806;0.6965531332542199;3.80735540703522
Fidelity (MSE);Tolerancja_1.0;925;2;0.6680732335614603;0.817357469875611;1.8478304008361217;13.848493744031428
Fidelity (MSE);Tolerancja_0.01;926;16;0.007240524937707589;0.08509127415726943;0.5358820586669486;1.5277123015341054
Fidelity (MSE);Tolerancja_0.1;926;11;0.07159259475086867;0.2675679254897131;0.5360499066565945;4.803862855680065
Fidelity (MSE);Tolerancja_1.0;926;2;0.871786917064973;0.9336953020471791;1.7712979762386984;16.763385117323658
Fidelity (MSE);Tolerancja_0.01;927;19;0.00960669188772264;0.09801373315879076;0.7496686764370315;1.7446913333692824
Fidelity (MSE);Tolerancja_0.1;927;6;0.09216476057333103;0.3035864960325657;0.8895290711066153;5.403984844632563
Fidelity (MSE);Tolerancja_1.0;927;1;0.38203244956720933;0.6180877361404361;1.465477159018656;11.00225735468112
Fidelity (MSE);Tolerancja_0.01;928;18;0.008643682775328563;0.09297140837552459;0.43372635795758097;1.7311547287769278
Fidelity (MSE);Tolerancja_0.1;928;11;0.0884691741689884;0.297437681151848;0.8323120233787709;5.538376337837858
Fidelity (MSE);Tolerancja_1.0;928;1;0.9661384713504413;0.982923431072045;1.9131087704125367;18.302320847427005
Fidelity (MSE);Tolerancja_0.01;929;88;0.009986136477838003;0.09993065834786641;1.4955594156309964;1.718435521767635
Fidelity (MSE);Tolerancja_0.1;929;15;0.09854120616107898;0.3139127365384829;1.842957137792082;5.398131125336785
Fidelity (MSE);Tolerancja_1.0;929;4;0.8124328303072524;0.9013505590541632;1.8871381085136054;15.499876052571413
Fidelity (MSE);Tolerancja_0.01;930;19;0.006755962806886241;0.08219466410227759;0.4329349914348404;1.4743185371329037
Fidelity (MSE);Tolerancja_0.1;930;13;0.09017607051096174;0.30029330746948346;0.655885663788621;5.386334923497087
Fidelity (MSE);Tolerancja_1.0;930;2;0.8058037853684549;0.8976657425614809;2.1795415900358774;16.10135230628544
Fidelity (MSE);Tolerancja_0.01;931;12;0.007742657671094151;0.08799237280068171;0.43944692502686244;1.5312862009763692
Fidelity (MSE);Tolerancja_0.1;931;9;0.08483074486669573;0.2912571799401617;0.6561824367683036;5.068599543143649
Fidelity (MSE);Tolerancja_1.0;931;1;0.7102995325876711;0.842792698466041;1.817965684577859;14.666689718301223
Fidelity (MSE);Tolerancja_0.01;932;16;0.006781481286243851;0.08234974976430622;0.5372635204249834;1.4651221373454555
Fidelity (MSE);Tolerancja_0.1;932;9;0.09052171275638604;0.3008682647877407;0.8129482694476815;5.352885180912812
Fidelity (MSE);Tolerancja_1.0;932;1;0.8181738758909678;0.904529643456182;2.505874434576003;16.092901415072188
Fidelity (MSE);Tolerancja_0.01;933;11;0.0019482968946902646;0.044139516248938034;0.10399385351504442;0.7704819598066415
Fidelity (MSE);Tolerancja_0.1;933;8;0.08376650942928725;0.2894244451135516;0.6170372554317911;5.052078786486567
Fidelity (MSE);Tolerancja_1.0;933;1;0.8592246832462633;0.9269437325136102;1.6479797223239547;16.180363636739056
Fidelity (MSE);Tolerancja_0.01;934;48;0.009869275959740085;0.09934422962477531;1.129241012341982;1.7990153708198713
Fidelity (MSE);Tolerancja_0.1;934;11;0.09272619805409797;0.30450976676306785;1.4717024515591794;5.514338910681064
Fidelity (MSE);Tolerancja_1.0;934;4;0.7845547249301049;0.8857509384302705;1.7475150304353386;16.039980972954133
Fidelity (MSE);Tolerancja_0.01;935;14;0.0049819423015096615;0.07058287541259325;0.4277736673180019;1.280906127540351
Fidelity (MSE);Tolerancja_0.1;935;6;0.08078610934626042;0.2842289734461644;0.630850408502603;5.158058970869567
Fidelity (MSE);Tolerancja_1.0;935;1;0.23918893509617178;0.4890694583555303;1.2518670400598833;8.875411526358262
Fidelity (MSE);Tolerancja_0.01;936;72;0.009935306666861906;0.09967600848179017;1.3147446183532798;1.7792897266712415
Fidelity (MSE);Tolerancja_0.1;936;13;0.09421782860211093;0.3069492280526389;1.3865064577496522;5.479268445861824
Fidelity (MSE);Tolerancja_1.0;936;2;0.9441614188127474;0.9716796894104288;2.7161565542415125;17.345193846711183
Fidelity (MSE);Tolerancja_0.01;937;58;0.009877266620438512;0.09938443852252983;1.2411731301327231;1.8300177395956538
Fidelity (MSE);Tolerancja_0.1;937;10;0.08340003561373029;0.2887906432239976;1.5676187647531048;5.317653427295354
Fidelity (MSE);Tolerancja_1.0;937;1;0.6748065063468126;0.8214660713302848;1.7667404166248462;15.126085183542914
Fidelity (MSE);Tolerancja_0.01;938;16;0.007882076688331891;0.08878106041454951;0.6777903314824716;1.59115207688605
Fidelity (MSE);Tolerancja_0.1;938;10;0.09447483193113419;0.30736758438575496;0.7823600931725307;5.508703860701952
Fidelity (MSE);Tolerancja_1.0;938;1;0.7713307988429136;0.878254404397105;2.470090109438238;15.740252628946536
Fidelity (MSE);Tolerancja_0.01;939;4;0.008960736812584335;0.09466116845140005;0.43155165976929943;1.6100626197555474
Fidelity (MSE);Tolerancja_0.1;939;1;0.032594488446207714;0.18053943737091827;0.6734381127474185;3.0707396101058166
Fidelity (MSE);Tolerancja_1.0;939;1;0.032594488446207714;0.18053943737091827;0.6734381127474185;3.0707396101058166
Fidelity (MSE);Tolerancja_0.01;940;19;0.009801007260066887;0.09900003666699769;0.3021800739571239;1.8012040761602022
Fidelity (MSE);Tolerancja_0.1;940;12;0.07247383248281178;0.26920964411181814;0.7357761698260674;4.897993219405436
Fidelity (MSE);Tolerancja_1.0;940;4;0.7869957019247235;0.887127782185139;1.6741755390713617;16.140379651793623
Fidelity (MSE);Tolerancja_0.01;941;106;0.009888407522760994;0.0994404722573309;1.5806497171636291;1.7329969309616962
Fidelity (MSE);Tolerancja_0.1;941;12;0.0879830141141932;0.29661930839746964;1.6656726086558375;5.169327331698185
Fidelity (MSE);Tolerancja_1.0;941;5;0.9643936420680249;0.9820354586612567;2.9680736022567;17.11440419904136
Fidelity (MSE);Tolerancja_0.01;942;28;0.009851555768130245;0.09925500374354053;0.8955020693402087;1.6622535444848823
Fidelity (MSE);Tolerancja_0.1;942;10;0.056157516210526344;0.23697577135759332;1.3387884045119742;3.9687048616109113
Fidelity (MSE);Tolerancja_1.0;942;4;0.5476650689889031;0.7400439642270608;1.5973588342487846;12.393739924584226
Fidelity (MSE);Tolerancja_0.01;943;32;0.009549346210728876;0.09772075629429439;1.061930737128776;1.7511424443169852
Fidelity (MSE);Tolerancja_0.1;943;14;0.07855944361682612;0.280284576130807;1.5935631176069265;5.022660858987937
Fidelity (MSE);Tolerancja_1.0;943;1;0.6002984054561922;0.774789265191634;1.8938550855867318;13.884116528859247
Fidelity (MSE);Tolerancja_0.01;944;16;0.008068659590938606;0.08982571787043289;0.43061467423496946;1.5739716762917522
Fidelity (MSE);Tolerancja_0.1;944;10;0.08786050133354975;0.2964127212748295;0.6575255745998883;5.193893673659264
Fidelity (MSE);Tolerancja_1.0;944;1;0.5343728349643115;0.7310080950060072;1.5043845000943135;12.809093697854804
Fidelity (MSE);Tolerancja_0.01;945;90;0.00987453939156625;0.09937071697218577;1.4697628490366927;1.8171452168246487
Fidelity (MSE);Tolerancja_0.1;945;12;0.09842459439199806;0.31372694240692506;1.597802075729457;5.736975943761535
Fidelity (MSE);Tolerancja_1.0;945;1;0.7576023675710223;0.8704035659227404;2.2072007007422734;15.916657590045716
Fidelity (MSE);Tolerancja_0.01;946;14;0.009309369873484005;0.09648507591065059;0.6090797317873475;1.7478576693857846
Fidelity (MSE);Tolerancja_0.1;946;6;0.07019492030049705;0.2649432397712707;0.6276487856554667;4.799530592844924
Fidelity (MSE);Tolerancja_1.0;946;2;0.36434792047524633;0.6036123925792498;1.3668037560127515;10.934629420646852
Fidelity (MSE);Tolerancja_0.01;947;93;0.009997310238926428;0.09998655029015867;1.503004295821678;1.7915278147908817
Fidelity (MSE);Tolerancja_0.1;947;16;0.0993812163544666;0.3152478649483079;1.5856278880463899;5.648512894678015
Fidelity (MSE);Tolerancja_1.0;947;2;0.9283120797474687;0.9634895327648706;2.1051327142621385;17.263504863393937
Fidelity (MSE);Tolerancja_0.01;948;14;0.007437120494248029;0.08623874126080476;0.5455201798734555;1.5085637733137025
Fidelity (MSE);Tolerancja_0.1;948;8;0.06099887491741074;0.2469795030309413;0.6432477458377273;4.320382296591315
Fidelity (MSE);Tolerancja_1.0;948;1;0.46738695121581414;0.6836570421021158;1.8202297582752287;11.959129180318794
Fidelity (MSE);Tolerancja_0.01;949;48;0.009785994694243365;0.09892418659884632;1.074934341673159;1.7758539639309536
Fidelity (MSE);Tolerancja_0.1;949;8;0.09354227281487253;0.3058468126609668;1.288963541758899;5.490459849037161
Fidelity (MSE);Tolerancja_1.0;949;1;0.6588322030264651;0.8116847929008311;1.5825775643611624;14.571094355121303
Fidelity (MSE);Tolerancja_0.01;950;14;0.00731579717607633;0.08553243347453836;0.49255312468017287;1.585885833543085
Fidelity (MSE);Tolerancja_0.1;950;10;0.05849262336838396;0.24185248265912832;0.6164593224135118;4.484268837861523
Fidelity (MSE);Tolerancja_1.0;950;1;0.7829391632617732;0.884838495580845;2.0326173911680714;16.406090392984826
Fidelity (MSE);Tolerancja_0.01;951;32;0.009661425236734624;0.09829254924323931;0.9733684932116713;1.66453235519951
Fidelity (MSE);Tolerancja_0.1;951;7;0.07606410048852973;0.2757972089933648;1.4605453004711233;4.670479923225235
Fidelity (MSE);Tolerancja_1.0;951;4;0.5372678332310583;0.7329855614069477;1.4224631126399956;12.412722960686262
Fidelity (MSE);Tolerancja_0.01;952;17;0.00986418958827384;0.09931862659276879;0.7478154932297771;1.7348970983670844
Fidelity (MSE);Tolerancja_0.1;952;8;0.057879641187807314;0.24058188042287665;0.8065071443596876;4.202482661955523
Fidelity (MSE);Tolerancja_1.0;952;3;0.6267740641461352;0.7916906366416968;1.572260283693205;13.829246692523956
Fidelity (MSE);Tolerancja_0.01;953;10;0.009761480811995987;0.09880020653822535;0.3151384490846265;1.7728207046351074
Fidelity (MSE);Tolerancja_0.1;953;6;0.08191315737567872;0.2862047472975924;0.5237201255864203;5.135512561684006
Fidelity (MSE);Tolerancja_1.0;953;1;0.23531138320338205;0.48508904667430086;1.1031612567023608;8.704191374369099
Fidelity (MSE);Tolerancja_0.01;954;64;0.009842157742424175;0.09920764961646947;1.2732486231292093;1.8205567651160992
Fidelity (MSE);Tolerancja_0.1;954;11;0.0801731690486147;0.28314866951588297;1.668129078333048;5.1960532057115385
Fidelity (MSE);Tolerancja_1.0;954;1;0.6962518833834198;0.8344170919770398;2.577525753593001;15.312364395286668
Fidelity (MSE);Tolerancja_0.01;955;17;0.007737726088960424;0.08796434555523291;0.4048581670645568;1.5653374387522432
Fidelity (MSE);Tolerancja_0.1;955;14;0.06970222990559986;0.2640117987999776;0.5645614504620711;4.698125704515569
Fidelity (MSE);Tolerancja_1.0;955;2;0.8597789729711832;0.9272426721043328;1.802741429887079;16.500408890579614
Fidelity (MSE);Tolerancja_0.01;956;32;0.009998184025188917;0.0999909197136866;1.0266954098171026;1.801491975011273
Fidelity (MSE);Tolerancja_0.1;956;10;0.07862861405059557;0.280407942203133;1.427700148764694;5.051985310814422
Fidelity (MSE);Tolerancja_1.0;956;1;0.6799431763120972;0.8245866699820567;2.079821034352821;14.856211673294704
Fidelity (MSE);Tolerancja_0.01;957;38;0.009901205211839572;0.09950479994371915;1.1031813765922367;1.7646318346374212
Fidelity (MSE);Tolerancja_0.1;957;9;0.09684824258698903;0.31120450283854995;1.5803264559943564;5.518943539427522
Fidelity (MSE);Tolerancja_1.0;957;1;0.8506215666525119;0.922291475973031;1.7971513523508875;16.35604413291898
Fidelity (MSE);Tolerancja_0.01;958;18;0.009243166894498538;0.09614139012152122;0.6712820634766814;1.71873242372035
Fidelity (MSE);Tolerancja_0.1;958;8;0.08178602178473748;0.28598255503568304;0.6251018186506112;5.1125481890467235
Fidelity (MSE);Tolerancja_1.0;958;1;0.3387963130894305;0.5820621213319335;1.3376482601111164;10.405601991901106
Fidelity (MSE);Tolerancja_0.01;959;56;0.009779519829306664;0.09889145478405434;1.158158161085959;1.7484225656358987
Fidelity (MSE);Tolerancja_0.1;959;10;0.09940880258106459;0.3152916151455103;1.441039966997434;5.574424765819983
Fidelity (MSE);Tolerancja_1.0;959;1;0.8776783321686206;0.9368448815938637;2.257359330397959;16.563622560271213
Fidelity (MSE);Tolerancja_0.01;960;8;0.008866740240939848;0.09416336995318215;0.4528507124323333;1.5915105543787083
Fidelity (MSE);Tolerancja_0.1;960;5;0.09666639976196185;0.31091220587484475;0.5564913365142576;5.254910241434699
Fidelity (MSE);Tolerancja_1.0;960;1;0.44944647631940354;0.6704076941081476;1.4132388258531652;11.330955141476991
Fidelity (MSE);Tolerancja_0.01;961;24;0.009484344573118076;0.09738759968865685;0.7244163630797642;2.474013873467759
Fidelity (MSE);Tolerancja_0.1;961;7;0.0981648671662728;0.3133127306163489;0.7726040556955405;7.9593299840739125
Fidelity (MSE);Tolerancja_1.0;961;1;0.7608767499619412;0.8722824943571557;1.6956882867990513;22.159278999809057
Fidelity (MSE);Tolerancja_0.01;962;18;0.009351952426833662;0.09670549326089838;0.5812784274220011;1.6442137563174368
Fidelity (MSE);Tolerancja_0.1;962;8;0.09749303251365764;0.3122387428133441;0.8201374884148729;5.308770152321265
Fidelity (MSE);Tolerancja_1.0;962;1;0.5384116398105513;0.733765384718134;1.730969696445908;12.47568363265804
Fidelity (MSE);Tolerancja_0.01;963;17;0.009917405136238526;0.09958616940237498;0.45143862374820376;1.8510041141938869
Fidelity (MSE);Tolerancja_0.1;963;8;0.07891691317883869;0.28092154274608183;0.7717070924405052;5.221477384953924
Fidelity (MSE);Tolerancja_1.0;963;1;0.4523701151871188;0.6725846528037336;1.5111754337069518;12.501303815122819
Fidelity (MSE);Tolerancja_0.01;964;42;0.00993511350482185;0.09967503952756603;1.019643408565405;1.849992416137181
Fidelity (MSE);Tolerancja_0.1;964;8;0.09763420073768612;0.31246471918872076;1.251177201775092;5.799419428870157
Fidelity (MSE);Tolerancja_1.0;964;1;0.948629507029412;0.9739761326795497;2.3690643451546824;18.077228436488056
Fidelity (MSE);Tolerancja_0.01;965;40;0.009762682249199905;0.0988062864862348;1.0334951217458768;1.8252483762158909
Fidelity (MSE);Tolerancja_0.1;965;12;0.08085762113031925;0.2843547452220892;1.2485194270162001;5.252884765163284
Fidelity (MSE);Tolerancja_1.0;965;2;0.874286445079872;0.935032857754139;1.9819591327453123;17.272860523525605
Fidelity (MSE);Tolerancja_0.01;966;7;0.009653265330411508;0.09825103221041247;0.26132908644568875;1.6930166624316685
Fidelity (MSE);Tolerancja_0.1;966;5;0.08707639914114484;0.29508710432878094;0.4961443043357061;5.084805454536414
Fidelity (MSE);Tolerancja_1.0;966;3;0.7801705339524578;0.8832726271952832;1.4654931711951322;15.220148243418969
Fidelity (MSE);Tolerancja_0.01;967;7;0.007726284317312633;0.08789928507850694;0.30370176340760047;1.5032117646451189
Fidelity (MSE);Tolerancja_0.1;967;4;0.05537781440901465;0.23532491242750872;0.520948764155297;4.024414721452729
Fidelity (MSE);Tolerancja_1.0;967;1;0.6224251159848349;0.7889392346593208;1.6319531387188482;13.492063536930779
Fidelity (MSE);Tolerancja_0.01;968;7;0.004446087567390538;0.06667898894997237;0.3005241207715317;1.3396559510685162
Fidelity (MSE);Tolerancja_0.1;968;5;0.09509015319067826;0.3083669132554241;0.508347061141265;6.195438427616245
Fidelity (MSE);Tolerancja_1.0;968;1;0.516616874598596;0.7187606518157459;1.5586212328274862;14.440710631069766
Fidelity (MSE);Tolerancja_0.01;969;9;0.004631936828895485;0.06805833401498662;0.2191283758980358;1.3022276888989157
Fidelity (MSE);Tolerancja_0.1;969;5;0.08608438482669178;0.29340140563175865;0.5779696664974168;5.613940451310554
Fidelity (MSE);Tolerancja_1.0;969;2;0.5006095905947548;0.7075376955291887;1.4993614816098324;13.538021337033479
Fidelity (MSE);Tolerancja_0.01;970;34;0.009767445354064782;0.09883038679507827;0.8709334450122332;1.8410191717094988
Fidelity (MSE);Tolerancja_0.1;970;12;0.07665944392872236;0.27687441905803134;1.245005237740111;5.157635522551147
Fidelity (MSE);Tolerancja_1.0;970;1;0.5118438823769887;0.71543265397729;1.7435608086821217;13.327128171320595
Fidelity (MSE);Tolerancja_0.01;971;5;0.008103168345977406;0.09001760020116847;0.5154382235377337;1.7918457878427712
Fidelity (MSE);Tolerancja_0.1;971;4;0.03371167140128718;0.1836073838419555;0.45820722803912695;3.6547976908827695
Fidelity (MSE);Tolerancja_1.0;971;1;0.6530264401130029;0.8081005136200589;1.5038441402815943;16.085648786990067
Fidelity (MSE);Tolerancja_0.01;972;60;0.00982431311337931;0.0991176730627758;1.2110472346908177;1.809379889877839
Fidelity (MSE);Tolerancja_0.1;972;7;0.09520092942379677;0.30854647854706874;1.3497839882873492;5.632474775937356
Fidelity (MSE);Tolerancja_1.0;972;3;0.6861098421028855;0.8283174766373612;1.8260388433595556;15.120824958358096
Fidelity (MSE);Tolerancja_0.01;973;58;0.009960760053108593;0.09980360741530635;1.2942456060861165;1.9401321489763677
Fidelity (MSE);Tolerancja_0.1;973;10;0.09168395707578665;0.3027935882342733;2.087742683798094;5.886155723737202
Fidelity (MSE);Tolerancja_1.0;973;4;0.6794675424103003;0.8242982120630253;2.0037957198899607;16.023944454355938
Fidelity (MSE);Tolerancja_0.01;974;11;0.0035417835353484454;0.059512885456415615;0.3971454483575245;1.1904913544474367
Fidelity (MSE);Tolerancja_0.1;974;10;0.030959677300259638;0.17595362258350816;0.629299860212666;3.519763238883458
Fidelity (MSE);Tolerancja_1.0;974;2;0.7591645832736401;0.871300512609536;2.056329829814846;17.429430944781245
Fidelity (MSE);Tolerancja_0.01;975;18;0.00888470947460383;0.0942587368608546;0.7309500214012576;1.825092398746507
Fidelity (MSE);Tolerancja_0.1;975;4;0.08710417400797499;0.2951341627259965;0.8465374315517487;5.71455904185079
Fidelity (MSE);Tolerancja_1.0;975;1;0.28646013469557485;0.5352197069387251;1.3553095249396954;10.363234765549606
Fidelity (MSE);Tolerancja_0.01;976;18;0.009574261184526598;0.09784815371036185;0.635688453844077;1.7113619114052434
Fidelity (MSE);Tolerancja_0.1;976;12;0.09168075849487692;0.3027883064037925;0.7798934618271822;5.29576037103577
Fidelity (MSE);Tolerancja_1.0;976;1;0.7721643538248679;0.8787288283793061;2.2536611361462424;15.368946580162696
Fidelity (MSE);Tolerancja_0.01;977;20;0.00957644716109739;0.09785932332229459;0.777164774772146;1.7410184652336673
Fidelity (MSE);Tolerancja_0.1;977;5;0.07764156058296762;0.2786423524573528;1.2513430150013019;4.957335329477771
Fidelity (MSE);Tolerancja_1.0;977;1;0.5893337555557644;0.7676807640912754;1.5456636484544326;13.657833922331092
Fidelity (MSE);Tolerancja_0.01;978;25;0.009906212384836795;0.09952995722312351;0.8629055179818996;1.784024511696249
Fidelity (MSE);Tolerancja_0.1;978;13;0.08610844837516825;0.2934424106620722;1.150010653267313;5.259807880945702
Fidelity (MSE);Tolerancja_1.0;978;3;0.9774308542203642;0.9886510275220293;2.9215012950983708;17.721073291119726
Fidelity (MSE);Tolerancja_0.01;979;38;0.00999376422937884;0.09996881628477372;1.0638621865663245;1.81882687160931
Fidelity (MSE);Tolerancja_0.1;979;9;0.0774351777441085;0.27827176957806643;1.5754040201998558;5.062860509192102
Fidelity (MSE);Tolerancja_1.0;979;4;0.7696859828939833;0.8773174926410525;2.2193558754435614;15.961863807639073
Fidelity (MSE);Tolerancja_0.01;980;17;0.00990840059958641;0.09954094936048384;0.7686523957302684;1.8291846005632626
Fidelity (MSE);Tolerancja_0.1;980;6;0.07417322103534195;0.2723476106657482;0.9913443123068264;5.004714729270531
Fidelity (MSE);Tolerancja_1.0;980;2;0.8884847560725604;0.9425946934247829;2.1291636588177765;17.321310564772794
Fidelity (MSE);Tolerancja_0.01;981;14;0.008134856825007888;0.09019344114184738;0.588346446817031;1.5593268855631903
Fidelity (MSE);Tolerancja_0.1;981;8;0.06810548459691333;0.26097027531294315;0.7328333502494191;4.511835466930549
Fidelity (MSE);Tolerancja_1.0;981;2;0.7850976964406522;0.8860573889092355;2.0791699497797196;15.318775857605463
Fidelity (MSE);Tolerancja_0.01;982;7;0.0056091746315852465;0.07489442323421182;0.402987360988587;1.6466277443710122
Fidelity (MSE);Tolerancja_0.1;982;6;0.03707134904218991;0.19253921429721765;0.3296932477191916;4.233164479413071
Fidelity (MSE);Tolerancja_1.0;982;1;0.7524673600615673;0.8674487650931133;1.655924738544332;19.071716447510013
Fidelity (MSE);Tolerancja_0.01;983;28;0.009951343387570427;0.09975642028245814;1.049275787295624;1.6019396796133047
Fidelity (MSE);Tolerancja_0.1;983;14;0.07531755970688689;0.2744404483797658;1.258268447107179;4.407105254033684
Fidelity (MSE);Tolerancja_1.0;983;2;0.8136120773128473;0.9020044774350332;2.515910465579138;14.484849792130467
Fidelity (MSE);Tolerancja_0.01;984;21;0.009145673496410708;0.09563301467804258;0.43563537992928136;1.5937531129219034
Fidelity (MSE);Tolerancja_0.1;984;14;0.0703571243093148;0.26524917400307735;0.7573148930995757;4.420457706897218
Fidelity (MSE);Tolerancja_1.0;984;3;0.9488712637841378;0.974100232924794;1.9835243754491332;16.23367498921155
Fidelity (MSE);Tolerancja_0.01;985;17;0.009794622934857005;0.09896778735961012;0.7133348463119855;1.8379324598640654
Fidelity (MSE);Tolerancja_0.1;985;12;0.07119777347784023;0.26682910912762164;0.9818208440374505;4.955287917272466
Fidelity (MSE);Tolerancja_1.0;985;2;0.8273319895434408;0.9095779183464388;2.098472322133538;16.891786969330216
Fidelity (MSE);Tolerancja_0.01;986;28;0.00984133699278852;0.09920351300628683;0.8396779906017882;1.5147471741320924
Fidelity (MSE);Tolerancja_0.1;986;8;0.06558498569555149;0.2560956573149016;1.1968928434851511;3.9103471386206268
Fidelity (MSE);Tolerancja_1.0;986;2;0.7152666217647126;0.8457343683241876;1.818350644460767;12.913592529775308
Fidelity (MSE);Tolerancja_0.01;987;12;0.007072879379700171;0.08410041248234262;0.5341356821401622;1.4234580550652676
Fidelity (MSE);Tolerancja_0.1;987;8;0.06572163625385043;0.2563623144181891;0.8329363473835381;4.339110721369687
Fidelity (MSE);Tolerancja_1.0;987;1;0.7366679996079578;0.8582936558124834;1.7871718448310006;14.527217904361747
Fidelity (MSE);Tolerancja_0.01;988;16;0.00816470418236768;0.09035875266053467;0.4568555750286798;1.5722154052933917
Fidelity (MSE);Tolerancja_0.1;988;10;0.07509733609067114;0.2740389317061923;0.644455007342903;4.768195856988602
Fidelity (MSE);Tolerancja_1.0;988;1;0.7759030585967677;0.8808535965736688;1.872811554513814;15.326590436059453
Fidelity (MSE);Tolerancja_0.01;989;12;0.007841610643947158;0.08855286920222946;0.6725473373901041;1.5863403637715847
Fidelity (MSE);Tolerancja_0.1;989;4;0.09749133202672693;0.31223601974584375;0.8785968913279278;5.593411095636675
Fidelity (MSE);Tolerancja_1.0;989;1;0.34920562208969197;0.5909362250612937;1.1863885859567782;10.58605999641555
Fidelity (MSE);Tolerancja_0.01;990;50;0.009722073908413686;0.09860057762718069;1.1435166994265709;1.718706995264678
Fidelity (MSE);Tolerancja_0.1;990;8;0.09072372991692947;0.3012038012989369;1.287083249503068;5.250284458273686
Fidelity (MSE);Tolerancja_1.0;990;2;0.825169332301478;0.908388315810743;2.2362609343228277;15.834119742217828
Fidelity (MSE);Tolerancja_0.01;991;26;0.009299723376891899;0.09643507337526061;0.9652550331262502;1.7912510309971992
Fidelity (MSE);Tolerancja_0.1;991;7;0.09450488829262453;0.30741647368451896;0.9359122617717288;5.710163907794401
Fidelity (MSE);Tolerancja_1.0;991;1;0.5165978638103413;0.7187474269938928;1.6653370428994636;13.350506455462273
Fidelity (MSE);Tolerancja_0.01;992;13;0.008639260975504274;0.09294762490512748;0.33181901566533156;1.768818355359274
Fidelity (MSE);Tolerancja_0.1;992;9;0.08582620498656668;0.2929610980771452;0.6273067156347052;5.575128662125465
Fidelity (MSE);Tolerancja_1.0;992;2;0.908641469959118;0.9532268722392996;1.7973926613758748;18.140164314683517
Fidelity (MSE);Tolerancja_0.01;993;18;0.008529099676013592;0.09235312488494145;0.7916707828084917;1.643054292978117
Fidelity (MSE);Tolerancja_0.1;993;9;0.09100874155820293;0.30167655122366227;0.9161497093750475;5.367127026794219
Fidelity (MSE);Tolerancja_1.0;993;1;0.73860101986017;0.8594190013376304;2.467056615821957;15.289922039714366
Fidelity (MSE);Tolerancja_0.01;994;40;0.00989988778553831;0.09949817981017697;1.0425060332972844;1.7958695209736433
Fidelity (MSE);Tolerancja_0.1;994;7;0.09764846682390146;0.31248754667010564;1.484791164359546;5.640172129975706
Fidelity (MSE);Tolerancja_1.0;994;1;0.5687811070754302;0.7541757799581144;1.3446082998601332;13.61232234868251
Fidelity (MSE);Tolerancja_0.01;995;22;0.009926758450412642;0.09963311924461987;0.8446171303158279;1.7836690772337633
Fidelity (MSE);Tolerancja_0.1;995;11;0.09871048354344164;0.3141822457482944;1.122997407929427;5.624607164824391
Fidelity (MSE);Tolerancja_1.0;995;1;0.8662059389638427;0.9307018528851453;2.131289881111238;16.661769978711607
Fidelity (MSE);Tolerancja_0.01;996;22;0.009621115968989605;0.09808728749939824;0.664153723283686;1.6580861966651237
Fidelity (MSE);Tolerancja_0.1;996;11;0.091871165617701;0.30310256616812237;0.7878066809217819;5.123703529269522
Fidelity (MSE);Tolerancja_1.0;996;1;0.47498068509564473;0.6891884249576778;1.5176794977882029;11.650172447991427
Fidelity (MSE);Tolerancja_0.01;997;34;0.009947613769140804;0.09973772490457562;0.9214078224887867;1.754706584938736
Fidelity (MSE);Tolerancja_0.1;997;13;0.08716847550316958;0.29524307867106653;1.0301030953457095;5.194273027556684
Fidelity (MSE);Tolerancja_1.0;997;5;0.8908010229858261;0.9438225590574884;1.7640045533609285;16.604867024753297
Fidelity (MSE);Tolerancja_0.01;998;16;0.007291990413230181;0.08539315202772516;0.29341482770949145;1.535208417030156
Fidelity (MSE);Tolerancja_0.1;998;8;0.09490226484556885;0.30806211199296946;0.7613626460121052;5.538377915200283
Fidelity (MSE);Tolerancja_1.0;998;1;0.5670569756129035;0.7530318556428429;1.4328839753591653;13.538097793829934
Fidelity (MSE);Tolerancja_0.01;999;7;0.008049787807153848;0.08972060971233894;0.39038750096580443;1.60481429681479
Fidelity (MSE);Tolerancja_0.1;999;5;0.029756039150039555;0.17249938883961172;0.3716427160955078;3.08546148191803
Fidelity (MSE);Tolerancja_1.0;999;1;0.8290348577041584;0.9105135131914069;1.7351949485401876;16.286170012637328
