Strategia;Konfiguracja;Indeks sygnału;Wymagane K;MSE;RMSE;Max Error;PRD
Fidelity (MAX_ERROR);Tolerancja_0.01;0;4791;4.762496225497778e-07;0.0006901084136204817;0.0099696544350234;0.01308649551364943
Fidelity (MAX_ERROR);Tolerancja_0.1;0;2905;5.600009711909793e-06;0.0023664339652544274;0.09999059040123282;0.044874583266101754
Fidelity (MAX_ERROR);Tolerancja_1.0;0;8;0.06802835449312927;0.2608224578005684;0.993929358528197;4.945964802775525
Fidelity (MAX_ERROR);Tolerancja_0.01;1;4965;2.7375667555672034e-06;0.0016545593841162678;0.009788308244126576;0.030343638397651456
Fidelity (MAX_ERROR);Tolerancja_0.1;1;4643;2.8039725116268577e-05;0.00529525496234776;0.09984075686957361;0.0971118373528012
Fidelity (MAX_ERROR);Tolerancja_1.0;1;1425;0.000518476686404446;0.02277008314443419;0.999831959465312;0.41758982835675434
Fidelity (MAX_ERROR);Tolerancja_0.01;2;4951;1.9839487876835897e-06;0.0014085271696646785;0.009859301493408523;0.025957261542264624
Fidelity (MAX_ERROR);Tolerancja_0.1;2;4504;2.0224214996467472e-05;0.004497134087001128;0.0998008640950987;0.08287613345414692
Fidelity (MAX_ERROR);Tolerancja_1.0;2;101;0.004066617473211286;0.06377003585706445;0.9997067638229087;1.1751960025701769
Fidelity (MAX_ERROR);Tolerancja_0.01;3;1785;4.8634459468077244e-08;0.000220532218662211;0.009999974812604506;0.0043506734970752406
Fidelity (MAX_ERROR);Tolerancja_0.1;3;12;0.00045559142512608455;0.021344587724434608;0.08600388946440862;0.42108737073440433
Fidelity (MAX_ERROR);Tolerancja_1.0;3;5;0.21885776762723652;0.46782236760039225;0.9385218972305838;9.229229127629416
Fidelity (MAX_ERROR);Tolerancja_0.01;4;4606;2.5431725488766147e-07;0.0005042987754175708;0.009990960341940358;0.008337556068023038
Fidelity (MAX_ERROR);Tolerancja_0.1;4;1070;5.85498989170808e-06;0.002419708637771928;0.09998607887743205;0.04000496812429932
Fidelity (MAX_ERROR);Tolerancja_1.0;4;1;0.32543688357564815;0.5704707561090648;0.9415957088969851;9.431575379671454
Fidelity (MAX_ERROR);Tolerancja_0.01;5;4663;2.968764283588195e-07;0.0005448636786929548;0.009984320283909831;0.009620793116833691
Fidelity (MAX_ERROR);Tolerancja_0.1;5;1664;4.8477976705430665e-06;0.0022017714846330138;0.0999978566864721;0.03887722520798649
Fidelity (MAX_ERROR);Tolerancja_1.0;5;6;0.1337514180781749;0.36572040970962355;0.9499564193293626;6.457615983616928
Fidelity (MAX_ERROR);Tolerancja_0.01;6;4844;6.357046005835472e-07;0.00079731085567898;0.009970442776215727;0.015520099942522585
Fidelity (MAX_ERROR);Tolerancja_0.1;6;3436;6.955282007366566e-06;0.0026372868648227416;0.09996550069519294;0.05133625790695489
Fidelity (MAX_ERROR);Tolerancja_1.0;6;7;0.14478182034677914;0.38050206352499477;0.9741862145231632;7.406684622668289
Fidelity (MAX_ERROR);Tolerancja_0.01;7;4917;1.1802347494645833e-06;0.0010863860959459042;0.009896330682255261;0.01998887855955048
Fidelity (MAX_ERROR);Tolerancja_0.1;7;4162;1.2188867030671647e-05;0.003491255795651709;0.09992119958813106;0.06423709616685278
Fidelity (MAX_ERROR);Tolerancja_1.0;7;8;0.14517852336702336;0.38102299585067484;0.877574326837335;7.010603707905416
Fidelity (MAX_ERROR);Tolerancja_0.01;8;4962;2.540396286006857e-06;0.0015938620661797736;0.009890281680753787;0.028798696703900638
Fidelity (MAX_ERROR);Tolerancja_0.1;8;4616;2.6105016841851303e-05;0.005109306884681258;0.09994434280631381;0.09231751132126557
Fidelity (MAX_ERROR);Tolerancja_1.0;8;1162;0.0005639463781142162;0.02374755520288807;0.9999923540628028;0.42908270060426507
Fidelity (MAX_ERROR);Tolerancja_0.01;9;346;1.3067980871178952e-07;0.00036149662337536364;0.009995696748496208;0.006545841018231672
Fidelity (MAX_ERROR);Tolerancja_0.1;9;41;8.20862347972064e-05;0.009060145407067505;0.09806063107455998;0.1640576082923588
Fidelity (MAX_ERROR);Tolerancja_1.0;9;5;0.1935177627838409;0.4399065386918463;0.7785517943762343;7.9656574334510095
Fidelity (MAX_ERROR);Tolerancja_0.01;10;4798;4.930806255874023e-07;0.0007021969991301603;0.009985805337967335;0.012783631259904874
Fidelity (MAX_ERROR);Tolerancja_0.1;10;2978;5.7323346088306745e-06;0.0023942294394712206;0.09997407051412299;0.04358740687260537
Fidelity (MAX_ERROR);Tolerancja_1.0;10;7;0.2237096503949735;0.47297954542979287;0.8677710488446424;8.610683483042239
Fidelity (MAX_ERROR);Tolerancja_0.01;11;4952;1.9949671024476326e-06;0.0014124330435272437;0.009836627075783255;0.026161045720389253
Fidelity (MAX_ERROR);Tolerancja_0.1;11;4513;2.0613235788794082e-05;0.004540180149376683;0.09980157745360874;0.08409309100417979
Fidelity (MAX_ERROR);Tolerancja_1.0;11;175;0.0024383446058846565;0.049379597060776596;0.9999955337278195;0.9146075293844245
Fidelity (MAX_ERROR);Tolerancja_0.01;12;4949;1.9222072022711277e-06;0.0013864368728042139;0.009900718134780107;0.022264945112008327
Fidelity (MAX_ERROR);Tolerancja_0.1;12;4485;1.9580010605744946e-05;0.004424930576375741;0.09997981334671291;0.07106045600776942
Fidelity (MAX_ERROR);Tolerancja_1.0;12;91;0.004220901597491089;0.06496846617776264;0.9997546800304677;1.0433358790678424
Fidelity (MAX_ERROR);Tolerancja_0.01;13;4922;1.2511437200521113e-06;0.0011185453589605168;0.009909563032977964;0.018089239552189353
Fidelity (MAX_ERROR);Tolerancja_0.1;13;4213;1.296797596222402e-05;0.003601107602144654;0.09998675056947537;0.05823751137722458
Fidelity (MAX_ERROR);Tolerancja_1.0;13;6;0.04132410876643671;0.20328332141726904;0.9527262225279447;3.2875204108834764
Fidelity (MAX_ERROR);Tolerancja_0.01;14;4947;1.8826949905454037e-06;0.001372113330066217;0.009988677528181;0.024937313702248488
Fidelity (MAX_ERROR);Tolerancja_0.1;14;4470;1.8982871357306264e-05;0.0043569337104558134;0.09988990277244358;0.07918458361766278
Fidelity (MAX_ERROR);Tolerancja_1.0;14;86;0.00417351497551956;0.06460274743011755;0.9989893363122233;1.1741150992347127
Fidelity (MAX_ERROR);Tolerancja_0.01;15;4921;1.2653272612633644e-06;0.0011248676638891191;0.009997026181710389;0.02021188338426383
Fidelity (MAX_ERROR);Tolerancja_0.1;15;4210;1.2908466303280511e-05;0.003592835412773665;0.09998045146093659;0.06455690096981295
Fidelity (MAX_ERROR);Tolerancja_1.0;15;19;0.010091085859013312;0.10045439691229703;0.9900384674595228;1.8049879296984028
Fidelity (MAX_ERROR);Tolerancja_0.01;16;4743;3.8775962038875607e-07;0.0006227034770970499;0.009972248398174344;0.010955221785521652
Fidelity (MAX_ERROR);Tolerancja_0.1;16;2437;4.9864413943727456e-06;0.002233034122975452;0.09999868010837165;0.039285767578942275
Fidelity (MAX_ERROR);Tolerancja_1.0;16;9;0.04741632030114614;0.2177528881579901;0.7589257690884512;3.8309263910483704
Fidelity (MAX_ERROR);Tolerancja_0.01;17;4941;1.6591776961014861e-06;0.0012880907173415568;0.009893451113089036;0.023543421533548405
Fidelity (MAX_ERROR);Tolerancja_0.1;17;4404;1.6942664912205964e-05;0.004116146852604504;0.09994580835095324;0.07523397159857002
Fidelity (MAX_ERROR);Tolerancja_1.0;17;45;0.006933842751173799;0.08326969887764576;0.9968522910073112;1.5219841236758271
Fidelity (MAX_ERROR);Tolerancja_0.01;18;4795;4.844676728046322e-07;0.000696037120277814;0.009958917943582613;0.012305233114179444
Fidelity (MAX_ERROR);Tolerancja_0.1;18;2944;5.660589410574391e-06;0.0023791993213210178;0.09997243948354395;0.04206184041199882
Fidelity (MAX_ERROR);Tolerancja_1.0;18;3;0.04219219060396095;0.20540737718972255;0.7671221532713144;3.6313949156660903
Fidelity (MAX_ERROR);Tolerancja_0.01;19;4617;2.617457217806143e-07;0.0005116109085825031;0.00998828680029984;0.00876005226709627
Fidelity (MAX_ERROR);Tolerancja_0.1;19;1173;5.60619531236052e-06;0.002367740550051994;0.09998351570219377;0.040541612044290354
Fidelity (MAX_ERROR);Tolerancja_1.0;19;3;0.10787749236977956;0.32844709219260804;0.7307344391308188;5.623831795445483
Fidelity (MAX_ERROR);Tolerancja_0.01;20;4951;2.0021095577973935e-06;0.0014149592071142523;0.009904327217374664;0.02127751713507587
Fidelity (MAX_ERROR);Tolerancja_0.1;20;4506;2.032562992424602e-05;0.004508395493326425;0.09985569435224129;0.06779521408012301
Fidelity (MAX_ERROR);Tolerancja_1.0;20;238;0.0017342351330875523;0.04164414884575686;0.9997454887888351;0.6262258913091717
Fidelity (MAX_ERROR);Tolerancja_0.01;21;4762;4.197833097763389e-07;0.0006479068681348723;0.009996896712128667;0.011381622859883752
Fidelity (MAX_ERROR);Tolerancja_0.1;21;2627;5.184910549203323e-06;0.0022770398655279013;0.0999963137602311;0.040000207222628266
Fidelity (MAX_ERROR);Tolerancja_1.0;21;17;0.0433069709966213;0.2081032700286598;0.9624377672910214;3.655699687507715
Fidelity (MAX_ERROR);Tolerancja_0.01;22;4793;4.823374200519656e-07;0.0006945051620052694;0.00998518542207627;0.012427267046727484
Fidelity (MAX_ERROR);Tolerancja_0.1;22;2929;5.637825358608211e-06;0.0023744105286593155;0.09995196878214418;0.04248698977702747
Fidelity (MAX_ERROR);Tolerancja_1.0;22;4;0.10820520171634235;0.32894559081456365;0.610024929063663;5.886053732261694
Fidelity (MAX_ERROR);Tolerancja_0.01;23;2766;5.334929057828259e-08;0.00023097465354077835;0.009995631501719338;0.004031523502098196
Fidelity (MAX_ERROR);Tolerancja_0.1;23;19;0.00020732049741418508;0.014398628317106636;0.08806255376738115;0.25131938751081884
Fidelity (MAX_ERROR);Tolerancja_1.0;23;4;0.18919256082779226;0.43496271199700814;0.9921837048277249;7.592012236280798
Fidelity (MAX_ERROR);Tolerancja_0.01;24;4863;7.2861272383784e-07;0.000853588146495627;0.009987921195896199;0.015580516435461576
Fidelity (MAX_ERROR);Tolerancja_0.1;24;3629;7.773714085185375e-06;0.002788138103678757;0.09996652903524517;0.05089179333973576
Fidelity (MAX_ERROR);Tolerancja_1.0;24;6;0.18620868932933113;0.4315190486285989;0.8489876167645667;7.876503038350324
Fidelity (MAX_ERROR);Tolerancja_0.01;25;4940;1.6327942670013543e-06;0.0012778083843054695;0.009938783971535692;0.0212584759605056
Fidelity (MAX_ERROR);Tolerancja_0.1;25;4397;1.674635577818564e-05;0.004092231149163698;0.09988599780324048;0.06808109774347199
Fidelity (MAX_ERROR);Tolerancja_1.0;25;6;0.20805940864989994;0.4561352964306752;0.8978248718261632;7.588572240571187
Fidelity (MAX_ERROR);Tolerancja_0.01;26;4914;1.1364879872750888e-06;0.0010660619059299928;0.009913924763996995;0.019095378404116424
Fidelity (MAX_ERROR);Tolerancja_0.1;26;4133;1.1815256159985038e-05;0.0034373327101089647;0.09994718016269921;0.0615697535342643
Fidelity (MAX_ERROR);Tolerancja_1.0;26;8;0.12822311083216625;0.35808254751127744;0.9760758835293473;6.4140006378643335
Fidelity (MAX_ERROR);Tolerancja_0.01;27;4941;1.6620686814777987e-06;0.001289212426824144;0.009902063497654545;0.022532613963593406
Fidelity (MAX_ERROR);Tolerancja_0.1;27;4405;1.6957589067353666e-05;0.004117959332892163;0.09986169605923667;0.07197292396134544
Fidelity (MAX_ERROR);Tolerancja_1.0;27;9;0.09459351870066297;0.30756059354322846;0.932977150527047;5.375486599826684
Fidelity (MAX_ERROR);Tolerancja_0.01;28;4958;2.3384538896991012e-06;0.0015292004086119978;0.00996959145393328;0.027432960582535935
Fidelity (MAX_ERROR);Tolerancja_0.1;28;4579;2.3860578321478927e-05;0.0048847290939702;0.09993391766804915;0.08762918184993193
Fidelity (MAX_ERROR);Tolerancja_1.0;28;797;0.0007013289724099063;0.02648261641926466;0.9997994230087435;0.4750826433609982
Fidelity (MAX_ERROR);Tolerancja_0.01;29;4788;4.6938616395223576e-07;0.0006851176278218476;0.009979913048308475;0.013363186140880973
Fidelity (MAX_ERROR);Tolerancja_0.1;29;2877;5.553684900893317e-06;0.0023566257447658755;0.09996378475402512;0.045965870987467246
Fidelity (MAX_ERROR);Tolerancja_1.0;29;3;0.2328899227929925;0.48258669976802354;0.842118920594876;9.412830200583391
Fidelity (MAX_ERROR);Tolerancja_0.01;30;4911;1.106022770747174e-06;0.0010516761719974329;0.009920200799205858;0.01825091965196922
Fidelity (MAX_ERROR);Tolerancja_0.1;30;4103;1.1448997398107816e-05;0.003383636711898577;0.09998263806761543;0.05872005414273568
Fidelity (MAX_ERROR);Tolerancja_1.0;30;7;0.16529067055631638;0.4065595535174599;0.9461849072074937;7.055485274421292
Fidelity (MAX_ERROR);Tolerancja_0.01;31;4922;1.262490864884465e-06;0.0011236061876317986;0.009954397589963193;0.020323347634333078
Fidelity (MAX_ERROR);Tolerancja_0.1;31;4217;1.3016311133342657e-05;0.003607812513607471;0.09992759406774887;0.06525669644814137
Fidelity (MAX_ERROR);Tolerancja_1.0;31;5;0.03095628683110632;0.17594398776629544;0.8923101618236249;3.1824057814080273
Fidelity (MAX_ERROR);Tolerancja_0.01;32;4929;1.3832696754051566e-06;0.0011761248553640708;0.009909388034615496;0.018740312762524188
Fidelity (MAX_ERROR);Tolerancja_0.1;32;4284;1.4177127566453762e-05;0.0037652526563902405;0.09993702946904737;0.059995341556518304
Fidelity (MAX_ERROR);Tolerancja_1.0;32;6;0.14394857389419036;0.3794055533254493;0.9153367132936587;6.04542851103721
Fidelity (MAX_ERROR);Tolerancja_0.01;33;4935;1.503741782462947e-06;0.0012262714962286887;0.00988583181493663;0.02235427071495636
Fidelity (MAX_ERROR);Tolerancja_0.1;33;4343;1.5416799651002193e-05;0.003926423264372066;0.09992494419225206;0.07157658712871777
Fidelity (MAX_ERROR);Tolerancja_1.0;33;10;0.01927247106150045;0.13882532572085127;0.9681377217092688;2.5307111213136757
Fidelity (MAX_ERROR);Tolerancja_0.01;34;4911;1.106608293532867e-06;0.0010519545111519163;0.00992282888158158;0.023697249084239067
Fidelity (MAX_ERROR);Tolerancja_0.1;34;4104;1.143484586824182e-05;0.003381544893719706;0.09990028962412545;0.07617564332536075
Fidelity (MAX_ERROR);Tolerancja_1.0;34;4;0.14979495846746255;0.38703353661855006;0.9454465397610372;8.718656580654406
Fidelity (MAX_ERROR);Tolerancja_0.01;35;4778;4.496209919604732e-07;0.0006705378378290618;0.009994310203465417;0.012386156111935496
Fidelity (MAX_ERROR);Tolerancja_0.1;35;2788;5.3767962561872585e-06;0.0023187919820862025;0.09998933490226669;0.04283266038231503
Fidelity (MAX_ERROR);Tolerancja_1.0;35;11;0.23141054964116506;0.4810515041460374;0.8489434305810928;8.885969876845571
Fidelity (MAX_ERROR);Tolerancja_0.01;36;4925;1.318924255276888e-06;0.001148444276086954;0.009944899765182313;0.02119327677363981
Fidelity (MAX_ERROR);Tolerancja_0.1;36;4246;1.3501476512704791e-05;0.003674435536610323;0.09998017249099522;0.06780766897947788
Fidelity (MAX_ERROR);Tolerancja_1.0;36;3;0.1707435125082841;0.41321122021102485;0.9335800722063965;7.625358877440756
Fidelity (MAX_ERROR);Tolerancja_0.01;37;4950;1.923928491779775e-06;0.0013870574940426136;0.009856991374776136;0.027516096165274874
Fidelity (MAX_ERROR);Tolerancja_0.1;37;4493;1.987244001798487e-05;0.004457851502459999;0.09995043350701671;0.08843373195346142
Fidelity (MAX_ERROR);Tolerancja_1.0;37;52;0.0075295726398175574;0.08677311011953852;0.9994686906720682;1.7213830377357477
Fidelity (MAX_ERROR);Tolerancja_0.01;38;4544;2.1969273852408404e-07;0.0004687139197037827;0.009981075099563697;0.008605678717361887
Fidelity (MAX_ERROR);Tolerancja_0.1;38;593;8.11243330765725e-06;0.0028482333660810257;0.09997514843896127;0.05229411850207887
Fidelity (MAX_ERROR);Tolerancja_1.0;38;11;0.1366076082242123;0.3696046647760446;0.8872808203697118;6.786013522941705
Fidelity (MAX_ERROR);Tolerancja_0.01;39;4924;1.2823488554994859e-06;0.0011324084313972084;0.009903817463852604;0.02186712362538119
Fidelity (MAX_ERROR);Tolerancja_0.1;39;4233;1.3282943148952603e-05;0.0036445772249950477;0.09995401029124995;0.07037780586186822
Fidelity (MAX_ERROR);Tolerancja_1.0;39;9;0.13947162868413635;0.37345900535953924;0.8549076806000651;7.211597876512485
Fidelity (MAX_ERROR);Tolerancja_0.01;40;4915;1.1743732441510123e-06;0.0010836850299561272;0.009989898388056417;0.02033727249426826
Fidelity (MAX_ERROR);Tolerancja_0.1;40;4150;1.2020794351387397e-05;0.0034671017220998;0.09990251454737997;0.065066315893046
Fidelity (MAX_ERROR);Tolerancja_1.0;40;5;0.1999147614463768;0.4471182857436909;0.9267790279962167;8.390968005443128
Fidelity (MAX_ERROR);Tolerancja_0.01;41;4900;9.86323748507333e-07;0.000993138333016772;0.009954698246255056;0.018331710414306666
Fidelity (MAX_ERROR);Tolerancja_0.1;41;3996;1.0287361854693207e-05;0.003207391752607281;0.09996068617174902;0.05920320950197302
Fidelity (MAX_ERROR);Tolerancja_1.0;41;8;0.16180966826787735;0.4022557249659442;0.8969057709620278;7.424983224817428
Fidelity (MAX_ERROR);Tolerancja_0.01;42;4921;1.2372486876637885e-06;0.0011123168108339407;0.009885486456026271;0.01985305782193244
Fidelity (MAX_ERROR);Tolerancja_0.1;42;4201;1.278045236697515e-05;0.0035749758554394673;0.09999510891779817;0.06380754267018622
Fidelity (MAX_ERROR);Tolerancja_1.0;42;26;0.010221526000989089;0.10110156280191265;0.9844937515033649;1.804499538840252
Fidelity (MAX_ERROR);Tolerancja_0.01;43;4921;1.263024744973797e-06;0.0011238437369019757;0.009987920686778118;0.019936770670774276
Fidelity (MAX_ERROR);Tolerancja_0.1;43;4210;1.2884973143917322e-05;0.003589564478306153;0.09988373111679749;0.06367818003704308
Fidelity (MAX_ERROR);Tolerancja_1.0;43;15;0.019858981457582883;0.14092189843165923;0.9731778543095482;2.499927240122342
Fidelity (MAX_ERROR);Tolerancja_0.01;44;4919;1.206495780370636e-06;0.0010984060179963673;0.00988459692729915;0.01948405805511674
Fidelity (MAX_ERROR);Tolerancja_0.1;44;4181;1.2472854498894587e-05;0.003531692865878145;0.09995440889394214;0.06264687893565325
Fidelity (MAX_ERROR);Tolerancja_1.0;44;9;0.1527087171882188;0.3907796273965914;0.9928409188494731;6.931838338650886
Fidelity (MAX_ERROR);Tolerancja_0.01;45;4978;4.351796926764017e-06;0.002086096097202623;0.009897704214818948;0.03629056598845748
Fidelity (MAX_ERROR);Tolerancja_0.1;45;4778;4.490545326974206e-05;0.006701153129853254;0.09987732447217512;0.11657595265328606
Fidelity (MAX_ERROR);Tolerancja_1.0;45;2779;0.0005401955165135829;0.02324210654208398;0.9998339867755974;0.40432902506616
Fidelity (MAX_ERROR);Tolerancja_0.01;46;4958;2.250358502046422e-06;0.0015001194959223822;0.009779998718078886;0.02699857048212006
Fidelity (MAX_ERROR);Tolerancja_0.1;46;4571;2.3403294556443e-05;0.0048376951698554755;0.09989602678538656;0.08706696657791639
Fidelity (MAX_ERROR);Tolerancja_1.0;46;711;0.000759814547211894;0.027564733759133136;0.9999458147245299;0.49609941690627585
Fidelity (MAX_ERROR);Tolerancja_0.01;47;4950;1.9373264070187934e-06;0.0013918787328710764;0.009891255004406574;0.024582767062092364
Fidelity (MAX_ERROR);Tolerancja_0.1;47;4495;1.9930547971893986e-05;0.004464364229304548;0.09990422917757158;0.07884769221450309
Fidelity (MAX_ERROR);Tolerancja_1.0;47;145;0.002736057200732661;0.05230733410079949;0.999654985806667;0.9238297701313452
Fidelity (MAX_ERROR);Tolerancja_0.01;48;4843;6.296580143574551e-07;0.0007935099333703738;0.009938628940620475;0.01299615940858039
Fidelity (MAX_ERROR);Tolerancja_0.1;48;3421;6.90329340442892e-06;0.0026274119213455893;0.09996792383939379;0.043031930320995566
Fidelity (MAX_ERROR);Tolerancja_1.0;48;4;0.16803642044651054;0.4099224566262631;0.8768800201561326;6.713737745971232
Fidelity (MAX_ERROR);Tolerancja_0.01;49;4941;1.6793932668787487e-06;0.0012959140661628567;0.009953536757354442;0.02308318953286272
Fidelity (MAX_ERROR);Tolerancja_0.1;49;4408;1.7031193298200136e-05;0.004126886635007089;0.09987458952092965;0.07350927724596149
Fidelity (MAX_ERROR);Tolerancja_1.0;49;13;0.06380828399812957;0.25260301660536355;0.9984723840030512;4.49943669964125
Fidelity (MAX_ERROR);Tolerancja_0.01;50;4865;7.381691279933716e-07;0.0008591676949195492;0.009979690574223543;0.01519905662121201
Fidelity (MAX_ERROR);Tolerancja_0.1;50;3649;7.860545187237665e-06;0.0028036663830130833;0.09993250233091233;0.04959809866500478
Fidelity (MAX_ERROR);Tolerancja_1.0;50;12;0.024209891856581005;0.155595282243971;0.9723502098506578;2.7525493786646904
Fidelity (MAX_ERROR);Tolerancja_0.01;51;4882;8.347271361979337e-07;0.0009136340274956563;0.009943443494392135;0.015948219727665802
Fidelity (MAX_ERROR);Tolerancja_0.1;51;3814;8.830137529819342e-06;0.002971554732765214;0.09994346027988854;0.051870887450227096
Fidelity (MAX_ERROR);Tolerancja_1.0;51;7;0.13055672368563542;0.3613263395957115;0.8490175636768056;6.307243035880685
Fidelity (MAX_ERROR);Tolerancja_0.01;52;4734;3.7457965272483676e-07;0.000612029127350028;0.009979877977396079;0.010992867496431264
Fidelity (MAX_ERROR);Tolerancja_0.1;52;2342;4.947658952733296e-06;0.0022243333726609635;0.09998391189662659;0.03995202342644014
Fidelity (MAX_ERROR);Tolerancja_1.0;52;5;0.21511616950226936;0.4638061766538576;0.8950983309379001;8.33058365385004
Fidelity (MAX_ERROR);Tolerancja_0.01;53;4856;6.888124094172204e-07;0.0008299472329113582;0.009973410796328963;0.01461245329915631
Fidelity (MAX_ERROR);Tolerancja_0.1;53;3558;7.4297131723406285e-06;0.002725750020148698;0.09996954741664954;0.04799087616073927
Fidelity (MAX_ERROR);Tolerancja_1.0;53;10;0.10596447536268898;0.3255218508221667;0.9619846015600126;5.731295502134496
Fidelity (MAX_ERROR);Tolerancja_0.01;54;509;6.44249786639011e-08;0.00025382076090009085;0.009997060419638437;0.004406867265186769
Fidelity (MAX_ERROR);Tolerancja_0.1;54;17;0.00016297221495707964;0.012766057142167258;0.09712676312510471;0.2216458540499967
Fidelity (MAX_ERROR);Tolerancja_1.0;54;3;0.1661373444918746;0.4075994902988405;0.7773744519589032;7.076792476450769
Fidelity (MAX_ERROR);Tolerancja_0.01;55;4898;9.677754263602589e-07;0.0009837557757697074;0.00995820364535227;0.01780971507702198
Fidelity (MAX_ERROR);Tolerancja_0.1;55;3976;1.0106210592823444e-05;0.0031790266738143994;0.09997692524562307;0.057552454254806075
Fidelity (MAX_ERROR);Tolerancja_1.0;55;12;0.16318923852132405;0.40396687800031833;0.9272429453091409;7.313334442291472
Fidelity (MAX_ERROR);Tolerancja_0.01;56;4853;6.722069664850059e-07;0.0008198822881883753;0.00993702397963947;0.01603248169865691
Fidelity (MAX_ERROR);Tolerancja_0.1;56;3521;7.290809957461829e-06;0.002700149987956563;0.09999402381197608;0.052800390847809124
Fidelity (MAX_ERROR);Tolerancja_1.0;56;5;0.21541017938238197;0.46412302181898063;0.8963456142005795;9.075746555862303
Fidelity (MAX_ERROR);Tolerancja_0.01;57;4963;2.623613869358638e-06;0.0016197573489132987;0.009852377838029724;0.027585980256875586
Fidelity (MAX_ERROR);Tolerancja_0.1;57;4625;2.6713183944909634e-05;0.005168479848554083;0.09985543360764915;0.08802403838817469
Fidelity (MAX_ERROR);Tolerancja_1.0;57;1247;0.0005463462453832163;0.023374050684107285;0.9999289695689209;0.398081910927948
Fidelity (MAX_ERROR);Tolerancja_0.01;58;4944;1.7671871731881624e-06;0.0013293559241934277;0.00999219363327608;0.023258285941992692
Fidelity (MAX_ERROR);Tolerancja_0.1;58;4440;1.7999101559078294e-05;0.004242534803519977;0.09992300182015423;0.07422698901273778
Fidelity (MAX_ERROR);Tolerancja_1.0;58;18;0.01853941257475546;0.1361595115104173;0.9948771327814008;2.3822339787237756
Fidelity (MAX_ERROR);Tolerancja_0.01;59;4974;3.752774604669587e-06;0.0019372079404827937;0.009974125853304372;0.0344180994841925
Fidelity (MAX_ERROR);Tolerancja_0.1;59;4740;3.827401362102822e-05;0.006186599520013254;0.09974126020615648;0.10991643865325411
Fidelity (MAX_ERROR);Tolerancja_1.0;59;2394;0.0005005678605165284;0.02237337391893606;0.9997166283270391;0.39750456997768985
Fidelity (MAX_ERROR);Tolerancja_0.01;60;4958;2.2802547369829154e-06;0.0015100512365422954;0.009844749020503585;0.026447684568913773
Fidelity (MAX_ERROR);Tolerancja_0.1;60;4574;2.3518405749009773e-05;0.004849577893900641;0.09985474602716682;0.08493758577619553
Fidelity (MAX_ERROR);Tolerancja_1.0;60;747;0.0007315276701991484;0.0270467682024886;0.9999807644942527;0.4737086906176046
Fidelity (MAX_ERROR);Tolerancja_0.01;61;4951;2.0385802026510547e-06;0.0014277885707103327;0.009994125663553177;0.026346183010230596
Fidelity (MAX_ERROR);Tolerancja_0.1;61;4510;2.0525448605021976e-05;0.0045305020257165735;0.09994150851890282;0.08359881704219435
Fidelity (MAX_ERROR);Tolerancja_1.0;61;123;0.0034279481885194996;0.05854868220993108;0.9997665951786754;1.0803660486953308
Fidelity (MAX_ERROR);Tolerancja_0.01;62;4806;5.129517160830391e-07;0.0007162064758734307;0.009982388676551324;0.013378555958215037
Fidelity (MAX_ERROR);Tolerancja_0.1;62;3058;5.889580254077711e-06;0.0024268457417144815;0.09999973863525113;0.04533286510414186
Fidelity (MAX_ERROR);Tolerancja_1.0;62;5;0.19367028426123334;0.4400798612311558;0.997154343764799;8.220580583810582
Fidelity (MAX_ERROR);Tolerancja_0.01;63;4949;1.905895246387941e-06;0.001380541649638989;0.009858618003609543;0.025870529933541806
Fidelity (MAX_ERROR);Tolerancja_0.1;63;4483;1.9490584719924946e-05;0.004414814233908936;0.09993962749216934;0.08273099462028863
Fidelity (MAX_ERROR);Tolerancja_1.0;63;19;0.02025487815688588;0.1423196337716124;0.9981182424999648;2.666985343457054
Fidelity (MAX_ERROR);Tolerancja_0.01;64;4850;6.604859324178516e-07;0.000812702856164448;0.009966547251190505;0.013691000557565324
Fidelity (MAX_ERROR);Tolerancja_0.1;64;3496;7.179597688266584e-06;0.002679477129640517;0.09998271495892475;0.0451391583007662
Fidelity (MAX_ERROR);Tolerancja_1.0;64;7;0.2077428605600479;0.4557881750989684;0.9622832551928688;7.678324386433523
Fidelity (MAX_ERROR);Tolerancja_0.01;65;4963;2.6212264728321047e-06;0.0016190202200195355;0.00984789445006129;0.027532050247208176
Fidelity (MAX_ERROR);Tolerancja_0.1;65;4625;2.6688876211933988e-05;0.005166127777352588;0.09981029652855167;0.08785195378712016
Fidelity (MAX_ERROR);Tolerancja_1.0;65;1248;0.0005451240735160601;0.023347892271382016;0.9998985226116952;0.3970397251581804
Fidelity (MAX_ERROR);Tolerancja_0.01;66;4925;1.3085064109133093e-06;0.001143899650718239;0.009905549892262222;0.017869036459556807
Fidelity (MAX_ERROR);Tolerancja_0.1;66;4243;1.3459462636591047e-05;0.003668714030364188;0.09998510830863161;0.0573095592144847
Fidelity (MAX_ERROR);Tolerancja_1.0;66;9;0.06236030036670388;0.2497204444307752;0.9685588587539264;3.9009223610029578
Fidelity (MAX_ERROR);Tolerancja_0.01;67;4921;1.2540662759793526e-06;0.0011198510061518686;0.009952432028515368;0.02016882999328473
Fidelity (MAX_ERROR);Tolerancja_0.1;67;4207;1.2852706828788379e-05;0.0035850672000380104;0.09990258700293975;0.06456806349670957
Fidelity (MAX_ERROR);Tolerancja_1.0;67;6;0.18190193853589925;0.42649963486021797;0.9190629357920219;7.681377772970623
Fidelity (MAX_ERROR);Tolerancja_0.01;68;4858;6.968750480647678e-07;0.0008347904216417243;0.009961962554732473;0.016799261861471494
Fidelity (MAX_ERROR);Tolerancja_0.1;68;3575;7.5227813019347085e-06;0.002742768911507987;0.09998124520861662;0.055195282522900034
Fidelity (MAX_ERROR);Tolerancja_1.0;68;5;0.23044259702589376;0.4800443698512605;0.8464728730531341;9.660378060395947
Fidelity (MAX_ERROR);Tolerancja_0.01;69;4951;1.9858811898260407e-06;0.0014092129682294443;0.009864101983890095;0.02475473681085888
Fidelity (MAX_ERROR);Tolerancja_0.1;69;4504;2.0243915931325362e-05;0.004499323941585598;0.09984955561081676;0.07903672653586674
Fidelity (MAX_ERROR);Tolerancja_1.0;69;109;0.003785047823610689;0.06152274232843241;0.9997116811702504;1.080730399562051
Fidelity (MAX_ERROR);Tolerancja_0.01;70;4968;3.067836662713924e-06;0.001751524097097703;0.009986279966642808;0.03065944568059435
Fidelity (MAX_ERROR);Tolerancja_0.1;70;4680;3.122053371915073e-05;0.005587533777897968;0.09986319261893106;0.09780664087682993
Fidelity (MAX_ERROR);Tolerancja_1.0;70;1798;0.0004889939154244405;0.022113206810059016;0.9999197575854013;0.38707926664564446
Fidelity (MAX_ERROR);Tolerancja_0.01;71;4952;2.0171748191491813e-06;0.0014202727974404006;0.009891225017967464;0.02578061108938167
Fidelity (MAX_ERROR);Tolerancja_0.1;71;4515;2.0755756509960436e-05;0.004555848604811231;0.09994278604449569;0.08269718414266054
Fidelity (MAX_ERROR);Tolerancja_1.0;71;163;0.002638986538238398;0.051371067131590696;0.9998013077095917;0.9324810736027863
Fidelity (MAX_ERROR);Tolerancja_0.01;72;4845;6.401836432524818e-07;0.0008001147688003776;0.009957411027502694;0.015186429724511322
Fidelity (MAX_ERROR);Tolerancja_0.1;72;3444;6.9845056671243615e-06;0.0026428215352392527;0.09996000793590909;0.05016158316826346
Fidelity (MAX_ERROR);Tolerancja_1.0;72;3;0.21104216605385878;0.4593932586073274;0.8684307597773895;8.719428399271338
Fidelity (MAX_ERROR);Tolerancja_0.01;73;4044;1.077271922360463e-07;0.0003282182082640241;0.009999737555319577;0.005329932754085718
Fidelity (MAX_ERROR);Tolerancja_0.1;73;21;0.00038700422647090473;0.0196724229944078;0.08706299546659846;0.3194603133832781
Fidelity (MAX_ERROR);Tolerancja_1.0;73;10;0.18897159706289055;0.43470863467717147;0.8850889584398773;7.059229902888058
Fidelity (MAX_ERROR);Tolerancja_0.01;74;4873;7.755848799959138e-07;0.0008806729699473658;0.009922050039798513;0.015896651082494447
Fidelity (MAX_ERROR);Tolerancja_0.1;74;3721;8.255801374636663e-06;0.0028732910354916474;0.09992705674148539;0.05186454746351501
Fidelity (MAX_ERROR);Tolerancja_1.0;74;8;0.11916816582430434;0.3452074243470212;0.9653277298516181;6.231191558268408
Fidelity (MAX_ERROR);Tolerancja_0.01;75;4947;1.8279041060123173e-06;0.0013520000392057382;0.009842254959076868;0.023125528956498376
Fidelity (MAX_ERROR);Tolerancja_0.1;75;4462;1.8714207409376987e-05;0.004325992072273941;0.09990896829640938;0.07399471304137285
Fidelity (MAX_ERROR);Tolerancja_1.0;75;22;0.016614446417081864;0.12889703804619354;0.9979486754608198;2.204742677001152
Fidelity (MAX_ERROR);Tolerancja_0.01;76;4947;1.8367757581019096e-06;0.0013552770041957878;0.009866111641393616;0.02465008832452816
Fidelity (MAX_ERROR);Tolerancja_0.1;76;4463;1.8787206768913834e-05;0.004334421157307379;0.09996614969246309;0.07883544399599021
Fidelity (MAX_ERROR);Tolerancja_1.0;76;50;0.007140468138602218;0.08450129075110166;0.9991796644999456;1.5369288153659086
Fidelity (MAX_ERROR);Tolerancja_0.01;77;4915;1.1501911118349056e-06;0.0010724696321271318;0.00988650995389495;0.01879153183733441
Fidelity (MAX_ERROR);Tolerancja_0.1;77;4141;1.1911502679986532e-05;0.0034513044896077386;0.0999156784081423;0.06047285280065719
Fidelity (MAX_ERROR);Tolerancja_1.0;77;7;0.037500278663205405;0.19364988681433667;0.9839876668160557;3.393082567895446
Fidelity (MAX_ERROR);Tolerancja_0.01;78;3894;9.379435891138172e-08;0.00030625864708017916;0.009996648824156296;0.004945925565153461
Fidelity (MAX_ERROR);Tolerancja_0.1;78;69;2.7547298690046416e-05;0.005248552056524391;0.09991069550603981;0.08476151789962898
Fidelity (MAX_ERROR);Tolerancja_1.0;78;6;0.12670178391523912;0.35595194045719025;0.7887835346879157;5.748447657095194
Fidelity (MAX_ERROR);Tolerancja_0.01;79;4924;1.2887705700346593e-06;0.001135240313781474;0.00992858664093621;0.01990837630999099
Fidelity (MAX_ERROR);Tolerancja_0.1;79;4235;1.3313283500283986e-05;0.003648737247361611;0.09994489618368085;0.06398683458904933
Fidelity (MAX_ERROR);Tolerancja_1.0;79;9;0.0900024294317248;0.30000404902555033;0.840669649534389;5.261082988347193
Fidelity (MAX_ERROR);Tolerancja_0.01;80;4784;4.618982662938583e-07;0.0006796309780269424;0.009992532488113604;0.012191873343145644
Fidelity (MAX_ERROR);Tolerancja_0.1;80;2842;5.484024491830269e-06;0.002341799413235529;0.09995615981775963;0.04200944742705434
Fidelity (MAX_ERROR);Tolerancja_1.0;80;9;0.09486590253310327;0.3080030885122798;0.8867406806539311;5.525255272119937
Fidelity (MAX_ERROR);Tolerancja_0.01;81;4894;9.349422702919222e-07;0.0009669241285085;0.009976829530310205;0.01720732502794764
Fidelity (MAX_ERROR);Tolerancja_0.1;81;3938;9.768427252408868e-06;0.0031254483282257073;0.09995809902082531;0.055620294970602294
Fidelity (MAX_ERROR);Tolerancja_1.0;81;9;0.1666135860638254;0.4081832750907678;0.9578844292310857;7.264005601239128
Fidelity (MAX_ERROR);Tolerancja_0.01;82;4846;6.458781124210705e-07;0.0008036654231837217;0.009985587689050668;0.013929864994808463
Fidelity (MAX_ERROR);Tolerancja_0.1;82;3458;7.040283026081773e-06;0.0026533531664823234;0.09999169073227332;0.04599034663731811
Fidelity (MAX_ERROR);Tolerancja_1.0;82;8;0.19541285243817402;0.4420552594848002;0.907090621967849;7.662106527458
Fidelity (MAX_ERROR);Tolerancja_0.01;83;4941;1.671945537785543e-06;0.001293037330391332;0.009931439635801453;0.025632328022736704
Fidelity (MAX_ERROR);Tolerancja_0.1;83;4406;1.7014339989223573e-05;0.004124844238177191;0.09998773375775993;0.08176821973396138
Fidelity (MAX_ERROR);Tolerancja_1.0;83;4;0.19071583718475754;0.43671024396590186;0.8889934212827191;8.65705881889395
Fidelity (MAX_ERROR);Tolerancja_0.01;84;4925;1.3011849016636928e-06;0.001140694920504029;0.009877797365340335;0.021245777400448543
Fidelity (MAX_ERROR);Tolerancja_0.1;84;4241;1.3420882976447874e-05;0.003663452330309195;0.09996703779821381;0.06823287395065485
Fidelity (MAX_ERROR);Tolerancja_1.0;84;4;0.14055314874432698;0.37490418608536097;0.8452637844247635;6.982700405596999
Fidelity (MAX_ERROR);Tolerancja_0.01;85;4947;1.837239351852046e-06;0.0013554480262452139;0.009867355817895884;0.025329545733607673
Fidelity (MAX_ERROR);Tolerancja_0.1;85;4463;1.879194718969142e-05;0.004334967957170089;0.09997789196781692;0.08100846878580294
Fidelity (MAX_ERROR);Tolerancja_1.0;85;30;0.012050850751058004;0.10977636699699077;0.999083020368043;2.0514143327370506
Fidelity (MAX_ERROR);Tolerancja_0.01;86;4949;1.9495886891498756e-06;0.0013962767237012425;0.009970984358846025;0.025256539207046878
Fidelity (MAX_ERROR);Tolerancja_0.1;86;4489;1.9701985500673282e-05;0.004438691868182932;0.09990590539530508;0.0802892387259686
Fidelity (MAX_ERROR);Tolerancja_1.0;86;42;0.009197539849145436;0.0959038051859541;0.9992146802425461;1.7347551346149255
Fidelity (MAX_ERROR);Tolerancja_0.01;87;4917;1.197037543746771e-06;0.0010940921093522112;0.009966524696415568;0.01963093776396324
Fidelity (MAX_ERROR);Tolerancja_0.1;87;4168;1.226965596180184e-05;0.0035028068690411466;0.09990611595192522;0.06284972083935697
Fidelity (MAX_ERROR);Tolerancja_1.0;87;3;0.18180135801312608;0.42638170459475166;0.8613710102118324;7.650427815943203
Fidelity (MAX_ERROR);Tolerancja_0.01;88;4743;3.8902763306617876e-07;0.0006237207973654388;0.009988153490908758;0.01080708908593671
Fidelity (MAX_ERROR);Tolerancja_0.1;88;2428;5.028862604860114e-06;0.0022425125651509992;0.09998950188386235;0.03885557956426449
Fidelity (MAX_ERROR);Tolerancja_1.0;88;4;0.14809399864958714;0.384829830768857;0.7247461434208624;6.667871716979619
Fidelity (MAX_ERROR);Tolerancja_0.01;89;76;3.8805561413323836e-07;0.000622941100051392;0.009978748690819828;0.013098584438267368
Fidelity (MAX_ERROR);Tolerancja_0.1;89;17;0.0005966823237158446;0.024427081768312903;0.07757886070495967;0.5136283239239016
Fidelity (MAX_ERROR);Tolerancja_1.0;89;6;0.15796990225856558;0.39745427694083957;0.944917519162352;8.357272311026827
Fidelity (MAX_ERROR);Tolerancja_0.01;90;4752;4.0206271712784686e-07;0.0006340841561873683;0.009985871109818412;0.010189323660030506
Fidelity (MAX_ERROR);Tolerancja_0.1;90;2527;5.074075673368034e-06;0.002252570903072317;0.09997328909765368;0.03619736240782021
Fidelity (MAX_ERROR);Tolerancja_1.0;90;11;0.029542044435290325;0.17187799287660513;0.9460131037572665;2.761968553175207
Fidelity (MAX_ERROR);Tolerancja_0.01;91;4689;3.2096700568737733e-07;0.0005665395005534718;0.009975945941578246;0.010845316697209348
Fidelity (MAX_ERROR);Tolerancja_0.1;91;1923;4.746690236073354e-06;0.0021786900275333693;0.09999415339711026;0.04170685946975908
Fidelity (MAX_ERROR);Tolerancja_1.0;91;12;0.02167955012981183;0.14723977088345333;0.9870607094727313;2.8186241984814226
Fidelity (MAX_ERROR);Tolerancja_0.01;92;2761;5.3564036006896516e-08;0.00023143905462755528;0.009995939991560121;0.004031296121705049
Fidelity (MAX_ERROR);Tolerancja_0.1;92;13;0.0007813312920503918;0.027952303877326317;0.08740125773466989;0.48688417948614604
Fidelity (MAX_ERROR);Tolerancja_1.0;92;5;0.20873780302046102;0.4568783240869072;0.8793316755535923;7.958085634883873
Fidelity (MAX_ERROR);Tolerancja_0.01;93;4741;3.8578269968386677e-07;0.0006211140794442409;0.009984848802909063;0.010289050605559374
Fidelity (MAX_ERROR);Tolerancja_0.1;93;2407;5.015625920630101e-06;0.002239559313934351;0.09997002076194583;0.03709936689221517
Fidelity (MAX_ERROR);Tolerancja_1.0;93;4;0.08979294030660907;0.2996547017929288;0.7614852799536731;4.963922881445535
Fidelity (MAX_ERROR);Tolerancja_0.01;94;4961;2.556385321808991e-06;0.001598870014043978;0.009984691423403191;0.03162603591835577
Fidelity (MAX_ERROR);Tolerancja_0.1;94;4610;2.5657993506939693e-05;0.005065372000844528;0.09984795837260663;0.100194284357963
Fidelity (MAX_ERROR);Tolerancja_1.0;94;1105;0.0005766813342456999;0.024014190268374654;0.999822666404409;0.4750064966550535
Fidelity (MAX_ERROR);Tolerancja_0.01;95;4823;5.653792053016469e-07;0.0007519170202234067;0.009998543231309664;0.01418063840582957
Fidelity (MAX_ERROR);Tolerancja_0.1;95;3232;6.301427643435933e-06;0.0025102644568722105;0.0999805269424403;0.04734186300947741
Fidelity (MAX_ERROR);Tolerancja_1.0;95;8;0.11049034559829297;0.3324008808626911;0.969831666040311;6.268852241025949
Fidelity (MAX_ERROR);Tolerancja_0.01;96;4736;3.7807027823545287e-07;0.0006148741970805515;0.0099886689529054;0.01106204800968235
Fidelity (MAX_ERROR);Tolerancja_0.1;96;2361;4.973093626776729e-06;0.002230043413652911;0.09999185010395628;0.040120153720278294
Fidelity (MAX_ERROR);Tolerancja_1.0;96;2;0.3603091973926784;0.6002576091918189;0.9586978327242832;10.799084629968892
Fidelity (MAX_ERROR);Tolerancja_0.01;97;4968;3.0072047280427226e-06;0.0017341293861885632;0.009887104215880349;0.030853633975664582
Fidelity (MAX_ERROR);Tolerancja_0.1;97;4677;3.094104471640493e-05;0.005562467502503267;0.0997982018989152;0.09896743443173699
Fidelity (MAX_ERROR);Tolerancja_1.0;97;1765;0.0004906674420284639;0.02215101446951051;0.999945611985706;0.39411089972591723
Fidelity (MAX_ERROR);Tolerancja_0.01;98;4909;1.0900854554609596e-06;0.0010440715758323084;0.00995845264396511;0.01850327244940163
Fidelity (MAX_ERROR);Tolerancja_0.1;98;4087;1.1243858052664944e-05;0.0033531862537987574;0.09991415036528206;0.05942592468161593
Fidelity (MAX_ERROR);Tolerancja_1.0;98;10;0.05567000958053891;0.23594492912656315;0.9597754501242663;4.181469362580132
Fidelity (MAX_ERROR);Tolerancja_0.01;99;4965;2.7033152067915086e-06;0.0016441761483464929;0.009726882837012951;0.028686862475773775
Fidelity (MAX_ERROR);Tolerancja_0.1;99;4641;2.7845342908599856e-05;0.0052768686650891605;0.09977155696080953;0.09206848417693479
Fidelity (MAX_ERROR);Tolerancja_1.0;99;1414;0.0005163627414589989;0.022723616381619342;0.9997206525535995;0.3964716668267709
Fidelity (MAX_ERROR);Tolerancja_0.01;100;4777;4.4578597713298914e-07;0.0006676720580741634;0.009962324619734453;0.011335124216538482
Fidelity (MAX_ERROR);Tolerancja_0.1;100;2763;5.381028523392819e-06;0.0023197044043137952;0.09995635401973058;0.039381815144984816
Fidelity (MAX_ERROR);Tolerancja_1.0;100;2;0.20080045449633493;0.4481076371769789;0.8680356811482293;7.60756073038541
Fidelity (MAX_ERROR);Tolerancja_0.01;101;4933;1.4529116333387978e-06;0.0012053678415068147;0.009865636545201006;0.02102903641741384
Fidelity (MAX_ERROR);Tolerancja_0.1;101;4321;1.494956573574695e-05;0.0038664668284813914;0.09998582512330856;0.06745498672107894
Fidelity (MAX_ERROR);Tolerancja_1.0;101;13;0.08118139414906468;0.284923488236868;0.9025127068005387;4.970819864266145
Fidelity (MAX_ERROR);Tolerancja_0.01;102;4949;1.895498381908209e-06;0.0013767709983538326;0.009831691869977455;0.026165543352899428
Fidelity (MAX_ERROR);Tolerancja_0.1;102;4482;1.940334409539063e-05;0.0044049227116251;0.09986002846676456;0.08371558982213291
Fidelity (MAX_ERROR);Tolerancja_1.0;102;44;0.008487857367162217;0.09212956836522256;0.9990874818718378;1.7509231513639196
Fidelity (MAX_ERROR);Tolerancja_0.01;103;4907;1.0543571960723023e-06;0.0010268189694743188;0.009900895180893876;0.018321756955459716
Fidelity (MAX_ERROR);Tolerancja_0.1;103;4061;1.096246680654183e-05;0.0033109616135711738;0.09998887975420434;0.059078217072444705
Fidelity (MAX_ERROR);Tolerancja_1.0;103;11;0.14968015510260316;0.38688519628257056;0.967322277476864;6.903277740947372
Fidelity (MAX_ERROR);Tolerancja_0.01;104;4123;1.1669623213764043e-07;0.0003416083022083047;0.009990627959230558;0.0059143586460341365
Fidelity (MAX_ERROR);Tolerancja_0.1;104;39;5.3147297473629406e-05;0.007290219302162961;0.09899123142629485;0.12621757516578372
Fidelity (MAX_ERROR);Tolerancja_1.0;104;9;0.22978079450331051;0.4793545603238906;0.8916638656786047;8.299197560598902
Fidelity (MAX_ERROR);Tolerancja_0.01;105;4945;1.787730998543527e-06;0.0013370605814784634;0.009915414619913854;0.02122647232481349
Fidelity (MAX_ERROR);Tolerancja_0.1;105;4446;1.8172818007395274e-05;0.004262958832477189;0.09987652267796765;0.06767649793350353
Fidelity (MAX_ERROR);Tolerancja_1.0;105;23;0.014236269013306864;0.1193158372275318;0.9997752662941748;1.894195634742037
Fidelity (MAX_ERROR);Tolerancja_0.01;106;4931;1.4132290656498237e-06;0.0011887931130561884;0.009874086846717312;0.021198341930569378
Fidelity (MAX_ERROR);Tolerancja_0.1;106;4302;1.4516760990989992e-05;0.0038100867432369558;0.09988867368823051;0.0679407717635802
Fidelity (MAX_ERROR);Tolerancja_1.0;106;11;0.02206472555097484;0.14854199928294637;0.9819722613356001;2.6487738339559663
Fidelity (MAX_ERROR);Tolerancja_0.01;107;4656;2.9016202730019175e-07;0.0005386668982777685;0.009978966736292172;0.009562364346921237
Fidelity (MAX_ERROR);Tolerancja_0.1;107;1576;4.958849392865083e-06;0.0022268474112217664;0.09997680536523923;0.03953078676113576
Fidelity (MAX_ERROR);Tolerancja_1.0;107;5;0.04046084989038942;0.2011488252274654;0.417922810327096;3.5707751133955092
Fidelity (MAX_ERROR);Tolerancja_0.01;108;4926;1.3271766681483259e-06;0.0011520315395631866;0.009942923490470434;0.02156691103454015
Fidelity (MAX_ERROR);Tolerancja_0.1;108;4256;1.3672426107214775e-05;0.0036976243869834553;0.0999734183227492;0.06922235499164849
Fidelity (MAX_ERROR);Tolerancja_1.0;108;19;0.012602497611655133;0.11226084629849863;0.985579101673288;2.1016088549970746
Fidelity (MAX_ERROR);Tolerancja_0.01;109;4971;3.3372790496836614e-06;0.0018268221176906256;0.00983760243498022;0.031959472779376684
Fidelity (MAX_ERROR);Tolerancja_0.1;109;4706;3.3870677332819185e-05;0.005819852002656011;0.09973313546603002;0.10181582533827462
Fidelity (MAX_ERROR);Tolerancja_1.0;109;2054;0.00048643017713003047;0.02205516214245614;0.9996741041412882;0.3858456427206105
Fidelity (MAX_ERROR);Tolerancja_0.01;110;4828;5.795204804453979e-07;0.0007612624254784928;0.009993689231615477;0.013824226263305272
Fidelity (MAX_ERROR);Tolerancja_0.1;110;3282;6.435141588559412e-06;0.002536758086329757;0.09995876671378046;0.046066529211197235
Fidelity (MAX_ERROR);Tolerancja_1.0;110;9;0.2126194964479624;0.46110681674419257;0.9841650630162997;8.37351845156089
Fidelity (MAX_ERROR);Tolerancja_0.01;111;4655;2.8981923730393545e-07;0.0005383486206018694;0.009979858631964156;0.00999496862623644
Fidelity (MAX_ERROR);Tolerancja_0.1;111;1549;5.034294899244122e-06;0.002243723445356874;0.09999449538281269;0.04165692004043972
Fidelity (MAX_ERROR);Tolerancja_1.0;111;3;0.19377543618995074;0.4401993141634261;0.8612728948264534;8.17273076586567
Fidelity (MAX_ERROR);Tolerancja_0.01;112;4939;1.616701496417206e-06;0.0012714957712934816;0.009930092960557246;0.02230616744430741
Fidelity (MAX_ERROR);Tolerancja_0.1;112;4386;1.6462140792866856e-05;0.004057356379820099;0.09995336228427121;0.07117921493158175
Fidelity (MAX_ERROR);Tolerancja_1.0;112;13;0.099142253296731;0.3148686286322139;0.8776960772164353;5.523818884654763
Fidelity (MAX_ERROR);Tolerancja_0.01;113;4949;1.9012017535401229e-06;0.0013788407281263935;0.009846472172394982;0.021728204883755587
Fidelity (MAX_ERROR);Tolerancja_0.1;113;4483;1.944258990396471e-05;0.0044093752283021585;0.09981719672600775;0.06948431854061357
Fidelity (MAX_ERROR);Tolerancja_1.0;113;52;0.0073813652829510775;0.08591487230364181;0.9990700563205372;1.3538735184533268
Fidelity (MAX_ERROR);Tolerancja_0.01;114;4941;1.6453656321631246e-06;0.0012827180641758829;0.009852180944892375;0.02296880860578089
Fidelity (MAX_ERROR);Tolerancja_0.1;114;4402;1.685939093518694e-05;0.004106018866881513;0.09985831452385074;0.07352384293872016
Fidelity (MAX_ERROR);Tolerancja_1.0;114;7;0.18289003235349235;0.42765644196421543;0.924023997892454;7.657769262660384
Fidelity (MAX_ERROR);Tolerancja_0.01;115;4947;1.8492154222111364e-06;0.0013598586037567055;0.009899463196867408;0.027713766952702352
Fidelity (MAX_ERROR);Tolerancja_0.1;115;4465;1.8842650969851093e-05;0.004340812247707921;0.0999289833869681;0.08846527034948738
Fidelity (MAX_ERROR);Tolerancja_1.0;115;9;0.061099067684032705;0.2471822560056298;0.9495443855896144;5.037546858812126
Fidelity (MAX_ERROR);Tolerancja_0.01;116;4938;1.592318176179746e-06;0.0012618709031353983;0.009975673920203043;0.024882977046566293
Fidelity (MAX_ERROR);Tolerancja_0.1;116;4379;1.6283649350490025e-05;0.004035300403995968;0.09992270404364767;0.07957255142276419
Fidelity (MAX_ERROR);Tolerancja_1.0;116;34;0.00798084245261022;0.08933556096320334;0.9940946248820084;1.7616181713724737
Fidelity (MAX_ERROR);Tolerancja_0.01;117;4857;6.975920485040947e-07;0.000835219760604414;0.009984420730139831;0.01457931019357616
Fidelity (MAX_ERROR);Tolerancja_0.1;117;3568;7.49046990100183e-06;0.0027368722843789826;0.09998990516016981;0.04777390559496263
Fidelity (MAX_ERROR);Tolerancja_1.0;117;5;0.22358583820685846;0.47284864196363985;0.8971849154993263;8.253884008695357
Fidelity (MAX_ERROR);Tolerancja_0.01;118;3726;8.262795188963007e-08;0.0002874507816820648;0.009993043081991004;0.004954749006842655
Fidelity (MAX_ERROR);Tolerancja_0.1;118;28;6.309434735029992e-05;0.00794319503413456;0.09904895378057965;0.13691574424057767
Fidelity (MAX_ERROR);Tolerancja_1.0;118;8;0.15564843863572084;0.39452305209673216;0.8037567237388519;6.80033878883267
Fidelity (MAX_ERROR);Tolerancja_0.01;119;4968;3.015435554452317e-06;0.0017365009514688774;0.009900626449245387;0.028762794327315325
Fidelity (MAX_ERROR);Tolerancja_0.1;119;4677;3.102573229185912e-05;0.005570074711515018;0.09993551105660803;0.09226076909406065
Fidelity (MAX_ERROR);Tolerancja_1.0;119;1774;0.000488749080003633;0.02210767016226796;0.999920954693776;0.36618371524389903
Fidelity (MAX_ERROR);Tolerancja_0.01;120;4927;1.3440303822270138e-06;0.0011593232432014005;0.009904394068940725;0.0214046318015725
Fidelity (MAX_ERROR);Tolerancja_0.1;120;4263;1.3814553474814081e-05;0.0037167934398906377;0.09999381455047907;0.06862330720090498
Fidelity (MAX_ERROR);Tolerancja_1.0;120;6;0.24928043015028742;0.49927991162301677;0.9017366569274978;9.218225147199757
Fidelity (MAX_ERROR);Tolerancja_0.01;121;4934;1.467251115613884e-06;0.001211301414022903;0.00987745131552309;0.022976129669801566
Fidelity (MAX_ERROR);Tolerancja_0.1;121;4332;1.5173482391818241e-05;0.003895315441888916;0.09997294806205037;0.07388687213728284
Fidelity (MAX_ERROR);Tolerancja_1.0;121;4;0.17051107401967855;0.4129298657395449;0.8815262998285514;7.8325097535023165
Fidelity (MAX_ERROR);Tolerancja_0.01;122;4850;6.569278821073003e-07;0.0008105108772294794;0.009939641332624483;0.014136935477007204
Fidelity (MAX_ERROR);Tolerancja_0.1;122;3492;7.163058163743416e-06;0.002676389015771701;0.09995085390113978;0.0466815929191076
Fidelity (MAX_ERROR);Tolerancja_1.0;122;8;0.10466248597617209;0.3235158202873116;0.8352132124881608;5.6427648359589915
Fidelity (MAX_ERROR);Tolerancja_0.01;123;4826;5.701869594466033e-07;0.000755107250294025;0.009970012933346872;0.014552107071245154
Fidelity (MAX_ERROR);Tolerancja_0.1;123;3257;6.372547001509651e-06;0.0025243904217671347;0.0999443818838639;0.04864898289994837
Fidelity (MAX_ERROR);Tolerancja_1.0;123;5;0.22667295569839907;0.4761018333281222;0.9022915267081508;9.175232859582797
Fidelity (MAX_ERROR);Tolerancja_0.01;124;4917;1.1876673831828994e-06;0.0010898015338504986;0.00992745629819236;0.0203384419533403
Fidelity (MAX_ERROR);Tolerancja_0.1;124;4165;1.2227294510861233e-05;0.0034967548542700604;0.09989016778944748;0.06525825429640912
Fidelity (MAX_ERROR);Tolerancja_1.0;124;26;0.00814513513878939;0.09025040243006892;0.9825737178341019;1.6842998601811143
Fidelity (MAX_ERROR);Tolerancja_0.01;125;4912;1.106731643894071e-06;0.0010520131386508778;0.009895670312748628;0.017036339328590434
Fidelity (MAX_ERROR);Tolerancja_0.1;125;4111;1.1543264597956387e-05;0.0033975380200898984;0.0999716973691509;0.05501985523324103
Fidelity (MAX_ERROR);Tolerancja_1.0;125;6;0.09310658518840215;0.3051337168986773;0.6535208394182797;4.941346596057152
Fidelity (MAX_ERROR);Tolerancja_0.01;126;4933;1.4853343598100147e-06;0.0012187429424657256;0.009975104548461289;0.021669528233064457
Fidelity (MAX_ERROR);Tolerancja_0.1;126;4329;1.5097613696326592e-05;0.0038855647847290606;0.0999000727389232;0.06908623046771432
Fidelity (MAX_ERROR);Tolerancja_1.0;126;5;0.16872241797366574;0.41075834498359953;0.9633375517908429;7.303377310707389
Fidelity (MAX_ERROR);Tolerancja_0.01;127;4761;4.184653015102282e-07;0.0006468889406306373;0.009991345247613914;0.01221436169597692
Fidelity (MAX_ERROR);Tolerancja_0.1;127;2611;5.187817523510801e-06;0.0022776780991858358;0.0999861699154092;0.043006430289779775
Fidelity (MAX_ERROR);Tolerancja_1.0;127;5;0.21482426887531764;0.4634913902925465;0.8936431188544915;8.75150451402886
Fidelity (MAX_ERROR);Tolerancja_0.01;128;4947;1.8328339935809907e-06;0.0013538219947914092;0.00985551778070537;0.023887716560336534
Fidelity (MAX_ERROR);Tolerancja_0.1;128;4463;1.8746889906298276e-05;0.00432976788134171;0.09985701998535923;0.07639724300496045
Fidelity (MAX_ERROR);Tolerancja_1.0;128;20;0.0226049366592532;0.15034938197163697;0.9907793673592096;2.652862366971367
Fidelity (MAX_ERROR);Tolerancja_0.01;129;4748;3.9594912605517504e-07;0.0006292448856011267;0.0099885034998346;0.011445059606294895
Fidelity (MAX_ERROR);Tolerancja_0.1;129;2479;5.067504161451343e-06;0.002251111761208524;0.09997864556805514;0.040944485806746304
Fidelity (MAX_ERROR);Tolerancja_1.0;129;8;0.18564234221966414;0.4308623239732898;0.9650719981406555;7.836766087133397
Fidelity (MAX_ERROR);Tolerancja_0.01;130;4598;2.494019866280714e-07;0.0004994016285797148;0.009993075511414595;0.008752622396657866
Fidelity (MAX_ERROR);Tolerancja_0.1;130;1030;5.861846921995725e-06;0.002421125135550768;0.09997499068599947;0.04243316976518513
Fidelity (MAX_ERROR);Tolerancja_1.0;130;8;0.11458651528650235;0.3385063002168532;0.8912116183370404;5.9327356082398
Fidelity (MAX_ERROR);Tolerancja_0.01;131;4710;3.430303473329601e-07;0.0005856879265726416;0.009968808501331416;0.009918435213090729
Fidelity (MAX_ERROR);Tolerancja_0.1;131;2095;4.864944582195821e-06;0.0022056619374228276;0.09996999486034142;0.0373521700478406
Fidelity (MAX_ERROR);Tolerancja_1.0;131;9;0.15573222733617967;0.3946292276760297;0.9071383550250012;6.682918070040278
Fidelity (MAX_ERROR);Tolerancja_0.01;132;4811;5.286091490706024e-07;0.0007270551210675862;0.009989483633290774;0.014666879050423784
Fidelity (MAX_ERROR);Tolerancja_0.1;132;3109;6.006489649896005e-06;0.002450814079014564;0.09995269369346271;0.04944025924636997
Fidelity (MAX_ERROR);Tolerancja_1.0;132;4;0.1737758632618499;0.41686432236622256;0.7414610153198673;8.409401735049324
Fidelity (MAX_ERROR);Tolerancja_0.01;133;4945;1.780388277923201e-06;0.0013343119117819496;0.009895033519977225;0.023541716520253355
Fidelity (MAX_ERROR);Tolerancja_0.1;133;4445;1.8148236836202627e-05;0.004260074745377436;0.09985381072783284;0.07516194011700857
Fidelity (MAX_ERROR);Tolerancja_1.0;133;63;0.0053956149059511144;0.07345484943794463;0.9986038013431378;1.295988761875473
Fidelity (MAX_ERROR);Tolerancja_0.01;134;4954;2.1502917392758966e-06;0.0014663873087543743;0.009999679364400826;0.028012977011005302
Fidelity (MAX_ERROR);Tolerancja_0.1;134;4540;2.186620599965673e-05;0.004676131520782615;0.09999788870202941;0.08932999079444597
Fidelity (MAX_ERROR);Tolerancja_1.0;134;430;0.001105699213258372;0.03325205577491972;0.9999031126114399;0.635227179361466
Fidelity (MAX_ERROR);Tolerancja_0.01;135;4853;6.770355741862856e-07;0.0008228217147026965;0.009972663016847072;0.015174971754662822
Fidelity (MAX_ERROR);Tolerancja_0.1;135;3527;7.308666990238588e-06;0.002703454639944711;0.09995961097373307;0.04985873253964418
Fidelity (MAX_ERROR);Tolerancja_1.0;135;8;0.053941861870948016;0.23225387374799158;0.9881896966807853;4.283365291726966
Fidelity (MAX_ERROR);Tolerancja_0.01;136;4961;2.468182728286368e-06;0.001571045107018372;0.009810928633095184;0.02590498483630453
Fidelity (MAX_ERROR);Tolerancja_0.1;136;4603;2.525466243176582e-05;0.005025401718446578;0.09987064268221824;0.08286391952155131
Fidelity (MAX_ERROR);Tolerancja_1.0;136;1030;0.0006003357087244446;0.02450174909520634;0.9998337087753786;0.4040096849789787
Fidelity (MAX_ERROR);Tolerancja_0.01;137;4796;4.868025608037106e-07;0.0006977123768457247;0.009970764293142587;0.011233744114498812
Fidelity (MAX_ERROR);Tolerancja_0.1;137;2955;5.690646320302981e-06;0.0023855075603114277;0.09995744246957639;0.03840863714772028
Fidelity (MAX_ERROR);Tolerancja_1.0;137;3;0.21687084145447297;0.4656939353851121;0.966206644971316;7.498056046305535
Fidelity (MAX_ERROR);Tolerancja_0.01;138;2134;4.7854954622341145e-08;0.00021875775328509192;0.009999669187247484;0.0038864004995710503
Fidelity (MAX_ERROR);Tolerancja_0.1;138;11;0.0006756862887357757;0.02599396639098727;0.04751470972896943;0.46180289590060714
Fidelity (MAX_ERROR);Tolerancja_1.0;138;8;0.1687445711229093;0.41078531025696297;0.8233145797439119;7.297918409861031
Fidelity (MAX_ERROR);Tolerancja_0.01;139;2101;4.7214706304956864e-08;0.00021728945281572427;0.009999647418576174;0.0039508051416479815
Fidelity (MAX_ERROR);Tolerancja_0.1;139;18;0.00011580277602034044;0.010761169825829366;0.09594335764576112;0.1956619823332591
Fidelity (MAX_ERROR);Tolerancja_1.0;139;3;0.3111630501735419;0.5578199083696654;0.8882991399993374;10.142405595588107
Fidelity (MAX_ERROR);Tolerancja_0.01;140;4953;2.114186975704131e-06;0.0014540244068460926;0.009967929405413578;0.022946241025406256
Fidelity (MAX_ERROR);Tolerancja_0.1;140;4529;2.1341298175835444e-05;0.004619664292547181;0.09989375088248931;0.07290381771732593
Fidelity (MAX_ERROR);Tolerancja_1.0;140;361;0.0012576234107753506;0.03546298648979455;0.9999662760138524;0.5596482642548142
Fidelity (MAX_ERROR);Tolerancja_0.01;141;4823;5.624264157835736e-07;0.000749950942251274;0.009972347296033135;0.014096200995010051
Fidelity (MAX_ERROR);Tolerancja_0.1;141;3226;6.294853662711958e-06;0.0025089546952290626;0.09999788520850483;0.0471587242295554
Fidelity (MAX_ERROR);Tolerancja_1.0;141;6;0.1998888818177876;0.4470893443348741;0.9705512770698865;8.403564693915735
Fidelity (MAX_ERROR);Tolerancja_0.01;142;4902;1.0049086066785126e-06;0.0010024512989060927;0.009947622365324982;0.017109516230277108
Fidelity (MAX_ERROR);Tolerancja_0.1;142;4015;1.048583380929865e-05;0.0032381837207451107;0.09998793891400748;0.05526827785765348
Fidelity (MAX_ERROR);Tolerancja_1.0;142;1;0.3443057245390529;0.5867757020694133;0.9017095018089503;10.014898887401554
Fidelity (MAX_ERROR);Tolerancja_0.01;143;2308;4.687389943730295e-08;0.0002165038092905133;0.009997795170858303;0.0039277456004074476
Fidelity (MAX_ERROR);Tolerancja_0.1;143;40;7.256527743765361e-05;0.008518525543640378;0.09932119603793232;0.15454047360938533
Fidelity (MAX_ERROR);Tolerancja_1.0;143;9;0.1280849919859731;0.3578896366004094;0.9550724049808972;6.492723847193171
Fidelity (MAX_ERROR);Tolerancja_0.01;144;4966;2.796854168530475e-06;0.001672379791952317;0.00982388800066758;0.029954717740774947
Fidelity (MAX_ERROR);Tolerancja_0.1;144;4654;2.8957913943580393e-05;0.005381255796148367;0.09997261187052953;0.09638599990278374
Fidelity (MAX_ERROR);Tolerancja_1.0;144;1540;0.0005055439944882813;0.022484305514920432;0.9999253934726848;0.40272612030939575
Fidelity (MAX_ERROR);Tolerancja_0.01;145;4961;2.525902775452513e-06;0.0015893088986891483;0.009924983648425645;0.029343129131295952
Fidelity (MAX_ERROR);Tolerancja_0.1;145;4608;2.5483542078594147e-05;0.00504812262911611;0.09975974809296506;0.09320259535383336
Fidelity (MAX_ERROR);Tolerancja_1.0;145;1081;0.0005835257785304637;0.024156278242528664;0.9997526422592307;0.44599309321596586
Fidelity (MAX_ERROR);Tolerancja_0.01;146;4623;2.653972691402312e-07;0.0005151672244429291;0.009979315094537977;0.00946669660189085
Fidelity (MAX_ERROR);Tolerancja_0.1;146;1223;5.515074570681287e-06;0.002348419589996917;0.09999942403661732;0.04315448401531721
Fidelity (MAX_ERROR);Tolerancja_1.0;146;9;0.15990761162849873;0.3998844978596929;0.9287318363951451;7.348264869005765
Fidelity (MAX_ERROR);Tolerancja_0.01;147;4691;3.242412291805266e-07;0.0005694218376393081;0.00999451538721452;0.009599346792904395
Fidelity (MAX_ERROR);Tolerancja_0.1;147;1944;4.756977361744487e-06;0.0021810496009363215;0.09997950458489235;0.03676826231096444
Fidelity (MAX_ERROR);Tolerancja_1.0;147;7;0.11865008971271204;0.34445622321669855;0.8816701515279446;5.806863248061209
Fidelity (MAX_ERROR);Tolerancja_0.01;148;3445;6.973110958159384e-08;0.00026406648704747416;0.00999928091633251;0.004808309673617019
Fidelity (MAX_ERROR);Tolerancja_0.1;148;20;9.617863679609127e-05;0.009807070755128223;0.09644053393490015;0.17857409211208217
Fidelity (MAX_ERROR);Tolerancja_1.0;148;6;0.22711055103011923;0.476561172390407;0.941998748631752;8.677563445841962
Fidelity (MAX_ERROR);Tolerancja_0.01;149;4980;4.696019808064077e-06;0.002167030181622784;0.009814652473618679;0.03762673472796205
Fidelity (MAX_ERROR);Tolerancja_0.1;149;4797;4.895253990254961e-05;0.006996609171773825;0.09961876866512487;0.12148402894158936
Fidelity (MAX_ERROR);Tolerancja_1.0;149;2963;0.00057066208502738;0.023888534593553033;0.9996784817225244;0.4147831266098293
Fidelity (MAX_ERROR);Tolerancja_0.01;150;4895;9.392969219240188e-07;0.0009691733188259047;0.009929274646631736;0.018846347066448124
Fidelity (MAX_ERROR);Tolerancja_0.1;150;3943;9.815625553733403e-06;0.0031329898745022147;0.09995950465054859;0.06092348332707556
Fidelity (MAX_ERROR);Tolerancja_1.0;150;3;0.16580006491953458;0.40718554114744127;0.8324656703991762;7.9180471437252455
Fidelity (MAX_ERROR);Tolerancja_0.01;151;4808;5.153743646200564e-07;0.0007178957895266251;0.009954463714840323;0.011257198738302028
Fidelity (MAX_ERROR);Tolerancja_0.1;151;3073;5.921484484631126e-06;0.002433410052710214;0.0999568741348007;0.03815787886596169
Fidelity (MAX_ERROR);Tolerancja_1.0;151;2;0.16816142183456054;0.41007489783521317;0.9241649719209413;6.430312992313055
Fidelity (MAX_ERROR);Tolerancja_0.01;152;4929;1.3800090011189536e-06;0.0011747378435714726;0.009897698241303488;0.018551788203544885
Fidelity (MAX_ERROR);Tolerancja_0.1;152;4283;1.4174386213702004e-05;0.0037648886057494455;0.09995483434464969;0.05945617263121193
Fidelity (MAX_ERROR);Tolerancja_1.0;152;5;0.18728270511976639;0.43276171863944524;0.9329384228437752;6.8342939582099245
Fidelity (MAX_ERROR);Tolerancja_0.01;153;4888;8.859061706347697e-07;0.0009412258871465285;0.00998128338469062;0.017885049110146902
Fidelity (MAX_ERROR);Tolerancja_0.1;153;3879;9.290392954396904e-06;0.0030480145922217802;0.09992077204133665;0.05791796784892751
Fidelity (MAX_ERROR);Tolerancja_1.0;153;9;0.018390733121254745;0.1356124371923709;0.9264723957382213;2.576889493005071
Fidelity (MAX_ERROR);Tolerancja_0.01;154;4864;7.243500454444667e-07;0.0008510875662612319;0.009940624552289279;0.013797545839025108
Fidelity (MAX_ERROR);Tolerancja_0.1;154;3633;7.78805104520993e-06;0.002790707982790376;0.0999527110739784;0.04524202073005593
Fidelity (MAX_ERROR);Tolerancja_1.0;154;9;0.15676174410607446;0.3959314891569935;0.9359336938419691;6.418708353072472
Fidelity (MAX_ERROR);Tolerancja_0.01;155;4716;3.5197577704462306e-07;0.0005932754647249649;0.009993736772958783;0.010865917543103015
Fidelity (MAX_ERROR);Tolerancja_0.1;155;2163;4.8788851296648325e-06;0.0022088198499798104;0.099997556050333;0.040454823744609576
Fidelity (MAX_ERROR);Tolerancja_1.0;155;4;0.17627125427190066;0.4198467033000267;0.9468016296659041;7.689547149765619
Fidelity (MAX_ERROR);Tolerancja_0.01;156;4884;8.551470062875193e-07;0.0009247415889249922;0.009979127931350362;0.015512226186208776
Fidelity (MAX_ERROR);Tolerancja_0.1;156;3838;8.99880807215697e-06;0.0029998013387817816;0.09997644593845045;0.05032064896634526
Fidelity (MAX_ERROR);Tolerancja_1.0;156;5;0.23268974187780922;0.4823792510855014;0.9790677367858702;8.091748159689654
Fidelity (MAX_ERROR);Tolerancja_0.01;157;4882;8.362499559164473e-07;0.0009144670338051817;0.009952539891868284;0.01727294342734115
Fidelity (MAX_ERROR);Tolerancja_0.1;157;3815;8.84217016202487e-06;0.002973578679306278;0.0999829950875597;0.05616654773292509
Fidelity (MAX_ERROR);Tolerancja_1.0;157;10;0.08829755522647514;0.29714904547461557;0.931211496098654;5.612710422828558
Fidelity (MAX_ERROR);Tolerancja_0.01;158;4918;1.2051066080519256e-06;0.0010977734775680845;0.009970130823765189;0.019340229631904658
Fidelity (MAX_ERROR);Tolerancja_0.1;158;4178;1.2421532899446969e-05;0.00352441951240867;0.0999572106577844;0.06209212017050359
Fidelity (MAX_ERROR);Tolerancja_1.0;158;25;0.006925170120126115;0.08321760703196239;0.9766202747252359;1.4661017617051488
Fidelity (MAX_ERROR);Tolerancja_0.01;159;4912;1.1098339758734911e-06;0.0010534865807752328;0.009909527506681393;0.015601159121049625
Fidelity (MAX_ERROR);Tolerancja_0.1;159;4112;1.155503208114624e-05;0.003399269345189675;0.09999629522565368;0.050340026078533474
Fidelity (MAX_ERROR);Tolerancja_1.0;159;6;0.245985735823001;0.4959694908187408;0.9393967517720094;7.344848132526917
Fidelity (MAX_ERROR);Tolerancja_0.01;160;4524;2.112095746097547e-07;0.00045957542864012507;0.009994619010729622;0.007677356621321042
Fidelity (MAX_ERROR);Tolerancja_0.1;160;255;1.7601015928606324e-05;0.004195356472173291;0.09999707642300049;0.07008479083781362
Fidelity (MAX_ERROR);Tolerancja_1.0;160;8;0.11099270121594094;0.3331556711447982;0.9381485080135086;5.5654735618971625
Fidelity (MAX_ERROR);Tolerancja_0.01;161;4746;3.9212460624491955e-07;0.000626198535805474;0.009979275534019116;0.011989113716526346
Fidelity (MAX_ERROR);Tolerancja_0.1;161;2457;5.047811443379167e-06;0.0022467335051979723;0.09997123504455185;0.04301566028080907
Fidelity (MAX_ERROR);Tolerancja_1.0;161;4;0.17388310037812352;0.41699292605285704;0.9548279008002734;7.983690991873861
Fidelity (MAX_ERROR);Tolerancja_0.01;162;4955;2.163635741315209e-06;0.001470930229927718;0.009866972416803677;0.02251736933783854
Fidelity (MAX_ERROR);Tolerancja_0.1;162;4544;2.2050063423289618e-05;0.004695749506020271;0.09998635741068185;0.07188371262872693
Fidelity (MAX_ERROR);Tolerancja_1.0;162;466;0.0010370789594982565;0.032203710337448024;0.9998334129717081;0.49298248479992135
Fidelity (MAX_ERROR);Tolerancja_0.01;163;4941;1.6727978743451069e-06;0.0012933668753857533;0.009933973543121422;0.024274357327716094
Fidelity (MAX_ERROR);Tolerancja_0.1;163;4407;1.7008339833923735e-05;0.00412411685502772;0.09984771350336619;0.07740285305384924
Fidelity (MAX_ERROR);Tolerancja_1.0;163;25;0.014522878821855488;0.12051090748083962;0.9925144708729405;2.2617904368431754
Fidelity (MAX_ERROR);Tolerancja_0.01;164;3319;6.562488682302576e-08;0.0002561735482500599;0.00999918363507124;0.004599495231234191
Fidelity (MAX_ERROR);Tolerancja_0.1;164;7;0.0006698586616676446;0.02588162787901187;0.09317089942695844;0.4646944417926067
Fidelity (MAX_ERROR);Tolerancja_1.0;164;1;0.1255372455607831;0.3543123559245191;0.6265103463940296;6.361538896480487
Fidelity (MAX_ERROR);Tolerancja_0.01;165;3758;8.442590053922853e-08;0.0002905613541736556;0.009998008550503812;0.005449066416606557
Fidelity (MAX_ERROR);Tolerancja_0.1;165;55;3.4652667740892635e-05;0.00588665165785208;0.09926036627338863;0.11039580933358477
Fidelity (MAX_ERROR);Tolerancja_1.0;165;5;0.2914305785391311;0.5398431054844834;0.9564801947519355;10.123992382600203
Fidelity (MAX_ERROR);Tolerancja_0.01;166;4452;1.835010379544322e-07;0.00042837021132944366;0.009983268639251364;0.007427587715217845
Fidelity (MAX_ERROR);Tolerancja_0.1;166;85;4.141345961133266e-05;0.006435329021218158;0.09991803522148501;0.1115833209621209
Fidelity (MAX_ERROR);Tolerancja_1.0;166;3;0.2504520780079262;0.5004518738179788;0.9175695065849085;8.677424554083775
Fidelity (MAX_ERROR);Tolerancja_0.01;167;4961;2.4468544577907418e-06;0.001564242454925304;0.0097684479868283;0.028198855846449686
Fidelity (MAX_ERROR);Tolerancja_0.1;167;4601;2.5163886165146464e-05;0.0050163618455157785;0.09994006286950885;0.09043077951882117
Fidelity (MAX_ERROR);Tolerancja_1.0;167;1022;0.0006001556297492186;0.024498074000811138;0.9999414781055336;0.4416308067137317
Fidelity (MAX_ERROR);Tolerancja_0.01;168;4968;2.910559615874754e-06;0.001706036229355858;0.009726931658162297;0.027376091051054267
Fidelity (MAX_ERROR);Tolerancja_0.1;168;4672;3.036682196423911e-05;0.005510609944846315;0.09970132184873481;0.0884265861422633
Fidelity (MAX_ERROR);Tolerancja_1.0;168;1712;0.0004928844622844419;0.022201001380218008;0.9999252878181117;0.3562507200910415
Fidelity (MAX_ERROR);Tolerancja_0.01;169;4916;1.1653305817794573e-06;0.0010795047854361079;0.00992227478683727;0.019404376343797842
Fidelity (MAX_ERROR);Tolerancja_0.1;169;4154;1.2082671015592502e-05;0.0034760136673483467;0.09994241538417814;0.06248224027109176
Fidelity (MAX_ERROR);Tolerancja_1.0;169;13;0.18136658781531656;0.42587156258115727;0.9245032165671399;7.6551509413712875
Fidelity (MAX_ERROR);Tolerancja_0.01;170;3301;6.502885860635644e-08;0.0002550075657825792;0.009997272698794468;0.00462506024110402
Fidelity (MAX_ERROR);Tolerancja_0.1;170;10;0.00029233014432836554;0.017097664879402848;0.09958089883762788;0.3100995447204447
Fidelity (MAX_ERROR);Tolerancja_1.0;170;5;0.19015297721226238;0.4360653359443541;0.7745713726795431;7.908896512974279
Fidelity (MAX_ERROR);Tolerancja_0.01;171;4941;1.6676504346371794e-06;0.0012913754042249601;0.009918675855727699;0.022680213590205122
Fidelity (MAX_ERROR);Tolerancja_0.1;171;4406;1.6970631990323964e-05;0.004119542691892386;0.09986024317176145;0.07235084998553357
Fidelity (MAX_ERROR);Tolerancja_1.0;171;12;0.02632521038946146;0.16225045574500388;0.9920314527727596;2.849578038551344
Fidelity (MAX_ERROR);Tolerancja_0.01;172;4889;8.88726458367128e-07;0.0009427228958538813;0.009930216368966072;0.016627128373689275
Fidelity (MAX_ERROR);Tolerancja_0.1;172;3883;9.325682008712495e-06;0.0030537979646192205;0.09995774712098182;0.05386088638384452
Fidelity (MAX_ERROR);Tolerancja_1.0;172;8;0.1303873886408553;0.36109193931858313;0.8980274562234847;6.368702888367193
Fidelity (MAX_ERROR);Tolerancja_0.01;173;4209;1.288028444364161e-07;0.00035889113173275276;0.00999016761602789;0.00642113498518641
Fidelity (MAX_ERROR);Tolerancja_0.1;173;13;0.0008838814863714523;0.029730144405492757;0.07756034353134655;0.5319197201532069
Fidelity (MAX_ERROR);Tolerancja_1.0;173;4;0.1889218685797028;0.4346514334264904;0.8710005526576108;7.776607663893283
Fidelity (MAX_ERROR);Tolerancja_0.01;174;4956;2.241840924347118e-06;0.0014972778380604977;0.009988423872737684;0.02466621412605282
Fidelity (MAX_ERROR);Tolerancja_0.1;174;4560;2.279395014191961e-05;0.004774301010820286;0.0998853251833518;0.07865202305249465
Fidelity (MAX_ERROR);Tolerancja_1.0;174;616;0.0008364720700189605;0.028921826879001963;0.9998187882635383;0.47645931608670994
Fidelity (MAX_ERROR);Tolerancja_0.01;175;4927;1.3503884835061819e-06;0.0011620621685203344;0.009927794138977042;0.021090312992900772
Fidelity (MAX_ERROR);Tolerancja_0.1;175;4265;1.3840861338073795e-05;0.003720330810300852;0.09995881072169954;0.06752043337430456
Fidelity (MAX_ERROR);Tolerancja_1.0;175;5;0.1442457221931694;0.3797969486359381;0.8261830238801933;6.892950082593131
Fidelity (MAX_ERROR);Tolerancja_0.01;176;4948;1.8358427169964237e-06;0.001354932735229474;0.009817446806895447;0.024367437073477143
Fidelity (MAX_ERROR);Tolerancja_0.1;176;4471;1.903137882089085e-05;0.0043624968562614285;0.09987482770203471;0.07845619554699781
Fidelity (MAX_ERROR);Tolerancja_1.0;176;38;0.00945130104218658;0.09721780208473435;0.9997558860274474;1.7483883982774315
Fidelity (MAX_ERROR);Tolerancja_0.01;177;4942;1.6867223375080238e-06;0.0012987387487512737;0.00993327496573393;0.02336870555082983
Fidelity (MAX_ERROR);Tolerancja_0.1;177;4417;1.729385618066112e-05;0.004158588243702558;0.09985164704670169;0.074827076860274
Fidelity (MAX_ERROR);Tolerancja_1.0;177;52;0.0059541342461072065;0.0771630367864511;0.9971155021813827;1.3884241829268498
Fidelity (MAX_ERROR);Tolerancja_0.01;178;4937;1.5831913456819426e-06;0.001258249317775274;0.009986396037632517;0.022679348028557825
Fidelity (MAX_ERROR);Tolerancja_0.1;178;4370;1.602676650937061e-05;0.0040033444155319195;0.09986757089421072;0.07215838705048094
Fidelity (MAX_ERROR);Tolerancja_1.0;178;26;0.009049002303239727;0.09512624402991914;0.9905425135646277;1.714605495529761
Fidelity (MAX_ERROR);Tolerancja_0.01;179;4947;1.8410941248713876e-06;0.0013568692364673124;0.009877701080291068;0.024147906356780664
Fidelity (MAX_ERROR);Tolerancja_0.1;179;4464;1.8777766340445752e-05;0.004333332013640976;0.0998954727573178;0.07711936630730953
Fidelity (MAX_ERROR);Tolerancja_1.0;179;15;0.0254679553851643;0.15958682710413258;0.985992375695429;2.8401320135458583
Fidelity (MAX_ERROR);Tolerancja_0.01;180;4944;1.727675935149458e-06;0.0013144108699906045;0.009879857524039082;0.024695633771368384
Fidelity (MAX_ERROR);Tolerancja_0.1;180;4434;1.7789384949501114e-05;0.0042177464302043;0.099857597891984;0.07924456770626545
Fidelity (MAX_ERROR);Tolerancja_1.0;180;3;0.10039381338295528;0.31684982780957177;0.945052248465645;5.953090838454683
Fidelity (MAX_ERROR);Tolerancja_0.01;181;4934;1.4937149304386222e-06;0.00122217630906454;0.00996613334329366;0.022630635286955816
Fidelity (MAX_ERROR);Tolerancja_0.1;181;4338;1.530420628840338e-05;0.0039120590854949235;0.09996818988035727;0.07243830675512002
Fidelity (MAX_ERROR);Tolerancja_1.0;181;23;0.010357268355989747;0.10177066549841239;0.9912402654420776;1.8844538195705818
Fidelity (MAX_ERROR);Tolerancja_0.01;182;4829;5.811515547797126e-07;0.0007623329684460148;0.009964063103518939;0.014028903167315605
Fidelity (MAX_ERROR);Tolerancja_0.1;182;3286;6.453586924904347e-06;0.0025403910968400806;0.09994477185716999;0.04674978281121521
Fidelity (MAX_ERROR);Tolerancja_1.0;182;8;0.14468226818779564;0.38037122418473723;0.820497971710008;6.999816737033669
Fidelity (MAX_ERROR);Tolerancja_0.01;183;4787;4.684687588658953e-07;0.0006844477765804308;0.009981907685245872;0.012347136440080385
Fidelity (MAX_ERROR);Tolerancja_0.1;183;2871;5.525219028455794e-06;0.0023505784455014034;0.09999152018437218;0.04240339989811823
Fidelity (MAX_ERROR);Tolerancja_1.0;183;9;0.12612273861210993;0.3551376333368655;0.7655810870003457;6.406526493116947
Fidelity (MAX_ERROR);Tolerancja_0.01;184;4842;6.245249923936117e-07;0.0007902689367510353;0.009945246668020324;0.014420114189586419
Fidelity (MAX_ERROR);Tolerancja_0.1;184;3412;6.868856919771253e-06;0.0026208504191905443;0.09998582628723707;0.04782291263266408
Fidelity (MAX_ERROR);Tolerancja_1.0;184;3;0.12713662029511683;0.3565622249974285;0.6437925236918929;6.506225616426761
Fidelity (MAX_ERROR);Tolerancja_0.01;185;4919;1.2196703016522193e-06;0.001104386844204611;0.009938423487095172;0.0191961913461278
Fidelity (MAX_ERROR);Tolerancja_0.1;185;4186;1.2520571658289806e-05;0.0035384419817611544;0.0998901092295501;0.06150436299155545
Fidelity (MAX_ERROR);Tolerancja_1.0;185;25;0.009657323974965406;0.09827168450253311;0.9799966837425016;1.708135215043747
Fidelity (MAX_ERROR);Tolerancja_0.01;186;4927;1.3512729230611278e-06;0.0011624426536656024;0.009931045437368446;0.02131120261784623
Fidelity (MAX_ERROR);Tolerancja_0.1;186;4265;1.3849930407368891e-05;0.003721549463243622;0.0999923008916701;0.06822761915473971
Fidelity (MAX_ERROR);Tolerancja_1.0;186;6;0.14664991068435299;0.3829489661617498;0.8237383748169176;7.020649994589305
Fidelity (MAX_ERROR);Tolerancja_0.01;187;4833;5.968908925992294e-07;0.0007725871423983377;0.009979478008305342;0.013464232621863106
Fidelity (MAX_ERROR);Tolerancja_0.1;187;3328;6.5855408998412055e-06;0.002566230874228039;0.09995207695848585;0.04472288956913371
Fidelity (MAX_ERROR);Tolerancja_1.0;187;2;0.17745945774704616;0.4212593711088765;0.9085410534401932;7.341481440064249
Fidelity (MAX_ERROR);Tolerancja_0.01;188;4974;3.5754658891382e-06;0.001890890237199981;0.0097356494932197;0.029511569499349237
Fidelity (MAX_ERROR);Tolerancja_0.1;188;4733;3.752447544338622e-05;0.006125722442568405;0.0999778009289618;0.09560559361990166
Fidelity (MAX_ERROR);Tolerancja_1.0;188;2331;0.0004964050798551509;0.022280149906478433;0.9996394462091795;0.34773154966129216
Fidelity (MAX_ERROR);Tolerancja_0.01;189;4972;3.4529767423006738e-06;0.0018582187014182894;0.009921631984474377;0.03148442725411265
Fidelity (MAX_ERROR);Tolerancja_0.1;189;4718;3.5437479048572566e-05;0.005952938690140574;0.09992535076256948;0.10086265141711849
Fidelity (MAX_ERROR);Tolerancja_1.0;189;2180;0.0004891887668647517;0.02211761214201822;0.999754159891872;0.37474617491932066
Fidelity (MAX_ERROR);Tolerancja_0.01;190;4843;6.360768809578053e-07;0.0007975442815027924;0.009989148203782605;0.01507898778357001
Fidelity (MAX_ERROR);Tolerancja_0.1;190;3429;6.9318531513206135e-06;0.0026328412696781803;0.09995530785107398;0.04977852924573598
Fidelity (MAX_ERROR);Tolerancja_1.0;190;4;0.23085269012392443;0.48047132081314115;0.9261979410074215;9.084161650868456
Fidelity (MAX_ERROR);Tolerancja_0.01;191;4030;1.0604460869322459e-07;0.0003256449119719585;0.009999023608817659;0.005285246354923856
Fidelity (MAX_ERROR);Tolerancja_0.1;191;87;2.2157056236038712e-05;0.004707128236625673;0.09939621322308412;0.07639711673716335
Fidelity (MAX_ERROR);Tolerancja_1.0;191;4;0.23352919332328234;0.4832485833639684;0.9165760135933771;7.843168186722554
Fidelity (MAX_ERROR);Tolerancja_0.01;192;4934;1.4692309597905566e-06;0.001212118376970895;0.009884114193346782;0.021459393641005478
Fidelity (MAX_ERROR);Tolerancja_0.1;192;4333;1.5182247082566228e-05;0.0038964403091239865;0.09989172778853828;0.06898273962410228
Fidelity (MAX_ERROR);Tolerancja_1.0;192;11;0.1915727556263571;0.43769025077828394;0.92918622623269;7.748886216669523
Fidelity (MAX_ERROR);Tolerancja_0.01;193;4757;4.0944529909075767e-07;0.000639879128500655;0.009965063450326994;0.01124238177795006
Fidelity (MAX_ERROR);Tolerancja_0.1;193;2563;5.1451852958349e-06;0.00226830008945794;0.09997956206243508;0.03985298856738431
Fidelity (MAX_ERROR);Tolerancja_1.0;193;4;0.1910717610653202;0.4371175597769097;0.9195644954800155;7.679954338208884
Fidelity (MAX_ERROR);Tolerancja_0.01;194;4910;1.0915060203542697e-06;0.0010447516548703188;0.00993772664916115;0.018851644763142113
Fidelity (MAX_ERROR);Tolerancja_0.1;194;4095;1.1341367372891196e-05;0.003367694667408433;0.09993489914157738;0.060767152887249716
Fidelity (MAX_ERROR);Tolerancja_1.0;194;7;0.19011801593843417;0.43602524690484856;0.9258639681668788;7.867700447367875
Fidelity (MAX_ERROR);Tolerancja_0.01;195;4782;4.5611655967532735e-07;0.0006753640201219839;0.009975352442229024;0.012866358704207008
Fidelity (MAX_ERROR);Tolerancja_0.1;195;2816;5.455692907524917e-06;0.0023357424745731104;0.09998706250278033;0.04449822558371068
Fidelity (MAX_ERROR);Tolerancja_1.0;195;6;0.13545929539806992;0.3680479525796468;0.9752857155533272;7.011680867132061
Fidelity (MAX_ERROR);Tolerancja_0.01;196;4881;8.270614648649699e-07;0.0009094291972797936;0.009918392274955501;0.01635752856875263
Fidelity (MAX_ERROR);Tolerancja_0.1;196;3801;8.746952206149328e-06;0.002957524675492891;0.09993651094850797;0.05319577875536579
Fidelity (MAX_ERROR);Tolerancja_1.0;196;4;0.14857421526835543;0.38545325951190945;0.8506046259432205;6.932989091667656
Fidelity (MAX_ERROR);Tolerancja_0.01;197;4968;2.9258937229013084e-06;0.001710524399972508;0.009752520708404155;0.03330885536002003
Fidelity (MAX_ERROR);Tolerancja_0.1;197;4672;3.0526806984513696e-05;0.005525106965888868;0.09996343239425709;0.10758980624794906
Fidelity (MAX_ERROR);Tolerancja_1.0;197;1720;0.0004926598374530963;0.022195941914077366;0.9998002630967715;0.43221915969587554
Fidelity (MAX_ERROR);Tolerancja_0.01;198;4956;2.219546245863707e-06;0.0014898141648755079;0.009938632382318957;0.02598477447414199
Fidelity (MAX_ERROR);Tolerancja_0.1;198;4558;2.2671287932669376e-05;0.004761437590966554;0.09983825138300606;0.08304719131483526
Fidelity (MAX_ERROR);Tolerancja_1.0;198;577;0.0008861448501416198;0.029768185200673886;0.9998417462410796;0.5192054131185142
Fidelity (MAX_ERROR);Tolerancja_0.01;199;4864;7.273106517683675e-07;0.0008528251003390833;0.009960937825832517;0.014954177063017585
Fidelity (MAX_ERROR);Tolerancja_0.1;199;3636;7.797195696625161e-06;0.0027923459127810724;0.09995759529705595;0.04896342190716354
Fidelity (MAX_ERROR);Tolerancja_1.0;199;6;0.2245103153610456;0.47382519494117825;0.9868076114431723;8.308463082585096
Fidelity (MAX_ERROR);Tolerancja_0.01;200;4938;1.5958904214369442e-06;0.0012632855660684738;0.009986853121500161;0.02178795000993684
Fidelity (MAX_ERROR);Tolerancja_0.1;200;4380;1.6279744058700803e-05;0.004034816483893759;0.09986918677261958;0.06958868383491161
Fidelity (MAX_ERROR);Tolerancja_1.0;200;4;0.20552321030563836;0.45334667783677246;0.9347351823303391;7.818893066766148
Fidelity (MAX_ERROR);Tolerancja_0.01;201;4827;5.742306540693457e-07;0.0007577800829194085;0.009962170283302818;0.01414282928307546
Fidelity (MAX_ERROR);Tolerancja_0.1;201;3265;6.399989099292497e-06;0.0025298199736922974;0.09995335296002938;0.04721529743432141
Fidelity (MAX_ERROR);Tolerancja_1.0;201;5;0.156750913628345;0.395917811708876;0.88700109072815;7.389212447436357
Fidelity (MAX_ERROR);Tolerancja_0.01;202;4819;5.491737825855239e-07;0.000741062603688463;0.009964647579663755;0.012962842701092162
Fidelity (MAX_ERROR);Tolerancja_0.1;202;3185;6.186470979376808e-06;0.002487261743238296;0.09997388468584045;0.043507771912339815
Fidelity (MAX_ERROR);Tolerancja_1.0;202;5;0.2070496814184044;0.4550271216294743;0.9777244834774779;7.95944225637011
Fidelity (MAX_ERROR);Tolerancja_0.01;203;4871;7.67613991015883e-07;0.0008761358290903774;0.009948284588578993;0.01565641404212229
Fidelity (MAX_ERROR);Tolerancja_0.1;203;3704;8.16028067648239e-06;0.002856620499205729;0.09996592446661534;0.051047373947956005
Fidelity (MAX_ERROR);Tolerancja_1.0;203;11;0.08844843246240464;0.29740281179303707;0.9218551494097671;5.31454302417627
Fidelity (MAX_ERROR);Tolerancja_0.01;204;4875;7.900842678375303e-07;0.0008888668448297137;0.009935284831843916;0.015373192913888629
Fidelity (MAX_ERROR);Tolerancja_0.1;204;3742;8.384984253389105e-06;0.0028956837281355684;0.09999524376063729;0.05008163464434828
Fidelity (MAX_ERROR);Tolerancja_1.0;204;2;0.0929223334130872;0.30483164765668147;0.7173293734976065;5.272145938329452
Fidelity (MAX_ERROR);Tolerancja_0.01;205;4378;1.6255825528183615e-07;0.000403185137724391;0.009998776496668249;0.006902144622341495
Fidelity (MAX_ERROR);Tolerancja_0.1;205;187;1.5154176449175144e-05;0.003892836555671859;0.09986426686138739;0.06664164520060246
Fidelity (MAX_ERROR);Tolerancja_1.0;205;8;0.1326370835100988;0.3641937444686534;0.8461807670556869;6.234649196303098
Fidelity (MAX_ERROR);Tolerancja_0.01;206;4937;1.5737365520583018e-06;0.0012544865691023965;0.009956535053518678;0.024589134555660877
Fidelity (MAX_ERROR);Tolerancja_0.1;206;4368;1.5983030365120848e-05;0.003997878232903154;0.09988811171821421;0.07836223059473774
Fidelity (MAX_ERROR);Tolerancja_1.0;206;39;0.007137040613221134;0.08448100741125862;0.9982793280769338;1.6559084089035492
Fidelity (MAX_ERROR);Tolerancja_0.01;207;4814;5.335906146896824e-07;0.0007304728706048449;0.00997010834580525;0.013034045420605279
Fidelity (MAX_ERROR);Tolerancja_0.1;207;3135;6.069607742256761e-06;0.0024636573914115496;0.09999135200257481;0.04395977404866413
Fidelity (MAX_ERROR);Tolerancja_1.0;207;9;0.12425196136567092;0.3524939167782487;0.8813895591009198;6.2896541496065215
Fidelity (MAX_ERROR);Tolerancja_0.01;208;4625;2.6737165114316874e-07;0.0005170799272290201;0.009990033112112329;0.009274922377575746
Fidelity (MAX_ERROR);Tolerancja_0.1;208;1250;5.451704348349011e-06;0.0023348885087620375;0.09997865691750896;0.04188116486190704
Fidelity (MAX_ERROR);Tolerancja_1.0;208;5;0.22730749422364638;0.4767677571141387;0.9817464382845529;8.551838326158773
Fidelity (MAX_ERROR);Tolerancja_0.01;209;4947;1.8295826320066898e-06;0.0013526206534009045;0.009846773266648512;0.020918534355694397
Fidelity (MAX_ERROR);Tolerancja_0.1;209;4462;1.8731390142467097e-05;0.004327977604201193;0.09995522261350942;0.0669329926143933
Fidelity (MAX_ERROR);Tolerancja_1.0;209;31;0.011141283819558229;0.10555228003012644;0.9989705142471959;1.6323859838902257
Fidelity (MAX_ERROR);Tolerancja_0.01;210;4946;1.819343140094705e-06;0.001348830285875397;0.00995757892707072;0.023805478336236828
Fidelity (MAX_ERROR);Tolerancja_0.1;210;4458;1.8592442476644132e-05;0.0043118954621655815;0.09994546978303198;0.07610055548692135
Fidelity (MAX_ERROR);Tolerancja_1.0;210;22;0.01666457768848017;0.12909135404232217;0.9968894346844461;2.278330687137214
Fidelity (MAX_ERROR);Tolerancja_0.01;211;4928;1.3645029045778878e-06;0.0011681193879813346;0.009945582616828652;0.022201018643682326
Fidelity (MAX_ERROR);Tolerancja_0.1;211;4277;1.4037621831266281e-05;0.0037466814424589505;0.09987154764855077;0.07120859854891723
Fidelity (MAX_ERROR);Tolerancja_1.0;211;8;0.08405275887671179;0.28991853834605297;0.9584287609902189;5.510127595855553
Fidelity (MAX_ERROR);Tolerancja_0.01;212;4822;5.59156986292804e-07;0.0007477680029880952;0.009985384630219585;0.0129227888780604
Fidelity (MAX_ERROR);Tolerancja_0.1;212;3219;6.2734296535733005e-06;0.0025046815473375654;0.09997140292458884;0.043285445102860746
Fidelity (MAX_ERROR);Tolerancja_1.0;212;4;0.18321867371900727;0.4280405047644525;0.8296329847429433;7.3973171521455034
Fidelity (MAX_ERROR);Tolerancja_0.01;213;4955;2.127191061422551e-06;0.0014584893079561986;0.009783518002410396;0.02652819304133177
Fidelity (MAX_ERROR);Tolerancja_0.1;213;4541;2.1847544667340614e-05;0.004674135713406342;0.09979193171502221;0.08501699246625558
Fidelity (MAX_ERROR);Tolerancja_1.0;213;402;0.0011839948827086619;0.03440922670896081;0.9999681314554874;0.6258630787066937
Fidelity (MAX_ERROR);Tolerancja_0.01;214;4904;1.024005546290356e-06;0.0010119315917048722;0.009939298946986419;0.019694484146493524
Fidelity (MAX_ERROR);Tolerancja_0.1;214;4035;1.0673182720264218e-05;0.003266983734312771;0.09991611387810906;0.06358291399310337
Fidelity (MAX_ERROR);Tolerancja_1.0;214;6;0.05133792820986432;0.22657874615652793;0.9813109549456644;4.4097363504523885
Fidelity (MAX_ERROR);Tolerancja_0.01;215;4886;8.596757922172828e-07;0.0009271870319505568;0.009919334621931952;0.017488455383889063
Fidelity (MAX_ERROR);Tolerancja_0.1;215;3851;9.09772516763222e-06;0.003016243552439395;0.0999846919470917;0.05689190958895156
Fidelity (MAX_ERROR);Tolerancja_1.0;215;6;0.12823562026626154;0.3581000143343498;0.9431075754271161;6.754425922547062
Fidelity (MAX_ERROR);Tolerancja_0.01;216;4924;1.2985541809420332e-06;0.00113954121511336;0.009966197089021911;0.0201646243361485
Fidelity (MAX_ERROR);Tolerancja_0.1;216;4238;1.3350554000245573e-05;0.0036538409927425104;0.09992550319487936;0.06465613531612649
Fidelity (MAX_ERROR);Tolerancja_1.0;216;10;0.050511371773332064;0.22474735098179036;0.9319701971469714;3.976991655050832
Fidelity (MAX_ERROR);Tolerancja_0.01;217;4531;2.1397128023803144e-07;0.00046257029761759613;0.009982602067132085;0.009158553319003695
Fidelity (MAX_ERROR);Tolerancja_0.1;217;556;8.173500338073384e-06;0.0028589334266599115;0.09997835463900895;0.05660478927938566
Fidelity (MAX_ERROR);Tolerancja_1.0;217;12;0.10977303571918008;0.33132014082934963;0.8583483088438681;6.559896281870527
Fidelity (MAX_ERROR);Tolerancja_0.01;218;4760;4.137992740044262e-07;0.0006432723171444783;0.009966634400904617;0.01151538891011003
Fidelity (MAX_ERROR);Tolerancja_0.1;218;2596;5.166136009150568e-06;0.0022729135507428716;0.0999955788587421;0.04068803024518267
Fidelity (MAX_ERROR);Tolerancja_1.0;218;6;0.24560270285538904;0.4955831946862091;0.8774375731953965;8.871566632090472
Fidelity (MAX_ERROR);Tolerancja_0.01;219;4892;9.135513671756246e-07;0.0009557988110348456;0.009954205164460994;0.01652795135800769
Fidelity (MAX_ERROR);Tolerancja_0.1;219;3916;9.577198648049087e-06;0.003094704937154605;0.09998777369979983;0.05351453891567228
Fidelity (MAX_ERROR);Tolerancja_1.0;219;36;0.0058097175095208;0.07622150293401987;0.9831153195682809;1.31804442355787
Fidelity (MAX_ERROR);Tolerancja_0.01;220;4903;1.0105767131075336e-06;0.0010052744466599822;0.009899274832998017;0.017459483149906387
Fidelity (MAX_ERROR);Tolerancja_0.1;220;4021;1.0530530138844159e-05;0.0032450778324786232;0.09991353538234726;0.05636011332481298
Fidelity (MAX_ERROR);Tolerancja_1.0;220;7;0.024990707581257193;0.15808449506911545;0.7980785767125584;2.745592098845253
Fidelity (MAX_ERROR);Tolerancja_0.01;221;3489;7.157316626238081e-08;0.0002675316173135071;0.009995378598244287;0.004803907975582684
Fidelity (MAX_ERROR);Tolerancja_0.1;221;7;0.0005450162812996309;0.023345583764378883;0.062186173317642535;0.419202923252657
Fidelity (MAX_ERROR);Tolerancja_1.0;221;4;0.14315259582244985;0.3783551186682293;0.7184752002962815;6.793900438477532
Fidelity (MAX_ERROR);Tolerancja_0.01;222;4757;4.122159516092646e-07;0.0006420404594799806;0.009998748012881364;0.011793557287265657
Fidelity (MAX_ERROR);Tolerancja_0.1;222;2572;5.149145137228383e-06;0.0022691727869927365;0.09997933042961638;0.04168213834962773
Fidelity (MAX_ERROR);Tolerancja_1.0;222;4;0.16639711864465975;0.4079180293204258;0.9147098496544785;7.492992966822457
Fidelity (MAX_ERROR);Tolerancja_0.01;223;4978;4.198796045154713e-06;0.0020490963972333545;0.00972215476782523;0.036909901881551424
Fidelity (MAX_ERROR);Tolerancja_0.1;223;4774;4.4111686491642807e-05;0.006641662931197488;0.09987307561360659;0.11963474605285698
Fidelity (MAX_ERROR);Tolerancja_1.0;223;2738;0.0005348185176472822;0.023126143596529064;0.9996537702615234;0.41656590299951074
Fidelity (MAX_ERROR);Tolerancja_0.01;224;4793;4.793582500471905e-07;0.0006923570249858021;0.009954331641556458;0.012529424665734222
Fidelity (MAX_ERROR);Tolerancja_0.1;224;2923;5.624984275260554e-06;0.002371704930057817;0.09996966871867752;0.04292019460786037
Fidelity (MAX_ERROR);Tolerancja_1.0;224;2;0.2450388164198867;0.4950139557829523;0.8829403628777639;8.958152865707948
Fidelity (MAX_ERROR);Tolerancja_0.01;225;4886;8.661173273056675e-07;0.0009306542469175475;0.009956434118072899;0.016430671127950616
Fidelity (MAX_ERROR);Tolerancja_0.1;225;3856;9.118040043268468e-06;0.0030196092534082067;0.09992857879871053;0.05331110532401875
Fidelity (MAX_ERROR);Tolerancja_1.0;225;12;0.15948500219279949;0.39935573389247775;0.8575226362132877;7.050612779538526
Fidelity (MAX_ERROR);Tolerancja_0.01;226;4900;9.923490728693308e-07;0.0009961671912231053;0.009985047791660762;0.019171847303874043
Fidelity (MAX_ERROR);Tolerancja_0.1;226;3999;1.0322626922466936e-05;0.003212884517449536;0.0999552227418894;0.06183392899930195
Fidelity (MAX_ERROR);Tolerancja_1.0;226;3;0.18266091431093354;0.4273884817246875;0.9064624659644736;8.225352915909424
Fidelity (MAX_ERROR);Tolerancja_0.01;227;4925;1.3195354701544947e-06;0.0011487103508519868;0.009947205871149833;0.02205404946291008
Fidelity (MAX_ERROR);Tolerancja_0.1;227;4247;1.3498437608054645e-05;0.003674021993409218;0.09987286351559455;0.0705374185149193
Fidelity (MAX_ERROR);Tolerancja_1.0;227;8;0.21081240326911901;0.4591431185035;0.9665567915246518;8.815072518951924
Fidelity (MAX_ERROR);Tolerancja_0.01;228;4943;1.7177156462190619e-06;0.0013106165137900033;0.009894409375606372;0.02252970038014403
Fidelity (MAX_ERROR);Tolerancja_0.1;228;4424;1.7532500828843452e-05;0.004187182922782745;0.09998599823165932;0.07197832141940051
Fidelity (MAX_ERROR);Tolerancja_1.0;228;10;0.0406399715324958;0.2015935800875013;0.9402302496885566;3.465424790656729
Fidelity (MAX_ERROR);Tolerancja_0.01;229;4236;1.3309229270305517e-07;0.0003648181638886079;0.009994934666019972;0.006486156622909534
Fidelity (MAX_ERROR);Tolerancja_0.1;229;99;2.305751627892773e-05;0.004801824265727322;0.09996778825612562;0.08537235079310575
Fidelity (MAX_ERROR);Tolerancja_1.0;229;6;0.18702213625226993;0.4324605603431022;0.9509309045795318;7.688780892151659
Fidelity (MAX_ERROR);Tolerancja_0.01;230;3843;9.025996362178289e-08;0.00030043296027863336;0.009999934055685777;0.005221665089320662
Fidelity (MAX_ERROR);Tolerancja_0.1;230;35;5.3533768295327413e-05;0.007316677408176981;0.0989621432808514;0.1271672687200029
Fidelity (MAX_ERROR);Tolerancja_1.0;230;5;0.16496119543628257;0.4061541523070798;0.7879016593207737;7.059148756573151
Fidelity (MAX_ERROR);Tolerancja_0.01;231;4898;9.617614806377502e-07;0.0009806943869716755;0.009927220969486505;0.018353734560754734
Fidelity (MAX_ERROR);Tolerancja_0.1;231;3973;1.0080249784534045e-05;0.003174940910400388;0.09996488903634848;0.05941914574989071
Fidelity (MAX_ERROR);Tolerancja_1.0;231;6;0.2794872560572904;0.5286655427179744;0.9566092249177887;9.893996714333483
Fidelity (MAX_ERROR);Tolerancja_0.01;232;4947;1.8459332650912613e-06;0.001358651266915562;0.00989067390804621;0.025755860420279896
Fidelity (MAX_ERROR);Tolerancja_0.1;232;4465;1.880920600458269e-05;0.0043369581511219;0.09984010337471583;0.08221542312508141
Fidelity (MAX_ERROR);Tolerancja_1.0;232;8;0.06256493145981626;0.25012982920838583;0.9596284922869636;4.741694300013497
Fidelity (MAX_ERROR);Tolerancja_0.01;233;4893;9.238518690734557e-07;0.0009611721329051606;0.009940577612367107;0.017245799173773255
Fidelity (MAX_ERROR);Tolerancja_0.1;233;3924;9.65265680068498e-06;0.0031068725111734114;0.09997201117088839;0.055744957174595974
Fidelity (MAX_ERROR);Tolerancja_1.0;233;4;0.10953315255705584;0.33095793170289156;0.8274968725413023;5.938201732778085
Fidelity (MAX_ERROR);Tolerancja_0.01;234;4918;1.2049674759489386e-06;0.001097710105605728;0.00996954482133372;0.019398020595716117
Fidelity (MAX_ERROR);Tolerancja_0.1;234;4178;1.2420110260878093e-05;0.003524217680688594;0.09994067642960935;0.06227768771069197
Fidelity (MAX_ERROR);Tolerancja_1.0;234;6;0.13228806491655365;0.3637142627345725;0.9189093482000308;6.427322408212441
Fidelity (MAX_ERROR);Tolerancja_0.01;235;4938;1.585540761568416e-06;0.0012591825767411238;0.00995441756853932;0.02274244347613328
Fidelity (MAX_ERROR);Tolerancja_0.1;235;4378;1.6227732284537667e-05;0.004028365957126744;0.09986641576686495;0.07275742753544284
Fidelity (MAX_ERROR);Tolerancja_1.0;235;5;0.3651172257292158;0.604249307595148;0.9332357711116837;10.913513240503308
Fidelity (MAX_ERROR);Tolerancja_0.01;236;4854;6.771776632e-07;0.0008229080527009078;0.009956866564215794;0.014105634016438955
Fidelity (MAX_ERROR);Tolerancja_0.1;236;3535;7.33930395008601e-06;0.002709114975427586;0.09994348981106782;0.046437489858571886
Fidelity (MAX_ERROR);Tolerancja_1.0;236;6;0.22147976913442777;0.4706163715112637;0.9662153741685744;8.066930779075886
Fidelity (MAX_ERROR);Tolerancja_0.01;237;4959;2.420618693159623e-06;0.0015558337614152815;0.009961921660536888;0.030943468992720723
Fidelity (MAX_ERROR);Tolerancja_0.1;237;4589;2.4399631366985296e-05;0.004939598300164224;0.09986229613683495;0.09824205556420598
Fidelity (MAX_ERROR);Tolerancja_1.0;237;886;0.0006572183526719585;0.02563627025664924;0.9999203520094291;0.5098713972204991
Fidelity (MAX_ERROR);Tolerancja_0.01;238;4832;5.884731112379233e-07;0.0007671200109747649;0.009953299244835456;0.013535851280669609
Fidelity (MAX_ERROR);Tolerancja_0.1;238;3314;6.539140660350523e-06;0.0025571743507923983;0.0999522254107994;0.04512140371242044
Fidelity (MAX_ERROR);Tolerancja_1.0;238;6;0.23440505464962222;0.4841539575895484;0.9672420403054929;8.542908375643103
Fidelity (MAX_ERROR);Tolerancja_0.01;239;4923;1.2947197090630733e-06;0.001137857508242167;0.009983687483880566;0.021998959854640947
Fidelity (MAX_ERROR);Tolerancja_0.1;239;4229;1.3221058497531674e-05;0.0036360773503229652;0.0999686609349304;0.07029871409970967
Fidelity (MAX_ERROR);Tolerancja_1.0;239;1;0.1318499995532761;0.363111552492173;0.8618310968411151;7.020278381229068
Fidelity (MAX_ERROR);Tolerancja_0.01;240;4950;1.924754483908453e-06;0.0013873552118720182;0.00985910759149533;0.021067172900653873
Fidelity (MAX_ERROR);Tolerancja_0.1;240;4493;1.988097328823749e-05;0.004458808505445989;0.09997243088872665;0.06770759853807509
Fidelity (MAX_ERROR);Tolerancja_1.0;240;82;0.004803139810129949;0.06930468822619397;0.9997048553246319;1.052400882768174
Fidelity (MAX_ERROR);Tolerancja_0.01;241;4922;1.2509794177327292e-06;0.0011184719119105;0.009908911867567483;0.019790485420782995
Fidelity (MAX_ERROR);Tolerancja_0.1;241;4213;1.2966273400501827e-05;0.003600871200210003;0.09997968818972858;0.06371459866895243
Fidelity (MAX_ERROR);Tolerancja_1.0;241;8;0.1754210920447842;0.4188330121239063;0.822357469040301;7.410922466548335
Fidelity (MAX_ERROR);Tolerancja_0.01;242;4437;1.7912900631334635e-07;0.00042323634805312545;0.009989886449549346;0.007428599577524046
Fidelity (MAX_ERROR);Tolerancja_0.1;242;13;0.0009425001648851215;0.03070016555142857;0.09500859469153333;0.5388460558605759
Fidelity (MAX_ERROR);Tolerancja_1.0;242;7;0.13566468040567947;0.36832686625561195;0.8060949632405761;6.46483416569351
Fidelity (MAX_ERROR);Tolerancja_0.01;243;4900;9.872219817695447e-07;0.0009935904497173594;0.009959216685306416;0.01777675639241073
Fidelity (MAX_ERROR);Tolerancja_0.1;243;3996;1.0296722077749696e-05;0.0032088505851394352;0.0999920990482055;0.057410933416172656
Fidelity (MAX_ERROR);Tolerancja_1.0;243;10;0.05903350959863985;0.24296812465556022;0.9678353185705912;4.347047784478433
Fidelity (MAX_ERROR);Tolerancja_0.01;244;4869;7.584860815305293e-07;0.0008709110640763093;0.009965256600571237;0.015072989245453264
Fidelity (MAX_ERROR);Tolerancja_0.1;244;3686;8.063870134602472e-06;0.002839695429901325;0.09999822385112278;0.04914703744252247
Fidelity (MAX_ERROR);Tolerancja_1.0;244;13;0.0753311571646972;0.27446522031889065;0.9275371238076939;4.750210997153109
Fidelity (MAX_ERROR);Tolerancja_0.01;245;4950;1.9437066327537535e-06;0.001394168796363537;0.009907527189251475;0.025302465104653116
Fidelity (MAX_ERROR);Tolerancja_0.1;245;4496;1.993578751200101e-05;0.004464951008913872;0.09986843301954984;0.08103342105468436
Fidelity (MAX_ERROR);Tolerancja_1.0;245;62;0.00637447642392152;0.07984031828544723;0.99958059635056;1.4490045055026177
Fidelity (MAX_ERROR);Tolerancja_0.01;246;3744;8.369821296299047e-08;0.0002893064343615442;0.009998945099176204;0.004901086236758674
Fidelity (MAX_ERROR);Tolerancja_0.1;246;40;4.6174706976292066e-05;0.006795197346383111;0.09894713734960892;0.1151161683075384
Fidelity (MAX_ERROR);Tolerancja_1.0;246;6;0.1903406906518857;0.4362805183043195;0.819845377782725;7.39094672521209
Fidelity (MAX_ERROR);Tolerancja_0.01;247;4961;2.4480895199042078e-06;0.001564637184750576;0.009770912415927757;0.02738544409046856
Fidelity (MAX_ERROR);Tolerancja_0.1;247;4601;2.5176588679860583e-05;0.005017627794073668;0.09996464089546997;0.08782225474418244
Fidelity (MAX_ERROR);Tolerancja_1.0;247;1017;0.0006039523986907503;0.0245754430009054;0.9997556564453136;0.43013768741989755
Fidelity (MAX_ERROR);Tolerancja_0.01;248;4967;2.978731625033209e-06;0.0017259002361183016;0.009914364613273996;0.03563441463047727
Fidelity (MAX_ERROR);Tolerancja_0.1;248;4668;3.003029093675844e-05;0.005479990048965275;0.0997445448909513;0.11314456854986657
Fidelity (MAX_ERROR);Tolerancja_1.0;248;1672;0.0004955385557933476;0.022260695312441334;0.9998995716068428;0.45961338328010015
Fidelity (MAX_ERROR);Tolerancja_0.01;249;4979;4.450252898098636e-06;0.00210956225271942;0.009667158790523711;0.036745290358843566
Fidelity (MAX_ERROR);Tolerancja_0.1;249;4783;4.605665123179719e-05;0.0067865050822788885;0.09989403294758414;0.11821035356915477
Fidelity (MAX_ERROR);Tolerancja_1.0;249;2828;0.0005479321691492219;0.023407950981434104;0.9999334348205258;0.4077300655193199
Fidelity (MAX_ERROR);Tolerancja_0.01;250;4941;1.6594843465426257e-06;0.0012882097447786311;0.009894361569734222;0.019375085377150505
Fidelity (MAX_ERROR);Tolerancja_0.1;250;4404;1.694578659157359e-05;0.0041165260343612045;0.09995108550225407;0.06191386433481525
Fidelity (MAX_ERROR);Tolerancja_1.0;250;13;0.02409964119333593;0.15524059131984755;0.9855430668062457;2.3348680003489988
Fidelity (MAX_ERROR);Tolerancja_0.01;251;4808;5.164911731047452e-07;0.0007186732032744404;0.009965330438159725;0.013138648973882576
Fidelity (MAX_ERROR);Tolerancja_0.1;251;3077;5.918500093901727e-06;0.0024327967637888964;0.09996016072981728;0.04447593504055256
Fidelity (MAX_ERROR);Tolerancja_1.0;251;10;0.02084076745927029;0.14436331756810764;0.9472248359193429;2.6392231484220128
Fidelity (MAX_ERROR);Tolerancja_0.01;252;4967;2.997088141831197e-06;0.0017312100224499618;0.009944866625100524;0.029051978281086417
Fidelity (MAX_ERROR);Tolerancja_0.1;252;4669;3.01694471519494e-05;0.005492672132209367;0.09975021213385293;0.0921742535109933
Fidelity (MAX_ERROR);Tolerancja_1.0;252;1683;0.0004948237953064129;0.02224463520281717;0.9999444546230052;0.37329419908762906
Fidelity (MAX_ERROR);Tolerancja_0.01;253;4520;2.0903110091313538e-07;0.00045719919172406174;0.009984664529296694;0.008044827947398353
Fidelity (MAX_ERROR);Tolerancja_0.1;253;397;1.10207390042024e-05;0.003319749840605825;0.09998995989703285;0.058413962184333035
Fidelity (MAX_ERROR);Tolerancja_1.0;253;6;0.1405149118416782;0.3748531870501813;0.8041269380757292;6.595876479966954
Fidelity (MAX_ERROR);Tolerancja_0.01;254;4775;4.4439204114071554e-07;0.0006666273630302882;0.009991157165685216;0.011582408146814674
Fidelity (MAX_ERROR);Tolerancja_0.1;254;2751;5.357360653978476e-06;0.0023145972984470703;0.09996762460926778;0.0402152868197079
Fidelity (MAX_ERROR);Tolerancja_1.0;254;14;0.056225837531747785;0.23711988008547025;0.9131322211277366;4.119871735221415
Fidelity (MAX_ERROR);Tolerancja_0.01;255;4864;7.26699409056586e-07;0.0008524666615513982;0.009956728769734191;0.01524315749678628
Fidelity (MAX_ERROR);Tolerancja_0.1;255;3635;7.800319494107658e-06;0.0027929052067887407;0.09996412160654788;0.04994059692985234
Fidelity (MAX_ERROR);Tolerancja_1.0;255;10;0.02479302527548499;0.15745801115054447;0.9102927194787283;2.8155438462900713
Fidelity (MAX_ERROR);Tolerancja_0.01;256;4834;5.947340463957982e-07;0.0007711900196422398;0.009946602904860491;0.013600196952927133
Fidelity (MAX_ERROR);Tolerancja_0.1;256;3332;6.602152124492699e-06;0.00256946533825477;0.09994787176984321;0.04531339069999341
Fidelity (MAX_ERROR);Tolerancja_1.0;256;5;0.19875062856326195;0.4458145674641666;0.8995626833641523;7.862090752690795
Fidelity (MAX_ERROR);Tolerancja_0.01;257;4860;7.036266140547412e-07;0.0008388245430688955;0.009939694229112561;0.015143248224552111
Fidelity (MAX_ERROR);Tolerancja_0.1;257;3592;7.596448444303772e-06;0.0027561655328197853;0.09996640612700158;0.04975688796461088
Fidelity (MAX_ERROR);Tolerancja_1.0;257;4;0.1559064543008766;0.39484991363919103;0.9749737649187304;7.128201365932295
Fidelity (MAX_ERROR);Tolerancja_0.01;258;4903;1.0135052661701297e-06;0.0010067299867244095;0.009913634617616296;0.017860060322831814
Fidelity (MAX_ERROR);Tolerancja_0.1;258;4022;1.054383722758041e-05;0.0032471275348499033;0.0999844765484168;0.057606204655770474
Fidelity (MAX_ERROR);Tolerancja_1.0;258;25;0.009178727493310064;0.09580567568422063;0.9888355905876933;1.6996564814337356
Fidelity (MAX_ERROR);Tolerancja_0.01;259;4813;5.311788018666219e-07;0.0007288201437025612;0.00996073552866239;0.013649309437492712
Fidelity (MAX_ERROR);Tolerancja_0.1;259;3123;6.04273537943019e-06;0.002458197587548688;0.0999869096161019;0.046037009021862765
Fidelity (MAX_ERROR);Tolerancja_1.0;259;4;0.21391261986788554;0.46250688629239406;0.9662810150548315;8.661807254537822
Fidelity (MAX_ERROR);Tolerancja_0.01;260;4962;2.5601549698849534e-06;0.0016000484273561702;0.009928669109636523;0.027622242146410472
Fidelity (MAX_ERROR);Tolerancja_0.1;260;4618;2.6169529030236915e-05;0.005115616192624004;0.0998093160175646;0.08831282027772291
Fidelity (MAX_ERROR);Tolerancja_1.0;260;1174;0.0005619591389211336;0.023705677356302933;0.9998132527438717;0.4092400886030933
Fidelity (MAX_ERROR);Tolerancja_0.01;261;4866;7.3719045390868e-07;0.0008585979582486089;0.009954696999190382;0.016269583308251144
Fidelity (MAX_ERROR);Tolerancja_0.1;261;3655;7.898546157480118e-06;0.0028104352256332326;0.09995328946228277;0.05325497177882156
Fidelity (MAX_ERROR);Tolerancja_1.0;261;9;0.15184103063635535;0.389667846551849;0.8815188118286468;7.3838208338558005
Fidelity (MAX_ERROR);Tolerancja_0.01;262;4906;1.0379351446074082e-06;0.0010187910210673278;0.009902506375193632;0.01707569306128986
Fidelity (MAX_ERROR);Tolerancja_0.1;262;4051;1.0855291789540738e-05;0.003294736983363124;0.099984026417971;0.05522223525944365
Fidelity (MAX_ERROR);Tolerancja_1.0;262;11;0.1498726443580225;0.38713388428039014;0.9066762028965698;6.488651003884323
Fidelity (MAX_ERROR);Tolerancja_0.01;263;4905;1.0404347553948652e-06;0.0010200170368159863;0.009940429832440145;0.019973969410727054
Fidelity (MAX_ERROR);Tolerancja_0.1;263;4045;1.078146263277754e-05;0.003283513763147269;0.09993745306335988;0.06429775297629317
Fidelity (MAX_ERROR);Tolerancja_1.0;263;13;0.05142362787189732;0.2267677840256356;0.9799611001011677;4.440565812121361
Fidelity (MAX_ERROR);Tolerancja_0.01;264;4643;2.8013176633550907e-07;0.000529274755052146;0.009979473078669976;0.009080719739320571
Fidelity (MAX_ERROR);Tolerancja_0.1;264;1432;5.148677589023122e-06;0.002269069762925574;0.09999117222608778;0.038930227428027736
Fidelity (MAX_ERROR);Tolerancja_1.0;264;3;0.3056213219878432;0.5528302831682099;0.876478924696003;9.484859833084517
Fidelity (MAX_ERROR);Tolerancja_0.01;265;4874;7.805604601016783e-07;0.0008834933277063716;0.009934348942756799;0.014130562908320286
Fidelity (MAX_ERROR);Tolerancja_0.1;265;3732;8.323936858806438e-06;0.002885123369772329;0.0999747784390923;0.04614456724950192
Fidelity (MAX_ERROR);Tolerancja_1.0;265;6;0.08178490254665921;0.2859805981997017;0.744816086627945;4.573964179119412
Fidelity (MAX_ERROR);Tolerancja_0.01;266;4951;2.0044276572105505e-06;0.0014157781101608227;0.009910055921547034;0.026157663562382236
Fidelity (MAX_ERROR);Tolerancja_0.1;266;4506;2.0349161472268852e-05;0.004511004485950868;0.09990996871064084;0.08334451339871057
Fidelity (MAX_ERROR);Tolerancja_1.0;266;105;0.003951479598166134;0.06286079539877087;0.9998243102831266;1.1614048313813905
Fidelity (MAX_ERROR);Tolerancja_0.01;267;2523;4.990288894037437e-08;0.00022338954527993104;0.009998128645028359;0.0035534673663653715
Fidelity (MAX_ERROR);Tolerancja_0.1;267;17;0.0006638664305688723;0.025765605573494138;0.09467336855361008;0.4098546262105602
Fidelity (MAX_ERROR);Tolerancja_1.0;267;8;0.16667225036449773;0.4082551290118689;0.9865481448925326;6.494132374355529
Fidelity (MAX_ERROR);Tolerancja_0.01;268;3887;9.352397206948959e-08;0.00030581689304139104;0.009997006234131689;0.005265154378254056
Fidelity (MAX_ERROR);Tolerancja_0.1;268;25;7.522053477349173e-05;0.008672977272741566;0.0983287368393091;0.14931995353799069
Fidelity (MAX_ERROR);Tolerancja_1.0;268;4;0.1481455029617101;0.3848967432464324;0.6939246472554448;6.626647575696209
Fidelity (MAX_ERROR);Tolerancja_0.01;269;4902;1.010809160525368e-06;0.0010053900539220427;0.00997682054720972;0.018291770235679763
Fidelity (MAX_ERROR);Tolerancja_0.1;269;4019;1.0501799977310522e-05;0.0032406480798307185;0.0999116791110799;0.05895939576855674
Fidelity (MAX_ERROR);Tolerancja_1.0;269;30;0.006965908466733852;0.08346201810844171;0.9807658886053918;1.5184833515014424
Fidelity (MAX_ERROR);Tolerancja_0.01;270;4949;1.9261187609889596e-06;0.0013878468074643396;0.009910785343137718;0.02560017272039355
Fidelity (MAX_ERROR);Tolerancja_0.1;270;4486;1.9561704291399687e-05;0.004422861550105281;0.09988578719704222;0.08158394643566744
Fidelity (MAX_ERROR);Tolerancja_1.0;270;39;0.009958914304904207;0.09979436008564917;0.9993921394277852;1.840803207510646
Fidelity (MAX_ERROR);Tolerancja_0.01;271;4977;4.146772576018225e-06;0.0020363625846145927;0.009765967244090845;0.03359367655570789
Fidelity (MAX_ERROR);Tolerancja_0.1;271;4765;4.244560565902683e-05;0.006515029213981072;0.09978291006640916;0.10747780666324248
Fidelity (MAX_ERROR);Tolerancja_1.0;271;2646;0.0005233509224032293;0.022876864348140662;0.9997865673872166;0.3773974179876686
Fidelity (MAX_ERROR);Tolerancja_0.01;272;4797;4.908848122160484e-07;0.0007006317236723216;0.009975788854347023;0.012418233490891974
Fidelity (MAX_ERROR);Tolerancja_0.1;272;2968;5.701934497957435e-06;0.00238787237890919;0.09996855637374402;0.04232345716851166
Fidelity (MAX_ERROR);Tolerancja_1.0;272;5;0.16893211617009446;0.4110135230988081;0.7802290439944706;7.284942610081184
Fidelity (MAX_ERROR);Tolerancja_0.01;273;4965;2.7188677361888373e-06;0.001648898946627366;0.009754821431696037;0.028088413140379426
Fidelity (MAX_ERROR);Tolerancja_0.1;273;4642;2.78875317206396e-05;0.005280864675471206;0.0997780172862841;0.08995767087271493
Fidelity (MAX_ERROR);Tolerancja_1.0;273;1413;0.0005199353038603172;0.022802089901154177;0.9999974869811776;0.3884255750891886
Fidelity (MAX_ERROR);Tolerancja_0.01;274;4948;1.868961435601628e-06;0.001367099643625741;0.009905605995806255;0.024179397903327567
Fidelity (MAX_ERROR);Tolerancja_0.1;274;4476;1.9169573734578708e-05;0.004378307176818309;0.09982055516700239;0.07743753856194138
Fidelity (MAX_ERROR);Tolerancja_1.0;274;83;0.004469525687904408;0.06685451135042726;0.9997155928540895;1.1824316092185638
Fidelity (MAX_ERROR);Tolerancja_0.01;275;4895;9.494921200368181e-07;0.0009744188627263011;0.009983018068325133;0.016694633901669306
Fidelity (MAX_ERROR);Tolerancja_0.1;275;3949;9.861500796473646e-06;0.0031403026600112364;0.09993232457476209;0.0538025332377536
Fidelity (MAX_ERROR);Tolerancja_1.0;275;7;0.19990205263547314;0.4471040736064403;0.939159508934786;7.660195333165581
Fidelity (MAX_ERROR);Tolerancja_0.01;276;4916;1.169936698711819e-06;0.001081636121212591;0.009941859300234057;0.017838837660671455
Fidelity (MAX_ERROR);Tolerancja_0.1;276;4156;1.2100322798704856e-05;0.003478551824927272;0.09989694261265569;0.05736986781612272
Fidelity (MAX_ERROR);Tolerancja_1.0;276;8;0.028955963563036646;0.17016451910735284;0.9722062971186749;2.806431083828118
Fidelity (MAX_ERROR);Tolerancja_0.01;277;4923;1.2693516122500802e-06;0.0011266550546862515;0.00988539656211529;0.021628723533509253
Fidelity (MAX_ERROR);Tolerancja_0.1;277;4222;1.3075740942530095e-05;0.003616039400024576;0.09988385512777853;0.06941815611095632
Fidelity (MAX_ERROR);Tolerancja_1.0;277;7;0.1960930404647854;0.44282393845046975;0.856438995323872;8.50101945482516
Fidelity (MAX_ERROR);Tolerancja_0.01;278;4934;1.4772602778799205e-06;0.0012154259656103783;0.009911086770901356;0.019777850462590903
Fidelity (MAX_ERROR);Tolerancja_0.1;278;4335;1.5218071028703556e-05;0.003901034610036619;0.09986509160832036;0.06347904467216943
Fidelity (MAX_ERROR);Tolerancja_1.0;278;15;0.01702562191378262;0.1304822666640284;0.990911717823332;2.123254588201162
Fidelity (MAX_ERROR);Tolerancja_0.01;279;4934;1.488605385578937e-06;0.0012200841715139727;0.009949077592615652;0.021883482756412786
Fidelity (MAX_ERROR);Tolerancja_0.1;279;4337;1.5287471503951166e-05;0.003909919628835248;0.09995241469563165;0.07012848848813717
Fidelity (MAX_ERROR);Tolerancja_1.0;279;40;0.006474321674564535;0.08046316967758936;0.9995384970974985;1.4431909103294827
Fidelity (MAX_ERROR);Tolerancja_0.01;280;4802;5.03171282713196e-07;0.0007093456722312444;0.009987739042878196;0.013065395912526
Fidelity (MAX_ERROR);Tolerancja_0.1;280;3022;5.797526428668791e-06;0.0024078053136972664;0.09995321529739964;0.0443492234255616
Fidelity (MAX_ERROR);Tolerancja_1.0;280;9;0.2088140918580213;0.45696180568842;0.9528847032122334;8.4167524268417
Fidelity (MAX_ERROR);Tolerancja_0.01;281;4520;2.0889402357592168e-07;0.00045704925727532003;0.009981771106944315;0.008114127489554167
Fidelity (MAX_ERROR);Tolerancja_0.1;281;454;9.616085219887742e-06;0.0031009813317541502;0.09997899425535994;0.055052617344969336
Fidelity (MAX_ERROR);Tolerancja_1.0;281;6;0.2569369425793138;0.5068894776766567;0.9971388667009373;8.998955319392019
Fidelity (MAX_ERROR);Tolerancja_0.01;282;4788;4.70033128075739e-07;0.0006855896207467985;0.009986834198645766;0.012599703567388239
Fidelity (MAX_ERROR);Tolerancja_0.1;282;2879;5.554189629892551e-06;0.0023567328295529284;0.09999429128610782;0.043311821155567976
Fidelity (MAX_ERROR);Tolerancja_1.0;282;5;0.15380129610419277;0.39217508348210084;0.8689514079851515;7.207357942507593
Fidelity (MAX_ERROR);Tolerancja_0.01;283;4911;1.103890991145802e-06;0.00105066216794258;0.009910643867351965;0.01741755965823728
Fidelity (MAX_ERROR);Tolerancja_0.1;283;4103;1.1426927440265306e-05;0.0033803738610197107;0.09989459470606121;0.05603881550884437
Fidelity (MAX_ERROR);Tolerancja_1.0;283;6;0.11761062859821372;0.3429440604504089;0.9294678684788247;5.6852229142598905
Fidelity (MAX_ERROR);Tolerancja_0.01;284;4944;1.72498152802679e-06;0.0013133855214775248;0.00987215143029374;0.02366535982212089
Fidelity (MAX_ERROR);Tolerancja_0.1;284;4433;1.780976473828857e-05;0.004220161695751547;0.0999570534904386;0.07604137810590388
Fidelity (MAX_ERROR);Tolerancja_1.0;284;26;0.01255966285591252;0.11206990165032055;0.9950274658418934;2.0193420015784147
Fidelity (MAX_ERROR);Tolerancja_0.01;285;264;8.325288405716025e-08;0.0002885357587148606;0.009987697308704746;0.00511086726004307
Fidelity (MAX_ERROR);Tolerancja_0.1;285;18;0.0001631286703147138;0.012772183459170706;0.09716917392880209;0.22623516257216417
Fidelity (MAX_ERROR);Tolerancja_1.0;285;6;0.12079212969059176;0.3475516216198563;0.6709023167926755;6.156222064202387
Fidelity (MAX_ERROR);Tolerancja_0.01;286;4807;5.159387047745137e-07;0.0007182887335706399;0.009972688972152532;0.012139287623766634
Fidelity (MAX_ERROR);Tolerancja_0.1;286;3066;5.907482268117882e-06;0.0024305312728121566;0.09995737425459339;0.04107668242623873
Fidelity (MAX_ERROR);Tolerancja_1.0;286;5;0.2906641452369238;0.5391327714366135;0.8489033964623953;9.111499977639358
Fidelity (MAX_ERROR);Tolerancja_0.01;287;4931;1.4166184376412022e-06;0.0011902178110082214;0.009885920906141266;0.022874756774821522
Fidelity (MAX_ERROR);Tolerancja_0.1;287;4303;1.4540805947217594e-05;0.0038132408719116595;0.09986568701282561;0.0732865502952762
Fidelity (MAX_ERROR);Tolerancja_1.0;287;12;0.02534916456918479;0.15921420969619762;0.9959143202162073;3.0599326343561115
Fidelity (MAX_ERROR);Tolerancja_0.01;288;4616;2.610470491146362e-07;0.000510927635888524;0.009994478517228345;0.00958826988091823
Fidelity (MAX_ERROR);Tolerancja_0.1;288;1172;5.586609920905833e-06;0.0023636010494382997;0.09998163362629509;0.044356271144786207
Fidelity (MAX_ERROR);Tolerancja_1.0;288;5;0.17763599740451053;0.4214688569805728;0.8802473674615499;7.909451091061305
Fidelity (MAX_ERROR);Tolerancja_0.01;289;4902;9.975817094214199e-07;0.0009987901228093016;0.009911306684063703;0.01976764265539851
Fidelity (MAX_ERROR);Tolerancja_0.1;289;4012;1.04375915627268e-05;0.00323072616647199;0.09994254360218768;0.06394120137735614
Fidelity (MAX_ERROR);Tolerancja_1.0;289;5;0.23839864691474266;0.48826083901408956;0.8604038295972241;9.663457384928895
Fidelity (MAX_ERROR);Tolerancja_0.01;290;4925;1.3271133780364031e-06;0.0011520040703211093;0.009975735181179779;0.020279821652303732
Fidelity (MAX_ERROR);Tolerancja_0.1;290;4249;1.3538526338694307e-05;0.0036794736496806586;0.09990089354941922;0.06477326887315213
Fidelity (MAX_ERROR);Tolerancja_1.0;290;24;0.009634666366466928;0.0981563363541393;0.9760739460807422;1.7279392031580452
Fidelity (MAX_ERROR);Tolerancja_0.01;291;4945;1.788992647806361e-06;0.0013375322978554055;0.009918911998799906;0.02205243241940751
Fidelity (MAX_ERROR);Tolerancja_0.1;291;4446;1.8185643591311907e-05;0.004264462872544666;0.09991094346754092;0.07030991285417924
Fidelity (MAX_ERROR);Tolerancja_1.0;291;13;0.02703769250294349;0.1644314218844546;0.9827850160981493;2.7110469216691935
Fidelity (MAX_ERROR);Tolerancja_0.01;292;4804;5.071307956517835e-07;0.0007121311646401831;0.009976377259627078;0.01074482741051155
Fidelity (MAX_ERROR);Tolerancja_0.1;292;3038;5.840433583305607e-06;0.0024166989020781232;0.09995879311375777;0.03646380596069333
Fidelity (MAX_ERROR);Tolerancja_1.0;292;9;0.14108467299514982;0.37561239728628476;0.9353108391433356;5.667341330482051
Fidelity (MAX_ERROR);Tolerancja_0.01;293;4707;3.4132615540526056e-07;0.000584231251650629;0.009986385927221342;0.011445546821784688
Fidelity (MAX_ERROR);Tolerancja_0.1;293;2071;4.857761199998686e-06;0.0022040329398624434;0.09997680591338653;0.043178727838812624
Fidelity (MAX_ERROR);Tolerancja_1.0;293;6;0.1554585439265785;0.3942823150061115;0.895785542815716;7.724298699623064
Fidelity (MAX_ERROR);Tolerancja_0.01;294;4880;8.245209383673666e-07;0.0009080313531852117;0.009965453763213006;0.014855464462763373
Fidelity (MAX_ERROR);Tolerancja_0.1;294;3797;8.715484598376674e-06;0.002952199959077412;0.09992802530324951;0.04829822387212283
Fidelity (MAX_ERROR);Tolerancja_1.0;294;5;0.2570569459409821;0.5070078361731524;0.9772851741376352;8.294688136254857
Fidelity (MAX_ERROR);Tolerancja_0.01;295;4954;2.098609129113001e-06;0.0014486576990831897;0.009878775772897086;0.024760388101129457
Fidelity (MAX_ERROR);Tolerancja_0.1;295;4535;2.1599731129603533e-05;0.004647551089509779;0.09986189217815955;0.07943572092214514
Fidelity (MAX_ERROR);Tolerancja_1.0;295;356;0.001305378968771483;0.03613002862954143;0.9998695873349428;0.6175327211794233
Fidelity (MAX_ERROR);Tolerancja_0.01;296;4574;2.3483181737946292e-07;0.00048459448756611224;0.009978687936189168;0.012005838308496735
Fidelity (MAX_ERROR);Tolerancja_0.1;296;832;6.529881513093868e-06;0.0025553632839762468;0.09999824617425723;0.06330917745469099
Fidelity (MAX_ERROR);Tolerancja_1.0;296;4;0.17258930380402113;0.41543868838135567;0.79750292858155;10.292501973869559
Fidelity (MAX_ERROR);Tolerancja_0.01;297;4915;1.1704764705875368e-06;0.0010818856088272626;0.009973310471206531;0.019546329121103927
Fidelity (MAX_ERROR);Tolerancja_0.1;297;4148;1.2010503674563974e-05;0.003465617358359687;0.09997127683580675;0.06261299433286464
Fidelity (MAX_ERROR);Tolerancja_1.0;297;4;0.18472822332767128;0.42980021327085366;0.9240926640030036;7.765161451790878
Fidelity (MAX_ERROR);Tolerancja_0.01;298;4901;9.94921726165609e-07;0.000997457631263408;0.00992298573933148;0.020766048243957336
Fidelity (MAX_ERROR);Tolerancja_0.1;298;4003;1.0357273680925202e-05;0.0032182718469584265;0.09993963645751158;0.06700113001437324
Fidelity (MAX_ERROR);Tolerancja_1.0;298;4;0.12501667706468889;0.353576974737735;0.868309126947767;7.361111174272337
Fidelity (MAX_ERROR);Tolerancja_0.01;299;4865;7.328529026707274e-07;0.000856068281546938;0.009943659497852586;0.014955392826686915
Fidelity (MAX_ERROR);Tolerancja_0.1;299;3643;7.843128276447753e-06;0.002800558565080858;0.09998202246022014;0.04892536539169791
Fidelity (MAX_ERROR);Tolerancja_1.0;299;4;0.13908328514818205;0.3729387150031249;0.9242925740373389;6.51518705151998
Fidelity (MAX_ERROR);Tolerancja_0.01;300;4838;6.132930812046628e-07;0.000783130309210838;0.009978763131457846;0.013308898861819789
Fidelity (MAX_ERROR);Tolerancja_0.1;300;3377;6.75371862551722e-06;0.0025987917626307078;0.09998226855754577;0.04416513615292954
Fidelity (MAX_ERROR);Tolerancja_1.0;300;7;0.3145198654206245;0.5608207070184057;0.9755975209195462;9.530860932765611
Fidelity (MAX_ERROR);Tolerancja_0.01;301;4853;6.717067044284446e-07;0.0008195771497720301;0.009933333999565086;0.014607929420236237
Fidelity (MAX_ERROR);Tolerancja_0.1;301;3521;7.285394699217153e-06;0.0026991470317893305;0.09996614130910508;0.048108892916531476
Fidelity (MAX_ERROR);Tolerancja_1.0;301;7;0.14650227020066472;0.3827561497881709;0.9135046229270394;6.822145813633547
Fidelity (MAX_ERROR);Tolerancja_0.01;302;757;6.215251901347557e-08;0.000249304069388118;0.009997803343665623;0.0043784407181166355
Fidelity (MAX_ERROR);Tolerancja_0.1;302;22;0.0004888658369396727;0.02211031064774244;0.09131220402340468;0.38831570085432904
Fidelity (MAX_ERROR);Tolerancja_1.0;302;5;0.18865529623482857;0.43434467446352854;0.9134896051978121;7.628244549059363
Fidelity (MAX_ERROR);Tolerancja_0.01;303;4684;3.168593390789857e-07;0.0005629026017696007;0.009998048970206952;0.010054268997387206
Fidelity (MAX_ERROR);Tolerancja_0.1;303;1849;4.854001013782532e-06;0.0022031797506745863;0.09996925513076249;0.03935203318165767
Fidelity (MAX_ERROR);Tolerancja_1.0;303;7;0.19499304349375457;0.44158016655388244;0.9289578674980952;7.887271731355401
Fidelity (MAX_ERROR);Tolerancja_0.01;304;4934;1.4771179066056897e-06;0.0012153673957308916;0.009910611048380424;0.0220684939979842
Fidelity (MAX_ERROR);Tolerancja_0.1;304;4335;1.5216617446277781e-05;0.0039008482982907425;0.09986227748851118;0.07083113103104617
Fidelity (MAX_ERROR);Tolerancja_1.0;304;24;0.014379058959113525;0.11991271391772236;0.9919202614249185;2.1773605386080295
Fidelity (MAX_ERROR);Tolerancja_0.01;305;4972;3.4412400054979587e-06;0.0018550579520591691;0.00990475562182258;0.03371943699484246
Fidelity (MAX_ERROR);Tolerancja_0.1;305;4718;3.5317026459158805e-05;0.005942813008934305;0.09975528279518464;0.10802266775787435
Fidelity (MAX_ERROR);Tolerancja_1.0;305;2175;0.000489249154648242;0.022118977251406585;0.9996803187858507;0.402057228989129
Fidelity (MAX_ERROR);Tolerancja_0.01;306;3949;9.861674605643755e-08;0.0003140330333841291;0.009994739069763448;0.005532724513669929
Fidelity (MAX_ERROR);Tolerancja_0.1;306;19;0.0006882759118469797;0.026235013090276506;0.09603233885585194;0.4622160238266197
Fidelity (MAX_ERROR);Tolerancja_1.0;306;8;0.20256891006413788;0.45007656022518866;0.9343939873275113;7.929578589078427
Fidelity (MAX_ERROR);Tolerancja_0.01;307;4950;1.944381184453444e-06;0.0013944106943269776;0.009909246160738405;0.02461663065597847
Fidelity (MAX_ERROR);Tolerancja_0.1;307;4496;1.9942707472764047e-05;0.004465725861801645;0.09988570918025363;0.07883697722490667
Fidelity (MAX_ERROR);Tolerancja_1.0;307;58;0.00686994250445139;0.08288511630233374;0.9999468382869301;1.4632362640313512
Fidelity (MAX_ERROR);Tolerancja_0.01;308;4963;2.601156116894026e-06;0.0016128100064465207;0.009810120563064295;0.02869422795485799
Fidelity (MAX_ERROR);Tolerancja_0.1;308;4623;2.6627100536355497e-05;0.005160145398761114;0.09995828498093218;0.09180646682524954
Fidelity (MAX_ERROR);Tolerancja_1.0;308;1238;0.0005458013163313658;0.023362391066227912;0.9999842817996472;0.41565080334656906
Fidelity (MAX_ERROR);Tolerancja_0.01;309;4908;1.061599300426486e-06;0.0010303394103044327;0.009908277799810072;0.01901439468526757
Fidelity (MAX_ERROR);Tolerancja_0.1;309;4072;1.1073241576203571e-05;0.0033276480547382967;0.09995432289810413;0.06141006822961532
Fidelity (MAX_ERROR);Tolerancja_1.0;309;8;0.25003637687819336;0.5000363755550123;0.9859455046836825;9.227919369777775
Fidelity (MAX_ERROR);Tolerancja_0.01;310;4849;6.570554379466106e-07;0.0008105895619526633;0.009956955802196354;0.01450789037996499
Fidelity (MAX_ERROR);Tolerancja_0.1;310;3484;7.137155781390896e-06;0.002671545579134089;0.0999668548537409;0.0478151856702799
Fidelity (MAX_ERROR);Tolerancja_1.0;310;2;0.22316496947787046;0.4724033969796052;0.8939734443067131;8.455051755161177
Fidelity (MAX_ERROR);Tolerancja_0.01;311;4661;2.957833279038818e-07;0.0005438596582794883;0.00999501955939408;0.009930014335399875
Fidelity (MAX_ERROR);Tolerancja_0.1;311;1637;4.897789311357231e-06;0.0022130949621191657;0.09997031345572704;0.04040760215414085
Fidelity (MAX_ERROR);Tolerancja_1.0;311;7;0.07871052610790921;0.28055396291606577;0.9915206418814284;5.122470165231685
Fidelity (MAX_ERROR);Tolerancja_0.01;312;4451;1.8338246796276538e-07;0.00042823179233070186;0.009984328950736199;0.008281768622055909
Fidelity (MAX_ERROR);Tolerancja_0.1;312;85;3.958186597276871e-05;0.0062914120809853735;0.09999083575422407;0.12167246826104593
Fidelity (MAX_ERROR);Tolerancja_1.0;312;6;0.16372179604441459;0.4046255009813576;0.8382227311755592;7.825235859936432
Fidelity (MAX_ERROR);Tolerancja_0.01;313;4805;5.104233036209813e-07;0.0007144391531970944;0.00997036308237842;0.012845909241604494
Fidelity (MAX_ERROR);Tolerancja_0.1;313;3045;5.867999940093226e-06;0.0024223954962171693;0.09996725891748692;0.04355566538091546
Fidelity (MAX_ERROR);Tolerancja_1.0;313;5;0.22006168810480276;0.4691073311138963;0.9605256092196157;8.434742375321612
Fidelity (MAX_ERROR);Tolerancja_0.01;314;4942;1.6967763979903677e-06;0.001302603699515078;0.009962833687687578;0.02190584936620777
Fidelity (MAX_ERROR);Tolerancja_0.1;314;4418;1.73511613932784e-05;0.004165472529411087;0.09997496296162023;0.07005063305311111
Fidelity (MAX_ERROR);Tolerancja_1.0;314;34;0.008904764765295713;0.09436506114709889;0.9974385648590198;1.586934549388178
Fidelity (MAX_ERROR);Tolerancja_0.01;315;4767;4.2697561427845996e-07;0.0006534337106994557;0.00996562755527819;0.010351364423406272
Fidelity (MAX_ERROR);Tolerancja_0.1;315;2672;5.223791901631571e-06;0.002285561616240431;0.09996198990613259;0.036206704390150224
Fidelity (MAX_ERROR);Tolerancja_1.0;315;13;0.021038897967441166;0.14504791610857828;0.9337985435179306;2.2977752967295837
Fidelity (MAX_ERROR);Tolerancja_0.01;316;4965;2.7704938739239347e-06;0.0016644800611373915;0.009846998615120839;0.030476858091350215
Fidelity (MAX_ERROR);Tolerancja_0.1;316;4645;2.8216676715614164e-05;0.005311937190480905;0.09987674600140206;0.09726229813400514
Fidelity (MAX_ERROR);Tolerancja_1.0;316;1446;0.0005157410827759437;0.022709933570487246;0.9999849660986317;0.4158219968215045
Fidelity (MAX_ERROR);Tolerancja_0.01;317;4635;2.742670013833606e-07;0.0005237050709925965;0.009983444550707432;0.009285073920282513
Fidelity (MAX_ERROR);Tolerancja_0.1;317;1348;5.28056064685882e-06;0.002297947050490681;0.09997871083395449;0.0407416490893646
Fidelity (MAX_ERROR);Tolerancja_1.0;317;8;0.17600128104184296;0.41952506604712303;0.8382626806221456;7.4380055978377335
Fidelity (MAX_ERROR);Tolerancja_0.01;318;4417;1.7288299733728547e-07;0.00041579201211337075;0.009983526399524933;0.007333575320365385
Fidelity (MAX_ERROR);Tolerancja_0.1;318;48;5.9037141583555485e-05;0.007683563078647529;0.09986053131320372;0.13551965147102496
Fidelity (MAX_ERROR);Tolerancja_1.0;318;2;0.22587942515714293;0.4752677404970202;0.9451903266104287;8.382584731628821
Fidelity (MAX_ERROR);Tolerancja_0.01;319;4918;1.1850835725169785e-06;0.0010886154383054553;0.009886948818762953;0.02320766966418037
Fidelity (MAX_ERROR);Tolerancja_0.1;319;4171;1.233186042722365e-05;0.0035116748749312843;0.09995983629041927;0.07486370999135109
Fidelity (MAX_ERROR);Tolerancja_1.0;319;10;0.024251911541025652;0.15573025249136935;0.9539991622696897;3.3199384551856865
Fidelity (MAX_ERROR);Tolerancja_0.01;320;4880;8.22031808374161e-07;0.0009066596982187755;0.009950391852750151;0.01864840572296145
Fidelity (MAX_ERROR);Tolerancja_0.1;320;3795;8.70508979150994e-06;0.0029504389150616117;0.09993411299681121;0.06068537297618656
Fidelity (MAX_ERROR);Tolerancja_1.0;320;5;0.18369013259903355;0.42859086854368883;0.9979557560458412;8.815365259381542
Fidelity (MAX_ERROR);Tolerancja_0.01;321;4927;1.3432914674421673e-06;0.0011590045157125865;0.009901672297512931;0.021340558161530424
Fidelity (MAX_ERROR);Tolerancja_0.1;321;4263;1.3806962775951214e-05;0.0037157721641606625;0.09996759930004018;0.06841789735004848
Fidelity (MAX_ERROR);Tolerancja_1.0;321;7;0.2074180052054523;0.4554316690848939;0.9251287044474923;8.38578788170938
Fidelity (MAX_ERROR);Tolerancja_0.01;322;4945;1.7938126185270998e-06;0.001339332900561731;0.009932264663188306;0.02420431570970754
Fidelity (MAX_ERROR);Tolerancja_0.1;322;4447;1.8217836042062157e-05;0.004268235706010407;0.09986456394604382;0.07713521000521462
Fidelity (MAX_ERROR);Tolerancja_1.0;322;15;0.054544670735480576;0.23354800520552638;0.9889114784427129;4.220660635601577
Fidelity (MAX_ERROR);Tolerancja_0.01;323;4486;1.953441043747261e-07;0.0004419774930635338;0.00998225782830886;0.008031876310466663
Fidelity (MAX_ERROR);Tolerancja_0.1;323;209;1.8427332542100063e-05;0.004292706901490022;0.09996727903192326;0.07800960775371021
Fidelity (MAX_ERROR);Tolerancja_1.0;323;5;0.24569076478275229;0.49567203348862876;0.912455631131083;9.007645244428465
Fidelity (MAX_ERROR);Tolerancja_0.01;324;4947;1.8269121075596779e-06;0.001351633126095864;0.009839584457270512;0.02168231614299479
Fidelity (MAX_ERROR);Tolerancja_0.1;324;4462;1.8704050140430618e-05;0.00432481793147765;0.09988242591755636;0.06937686554194473
Fidelity (MAX_ERROR);Tolerancja_1.0;324;35;0.01006387328546689;0.10031885807497457;0.9977813495734464;1.6092718903454526
Fidelity (MAX_ERROR);Tolerancja_0.01;325;4834;5.949582735947702e-07;0.0007713353833416241;0.009948529654535854;0.014706413923713541
Fidelity (MAX_ERROR);Tolerancja_0.1;325;3333;6.602286989570829e-06;0.0025694915819225463;0.09996602573883706;0.04899037123584693
Fidelity (MAX_ERROR);Tolerancja_1.0;325;5;0.16315409052511337;0.40392337209564066;0.9595464869051478;7.701272924581646
Fidelity (MAX_ERROR);Tolerancja_0.01;326;4421;1.7417610357202122e-07;0.0004173441069094198;0.00998942047339657;0.007858776054943659
Fidelity (MAX_ERROR);Tolerancja_0.1;326;223;1.4075211918943231e-05;0.003751694539663808;0.09997081902382732;0.07064608491086696
Fidelity (MAX_ERROR);Tolerancja_1.0;326;7;0.033184733324528745;0.1821667733823288;0.8182884388174214;3.4302817578160014
Fidelity (MAX_ERROR);Tolerancja_0.01;327;2447;4.933196704827422e-08;0.0002221080076185328;0.009999688869056556;0.004056348341929145
Fidelity (MAX_ERROR);Tolerancja_0.1;327;15;0.0011195806298489582;0.03346013493470937;0.08532834930524746;0.611080907520638
Fidelity (MAX_ERROR);Tolerancja_1.0;327;6;0.1652203422312174;0.4064730522817194;0.9894617015735321;7.423398684902953
Fidelity (MAX_ERROR);Tolerancja_0.01;328;4964;2.6690185064489497e-06;0.00163371310408191;0.009870863008758946;0.029438594341080145
Fidelity (MAX_ERROR);Tolerancja_0.1;328;4636;2.744753177496253e-05;0.005239039203419128;0.09980586812817727;0.09440454964896866
Fidelity (MAX_ERROR);Tolerancja_1.0;328;1357;0.0005269234818306925;0.022954813914094197;0.999889665120234;0.41363287917786123
Fidelity (MAX_ERROR);Tolerancja_0.01;329;4878;8.160240787584244e-07;0.0009033405109693821;0.009995824424896327;0.014339455070292568
Fidelity (MAX_ERROR);Tolerancja_0.1;329;3780;8.612030774978525e-06;0.002934626172952617;0.09998116718031724;0.046583696451298603
Fidelity (MAX_ERROR);Tolerancja_1.0;329;1;0.27626556676977987;0.5256097095467128;0.9125929935800903;8.343428334091476
Fidelity (MAX_ERROR);Tolerancja_0.01;330;4898;9.695920082578557e-07;0.000984678631969769;0.009967555606642975;0.017266976301085618
Fidelity (MAX_ERROR);Tolerancja_0.1;330;3977;1.0119865334143338e-05;0.0031811735781222842;0.09998368059126506;0.055783934981097086
Fidelity (MAX_ERROR);Tolerancja_1.0;330;11;0.2354562180326754;0.48523831055747796;0.9437791512359208;8.508967430332163
Fidelity (MAX_ERROR);Tolerancja_0.01;331;4560;2.2805768551336318e-07;0.0004775538561391408;0.009991241590728173;0.009148750165045011
Fidelity (MAX_ERROR);Tolerancja_0.1;331;637;8.092264753433483e-06;0.00284469062525848;0.09999076746649127;0.05449723312411643
Fidelity (MAX_ERROR);Tolerancja_1.0;331;4;0.165928434887242;0.40734314145108913;0.8027945539824808;7.803686609735581
Fidelity (MAX_ERROR);Tolerancja_0.01;332;4888;8.740084857855816e-07;0.0009348842098279239;0.009914029211792297;0.01594810391612413
Fidelity (MAX_ERROR);Tolerancja_0.1;332;3871;9.236834730016493e-06;0.0030392161374302572;0.09995231658474868;0.05184570909826421
Fidelity (MAX_ERROR);Tolerancja_1.0;332;5;0.10035336413256493;0.31678599106110256;0.9722206308166559;5.404023141587488
Fidelity (MAX_ERROR);Tolerancja_0.01;333;4951;2.0108279210694595e-06;0.0014180366430630272;0.0099258665529538;0.02499024964443903
Fidelity (MAX_ERROR);Tolerancja_0.1;333;4507;2.0393123856634814e-05;0.0045158746502349705;0.09986836132143839;0.0795838636641985
Fidelity (MAX_ERROR);Tolerancja_1.0;333;187;0.0022289729151474163;0.04721199969443591;0.99988877928691;0.8320233925892225
Fidelity (MAX_ERROR);Tolerancja_0.01;334;4981;4.886742236262608e-06;0.0022105977101821595;0.00963571498662219;0.03899932003989934
Fidelity (MAX_ERROR);Tolerancja_0.1;334;4803;5.073198917902513e-05;0.007122639200396516;0.09990717741569988;0.1256574565446857
Fidelity (MAX_ERROR);Tolerancja_1.0;334;3029;0.0005834808083383956;0.024155347406700563;0.99961118942878;0.4261481498192816
Fidelity (MAX_ERROR);Tolerancja_0.01;335;4961;2.4996713415072055e-06;0.0015810348957272277;0.00987331369170974;0.028006258098208784
Fidelity (MAX_ERROR);Tolerancja_0.1;335;4605;2.5446673256332364e-05;0.005044469571355581;0.0999997888977644;0.08935711486555273
Fidelity (MAX_ERROR);Tolerancja_1.0;335;1059;0.0005904500317667787;0.02429917759445325;0.9999091150499444;0.43043264960413613
Fidelity (MAX_ERROR);Tolerancja_0.01;336;4849;6.54977127914641e-07;0.0008093065722670495;0.009941253681301276;0.014938393238558357
Fidelity (MAX_ERROR);Tolerancja_0.1;336;3483;7.1228860321818006e-06;0.002668873551178812;0.09993915488994265;0.04926276886621056
Fidelity (MAX_ERROR);Tolerancja_1.0;336;10;0.1971003744773729;0.44395987935552567;0.9198593323739708;8.19472803906425
Fidelity (MAX_ERROR);Tolerancja_0.01;337;4815;5.408509001088757e-07;0.0007354256591314147;0.009997280429929312;0.01233305299530364
Fidelity (MAX_ERROR);Tolerancja_0.1;337;3151;6.101740174949241e-06;0.0024701700700456315;0.0999692108407988;0.04142463347997201
Fidelity (MAX_ERROR);Tolerancja_1.0;337;10;0.18494611269117112;0.43005361606568443;0.9472416303883273;7.211978494229139
Fidelity (MAX_ERROR);Tolerancja_0.01;338;4945;1.7859160089270763e-06;0.001336381685345574;0.009910379168982963;0.02673102335583582
Fidelity (MAX_ERROR);Tolerancja_0.1;338;4446;1.8154369791417308e-05;0.004260794502368931;0.09982491213517353;0.0852266972873013
Fidelity (MAX_ERROR);Tolerancja_1.0;338;11;0.04499830826120645;0.21212804685191078;0.9846009046288624;4.2430989866191995
Fidelity (MAX_ERROR);Tolerancja_0.01;339;4912;1.1264116671735755e-06;0.0010613254294388576;0.009983267217272385;0.019369042755060628
Fidelity (MAX_ERROR);Tolerancja_0.1;339;4119;1.1637193586907747e-05;0.0034113331099304488;0.09995074614126143;0.06225635891239456
Fidelity (MAX_ERROR);Tolerancja_1.0;339;10;0.12376119969670075;0.3517971001823363;0.8718220031371153;6.420248573654448
Fidelity (MAX_ERROR);Tolerancja_0.01;340;4892;9.104002357977977e-07;0.0009541489589145909;0.009936953844172258;0.020039083455445483
Fidelity (MAX_ERROR);Tolerancja_0.1;340;3914;9.563048102606967e-06;0.003092417840882271;0.09992535963949667;0.06494711188810869
Fidelity (MAX_ERROR);Tolerancja_1.0;340;5;0.16950639818172794;0.411711547301904;0.8532506615044193;8.646786205519467
Fidelity (MAX_ERROR);Tolerancja_0.01;341;4882;8.41690451298277e-07;0.0009174368922701316;0.009984828504383536;0.01650035535556955
Fidelity (MAX_ERROR);Tolerancja_0.1;341;3819;8.866679967685188e-06;0.0029776970913249702;0.09993305513030037;0.053554702848859305
Fidelity (MAX_ERROR);Tolerancja_1.0;341;5;0.09784242639271493;0.3127977403894007;0.6292537572667225;5.6257535688074425
Fidelity (MAX_ERROR);Tolerancja_0.01;342;4909;1.0910691465963272e-06;0.0010445425537508404;0.009962948894261636;0.018572708306116802
Fidelity (MAX_ERROR);Tolerancja_0.1;342;4087;1.125401461292159e-05;0.0033547003760278785;0.09996346121924127;0.0596489547646024
Fidelity (MAX_ERROR);Tolerancja_1.0;342;6;0.20916064745240737;0.4573408438488819;0.9171207293013133;8.1318449485637
Fidelity (MAX_ERROR);Tolerancja_0.01;343;4962;2.47256123506765e-06;0.0015724379908497663;0.009757342514549627;0.02753984016851776
Fidelity (MAX_ERROR);Tolerancja_0.1;343;4611;2.5775973449954193e-05;0.00507700437757879;0.0998871581028169;0.08891917513251148
Fidelity (MAX_ERROR);Tolerancja_1.0;343;1132;0.0005649051090272688;0.02376773251758082;0.9999776835525775;0.41627050383622777
Fidelity (MAX_ERROR);Tolerancja_0.01;344;4975;3.99974698124797e-06;0.001999936744311672;0.009999581089472187;0.03527972935976062
Fidelity (MAX_ERROR);Tolerancja_0.1;344;4750;3.999860639667102e-05;0.006324445145360265;0.09999582104451576;0.11156588512790987
Fidelity (MAX_ERROR);Tolerancja_1.0;344;2500;0.000509094408687138;0.02256312054409004;0.9999716971117314;0.3980229817624166
Fidelity (MAX_ERROR);Tolerancja_0.01;345;4906;1.0555339110756898e-06;0.0010273918001793131;0.009986102964211874;0.019010866919561293
Fidelity (MAX_ERROR);Tolerancja_0.1;345;4059;1.0940612719623379e-05;0.0033076597043262142;0.09997609290746823;0.06120496430199877
Fidelity (MAX_ERROR);Tolerancja_1.0;345;5;0.23249471483301995;0.48217705755564516;0.9268545817851752;8.922208519920197
Fidelity (MAX_ERROR);Tolerancja_0.01;346;4919;1.2167172494448794e-06;0.001103049069373108;0.009926381016344799;0.022034299014069298
Fidelity (MAX_ERROR);Tolerancja_0.1;346;4185;1.2514308635158059e-05;0.0035375568737700965;0.09988770187683293;0.0706655652048428
Fidelity (MAX_ERROR);Tolerancja_1.0;346;18;0.010512227243808282;0.10252915314098855;0.9870917763152098;2.0481029182607293
Fidelity (MAX_ERROR);Tolerancja_0.01;347;4920;1.2249549470071018e-06;0.0011067768280042286;0.009929362099637018;0.019271010094989018
Fidelity (MAX_ERROR);Tolerancja_0.1;347;4195;1.2672376403081902e-05;0.003559828142352086;0.09991502823850151;0.06198312282287043
Fidelity (MAX_ERROR);Tolerancja_1.0;347;4;0.07183456295608326;0.26801970628310756;0.998451955527444;4.666713590987851
Fidelity (MAX_ERROR);Tolerancja_0.01;348;4934;1.4781580450030254e-06;0.001215795231526685;0.009914094684456032;0.02038427137941082
Fidelity (MAX_ERROR);Tolerancja_0.1;348;4335;1.5227319011601745e-05;0.0039022197543964313;0.09989206652803428;0.06542541407719678
Fidelity (MAX_ERROR);Tolerancja_1.0;348;5;0.3348830723543948;0.5786908262227722;0.988082083170216;9.702448685941855
Fidelity (MAX_ERROR);Tolerancja_0.01;349;4888;8.890042539418903e-07;0.0009428702211555365;0.009998710910382513;0.017020723989705402
Fidelity (MAX_ERROR);Tolerancja_0.1;349;3880;9.309308920619567e-06;0.0030511160123173893;0.09999555446345543;0.05507884578492601
Fidelity (MAX_ERROR);Tolerancja_1.0;349;3;0.20500243686882413;0.4527719479703045;0.8411733532509871;8.173453974651022
Fidelity (MAX_ERROR);Tolerancja_0.01;350;4936;1.5286328841454761e-06;0.0012363789403518146;0.009929238175257815;0.020744864015314776
Fidelity (MAX_ERROR);Tolerancja_0.1;350;4356;1.5703410646206704e-05;0.003962752912585733;0.09991380051785459;0.0664899470663027
Fidelity (MAX_ERROR);Tolerancja_1.0;350;11;0.0504460331374499;0.22460194375260847;0.9722450723592253;3.7685345719310086
Fidelity (MAX_ERROR);Tolerancja_0.01;351;4955;2.181405688309367e-06;0.001476958255438984;0.00990740752390451;0.026600825026534755
Fidelity (MAX_ERROR);Tolerancja_0.1;351;4546;2.2132211690350712e-05;0.004704488462133871;0.09995496529069392;0.08473040721342484
Fidelity (MAX_ERROR);Tolerancja_1.0;351;464;0.0010501282617626168;0.032405682553567926;0.9999584339302343;0.5836440456583386
Fidelity (MAX_ERROR);Tolerancja_0.01;352;4862;7.1547645415749e-07;0.0008458584125948562;0.009951568438003378;0.01623396296115972
Fidelity (MAX_ERROR);Tolerancja_0.1;352;3614;7.697286289324158e-06;0.00277439836529006;0.09997966289796789;0.053247067867366146
Fidelity (MAX_ERROR);Tolerancja_1.0;352;7;0.035455859840505775;0.18829726455927545;0.960160366134251;3.6138563771749137
Fidelity (MAX_ERROR);Tolerancja_0.01;353;4768;4.2724608919168866e-07;0.000653640642242883;0.009958100062936737;0.011757698253520967
Fidelity (MAX_ERROR);Tolerancja_0.1;353;2676;5.2477688044880094e-06;0.002290800908959137;0.09999571525316497;0.041206963131929335
Fidelity (MAX_ERROR);Tolerancja_1.0;353;8;0.10451790937534255;0.32329229711724117;0.8001113141378915;5.815386974942279
Fidelity (MAX_ERROR);Tolerancja_0.01;354;4957;2.325681104816229e-06;0.0015250183949107724;0.009999910754866725;0.027006495419989632
Fidelity (MAX_ERROR);Tolerancja_0.1;354;4570;2.337036189630356e-05;0.004834290216392015;0.09999949111012452;0.0856102700292546
Fidelity (MAX_ERROR);Tolerancja_1.0;354;707;0.0007623381463172694;0.027610471678645214;0.9998043036252646;0.48895284110767295
Fidelity (MAX_ERROR);Tolerancja_0.01;355;4171;1.2300612822669622e-07;0.00035072229502370705;0.00999047563453015;0.0062033408921853975
Fidelity (MAX_ERROR);Tolerancja_0.1;355;98;2.0692946061767274e-05;0.004548949995522843;0.09954565157190132;0.080458778709309
Fidelity (MAX_ERROR);Tolerancja_1.0;355;5;0.15555277860581793;0.3944017984312672;0.846912862516171;6.97591467344488
Fidelity (MAX_ERROR);Tolerancja_0.01;356;4947;1.8524339847560896e-06;0.0013610415073597461;0.009908075979857323;0.020551948120438753
Fidelity (MAX_ERROR);Tolerancja_0.1;356;4466;1.8821520162844423e-05;0.004338377595696855;0.09983052514799429;0.06551020728721135
Fidelity (MAX_ERROR);Tolerancja_1.0;356;53;0.006755136539955282;0.08218963766774545;0.9987217330733298;1.2410768960763887
Fidelity (MAX_ERROR);Tolerancja_0.01;357;4566;2.313687838908253e-07;0.0004810080912945491;0.009995869801254997;0.008372197004432471
Fidelity (MAX_ERROR);Tolerancja_0.1;357;732;7.208624577223266e-06;0.0026848881870989087;0.09999305807456249;0.046731880906137974
Fidelity (MAX_ERROR);Tolerancja_1.0;357;4;0.14635980663608317;0.38257000226897453;0.7974092948107567;6.658830661999569
Fidelity (MAX_ERROR);Tolerancja_0.01;358;4114;1.1576889117373393e-07;0.00034024827872266146;0.009998542903189467;0.005680554883316052
Fidelity (MAX_ERROR);Tolerancja_0.1;358;8;0.0010046430234937436;0.031696104232125176;0.08777801955218223;0.5291766951880875
Fidelity (MAX_ERROR);Tolerancja_1.0;358;3;0.13887766933766094;0.3726629433384287;0.652684671499018;6.221728176140369
Fidelity (MAX_ERROR);Tolerancja_0.01;359;4960;2.3733299251644165e-06;0.0015405615616275827;0.009804588939848369;0.030927715513329814
Fidelity (MAX_ERROR);Tolerancja_0.1;359;4593;2.45871933789871e-05;0.0049585475069809605;0.09976276204312606;0.09954587370933674
Fidelity (MAX_ERROR);Tolerancja_1.0;359;934;0.0006326313449309586;0.02515216382204439;0.9997656999355473;0.5049450710759104
Fidelity (MAX_ERROR);Tolerancja_0.01;360;4724;3.6014884138236696e-07;0.0006001240216674941;0.009966650614251726;0.010677538041183935
Fidelity (MAX_ERROR);Tolerancja_0.1;360;2234;4.908077908978014e-06;0.0022154182243942144;0.09998567259538227;0.03941720630074669
Fidelity (MAX_ERROR);Tolerancja_1.0;360;6;0.1438797135259534;0.379314794762811;0.8329820819643099;6.748851911326796
Fidelity (MAX_ERROR);Tolerancja_0.01;361;4955;2.1896539294754053e-06;0.0014797479276807267;0.009926121390419596;0.029080370887277322
Fidelity (MAX_ERROR);Tolerancja_0.1;361;4547;2.219106607618111e-05;0.004710739440489264;0.09992399646103234;0.09257661221899023
Fidelity (MAX_ERROR);Tolerancja_1.0;361;492;0.0009931199435102918;0.03151380560183571;0.9998064620514491;0.6193170727444813
Fidelity (MAX_ERROR);Tolerancja_0.01;362;4958;2.3418844019762152e-06;0.0015303216661787858;0.009976901145054562;0.027327972907309993
Fidelity (MAX_ERROR);Tolerancja_0.1;362;4580;2.3809448182347614e-05;0.004879492615257002;0.09976931329598138;0.08713634848033562
Fidelity (MAX_ERROR);Tolerancja_1.0;362;795;0.0007041728018759466;0.02653625448091623;0.9999055561722843;0.47387556455809854
Fidelity (MAX_ERROR);Tolerancja_0.01;363;4924;1.2821874956414935e-06;0.0011323371828397641;0.009903191354810659;0.019153596889052167
Fidelity (MAX_ERROR);Tolerancja_0.1;363;4233;1.3281267532844365e-05;0.0036443473397639206;0.09994456830292542;0.061644500354984304
Fidelity (MAX_ERROR);Tolerancja_1.0;363;4;0.2504370740154445;0.500436883148559;0.9081610639464746;8.464940013894774
Fidelity (MAX_ERROR);Tolerancja_0.01;364;4896;9.438067771375975e-07;0.0009714971832885557;0.009929522511377797;0.019132544791474183
Fidelity (MAX_ERROR);Tolerancja_0.1;364;3953;9.903906134363822e-06;0.0031470472087917305;0.09996861611448882;0.06197755661964448
Fidelity (MAX_ERROR);Tolerancja_1.0;364;3;0.15612536334321434;0.3951270217831404;0.7925140669852171;7.7815824612044295
Fidelity (MAX_ERROR);Tolerancja_0.01;365;3631;7.740900332741095e-08;0.00027822473529039605;0.009994926129586634;0.004953364580582511
Fidelity (MAX_ERROR);Tolerancja_0.1;365;49;4.606301734885637e-05;0.0067869740937222065;0.09921368007571063;0.12083166167841128
Fidelity (MAX_ERROR);Tolerancja_1.0;365;5;0.18037005911006537;0.4246999636332282;0.8942560899621501;7.56113131005333
Fidelity (MAX_ERROR);Tolerancja_0.01;366;4313;1.476087995864881e-07;0.0003841989062796615;0.009993115411663034;0.007007191634588784
Fidelity (MAX_ERROR);Tolerancja_0.1;366;57;4.169864679486806e-05;0.006457448938618722;0.09956653997452047;0.11777384433920413
Fidelity (MAX_ERROR);Tolerancja_1.0;366;3;0.10913056539419431;0.33034915679352705;0.5570016791998227;6.025055798290287
Fidelity (MAX_ERROR);Tolerancja_0.01;367;4905;1.0466326879272357e-06;0.0010230506771060932;0.00996999009350752;0.01851653159954588
Fidelity (MAX_ERROR);Tolerancja_0.1;367;4048;1.0803450564520828e-05;0.0032868602897781992;0.09991586726608315;0.05948996836708908
Fidelity (MAX_ERROR);Tolerancja_1.0;367;7;0.10695849188139236;0.3270450915109297;0.9425034859101524;5.919296968326532
Fidelity (MAX_ERROR);Tolerancja_0.01;368;4899;9.772564376234342e-07;0.0009885628142022307;0.009933278975531756;0.016517080917711556
Fidelity (MAX_ERROR);Tolerancja_0.1;368;3984;1.0169906111157357e-05;0.0031890290232541563;0.09993649674575789;0.053282856353975824
Fidelity (MAX_ERROR);Tolerancja_1.0;368;8;0.130537929291963;0.36130033115396254;0.9747350597658855;6.036669313807693
Fidelity (MAX_ERROR);Tolerancja_0.01;369;4970;3.195731954853257e-06;0.0017876610290693416;0.009873910773283257;0.032028589106885184
Fidelity (MAX_ERROR);Tolerancja_0.1;369;4697;3.292251575039087e-05;0.005737814544788884;0.0997266186400676;0.10280142680193999
Fidelity (MAX_ERROR);Tolerancja_1.0;369;1963;0.0004863876357135607;0.022054197689182906;0.9997603258021552;0.39513354287115077
Fidelity (MAX_ERROR);Tolerancja_0.01;370;4884;8.523650214095199e-07;0.0009232361677325689;0.009962887275878352;0.01735663649532228
Fidelity (MAX_ERROR);Tolerancja_0.1;370;3836;8.986473440859733e-06;0.0029977447257663104;0.09999075136756819;0.05635694021680381
Fidelity (MAX_ERROR);Tolerancja_1.0;370;10;0.2055766829788212;0.4534056494782803;0.876546038192183;8.523926290980821
Fidelity (MAX_ERROR);Tolerancja_0.01;371;4684;3.161161584953156e-07;0.0005622420817542169;0.009986173793525843;0.010582191682499664
Fidelity (MAX_ERROR);Tolerancja_0.1;371;1838;4.878051072643393e-06;0.002208631040405661;0.0999698478038793;0.0415695619092924
Fidelity (MAX_ERROR);Tolerancja_1.0;371;5;0.23456071547256696;0.4843146864101552;0.9796375701772808;9.115487816656188
Fidelity (MAX_ERROR);Tolerancja_0.01;372;4383;1.6398921012988368e-07;0.00040495581256463486;0.009997998712821143;0.007080059169686205
Fidelity (MAX_ERROR);Tolerancja_0.1;372;141;1.9944113359529646e-05;0.004465883267566411;0.09985003854859986;0.07807942693558723
Fidelity (MAX_ERROR);Tolerancja_1.0;372;7;0.08007689272093066;0.282978608239087;0.8987024792955811;4.947466434423408
Fidelity (MAX_ERROR);Tolerancja_0.01;373;4858;6.955645896919109e-07;0.0008340051496794914;0.00995262507682071;0.015175390951138935
Fidelity (MAX_ERROR);Tolerancja_0.1;373;3574;7.5116692912714776e-06;0.0027407424708044857;0.09999429628470313;0.04987000200997838
Fidelity (MAX_ERROR);Tolerancja_1.0;373;10;0.1273639301008142;0.3568808345944262;0.9769485542677998;6.493732310910147
Fidelity (MAX_ERROR);Tolerancja_0.01;374;4932;1.428314064091744e-06;0.0011951209411987325;0.009890912151853115;0.022727415770632836
Fidelity (MAX_ERROR);Tolerancja_0.1;374;4313;1.4764853834653355e-05;0.00384250619188224;0.09992786280791499;0.07307229989338537
Fidelity (MAX_ERROR);Tolerancja_1.0;374;3;0.2678744017571153;0.5175658429196379;0.9466912002187602;9.842463381918634
Fidelity (MAX_ERROR);Tolerancja_0.01;375;4884;8.477836007738392e-07;0.0009207516498892843;0.009936086577951642;0.01653988128227
Fidelity (MAX_ERROR);Tolerancja_0.1;375;3833;8.967610912483311e-06;0.002994596953261542;0.09998989108226741;0.0537933090873626
Fidelity (MAX_ERROR);Tolerancja_1.0;375;13;0.015274958402625447;0.12359190265800364;0.9313783632375969;2.2201376426086816
Fidelity (MAX_ERROR);Tolerancja_0.01;376;4903;1.0118178888940052e-06;0.0010058915890363161;0.009905353775653047;0.0180769707947154
Fidelity (MAX_ERROR);Tolerancja_0.1;376;4021;1.054347091203675e-05;0.0032470711282687895;0.09997675956246876;0.058353415610436436
Fidelity (MAX_ERROR);Tolerancja_1.0;376;4;0.20170167606311035;0.44911209743571856;0.9852269238941673;8.071035047302448
Fidelity (MAX_ERROR);Tolerancja_0.01;377;4940;1.64459997875611e-06;0.0012824195798396521;0.009974649000360714;0.019368215405390216
Fidelity (MAX_ERROR);Tolerancja_0.1;377;4399;1.6810139771265166e-05;0.004100017045240808;0.09991312554655529;0.061922021892339286
Fidelity (MAX_ERROR);Tolerancja_1.0;377;10;0.06168875688739701;0.24837221440289373;0.951419864285258;3.7511331118872135
Fidelity (MAX_ERROR);Tolerancja_0.01;378;4932;1.4563425175193279e-06;0.0012067901712888318;0.009987487366664993;0.020720290753287088
Fidelity (MAX_ERROR);Tolerancja_0.1;378;4320;1.4885117986060758e-05;0.0038581236354037125;0.09987521688606815;0.06624303494477236
Fidelity (MAX_ERROR);Tolerancja_1.0;378;9;0.23923990865273786;0.48912156837818743;0.9965553320493203;8.398097160234657
Fidelity (MAX_ERROR);Tolerancja_0.01;379;4933;1.4783071749905757e-06;0.001215856560203783;0.009951483005130157;0.021730811741365538
Fidelity (MAX_ERROR);Tolerancja_0.1;379;4327;1.5072338043976286e-05;0.0038823109154183266;0.09996340637752876;0.06938792813706914
Fidelity (MAX_ERROR);Tolerancja_1.0;379;13;0.030295455667559645;0.1740558981119561;0.9932031971506072;3.110873501156482
Fidelity (MAX_ERROR);Tolerancja_0.01;380;4652;2.8755204153914245e-07;0.0005362387915277506;0.009991333154792947;0.009745428858422875
Fidelity (MAX_ERROR);Tolerancja_0.1;380;1559;4.922659142886654e-06;0.0022187066374098796;0.09998483024572469;0.04032205061291178
Fidelity (MAX_ERROR);Tolerancja_1.0;380;6;0.22027155913198013;0.46933096971325056;0.9995675233573182;8.52946793230718
Fidelity (MAX_ERROR);Tolerancja_0.01;381;4955;2.177570495291613e-06;0.0014756593425623724;0.009898695645544464;0.02635363699870164
Fidelity (MAX_ERROR);Tolerancja_0.1;381;4546;2.2093299609314826e-05;0.004700351009160361;0.09986830524216739;0.08394304883862946
Fidelity (MAX_ERROR);Tolerancja_1.0;381;489;0.0009948816632875965;0.03154174477240593;0.9999380110493874;0.5633005315402232
Fidelity (MAX_ERROR);Tolerancja_0.01;382;4822;5.588354254586246e-07;0.000747552958297019;0.00998246613878262;0.012753460041806797
Fidelity (MAX_ERROR);Tolerancja_0.1;382;3218;6.271993270018461e-06;0.002504394791165814;0.09994499796916934;0.04272566718323647
Fidelity (MAX_ERROR);Tolerancja_1.0;382;8;0.20086156498047242;0.4481758192723838;0.8370412042892585;7.646003322380491
Fidelity (MAX_ERROR);Tolerancja_0.01;383;4960;2.3601691286937595e-06;0.001536284195288671;0.0097773659420195;0.02631479187076052
Fidelity (MAX_ERROR);Tolerancja_0.1;383;4591;2.457233082378416e-05;0.004957048600103106;0.0999740364458166;0.08490857525254134
Fidelity (MAX_ERROR);Tolerancja_1.0;383;915;0.0006433154504214619;0.025363663978642006;0.9999118927364421;0.43445056632406265
Fidelity (MAX_ERROR);Tolerancja_0.01;384;4976;4.039134447771416e-06;0.002009759798526037;0.0099498725584386;0.03339780894432834
Fidelity (MAX_ERROR);Tolerancja_0.1;384;4759;4.150118826980859e-05;0.006442141590326045;0.09991347153385366;0.10705429284823731
Fidelity (MAX_ERROR);Tolerancja_1.0;384;2589;0.0005173273164263941;0.022744830542925445;0.9997676813992395;0.37796930036159576
Fidelity (MAX_ERROR);Tolerancja_0.01;385;4908;1.0738097539251126e-06;0.0010362479210715516;0.009965091130364812;0.019056595594328332
Fidelity (MAX_ERROR);Tolerancja_0.1;385;4077;1.1143068812090842e-05;0.003338123546558881;0.0999794652040027;0.06138808018538377
Fidelity (MAX_ERROR);Tolerancja_1.0;385;8;0.07945702248378679;0.28188122052344455;0.8727429072713182;5.18379464597262
Fidelity (MAX_ERROR);Tolerancja_0.01;386;4501;2.0115803426753827e-07;0.0004485064484124373;0.009980031504008835;0.009069039990638116
Fidelity (MAX_ERROR);Tolerancja_0.1;386;477;8.533024687459677e-06;0.002921134144037154;0.09998573020056734;0.059066892937802325
Fidelity (MAX_ERROR);Tolerancja_1.0;386;3;0.15458940617787145;0.39317859323451404;0.8963954181848832;7.950281201370048
Fidelity (MAX_ERROR);Tolerancja_0.01;387;4970;3.256011600776032e-06;0.001804442185490029;0.00996659918158116;0.034727586889995235
Fidelity (MAX_ERROR);Tolerancja_0.1;387;4699;3.33207791783855e-05;0.005772415367797565;0.09999822641923473;0.1110936431559289
Fidelity (MAX_ERROR);Tolerancja_1.0;387;1991;0.00048643613082140246;0.02205529711478407;0.9996728461355238;0.4244676017316252
Fidelity (MAX_ERROR);Tolerancja_0.01;388;3854;9.107610167342441e-08;0.000301788173514842;0.009999900694685593;0.005120474614622584
Fidelity (MAX_ERROR);Tolerancja_0.1;388;21;0.00016826775694593797;0.012971806232978427;0.09956569545236515;0.22009412677830592
Fidelity (MAX_ERROR);Tolerancja_1.0;388;8;0.1656767201347748;0.4070340527950638;0.7810672552904689;6.906193540820019
Fidelity (MAX_ERROR);Tolerancja_0.01;389;4927;1.3523027526152438e-06;0.0011628855285948157;0.009934840286057955;0.019208837686471286
Fidelity (MAX_ERROR);Tolerancja_0.1;389;4266;1.3831186165833499e-05;0.0037190302722394583;0.09990603507796791;0.06143188395924404
Fidelity (MAX_ERROR);Tolerancja_1.0;389;33;0.007121343717059175;0.08438805435047768;0.9947390055274417;1.3939432548053032
Fidelity (MAX_ERROR);Tolerancja_0.01;390;4975;3.988525766804234e-06;0.0019971293815885423;0.009985544688767778;0.03358629751785891
Fidelity (MAX_ERROR);Tolerancja_0.1;390;4750;3.988639108931167e-05;0.006315567360840328;0.09985572431071477;0.10621070739370028
Fidelity (MAX_ERROR);Tolerancja_1.0;390;2498;0.0005083045639744399;0.022545610747425757;0.9997258147019963;0.3791560012414286
Fidelity (MAX_ERROR);Tolerancja_0.01;391;4922;1.2427190674690528e-06;0.001114773101339036;0.009876144004822507;0.019880869501514513
Fidelity (MAX_ERROR);Tolerancja_0.1;391;4211;1.2914767883424117e-05;0.0035937122705392145;0.09990348725481635;0.06409028401453384
Fidelity (MAX_ERROR);Tolerancja_1.0;391;6;0.11265614435199395;0.3356428821709079;0.8534379679455766;5.985856970837163
Fidelity (MAX_ERROR);Tolerancja_0.01;392;4747;3.944257370729006e-07;0.0006280332292744554;0.009979458159999233;0.010926725442587722
Fidelity (MAX_ERROR);Tolerancja_0.1;392;2482;5.0078133277849195e-06;0.002237814408699908;0.09998926588979806;0.038934219553285736
Fidelity (MAX_ERROR);Tolerancja_1.0;392;9;0.15089201801844332;0.3884482179370158;0.8365960173844984;6.7583478520137135
Fidelity (MAX_ERROR);Tolerancja_0.01;393;4910;1.0891194418134201e-06;0.0010436088547983004;0.009926851705993833;0.0196296902339172
Fidelity (MAX_ERROR);Tolerancja_0.1;393;4094;1.1323163410983192e-05;0.0033649908485734684;0.09993104055165336;0.06329356798168376
Fidelity (MAX_ERROR);Tolerancja_1.0;393;6;0.15562847460466717;0.3944977498093838;0.9022843550916182;7.420278767404899
Fidelity (MAX_ERROR);Tolerancja_0.01;394;4912;1.1299275224653833e-06;0.0010629804901621587;0.00999883495338949;0.019260820078598136
Fidelity (MAX_ERROR);Tolerancja_0.1;394;4120;1.1652584974048262e-05;0.0034135882842030413;0.09999247673661582;0.06185297883916504
Fidelity (MAX_ERROR);Tolerancja_1.0;394;4;0.16950812305948285;0.4117136420614246;0.7962297341881799;7.460101532474722
Fidelity (MAX_ERROR);Tolerancja_0.01;395;4772;4.361591338092728e-07;0.0006604234503780682;0.009974731691768213;0.01118948767508088
Fidelity (MAX_ERROR);Tolerancja_0.1;395;2718;5.308480086022467e-06;0.0023040139075149843;0.09997287831372326;0.03903667443455457
Fidelity (MAX_ERROR);Tolerancja_1.0;395;6;0.17591654479519694;0.41942406320476766;0.8558448119722897;7.106259450925675
Fidelity (MAX_ERROR);Tolerancja_0.01;396;4837;6.11405830025004e-07;0.0007819244400995559;0.009978635492234211;0.013077022804037603
Fidelity (MAX_ERROR);Tolerancja_0.1;396;3368;6.712752861842833e-06;0.002590898080172748;0.0999723479578547;0.04333057203461047
Fidelity (MAX_ERROR);Tolerancja_1.0;396;17;0.049833751024024875;0.22323474421340617;0.9952509183529479;3.733411684075932
Fidelity (MAX_ERROR);Tolerancja_0.01;397;4958;2.296302621184903e-06;0.001515355608820881;0.009879330099401784;0.02654956068371405
Fidelity (MAX_ERROR);Tolerancja_0.1;397;4575;2.365575605433306e-05;0.0048637183362457434;0.09996957860357636;0.08521404768952326
Fidelity (MAX_ERROR);Tolerancja_1.0;397;752;0.00073107766159579;0.027038447839988707;0.9998182642056941;0.47372307037540395
Fidelity (MAX_ERROR);Tolerancja_0.01;398;4966;2.8603636541391737e-06;0.0016912609657114344;0.00993479973325595;0.030192480772314626
Fidelity (MAX_ERROR);Tolerancja_0.1;398;4658;2.926994436288929e-05;0.005410170455992056;0.09993250358732109;0.09658265092091955
Fidelity (MAX_ERROR);Tolerancja_1.0;398;1579;0.0005021859605244401;0.02240950603035328;0.9998159138924354;0.4000556943344912
Fidelity (MAX_ERROR);Tolerancja_0.01;399;4727;3.656859515508106e-07;0.0006047197297515689;0.009979534651653132;0.010719844351251919
Fidelity (MAX_ERROR);Tolerancja_0.1;399;2272;4.909402667346456e-06;0.002215717190289965;0.09998568547305897;0.03927793693131115
Fidelity (MAX_ERROR);Tolerancja_1.0;399;3;0.2551464804123073;0.5051202633158833;0.9645019928145517;8.954248282314465
Fidelity (MAX_ERROR);Tolerancja_0.01;400;4951;1.986503830832375e-06;0.0014094338689106258;0.009865648617324752;0.02579671180745503
Fidelity (MAX_ERROR);Tolerancja_0.1;400;4504;2.0250262112080115e-05;0.004500029123470216;0.09986561330382315;0.08236353402876599
Fidelity (MAX_ERROR);Tolerancja_1.0;400;131;0.00314115133632433;0.05604597520183167;0.9999814843199237;1.0258032690578853
Fidelity (MAX_ERROR);Tolerancja_0.01;401;4960;2.4520460801725527e-06;0.0015659010441827265;0.009965857619020468;0.029203991361860537
Fidelity (MAX_ERROR);Tolerancja_0.1;401;4599;2.5024168591029937e-05;0.005002416275264378;0.09990949129945026;0.0932948619160663
Fidelity (MAX_ERROR);Tolerancja_1.0;401;1006;0.0006039569724329924;0.02457553605586239;0.9998939088637933;0.4583327569483044
Fidelity (MAX_ERROR);Tolerancja_0.01;402;4964;2.6193484280937276e-06;0.0016184401218746795;0.009778583673052843;0.028801754645543593
Fidelity (MAX_ERROR);Tolerancja_0.1;402;4632;2.7235788244802495e-05;0.005218791837657687;0.09995905308949204;0.0928736009586033
Fidelity (MAX_ERROR);Tolerancja_1.0;402;1321;0.0005330492692461155;0.023087859780545176;0.9997464075996332;0.4108714704376729
Fidelity (MAX_ERROR);Tolerancja_0.01;403;4904;1.0193149820464787e-06;0.001009611302455791;0.00991651224983503;0.016642166967130313
Fidelity (MAX_ERROR);Tolerancja_0.1;403;4033;1.0647729383642508e-05;0.0032630858682606728;0.0998972925381505;0.053787848566657075
Fidelity (MAX_ERROR);Tolerancja_1.0;403;5;0.22632040684960789;0.4757314440412867;0.9233706994992588;7.8418319050026515
Fidelity (MAX_ERROR);Tolerancja_0.01;404;4935;1.5145881609757374e-06;0.0012306860529703494;0.009921418839431873;0.021288085829582387
Fidelity (MAX_ERROR);Tolerancja_0.1;404;4345;1.547936841042294e-05;0.003934382850006204;0.09997750568475672;0.06805592668838586
Fidelity (MAX_ERROR);Tolerancja_1.0;404;6;0.11519038559127441;0.3393970913123364;0.9308182482700551;5.870802218591245
Fidelity (MAX_ERROR);Tolerancja_0.01;405;4960;2.440498624405569e-06;0.0015622095328110019;0.009942363359724204;0.028365397745795363
Fidelity (MAX_ERROR);Tolerancja_0.1;405;4598;2.4937710915521806e-05;0.004993767206781049;0.09992213755083235;0.09067297958128068
Fidelity (MAX_ERROR);Tolerancja_1.0;405;993;0.0006098561335856105;0.02469526540828445;0.9997914634595766;0.4483976131444567
Fidelity (MAX_ERROR);Tolerancja_0.01;406;4757;4.1168988659468946e-07;0.0006416306465519625;0.009992489188913822;0.011470340535853952
Fidelity (MAX_ERROR);Tolerancja_0.1;406;2574;5.136247638593998e-06;0.002266329110829669;0.09999384068420891;0.0405148457406642
Fidelity (MAX_ERROR);Tolerancja_1.0;406;5;0.15996619901124332;0.3999577465323597;0.9804982417784593;7.149988201673896
Fidelity (MAX_ERROR);Tolerancja_0.01;407;4901;1.0074306613298317e-06;0.0010037084543480898;0.00998517935450316;0.021158857702872933
Fidelity (MAX_ERROR);Tolerancja_0.1;407;4009;1.0420108310466028e-05;0.003228019254971387;0.09996974654724244;0.06804884404648678
Fidelity (MAX_ERROR);Tolerancja_1.0;407;10;0.04369987273227229;0.20904514520139494;0.9939520721989004;4.40681401220793
Fidelity (MAX_ERROR);Tolerancja_0.01;408;4947;1.87738055845151e-06;0.0013701753750712023;0.009974567644633225;0.023582915229393164
Fidelity (MAX_ERROR);Tolerancja_0.1;408;4469;1.8983914593971756e-05;0.004357053430240643;0.0999349931790885;0.07499187590490904
Fidelity (MAX_ERROR);Tolerancja_1.0;408;36;0.009816003756653013;0.09907574757049786;0.998684185645998;1.7052524799041795
Fidelity (MAX_ERROR);Tolerancja_0.01;409;4935;1.4981336458596898e-06;0.0012239826983498133;0.009867383113655315;0.024044125714154208
Fidelity (MAX_ERROR);Tolerancja_0.1;409;4342;1.5371339569119675e-05;0.003920629996457161;0.09989333416132773;0.07701752699657703
Fidelity (MAX_ERROR);Tolerancja_1.0;409;25;0.011317831115562702;0.10638529557961807;0.9889338288460747;2.0898509631732827
Fidelity (MAX_ERROR);Tolerancja_0.01;410;4936;1.5083405768694317e-06;0.0012281451774401233;0.009863113892729203;0.021927707767717675
Fidelity (MAX_ERROR);Tolerancja_0.1;410;4352;1.5593966660596154e-05;0.003948919682722878;0.0998651471424159;0.07050531027725938
Fidelity (MAX_ERROR);Tolerancja_1.0;410;6;0.07085131714474688;0.2661791072656659;0.9810029302885646;4.7524492911816685
Fidelity (MAX_ERROR);Tolerancja_0.01;411;4969;3.1794368457015484e-06;0.0017830975423968113;0.009927710857133398;0.032473902739537056
Fidelity (MAX_ERROR);Tolerancja_0.1;411;4688;3.204958168791662e-05;0.005661234996704926;0.09991830107085686;0.10310282544696973
Fidelity (MAX_ERROR);Tolerancja_1.0;411;1881;0.0004865955405595569;0.022058910683883666;0.9999932235062978;0.4017384932995205
Fidelity (MAX_ERROR);Tolerancja_0.01;412;4918;1.2042427115128673e-06;0.001097379930339929;0.009966548072044112;0.01883674730307182
Fidelity (MAX_ERROR);Tolerancja_0.1;412;4178;1.241263730518978e-05;0.003523157292144332;0.09991261788511974;0.060475703797991005
Fidelity (MAX_ERROR);Tolerancja_1.0;412;11;0.020851713797446228;0.14440122505521283;0.9537861049871599;2.4786760823814893
Fidelity (MAX_ERROR);Tolerancja_0.01;413;4948;1.8703819304618216e-06;0.0013676190735953566;0.00990936920811114;0.02418723021867435
Fidelity (MAX_ERROR);Tolerancja_0.1;413;4476;1.918414226126635e-05;0.0043799705776713105;0.09985803859927511;0.07746262008078779
Fidelity (MAX_ERROR);Tolerancja_1.0;413;72;0.0051126865992104;0.07150305307614774;0.9990817613593066;1.2645778634428284
Fidelity (MAX_ERROR);Tolerancja_0.01;414;4943;1.7500475536827708e-06;0.0013228936290128434;0.009987099127898524;0.023100094082036036
Fidelity (MAX_ERROR);Tolerancja_0.1;414;4430;1.767222889371803e-05;0.004203835022181297;0.09987591460802214;0.07340649496529038
Fidelity (MAX_ERROR);Tolerancja_1.0;414;60;0.005278452234690455;0.07265295750821472;0.9984651478289974;1.2686508703124402
Fidelity (MAX_ERROR);Tolerancja_0.01;415;4903;1.0226964590816086e-06;0.0010112845589059533;0.009958459618506055;0.017233887239436668
Fidelity (MAX_ERROR);Tolerancja_0.1;415;4026;1.059304164281495e-05;0.0032546953225785894;0.09999878610279289;0.0554651524084604
Fidelity (MAX_ERROR);Tolerancja_1.0;415;5;0.11222057482552404;0.3349933951968666;0.7439233437251298;5.708816917984545
Fidelity (MAX_ERROR);Tolerancja_0.01;416;4901;9.910017215493148e-07;0.0009954906938536969;0.009903426146091299;0.016133093872481602
Fidelity (MAX_ERROR);Tolerancja_0.1;416;4001;1.0338591728084326e-05;0.0032153680548398073;0.09995132359492942;0.05210880923707848
Fidelity (MAX_ERROR);Tolerancja_1.0;416;13;0.015962159427975263;0.12634143986822086;0.9400799381666163;2.0475111640551944
Fidelity (MAX_ERROR);Tolerancja_0.01;417;4907;1.0746495567044521e-06;0.0010366530551271492;0.009995721739445074;0.018900942816024453
Fidelity (MAX_ERROR);Tolerancja_0.1;417;4070;1.1053672801990046e-05;0.003324706423428999;0.09998196601342002;0.06061824221565926
Fidelity (MAX_ERROR);Tolerancja_1.0;417;21;0.009395073031189364;0.0969281849164079;0.9831961908046107;1.7672586515855726
Fidelity (MAX_ERROR);Tolerancja_0.01;418;4966;2.8354490217334355e-06;0.0016838791588868352;0.009891437648096524;0.028066615421569158
Fidelity (MAX_ERROR);Tolerancja_0.1;418;4657;2.9143425874413255e-05;0.005398465140612955;0.09978735811657824;0.08998071160195037
Fidelity (MAX_ERROR);Tolerancja_1.0;418;1565;0.0005030798866637259;0.022429442406438148;0.9997207239023336;0.37385018445022566
Fidelity (MAX_ERROR);Tolerancja_0.01;419;4958;2.261684744102551e-06;0.001503889871002046;0.009804579526372592;0.027061825269704274
Fidelity (MAX_ERROR);Tolerancja_0.1;419;4572;2.3437846510526033e-05;0.004841264970080241;0.09991357862576855;0.08711639677269513
Fidelity (MAX_ERROR);Tolerancja_1.0;419;721;0.0007526872769605343;0.027435146745744488;0.9998052891355869;0.49368318904052444
Fidelity (MAX_ERROR);Tolerancja_0.01;420;4930;1.3843130060284173e-06;0.0011765683176205356;0.009878439582596599;0.021136928514741374
Fidelity (MAX_ERROR);Tolerancja_0.1;420;4292;1.4326578578172839e-05;0.0037850467075285664;0.09991528260297278;0.06799797383953639
Fidelity (MAX_ERROR);Tolerancja_1.0;420;9;0.1981936829847218;0.4451894910987026;0.9987599223473884;7.997783305858354
Fidelity (MAX_ERROR);Tolerancja_0.01;421;4956;2.195521785554342e-06;0.0014817293226343138;0.009884698495489452;0.0295877594508529
Fidelity (MAX_ERROR);Tolerancja_0.1;421;4555;2.2606000623316045e-05;0.004754576808015204;0.09997097669314048;0.09494127755807164
Fidelity (MAX_ERROR);Tolerancja_1.0;421;564;0.0008963418207922512;0.0299389682653269;0.9999255443547583;0.5978332059099234
Fidelity (MAX_ERROR);Tolerancja_0.01;422;4955;2.2159617904903903e-06;0.0014886106913798484;0.009985572010579702;0.02647373013982776
Fidelity (MAX_ERROR);Tolerancja_0.1;422;4550;2.2281835944035465e-05;0.004720363963089654;0.09985612056102777;0.08394783299908193
Fidelity (MAX_ERROR);Tolerancja_1.0;422;503;0.0009839472265258068;0.031367933092982185;0.9999630143650107;0.5578531717906918
Fidelity (MAX_ERROR);Tolerancja_0.01;423;4879;8.155219764035833e-07;0.0009030625539814965;0.009931302686142729;0.018047196235982606
Fidelity (MAX_ERROR);Tolerancja_0.1;423;3782;8.626673181293599e-06;0.0029371198786044806;0.09997754761050626;0.05869668561062555
Fidelity (MAX_ERROR);Tolerancja_1.0;423;7;0.1342166741329644;0.3663559391260969;0.7371648250796321;7.321416989859862
Fidelity (MAX_ERROR);Tolerancja_0.01;424;4940;1.6434686421926362e-06;0.0012819784094097047;0.009971217836323376;0.021466092002803305
Fidelity (MAX_ERROR);Tolerancja_0.1;424;4399;1.6798574082471503e-05;0.004098606358565251;0.09987900950962914;0.06862912864246111
Fidelity (MAX_ERROR);Tolerancja_1.0;424;9;0.0340221505649233;0.18445094351865837;0.9337843480517911;3.0885394750123347
Fidelity (MAX_ERROR);Tolerancja_0.01;425;4943;1.7218299344825751e-06;0.0013121851753782983;0.009906252944541727;0.023808048581241425
Fidelity (MAX_ERROR);Tolerancja_0.1;425;4425;1.7558889851829314e-05;0.004190332904654392;0.09993299090927277;0.0760286362302674
Fidelity (MAX_ERROR);Tolerancja_1.0;425;9;0.13814577223445468;0.3716796634663439;0.9817096171963584;6.7436880483846755
Fidelity (MAX_ERROR);Tolerancja_0.01;426;4805;5.115364352440058e-07;0.0007152177537253991;0.009981325497593119;0.013975504782082194
Fidelity (MAX_ERROR);Tolerancja_0.1;426;3049;5.865170539922825e-06;0.002421811417084911;0.09998557542005404;0.04732270258180179
Fidelity (MAX_ERROR);Tolerancja_1.0;426;7;0.09095188418449882;0.30158230084754445;0.7233624170111312;5.892981355304032
Fidelity (MAX_ERROR);Tolerancja_0.01;427;4950;1.9762911816511732e-06;0.0014058062390141727;0.009990228556111536;0.027325836925796744
Fidelity (MAX_ERROR);Tolerancja_0.1;427;4500;2.01062765067484e-05;0.004484002286657357;0.09990383025409155;0.0871593195844846
Fidelity (MAX_ERROR);Tolerancja_1.0;427;132;0.003054462305267982;0.055267190133640606;0.9996825678777426;1.074274806176643
Fidelity (MAX_ERROR);Tolerancja_0.01;428;4945;1.7846253904317037e-06;0.001335898720125034;0.009906798641184267;0.022151075433681743
Fidelity (MAX_ERROR);Tolerancja_0.1;428;4445;1.8191420609698284e-05;0.004265140162960449;0.0999700616899517;0.07072200913263836
Fidelity (MAX_ERROR);Tolerancja_1.0;428;26;0.012645172138551129;0.11245075428182387;0.9971169649611715;1.8645913070700102
Fidelity (MAX_ERROR);Tolerancja_0.01;429;4973;3.5559101593298366e-06;0.0018857121093448588;0.009798330533579147;0.02824884592060853
Fidelity (MAX_ERROR);Tolerancja_0.1;429;4725;3.6307110925135013e-05;0.006025538227008025;0.09979815506665624;0.0902653698409048
Fidelity (MAX_ERROR);Tolerancja_1.0;429;2246;0.00049192150616745;0.022179303554608065;0.9999270477455298;0.3322563002250662
Fidelity (MAX_ERROR);Tolerancja_0.01;430;4802;5.042705303294021e-07;0.0007101200816266233;0.00999849775699957;0.012816817780764473
Fidelity (MAX_ERROR);Tolerancja_0.1;430;3020;5.81777922740689e-06;0.0024120073025193953;0.09999145215659055;0.043533845728529696
Fidelity (MAX_ERROR);Tolerancja_1.0;430;6;0.15037341477791363;0.3877801113748791;0.9778131268893757;6.998967012891249
Fidelity (MAX_ERROR);Tolerancja_0.01;431;4972;3.291855790545442e-06;0.0018143472078258455;0.00968738791395296;0.03315454123734568
Fidelity (MAX_ERROR);Tolerancja_0.1;431;4711;3.4688918381533565e-05;0.005889729907350045;0.09998810429207516;0.10762619869438396
Fidelity (MAX_ERROR);Tolerancja_1.0;431;2112;0.00048724938175574587;0.022073726050573016;0.9998176628793356;0.40336505463172767
Fidelity (MAX_ERROR);Tolerancja_0.01;432;4915;1.1509988239487696e-06;0.0010728461324667064;0.00988997724231222;0.01877706418380467
Fidelity (MAX_ERROR);Tolerancja_0.1;432;4141;1.1919867569642682e-05;0.00345251612156159;0.09994707551315862;0.060426294925562535
Fidelity (MAX_ERROR);Tolerancja_1.0;432;4;0.24307919564640018;0.4930306234367194;0.9175982446169924;8.629073061546226
Fidelity (MAX_ERROR);Tolerancja_0.01;433;4949;1.9286862515489862e-06;0.0013887714900403833;0.00991738903199657;0.024363951737665028
Fidelity (MAX_ERROR);Tolerancja_0.1;433;4486;1.9587779576957087e-05;0.004425808352940408;0.09995276866842584;0.07764429345252424
Fidelity (MAX_ERROR);Tolerancja_1.0;433;61;0.006311092778219677;0.07944238653401392;0.9994631269035539;1.3936997449331014
Fidelity (MAX_ERROR);Tolerancja_0.01;434;4954;2.106110275998084e-06;0.0014512443887912483;0.009896416587904966;0.02600333864885755
Fidelity (MAX_ERROR);Tolerancja_0.1;434;4536;2.1606018129582304e-05;0.00464822741801456;0.0998266275620594;0.08328675211499721
Fidelity (MAX_ERROR);Tolerancja_1.0;434;407;0.0011469236187126941;0.03386626077252542;0.9998357623350449;0.6068142998106517
Fidelity (MAX_ERROR);Tolerancja_0.01;435;4868;7.467772289762417e-07;0.0008641627329249056;0.00994451132113916;0.014947365998830594
Fidelity (MAX_ERROR);Tolerancja_0.1;435;3673;8.00059249574e-06;0.002828531862245854;0.09998366366226996;0.04892492973081802
Fidelity (MAX_ERROR);Tolerancja_1.0;435;5;0.15370779349679897;0.3920558550727166;0.8783403637160783;6.781364359374222
Fidelity (MAX_ERROR);Tolerancja_0.01;436;184;1.1390459139150943e-07;0.0003374975427932912;0.00999051738594936;0.005804812446699842
Fidelity (MAX_ERROR);Tolerancja_0.1;436;13;0.0002649243340048579;0.016276496367611117;0.09373018121806265;0.2799487306526604
Fidelity (MAX_ERROR);Tolerancja_1.0;436;1;0.17073977759763892;0.4132067008140586;0.6949612645483203;7.106977372615421
Fidelity (MAX_ERROR);Tolerancja_0.01;437;4923;1.2709653676308846e-06;0.0011273709982214748;0.009891676472763677;0.01877923884954462
Fidelity (MAX_ERROR);Tolerancja_0.1;437;4222;1.3092370532750239e-05;0.003618338089890197;0.09994538749451731;0.06027264789998099
Fidelity (MAX_ERROR);Tolerancja_1.0;437;8;0.22872156588444773;0.4782484353183476;0.9465233121587442;7.9664472568770766
Fidelity (MAX_ERROR);Tolerancja_0.01;438;4808;5.196851668270801e-07;0.0007208919245123225;0.009995975787060019;0.013122125445545486
Fidelity (MAX_ERROR);Tolerancja_0.1;438;3080;5.941002364027361e-06;0.0024374171501873373;0.09997064671459821;0.04436739061755921
Fidelity (MAX_ERROR);Tolerancja_1.0;438;6;0.1418023273313976;0.3765664978876873;0.8888886810236283;6.85449878941945
Fidelity (MAX_ERROR);Tolerancja_0.01;439;4908;1.0736692377966261e-06;0.0010361801184140846;0.009964451355017445;0.017965083081165217
Fidelity (MAX_ERROR);Tolerancja_0.1;439;4077;1.114162176901779e-05;0.0033379067945372275;0.09998576500955991;0.057871958567229806
Fidelity (MAX_ERROR);Tolerancja_1.0;439;15;0.029745715518884934;0.17246946256913115;0.9337538727685075;2.990240952278283
Fidelity (MAX_ERROR);Tolerancja_0.01;440;4956;2.152533887181417e-06;0.0014671516237871997;0.009787451370229405;0.027068661225975593
Fidelity (MAX_ERROR);Tolerancja_0.1;440;4551;2.2365260385806643e-05;0.004729192360837804;0.09987884728866447;0.08725267641905131
Fidelity (MAX_ERROR);Tolerancja_1.0;440;554;0.0008952412044452609;0.02992058161943482;0.9997968308271536;0.5520288935440699
Fidelity (MAX_ERROR);Tolerancja_0.01;441;3746;8.38971199451209e-08;0.00028964999558971327;0.009995511186204453;0.004878579502893191
Fidelity (MAX_ERROR);Tolerancja_0.1;441;21;0.00019914177141758707;0.014111760039682756;0.09937171228457586;0.23768459978457007
Fidelity (MAX_ERROR);Tolerancja_1.0;441;8;0.11970167791475733;0.34597930272598293;0.9107385882746017;5.827334922853362
Fidelity (MAX_ERROR);Tolerancja_0.01;442;4643;2.810655586184307e-07;0.0005301561643689817;0.009996103080780472;0.011352957110513855
Fidelity (MAX_ERROR);Tolerancja_0.1;442;1439;5.138564577950421e-06;0.0022668402188840793;0.09997856593351528;0.04854294170475274
Fidelity (MAX_ERROR);Tolerancja_1.0;442;14;0.11942986684873161;0.34558626542258825;0.9182743736646399;7.400510100632629
Fidelity (MAX_ERROR);Tolerancja_0.01;443;4884;8.52272749120719e-07;0.0009231861941779237;0.009962342772301014;0.016176134602869777
Fidelity (MAX_ERROR);Tolerancja_0.1;443;3836;8.985477277032125e-06;0.002997578568950633;0.09997964019898031;0.05252378633889966
Fidelity (MAX_ERROR);Tolerancja_1.0;443;7;0.18434239299323515;0.4293511301874436;0.8237856324358201;7.52312124856994
Fidelity (MAX_ERROR);Tolerancja_0.01;444;4904;1.0222325925592046e-06;0.001011055187692148;0.009930685721412758;0.01703509253977682
Fidelity (MAX_ERROR);Tolerancja_0.1;444;4034;1.066057712788174e-05;0.003265053924192025;0.09992765183878927;0.055012324176816604
Fidelity (MAX_ERROR);Tolerancja_1.0;444;9;0.15292448148591403;0.3910555989701644;0.9795319065728769;6.58882759096528
Fidelity (MAX_ERROR);Tolerancja_0.01;445;4929;1.3721010712433281e-06;0.001171367180368021;0.009869298090698031;0.02083906772903521
Fidelity (MAX_ERROR);Tolerancja_0.1;445;4281;1.4133856176738749e-05;0.0037595021181984654;0.09994527812187481;0.06688297280445814
Fidelity (MAX_ERROR);Tolerancja_1.0;445;12;0.08317064654088417;0.28839321514363714;0.9297392554052761;5.1306250027291185
Fidelity (MAX_ERROR);Tolerancja_0.01;446;4951;1.9935996803938622e-06;0.0014119488943987535;0.009883252482963734;0.027095095454030004
Fidelity (MAX_ERROR);Tolerancja_0.1;446;4505;2.0301752312967962e-05;0.00450574658774414;0.0998414622307413;0.08646462656751043
Fidelity (MAX_ERROR);Tolerancja_1.0;446;97;0.004256972066514125;0.06524547544860199;0.9999989747832698;1.252051254996898
Fidelity (MAX_ERROR);Tolerancja_0.01;447;4460;1.8671031889842482e-07;0.0004320998945827513;0.00999913003031594;0.0070286062450019195
Fidelity (MAX_ERROR);Tolerancja_0.1;447;244;1.4445944714628572e-05;0.0038007821188050985;0.09999492115917885;0.061824132037618704
Fidelity (MAX_ERROR);Tolerancja_1.0;447;5;0.09886711244032403;0.3144314113448655;0.9118639094468222;5.114591808769927
Fidelity (MAX_ERROR);Tolerancja_0.01;448;3831;8.888229293671483e-08;0.0002981313350466784;0.009995511325601392;0.005376471432228709
Fidelity (MAX_ERROR);Tolerancja_0.1;448;112;1.7515211136804215e-05;0.004185117816358844;0.09972638698940361;0.07547400670460122
Fidelity (MAX_ERROR);Tolerancja_1.0;448;8;0.21256505643515744;0.4610477810760588;0.902752783236564;8.314490737646747
Fidelity (MAX_ERROR);Tolerancja_0.01;449;4404;1.6907021451709466e-07;0.0004111814861069193;0.009986262001388191;0.007283370281056414
Fidelity (MAX_ERROR);Tolerancja_0.1;449;187;1.6093249596818714e-05;0.004011639265539552;0.0998910481059605;0.07105926505006148
Fidelity (MAX_ERROR);Tolerancja_1.0;449;7;0.24295325986344823;0.49290289090595546;0.9894602304256175;8.730923906767835
Fidelity (MAX_ERROR);Tolerancja_0.01;450;4940;1.6316183856542051e-06;0.0012773481849731518;0.009935207674746316;0.02226856820815057
Fidelity (MAX_ERROR);Tolerancja_0.1;450;4397;1.6734299074569563e-05;0.004090757762880804;0.09985325546234147;0.0713159648538956
Fidelity (MAX_ERROR);Tolerancja_1.0;450;35;0.008470277004632586;0.09203410783308863;0.9999372953807502;1.6044707557951363
Fidelity (MAX_ERROR);Tolerancja_0.01;451;4286;1.417637241539482e-07;0.0003765152376119035;0.00998601933310983;0.006639187692586247
Fidelity (MAX_ERROR);Tolerancja_0.1;451;161;1.5000093018607972e-05;0.003872995354839452;0.09990196859792455;0.06829349923892923
Fidelity (MAX_ERROR);Tolerancja_1.0;451;11;0.15985656633165476;0.39982066771448266;0.9151120555579437;7.050138191399687
Fidelity (MAX_ERROR);Tolerancja_0.01;452;4970;3.2593746495396107e-06;0.0018053738254277453;0.009971745108728669;0.03173379006542338
Fidelity (MAX_ERROR);Tolerancja_0.1;452;4700;3.3187988407480326e-05;0.0057609017009041495;0.0997176009532712;0.10126171244380293
Fidelity (MAX_ERROR);Tolerancja_1.0;452;1993;0.00048629480107665175;0.02205209289561088;0.9997380341932454;0.38761860651587104
Fidelity (MAX_ERROR);Tolerancja_0.01;453;4812;5.277138388575483e-07;0.0007264391501409793;0.009967941209705344;0.012458253633381775
Fidelity (MAX_ERROR);Tolerancja_0.1;453;3115;6.019882480684928e-06;0.0024535448805116503;0.09995466775056983;0.04207769421068156
Fidelity (MAX_ERROR);Tolerancja_1.0;453;4;0.21428794961534395;0.46291246431193006;0.8723900206518298;7.938835467957092
Fidelity (MAX_ERROR);Tolerancja_0.01;454;2616;5.181075087207145e-08;0.0002276197506194738;0.009999935284472627;0.004238248452586188
Fidelity (MAX_ERROR);Tolerancja_0.1;454;22;0.0007974974608034585;0.028239997535471892;0.08988216427840623;0.5258248703375555
Fidelity (MAX_ERROR);Tolerancja_1.0;454;8;0.13595032095786647;0.3687144165310959;0.9314848732135985;6.865411727480562
Fidelity (MAX_ERROR);Tolerancja_0.01;455;4804;5.043943682010321e-07;0.0007102072712955226;0.00994945912300782;0.012535440440606239
Fidelity (MAX_ERROR);Tolerancja_0.1;455;3033;5.830327918427824e-06;0.0024146071975432826;0.09998470085494127;0.042618776145517866
Fidelity (MAX_ERROR);Tolerancja_1.0;455;6;0.13839186049777685;0.3720105650351571;0.8215650334425737;6.56613423961136
Fidelity (MAX_ERROR);Tolerancja_0.01;456;4911;1.1179027636420689e-06;0.0010573092090973525;0.00997333663567801;0.018967134780231702
Fidelity (MAX_ERROR);Tolerancja_0.1;456;4108;1.1497151503880242e-05;0.003390744977712161;0.09995866473004344;0.060826782216874334
Fidelity (MAX_ERROR);Tolerancja_1.0;456;2;0.2807525008233133;0.5298608315617539;0.9913308954813793;9.505205970519528
Fidelity (MAX_ERROR);Tolerancja_0.01;457;4882;8.389102199170481e-07;0.0009159204222622445;0.009968335445913468;0.01731172500405241
Fidelity (MAX_ERROR);Tolerancja_0.1;457;3817;8.853831045427405e-06;0.002975538782376631;0.09994886543839154;0.056240376224134976
Fidelity (MAX_ERROR);Tolerancja_1.0;457;4;0.1730469809448253;0.4159891596482116;0.9907731439708929;7.862571639913472
Fidelity (MAX_ERROR);Tolerancja_0.01;458;4908;1.0607077233630972e-06;0.0010299066575972296;0.009904115522276769;0.026007676950554958
Fidelity (MAX_ERROR);Tolerancja_0.1;458;4072;1.1063935783981385e-05;0.003326249507174918;0.09991156816909008;0.0839959835208474
Fidelity (MAX_ERROR);Tolerancja_1.0;458;9;0.02212109646562256;0.14873162564035453;0.950007320414417;3.755839467053876
Fidelity (MAX_ERROR);Tolerancja_0.01;459;4923;1.293886095387365e-06;0.001137491140795112;0.009980473660662348;0.022121432924862797
Fidelity (MAX_ERROR);Tolerancja_0.1;459;4229;1.3212547717001885e-05;0.003634906837458408;0.09993722480313849;0.07069008707773743
Fidelity (MAX_ERROR);Tolerancja_1.0;459;12;0.07026133098304967;0.26506854016093584;0.9975994969743747;5.154937670602595
Fidelity (MAX_ERROR);Tolerancja_0.01;460;4812;5.301131888334282e-07;0.0007280887231879287;0.009990603552618715;0.013197570872199513
Fidelity (MAX_ERROR);Tolerancja_0.1;460;3120;6.0247040631283705e-06;0.002454527258583284;0.09994764213974339;0.044491552226028956
Fidelity (MAX_ERROR);Tolerancja_1.0;460;6;0.12240177711892584;0.3498596534596778;0.8137846103139363;6.34166884447883
Fidelity (MAX_ERROR);Tolerancja_0.01;461;4919;1.2262530931364733e-06;0.0011073631261408667;0.009965203327171324;0.01948642486190524
Fidelity (MAX_ERROR);Tolerancja_0.1;461;4188;1.2555806675470395e-05;0.00354341737246269;0.09990913164187898;0.0623540144627141
Fidelity (MAX_ERROR);Tolerancja_1.0;461;19;0.013729849960259508;0.11717444243630737;0.9948439129910582;2.061935163244984
Fidelity (MAX_ERROR);Tolerancja_0.01;462;4972;3.3537048248113003e-06;0.0018313123231200352;0.009777969938986608;0.03448670044454269
Fidelity (MAX_ERROR);Tolerancja_0.1;462;4714;3.49103531738791e-05;0.005908498385705043;0.09987515188223561;0.11126699216314831
Fidelity (MAX_ERROR);Tolerancja_1.0;462;2138;0.0004881312606172603;0.02209369277910011;0.9997068698827212;0.4160615068042871
Fidelity (MAX_ERROR);Tolerancja_0.01;463;4889;8.946821367922783e-07;0.0009458763855770363;0.009963410762726;0.016945025591020686
Fidelity (MAX_ERROR);Tolerancja_0.1;463;3886;9.356199892103387e-06;0.0030587905930454583;0.09999804255470135;0.05479710210241555
Fidelity (MAX_ERROR);Tolerancja_1.0;463;5;0.22499251304459836;0.47433375701566755;0.9236754923970079;8.497513812454574
Fidelity (MAX_ERROR);Tolerancja_0.01;464;4925;1.3197247518660683e-06;0.001148792736687549;0.009947922965584333;0.020788364111010715
Fidelity (MAX_ERROR);Tolerancja_0.1;464;4247;1.3500364643605903e-05;0.0036742842355492727;0.09988380006715847;0.06648924222500509
Fidelity (MAX_ERROR);Tolerancja_1.0;464;16;0.01214127718000206;0.11018746380601589;0.9907357187917576;1.9939341927535876
Fidelity (MAX_ERROR);Tolerancja_0.01;465;4724;3.6072250593264077e-07;0.0006006017864880529;0.009974973934665066;0.01015046557337582
Fidelity (MAX_ERROR);Tolerancja_0.1;465;2252;4.860756973212868e-06;0.002204712446831302;0.0999649656800603;0.0372607246502079
Fidelity (MAX_ERROR);Tolerancja_1.0;465;6;0.19022127905357805;0.4361436449767187;0.9434534063310087;7.371042099740559
Fidelity (MAX_ERROR);Tolerancja_0.01;466;4798;4.92020580947094e-07;0.0007014417872832314;0.009975203880775219;0.012511334712633526
Fidelity (MAX_ERROR);Tolerancja_0.1;466;2979;5.718241464856021e-06;0.002391284480118587;0.0999828794150508;0.04265237838162756
Fidelity (MAX_ERROR);Tolerancja_1.0;466;8;0.16888771268129216;0.41095950248326435;0.8706069950378188;7.3301191661530565
Fidelity (MAX_ERROR);Tolerancja_0.01;467;4767;4.2958492577764315e-07;0.0006554272848895163;0.009995728965603412;0.012870692428262338
Fidelity (MAX_ERROR);Tolerancja_0.1;467;2670;5.2620228021262885e-06;0.0022939099376667535;0.09996621872527811;0.0450457433593416
Fidelity (MAX_ERROR);Tolerancja_1.0;467;2;0.174503787203586;0.417736504514013;0.8253062506796698;8.203134336349144
Fidelity (MAX_ERROR);Tolerancja_0.01;468;4927;1.3563499859154234e-06;0.0011646243969260749;0.009949685562883559;0.02279871547720978
Fidelity (MAX_ERROR);Tolerancja_0.1;468;4267;1.386276656084807e-05;0.003723273634968033;0.09990833118677145;0.07288689509809486
Fidelity (MAX_ERROR);Tolerancja_1.0;468;7;0.1253894841156389;0.35410377591271025;0.9618244387834771;6.931944116702181
Fidelity (MAX_ERROR);Tolerancja_0.01;469;3208;6.217092377944528e-08;0.00024934097894137915;0.009994878713825095;0.004702469727044975
Fidelity (MAX_ERROR);Tolerancja_0.1;469;19;0.00014564252916339553;0.012068244659576451;0.09779132752619901;0.22760219925009878
Fidelity (MAX_ERROR);Tolerancja_1.0;469;4;0.1609338750940917;0.4011656454559534;0.8416729166500856;7.565821355544585
Fidelity (MAX_ERROR);Tolerancja_0.01;470;4926;1.3147996215796682e-06;0.0011466471216462666;0.009896449418743458;0.01950543990305699
Fidelity (MAX_ERROR);Tolerancja_0.1;470;4253;1.3611073486611652e-05;0.0036893188377546946;0.09990493375681364;0.06275844199540931
Fidelity (MAX_ERROR);Tolerancja_1.0;470;11;0.018995655458930734;0.1378247273131013;0.9711531159590789;2.3445154878174006
Fidelity (MAX_ERROR);Tolerancja_0.01;471;4837;6.088015541473504e-07;0.0007802573640455759;0.00995731015782031;0.014245405427977864
Fidelity (MAX_ERROR);Tolerancja_0.1;471;3364;6.703788080771317e-06;0.002589167449349562;0.09994650505965019;0.04727124886802533
Fidelity (MAX_ERROR);Tolerancja_1.0;471;6;0.10769737069941988;0.3281727756829013;0.8663310581428938;5.99155414027556
Fidelity (MAX_ERROR);Tolerancja_0.01;472;4964;2.595410859214509e-06;0.0016110278890244293;0.009733799005979371;0.028155858506276756
Fidelity (MAX_ERROR);Tolerancja_0.1;472;4631;2.7098026299453724e-05;0.005205576461781512;0.099771529660587;0.09097761454041627
Fidelity (MAX_ERROR);Tolerancja_1.0;472;1303;0.0005363747159866225;0.02315976502442593;0.9998057448169169;0.40476212206433476
Fidelity (MAX_ERROR);Tolerancja_0.01;473;4743;3.8935183306309835e-07;0.0006239806351667481;0.009992300022714673;0.01150975667528996
Fidelity (MAX_ERROR);Tolerancja_0.1;473;2429;5.031446150522929e-06;0.0022430885293547665;0.09997247322223046;0.041375327564625634
Fidelity (MAX_ERROR);Tolerancja_1.0;473;8;0.1400174103667941;0.37418900353537127;0.8028141132551401;6.902176347364391
Fidelity (MAX_ERROR);Tolerancja_0.01;474;4848;6.48257130220664e-07;0.0008051441673518253;0.009939187736651256;0.015292205746486907
Fidelity (MAX_ERROR);Tolerancja_0.1;474;3473;7.0807722480473705e-06;0.0026609720494675192;0.09995237772897969;0.05054018114538106
Fidelity (MAX_ERROR);Tolerancja_1.0;474;15;0.015010961844089635;0.12251923050725398;0.9525369180673051;2.327023354066574
Fidelity (MAX_ERROR);Tolerancja_0.01;475;4955;2.1871968213654924e-06;0.0014789174491382177;0.009920550773047765;0.03051933259382543
Fidelity (MAX_ERROR);Tolerancja_0.1;475;4547;2.2166163934110604e-05;0.0047080955740204135;0.09986813830271135;0.09715750854841497
Fidelity (MAX_ERROR);Tolerancja_1.0;475;494;0.0009878773782053566;0.031430516670989624;0.9999176075849734;0.648608475365996
Fidelity (MAX_ERROR);Tolerancja_0.01;476;4963;2.5750803099435186e-06;0.0016047056770459556;0.009760824177285521;0.026003427235675967
Fidelity (MAX_ERROR);Tolerancja_0.1;476;4621;2.6501339511901156e-05;0.005147945173746624;0.09998278296428964;0.08341979445426738
Fidelity (MAX_ERROR);Tolerancja_1.0;476;1212;0.0005531508299649147;0.023519158785231132;0.9999663440074098;0.3811158288178428
Fidelity (MAX_ERROR);Tolerancja_0.01;477;1577;3.94512234909199e-08;0.0001986233206119561;0.009995566095583719;0.004002801114631989
Fidelity (MAX_ERROR);Tolerancja_0.1;477;64;4.444089904193104e-05;0.006666400756175032;0.09940708696776746;0.13434613969390408
Fidelity (MAX_ERROR);Tolerancja_1.0;477;7;0.19643266403229212;0.4432072472695952;0.976537670401048;8.931833673497257
Fidelity (MAX_ERROR);Tolerancja_0.01;478;4975;3.906460088710783e-06;0.001976476685597577;0.009882282156888245;0.03513035360596998
Fidelity (MAX_ERROR);Tolerancja_0.1;478;4748;3.938016600627817e-05;0.006275361822738045;0.09961357583429553;0.11153973201132818
Fidelity (MAX_ERROR);Tolerancja_1.0;478;2471;0.000506525788301596;0.022506127794482904;0.9999257538112181;0.40002911923157114
Fidelity (MAX_ERROR);Tolerancja_0.01;479;4964;2.647925844264624e-06;0.0016272448630321817;0.009831782218074014;0.030684578870554206
Fidelity (MAX_ERROR);Tolerancja_0.1;479;4634;2.7381766285818965e-05;0.005232758955447782;0.09995713999605238;0.09867292165227186
Fidelity (MAX_ERROR);Tolerancja_1.0;479;1344;0.000528261328098099;0.022983936305561302;0.9999400685448467;0.43340275477019125
Fidelity (MAX_ERROR);Tolerancja_0.01;480;4950;1.954873931201363e-06;0.0013981680625737964;0.009935947644498455;0.022334311646247672
Fidelity (MAX_ERROR);Tolerancja_0.1;480;4497;2.0030078021107068e-05;0.004475497516601598;0.09995624435653205;0.07149151735291606
Fidelity (MAX_ERROR);Tolerancja_1.0;480;71;0.005644984257383637;0.07513311026028163;0.9996109034228065;1.2001749606667549
Fidelity (MAX_ERROR);Tolerancja_0.01;481;4885;8.653728386853627e-07;0.000930254179611875;0.009973716204987326;0.017773188326619838
Fidelity (MAX_ERROR);Tolerancja_0.1;481;3848;9.059965809912357e-06;0.003009977709205229;0.09993374176850711;0.0575078315766907
Fidelity (MAX_ERROR);Tolerancja_1.0;481;4;0.15524942484414836;0.39401703623593276;0.9987232982600096;7.527984439521276
Fidelity (MAX_ERROR);Tolerancja_0.01;482;4873;7.804983541938844e-07;0.0008834581790859624;0.009953431987783645;0.022091775321282096
Fidelity (MAX_ERROR);Tolerancja_0.1;482;3725;8.279142212458157e-06;0.002877349859238212;0.0999324847680576;0.07195107602804608
Fidelity (MAX_ERROR);Tolerancja_1.0;482;3;0.18295298740171423;0.4277300403311816;0.8939871808300937;10.6958271176297
Fidelity (MAX_ERROR);Tolerancja_0.01;483;4661;2.957177268749341e-07;0.0005437993443127107;0.009993897769033921;0.00914655361039869
Fidelity (MAX_ERROR);Tolerancja_0.1;483;1635;4.904187682563108e-06;0.0022145400611781915;0.099998754338265;0.03724794743462229
Fidelity (MAX_ERROR);Tolerancja_1.0;483;6;0.21022904385306998;0.4585074087221165;0.9157894003158482;7.711966993895834
Fidelity (MAX_ERROR);Tolerancja_0.01;484;4889;8.942716776696743e-07;0.0009456593877658459;0.009961131816242919;0.016353173363745806
Fidelity (MAX_ERROR);Tolerancja_0.1;484;3886;9.351899945681274e-06;0.0030580876288427827;0.09998229302317974;0.05288313932370666
Fidelity (MAX_ERROR);Tolerancja_1.0;484;8;0.09216038306866198;0.30357928629710884;0.9691902378175188;5.249759863525085
Fidelity (MAX_ERROR);Tolerancja_0.01;485;4698;3.299839201328168e-07;0.00057444226875537;0.009976079710959596;0.00946845864966551
Fidelity (MAX_ERROR);Tolerancja_0.1;485;1974;4.862183393477745e-06;0.00220503591659586;0.09999518305479871;0.0363453257758202
Fidelity (MAX_ERROR);Tolerancja_1.0;485;3;0.2826691650395025;0.5316664039033334;0.9897735903083804;8.76338952508187
Fidelity (MAX_ERROR);Tolerancja_0.01;486;4967;2.9081618081589685e-06;0.001705333342241032;0.009796218939922774;0.029158314965982868
Fidelity (MAX_ERROR);Tolerancja_0.1;486;4664;2.967522682851017e-05;0.005447497299541338;0.09974337402441158;0.09314298741595649
Fidelity (MAX_ERROR);Tolerancja_1.0;486;1632;0.0004981236226595843;0.022318683264466663;0.9999073266186178;0.3816117237209035
Fidelity (MAX_ERROR);Tolerancja_0.01;487;4976;3.771022287843133e-06;0.0019419120185639547;0.009613973202356796;0.03419599458998951
Fidelity (MAX_ERROR);Tolerancja_0.1;487;4751;4.003776175852314e-05;0.006327539945233308;0.0997450092237342;0.11142447220402463
Fidelity (MAX_ERROR);Tolerancja_1.0;487;2504;0.0005093393835325093;0.022568548547314896;0.999903361449709;0.3974196341802387
Fidelity (MAX_ERROR);Tolerancja_0.01;488;4598;2.4915533269141976e-07;0.0004991546180207289;0.009988144935065613;0.00920664463867925
Fidelity (MAX_ERROR);Tolerancja_0.1;488;1029;5.865180668184567e-06;0.0024218135081348784;0.09998356411769382;0.04466907756751441
Fidelity (MAX_ERROR);Tolerancja_1.0;488;8;0.12842216430450168;0.35836038327987885;0.950649589911424;6.609768962012738
Fidelity (MAX_ERROR);Tolerancja_0.01;489;4918;1.1962042989352015e-06;0.0010937112502553868;0.009933240110580499;0.01986596292884759
Fidelity (MAX_ERROR);Tolerancja_0.1;489;4175;1.2384750099270727e-05;0.0035191973657740096;0.099954109821212;0.06392203096698484
Fidelity (MAX_ERROR);Tolerancja_1.0;489;25;0.008886022757066788;0.09426570297338682;0.9985451231321374;1.7122242825003224
Fidelity (MAX_ERROR);Tolerancja_0.01;490;4581;2.3939871559244135e-07;0.000489283880372572;0.00998689482814008;0.008745087046264696
Fidelity (MAX_ERROR);Tolerancja_0.1;490;868;6.46497611075636e-06;0.002542631729282941;0.09998508448017418;0.04544506101905972
Fidelity (MAX_ERROR);Tolerancja_1.0;490;5;0.2244252011279842;0.47373537035773905;0.960170159063968;8.467184832490775
Fidelity (MAX_ERROR);Tolerancja_0.01;491;4939;1.630107716942878e-06;0.0012767567179940264;0.009971179475382286;0.020936697915408038
Fidelity (MAX_ERROR);Tolerancja_0.1;491;4389;1.652931292051081e-05;0.004065625772314861;0.09987622733333268;0.06666953651576712
Fidelity (MAX_ERROR);Tolerancja_1.0;491;10;0.03895709625887776;0.19737552092110552;0.9783155130860486;3.2366320060677523
Fidelity (MAX_ERROR);Tolerancja_0.01;492;4910;1.087667373316235e-06;0.001042912927006006;0.009920236395539739;0.01728274052098047
Fidelity (MAX_ERROR);Tolerancja_0.1;492;4093;1.1327853481199955e-05;0.003365687668397048;0.09997927494059944;0.0557748448037359
Fidelity (MAX_ERROR);Tolerancja_1.0;492;5;0.046188696462144206;0.21491555658477635;0.7820374311862102;3.5614955977579847
Fidelity (MAX_ERROR);Tolerancja_0.01;493;4910;1.087603405285804e-06;0.0010428822585919295;0.009919940212382627;0.01649130815626626
Fidelity (MAX_ERROR);Tolerancja_0.1;493;4093;1.1327185816063662e-05;0.00336558847990417;0.09997160923572856;0.05322073157541096
Fidelity (MAX_ERROR);Tolerancja_1.0;493;4;0.1712316358445626;0.4138014449522411;0.8088982657506207;6.543525971406784
Fidelity (MAX_ERROR);Tolerancja_0.01;494;4857;6.92809185875458e-07;0.0008323515999116347;0.009950201008691373;0.014483207812718356
Fidelity (MAX_ERROR);Tolerancja_0.1;494;3564;7.463044483046511e-06;0.002731857332117933;0.0999989345025929;0.04753526930201472
Fidelity (MAX_ERROR);Tolerancja_1.0;494;10;0.07870786544365212;0.28054922107119123;0.8307843648918123;4.881654184243407
Fidelity (MAX_ERROR);Tolerancja_0.01;495;4956;2.2439070872270995e-06;0.0014979676522632588;0.009993024657486416;0.02818367649588582
Fidelity (MAX_ERROR);Tolerancja_0.1;495;4560;2.2814955905536728e-05;0.004776500382658493;0.09993032850466932;0.08986798971521666
Fidelity (MAX_ERROR);Tolerancja_1.0;495;599;0.0008622163307388556;0.029363520407792654;0.9998906013969941;0.5524631714865152
Fidelity (MAX_ERROR);Tolerancja_0.01;496;4923;1.2739162579970198e-06;0.0011286789880196318;0.00990315230091987;0.02191024249743422
Fidelity (MAX_ERROR);Tolerancja_0.1;496;4223;1.3113975049404164e-05;0.003621322279141165;0.09993204974384362;0.0702981539831448
Fidelity (MAX_ERROR);Tolerancja_1.0;496;3;0.26520995723665447;0.5149853951683042;0.9103129772268561;9.997045227689023
Fidelity (MAX_ERROR);Tolerancja_0.01;497;4898;9.64960260245801e-07;0.0009823239080088608;0.00994371027369123;0.01786546271032916
Fidelity (MAX_ERROR);Tolerancja_0.1;497;3975;1.009265017378054e-05;0.0031768931637341127;0.09992986117569291;0.05777795479541505
Fidelity (MAX_ERROR);Tolerancja_1.0;497;4;0.2402187942948408;0.49012120367807066;0.9125354232585465;8.913803294883493
Fidelity (MAX_ERROR);Tolerancja_0.01;498;4902;1.0063664660942971e-06;0.0010031781826247504;0.00995484004606162;0.01730039477347204
Fidelity (MAX_ERROR);Tolerancja_0.1;498;4016;1.0483992157017211e-05;0.0032378993432497574;0.0999636956932708;0.055839468845327145
Fidelity (MAX_ERROR);Tolerancja_1.0;498;9;0.020448674529076682;0.14299886198525036;0.8820978216682569;2.4660990513461734
Fidelity (MAX_ERROR);Tolerancja_0.01;499;4580;2.3852478022341375e-07;0.0004883899878410836;0.009986151872643845;0.008480538516619979
Fidelity (MAX_ERROR);Tolerancja_0.1;499;827;6.768790453023138e-06;0.0026016899225355695;0.09997684003803631;0.04517646173275818
Fidelity (MAX_ERROR);Tolerancja_1.0;499;3;0.18014394993347513;0.42443368143147536;0.929654326960061;7.369983563835161
Fidelity (MAX_ERROR);Tolerancja_0.01;500;4659;2.933575141987507e-07;0.0005416248832898565;0.009983137617372684;0.009253911746235745
Fidelity (MAX_ERROR);Tolerancja_0.1;500;1619;4.893648493723968e-06;0.0022121592378768684;0.09997096524378435;0.03779576416724067
Fidelity (MAX_ERROR);Tolerancja_1.0;500;6;0.2667549543497055;0.5164832566015141;0.978538612972204;8.824355420984315
Fidelity (MAX_ERROR);Tolerancja_0.01;501;4968;2.9905387868174506e-06;0.0017293174337921452;0.009859668891055051;0.028503267236288855
Fidelity (MAX_ERROR);Tolerancja_0.1;501;4676;3.081753222787994e-05;0.0055513540895785005;0.09982931731763411;0.09149952810661345
Fidelity (MAX_ERROR);Tolerancja_1.0;501;1756;0.0004908733882593765;0.022155662668026353;0.9998181944762701;0.3651780531923601
Fidelity (MAX_ERROR);Tolerancja_0.01;502;4941;1.652554614692747e-06;0.0012855172556962224;0.00987368085042828;0.023187670781355526
Fidelity (MAX_ERROR);Tolerancja_0.1;502;4403;1.6918541822284416e-05;0.004113215508854893;0.09990901191622825;0.07419261519009206
Fidelity (MAX_ERROR);Tolerancja_1.0;502;11;0.036531040325914456;0.19113095072728137;0.9689672585415492;3.447547313700915
Fidelity (MAX_ERROR);Tolerancja_0.01;503;4977;4.183233114032181e-06;0.002045295361074332;0.009808806792150015;0.04391641130026108
Fidelity (MAX_ERROR);Tolerancja_0.1;503;4766;4.254451508090506e-05;0.006522615662516462;0.09979396781362837;0.1400530591523634
Fidelity (MAX_ERROR);Tolerancja_1.0;503;2656;0.0005246316402350186;0.022904838795220074;0.9996718160613822;0.4918107870584977
Fidelity (MAX_ERROR);Tolerancja_0.01;504;4940;1.5994049582569302e-06;0.0012646758312931145;0.00983663889582953;0.022671512146207114
Fidelity (MAX_ERROR);Tolerancja_0.1;504;4391;1.657115981335851e-05;0.004070768946201505;0.09984293667428723;0.07297560791831084
Fidelity (MAX_ERROR);Tolerancja_1.0;504;11;0.021977740290410195;0.14824891328576476;0.9789078189992191;2.657619411279185
Fidelity (MAX_ERROR);Tolerancja_0.01;505;4649;2.8522742763547456e-07;0.0005340668756209044;0.009985427713724349;0.009778350209403285
Fidelity (MAX_ERROR);Tolerancja_0.1;505;1486;5.109451243531588e-06;0.002260409530047949;0.09997279947515558;0.041386345063592594
Fidelity (MAX_ERROR);Tolerancja_1.0;505;3;0.25425204964376275;0.5042341218558724;0.9187317703593809;9.232135629653829
Fidelity (MAX_ERROR);Tolerancja_0.01;506;4784;4.617842815626829e-07;0.0006795471150425722;0.00999135915685656;0.01192149041896921
Fidelity (MAX_ERROR);Tolerancja_0.1;506;2843;5.4810538930419555e-06;0.002341165071720052;0.09997124501467525;0.0410717319725321
Fidelity (MAX_ERROR);Tolerancja_1.0;506;12;0.11919786213051416;0.3452504339324053;0.8916590147704633;6.056827627047286
Fidelity (MAX_ERROR);Tolerancja_0.01;507;4888;8.836911453161073e-07;0.0009400484803009403;0.009968788447284993;0.018533569891221954
Fidelity (MAX_ERROR);Tolerancja_0.1;507;3877;9.28515279158686e-06;0.0030471548683299408;0.09996429263254925;0.0600763246843299
Fidelity (MAX_ERROR);Tolerancja_1.0;507;4;0.2086741208430808;0.45680862606028005;0.8451914535281038;9.006231886350093
Fidelity (MAX_ERROR);Tolerancja_0.01;508;4970;3.2296973713471455e-06;0.0017971358800455645;0.00992624413304588;0.03187782350349811
Fidelity (MAX_ERROR);Tolerancja_0.1;508;4698;3.310672619570271e-05;0.00575384447093443;0.09992458186600395;0.10206242084843122
Fidelity (MAX_ERROR);Tolerancja_1.0;508;1980;0.00048588013145226265;0.02204268884352049;0.9998581713455774;0.39099600219347774
Fidelity (MAX_ERROR);Tolerancja_0.01;509;4882;8.370735273693982e-07;0.0009149172243265497;0.00995741124284244;0.01762121940616149
Fidelity (MAX_ERROR);Tolerancja_0.1;509;3816;8.838544892423331e-06;0.002972969036573259;0.09991738525603733;0.05725910310601387
Fidelity (MAX_ERROR);Tolerancja_1.0;509;5;0.20778957102405793;0.4558394136360501;0.9029909402010237;8.779424092238886
Fidelity (MAX_ERROR);Tolerancja_0.01;510;4954;2.104843896839152e-06;0.0014508080151554002;0.00989344049526597;0.02563944085670295
Fidelity (MAX_ERROR);Tolerancja_0.1;510;4536;2.1593021549865582e-05;0.004646829193102065;0.0997962411800799;0.0821212048893867
Fidelity (MAX_ERROR);Tolerancja_1.0;510;396;0.0011761380212776612;0.034294868731016614;0.9999694244927069;0.6060769235708333
Fidelity (MAX_ERROR);Tolerancja_0.01;511;4906;1.0377531524131085e-06;0.0010187016994258468;0.009901628263967233;0.020083206375172774
Fidelity (MAX_ERROR);Tolerancja_0.1;511;4051;1.0853380831033756e-05;0.0032944469689211503;0.09996465146080791;0.06494841267683779
Fidelity (MAX_ERROR);Tolerancja_1.0;511;1;0.2254381001763034;0.47480322258416;0.9087225097140248;9.360513595028994
Fidelity (MAX_ERROR);Tolerancja_0.01;512;4922;1.2715171008274652e-06;0.0011276156707085378;0.009989920304234623;0.018630858088406078
Fidelity (MAX_ERROR);Tolerancja_0.1;512;4220;1.3048358780096958e-05;0.0036122512066711194;0.09990135565219926;0.0596828701120087
Fidelity (MAX_ERROR);Tolerancja_1.0;512;5;0.03361163611128361;0.18333476514639443;0.9410845886859711;3.0291207197994017
Fidelity (MAX_ERROR);Tolerancja_0.01;513;4909;1.082365563489808e-06;0.0010403679942644372;0.009923126701737672;0.01915675944931542
Fidelity (MAX_ERROR);Tolerancja_0.1;513;4083;1.1215957705702593e-05;0.0033490233958129636;0.09999507698104626;0.06166706005703146
Fidelity (MAX_ERROR);Tolerancja_1.0;513;2;0.3006467721631933;0.5483126591308952;0.9405221729184969;10.09632531171004
Fidelity (MAX_ERROR);Tolerancja_0.01;514;4944;1.7413247114522486e-06;0.001319592630872213;0.009918807690886489;0.025259220713703776
Fidelity (MAX_ERROR);Tolerancja_0.1;514;4436;1.786516599150858e-05;0.004226720477096703;0.09989817458722694;0.08090653352281092
Fidelity (MAX_ERROR);Tolerancja_1.0;514;27;0.013098645711017912;0.11444931503079392;0.9988102570398825;2.1907522376691633
Fidelity (MAX_ERROR);Tolerancja_0.01;515;4938;1.5974809611154491e-06;0.0012639149342876875;0.009991828500214517;0.02345323760466741
Fidelity (MAX_ERROR);Tolerancja_0.1;515;4380;1.6295968724909404e-05;0.004036826566117178;0.09991887271838795;0.07490745623425783
Fidelity (MAX_ERROR);Tolerancja_1.0;515;3;0.21042726123974348;0.45872351284814633;0.8212379104459915;8.512085148941253
Fidelity (MAX_ERROR);Tolerancja_0.01;516;4934;1.4737236733740834e-06;0.001213970211073601;0.009899213982683897;0.021554617206260562
Fidelity (MAX_ERROR);Tolerancja_0.1;516;4334;1.5193392085937668e-05;0.0038978701987030903;0.09989342651608801;0.06920853517355549
Fidelity (MAX_ERROR);Tolerancja_1.0;516;9;0.12971196851922467;0.3601554782579666;0.9464034697666204;6.394731433914494
Fidelity (MAX_ERROR);Tolerancja_0.01;517;4962;2.4775981620428744e-06;0.0015740388057614318;0.00976727408461997;0.02675109382741436
Fidelity (MAX_ERROR);Tolerancja_0.1;517;4611;2.5828471064489723e-05;0.0050821718845873096;0.0999868244726092;0.0863724937619156
Fidelity (MAX_ERROR);Tolerancja_1.0;517;1118;0.0005736501870166353;0.023950995532892476;0.9997510170675747;0.40705179974927397
Fidelity (MAX_ERROR);Tolerancja_0.01;518;4757;4.094185679355564e-07;0.0006398582404998442;0.009964879327410081;0.011345503273013445
Fidelity (MAX_ERROR);Tolerancja_0.1;518;2567;5.1319485329694625e-06;0.0022653804389041288;0.09999685831213156;0.04016808655012342
Fidelity (MAX_ERROR);Tolerancja_1.0;518;5;0.16625793691364868;0.40774739350932543;0.8661205953620863;7.229881706311915
Fidelity (MAX_ERROR);Tolerancja_0.01;519;2311;4.954070369473232e-08;0.00022257741056704817;0.00999827714563839;0.004167236998705304
Fidelity (MAX_ERROR);Tolerancja_0.1;519;11;0.001384904542579694;0.03721430561732536;0.09802682782405192;0.696750091819983
Fidelity (MAX_ERROR);Tolerancja_1.0;519;1;0.22250687379834863;0.4717063427582341;0.9132620137455136;8.831588610264369
Fidelity (MAX_ERROR);Tolerancja_0.01;520;4894;9.333899690716563e-07;0.0009661210944139747;0.009968567252413685;0.016984360079942626
Fidelity (MAX_ERROR);Tolerancja_0.1;520;3937;9.767059044171199e-06;0.0031252294386446573;0.09999389412503845;0.05494137580193801
Fidelity (MAX_ERROR);Tolerancja_1.0;520;9;0.17451966939605978;0.41775551390264115;0.9858463217286175;7.344120850407242
Fidelity (MAX_ERROR);Tolerancja_0.01;521;4907;1.073919422823433e-06;0.0010363008360623053;0.009992306796540618;0.01850508485416315
Fidelity (MAX_ERROR);Tolerancja_0.1;521;4070;1.104614006429992e-05;0.003323573387831224;0.09992849636693979;0.059348603629957475
Fidelity (MAX_ERROR);Tolerancja_1.0;521;4;0.14554123652901077;0.3814986717264043;0.8732639856027329;6.812370545673472
Fidelity (MAX_ERROR);Tolerancja_0.01;522;4907;1.0552523924333425e-06;0.0010272547845755417;0.009905087449607386;0.018381975149305837
Fidelity (MAX_ERROR);Tolerancja_0.1;522;4062;1.0953164429237377e-05;0.0033095565306000404;0.0999140027583012;0.05922210031452917
Fidelity (MAX_ERROR);Tolerancja_1.0;522;11;0.18515733064153758;0.4302991176397386;0.9465582022077772;7.699888874686707
Fidelity (MAX_ERROR);Tolerancja_0.01;523;4950;1.9586691898714448e-06;0.0013995246299624187;0.009945587571137171;0.025481156585878337
Fidelity (MAX_ERROR);Tolerancja_0.1;523;4498;2.0008118661554204e-05;0.004473043556858597;0.09985392109776692;0.08144074126857541
Fidelity (MAX_ERROR);Tolerancja_1.0;523;42;0.009867915575676418;0.09933738256908331;0.9999795772788795;1.808636551213882
Fidelity (MAX_ERROR);Tolerancja_0.01;524;4753;4.054071499234048e-07;0.0006367159099028426;0.009996758515675275;0.01143045751675059
Fidelity (MAX_ERROR);Tolerancja_0.1;524;2531;5.1134346431840006e-06;0.002261290481823156;0.09997124228439525;0.040595160861389784
Fidelity (MAX_ERROR);Tolerancja_1.0;524;4;0.12365577263562756;0.35164722753866207;0.8475033926089939;6.312844759725173
Fidelity (MAX_ERROR);Tolerancja_0.01;525;4779;4.5033191304512906e-07;0.0006710677410255458;0.009968159740298965;0.012094255111229914
Fidelity (MAX_ERROR);Tolerancja_0.1;525;2785;5.408862549836724e-06;0.0023256961430584014;0.09995814862314933;0.0419146395300814
Fidelity (MAX_ERROR);Tolerancja_1.0;525;5;0.1392524275784733;0.3731654158392405;0.8455016380892104;6.7253385343047904
Fidelity (MAX_ERROR);Tolerancja_0.01;526;4820;5.544379486599021e-07;0.0007446059015747203;0.009998599147662546;0.01322425002037058
Fidelity (MAX_ERROR);Tolerancja_0.1;526;3202;6.222116567393771e-06;0.002494417079678892;0.09994694001618587;0.044301012182410324
Fidelity (MAX_ERROR);Tolerancja_1.0;526;9;0.1636866151600782;0.40458202525579184;0.8600969764622706;7.185403505955937
Fidelity (MAX_ERROR);Tolerancja_0.01;527;4716;3.5234563768839776e-07;0.000593587093599918;0.009999071824350558;0.009907504509997606
Fidelity (MAX_ERROR);Tolerancja_0.1;527;2168;4.866914340734277e-06;0.002206108415453392;0.09999800587736907;0.036821941230379844
Fidelity (MAX_ERROR);Tolerancja_1.0;527;4;0.17785646867545243;0.4217303269572304;0.8798079455609766;7.039059914513111
Fidelity (MAX_ERROR);Tolerancja_0.01;528;4729;3.690034251930371e-07;0.000607456521236736;0.009988088844075094;0.010794852853281352
Fidelity (MAX_ERROR);Tolerancja_0.1;528;2294;4.921518632780729e-06;0.0022184496011360567;0.09999227135810695;0.039423129342538686
Fidelity (MAX_ERROR);Tolerancja_1.0;528;7;0.1430783671087904;0.3782570119757073;0.888870741973161;6.721845337484393
Fidelity (MAX_ERROR);Tolerancja_0.01;529;4556;2.2573101609087756e-07;0.0004751115827791168;0.009984985432102356;0.008835631724860273
Fidelity (MAX_ERROR);Tolerancja_0.1;529;658;7.675479601740126e-06;0.0027704655929536694;0.09998844657792283;0.0515222414544157
Fidelity (MAX_ERROR);Tolerancja_1.0;529;4;0.3347827214760647;0.5786041146380353;0.99569103185478;10.760278336146731
Fidelity (MAX_ERROR);Tolerancja_0.01;530;2412;4.972220624853258e-08;0.00022298476685310274;0.009997719387418336;0.004204559314157502
Fidelity (MAX_ERROR);Tolerancja_0.1;530;9;8.949994703138447e-05;0.009460441164733517;0.05095986841233646;0.17838432004381505
Fidelity (MAX_ERROR);Tolerancja_1.0;530;4;0.1457654381583025;0.38179240191274433;0.8622064431103551;7.1990065608127765
Fidelity (MAX_ERROR);Tolerancja_0.01;531;4928;1.36849058481027e-06;0.0011698250231595621;0.00996011072948999;0.020795267702498756
Fidelity (MAX_ERROR);Tolerancja_0.1;531;4278;1.4048422662498337e-05;0.0037481225516914915;0.09988526780914153;0.0666280942030815
Fidelity (MAX_ERROR);Tolerancja_1.0;531;25;0.011589428540984503;0.10765420818985434;0.9827446239093929;1.9137033610052985
Fidelity (MAX_ERROR);Tolerancja_0.01;532;4963;2.696489612696183e-06;0.0016420991482538998;0.009988274422072063;0.03300763811887777
Fidelity (MAX_ERROR);Tolerancja_0.1;532;4630;2.704885042787756e-05;0.0052008509330567785;0.09988276980911737;0.1045416811104897
Fidelity (MAX_ERROR);Tolerancja_1.0;532;1296;0.0005376711989196116;0.023187738115642318;0.9999639741728417;0.46609394404124566
Fidelity (MAX_ERROR);Tolerancja_0.01;533;4836;6.048367016531933e-07;0.0007777124800677904;0.009970476575774434;0.014558840341236511
Fidelity (MAX_ERROR);Tolerancja_0.1;533;3357;6.6764088542069415e-06;0.002583874775256522;0.09996384418172699;0.04837034415524491
Fidelity (MAX_ERROR);Tolerancja_1.0;533;9;0.21752307347071706;0.4663936893555884;0.9347062720787234;8.730927474503682
Fidelity (MAX_ERROR);Tolerancja_0.01;534;4892;9.19963662578317e-07;0.0009591473622850229;0.009989018651409332;0.017402040674714313
Fidelity (MAX_ERROR);Tolerancja_0.1;534;3919;9.620186107757136e-06;0.0031016424854836406;0.09999589808149167;0.05627384363777146
Fidelity (MAX_ERROR);Tolerancja_1.0;534;3;0.24811575880859135;0.4981121950008766;0.9638891534745149;9.037369041317996
Fidelity (MAX_ERROR);Tolerancja_0.01;535;4770;4.310264677665726e-07;0.0006565260602341483;0.00995901243133801;0.012161777714471002
Fidelity (MAX_ERROR);Tolerancja_0.1;535;2694;5.279811523945435e-06;0.0022977840464119847;0.09998245409481221;0.04256516306200201
Fidelity (MAX_ERROR);Tolerancja_1.0;535;4;0.17486823722526493;0.41817249697375475;0.8575442636219579;7.746411395590745
Fidelity (MAX_ERROR);Tolerancja_0.01;536;4897;9.530152721693309e-07;0.0009762250110345109;0.009905882141253208;0.017498045571043105
Fidelity (MAX_ERROR);Tolerancja_0.1;536;3961;9.966572288944447e-06;0.0031569878506171743;0.099934428304012;0.056586459733078784
Fidelity (MAX_ERROR);Tolerancja_1.0;536;3;0.2852372905979875;0.5340761093683067;0.9554616844339545;9.57288329483464
Fidelity (MAX_ERROR);Tolerancja_0.01;537;4904;1.0190768047904628e-06;0.0010094933406370062;0.00991535587384984;0.019078711566932825
Fidelity (MAX_ERROR);Tolerancja_0.1;537;4032;1.0651110505085637e-05;0.0032636039136337666;0.09999138179304978;0.06167981028744712
Fidelity (MAX_ERROR);Tolerancja_1.0;537;11;0.113902555707645;0.33749452692991183;0.8576085052828297;6.3784083316994895
Fidelity (MAX_ERROR);Tolerancja_0.01;538;4957;2.27080540752589e-06;0.001506919177502858;0.009881229599950636;0.027125082959881544
Fidelity (MAX_ERROR);Tolerancja_0.1;538;4565;2.3114779159621062e-05;0.00480778318558783;0.09996140456534963;0.08654181306412242
Fidelity (MAX_ERROR);Tolerancja_1.0;538;651;0.0008104040704245932;0.028467596850183775;0.999905492565162;0.5124269023567012
Fidelity (MAX_ERROR);Tolerancja_0.01;539;4973;3.5182065399101582e-06;0.0018756882843132966;0.009746245649581375;0.032581782368277676
Fidelity (MAX_ERROR);Tolerancja_0.1;539;4723;3.618471456590468e-05;0.006015373185921608;0.09998941421473884;0.10449048578422239
Fidelity (MAX_ERROR);Tolerancja_1.0;539;2231;0.0004915345710152442;0.022170578950835816;0.999753005659552;0.38511568494405285
Fidelity (MAX_ERROR);Tolerancja_0.01;540;4924;1.289377470717421e-06;0.001135507582853334;0.009930923632875732;0.019169939846466887
Fidelity (MAX_ERROR);Tolerancja_0.1;540;4235;1.3319550334043393e-05;0.00364959591380243;0.09996790510594877;0.061613445112977734
Fidelity (MAX_ERROR);Tolerancja_1.0;540;13;0.05560021427489844;0.23579697681458606;0.9909693957177899;3.98078703284028
Fidelity (MAX_ERROR);Tolerancja_0.01;541;4864;7.262662324512489e-07;0.0008522125512166838;0.009953737948801944;0.015431984155788676
Fidelity (MAX_ERROR);Tolerancja_0.1;541;3634;7.798903089015256e-06;0.002792651623281224;0.09998258794929793;0.050569726462706986
Fidelity (MAX_ERROR);Tolerancja_1.0;541;6;0.12820903267983044;0.3580628892804034;0.8319650110065133;6.483852914701034
Fidelity (MAX_ERROR);Tolerancja_0.01;542;4950;1.9605901929015047e-06;0.0014002107673138015;0.009950463330913983;0.024014299503725516
Fidelity (MAX_ERROR);Tolerancja_0.1;542;4498;2.0027738435769698e-05;0.004475236131844855;0.09990265326242298;0.07675248850299074
Fidelity (MAX_ERROR);Tolerancja_1.0;542;10;0.03992887562521778;0.19982210995087052;0.9981504794347122;3.4270469188237307
Fidelity (MAX_ERROR);Tolerancja_0.01;543;4683;3.158930908754634e-07;0.0005620436734591568;0.009990813448174762;0.0101259146485228
Fidelity (MAX_ERROR);Tolerancja_0.1;543;1852;4.805126006485532e-06;0.002192059763438381;0.09997837925290298;0.039492678446902095
Fidelity (MAX_ERROR);Tolerancja_1.0;543;6;0.14880792963203088;0.385756308609504;0.9787461616738327;6.949878880529581
Fidelity (MAX_ERROR);Tolerancja_0.01;544;4964;2.6967993069308735e-06;0.0016421934438216692;0.009922101127210148;0.029125213252672304
Fidelity (MAX_ERROR);Tolerancja_0.1;544;4638;2.7579309165461374e-05;0.005251600628899857;0.09977277959280517;0.09314005533880701
Fidelity (MAX_ERROR);Tolerancja_1.0;544;1376;0.0005238608322470346;0.022888006296902196;0.9999643309968578;0.40593150997756217
Fidelity (MAX_ERROR);Tolerancja_0.01;545;4979;4.439840194592958e-06;0.0021070928300843694;0.009655842574402662;0.04070741483214407
Fidelity (MAX_ERROR);Tolerancja_0.1;545;4783;4.5948887823710784e-05;0.006778560896216156;0.09977711856174487;0.1309565893004214
Fidelity (MAX_ERROR);Tolerancja_1.0;545;2826;0.0005473522512809026;0.023395560503670407;0.9997075836222109;0.4519842567236598
Fidelity (MAX_ERROR);Tolerancja_0.01;546;4442;1.8048387741376434e-07;0.0004248339409860803;0.00998979721175619;0.006992752733936663
Fidelity (MAX_ERROR);Tolerancja_0.1;546;172;1.936819606843822e-05;0.004400931272860123;0.09989847763204018;0.0724391843992717
Fidelity (MAX_ERROR);Tolerancja_1.0;546;3;0.1652504948674878;0.4065101411619245;0.8420405023913515;6.691143589857774
Fidelity (MAX_ERROR);Tolerancja_0.01;547;4680;3.125887625114599e-07;0.0005590963803419406;0.009992500971828022;0.010222853763001763
Fidelity (MAX_ERROR);Tolerancja_0.1;547;1803;4.880665651788162e-06;0.002209222861503149;0.09998259990403113;0.040394756677219736
Fidelity (MAX_ERROR);Tolerancja_1.0;547;7;0.22180982387644294;0.47096690316458856;0.9785976017812033;8.611441510890842
Fidelity (MAX_ERROR);Tolerancja_0.01;548;4940;1.6136626156350787e-06;0.0012703002068940549;0.009880386268306118;0.022533163639233075
Fidelity (MAX_ERROR);Tolerancja_0.1;548;4393;1.666262327380979e-05;0.00408198766213346;0.09995869690176384;0.07240815632792776
Fidelity (MAX_ERROR);Tolerancja_1.0;548;20;0.016163273846778153;0.1271348647963184;0.9939768892641005;2.2551761364438945
Fidelity (MAX_ERROR);Tolerancja_0.01;549;4823;5.604311228663072e-07;0.0007486194780169076;0.009954606255602627;0.014811682535996663
Fidelity (MAX_ERROR);Tolerancja_0.1;549;3223;6.2878831732055396e-06;0.0025075651882265275;0.0999475186994454;0.049613001794603595
Fidelity (MAX_ERROR);Tolerancja_1.0;549;6;0.09006954532561451;0.30011588649322535;0.6261689795126397;5.937891499326534
Fidelity (MAX_ERROR);Tolerancja_0.01;550;4955;2.2005727345199983e-06;0.0014834327536224884;0.009950838682026841;0.026319133941679337
Fidelity (MAX_ERROR);Tolerancja_0.1;550;4548;2.2226876569538306e-05;0.0047145388501462476;0.09995122676827783;0.08364557083376033
Fidelity (MAX_ERROR);Tolerancja_1.0;550;492;0.0009981104099945019;0.031592885433187355;0.9999014852342185;0.5605224647289888
Fidelity (MAX_ERROR);Tolerancja_0.01;551;4898;9.718754815495635e-07;0.000985837451890302;0.009979274304948937;0.017457667398311515
Fidelity (MAX_ERROR);Tolerancja_0.1;551;3978;1.0127762248642828e-05;0.0031824145312392645;0.09999131787192184;0.05635567435929654
Fidelity (MAX_ERROR);Tolerancja_1.0;551;4;0.23326489104188017;0.48297504184158435;0.9475964168833109;8.55274632343161
Fidelity (MAX_ERROR);Tolerancja_0.01;552;4965;2.847034526163898e-06;0.00168731577547414;0.009982094033843758;0.0310898736508926
Fidelity (MAX_ERROR);Tolerancja_0.1;552;4650;2.854332785864776e-05;0.005342595610622964;0.0998212168510495;0.09844074530471728
Fidelity (MAX_ERROR);Tolerancja_1.0;552;1496;0.0005095461811184688;0.02257312962613888;0.9998945872387157;0.4159243682675058
Fidelity (MAX_ERROR);Tolerancja_0.01;553;4940;1.631190644265908e-06;0.0012771807406416322;0.009933901241142351;0.020930122195627524
Fidelity (MAX_ERROR);Tolerancja_0.1;553;4397;1.672991315412242e-05;0.004090221650977172;0.09983599862524706;0.0670295411118909
Fidelity (MAX_ERROR);Tolerancja_1.0;553;12;0.1065697877817263;0.3264502837825789;0.8994510585089461;5.349786536034095
Fidelity (MAX_ERROR);Tolerancja_0.01;554;4672;3.037625997331949e-07;0.0005511466227177619;0.009971931891151975;0.009771286123432235
Fidelity (MAX_ERROR);Tolerancja_0.1;554;1727;4.879947035713081e-06;0.00220906021550185;0.09998368894830278;0.0391644592197985
Fidelity (MAX_ERROR);Tolerancja_1.0;554;4;0.20649036671954313;0.4544121111057045;0.7862458391891947;8.056278624500449
Fidelity (MAX_ERROR);Tolerancja_0.01;555;4951;1.9643993864657367e-06;0.0014015703287618988;0.009810606681299738;0.027266307655883726
Fidelity (MAX_ERROR);Tolerancja_0.1;555;4501;2.016871682044168e-05;0.004490959454330631;0.09990984247543278;0.0873676330320496
Fidelity (MAX_ERROR);Tolerancja_1.0;555;148;0.0027475063606588255;0.052416661097964126;0.9999297548627313;1.0197196519234237
Fidelity (MAX_ERROR);Tolerancja_0.01;556;4850;6.573612678015624e-07;0.0008107781865600248;0.00994289951053684;0.014594808980944807
Fidelity (MAX_ERROR);Tolerancja_0.1;556;3492;7.167794115121301e-06;0.002677273634711495;0.09996163386425394;0.048193572466618484
Fidelity (MAX_ERROR);Tolerancja_1.0;556;7;0.12216801312565254;0.3495254112731327;0.9900889082106845;6.291802981480286
Fidelity (MAX_ERROR);Tolerancja_0.01;557;2776;5.1089750134555e-08;0.00022603041860456527;0.009999764872168804;0.004251425948822384
Fidelity (MAX_ERROR);Tolerancja_0.1;557;85;2.8716310487510255e-05;0.005358760163275667;0.09938667693737013;0.10079338945756257
Fidelity (MAX_ERROR);Tolerancja_1.0;557;4;0.1593227574037968;0.3991525490383305;0.852056732269789;7.5076952694980434
Fidelity (MAX_ERROR);Tolerancja_0.01;558;4553;2.2477523974192759e-07;0.00047410467171493637;0.009990718935094733;0.008016142573795624
Fidelity (MAX_ERROR);Tolerancja_0.1;558;540;9.280838471691754e-06;0.0030464468601457263;0.09999468258635158;0.051509200038221854
Fidelity (MAX_ERROR);Tolerancja_1.0;558;4;0.16833685203628537;0.41028874227339623;0.930620894128336;6.9371454252708995
Fidelity (MAX_ERROR);Tolerancja_0.01;559;4975;3.7287117335592646e-06;0.001930987243240945;0.009654837237891734;0.03015815945514088
Fidelity (MAX_ERROR);Tolerancja_0.1;559;4742;3.848894004089082e-05;0.0062039455220763194;0.09963805661223457;0.09689322338129966
Fidelity (MAX_ERROR);Tolerancja_1.0;559;2412;0.0005015898765913159;0.022396202280550063;0.999657269402964;0.3497838952228334
Fidelity (MAX_ERROR);Tolerancja_0.01;560;4667;3.002749087187095e-07;0.0005479734562172784;0.009981375757362798;0.010686824836883446
Fidelity (MAX_ERROR);Tolerancja_0.1;560;1668;4.946984383340319e-06;0.002224181733433741;0.09999606471068656;0.04337699266436236
Fidelity (MAX_ERROR);Tolerancja_1.0;560;6;0.2675911163841945;0.5172920996730904;0.9584857763480548;10.088463220229347
Fidelity (MAX_ERROR);Tolerancja_0.01;561;4955;2.1907830210939186e-06;0.0014801293933619176;0.009928679330060142;0.024141692154203517
Fidelity (MAX_ERROR);Tolerancja_0.1;561;4547;2.2202509303994413e-05;0.0047119538732880665;0.09994880522030769;0.07685445634948782
Fidelity (MAX_ERROR);Tolerancja_1.0;561;471;0.001039760252304177;0.032245313648717654;0.9998177690113366;0.5259380963679925
Fidelity (MAX_ERROR);Tolerancja_0.01;562;4759;4.13999509359271e-07;0.0006434279364150045;0.009979185144116443;0.011934088476440362
Fidelity (MAX_ERROR);Tolerancja_0.1;562;2587;5.1671314564267104e-06;0.0022731325206478198;0.0999788450094723;0.0421613098915678
Fidelity (MAX_ERROR);Tolerancja_1.0;562;3;0.05843936191269506;0.24174234613053433;0.4083679178491044;4.483757051797155
Fidelity (MAX_ERROR);Tolerancja_0.01;563;3754;8.438954618074248e-08;0.0002904987886046041;0.009997419989861811;0.0050171956288452505
Fidelity (MAX_ERROR);Tolerancja_0.1;563;23;9.147235620467176e-05;0.00956411816137127;0.0995996019916019;0.165181590131529
Fidelity (MAX_ERROR);Tolerancja_1.0;563;2;0.24165229461923474;0.491581422166496;0.9910168000197777;8.49008759851395
Fidelity (MAX_ERROR);Tolerancja_0.01;564;4773;4.375736225097444e-07;0.0006614934788112007;0.009958114954260466;0.010903912361318505
Fidelity (MAX_ERROR);Tolerancja_0.1;564;2726;5.310461932991376e-06;0.0023044439531026517;0.09996378054329558;0.037985945003357176
Fidelity (MAX_ERROR);Tolerancja_1.0;564;4;0.1301431020886056;0.36075351985615556;0.7468187312177896;5.946581320224028
Fidelity (MAX_ERROR);Tolerancja_0.01;565;4951;2.03357075178841e-06;0.0014260332225402078;0.00998183953361842;0.0259066800875011
Fidelity (MAX_ERROR);Tolerancja_0.1;565;4510;2.047501076405447e-05;0.004524932128115788;0.09981946886718784;0.08220423424072507
Fidelity (MAX_ERROR);Tolerancja_1.0;565;168;0.0024938455197974635;0.049938417273652794;0.9997277662218576;0.9072289340357106
Fidelity (MAX_ERROR);Tolerancja_0.01;566;4006;1.0375454224780237e-07;0.0003221095190269955;0.00999495193893285;0.006337007611748104
Fidelity (MAX_ERROR);Tolerancja_0.1;566;29;7.582908193248506e-05;0.008707989545956349;0.09894839225224938;0.1713162535600928
Fidelity (MAX_ERROR);Tolerancja_1.0;566;2;0.21364459648637402;0.46221704478131703;0.9452190258687958;9.093406925404892
Fidelity (MAX_ERROR);Tolerancja_0.01;567;4964;2.625761203273365e-06;0.0016204200700044927;0.009790547121866666;0.029336495279348344
Fidelity (MAX_ERROR);Tolerancja_0.1;567;4633;2.7264987942965536e-05;0.0052215886416842085;0.09981005981019475;0.09453296300942693
Fidelity (MAX_ERROR);Tolerancja_1.0;567;1330;0.0005300603021400069;0.02302303850798167;0.9999744979894514;0.4168149191732652
Fidelity (MAX_ERROR);Tolerancja_0.01;568;4910;1.0882727371681336e-06;0.0010432031140521646;0.009922996319038369;0.019957256975771425
Fidelity (MAX_ERROR);Tolerancja_0.1;568;4094;1.13143627826049e-05;0.0033636829194507766;0.09989645136454062;0.06434977379212024
Fidelity (MAX_ERROR);Tolerancja_1.0;568;6;0.06459333642278517;0.25415219145776646;0.9936895203474982;4.8621217934980905
Fidelity (MAX_ERROR);Tolerancja_0.01;569;4859;7.040292480868073e-07;0.0008390645077029581;0.009960105778271888;0.015248250590587872
Fidelity (MAX_ERROR);Tolerancja_0.1;569;3585;7.565695527622446e-06;0.002750580943659438;0.0999824507778806;0.0499860822541939
Fidelity (MAX_ERROR);Tolerancja_1.0;569;4;0.18655719633130866;0.43192267401851997;0.8927860446501299;7.849295386383762
Fidelity (MAX_ERROR);Tolerancja_0.01;570;4761;4.177633651709707e-07;0.0006463461651243633;0.009983148001405873;0.011817082081886674
Fidelity (MAX_ERROR);Tolerancja_0.1;570;2615;5.1664363740534285e-06;0.0022729796246454626;0.09997544376184742;0.041556658404128186
Fidelity (MAX_ERROR);Tolerancja_1.0;570;7;0.14093134644458707;0.3754082397132315;0.8873172408820471;6.863551177803107
Fidelity (MAX_ERROR);Tolerancja_0.01;571;4788;4.6850220531088216e-07;0.0006844722093050106;0.009970541887693862;0.012735737569319628
Fidelity (MAX_ERROR);Tolerancja_0.1;571;2876;5.545027196531773e-06;0.00235478814260047;0.09995397946323825;0.043814728206359135
Fidelity (MAX_ERROR);Tolerancja_1.0;571;3;0.15644575058312662;0.3955322370972139;0.9126929853952088;7.359531480453857
Fidelity (MAX_ERROR);Tolerancja_0.01;572;4951;1.9702696682225957e-06;0.0014036629468011884;0.009825253370579823;0.02504700184468127
Fidelity (MAX_ERROR);Tolerancja_0.1;572;4502;2.016717400822874e-05;0.004490787682381426;0.09985735280776087;0.0801337440879324
Fidelity (MAX_ERROR);Tolerancja_1.0;572;98;0.004154349829142177;0.06445424601329362;0.9997993790555411;1.1501234127975906
Fidelity (MAX_ERROR);Tolerancja_0.01;573;4769;4.302879169145651e-07;0.0006559633502830513;0.00996110531140193;0.011864169433903038
Fidelity (MAX_ERROR);Tolerancja_0.1;573;2684;5.269604541411045e-06;0.002295561922800395;0.09997555854007167;0.04151898972155703
Fidelity (MAX_ERROR);Tolerancja_1.0;573;9;0.17949295267823326;0.42366608629701913;0.8869023550123956;7.662693699362142
Fidelity (MAX_ERROR);Tolerancja_0.01;574;4951;2.036927332501519e-06;0.0014272096315893889;0.009990074278878325;0.023585547074485885
Fidelity (MAX_ERROR);Tolerancja_0.1;574;4510;2.0508806770802763e-05;0.004528665009779677;0.0999020239741144;0.0748390701748469
Fidelity (MAX_ERROR);Tolerancja_1.0;574;180;0.002331867025513223;0.04828940904083651;0.9997256790898463;0.7980132034727095
Fidelity (MAX_ERROR);Tolerancja_0.01;575;4736;3.7658768760463116e-07;0.0006136674079700103;0.009969075905351232;0.010908761741854227
Fidelity (MAX_ERROR);Tolerancja_0.1;575;2357;4.966202704191497e-06;0.0022284978582425194;0.09996388908692211;0.03961454015981912
Fidelity (MAX_ERROR);Tolerancja_1.0;575;5;0.12221283973597846;0.3495895303580736;0.743558016656463;6.2144230646665015
Fidelity (MAX_ERROR);Tolerancja_0.01;576;4908;1.0745904644902673e-06;0.0010366245532931716;0.009968714222664765;0.016787363290552703
Fidelity (MAX_ERROR);Tolerancja_0.1;576;4078;1.1132000750368317e-05;0.0033364653078322747;0.0999087154686853;0.05403157300391055
Fidelity (MAX_ERROR);Tolerancja_1.0;576;3;0.3528646702693035;0.5940241327330932;0.9365138178574237;9.619778817573204
Fidelity (MAX_ERROR);Tolerancja_0.01;577;4881;8.280323157436011e-07;0.0009099628100881932;0.009924232503123243;0.015339430758023846
Fidelity (MAX_ERROR);Tolerancja_0.1;577;3802;8.745164050714633e-06;0.002957222353952207;0.09993400152624154;0.04985050711043201
Fidelity (MAX_ERROR);Tolerancja_1.0;577;6;0.2527249456664815;0.5027175605312405;0.9934752216795335;8.474413597039467
Fidelity (MAX_ERROR);Tolerancja_0.01;578;4874;7.903279480031149e-07;0.0008890039077546931;0.009996321840256783;0.016749291618736183
Fidelity (MAX_ERROR);Tolerancja_0.1;578;3740;8.368886492924554e-06;0.0028929027797222214;0.09997399221032932;0.05450377873433394
Fidelity (MAX_ERROR);Tolerancja_1.0;578;10;0.14292430005246273;0.3780533031894613;0.8960124524810125;7.122718997422028
Fidelity (MAX_ERROR);Tolerancja_0.01;579;4977;4.1620942282512115e-06;0.0020401211307790553;0.009783992305483658;0.035744934340514754
Fidelity (MAX_ERROR);Tolerancja_0.1;579;4765;4.2602435709559405e-05;0.006527054137170873;0.09996693515928179;0.11436042598169892
Fidelity (MAX_ERROR);Tolerancja_1.0;579;2650;0.0005239611240375105;0.022890197116615454;0.9997425925188939;0.40105882961097145
Fidelity (MAX_ERROR);Tolerancja_0.01;580;4984;5.48326077915889e-06;0.0023416363464805736;0.009516381832641585;0.041597801663099426
Fidelity (MAX_ERROR);Tolerancja_0.1;580;4832;5.9308878608354164e-05;0.007701225786091079;0.09992202879976375;0.1368077768753669
Fidelity (MAX_ERROR);Tolerancja_1.0;580;3319;0.0006569002670657115;0.025630065685942196;0.9998370971893085;0.45530314329910343
Fidelity (MAX_ERROR);Tolerancja_0.01;581;4894;9.222663154249983e-07;0.0009603469765792977;0.00990897413288927;0.017244192149192168
Fidelity (MAX_ERROR);Tolerancja_0.1;581;3931;9.70943790100329e-06;0.0031159970957950664;0.09994149537337194;0.05595149874643049
Fidelity (MAX_ERROR);Tolerancja_1.0;581;10;0.08129350257516299;0.2851201546281199;0.9392090557439863;5.119677420683484
Fidelity (MAX_ERROR);Tolerancja_0.01;582;4959;2.434325632626954e-06;0.00156023255722567;0.00999008701737747;0.029582178067622113
Fidelity (MAX_ERROR);Tolerancja_0.1;582;4590;2.4447246614675734e-05;0.004944415700027227;0.09990107459921216;0.09374665654883912
Fidelity (MAX_ERROR);Tolerancja_1.0;582;899;0.0006512571283817698;0.025519739974807144;0.9998736253384011;0.48385703059327145
Fidelity (MAX_ERROR);Tolerancja_0.01;583;4963;2.5819181051564145e-06;0.0016068348095421678;0.0097737749104434;0.027392462384385724
Fidelity (MAX_ERROR);Tolerancja_0.1;583;4622;2.646555286418003e-05;0.005144468180889063;0.0998513006435422;0.08770014832627686
Fidelity (MAX_ERROR);Tolerancja_1.0;583;1218;0.0005516057278479947;0.02348628808151673;0.999744500531099;0.40038170632182246
Fidelity (MAX_ERROR);Tolerancja_0.01;584;4906;1.0576390998020584e-06;0.0010284158204744121;0.009996055989937247;0.01975876519154648
Fidelity (MAX_ERROR);Tolerancja_0.1;584;4060;1.0943892457157988e-05;0.0033081554463413577;0.09996901717881279;0.06355898594718368
Fidelity (MAX_ERROR);Tolerancja_1.0;584;9;0.019050226499583142;0.13802255793740073;0.9440375284756461;2.6518021787759682
Fidelity (MAX_ERROR);Tolerancja_0.01;585;4967;2.9447630684763747e-06;0.0017160311968249223;0.009857672404433249;0.02709650051999941
Fidelity (MAX_ERROR);Tolerancja_0.1;585;4666;2.9868260495664813e-05;0.005465186226988501;0.09977171646759597;0.08629646227614365
Fidelity (MAX_ERROR);Tolerancja_1.0;585;1654;0.0004963359035456192;0.022278597432190815;0.9997320812979522;0.35178383005108355
Fidelity (MAX_ERROR);Tolerancja_0.01;586;4888;8.880822299367902e-07;0.0009423811489714712;0.009993518637783971;0.01782025777046468
Fidelity (MAX_ERROR);Tolerancja_0.1;586;3880;9.29966058324698e-06;0.003049534486318687;0.09993753423010077;0.0576661478059402
Fidelity (MAX_ERROR);Tolerancja_1.0;586;11;0.16696566071878813;0.4086143178093349;0.8312154413246482;7.726823143705904
Fidelity (MAX_ERROR);Tolerancja_0.01;587;4956;2.2292568693167053e-06;0.0014930696130176602;0.009960353951299794;0.025729114671860252
Fidelity (MAX_ERROR);Tolerancja_0.1;587;4559;2.2744359787991623e-05;0.004769104715561572;0.099834405470272;0.08218293443183336
Fidelity (MAX_ERROR);Tolerancja_1.0;587;659;0.0007768798511066645;0.027872564487442925;0.9999438511179806;0.48031009515144185
Fidelity (MAX_ERROR);Tolerancja_0.01;588;4936;1.5395615347045703e-06;0.0012407906893205519;0.009964670063684622;0.02291699156838114
Fidelity (MAX_ERROR);Tolerancja_0.1;588;4358;1.5765163952933707e-05;0.0039705369854635165;0.09996051836328856;0.07333449823647521
Fidelity (MAX_ERROR);Tolerancja_1.0;588;7;0.0894565212048158;0.2990928304135955;0.8978184797997697;5.524145153365866
Fidelity (MAX_ERROR);Tolerancja_0.01;589;4883;8.431301220143374e-07;0.0009182211727107677;0.009929856247272717;0.01748490678103281
Fidelity (MAX_ERROR);Tolerancja_0.1;589;3822;8.890829062222338e-06;0.00298174932920632;0.09999084978747952;0.05677892278574359
Fidelity (MAX_ERROR);Tolerancja_1.0;589;8;0.03907047244642335;0.1976625216029163;0.8852996018426298;3.7639197037112124
Fidelity (MAX_ERROR);Tolerancja_0.01;590;4651;2.8694310015303976e-07;0.0005356707012270129;0.009987622606939084;0.009612357504684524
Fidelity (MAX_ERROR);Tolerancja_0.1;590;1542;4.952496936805759e-06;0.002225420620198743;0.09998428030137774;0.03993412100129313
Fidelity (MAX_ERROR);Tolerancja_1.0;590;6;0.1412224177357373;0.3757957127692349;0.8653748000726793;6.743476414878192
Fidelity (MAX_ERROR);Tolerancja_0.01;591;4951;1.999571609188293e-06;0.0014140620952377916;0.00989804440738773;0.02502525068176373
Fidelity (MAX_ERROR);Tolerancja_0.1;591;4505;2.0362567208162508e-05;0.004512490133857636;0.09999099653471966;0.0798594327498631
Fidelity (MAX_ERROR);Tolerancja_1.0;591;110;0.003746004785097839;0.06120461408339929;0.9997871317253333;1.0831637560160376
Fidelity (MAX_ERROR);Tolerancja_0.01;592;4948;1.8480965764707799e-06;0.0013594471583959341;0.009850156951718425;0.023744146352936722
Fidelity (MAX_ERROR);Tolerancja_0.1;592;4473;1.908463556494149e-05;0.004368596521188641;0.09982868560331504;0.07630204272038556
Fidelity (MAX_ERROR);Tolerancja_1.0;592;41;0.009159052515210897;0.09570293890581887;0.998727129103119;1.6715505076837278
Fidelity (MAX_ERROR);Tolerancja_0.01;593;4933;1.4837258387408044e-06;0.0012180828538079027;0.009969701756650906;0.022683124044658966
Fidelity (MAX_ERROR);Tolerancja_0.1;593;4328;1.509284223015089e-05;0.003884950737158824;0.09999462812746174;0.07234550523626392
Fidelity (MAX_ERROR);Tolerancja_1.0;593;1;0.12660348822978884;0.35581383928929583;0.8473854436634882;6.625960974801044
Fidelity (MAX_ERROR);Tolerancja_0.01;594;4945;1.7971224497658179e-06;0.00134056795790658;0.009941423914051839;0.02429389570190091
Fidelity (MAX_ERROR);Tolerancja_0.1;594;4447;1.8251446641632247e-05;0.00427217118589977;0.09995692704199932;0.07742067874946774
Fidelity (MAX_ERROR);Tolerancja_1.0;594;11;0.06030329409363018;0.24556729035771474;0.9976941699651505;4.450192998096763
Fidelity (MAX_ERROR);Tolerancja_0.01;595;4856;6.883666071626429e-07;0.0008296786167924559;0.00997010403574805;0.01646658073169128
Fidelity (MAX_ERROR);Tolerancja_0.1;595;3556;7.436665131779713e-06;0.002727024959874719;0.0999889214926295;0.05412309748648995
Fidelity (MAX_ERROR);Tolerancja_1.0;595;2;0.25421086185986885;0.5041932782771592;0.7869642466831372;10.006693137667977
Fidelity (MAX_ERROR);Tolerancja_0.01;596;4902;1.0068323134872873e-06;0.0010034103415289715;0.009957150646059176;0.01804690355418496
Fidelity (MAX_ERROR);Tolerancja_0.1;596;4016;1.0488852549052703e-05;0.003238649803398432;0.09999403453269107;0.05824895182827257
Fidelity (MAX_ERROR);Tolerancja_1.0;596;8;0.16596646227582246;0.4073898161169747;0.9499960459650065;7.327136681905437
Fidelity (MAX_ERROR);Tolerancja_0.01;597;4961;2.5494669047727042e-06;0.001596705014951949;0.009971170991805778;0.028288800996011207
Fidelity (MAX_ERROR);Tolerancja_0.1;597;4609;2.5688092997267624e-05;0.0050683422336369145;0.09996807724979195;0.08979575030103376
Fidelity (MAX_ERROR);Tolerancja_1.0;597;1096;0.0005799589828618355;0.024082337570548163;0.9999071382992515;0.4266664466338528
Fidelity (MAX_ERROR);Tolerancja_0.01;598;4319;1.4899113678873646e-07;0.0003859937004521401;0.009996793641231072;0.00721257310801079
Fidelity (MAX_ERROR);Tolerancja_0.1;598;45;5.4428731412739525e-05;0.007377583033266351;0.0997542854161777;0.13785550625702842
Fidelity (MAX_ERROR);Tolerancja_1.0;598;4;0.19061793960829462;0.43659814430239463;0.9561256919032779;8.158153956694726
Fidelity (MAX_ERROR);Tolerancja_0.01;599;4815;5.370053890507676e-07;0.0007328065154259803;0.009961637396091128;0.01304130782529556
Fidelity (MAX_ERROR);Tolerancja_0.1;599;3143;6.091607241164056e-06;0.002468118157861178;0.09999942191190048;0.04392358414984678
Fidelity (MAX_ERROR);Tolerancja_1.0;599;6;0.16172413341706396;0.40214939191432825;0.9344867948190325;7.1568059253151155
Fidelity (MAX_ERROR);Tolerancja_0.01;600;4662;2.9476189528524334e-07;0.0005429197871557486;0.009970521201833726;0.010041931659837572
Fidelity (MAX_ERROR);Tolerancja_0.1;600;1636;4.904559351528031e-06;0.002214623975199409;0.09998087718458848;0.040962041055266414
Fidelity (MAX_ERROR);Tolerancja_1.0;600;4;0.18408047766465546;0.42904600879702337;0.8484640928076188;7.935703949632994
Fidelity (MAX_ERROR);Tolerancja_0.01;601;4886;8.62610193432124e-07;0.0009287681053051531;0.00993624956330752;0.01642619898093839
Fidelity (MAX_ERROR);Tolerancja_0.1;601;3853;9.111428161739903e-06;0.0030185142308327625;0.09998098244207743;0.053385463065791235
Fidelity (MAX_ERROR);Tolerancja_1.0;601;7;0.11988424946427167;0.3462430496981444;0.9650718000582543;6.123656914596574
Fidelity (MAX_ERROR);Tolerancja_0.01;602;4871;7.70900078804666e-07;0.0008780091564469394;0.009969567114016087;0.014759448118562002
Fidelity (MAX_ERROR);Tolerancja_0.1;602;3707;8.177513404835794e-06;0.0028596351873684507;0.09995995762053678;0.04807083943950834
Fidelity (MAX_ERROR);Tolerancja_1.0;602;10;0.019295318681837176;0.13890759043996542;0.968903646195864;2.3350546623792856
Fidelity (MAX_ERROR);Tolerancja_0.01;603;4880;8.249479548941782e-07;0.0009082664558895579;0.009968021411873806;0.01627913695262355
Fidelity (MAX_ERROR);Tolerancja_0.1;603;3797;8.719985211019033e-06;0.0029529621079551686;0.09994042042114959;0.052926841302565364
Fidelity (MAX_ERROR);Tolerancja_1.0;603;7;0.050598066327029595;0.22494013943053737;0.9502467962932064;4.0316707857999114
Fidelity (MAX_ERROR);Tolerancja_0.01;604;4961;2.5608694428395166e-06;0.0016002716778220868;0.00999344468321084;0.02807010995382781
Fidelity (MAX_ERROR);Tolerancja_0.1;604;4610;2.5703000316653345e-05;0.0050698126510408;0.09993558276082748;0.0889287741152188
Fidelity (MAX_ERROR);Tolerancja_1.0;604;1109;0.0005754367787100213;0.023988263353357228;0.9998856452043254;0.42077429680348116
Fidelity (MAX_ERROR);Tolerancja_0.01;605;4506;2.0351072215862238e-07;0.00045112162679107105;0.009992296729977923;0.008217722266929387
Fidelity (MAX_ERROR);Tolerancja_0.1;605;334;1.2388175328662949e-05;0.00351968398136295;0.0999794854695999;0.064115271156345
Fidelity (MAX_ERROR);Tolerancja_1.0;605;5;0.2427500035667992;0.49269666486267105;0.9171299394539192;8.975061520513108
Fidelity (MAX_ERROR);Tolerancja_0.01;606;4920;1.2384269536848087e-06;0.0011128463297710104;0.009983816468042583;0.019602561039068836
Fidelity (MAX_ERROR);Tolerancja_0.1;606;4199;1.2745308592734205e-05;0.0035700572254144898;0.09996612262950855;0.06288582960825909
Fidelity (MAX_ERROR);Tolerancja_1.0;606;8;0.13208138231425468;0.3634300239581957;0.8217336733014093;6.4017457194981375
Fidelity (MAX_ERROR);Tolerancja_0.01;607;4924;1.2838848543037081e-06;0.0011330864284350545;0.009909743686897787;0.021537181449183034
Fidelity (MAX_ERROR);Tolerancja_0.1;607;4234;1.3271811526879346e-05;0.003643049756300255;0.09987987192816439;0.06924540058096529
Fidelity (MAX_ERROR);Tolerancja_1.0;607;3;0.06906336306106307;0.26279909258036466;0.8373364061372066;4.995163298708927
Fidelity (MAX_ERROR);Tolerancja_0.01;608;4939;1.6200218707028354e-06;0.0012728007977302793;0.009940284843710678;0.020901971414641507
Fidelity (MAX_ERROR);Tolerancja_0.1;608;4387;1.6482169674917385e-05;0.004059823847769431;0.09989291907479281;0.06667054433488731
Fidelity (MAX_ERROR);Tolerancja_1.0;608;11;0.0779799069559866;0.2792488262392281;0.9230501584489081;4.585832279515456
Fidelity (MAX_ERROR);Tolerancja_0.01;609;4840;6.197734101372698e-07;0.0007872568895457631;0.009969539487667767;0.015270809877077402
Fidelity (MAX_ERROR);Tolerancja_0.1;609;3396;6.811743213958635e-06;0.002609931649288662;0.09996622862459148;0.05062613047622927
Fidelity (MAX_ERROR);Tolerancja_1.0;609;5;0.019718389167416393;0.14042218189237907;0.648328483729923;2.7238382676335418
Fidelity (MAX_ERROR);Tolerancja_0.01;610;4892;9.114141062250409e-07;0.0009546801067504449;0.009942495016002084;0.018334576538540617
Fidelity (MAX_ERROR);Tolerancja_0.1;610;3914;9.57369695483296e-06;0.0030941391298441897;0.0999911576478727;0.059422764018954265
Fidelity (MAX_ERROR);Tolerancja_1.0;610;7;0.20210443667172434;0.4495602703439488;0.9213145210164528;8.633779134001317
Fidelity (MAX_ERROR);Tolerancja_0.01;611;4762;4.197714226536395e-07;0.0006478976945889216;0.009996621925920657;0.012344467237007111
Fidelity (MAX_ERROR);Tolerancja_0.1;611;2623;5.1975960112546054e-06;0.0022798236798609243;0.09999220423146227;0.04343773555183351
Fidelity (MAX_ERROR);Tolerancja_1.0;611;6;0.17279157068139755;0.415682054798373;0.9873051349199384;7.92003668067698
Fidelity (MAX_ERROR);Tolerancja_0.01;612;4954;2.0676704002959846e-06;0.0014379396372226425;0.009805686995406404;0.027795522174415388
Fidelity (MAX_ERROR);Tolerancja_0.1;612;4531;2.1467028791254682e-05;0.004633252506744553;0.0999762566703124;0.08956125101303106
Fidelity (MAX_ERROR);Tolerancja_1.0;612;340;0.0013474537297121813;0.03670767943785307;0.9998747413301636;0.709563246866807
Fidelity (MAX_ERROR);Tolerancja_0.01;613;4947;1.8534942455839067e-06;0.0013614309551291635;0.00991091228037444;0.023463779290981587
Fidelity (MAX_ERROR);Tolerancja_0.1;613;4466;1.8832295444670826e-05;0.004339619274161136;0.09986034773141128;0.07479179790365956
Fidelity (MAX_ERROR);Tolerancja_1.0;613;80;0.0044562980392447845;0.06675550942989489;0.9989739116627083;1.1505075110999587
Fidelity (MAX_ERROR);Tolerancja_0.01;614;4690;3.2117676527271537e-07;0.0005667245938484718;0.009971089720149706;0.010209148421315793
Fidelity (MAX_ERROR);Tolerancja_0.1;614;1920;4.779970173044072e-06;0.0021863142896308553;0.0999716147943035;0.03938492756580974
Fidelity (MAX_ERROR);Tolerancja_1.0;614;8;0.1207434438508209;0.34748157339752694;0.7749543507778682;6.259638270500399
Fidelity (MAX_ERROR);Tolerancja_0.01;615;4657;2.9168734791226533e-07;0.0005400808716407806;0.009983649628171776;0.009700068986301135
Fidelity (MAX_ERROR);Tolerancja_0.1;615;1602;4.896920121650677e-06;0.0022128985791605264;0.09998431998048218;0.039744545686894624
Fidelity (MAX_ERROR);Tolerancja_1.0;615;9;0.07873799026021767;0.28060290493902174;0.8372380210131443;5.039740673273434
Fidelity (MAX_ERROR);Tolerancja_0.01;616;4959;2.4083933950776886e-06;0.0015518999307551015;0.009936734122898194;0.028114173185838184
Fidelity (MAX_ERROR);Tolerancja_0.1;616;4588;2.430626953873582e-05;0.004930138896495293;0.09985274934781341;0.08931425024219472
Fidelity (MAX_ERROR);Tolerancja_1.0;616;883;0.0006566598752234006;0.025625375611362276;0.9999162462273228;0.46422854567655875
Fidelity (MAX_ERROR);Tolerancja_0.01;617;4960;2.440228289444977e-06;0.001562123007142836;0.009941811869295769;0.028447109638861396
Fidelity (MAX_ERROR);Tolerancja_0.1;617;4598;2.49349481284725e-05;0.004993490575586631;0.09991577033992627;0.09093417946909818
Fidelity (MAX_ERROR);Tolerancja_1.0;617;983;0.0006164058256532959;0.024827521536659593;0.9999765887321663;0.452122671508652
Fidelity (MAX_ERROR);Tolerancja_0.01;618;4974;3.5951932236002084e-06;0.0018960994761879474;0.009762470629431252;0.03163023454140768
Fidelity (MAX_ERROR);Tolerancja_0.1;618;4734;3.751855309295562e-05;0.006125239023332528;0.09987803333155076;0.10217963211492727
Fidelity (MAX_ERROR);Tolerancja_1.0;618;2339;0.0004966292798796739;0.02228518072351386;0.9997805579788634;0.371755544439869
Fidelity (MAX_ERROR);Tolerancja_0.01;619;4923;1.2729107478971962e-06;0.0011282334633829986;0.00989924800627584;0.019556206549048716
Fidelity (MAX_ERROR);Tolerancja_0.1;619;4223;1.3103633887231841e-05;0.0036198941817726996;0.09989767870275035;0.06274534535802474
Fidelity (MAX_ERROR);Tolerancja_1.0;619;15;0.031659249397777;0.17793046225359221;0.9514692491521037;3.0841532219451095
Fidelity (MAX_ERROR);Tolerancja_0.01;620;4935;1.496390336596581e-06;0.0012232703448529197;0.009861636091625492;0.022525912740859647
Fidelity (MAX_ERROR);Tolerancja_0.1;620;4341;1.538949266463811e-05;0.00392294438714572;0.09998242215157216;0.07223906254566692
Fidelity (MAX_ERROR);Tolerancja_1.0;620;4;0.2270416421151359;0.47648886882605757;0.9066257525267494;8.774304655000215
Fidelity (MAX_ERROR);Tolerancja_0.01;621;4800;4.947780548388503e-07;0.0007034046167312596;0.009953597765412603;0.014113043848601608
Fidelity (MAX_ERROR);Tolerancja_0.1;621;2992;5.756516180952649e-06;0.002399274094586246;0.09995935136383771;0.04813880901018659
Fidelity (MAX_ERROR);Tolerancja_1.0;621;6;0.15287009677522606;0.39098605700872;0.8555984687238167;7.84470734980135
Fidelity (MAX_ERROR);Tolerancja_0.01;622;4948;1.871181042820786e-06;0.001367911196979097;0.0099114876608013;0.026178286678274692
Fidelity (MAX_ERROR);Tolerancja_0.1;622;4476;1.919234277168001e-05;0.004380906615265841;0.09988125153076322;0.08383923571826113
Fidelity (MAX_ERROR);Tolerancja_1.0;622;117;0.0031727276685846236;0.05632697105814073;0.9992864368065302;1.0779527204216766
Fidelity (MAX_ERROR);Tolerancja_0.01;623;4885;8.689009854032665e-07;0.0009321485854751197;0.009994010835993272;0.017331324807879824
Fidelity (MAX_ERROR);Tolerancja_0.1;623;3850;9.079637579759575e-06;0.0030132436973732434;0.09994618290083412;0.05602487206248764
Fidelity (MAX_ERROR);Tolerancja_1.0;623;8;0.1375621667655938;0.37089374053169705;0.8477827283678945;6.895982021029325
Fidelity (MAX_ERROR);Tolerancja_0.01;624;4590;2.4416349086274715e-07;0.0004941290224857746;0.009983804792971895;0.008788691679676578
Fidelity (MAX_ERROR);Tolerancja_0.1;624;898;6.508264379112549e-06;0.0025511300200327987;0.09998602359077235;0.04537498135212424
Fidelity (MAX_ERROR);Tolerancja_1.0;624;3;0.27975722445211243;0.5289208111353839;0.9524202008305682;9.407506380921312
Fidelity (MAX_ERROR);Tolerancja_0.01;625;4902;9.95257248350334e-07;0.0009976258057760605;0.009899737113133966;0.017537560934444568
Fidelity (MAX_ERROR);Tolerancja_0.1;625;4011;1.04301379092438e-05;0.003229572403468267;0.09991028767797783;0.05677361440541884
Fidelity (MAX_ERROR);Tolerancja_1.0;625;5;0.20782111094272787;0.4558740077507467;0.9790847441035777;8.013944850934232
Fidelity (MAX_ERROR);Tolerancja_0.01;626;4946;1.7777954854165172e-06;0.0013333399736813252;0.009843223162921966;0.02448110906466795
Fidelity (MAX_ERROR);Tolerancja_0.1;626;4452;1.837316028299211e-05;0.004286392455549551;0.09989098228465743;0.0787013389455003
Fidelity (MAX_ERROR);Tolerancja_1.0;626;13;0.050995360054747724;0.225821522567597;0.9839536722346542;4.146250342936184
Fidelity (MAX_ERROR);Tolerancja_0.01;627;4847;6.526119408852088e-07;0.0008078440077670991;0.009988641505923823;0.01428939209328445
Fidelity (MAX_ERROR);Tolerancja_0.1;627;3469;7.079928675459091e-06;0.0026608135363942907;0.09996475063593646;0.04706528431615026
Fidelity (MAX_ERROR);Tolerancja_1.0;627;4;0.10885033537555598;0.3299247419875569;0.8394874296449912;5.8358098274030565
Fidelity (MAX_ERROR);Tolerancja_0.01;628;4518;2.083741665585474e-07;0.0004564801929531526;0.009989102257960347;0.008629483166599144
Fidelity (MAX_ERROR);Tolerancja_0.1;628;335;1.2986461430610466e-05;0.0036036733246245373;0.09998455594492128;0.06812527415830574
Fidelity (MAX_ERROR);Tolerancja_1.0;628;6;0.14940532497521886;0.38652985004423507;0.9280844763929705;7.307114056287515
Fidelity (MAX_ERROR);Tolerancja_0.01;629;4832;5.915379908055129e-07;0.0007691150699378559;0.009979193191647973;0.014977422131939349
Fidelity (MAX_ERROR);Tolerancja_0.1;629;3318;6.554205768387729e-06;0.0025601183114043243;0.09998301163439915;0.04985466304893557
Fidelity (MAX_ERROR);Tolerancja_1.0;629;8;0.062041742506231796;0.24908179882567053;0.9570664043365431;4.8505137816325625
Fidelity (MAX_ERROR);Tolerancja_0.01;630;4954;2.104040128614087e-06;0.0014505309816112467;0.009891550058630294;0.024792107643159093
Fidelity (MAX_ERROR);Tolerancja_0.1;630;4535;2.1655629544714104e-05;0.004653560953153413;0.09999090342328998;0.0795374835402874
Fidelity (MAX_ERROR);Tolerancja_1.0;630;358;0.0013014764361061098;0.0360759814295621;0.9998564266374892;0.6166015247332499
Fidelity (MAX_ERROR);Tolerancja_0.01;631;4743;3.878668229983702e-07;0.0006227895495256565;0.009973330782721668;0.011835111777545256
Fidelity (MAX_ERROR);Tolerancja_0.1;631;2428;5.0140302391871476e-06;0.0022392030366152928;0.09996369952243711;0.0425524452861247
Fidelity (MAX_ERROR);Tolerancja_1.0;631;7;0.21681979507866708;0.4656391253735741;0.9501584592710142;8.848721210868089
Fidelity (MAX_ERROR);Tolerancja_0.01;632;4879;8.173119908805142e-07;0.0009040530907421943;0.009942209444427696;0.016329951451829132
Fidelity (MAX_ERROR);Tolerancja_0.1;632;3784;8.629927626012482e-06;0.002937673846091918;0.09993736815354559;0.05306333419932881
Fidelity (MAX_ERROR);Tolerancja_1.0;632;5;0.2390624172842211;0.4889400958033827;0.9465951013061034;8.831746839963849
Fidelity (MAX_ERROR);Tolerancja_0.01;633;4969;3.0913305702178455e-06;0.0017582180098661955;0.009789189292648715;0.031085419620098177
Fidelity (MAX_ERROR);Tolerancja_0.1;633;4684;3.156420853907396e-05;0.005618203319485151;0.09978689718219158;0.09933023477021216
Fidelity (MAX_ERROR);Tolerancja_1.0;633;1835;0.0004882114472539343;0.02209550739978456;0.9999853399283944;0.39065014428646316
Fidelity (MAX_ERROR);Tolerancja_0.01;634;4943;1.7365279517992743e-06;0.0013177738621627287;0.009948443213652958;0.023872888575315398
Fidelity (MAX_ERROR);Tolerancja_0.1;634;4428;1.7598634167374494e-05;0.004195072605733361;0.09983383638404852;0.07599824503854324
Fidelity (MAX_ERROR);Tolerancja_1.0;634;21;0.02853421403553018;0.16892073299488783;0.9726235348246401;3.060180469985358
Fidelity (MAX_ERROR);Tolerancja_0.01;635;4611;2.5705597586655373e-07;0.0005070068795061402;0.009975451996906415;0.009457823798122038
Fidelity (MAX_ERROR);Tolerancja_0.1;635;1160;5.4853330434999615e-06;0.00234207878678322;0.09999708316667988;0.043689680322073175
Fidelity (MAX_ERROR);Tolerancja_1.0;635;10;0.17917192658643627;0.4232870498685688;0.9949056346340148;7.896094699116084
Fidelity (MAX_ERROR);Tolerancja_0.01;636;4363;1.5896447610780903e-07;0.00039870349397492;0.00999566340446112;0.00781897844251018
Fidelity (MAX_ERROR);Tolerancja_0.1;636;22;0.00012171340174115672;0.01103237969529497;0.09996062057590294;0.21635611503450888
Fidelity (MAX_ERROR);Tolerancja_1.0;636;3;0.14854410533454016;0.3854141997053821;0.7249956202040293;7.558361951860046
Fidelity (MAX_ERROR);Tolerancja_0.01;637;4897;9.553613124439542e-07;0.0009774258603310812;0.00991806961483288;0.017915170958829982
Fidelity (MAX_ERROR);Tolerancja_0.1;637;3962;9.975609237956723e-06;0.003158418787614575;0.09996349706092289;0.05789043940430346
Fidelity (MAX_ERROR);Tolerancja_1.0;637;8;0.06439862366589182;0.2537688390364188;0.9150960091262936;4.651311490593556
Fidelity (MAX_ERROR);Tolerancja_0.01;638;4843;6.355704596916518e-07;0.0007972267304171705;0.009985187513134264;0.013902186423919884
Fidelity (MAX_ERROR);Tolerancja_0.1;638;3428;6.928962719237936e-06;0.0026322922936554624;0.09999769272830683;0.0459023973888793
Fidelity (MAX_ERROR);Tolerancja_1.0;638;8;0.12330174366144228;0.3511434801636537;0.821723947798807;6.123304621540558
Fidelity (MAX_ERROR);Tolerancja_0.01;639;4957;2.258622242565107e-06;0.001502871332671266;0.009854687030061093;0.026249643813137345
Fidelity (MAX_ERROR);Tolerancja_0.1;639;4564;2.301752497654091e-05;0.004797658280509452;0.09992219206823894;0.08379747371764469
Fidelity (MAX_ERROR);Tolerancja_1.0;639;642;0.0008169874541628787;0.028582992393430026;0.9997883155448761;0.49923992369163733
Fidelity (MAX_ERROR);Tolerancja_0.01;640;4839;6.205606103535431e-07;0.0007877566948960467;0.009991324427649495;0.014615505436630356
Fidelity (MAX_ERROR);Tolerancja_0.1;640;3390;6.786957567743014e-06;0.002605178989578838;0.09999738880728781;0.04833473067545207
Fidelity (MAX_ERROR);Tolerancja_1.0;640;6;0.20151946497146442;0.44890919457220346;0.9815993736639514;8.328757871983806
Fidelity (MAX_ERROR);Tolerancja_0.01;641;4914;1.1299143226515547e-06;0.0010629742812747422;0.009885210491558993;0.01891694207904846
Fidelity (MAX_ERROR);Tolerancja_0.1;641;4131;1.1775405878393218e-05;0.0034315311274113803;0.0998868902687482;0.0610683407145529
Fidelity (MAX_ERROR);Tolerancja_1.0;641;6;0.07230076720319718;0.268888019820886;0.8932109274201796;4.785194887878045
Fidelity (MAX_ERROR);Tolerancja_0.01;642;4927;1.3658623948182642e-06;0.001168701157190436;0.009984516805460864;0.020953951086736804
Fidelity (MAX_ERROR);Tolerancja_0.1;642;4269;1.3920525837697511e-05;0.0037310220902183775;0.09998698846584286;0.0668944784566781
Fidelity (MAX_ERROR);Tolerancja_1.0;642;9;0.09727130702068953;0.31188348308413116;0.8378689899074816;5.591841172654117
Fidelity (MAX_ERROR);Tolerancja_0.01;643;4905;1.0407145040964664e-06;0.0010201541570255283;0.009941767389976874;0.017136390561395983
Fidelity (MAX_ERROR);Tolerancja_0.1;643;4045;1.0784357693247834e-05;0.003283954581483708;0.09995221063980875;0.05516335732853586
Fidelity (MAX_ERROR);Tolerancja_1.0;643;10;0.024495531649293342;0.15651048415136073;0.9914283092480334;2.6290387240992037
Fidelity (MAX_ERROR);Tolerancja_0.01;644;4641;2.7893691329029953e-07;0.0005281447844013037;0.009985667572891543;0.009732075674431831
Fidelity (MAX_ERROR);Tolerancja_0.1;644;1406;5.205980834982087e-06;0.0022816618581599874;0.09998361232078601;0.042043974536734884
Fidelity (MAX_ERROR);Tolerancja_1.0;644;1;0.31822144215056825;0.5641111966186881;0.9720182645267421;10.394825465351722
Fidelity (MAX_ERROR);Tolerancja_0.01;645;4892;9.169378013389132e-07;0.0009575686927520726;0.009972573159989118;0.017177039704859214
Fidelity (MAX_ERROR);Tolerancja_0.1;645;3918;9.593364266080057e-06;0.003097315654898618;0.09991909574882207;0.05556020616105345
Fidelity (MAX_ERROR);Tolerancja_1.0;645;14;0.07839814238771003;0.279996682815547;0.9098446857330513;5.022630934318538
Fidelity (MAX_ERROR);Tolerancja_0.01;646;4856;6.90097972130313e-07;0.0008307213564910397;0.009982676873710794;0.016995154132789975
Fidelity (MAX_ERROR);Tolerancja_0.1;646;3559;7.44053632962749e-06;0.002727734651616152;0.09995299260350432;0.05580483813897071
Fidelity (MAX_ERROR);Tolerancja_1.0;646;3;0.13969298146974335;0.3737552427321165;0.7978471525180555;7.646400214148298
Fidelity (MAX_ERROR);Tolerancja_0.01;647;4913;1.1258665423029941e-06;0.0010610685851079535;0.009895756973736347;0.019558385322910033
Fidelity (MAX_ERROR);Tolerancja_0.1;647;4121;1.1670470481203735e-05;0.003416207031373206;0.09998156099363609;0.06297000439008751
Fidelity (MAX_ERROR);Tolerancja_1.0;647;7;0.23644428068643947;0.4862553657148057;0.8638000911356185;8.96301138442914
Fidelity (MAX_ERROR);Tolerancja_0.01;648;4971;3.329145018499867e-06;0.0018245944805626994;0.009825606581546076;0.031115904165278124
Fidelity (MAX_ERROR);Tolerancja_0.1;648;4705;3.3961794397284345e-05;0.005827674870588127;0.09995052215749833;0.09938283531565717
Fidelity (MAX_ERROR);Tolerancja_1.0;648;2051;0.0004863597898472679;0.022053566374789994;0.999755090310555;0.37609269628445796
Fidelity (MAX_ERROR);Tolerancja_0.01;649;3898;9.435986893969816e-08;0.0003071805152344435;0.009994642872313442;0.005259297070037658
Fidelity (MAX_ERROR);Tolerancja_0.1;649;11;0.00011684689039816604;0.010809574015573696;0.06505008392318601;0.18507280940352885
Fidelity (MAX_ERROR);Tolerancja_1.0;649;6;0.18300490506684736;0.42779072578405364;0.9887052443316295;7.324287834429294
Fidelity (MAX_ERROR);Tolerancja_0.01;650;4946;1.7815454500911618e-06;0.0013347454626598892;0.009853600200162127;0.02299665150614147
Fidelity (MAX_ERROR);Tolerancja_0.1;650;4452;1.8411919522966535e-05;0.0042909112695284825;0.0999975392387853;0.07392914519632697
Fidelity (MAX_ERROR);Tolerancja_1.0;650;36;0.009672515971593649;0.09834895002791666;0.9987726443403977;1.6944777810143654
Fidelity (MAX_ERROR);Tolerancja_0.01;651;4698;3.298244421582066e-07;0.0005743034408378611;0.009973875970965551;0.010599695784468914
Fidelity (MAX_ERROR);Tolerancja_0.1;651;1983;4.8326500788255334e-06;0.002198328928715067;0.09999661117817205;0.04057370411116123
Fidelity (MAX_ERROR);Tolerancja_1.0;651;3;0.09792709783916628;0.3129330564819995;0.7345774023978819;5.775684009091087
Fidelity (MAX_ERROR);Tolerancja_0.01;652;4909;1.0791948720971718e-06;0.0010388430449770416;0.00990858428929986;0.02238504305525975
Fidelity (MAX_ERROR);Tolerancja_0.1;652;4082;1.1189553581376224e-05;0.0033450790097359767;0.09996026536311486;0.07207993355516022
Fidelity (MAX_ERROR);Tolerancja_1.0;652;9;0.11594701817581733;0.3405099384391259;0.8799641154802744;7.337325565742353
Fidelity (MAX_ERROR);Tolerancja_0.01;653;4942;1.683956831694834e-06;0.0012976736229479407;0.009925123902754684;0.02424326649468453
Fidelity (MAX_ERROR);Tolerancja_0.1;653;4416;1.7280640916331997e-05;0.0041569990277039994;0.09993617966425461;0.07766146545988287
Fidelity (MAX_ERROR);Tolerancja_1.0;653;12;0.03175985111570387;0.17821293756544127;0.9765624505188999;3.329391660427465
Fidelity (MAX_ERROR);Tolerancja_0.01;654;4931;1.4322215237169228e-06;0.0011967545795679758;0.009940212018688221;0.021084078051171726
Fidelity (MAX_ERROR);Tolerancja_0.1;654;4306;1.462473743215657e-05;0.0038242303058467295;0.09997864269777423;0.06737418985539712
Fidelity (MAX_ERROR);Tolerancja_1.0;654;11;0.18719570484871648;0.43266118944124915;0.9172792166520196;7.622500422087539
Fidelity (MAX_ERROR);Tolerancja_0.01;655;4751;4.0167246961496787e-07;0.0006337763561501548;0.009990709053934843;0.010732489393991834
Fidelity (MAX_ERROR);Tolerancja_0.1;655;2511;5.089085374799235e-06;0.0022559001251826805;0.09999281981635111;0.03820184191549705
Fidelity (MAX_ERROR);Tolerancja_1.0;655;5;0.2530458208057718;0.5030365998670194;0.9488315416552577;8.518517487237096
Fidelity (MAX_ERROR);Tolerancja_0.01;656;4962;2.5509839112685526e-06;0.0015971799871237282;0.009910870478305078;0.02814620590799233
Fidelity (MAX_ERROR);Tolerancja_0.1;656;4617;2.6179303533695135e-05;0.005116571462776136;0.09989192213410458;0.09016646532968269
Fidelity (MAX_ERROR);Tolerancja_1.0;656;1174;0.0005599593577528227;0.023663460392614234;0.9997370497577123;0.417007872672866
Fidelity (MAX_ERROR);Tolerancja_0.01;657;4972;3.4594083305250908e-06;0.0018599484752339487;0.009930867533594512;0.03219996396717391
Fidelity (MAX_ERROR);Tolerancja_0.1;657;4719;3.544009413237309e-05;0.005953158332546942;0.09966341642994436;0.10306279251890635
Fidelity (MAX_ERROR);Tolerancja_1.0;657;2181;0.0004899467534139382;0.022134740870720357;0.9999253520602256;0.3832030123147779
Fidelity (MAX_ERROR);Tolerancja_0.01;658;4958;2.322550880696696e-06;0.0015239917587364757;0.009935634495927825;0.028933816816645787
Fidelity (MAX_ERROR);Tolerancja_0.1;658;4578;2.372678845054375e-05;0.004871015135528092;0.09983084080794269;0.09247888568592272
Fidelity (MAX_ERROR);Tolerancja_1.0;658;793;0.0007001989501177561;0.026461272647356857;0.9998354747782314;0.5023817295106074
Fidelity (MAX_ERROR);Tolerancja_0.01;659;4840;6.187293626752496e-07;0.0007865935180735025;0.009961177666538035;0.013339905013346276
Fidelity (MAX_ERROR);Tolerancja_0.1;659;3395;6.807852288484809e-06;0.0026091861352699254;0.09998795500424862;0.04424940506996198
Fidelity (MAX_ERROR);Tolerancja_1.0;659;9;0.09747452634766639;0.31220910676606856;0.8464176354760378;5.294780255450644
Fidelity (MAX_ERROR);Tolerancja_0.01;660;119;2.029675412955071e-07;0.00045051919081822377;0.009991148107863168;0.007918017155226833
Fidelity (MAX_ERROR);Tolerancja_0.1;660;12;0.0006618417259923561;0.025726284729675915;0.09106095786295842;0.4521475843456658
Fidelity (MAX_ERROR);Tolerancja_1.0;660;4;0.1920452575247496;0.4382296858095645;0.9035040083046333;7.702025220874201
Fidelity (MAX_ERROR);Tolerancja_0.01;661;4949;1.9207391782316298e-06;0.001385907348357613;0.009896936225402442;0.024809012421233494
Fidelity (MAX_ERROR);Tolerancja_0.1;661;4485;1.9565055247274295e-05;0.004423240356036996;0.09994109314105337;0.0791800585118965
Fidelity (MAX_ERROR);Tolerancja_1.0;661;73;0.005242122298054025;0.07240250201515155;0.9993283179015542;1.2960711796145166
Fidelity (MAX_ERROR);Tolerancja_0.01;662;4790;4.742118517670147e-07;0.0006886304173989228;0.009983925205840904;0.01249125856453576
Fidelity (MAX_ERROR);Tolerancja_0.1;662;2898;5.5862004592331594e-06;0.0023635144296646803;0.09998165983685725;0.04287244524206079
Fidelity (MAX_ERROR);Tolerancja_1.0;662;7;0.18578185525256455;0.4310241933494738;0.8482904165474165;7.8184676579277
Fidelity (MAX_ERROR);Tolerancja_0.01;663;4900;9.93915434128425e-07;0.00099695307518881;0.009992927159383491;0.020267597811779205
Fidelity (MAX_ERROR);Tolerancja_0.1;663;4000;1.032235789723886e-05;0.003212842650557114;0.09993629323313069;0.06531561444021829
Fidelity (MAX_ERROR);Tolerancja_1.0;663;5;0.2402252686226588;0.49012780845679305;0.969445921800002;9.964073079657958
Fidelity (MAX_ERROR);Tolerancja_0.01;664;4932;1.4352115334550838e-06;0.0011980031441757922;0.009914768066115798;0.021572125695036123
Fidelity (MAX_ERROR);Tolerancja_0.1;664;4315;1.4791603403967826e-05;0.003845985361902438;0.09987994044082527;0.06925364098715099
Fidelity (MAX_ERROR);Tolerancja_1.0;664;9;0.09217774231644937;0.30360787591307536;0.8656790659685445;5.466986704534675
Fidelity (MAX_ERROR);Tolerancja_0.01;665;4950;1.9225900886107934e-06;0.0013865749487895682;0.00985356245933211;0.022146826079519392
Fidelity (MAX_ERROR);Tolerancja_0.1;665;4493;1.9858616917596982e-05;0.004456300810941401;0.09991592414583028;0.07117748600902961
Fidelity (MAX_ERROR);Tolerancja_1.0;665;67;0.005922456452064282;0.07695749769882258;0.9995833610174545;1.2291901844459894
Fidelity (MAX_ERROR);Tolerancja_0.01;666;4888;8.782746078455753e-07;0.0009371630636370468;0.009938201906493305;0.016173562446897265
Fidelity (MAX_ERROR);Tolerancja_0.1;666;3874;9.250610277337074e-06;0.0030414815924705305;0.09993661565303746;0.05248989676994145
Fidelity (MAX_ERROR);Tolerancja_1.0;666;9;0.14616479984052472;0.3823150531178765;0.8311922205502693;6.597994122808902
Fidelity (MAX_ERROR);Tolerancja_0.01;667;4955;2.1827632604771136e-06;0.0014774177677546435;0.00991048995461874;0.025760974377159598
Fidelity (MAX_ERROR);Tolerancja_0.1;667;4546;2.214598598249351e-05;0.00470595218659237;0.09998609669792202;0.08205526990729749
Fidelity (MAX_ERROR);Tolerancja_1.0;667;467;0.001045129233970946;0.03232845857709498;0.9997807582850067;0.563694718741135
Fidelity (MAX_ERROR);Tolerancja_0.01;668;4976;3.7761297845082225e-06;0.0019432266425994222;0.009620481717736773;0.037280896487927546
Fidelity (MAX_ERROR);Tolerancja_0.1;668;4751;4.009199031803115e-05;0.0063318236170973015;0.09981265257427552;0.12147634026520508
Fidelity (MAX_ERROR);Tolerancja_1.0;668;2506;0.0005093911071044318;0.02256969443976661;0.9999361222779442;0.43300067204077713
Fidelity (MAX_ERROR);Tolerancja_0.01;669;4930;1.4069602821301667e-06;0.0011861535659981664;0.009958916306089804;0.021311031203717717
Fidelity (MAX_ERROR);Tolerancja_0.1;669;4298;1.4433364764052864e-05;0.0037991268423221754;0.09987477721953208;0.06825702253441153
Fidelity (MAX_ERROR);Tolerancja_1.0;669;4;0.18470395483188146;0.4297719800450949;0.953078800072837;7.721499424500927
Fidelity (MAX_ERROR);Tolerancja_0.01;670;4888;8.866082784979554e-07;0.0009415987884964357;0.00998522660994805;0.01733071232219228
Fidelity (MAX_ERROR);Tolerancja_0.1;670;3879;9.297751175881872e-06;0.003049221404864178;0.09994849646829973;0.0561228196339933
Fidelity (MAX_ERROR);Tolerancja_1.0;670;5;0.16746903664037338;0.40922980908087986;0.7758922223219518;7.532129587986663
Fidelity (MAX_ERROR);Tolerancja_0.01;671;4922;1.2587015946095247e-06;0.0011219187112306865;0.009939447744301333;0.02031742190697614
Fidelity (MAX_ERROR);Tolerancja_0.1;671;4216;1.2985877404390711e-05;0.0036035922916432587;0.09990502291753778;0.06525936704427476
Fidelity (MAX_ERROR);Tolerancja_1.0;671;5;0.2049423131669351;0.45270554797454726;0.9111590071190632;8.198285246297553
Fidelity (MAX_ERROR);Tolerancja_0.01;672;4899;9.865664486301517e-07;0.0009932605139791634;0.009980470704728184;0.017893885024496826
Fidelity (MAX_ERROR);Tolerancja_0.1;672;3989;1.0218044757842824e-05;0.0031965676526303686;0.0999047198399392;0.05758712165053755
Fidelity (MAX_ERROR);Tolerancja_1.0;672;4;0.14308754567215964;0.37826914448862947;0.9130789897738572;6.814631694838831
Fidelity (MAX_ERROR);Tolerancja_0.01;673;4911;1.1018977741700651e-06;0.0010497131866229294;0.009901688452955248;0.018986116795057364
Fidelity (MAX_ERROR);Tolerancja_0.1;673;4102;1.1413005597483498e-05;0.0033783140170036735;0.09991152311899487;0.061103418833445076
Fidelity (MAX_ERROR);Tolerancja_1.0;673;12;0.10531242203889951;0.32451875452568146;0.7830962617773372;5.869556612347651
Fidelity (MAX_ERROR);Tolerancja_0.01;674;4877;8.107751632518374e-07;0.0009004305432690728;0.009983783996299955;0.017977856305945117
Fidelity (MAX_ERROR);Tolerancja_0.1;674;3769;8.540381223566396e-06;0.002922393064522019;0.09993146437001421;0.05834804580564699
Fidelity (MAX_ERROR);Tolerancja_1.0;674;5;0.04300355543309137;0.20737298626651296;0.826979552514457;4.140376819403424
Fidelity (MAX_ERROR);Tolerancja_0.01;675;4848;6.515736217232199e-07;0.00080720110364346;0.00996451191384029;0.014314921542002914
Fidelity (MAX_ERROR);Tolerancja_0.1;675;3476;7.0978054167729025e-06;0.002664170680863541;0.09993454928096313;0.04724645952405848
Fidelity (MAX_ERROR);Tolerancja_1.0;675;3;0.2579811247093358;0.5079184232820619;0.9802293678767562;9.00743612242638
Fidelity (MAX_ERROR);Tolerancja_0.01;676;4938;1.5680268219432536e-06;0.00125220877729844;0.009899287154850889;0.022557611432313565
Fidelity (MAX_ERROR);Tolerancja_0.1;676;4374;1.6154467905014774e-05;0.004019262109518956;0.09995271593740274;0.07240402283934903
Fidelity (MAX_ERROR);Tolerancja_1.0;676;13;0.02175191052810994;0.14748528919221043;0.9892981242161154;2.6568379857214275
Fidelity (MAX_ERROR);Tolerancja_0.01;677;4944;1.7244203639404008e-06;0.0013131718714396836;0.009870544762199174;0.023304720471099785
Fidelity (MAX_ERROR);Tolerancja_0.1;677;4433;1.780397096228708e-05;0.004219475199866339;0.0999400023019863;0.07488257417501314
Fidelity (MAX_ERROR);Tolerancja_1.0;677;9;0.24592718342065323;0.49591045907568154;0.9918208675364575;8.800869770979073
Fidelity (MAX_ERROR);Tolerancja_0.01;678;4951;1.9910001254045095e-06;0.0014110280384898486;0.009876808659400105;0.02524757550451487
Fidelity (MAX_ERROR);Tolerancja_0.1;678;4504;2.0296097527943224e-05;0.0045051190359349244;0.09997992588137361;0.08061025714154338
Fidelity (MAX_ERROR);Tolerancja_1.0;678;188;0.002184589748936618;0.046739595087426866;0.9997404178846141;0.8363132580152141
Fidelity (MAX_ERROR);Tolerancja_0.01;679;4954;2.1277014325088767e-06;0.001458664263121873;0.009947012882614459;0.025802565859677565
Fidelity (MAX_ERROR);Tolerancja_0.1;679;4538;2.1731991158700127e-05;0.004661758376267492;0.09990269304201149;0.08246265474970066
Fidelity (MAX_ERROR);Tolerancja_1.0;679;379;0.001244725707329567;0.03528067044898051;0.9998222298852806;0.6240859160318927
Fidelity (MAX_ERROR);Tolerancja_0.01;680;4954;2.124428042337416e-06;0.0014575417806489857;0.009939359507380008;0.02572104612297796
Fidelity (MAX_ERROR);Tolerancja_0.1;680;4538;2.1698559930723198e-05;0.0046581713075758814;0.09982697050154421;0.08220213008065114
Fidelity (MAX_ERROR);Tolerancja_1.0;680;408;0.0011525022935603996;0.03394852417352483;0.9998383491942997;0.5990850949641161
Fidelity (MAX_ERROR);Tolerancja_0.01;681;4793;4.820429024269198e-07;0.0006942930954769173;0.009982145629727768;0.011490504357792562
Fidelity (MAX_ERROR);Tolerancja_0.1;681;2928;5.636199086559776e-06;0.0023740680458992276;0.09998065862144756;0.039290667593867894
Fidelity (MAX_ERROR);Tolerancja_1.0;681;8;0.10510580325478948;0.3242002517808854;0.8045161831642949;5.365492513398556
Fidelity (MAX_ERROR);Tolerancja_0.01;682;4942;1.6662815115190944e-06;0.0012908452701695483;0.009872900978792565;0.020852469370090557
Fidelity (MAX_ERROR);Tolerancja_0.1;682;4413;1.7204180543028695e-05;0.004147792249260888;0.09992418093271116;0.06700393364717622
Fidelity (MAX_ERROR);Tolerancja_1.0;682;38;0.007938852914176259;0.08910024081996781;0.9984055586330207;1.4393359804634325
Fidelity (MAX_ERROR);Tolerancja_0.01;683;4826;5.67580486708026e-07;0.0007533793776763643;0.009947157956034403;0.014445578768500132
Fidelity (MAX_ERROR);Tolerancja_0.1;683;3252;6.363620386973765e-06;0.0025226217288713275;0.09995493149538559;0.04836969522570991
Fidelity (MAX_ERROR);Tolerancja_1.0;683;8;0.14813675485668534;0.3848853788554267;0.8974104571994896;7.379936618717074
Fidelity (MAX_ERROR);Tolerancja_0.01;684;4806;5.11916657359066e-07;0.0007154835129889899;0.009972283319530817;0.013238345923170981
Fidelity (MAX_ERROR);Tolerancja_0.1;684;3056;5.885594046219115e-06;0.002426024329271888;0.0999680591054517;0.04488789567597533
Fidelity (MAX_ERROR);Tolerancja_1.0;684;6;0.22010447580298179;0.46915293434335653;0.9369189805867286;8.680575754655651
Fidelity (MAX_ERROR);Tolerancja_0.01;685;4818;5.46623602739388e-07;0.000739339977777063;0.00998259180150729;0.013168686213254406
Fidelity (MAX_ERROR);Tolerancja_0.1;685;3178;6.168360896298174e-06;0.002483618508607587;0.09997713601529146;0.04423674330667158
Fidelity (MAX_ERROR);Tolerancja_1.0;685;6;0.11463009908322129;0.3385706707368807;0.8684361883720468;6.030420453321493
Fidelity (MAX_ERROR);Tolerancja_0.01;686;4952;2.005160832607004e-06;0.00141603701667965;0.009861725808287147;0.026668285225264574
Fidelity (MAX_ERROR);Tolerancja_0.1;686;4514;2.0653743933570966e-05;0.0045446390322632845;0.09985027432326454;0.08558937974831644
Fidelity (MAX_ERROR);Tolerancja_1.0;686;156;0.002733614947544853;0.05228398366177594;0.9999891450108365;0.9846664829954452
Fidelity (MAX_ERROR);Tolerancja_0.01;687;4612;2.584455238870827e-07;0.0005083753769480606;0.009995490841964383;0.009157091244397593
Fidelity (MAX_ERROR);Tolerancja_0.1;687;1119;5.759097742604104e-06;0.0023998120223476054;0.09998860546617383;0.04322651854219229
Fidelity (MAX_ERROR);Tolerancja_1.0;687;4;0.26895001732457074;0.5186039117906562;0.9422760281134144;9.341332321163428
Fidelity (MAX_ERROR);Tolerancja_0.01;688;4601;2.512913237898361e-07;0.000501289660565462;0.00998741305863593;0.008630225092888766
Fidelity (MAX_ERROR);Tolerancja_0.1;688;1051;5.820652614478388e-06;0.0024126028712737595;0.09997870965586753;0.041535478340717316
Fidelity (MAX_ERROR);Tolerancja_1.0;688;4;0.15486209687585445;0.39352521758567705;0.8624711219593104;6.774947649351964
Fidelity (MAX_ERROR);Tolerancja_0.01;689;4938;1.5529483682899346e-06;0.0012461734904458265;0.009851574052347267;0.022356426364642027
Fidelity (MAX_ERROR);Tolerancja_0.1;689;4371;1.6091014460382597e-05;0.00401136067443238;0.09994623137500724;0.07196404852737222
Fidelity (MAX_ERROR);Tolerancja_1.0;689;7;0.08735604530772716;0.2955605611507177;0.9653615825833093;5.302374005159073
Fidelity (MAX_ERROR);Tolerancja_0.01;690;4958;2.310325575373981e-06;0.001519975518017965;0.009909449638045409;0.027802132894473044
Fidelity (MAX_ERROR);Tolerancja_0.1;690;4577;2.3686882619253908e-05;0.004866917157632119;0.09980261693944303;0.08902161646611463
Fidelity (MAX_ERROR);Tolerancja_1.0;690;767;0.0007211099187562;0.02685348988038985;0.9997941215308339;0.4911817891044226
Fidelity (MAX_ERROR);Tolerancja_0.01;691;4943;1.7404784830173554e-06;0.0013192719518800343;0.009959755596347541;0.02375613765853263
Fidelity (MAX_ERROR);Tolerancja_0.1;691;4428;1.7638670061670726e-05;0.004199841671024126;0.09995005108281863;0.0756265732313268
Fidelity (MAX_ERROR);Tolerancja_1.0;691;40;0.008504728264388035;0.09222108362184883;0.9966876405342182;1.6606255855115066
Fidelity (MAX_ERROR);Tolerancja_0.01;692;4839;6.16775560661719e-07;0.0007853505972887008;0.00996075558438303;0.014085495434511736
Fidelity (MAX_ERROR);Tolerancja_0.1;692;3385;6.773029334772546e-06;0.002602504435111023;0.09994361901067883;0.04667668741273939
Fidelity (MAX_ERROR);Tolerancja_1.0;692;4;0.1768189996983943;0.4204985133129418;0.8692996693835005;7.541765308304847
Fidelity (MAX_ERROR);Tolerancja_0.01;693;4921;1.2489393595904374e-06;0.0011175595552767813;0.009932087488315311;0.019339275782319185
Fidelity (MAX_ERROR);Tolerancja_0.1;693;4205;1.2833857375593877e-05;0.0035824373512448027;0.09997087691964701;0.06199378241765879
Fidelity (MAX_ERROR);Tolerancja_1.0;693;37;0.005763033889296871;0.0759146487135182;0.9881056254188936;1.3136967246680686
Fidelity (MAX_ERROR);Tolerancja_0.01;694;4867;7.470167207551915e-07;0.0008643012904972383;0.009964717053253302;0.01538613527454243
Fidelity (MAX_ERROR);Tolerancja_0.1;694;3666;7.956473471530232e-06;0.0028207221542594784;0.09995679414261183;0.05021398569515817
Fidelity (MAX_ERROR);Tolerancja_1.0;694;3;0.14762993251544757;0.3842264078840073;0.843335028273537;6.839929030250294
Fidelity (MAX_ERROR);Tolerancja_0.01;695;4949;1.8867506654261407e-06;0.0013735904285579967;0.00980897994554919;0.022875861700474502
Fidelity (MAX_ERROR);Tolerancja_0.1;695;4481;1.937078565218083e-05;0.004401225471636375;0.09982266171861909;0.07329828681716699
Fidelity (MAX_ERROR);Tolerancja_1.0;695;76;0.004973168479218684;0.07052069539659038;0.9992472790766698;1.1744561125162032
Fidelity (MAX_ERROR);Tolerancja_0.01;696;2397;4.627897996877587e-08;0.0002151254981836785;0.009999521464026273;0.00388172311802433
Fidelity (MAX_ERROR);Tolerancja_0.1;696;66;3.746224867552845e-05;0.006120641198071363;0.0995410024359824;0.11044081076525916
Fidelity (MAX_ERROR);Tolerancja_1.0;696;7;0.15689014257855874;0.3960936033042679;0.7428478418698363;7.147110453336239
Fidelity (MAX_ERROR);Tolerancja_0.01;697;221;1.7899679754953775e-07;0.0004230801313575689;0.009954228343731941;0.007488825216686495
Fidelity (MAX_ERROR);Tolerancja_0.1;697;27;0.00022449851012109104;0.014983274345786071;0.09958879145981481;0.2652148244097571
Fidelity (MAX_ERROR);Tolerancja_1.0;697;11;0.11489226933804846;0.33895762174355726;0.8948321948775053;5.9997957761715215
Fidelity (MAX_ERROR);Tolerancja_0.01;698;4954;2.0642929128092976e-06;0.0014367647381562849;0.00979767585699065;0.02593522791355721
Fidelity (MAX_ERROR);Tolerancja_0.1;698;4531;2.143196399088599e-05;0.004629466922971368;0.09989543219967256;0.08356711198216821
Fidelity (MAX_ERROR);Tolerancja_1.0;698;362;0.0012631280077032706;0.03554051220372704;0.9997658767246751;0.6415464269752689
Fidelity (MAX_ERROR);Tolerancja_0.01;699;4947;1.818340402265113e-06;0.001348458528196219;0.009816474320206936;0.02464949765191589
Fidelity (MAX_ERROR);Tolerancja_0.1;699;4461;1.8669248652391795e-05;0.004320792595391706;0.09983328923175439;0.07898304968784729
Fidelity (MAX_ERROR);Tolerancja_1.0;699;39;0.008979215483169071;0.09475872246484263;0.9980272889095856;1.7321666614546438
Fidelity (MAX_ERROR);Tolerancja_0.01;700;4802;5.038740359614191e-07;0.0007098408525588107;0.0099946339094652;0.012723299019979775
Fidelity (MAX_ERROR);Tolerancja_0.1;700;3021;5.811399236516634e-06;0.002410684391727095;0.09998244703838122;0.04320948596882948
Fidelity (MAX_ERROR);Tolerancja_1.0;700;12;0.14205374273013435;0.37690017608132576;0.9010253957668573;6.755618000400215
Fidelity (MAX_ERROR);Tolerancja_0.01;701;4888;8.74267006813889e-07;0.0009350224632670004;0.009915481670039306;0.016120864189399772
Fidelity (MAX_ERROR);Tolerancja_0.1;701;3871;9.239564187166885e-06;0.0030396651439207716;0.09995236225805204;0.05240732804983563
Fidelity (MAX_ERROR);Tolerancja_1.0;701;5;0.16569439016030582;0.40705575804833644;0.7499713931807355;7.018110099817536
Fidelity (MAX_ERROR);Tolerancja_0.01;702;4930;1.3819367965824458e-06;0.0011755580787789458;0.009869960361732488;0.018875460767799303
Fidelity (MAX_ERROR);Tolerancja_0.1;702;4291;1.4333332225741793e-05;0.0037859387509231834;0.09997337842470344;0.06078928778794891
Fidelity (MAX_ERROR);Tolerancja_1.0;702;15;0.01762450458250445;0.13275731461017298;0.9930444861092731;2.1316305240873734
Fidelity (MAX_ERROR);Tolerancja_0.01;703;4905;1.0387742473262955e-06;0.0010192027508431753;0.009932491580832092;0.01907201404882841
Fidelity (MAX_ERROR);Tolerancja_0.1;703;4044;1.0770230460487157e-05;0.0032818029283439853;0.09995928814695798;0.06141132517851055
Fidelity (MAX_ERROR);Tolerancja_1.0;703;6;0.10786533627168464;0.3284285862583899;0.8476326262206468;6.145778753025241
Fidelity (MAX_ERROR);Tolerancja_0.01;704;4724;3.6112759754198464e-07;0.0006009389299604284;0.00998033498252937;0.01107747834990479
Fidelity (MAX_ERROR);Tolerancja_0.1;704;2244;4.890225537816788e-06;0.00221138543402474;0.09997274441431969;0.040763833140776806
Fidelity (MAX_ERROR);Tolerancja_1.0;704;10;0.1055900806252901;0.3249462734442266;0.7553024066832554;5.98993529874607
Fidelity (MAX_ERROR);Tolerancja_0.01;705;4798;4.904724108426594e-07;0.0007003373550244621;0.009959375388503666;0.013677821896134092
Fidelity (MAX_ERROR);Tolerancja_0.1;705;2973;5.722661384582987e-06;0.0023922084743146837;0.0999748044353721;0.04672062858756982
Fidelity (MAX_ERROR);Tolerancja_1.0;705;5;0.1821226823819286;0.42675834190080997;0.8468836644208095;8.334732613263066
Fidelity (MAX_ERROR);Tolerancja_0.01;706;4927;1.33777865430583e-06;0.0011566238171098803;0.00988133555410986;0.020295888738215057
Fidelity (MAX_ERROR);Tolerancja_0.1;706;4262;1.3759972594239834e-05;0.0037094437041475417;0.09989992327280373;0.06509156701283676
Fidelity (MAX_ERROR);Tolerancja_1.0;706;12;0.037853308257210116;0.1945592666958069;0.9899915372720587;3.41403416688563
Fidelity (MAX_ERROR);Tolerancja_0.01;707;4941;1.6702486306409629e-06;0.001292380992834916;0.009926399134309705;0.022450906667037585
Fidelity (MAX_ERROR);Tolerancja_0.1;707;4406;1.6997069074222802e-05;0.0041227501833391265;0.09993762973939191;0.0716193445205535
Fidelity (MAX_ERROR);Tolerancja_1.0;707;14;0.01593199430349505;0.12622200403849976;0.9843688766385128;2.192695844109167
Fidelity (MAX_ERROR);Tolerancja_0.01;708;4863;7.283392787720467e-07;0.0008534279575758265;0.009986058950290477;0.0144496871531494
Fidelity (MAX_ERROR);Tolerancja_0.1;708;3629;7.770803063713058e-06;0.0027876160179825804;0.09996094287936774;0.04719810149807228
Fidelity (MAX_ERROR);Tolerancja_1.0;708;5;0.16284274079437264;0.40353778112386535;0.8423931835370864;6.8324392703034365
Fidelity (MAX_ERROR);Tolerancja_0.01;709;4950;1.909008210424961e-06;0.0013816686326413295;0.009818696749952949;0.024096127609675597
Fidelity (MAX_ERROR);Tolerancja_0.1;709;4491;1.979745191523402e-05;0.004449432763311973;0.09995572844653111;0.07759754916812153
Fidelity (MAX_ERROR);Tolerancja_1.0;709;89;0.0044084268136838;0.0663959849214077;0.9994468981367834;1.1579376470158709
Fidelity (MAX_ERROR);Tolerancja_0.01;710;4917;1.2015882107649689e-06;0.0010961697910291859;0.009985458290095117;0.019824835984805972
Fidelity (MAX_ERROR);Tolerancja_0.1;710;4169;1.2308549683147767e-05;0.0035083542699031645;0.09998292703606548;0.06345052431350216
Fidelity (MAX_ERROR);Tolerancja_1.0;710;8;0.1547378284020715;0.393367294525195;0.9458645652292343;7.114264742168233
Fidelity (MAX_ERROR);Tolerancja_0.01;711;4882;8.438491798163068e-07;0.0009186126386112412;0.009997639032937045;0.016813076934172035
Fidelity (MAX_ERROR);Tolerancja_0.1;711;3820;8.87702961904972e-06;0.0029794344461742603;0.0999916604378086;0.054531647463049705
Fidelity (MAX_ERROR);Tolerancja_1.0;711;6;0.06370086594622598;0.25239030477858293;0.8636951670483857;4.619420018101104
Fidelity (MAX_ERROR);Tolerancja_0.01;712;4949;1.9438375021437925e-06;0.0013942157301306682;0.009956267159504595;0.02261832109385545
Fidelity (MAX_ERROR);Tolerancja_0.1;712;4488;1.9663423065963807e-05;0.004434345844198872;0.09995428640366155;0.07193826319539054
Fidelity (MAX_ERROR);Tolerancja_1.0;712;70;0.005498533067310791;0.0741520941532388;0.9996320223192834;1.2029672590070168
Fidelity (MAX_ERROR);Tolerancja_0.01;713;4547;2.2160420707665117e-07;0.00047074856035536763;0.00998576494126091;0.007925416339358797
Fidelity (MAX_ERROR);Tolerancja_0.1;713;542;8.996265751757546e-06;0.0029993775607211485;0.09997795427072287;0.05049684253882918
Fidelity (MAX_ERROR);Tolerancja_1.0;713;2;0.27040198387786235;0.5200019075713688;0.9479850424172227;8.754634558314434
Fidelity (MAX_ERROR);Tolerancja_0.01;714;4944;1.7187781324374172e-06;0.0013110217894594343;0.009854384827148621;0.02353411583772732
Fidelity (MAX_ERROR);Tolerancja_0.1;714;4432;1.7761705858340092e-05;0.004214463887416772;0.09995372352378595;0.07565372453594438
Fidelity (MAX_ERROR);Tolerancja_1.0;714;33;0.010279800440623401;0.10138935072591895;0.9953432765919343;1.8200374272036997
Fidelity (MAX_ERROR);Tolerancja_0.01;715;4726;3.64045541070515e-07;0.0006033618657741927;0.00998455169362078;0.010975402308180905
Fidelity (MAX_ERROR);Tolerancja_0.1;715;2269;4.8895876595892046e-06;0.0022112412033944203;0.09997265808717248;0.04022339359571421
Fidelity (MAX_ERROR);Tolerancja_1.0;715;8;0.13904018667964352;0.37288092828628755;0.8657900446308187;6.782858568197243
Fidelity (MAX_ERROR);Tolerancja_0.01;716;4399;1.680201248215507e-07;0.00040990257967174433;0.009993458063645377;0.007232693397786066
Fidelity (MAX_ERROR);Tolerancja_0.1;716;270;1.1199426101495577e-05;0.003346554362548975;0.09990234396845477;0.059049644583167825
Fidelity (MAX_ERROR);Tolerancja_1.0;716;10;0.15345003264320503;0.39172698738177975;0.9971499646705819;6.911986739970565
Fidelity (MAX_ERROR);Tolerancja_0.01;717;4901;9.961062722707147e-07;0.0009980512372973216;0.009928891979353871;0.017382261183880678
Fidelity (MAX_ERROR);Tolerancja_0.1;717;4004;1.0352957582849034e-05;0.003217601215633944;0.09989982190101454;0.05603839024054009
Fidelity (MAX_ERROR);Tolerancja_1.0;717;10;0.085639456212542;0.2926421982772512;0.9439185110296604;5.096715412782773
Fidelity (MAX_ERROR);Tolerancja_0.01;718;4601;2.5166774270811196e-07;0.0005016649705810761;0.009994552591276573;0.00955018234664546
Fidelity (MAX_ERROR);Tolerancja_0.1;718;1020;6.0151205850235025e-06;0.002452574277167463;0.09997958091870629;0.04668958954521231
Fidelity (MAX_ERROR);Tolerancja_1.0;718;2;0.19752498104665356;0.44443782585042596;0.9186961378359992;8.460750755034555
Fidelity (MAX_ERROR);Tolerancja_0.01;719;4831;5.875193281786966e-07;0.0007664980940476608;0.009959814489030272;0.013980274103307154
Fidelity (MAX_ERROR);Tolerancja_0.1;719;3304;6.517122043645112e-06;0.0025528654574115558;0.09997722700628842;0.04656209731065418
Fidelity (MAX_ERROR);Tolerancja_1.0;719;2;0.25846425677859336;0.5083938008852914;0.9541502336544925;9.272671052925787
Fidelity (MAX_ERROR);Tolerancja_0.01;720;4660;2.9376695517124246e-07;0.0005420027261658769;0.009982768326326052;0.009629315833194926
Fidelity (MAX_ERROR);Tolerancja_0.1;720;1617;4.92919203960593e-06;0.0022201783801320853;0.09999416043798792;0.039444079884166657
Fidelity (MAX_ERROR);Tolerancja_1.0;720;6;0.18558459260797655;0.4307953024441847;0.8994193361445557;7.65358516927871
Fidelity (MAX_ERROR);Tolerancja_0.01;721;4943;1.7209274094498358e-06;0.0013118412287505816;0.00990365566573459;0.024985714686408717
Fidelity (MAX_ERROR);Tolerancja_0.1;721;4425;1.7549684961776488e-05;0.004189234412368982;0.09990608921092381;0.07978939332591854
Fidelity (MAX_ERROR);Tolerancja_1.0;721;9;0.07824463206218303;0.2797224196631064;0.8835149543030925;5.327675648485873
Fidelity (MAX_ERROR);Tolerancja_0.01;722;4931;1.4301963049469399e-06;0.0011959081507151542;0.009933190784643386;0.021768069126146837
Fidelity (MAX_ERROR);Tolerancja_0.1;722;4306;1.4604074008799012e-05;0.00382152770614044;0.09991751043390362;0.06955992333107218
Fidelity (MAX_ERROR);Tolerancja_1.0;722;33;0.007334359507078285;0.08564087521200542;0.9945391129402186;1.5588458783593324
Fidelity (MAX_ERROR);Tolerancja_0.01;723;4799;4.955009834083168e-07;0.0007039183073399333;0.00997315281735478;0.013789318685856854
Fidelity (MAX_ERROR);Tolerancja_0.1;723;2986;5.744478413923948e-06;0.002396764154839593;0.09995908135843568;0.04695110839042471
Fidelity (MAX_ERROR);Tolerancja_1.0;723;4;0.04593670858888646;0.21432850624423821;0.8186930687454028;4.198561175705053
Fidelity (MAX_ERROR);Tolerancja_0.01;724;4848;6.56076936501971e-07;0.0008099857631477056;0.009998865361628972;0.014388300627181045
Fidelity (MAX_ERROR);Tolerancja_0.1;724;3480;7.124887441048594e-06;0.002669248478701186;0.09999180170586719;0.047415585936903405
Fidelity (MAX_ERROR);Tolerancja_1.0;724;6;0.17490749894417776;0.41821943874499395;0.8720190618000734;7.429102197314277
Fidelity (MAX_ERROR);Tolerancja_0.01;725;4957;2.287961869791181e-06;0.0015126010279618287;0.009918487038036439;0.02812425657680073
Fidelity (MAX_ERROR);Tolerancja_0.1;725;4567;2.3181003646855784e-05;0.004814665476111065;0.09987717420678877;0.0895205574229116
Fidelity (MAX_ERROR);Tolerancja_1.0;725;671;0.0007914960882553165;0.02813354027233893;0.9997902601615731;0.523095575374013
Fidelity (MAX_ERROR);Tolerancja_0.01;726;4836;6.014204334872252e-07;0.000775513013099861;0.009942220960416748;0.013693733336595274
Fidelity (MAX_ERROR);Tolerancja_0.1;726;3351;6.66779996752705e-06;0.002582208350913429;0.09997937064787976;0.04559571790497433
Fidelity (MAX_ERROR);Tolerancja_1.0;726;6;0.2650482569864333;0.5148283762443882;0.9780010259380303;9.09065660964633
Fidelity (MAX_ERROR);Tolerancja_0.01;727;4905;1.0345013097436447e-06;0.0010171043750489153;0.009912038795618194;0.01773962294841856
Fidelity (MAX_ERROR);Tolerancja_0.1;727;4042;1.0749799684157521e-05;0.0032786887141290984;0.09995866273776688;0.05718459479744966
Fidelity (MAX_ERROR);Tolerancja_1.0;727;6;0.14552486321229458;0.3814772119174284;0.8276358491415312;6.653458650695201
Fidelity (MAX_ERROR);Tolerancja_0.01;728;4874;7.831907784744459e-07;0.0008849806655935743;0.00995109251242976;0.014996063629875536
Fidelity (MAX_ERROR);Tolerancja_0.1;728;3735;8.333664434764447e-06;0.0028868086938286103;0.09992718289202784;0.04891718942909983
Fidelity (MAX_ERROR);Tolerancja_1.0;728;9;0.14532342897213488;0.38121310178446766;0.8817915881419314;6.459684548100034
Fidelity (MAX_ERROR);Tolerancja_0.01;729;693;4.38581871974768e-08;0.000209423463817875;0.009988842624358618;0.0036837634379318484
Fidelity (MAX_ERROR);Tolerancja_0.1;729;55;5.8142140003813135e-05;0.007625099343865176;0.09908689012156291;0.13412566892674596
Fidelity (MAX_ERROR);Tolerancja_1.0;729;6;0.14527738198045237;0.3811527016570293;0.8351752772610945;6.70448459325534
Fidelity (MAX_ERROR);Tolerancja_0.01;730;4904;1.0280441499346938e-06;0.0010139251204771948;0.009958877818722733;0.018371865224148163
Fidelity (MAX_ERROR);Tolerancja_0.1;730;4037;1.0691661480890472e-05;0.0032698106185053703;0.0999036182157873;0.059247491534085504
Fidelity (MAX_ERROR);Tolerancja_1.0;730;13;0.037990672265232714;0.19491196029292998;0.8454045435654658;3.531716684749769
Fidelity (MAX_ERROR);Tolerancja_0.01;731;4717;3.5339379616661347e-07;0.0005944693399718891;0.009987437927412302;0.010441097633982325
Fidelity (MAX_ERROR);Tolerancja_0.1;731;2171;4.882256663206526e-06;0.002209582916119358;0.09999457474655316;0.03880851274629662
Fidelity (MAX_ERROR);Tolerancja_1.0;731;11;0.14174586098427022;0.3764915151557472;0.858109624033565;6.612594466676748
Fidelity (MAX_ERROR);Tolerancja_0.01;732;4504;2.0274700911039795e-07;0.00045027437092332707;0.009993845848943472;0.007979194231804772
Fidelity (MAX_ERROR);Tolerancja_0.1;732;393;1.048304318403461e-05;0.003237752798475296;0.09999227156095625;0.057375369601044814
Fidelity (MAX_ERROR);Tolerancja_1.0;732;4;0.30417366229635046;0.5515194124383569;0.9697085927947295;9.773331103505875
Fidelity (MAX_ERROR);Tolerancja_0.01;733;4812;5.25634630832841e-07;0.0007250066419232592;0.009948340301574987;0.01272181691066877
Fidelity (MAX_ERROR);Tolerancja_0.1;733;3112;6.006357006559541e-06;0.0024507870177882737;0.09998179941625196;0.04300438358004248
Fidelity (MAX_ERROR);Tolerancja_1.0;733;4;0.17675777538979456;0.4204257073369736;0.9301461193498826;7.377282584737381
Fidelity (MAX_ERROR);Tolerancja_0.01;734;4770;4.3407839242778565e-07;0.000658846258567039;0.009994120901406944;0.01155512616162526
Fidelity (MAX_ERROR);Tolerancja_0.1;734;2700;5.297005436309422e-06;0.0023015224170773183;0.09996356013795626;0.04036507993682579
Fidelity (MAX_ERROR);Tolerancja_1.0;734;7;0.13569853946028687;0.3683728267126755;0.8741978254540177;6.460679455685743
Fidelity (MAX_ERROR);Tolerancja_0.01;735;3174;5.98212397140636e-08;0.00024458380918217703;0.009996193840885681;0.004007050466477172
Fidelity (MAX_ERROR);Tolerancja_0.1;735;91;2.4388688625894366e-05;0.004938490520988611;0.0992226327607364;0.08090797511081746
Fidelity (MAX_ERROR);Tolerancja_1.0;735;6;0.10533212652845012;0.3245491126600874;0.7807359331028776;5.317133123520437
Fidelity (MAX_ERROR);Tolerancja_0.01;736;4967;2.8891900059329795e-06;0.0016997617497558238;0.00976421312698772;0.031171091857196766
Fidelity (MAX_ERROR);Tolerancja_0.1;736;4663;2.9614432155915936e-05;0.005441914383368773;0.09971335647531365;0.09979658216650439
Fidelity (MAX_ERROR);Tolerancja_1.0;736;1621;0.00049908046771119;0.022340108945821863;0.9998490267644362;0.4096842325990873
Fidelity (MAX_ERROR);Tolerancja_0.01;737;4903;1.0135804226969961e-06;0.0010067673130853007;0.009913976651512613;0.017798639688244567
Fidelity (MAX_ERROR);Tolerancja_0.1;737;4022;1.0544582158435905e-05;0.0032472422389522937;0.09996082323613376;0.057407996704262776
Fidelity (MAX_ERROR);Tolerancja_1.0;737;4;0.13731618295659706;0.3705619826110027;0.7566461250037309;6.5511654231626455
Fidelity (MAX_ERROR);Tolerancja_0.01;738;4556;2.2625797362209175e-07;0.00047566582137262265;0.009997244884143441;0.008825444987458346
Fidelity (MAX_ERROR);Tolerancja_0.1;738;736;6.857540474374532e-06;0.0026186906030255907;0.09996989235795972;0.04858686249410362
Fidelity (MAX_ERROR);Tolerancja_1.0;738;6;0.1429513644990644;0.37808909598012;0.8926216814774257;7.015018458340004
Fidelity (MAX_ERROR);Tolerancja_0.01;739;4897;9.677938690243255e-07;0.0009837651493239256;0.009982390125898633;0.01733220634656523
Fidelity (MAX_ERROR);Tolerancja_0.1;739;3969;1.0037452911055406e-05;0.0031681939509845994;0.09992786331473358;0.055817988004700066
Fidelity (MAX_ERROR);Tolerancja_1.0;739;6;0.24590431351663142;0.4958874000381855;0.9755939905600188;8.736661130992701
Fidelity (MAX_ERROR);Tolerancja_0.01;740;4960;2.426038344828815e-06;0.0015575745069911792;0.009912864339641558;0.028430064739093777
Fidelity (MAX_ERROR);Tolerancja_0.1;740;4597;2.48835596047843e-05;0.004988342370445748;0.09987314785168167;0.09105111562623967
Fidelity (MAX_ERROR);Tolerancja_1.0;740;977;0.0006168340527729356;0.024836144080209704;0.9999030082852043;0.4533286728182316
Fidelity (MAX_ERROR);Tolerancja_0.01;741;4957;2.2424624100551634e-06;0.0014974853622173284;0.009819370415011797;0.02405441269683553
Fidelity (MAX_ERROR);Tolerancja_0.1;741;4563;2.293254797910988e-05;0.004788794000488002;0.09979296260255577;0.07692337442103876
Fidelity (MAX_ERROR);Tolerancja_1.0;741;635;0.0008210029220520571;0.028653148553903413;0.9999213221329359;0.4602613673356902
Fidelity (MAX_ERROR);Tolerancja_0.01;742;4945;1.794274293245212e-06;0.0013395052419625732;0.009933547842850388;0.023452546258928904
Fidelity (MAX_ERROR);Tolerancja_0.1;742;4447;1.8222527473467996e-05;0.004268785245648696;0.0998826958312975;0.07473944879553257
Fidelity (MAX_ERROR);Tolerancja_1.0;742;85;0.003977576081230268;0.06306802740874545;0.9989133389116827;1.104218023138073
Fidelity (MAX_ERROR);Tolerancja_0.01;743;4918;1.210032523678109e-06;0.0011000147833907091;0.009990479224802229;0.01973126032433881
Fidelity (MAX_ERROR);Tolerancja_0.1;743;4180;1.244056741979687e-05;0.0035271188553544475;0.09990992460621406;0.06326687730083312
Fidelity (MAX_ERROR);Tolerancja_1.0;743;9;0.036765295922499885;0.19174278584212728;0.9969278765332072;3.439341797846708
Fidelity (MAX_ERROR);Tolerancja_0.01;744;2912;5.588722212205077e-08;0.0002364047844736878;0.009995775816740604;0.004287081381389387
Fidelity (MAX_ERROR);Tolerancja_0.1;744;13;0.00037979412482521904;0.019488307387385367;0.08955239890006084;0.35341061282349834
Fidelity (MAX_ERROR);Tolerancja_1.0;744;7;0.19040237711244518;0.4363512084461841;0.8354566475488943;7.913008806658073
Fidelity (MAX_ERROR);Tolerancja_0.01;745;4977;4.021949394955453e-06;0.0020054798415729473;0.009617859931323913;0.03940787404576122
Fidelity (MAX_ERROR);Tolerancja_0.1;745;4761;4.187128737072008e-05;0.006470802683649076;0.09994213518023454;0.1271519024256126
Fidelity (MAX_ERROR);Tolerancja_1.0;745;2609;0.0005197384845050969;0.022797773674310764;0.9998724425308883;0.4479784712153292
Fidelity (MAX_ERROR);Tolerancja_0.01;746;4731;3.708358730635563e-07;0.0006089629488429951;0.009976105866867258;0.010244828344083705
Fidelity (MAX_ERROR);Tolerancja_0.1;746;2314;4.920435313158607e-06;0.0022182054262756203;0.09999016778223702;0.03731776106787053
Fidelity (MAX_ERROR);Tolerancja_1.0;746;8;0.13179365670900783;0.3630339608204828;0.9381375707293378;6.10746617465812
Fidelity (MAX_ERROR);Tolerancja_0.01;747;4786;4.6449673146571265e-07;0.0006815399705561756;0.009974299613470627;0.011749805306453498
Fidelity (MAX_ERROR);Tolerancja_0.1;747;2856;5.516707431918214e-06;0.0023487672153532403;0.09999181762820175;0.04049294052124386
Fidelity (MAX_ERROR);Tolerancja_1.0;747;1;0.16490280249078412;0.4060822607437859;0.6384769419878404;7.000891669273988
Fidelity (MAX_ERROR);Tolerancja_0.01;748;3995;1.0268275752138558e-07;0.00032044150405555395;0.00999051249474281;0.00590445961973485
Fidelity (MAX_ERROR);Tolerancja_0.1;748;19;9.218550418565408e-05;0.009601328251114743;0.09984972741260201;0.17691420816917072
Fidelity (MAX_ERROR);Tolerancja_1.0;748;4;0.2250819180552814;0.474427990379237;0.9469051413418184;8.741816762851409
Fidelity (MAX_ERROR);Tolerancja_0.01;749;4879;8.207771457947186e-07;0.0009059675191720279;0.009963255337501309;0.01693736039907584
Fidelity (MAX_ERROR);Tolerancja_0.1;749;3786;8.650773562731163e-06;0.002941219740640125;0.09997585052018376;0.05498706929981985
Fidelity (MAX_ERROR);Tolerancja_1.0;749;10;0.06546788893843268;0.25586693600079063;0.9854443542380951;4.783516425857388
Fidelity (MAX_ERROR);Tolerancja_0.01;750;4868;7.459428794862802e-07;0.0008636798477944707;0.00993895400233491;0.015897538957776465
Fidelity (MAX_ERROR);Tolerancja_0.1;750;3673;7.991655125687611e-06;0.002826951560548502;0.09992733362680362;0.052034990373263285
Fidelity (MAX_ERROR);Tolerancja_1.0;750;8;0.18009918766735397;0.4243809463999933;0.902576941034412;7.81147394553708
Fidelity (MAX_ERROR);Tolerancja_0.01;751;4791;4.767728424033231e-07;0.0006904873948185608;0.009975161134184063;0.01337953357408331
Fidelity (MAX_ERROR);Tolerancja_0.1;751;2907;5.59890467139748e-06;0.0023662004715149306;0.0999885083448806;0.04584972714811789
Fidelity (MAX_ERROR);Tolerancja_1.0;751;5;0.18669560055236495;0.43208286306259003;0.9495287086903375;8.372444184373638
Fidelity (MAX_ERROR);Tolerancja_0.01;752;4738;3.805311649250447e-07;0.0006168720814926258;0.009983402989830026;0.010866393103216618
Fidelity (MAX_ERROR);Tolerancja_0.1;752;2382;4.976175505113652e-06;0.0022307342972917353;0.09998766437864859;0.03929507674353949
Fidelity (MAX_ERROR);Tolerancja_1.0;752;5;0.26119831703526764;0.5110756470770913;0.9614409918125029;9.00275608710112
Fidelity (MAX_ERROR);Tolerancja_0.01;753;4909;1.0787648234604157e-06;0.0010386360399391192;0.009906615266388918;0.01883365451829331
Fidelity (MAX_ERROR);Tolerancja_0.1;753;4082;1.1185095341479698e-05;0.003344412555514002;0.09994609476679983;0.0606444492729958
Fidelity (MAX_ERROR);Tolerancja_1.0;753;11;0.024833430109016747;0.1575862624374877;0.9420602785144667;2.857521893569872
Fidelity (MAX_ERROR);Tolerancja_0.01;754;4675;3.072540825101656e-07;0.0005543050446371254;0.009976142830186774;0.009131074536001538
Fidelity (MAX_ERROR);Tolerancja_0.1;754;1778;4.797813155877998e-06;0.0021903910965574156;0.09998532877053545;0.036082342311629635
Fidelity (MAX_ERROR);Tolerancja_1.0;754;8;0.2273785040728119;0.4768422213613345;0.8824524287728508;7.855028395083938
Fidelity (MAX_ERROR);Tolerancja_0.01;755;4945;1.7745201850496765e-06;0.0013321111759345302;0.009878710014378456;0.02295431455060705
Fidelity (MAX_ERROR);Tolerancja_0.1;755;4444;1.810504657044787e-05;0.004255002534716974;0.09986536714804783;0.07332020657135
Fidelity (MAX_ERROR);Tolerancja_1.0;755;14;0.023403568399285802;0.15298224864109497;0.9928337567215721;2.63611830559363
Fidelity (MAX_ERROR);Tolerancja_0.01;756;4847;6.486589323948532e-07;0.0008053936505801702;0.009958343834594707;0.015096785613422559
Fidelity (MAX_ERROR);Tolerancja_0.1;756;3464;7.061315503220678e-06;0.002657313587670954;0.09998702235709267;0.04981029278267181
Fidelity (MAX_ERROR);Tolerancja_1.0;756;5;0.1829668468030257;0.4277462411325501;0.9562095431166835;8.017934204812383
Fidelity (MAX_ERROR);Tolerancja_0.01;757;4899;9.876008712109232e-07;0.0009937810982358858;0.009985701693865146;0.019037374511166195
Fidelity (MAX_ERROR);Tolerancja_0.1;757;3989;1.0228764340162691e-05;0.0031982439463184623;0.09995717161808848;0.06126718237267441
Fidelity (MAX_ERROR);Tolerancja_1.0;757;2;0.2047528445404218;0.45249623704559333;0.9534668714247418;8.668247308005931
Fidelity (MAX_ERROR);Tolerancja_0.01;758;4973;3.5938113220307308e-06;0.0018957350347637537;0.009850410354880879;0.03137595318516857
Fidelity (MAX_ERROR);Tolerancja_0.1;758;4726;3.6492956982677404e-05;0.006040940074415356;0.09996355236688892;0.09998246036154806
Fidelity (MAX_ERROR);Tolerancja_1.0;758;2260;0.0004927575006180749;0.022198141828046664;0.9998187478733493;0.36739726070490686
Fidelity (MAX_ERROR);Tolerancja_0.01;759;4692;3.238300963188037e-07;0.0005690607140884035;0.009979618070644847;0.010262170836225892
Fidelity (MAX_ERROR);Tolerancja_0.1;759;1919;4.854519091318806e-06;0.0022032973224961733;0.09997930404719302;0.039733218207964834
Fidelity (MAX_ERROR);Tolerancja_1.0;759;4;0.19845765916275135;0.44548586864540535;0.9085583508479784;8.033680723307551
Fidelity (MAX_ERROR);Tolerancja_0.01;760;4918;1.1900982142514234e-06;0.001090916226963108;0.009907841617988744;0.01770724501024666
Fidelity (MAX_ERROR);Tolerancja_0.1;760;4173;1.2352773655557752e-05;0.0035146512850577015;0.09992595931587367;0.05704818563689733
Fidelity (MAX_ERROR);Tolerancja_1.0;760;3;0.3005225623550367;0.5481993819360221;0.9669835081830778;8.898117500213152
Fidelity (MAX_ERROR);Tolerancja_0.01;761;4888;8.786617985993179e-07;0.0009373696168530949;0.009940409379191273;0.016220374634467388
Fidelity (MAX_ERROR);Tolerancja_0.1;761;3874;9.254702605987012e-06;0.0030421542705765287;0.09997696023302538;0.05264186194796361
Fidelity (MAX_ERROR);Tolerancja_1.0;761;22;0.009166572613707062;0.09574221959881159;0.9535584507917605;1.6567367261611947
Fidelity (MAX_ERROR);Tolerancja_0.01;762;4920;1.2235720597610085e-06;0.0011061519153176965;0.009923758510269387;0.018526880677276814
Fidelity (MAX_ERROR);Tolerancja_0.1;762;4194;1.266628437985554e-05;0.0035589723769447186;0.09998558549285264;0.05960904252689509
Fidelity (MAX_ERROR);Tolerancja_1.0;762;10;0.12932558750662648;0.3596186695746294;0.9156518483441429;6.023234320953677
Fidelity (MAX_ERROR);Tolerancja_0.01;763;4928;1.3711211612618415e-06;0.0011709488294805379;0.009969679958637734;0.021078079569167164
Fidelity (MAX_ERROR);Tolerancja_0.1;763;4278;1.4075426582408484e-05;0.0037517231484224;0.09998217890576733;0.06753422272006128
Fidelity (MAX_ERROR);Tolerancja_1.0;763;25;0.010696363294825522;0.10342322415601596;0.9936499015852025;1.8617064154950327
Fidelity (MAX_ERROR);Tolerancja_0.01;764;1776;4.738194828234503e-08;0.00021767394948028353;0.009998420822829424;0.003930372063456064
Fidelity (MAX_ERROR);Tolerancja_0.1;764;13;0.0006230515826552954;0.024961001235032528;0.07709612863593307;0.4507017131094523
Fidelity (MAX_ERROR);Tolerancja_1.0;764;8;0.1291605486412111;0.3593891326142335;0.8142662023087661;6.4892147641426146
Fidelity (MAX_ERROR);Tolerancja_0.01;765;4950;1.9419188023514456e-06;0.0013935274673832036;0.009902969136752038;0.02479372159038537
Fidelity (MAX_ERROR);Tolerancja_0.1;765;4496;1.991745704226167e-05;0.0044628978301392555;0.09982198217132243;0.07940413725363599
Fidelity (MAX_ERROR);Tolerancja_1.0;765;25;0.022077368120136803;0.14858454872609334;0.9899814309087764;2.6436249158874747
Fidelity (MAX_ERROR);Tolerancja_0.01;766;4966;2.7621217461778702e-06;0.0016619632204648424;0.00976269958547693;0.02937501553761115
Fidelity (MAX_ERROR);Tolerancja_0.1;766;4652;2.87651723810547e-05;0.005363317292595572;0.09992482532263303;0.09479603812114944
Fidelity (MAX_ERROR);Tolerancja_1.0;766;1523;0.0005060165928016521;0.022494812575383955;0.9997746543004924;0.3975933166154761
Fidelity (MAX_ERROR);Tolerancja_0.01;767;4931;1.4347749119648785e-06;0.0011978209014560058;0.009949071120986197;0.02099462679840614
Fidelity (MAX_ERROR);Tolerancja_0.1;767;4307;1.4639916135714105e-05;0.003826214334784985;0.09992590593341522;0.06706339980532805
Fidelity (MAX_ERROR);Tolerancja_1.0;767;12;0.03573221179982005;0.18902965851902725;0.9926336763405788;3.3131890832870825
Fidelity (MAX_ERROR);Tolerancja_0.01;768;4924;1.2875626606355276e-06;0.001134708183030125;0.009923929922678987;0.020183711470485522
Fidelity (MAX_ERROR);Tolerancja_0.1;768;4235;1.330078770714995e-05;0.003647024500486657;0.09989505306583091;0.06487173649091417
Fidelity (MAX_ERROR);Tolerancja_1.0;768;10;0.14420281388470021;0.3797404559494553;0.8349261134866532;6.7546633673575425
Fidelity (MAX_ERROR);Tolerancja_0.01;769;4810;5.241219561402624e-07;0.0007239626759303704;0.00998641270392131;0.013446137658733275
Fidelity (MAX_ERROR);Tolerancja_0.1;769;3098;5.982174448959975e-06;0.002445848410870955;0.09999916632392836;0.04542667117845717
Fidelity (MAX_ERROR);Tolerancja_1.0;769;7;0.1537163501164836;0.3920667674216773;0.8316851954724243;7.281844632931694
Fidelity (MAX_ERROR);Tolerancja_0.01;770;4935;1.496724220693225e-06;0.0012234068091576183;0.00986273784491054;0.02296336778944777
Fidelity (MAX_ERROR);Tolerancja_0.1;770;4341;1.5392932397315194e-05;0.003923382774764042;0.09999531195844114;0.07364196517569284
Fidelity (MAX_ERROR);Tolerancja_1.0;770;13;0.049470272639070605;0.22241913730403373;0.927991837345906;4.174811203512095
Fidelity (MAX_ERROR);Tolerancja_0.01;771;4946;1.7748060381769092e-06;0.001332218464883635;0.009834944339840668;0.023466045496892473
Fidelity (MAX_ERROR);Tolerancja_0.1;771;4451;1.839352994776383e-05;0.0042887678822435505;0.09998972245583104;0.07554348247164473
Fidelity (MAX_ERROR);Tolerancja_1.0;771;12;0.11490481481050292;0.33897612719851367;0.9106546647497975;5.970814421864003
Fidelity (MAX_ERROR);Tolerancja_0.01;772;4962;2.5751887850196463e-06;0.001604739475746654;0.009957778671545903;0.02859033926200826
Fidelity (MAX_ERROR);Tolerancja_0.1;772;4619;2.6288369729642047e-05;0.005127218517836161;0.09984042512432012;0.09134748606292124
Fidelity (MAX_ERROR);Tolerancja_1.0;772;1190;0.00055692832146702;0.02359932883509656;0.9998036344811725;0.4204500655392515
Fidelity (MAX_ERROR);Tolerancja_0.01;773;4800;4.976839086840356e-07;0.0007054671563467966;0.009982776289986006;0.012776784527328071
Fidelity (MAX_ERROR);Tolerancja_0.1;773;2997;5.77317876131741e-06;0.0024027440066135657;0.09999374703828678;0.043516331229088635
Fidelity (MAX_ERROR);Tolerancja_1.0;773;6;0.08900951464764337;0.2983446239630327;0.8180662559599297;5.403348605202146
Fidelity (MAX_ERROR);Tolerancja_0.01;774;4957;2.2837667129525423e-06;0.0015112136556266762;0.009909389450627692;0.03028803728054249
Fidelity (MAX_ERROR);Tolerancja_0.1;774;4567;2.313849889361116e-05;0.004810249358776649;0.0997853023476436;0.09640795089752954
Fidelity (MAX_ERROR);Tolerancja_1.0;774;662;0.0008004642469390747;0.02829247686115648;0.9999182517658118;0.5670433103479603
Fidelity (MAX_ERROR);Tolerancja_0.01;775;4861;7.180022300198699e-07;0.0008473501224522659;0.009986946806195718;0.015523449414150443
Fidelity (MAX_ERROR);Tolerancja_0.1;775;3609;7.675514304128336e-06;0.0027704718558628845;0.09995400889349693;0.05075502861007462
Fidelity (MAX_ERROR);Tolerancja_1.0;775;4;0.17090902502522817;0.4134114476223756;0.9766163752199626;7.573695364348257
Fidelity (MAX_ERROR);Tolerancja_0.01;776;4236;1.330972235527409e-07;0.00036482492178131266;0.009999676981677474;0.006601093169884498
Fidelity (MAX_ERROR);Tolerancja_0.1;776;173;1.304586187060134e-05;0.0036119055733229433;0.0998954969349537;0.06535333467328687
Fidelity (MAX_ERROR);Tolerancja_1.0;776;12;0.12100231862612995;0.34785387539328916;0.8973180726212266;6.2940213343016
Fidelity (MAX_ERROR);Tolerancja_0.01;777;4954;2.1221788588474746e-06;0.001456770008905824;0.009934096788245306;0.026052710332655726
Fidelity (MAX_ERROR);Tolerancja_0.1;777;4537;2.1747039544960568e-05;0.004663372121647657;0.0999902797462573;0.08339922040948797
Fidelity (MAX_ERROR);Tolerancja_1.0;777;411;0.0011442600237141583;0.03382691271331391;0.9998107888491763;0.6049566870407538
Fidelity (MAX_ERROR);Tolerancja_0.01;778;4948;1.860044658383607e-06;0.0013638345421581046;0.00988194647460805;0.021525966846890177
Fidelity (MAX_ERROR);Tolerancja_0.1;778;4474;1.915233986608985e-05;0.004376338637044653;0.0999606320703661;0.06907356977681453
Fidelity (MAX_ERROR);Tolerancja_1.0;778;36;0.010241518977703834;0.10120039020529434;0.9991494310741471;1.5972877773020773
Fidelity (MAX_ERROR);Tolerancja_0.01;779;4972;3.505114949435495e-06;0.0018721952220416265;0.009996257044386336;0.03025701022817556
Fidelity (MAX_ERROR);Tolerancja_0.1;779;4720;3.571566755812034e-05;0.005976258658903607;0.09996279734462865;0.09658379491615257
Fidelity (MAX_ERROR);Tolerancja_1.0;779;2200;0.0004902592876777877;0.022141799558251532;0.9999571454310705;0.35783910129503266
Fidelity (MAX_ERROR);Tolerancja_0.01;780;3804;8.682795805521827e-08;0.0002946658413444257;0.009998856864010364;0.004931449762886191
Fidelity (MAX_ERROR);Tolerancja_0.1;780;144;1.4321443419332604e-05;0.0037843682985846667;0.09993485224671517;0.06333418920761652
Fidelity (MAX_ERROR);Tolerancja_1.0;780;10;0.04442159257990396;0.21076430575385377;0.9084073064395017;3.5272958035873025
Fidelity (MAX_ERROR);Tolerancja_0.01;781;4964;2.6323633863033576e-06;0.0016224559736101802;0.009802847287915029;0.028455012201611445
Fidelity (MAX_ERROR);Tolerancja_0.1;781;4633;2.733354263055809e-05;0.005228149063536548;0.09993469088230533;0.0916925006376287
Fidelity (MAX_ERROR);Tolerancja_1.0;781;1329;0.0005320680216344569;0.02306659969814487;0.9998536182694258;0.4045474185656391
Fidelity (MAX_ERROR);Tolerancja_0.01;782;4920;1.2414487473601612e-06;0.0011142031894408493;0.009995993054426222;0.01966427512456545
Fidelity (MAX_ERROR);Tolerancja_0.1;782;4200;1.2751448852627162e-05;0.003570917088456012;0.09996677581425484;0.06302216394628175
Fidelity (MAX_ERROR);Tolerancja_1.0;782;13;0.01685250926254077;0.12981721481583547;0.9823993622778922;2.2911094244169936
Fidelity (MAX_ERROR);Tolerancja_0.01;783;4916;1.179278438062721e-06;0.001085945872528977;0.009981468464236976;0.01940330411203632
Fidelity (MAX_ERROR);Tolerancja_0.1;783;4159;1.215904839765465e-05;0.003486982706818984;0.09993439614034916;0.062304197295077385
Fidelity (MAX_ERROR);Tolerancja_1.0;783;3;0.36320518171846033;0.6026650659516116;0.9529913408493216;10.768210320765796
Fidelity (MAX_ERROR);Tolerancja_0.01;784;4947;1.8823642742751106e-06;0.001371992811305916;0.009987798474818455;0.02585335713143955
Fidelity (MAX_ERROR);Tolerancja_0.1;784;4470;1.8979538343609273e-05;0.004356551198322966;0.09987940967972264;0.08209334120667702
Fidelity (MAX_ERROR);Tolerancja_1.0;784;45;0.008230539761863883;0.09072232229095485;0.9993842702608147;1.7095400053511214
Fidelity (MAX_ERROR);Tolerancja_0.01;785;4881;8.272294904590649e-07;0.0009095215722890056;0.00991941128017615;0.018757469310079482
Fidelity (MAX_ERROR);Tolerancja_0.1;785;3801;8.748734405006293e-06;0.0029578259592150267;0.099959206798653;0.061000564851806244
Fidelity (MAX_ERROR);Tolerancja_1.0;785;7;0.15381530302157392;0.39219294106545816;0.8503884211449835;8.088370061581736
Fidelity (MAX_ERROR);Tolerancja_0.01;786;4960;2.4065756238556423e-06;0.00155131416027046;0.009873020821742351;0.028454958387744648
Fidelity (MAX_ERROR);Tolerancja_0.1;786;4595;2.48077604931963e-05;0.004980738950516911;0.09996453337296884;0.09135913485922714
Fidelity (MAX_ERROR);Tolerancja_1.0;786;951;0.0006296629252762967;0.025093085208405457;0.9999666286668845;0.46026956609538305
Fidelity (MAX_ERROR);Tolerancja_0.01;787;4908;1.072171993885306e-06;0.0010354573839059268;0.009957490526840473;0.015685541887443963
Fidelity (MAX_ERROR);Tolerancja_0.1;787;4077;1.11260785810486e-05;0.0033355776982478763;0.0999048926134769;0.05052872722518957
Fidelity (MAX_ERROR);Tolerancja_1.0;787;7;0.019978535286807864;0.14134544664334917;0.8801362996945228;2.1411599920805187
Fidelity (MAX_ERROR);Tolerancja_0.01;788;4960;2.3651294387057376e-06;0.0015378977335004228;0.00978763797212956;0.02895183050926521
Fidelity (MAX_ERROR);Tolerancja_0.1;788;4592;2.4532677493034646e-05;0.004953047293640012;0.09983755223119584;0.09324403217855509
Fidelity (MAX_ERROR);Tolerancja_1.0;788;955;0.0006161759372889829;0.024822891396631918;0.9999924513549567;0.46730554887379794
Fidelity (MAX_ERROR);Tolerancja_0.01;789;4916;1.1758732539079443e-06;0.0010843768966129555;0.009967048203550988;0.018903523419027513
Fidelity (MAX_ERROR);Tolerancja_0.1;789;4158;1.2131496319435176e-05;0.0034830297614914484;0.0999096864925999;0.060718311936725174
Fidelity (MAX_ERROR);Tolerancja_1.0;789;6;0.0930497067185407;0.30504050012832834;0.9197184434824299;5.317653166476387
Fidelity (MAX_ERROR);Tolerancja_0.01;790;4873;7.822077121528207e-07;0.0008844250743578117;0.00996443357838972;0.01509485979733696
Fidelity (MAX_ERROR);Tolerancja_0.1;790;3728;8.272067193260257e-06;0.0028761201632164566;0.09992350609109435;0.0490879689899905
Fidelity (MAX_ERROR);Tolerancja_1.0;790;31;0.006195243602177004;0.07870986978884544;0.9966262626421165;1.34337490373842
Fidelity (MAX_ERROR);Tolerancja_0.01;791;2826;5.456655315625163e-08;0.00023359484830845828;0.00999616084784094;0.004175465576992302
Fidelity (MAX_ERROR);Tolerancja_0.1;791;15;0.0006080125838504362;0.024657911181818225;0.085414951184414;0.4407556933972312
Fidelity (MAX_ERROR);Tolerancja_1.0;791;9;0.146630444172157;0.3829235487302355;0.8762322891671523;6.844689032831459
Fidelity (MAX_ERROR);Tolerancja_0.01;792;4871;7.671434461163343e-07;0.0008758672537070526;0.009945221201451915;0.01839030923328809
Fidelity (MAX_ERROR);Tolerancja_0.1;792;3703;8.165836446774944e-06;0.0028575927713330577;0.09999733361315055;0.05999997660056426
Fidelity (MAX_ERROR);Tolerancja_1.0;792;5;0.19432734320780445;0.4408257515252534;0.7663887434668286;9.25587964869562
Fidelity (MAX_ERROR);Tolerancja_0.01;793;4955;2.1406368454207967e-06;0.0014630915369247396;0.009814390531418304;0.025981791990786617
Fidelity (MAX_ERROR);Tolerancja_0.1;793;4542;2.1912793200277063e-05;0.004681110252950369;0.09988964581138227;0.08312783568807645
Fidelity (MAX_ERROR);Tolerancja_1.0;793;441;0.0010861850898314775;0.03295732224910691;0.9998640424640826;0.5852609147404743
Fidelity (MAX_ERROR);Tolerancja_0.01;794;4724;3.6171404218091525e-07;0.0006014266723224996;0.009988397253666292;0.010949509031084074
Fidelity (MAX_ERROR);Tolerancja_0.1;794;2245;4.896712287577632e-06;0.0022128516189698828;0.09996404047863017;0.04028693754600765
Fidelity (MAX_ERROR);Tolerancja_1.0;794;7;0.1844293338522783;0.4294523650561006;0.9640024648948939;7.818563369402256
Fidelity (MAX_ERROR);Tolerancja_0.01;795;4900;9.859938603375068e-07;0.0009929722354313371;0.009953022898995023;0.01771917562669829
Fidelity (MAX_ERROR);Tolerancja_0.1;795;3996;1.0283911631534492e-05;0.0032068538525374824;0.09993289259009064;0.0572249702405651
Fidelity (MAX_ERROR);Tolerancja_1.0;795;11;0.12321113565034111;0.3510144379514055;0.9991929527613754;6.263706326960869
Fidelity (MAX_ERROR);Tolerancja_0.01;796;4607;2.549583500398508e-07;0.0005049340056283106;0.009984594426504678;0.009217875899649888
Fidelity (MAX_ERROR);Tolerancja_0.1;796;1080;5.8189037181665915e-06;0.0024122403939422356;0.09999142700344876;0.04403690847443168
Fidelity (MAX_ERROR);Tolerancja_1.0;796;2;0.14600705267772382;0.3821086922300039;0.8080007211290123;6.975625459748606
Fidelity (MAX_ERROR);Tolerancja_0.01;797;4826;5.686916523250282e-07;0.0007541164713259008;0.009956888312101064;0.0139370656106833
Fidelity (MAX_ERROR);Tolerancja_0.1;797;3253;6.373776887751068e-06;0.0025246340106540328;0.09999304559976352;0.04665856162455006
Fidelity (MAX_ERROR);Tolerancja_1.0;797;5;0.20450319862547586;0.45222029877646563;0.7172329427208601;8.357626725019045
Fidelity (MAX_ERROR);Tolerancja_0.01;798;4961;2.457524975221246e-06;0.0015676495064973056;0.00978972354080021;0.027725477040908837
Fidelity (MAX_ERROR);Tolerancja_0.1;798;4602;2.5177616349423176e-05;0.005017730198946848;0.09990570136753796;0.08874366550161948
Fidelity (MAX_ERROR);Tolerancja_1.0;798;1020;0.0006040582895730925;0.02457759731082541;0.9999157111854995;0.4346798229691936
Fidelity (MAX_ERROR);Tolerancja_0.01;799;4953;2.0891887244927318e-06;0.0014454026167448058;0.009908821413206148;0.025752811532156663
Fidelity (MAX_ERROR);Tolerancja_0.1;799;4526;2.1202557835575903e-05;0.004604623528104757;0.09993175363592322;0.08204081030576439
Fidelity (MAX_ERROR);Tolerancja_1.0;799;268;0.0016734854664837194;0.04090825670306325;0.9998488110298549;0.7288644788506525
Fidelity (MAX_ERROR);Tolerancja_0.01;800;4875;7.889755110288687e-07;0.0008882429346912188;0.009928314096269375;0.015636781652876536
Fidelity (MAX_ERROR);Tolerancja_0.1;800;3742;8.373211745672504e-06;0.002893650245913024;0.09992828717699886;0.05094031746040724
Fidelity (MAX_ERROR);Tolerancja_1.0;800;3;0.31047870758873797;0.5572061625545234;0.960239035584582;9.80915328364666
Fidelity (MAX_ERROR);Tolerancja_0.01;801;4931;1.4159539738107468e-06;0.0011899386428764916;0.009883605478810509;0.022490552498578502
Fidelity (MAX_ERROR);Tolerancja_0.1;801;4302;1.4544757577224416e-05;0.0038137589825819377;0.09998905323254892;0.07208232720919136
Fidelity (MAX_ERROR);Tolerancja_1.0;801;24;0.010309627688304944;0.10153633678789552;0.9928964031559806;1.9190975322233788
Fidelity (MAX_ERROR);Tolerancja_0.01;802;4375;1.6179228317537112e-07;0.0004022341148825782;0.00999109529080533;0.007207398629470658
Fidelity (MAX_ERROR);Tolerancja_0.1;802;25;6.138702212947909e-05;0.007834987053561678;0.09896385183529466;0.14039056574862052
Fidelity (MAX_ERROR);Tolerancja_1.0;802;4;0.25805400220218955;0.5079901595525149;0.9761546048121081;9.102379545335666
Fidelity (MAX_ERROR);Tolerancja_0.01;803;4339;1.5332272497775102e-07;0.0003915644582667725;0.00999564429214761;0.007206641338327275
Fidelity (MAX_ERROR);Tolerancja_0.1;803;57;4.473582179218779e-05;0.006688484267170536;0.09953396152002814;0.12309980181526885
Fidelity (MAX_ERROR);Tolerancja_1.0;803;3;0.2020077462419538;0.44945271858333863;0.7451180980537178;8.272059613642222
Fidelity (MAX_ERROR);Tolerancja_0.01;804;4927;1.354256786502396e-06;0.0011637253913627545;0.009942005981662838;0.021080504829281307
Fidelity (MAX_ERROR);Tolerancja_0.1;804;4266;1.3851155822591795e-05;0.0037217140973739233;0.09996829151450815;0.0674176335630364
Fidelity (MAX_ERROR);Tolerancja_1.0;804;10;0.023344770662577674;0.15278995602649303;0.9835650090731365;2.767740078361971
Fidelity (MAX_ERROR);Tolerancja_0.01;805;4880;8.21913759839809e-07;0.0009065945950863643;0.009949666218934006;0.014459659057934003
Fidelity (MAX_ERROR);Tolerancja_0.1;805;3794;8.707812076340485e-06;0.002950900214568511;0.09999784828174008;0.047065150451928536
Fidelity (MAX_ERROR);Tolerancja_1.0;805;2;0.11589212748176382;0.3404293281751204;0.755637882937056;5.42965074512146
Fidelity (MAX_ERROR);Tolerancja_0.01;806;4841;6.229572174554784e-07;0.000789276388507523;0.009948304790297513;0.014485320430124488
Fidelity (MAX_ERROR);Tolerancja_0.1;806;3403;6.835190014230991e-06;0.002614419632390904;0.09997520023131123;0.0479815520461747
Fidelity (MAX_ERROR);Tolerancja_1.0;806;8;0.07033629441570025;0.2652099063302505;0.9609991775819662;4.867306979372996
Fidelity (MAX_ERROR);Tolerancja_0.01;807;4944;1.745449698023662e-06;0.0013211546836096302;0.009930552294633799;0.023824392077307074
Fidelity (MAX_ERROR);Tolerancja_0.1;807;4437;1.7891269192245648e-05;0.004229807228733438;0.09984253769023255;0.07627614470808554
Fidelity (MAX_ERROR);Tolerancja_1.0;807;68;0.004907071989130195;0.07005049599489067;0.9992604235275655;1.2632211068823096
Fidelity (MAX_ERROR);Tolerancja_0.01;808;4970;3.107878563976315e-06;0.0017629176282448124;0.009737243811099638;0.03200477086870078
Fidelity (MAX_ERROR);Tolerancja_0.1;808;4692;3.249590795551187e-05;0.005700518218154545;0.09996912075658759;0.10348967897413021
Fidelity (MAX_ERROR);Tolerancja_1.0;808;1920;0.00048666560084531144;0.022060498653596012;0.9998262800548545;0.40049585604323884
Fidelity (MAX_ERROR);Tolerancja_0.01;809;4394;1.667577642977441e-07;0.0004083598465786568;0.009997226854586927;0.007127292655437925
Fidelity (MAX_ERROR);Tolerancja_0.1;809;99;2.8851705778473468e-05;0.0053713783871994596;0.09983102936042787;0.0937491431868552
Fidelity (MAX_ERROR);Tolerancja_1.0;809;4;0.20577056789997095;0.4536194086455858;0.808028481436545;7.917228656762743
Fidelity (MAX_ERROR);Tolerancja_0.01;810;4884;8.522589140621542e-07;0.0009231787010444696;0.009962255865389125;0.016790763440407103
Fidelity (MAX_ERROR);Tolerancja_0.1;810;3836;8.985323644866493e-06;0.0029975529427962557;0.09997233694019858;0.05451945793988117
Fidelity (MAX_ERROR);Tolerancja_1.0;810;2;0.19920256179151066;0.4463211419947644;0.9298204888977297;8.117683721697395
Fidelity (MAX_ERROR);Tolerancja_0.01;811;4944;1.7665846136596215e-06;0.0013291292689801176;0.009990489941083425;0.025097920443364532
Fidelity (MAX_ERROR);Tolerancja_0.1;811;4440;1.7992965546803223e-05;0.0042418115878481944;0.0999059448481594;0.08009804031269763
Fidelity (MAX_ERROR);Tolerancja_1.0;811;20;0.01598237978123614;0.1264214371902018;0.996288962551823;2.387213378703313
Fidelity (MAX_ERROR);Tolerancja_0.01;812;3491;7.036111582026693e-08;0.00026525669797437145;0.00999332535078068;0.005974782641665601
Fidelity (MAX_ERROR);Tolerancja_0.1;812;108;1.9346625987489875e-05;0.004398479963292987;0.09994699217161518;0.09907369704547858
Fidelity (MAX_ERROR);Tolerancja_1.0;812;8;0.1665055686120041;0.4080509387466277;0.9240074443728767;9.191155904286573
Fidelity (MAX_ERROR);Tolerancja_0.01;813;4949;1.9069380166611164e-06;0.0013809192650771139;0.009861315776574564;0.023808633983852488
Fidelity (MAX_ERROR);Tolerancja_0.1;813;4483;1.9501250168481517e-05;0.004416021984601245;0.09996820474941881;0.07613729039412429
Fidelity (MAX_ERROR);Tolerancja_1.0;813;71;0.005373986601832223;0.07330747984914106;0.9995674825396454;1.2639051392402556
Fidelity (MAX_ERROR);Tolerancja_0.01;814;4946;1.8052811659507249e-06;0.0013436075193116199;0.009919023319999276;0.0252734443045247
Fidelity (MAX_ERROR);Tolerancja_0.1;814;4456;1.8518221313217428e-05;0.004303280296845353;0.09992673648063999;0.08094530087536327
Fidelity (MAX_ERROR);Tolerancja_1.0;814;39;0.009366914383803302;0.09678282070596674;0.9982397963716529;1.8204983178422853
Fidelity (MAX_ERROR);Tolerancja_0.01;815;3621;7.705429077622223e-08;0.0002775865464611393;0.009994452176309565;0.004774344078743684
Fidelity (MAX_ERROR);Tolerancja_0.1;815;32;5.395552834299078e-05;0.007345442692104458;0.09816337008272047;0.1263377900330251
Fidelity (MAX_ERROR);Tolerancja_1.0;815;2;0.22669695733504214;0.4761270390715509;0.87365318128992;8.189137185145452
Fidelity (MAX_ERROR);Tolerancja_0.01;816;4904;1.0334483083672695e-06;0.0010165865965904082;0.009985020137992962;0.019599160768520047
Fidelity (MAX_ERROR);Tolerancja_0.1;816;4039;1.0724115116119747e-05;0.003274769475263831;0.09995883380436688;0.06313552986120834
Fidelity (MAX_ERROR);Tolerancja_1.0;816;4;0.13303259224033648;0.36473633249285226;0.9774138837524902;7.03189088133138
Fidelity (MAX_ERROR);Tolerancja_0.01;817;4935;1.5265389325731892e-06;0.0012355318419908041;0.009960488194225903;0.021889422109923506
Fidelity (MAX_ERROR);Tolerancja_0.1;817;4348;1.551576604806653e-05;0.003939005718206884;0.09991564135071851;0.069785784492857
Fidelity (MAX_ERROR);Tolerancja_1.0;817;20;0.013217180362882306;0.11496599655064234;0.9933972778335658;2.0368064514874322
Fidelity (MAX_ERROR);Tolerancja_0.01;818;4864;7.230032903314036e-07;0.0008502960015967402;0.009931366599329472;0.01515220509636866
Fidelity (MAX_ERROR);Tolerancja_0.1;818;3631;7.786480903039041e-06;0.002790426652510157;0.09999217105387626;0.04972517436964205
Fidelity (MAX_ERROR);Tolerancja_1.0;818;10;0.1474620087330096;0.3840078237914035;0.7550737431918177;6.842987963922057
Fidelity (MAX_ERROR);Tolerancja_0.01;819;4856;6.895531845277712e-07;0.0008303933914282864;0.009978753961085829;0.014235147545390682
Fidelity (MAX_ERROR);Tolerancja_0.1;819;3559;7.434690498778287e-06;0.0027266628868964143;0.09993356150866362;0.046742241571491865
Fidelity (MAX_ERROR);Tolerancja_1.0;819;13;0.014291957782239715;0.11954897650017635;0.9618392068754709;2.0493868772887778
Fidelity (MAX_ERROR);Tolerancja_0.01;820;4079;1.1145672491001475e-07;0.0003338513515174302;0.009998909005892287;0.006295589006003461
Fidelity (MAX_ERROR);Tolerancja_0.1;820;83;2.248066261835399e-05;0.004741377713107656;0.09983016331158634;0.0894103476540575
Fidelity (MAX_ERROR);Tolerancja_1.0;820;11;0.18180288066971415;0.4263834901467389;0.8312057127959851;8.04051024717522
Fidelity (MAX_ERROR);Tolerancja_0.01;821;4927;1.352075612651138e-06;0.0011627878622737415;0.009934000751521843;0.021038317697268875
Fidelity (MAX_ERROR);Tolerancja_0.1;821;4266;1.3828853939248581e-05;0.003718716705968415;0.09989226820289865;0.06728273146343407
Fidelity (MAX_ERROR);Tolerancja_1.0;821;21;0.012150005073314313;0.11022706143826168;0.9977574551810608;1.9943379292246088
Fidelity (MAX_ERROR);Tolerancja_0.01;822;4935;1.4990676067076494e-06;0.0012243641642532869;0.009870457243307484;0.02298691628406419
Fidelity (MAX_ERROR);Tolerancja_0.1;822;4342;1.538092266394937e-05;0.0039218519431448925;0.09992327045431093;0.07363110169967073
Fidelity (MAX_ERROR);Tolerancja_1.0;822;22;0.01373363133677984;0.1171905769965309;0.9915226322220887;2.200203224947665
Fidelity (MAX_ERROR);Tolerancja_0.01;823;4923;1.266384090267254e-06;0.0011253373228802348;0.009873841876569145;0.018841829990242906
Fidelity (MAX_ERROR);Tolerancja_0.1;823;4221;1.3071387787914282e-05;0.0036154374269117538;0.09990301587148753;0.06053425577664096
Fidelity (MAX_ERROR);Tolerancja_1.0;823;19;0.0192221784174997;0.13864407097853013;0.9820764470099679;2.3213555272889965
Fidelity (MAX_ERROR);Tolerancja_0.01;824;4881;8.277253662388372e-07;0.0009097941339879243;0.009922388519790104;0.015874104853202082
Fidelity (MAX_ERROR);Tolerancja_0.1;824;3801;8.75396971384002e-06;0.0029587108195699052;0.0999941322148965;0.05162364102556362
Fidelity (MAX_ERROR);Tolerancja_1.0;824;4;0.242143183905967;0.4920804648692803;0.9348685433252868;8.585829039485825
Fidelity (MAX_ERROR);Tolerancja_0.01;825;291;1.0361313813780047e-07;0.0003218899472456393;0.009985349989676706;0.0057043515350192475
Fidelity (MAX_ERROR);Tolerancja_0.1;825;29;0.00011243884543475033;0.010603718472062068;0.09695399551653239;0.187913099680806
Fidelity (MAX_ERROR);Tolerancja_1.0;825;8;0.1714720526216925;0.414091840805506;0.9583089369465458;7.338301329228086
Fidelity (MAX_ERROR);Tolerancja_0.01;826;4805;5.124330160210787e-07;0.0007158442679948472;0.009990015337025149;0.012590299142625853
Fidelity (MAX_ERROR);Tolerancja_0.1;826;3050;5.8696839188969564e-06;0.0024227430567224737;0.09995963413272602;0.0426113069471072
Fidelity (MAX_ERROR);Tolerancja_1.0;826;9;0.12226796699016472;0.3496683671568887;0.8949942877825663;6.149981972406389
Fidelity (MAX_ERROR);Tolerancja_0.01;827;4935;1.5300489788107352e-06;0.0012369514860376437;0.009971929495542042;0.021988622433496065
Fidelity (MAX_ERROR);Tolerancja_0.1;827;4349;1.5539167104950606e-05;0.003941975025916654;0.09987349439650739;0.07007437354298494
Fidelity (MAX_ERROR);Tolerancja_1.0;827;9;0.22662078682884457;0.47604704266368947;0.9857570762291727;8.462432682178534
Fidelity (MAX_ERROR);Tolerancja_0.01;828;4925;1.3149743224149908e-06;0.0011467232981042074;0.009929996554094878;0.01906704742087542
Fidelity (MAX_ERROR);Tolerancja_0.1;828;4245;1.3488870155520594e-05;0.003672719721884668;0.09996225280685422;0.06106784541356344
Fidelity (MAX_ERROR);Tolerancja_1.0;828;3;0.3060770762084985;0.5532423304561017;0.9376167657977961;9.198991393548472
Fidelity (MAX_ERROR);Tolerancja_0.01;829;4914;1.1354231667861297e-06;0.001065562371138419;0.009909283497432142;0.01869795996128904
Fidelity (MAX_ERROR);Tolerancja_0.1;829;4133;1.1804205900936323e-05;0.003435724945471672;0.09990485659214432;0.06028839719611893
Fidelity (MAX_ERROR);Tolerancja_1.0;829;10;0.16008557021463352;0.4001069484708226;0.8325419552661026;7.020878275523447
Fidelity (MAX_ERROR);Tolerancja_0.01;830;4897;9.592065346463476e-07;0.0009793908998180184;0.009938008208553839;0.01634156698272512
Fidelity (MAX_ERROR);Tolerancja_0.1;830;3964;9.995024856261878e-06;0.0031614909230079846;0.09997047192997766;0.052750863514468165
Fidelity (MAX_ERROR);Tolerancja_1.0;830;9;0.13377969312058055;0.3657590643040587;0.7670638714482934;6.102850506344551
Fidelity (MAX_ERROR);Tolerancja_0.01;831;4819;5.485884434567545e-07;0.0007406675660893722;0.009959377386333124;0.012800362829694408
Fidelity (MAX_ERROR);Tolerancja_0.1;831;3185;6.179897939301894e-06;0.0024859400514296182;0.09996897237963598;0.04296250583669899
Fidelity (MAX_ERROR);Tolerancja_1.0;831;8;0.036311871069569075;0.19055673976422108;0.9559388058771798;3.2932391268383987
Fidelity (MAX_ERROR);Tolerancja_0.01;832;4933;1.486223325118044e-06;0.00121910759374144;0.00997809207520195;0.02239780002229711
Fidelity (MAX_ERROR);Tolerancja_0.1;832;4329;1.5106652072040714e-05;0.0038867276817447236;0.09993298606014545;0.07140809375953082
Fidelity (MAX_ERROR);Tolerancja_1.0;832;20;0.014572698698931703;0.12071743328505499;0.9777848319482372;2.2178558675249325
Fidelity (MAX_ERROR);Tolerancja_0.01;833;4965;2.8320603034695485e-06;0.0016828726343575584;0.00995580845702726;0.02786099960417321
Fidelity (MAX_ERROR);Tolerancja_0.1;833;4649;2.8516048398834026e-05;0.005340041984744504;0.09984268267436391;0.08840770512620032
Fidelity (MAX_ERROR);Tolerancja_1.0;833;1486;0.0005108231958201705;0.022601398094369528;0.999852998869657;0.3741801551139842
Fidelity (MAX_ERROR);Tolerancja_0.01;834;4617;2.6224931188582573e-07;0.000512102833311656;0.009998382140045337;0.008402961050295
Fidelity (MAX_ERROR);Tolerancja_0.1;834;1218;5.389155710806559e-06;0.0023214555155777936;0.09999659516596093;0.03809215456052954
Fidelity (MAX_ERROR);Tolerancja_1.0;834;10;0.17025089059505358;0.412614699926037;0.8031475426171899;6.770486368599304
Fidelity (MAX_ERROR);Tolerancja_0.01;835;4895;9.413672071894588e-07;0.0009702407985595425;0.00994024243131797;0.017326763982520275
Fidelity (MAX_ERROR);Tolerancja_0.1;835;3945;9.817271132475762e-06;0.003133252484635696;0.09991379862762528;0.055954281019235344
Fidelity (MAX_ERROR);Tolerancja_1.0;835;22;0.012706970843596224;0.11272520057021954;0.9880296524333998;2.0130703100325156
Fidelity (MAX_ERROR);Tolerancja_0.01;836;4871;7.689428144007235e-07;0.0008768938444308545;0.009956882567363934;0.01642535069432886
Fidelity (MAX_ERROR);Tolerancja_0.1;836;3705;8.170866755572178e-06;0.0028584728012650703;0.09996530260725223;0.05354287581007377
Fidelity (MAX_ERROR);Tolerancja_1.0;836;9;0.05943219796443693;0.24378719811433278;0.8048340228125213;4.566448093172233
Fidelity (MAX_ERROR);Tolerancja_0.01;837;4892;9.059044001327877e-07;0.0009517901029811078;0.009912391618730254;0.016978271993478344
Fidelity (MAX_ERROR);Tolerancja_0.1;837;3911;9.549035937304435e-06;0.003090151442454631;0.09995802581365609;0.055122901075254783
Fidelity (MAX_ERROR);Tolerancja_1.0;837;3;0.27451759943830223;0.5239442713097474;0.9190635028598608;9.346250102684955
Fidelity (MAX_ERROR);Tolerancja_0.01;838;4946;1.8341216633272434e-06;0.001354297479628181;0.009997939471809048;0.023741316993163925
Fidelity (MAX_ERROR);Tolerancja_0.1;838;4460;1.8672892661043296e-05;0.004321214257710823;0.09997990231624598;0.07575242443473967
Fidelity (MAX_ERROR);Tolerancja_1.0;838;14;0.02427239984297684;0.15579601998439127;0.9967033749941931;2.7311596989298326
Fidelity (MAX_ERROR);Tolerancja_0.01;839;4300;1.4479001501331887e-07;0.00038051283160140455;0.009991002185364195;0.008224786927782102
Fidelity (MAX_ERROR);Tolerancja_0.1;839;49;3.746549784339656e-05;0.006120906619398516;0.09937201855189937;0.1323034299199124
Fidelity (MAX_ERROR);Tolerancja_1.0;839;6;0.07018272940078549;0.26492023214693416;0.8351888002379084;5.726252260921288
Fidelity (MAX_ERROR);Tolerancja_0.01;840;4942;1.6770739299969472e-06;0.0012950188917529146;0.009904819059459946;0.02321054164335582
Fidelity (MAX_ERROR);Tolerancja_0.1;840;4415;1.725526227942536e-05;0.004153945387150072;0.09990209546329254;0.07445090029703466
Fidelity (MAX_ERROR);Tolerancja_1.0;840;11;0.06041387074817817;0.2457923325658841;0.9172460112604073;4.405320421940614
Fidelity (MAX_ERROR);Tolerancja_0.01;841;4889;9.010091234639388e-07;0.0009492150038131187;0.009998580055403217;0.018560897006085417
Fidelity (MAX_ERROR);Tolerancja_0.1;841;3890;9.385593966150579e-06;0.003063591677451579;0.09999254993729068;0.05990530002734175
Fidelity (MAX_ERROR);Tolerancja_1.0;841;5;0.05077646515818767;0.2253363378556323;0.9804276907236318;4.406214126267959
Fidelity (MAX_ERROR);Tolerancja_0.01;842;4905;1.0433245888301733e-06;0.0010214326159028668;0.009954220358023846;0.01799252318354909
Fidelity (MAX_ERROR);Tolerancja_0.1;842;4046;1.079335815067341e-05;0.003285324664424113;0.09996625386189706;0.05787095425564292
Fidelity (MAX_ERROR);Tolerancja_1.0;842;4;0.2246050874483539;0.47392519182710036;0.9594680586232878;8.34818652592149
Fidelity (MAX_ERROR);Tolerancja_0.01;843;4179;1.2441064548750385e-07;0.0003527189327035109;0.009999939683604353;0.006218798373940246
Fidelity (MAX_ERROR);Tolerancja_0.1;843;89;2.6427660897129347e-05;0.005140784074159247;0.0996510987275725;0.09063732245989874
Fidelity (MAX_ERROR);Tolerancja_1.0;843;13;0.12622704059910342;0.3552844502635929;0.8988656728789701;6.26403109311601
Fidelity (MAX_ERROR);Tolerancja_0.01;844;4941;1.664925935407195e-06;0.0012903200902904656;0.009910571953475333;0.022991037069227168
Fidelity (MAX_ERROR);Tolerancja_0.1;844;4405;1.698674201250128e-05;0.004121497544885995;0.09994834839734867;0.07343720643291826
Fidelity (MAX_ERROR);Tolerancja_1.0;844;26;0.011989474677084382;0.10949645965548102;0.9983946563337254;1.9510175667508962
Fidelity (MAX_ERROR);Tolerancja_0.01;845;4940;1.6282719150108988e-06;0.0012760375836984186;0.009925011278991924;0.023615922484374923
Fidelity (MAX_ERROR);Tolerancja_0.1;845;4396;1.6714160560946767e-05;0.004088295556946289;0.0999136022123226;0.07566303077549204
Fidelity (MAX_ERROR);Tolerancja_1.0;845;4;0.2928058538160582;0.5411153793933954;0.9753364017871542;10.014547391166618
Fidelity (MAX_ERROR);Tolerancja_0.01;846;4896;9.415297752747832e-07;0.0009703245721276892;0.009917535340580486;0.01687034242087169
Fidelity (MAX_ERROR);Tolerancja_0.1;846;3952;9.885093659881814e-06;0.0031440568792376854;0.09994110890940533;0.05466347824947903
Fidelity (MAX_ERROR);Tolerancja_1.0;846;6;0.20456238479931008;0.4522857335792387;0.9639312509140625;7.8635700019692045
Fidelity (MAX_ERROR);Tolerancja_0.01;847;4980;4.579712324953625e-06;0.002140026243987121;0.009692349714084614;0.03877022509068927
Fidelity (MAX_ERROR);Tolerancja_0.1;847;4794;4.8329684058155685e-05;0.006951955412555211;0.09983149539797775;0.1259465284234258
Fidelity (MAX_ERROR);Tolerancja_1.0;847;2938;0.0005655243262748444;0.023780755376456072;0.9996376785683392;0.43082894023488866
Fidelity (MAX_ERROR);Tolerancja_0.01;848;4840;6.22868417530496e-07;0.000789220132491877;0.009994397782736364;0.014952302369214207
Fidelity (MAX_ERROR);Tolerancja_0.1;848;3400;6.825465503033898e-06;0.0026125591865130823;0.09996186354611147;0.04949667818390829
Fidelity (MAX_ERROR);Tolerancja_1.0;848;7;0.20580196451372243;0.4536540141051575;0.9767095166786945;8.594778200210062
Fidelity (MAX_ERROR);Tolerancja_0.01;849;4420;1.7381176785755508e-07;0.00041690738522788854;0.009990109188986906;0.007043600252285946
Fidelity (MAX_ERROR);Tolerancja_0.1;849;104;2.9542366996893605e-05;0.005435289044466136;0.09983987583791798;0.09182855627256888
Fidelity (MAX_ERROR);Tolerancja_1.0;849;4;0.2415615386708937;0.49148910330839857;0.957662664416695;8.303649430835874
Fidelity (MAX_ERROR);Tolerancja_0.01;850;4961;2.438113225825802e-06;0.0015614458766879504;0.00975098334430946;0.025270148539642254
Fidelity (MAX_ERROR);Tolerancja_0.1;850;4601;2.5073991858404537e-05;0.005007393719132193;0.09976090568995133;0.0810387250484445
Fidelity (MAX_ERROR);Tolerancja_1.0;850;1010;0.0006056532322736676;0.02461002300433032;0.9999149350632575;0.39828401750470954
Fidelity (MAX_ERROR);Tolerancja_0.01;851;4914;1.1380079189011068e-06;0.0010667745398635583;0.009920556465278452;0.01819695747083687
Fidelity (MAX_ERROR);Tolerancja_0.1;851;4134;1.1809552402590311e-05;0.0034365029321375986;0.09990340759771943;0.058619600831973574
Fidelity (MAX_ERROR);Tolerancja_1.0;851;11;0.03622887508407298;0.19033884281478908;0.9857907684049607;3.2467852374804678
Fidelity (MAX_ERROR);Tolerancja_0.01;852;4960;2.4080280440212683e-06;0.0015517822153966285;0.009876001811838897;0.02691707294855981
Fidelity (MAX_ERROR);Tolerancja_0.1;852;4595;2.4822736880144584e-05;0.004982242153904664;0.0999969451607825;0.08642151854393071
Fidelity (MAX_ERROR);Tolerancja_1.0;852;977;0.0006122863812018791;0.02474442121371763;0.9999857313632861;0.4292144762783544
Fidelity (MAX_ERROR);Tolerancja_0.01;853;4967;2.8697001078177102e-06;0.001694018921918439;0.00973122404423954;0.031522881178268805
Fidelity (MAX_ERROR);Tolerancja_0.1;853;4661;2.959055180219663e-05;0.005439719827545958;0.09996663267882688;0.10122415962899146
Fidelity (MAX_ERROR);Tolerancja_1.0;853;1612;0.0004988478225999175;0.02233490144594145;0.999850199684019;0.4156154546440506
Fidelity (MAX_ERROR);Tolerancja_0.01;854;1901;4.591253456113812e-08;0.0002142721040199543;0.009999968537801607;0.0038583372120034945
Fidelity (MAX_ERROR);Tolerancja_0.1;854;25;0.0001212538637870543;0.011011533216907366;0.09865690735977939;0.1982815661718133
Fidelity (MAX_ERROR);Tolerancja_1.0;854;3;0.2177262590742367;0.4666114647908222;0.9927875061191731;8.402140756419833
Fidelity (MAX_ERROR);Tolerancja_0.01;855;4975;3.7367114730859846e-06;0.001933057545208105;0.009665188585969986;0.034194482970036175
Fidelity (MAX_ERROR);Tolerancja_0.1;855;4742;3.857151769897575e-05;0.00621059720952629;0.0997448241945662;0.10986127187022686
Fidelity (MAX_ERROR);Tolerancja_1.0;855;2414;0.0005020378554948868;0.02240620127319414;0.9998746479788698;0.3963505741247644
Fidelity (MAX_ERROR);Tolerancja_0.01;856;4848;6.489459613342214e-07;0.0008055718225796018;0.0099444127672621;0.014117652837220026
Fidelity (MAX_ERROR);Tolerancja_0.1;856;3473;7.088201205821698e-06;0.0026623675940451383;0.0999443696299247;0.04665801405197479
Fidelity (MAX_ERROR);Tolerancja_1.0;856;4;0.15655738668454003;0.3956733332997563;0.9457120525081262;6.934178430650902
Fidelity (MAX_ERROR);Tolerancja_0.01;857;3686;8.014616232878137e-08;0.00028310097549952274;0.009992385085924482;0.004940385444401346
Fidelity (MAX_ERROR);Tolerancja_0.1;857;57;3.6692818304714314e-05;0.006057459723738517;0.09886721184729375;0.105708522538297
Fidelity (MAX_ERROR);Tolerancja_1.0;857;9;0.1209677012149341;0.34780411328064265;0.8843862512370855;6.069517689660877
Fidelity (MAX_ERROR);Tolerancja_0.01;858;4842;6.277719996054398e-07;0.0007923206419155315;0.009971047561625035;0.014143909356746228
Fidelity (MAX_ERROR);Tolerancja_0.1;858;3416;6.883914205326101e-06;0.0026237214420220187;0.0999713421075894;0.0468366924829748
Fidelity (MAX_ERROR);Tolerancja_1.0;858;5;0.27175669617207315;0.5213028833337421;0.7414844798864486;9.305905133882602
Fidelity (MAX_ERROR);Tolerancja_0.01;859;4697;3.2946943055701823e-07;0.0005739942774601662;0.009976508019554409;0.01098233976763022
Fidelity (MAX_ERROR);Tolerancja_0.1;859;1971;4.841765117836991e-06;0.002200401126576014;0.09998064692697906;0.04210068592332112
Fidelity (MAX_ERROR);Tolerancja_1.0;859;5;0.20395672398645898;0.4516156817322213;0.8284273612791111;8.64084722781475
Fidelity (MAX_ERROR);Tolerancja_0.01;860;4491;1.9750934457078567e-07;0.00044442023420495345;0.00998772854122354;0.007946722974319802
Fidelity (MAX_ERROR);Tolerancja_0.1;860;557;7.0952821661858835e-06;0.002663697086041482;0.09997253225179126;0.04762983591001993
Fidelity (MAX_ERROR);Tolerancja_1.0;860;10;0.10148182706334294;0.3185621243389473;0.9286816291897484;5.696241434103944
Fidelity (MAX_ERROR);Tolerancja_0.01;861;4959;2.43406176778396e-06;0.0015601479954747755;0.009989546694541218;0.028555470062626032
Fidelity (MAX_ERROR);Tolerancja_0.1;861;4590;2.4444601303190452e-05;0.004944148187826742;0.09989679926067918;0.09049300192813403
Fidelity (MAX_ERROR);Tolerancja_1.0;861;912;0.000641100578852974;0.025319964037355466;0.9999903661506497;0.46343262123376017
Fidelity (MAX_ERROR);Tolerancja_0.01;862;4668;3.0136554755036077e-07;0.0005489677108449647;0.009992271890110871;0.009936959272961444
Fidelity (MAX_ERROR);Tolerancja_0.1;862;1689;4.913886183735166e-06;0.0022167287122548773;0.09997809072176178;0.04012538897593165
Fidelity (MAX_ERROR);Tolerancja_1.0;862;5;0.0973836624700485;0.3120635551775447;0.7415002833002813;5.648716267122255
Fidelity (MAX_ERROR);Tolerancja_0.01;863;4927;1.3514936045650222e-06;0.0011625375712487843;0.009931858026785534;0.024098643469409278
Fidelity (MAX_ERROR);Tolerancja_0.1;863;4266;1.3822896197491775e-05;0.0037179155715927406;0.09986615452728387;0.07706995801687055
Fidelity (MAX_ERROR);Tolerancja_1.0;863;14;0.04569092546910248;0.21375435777804036;0.9531795475427458;4.4309880261265
Fidelity (MAX_ERROR);Tolerancja_0.01;864;4682;3.13119784216512e-07;0.0005595710716401554;0.009970065792294314;0.012260449832600277
Fidelity (MAX_ERROR);Tolerancja_0.1;864;1822;4.854114239785887e-06;0.00220320544656777;0.09999273576530676;0.04827320642109011
Fidelity (MAX_ERROR);Tolerancja_1.0;864;6;0.047577175093051344;0.2181219271257508;0.7340439380917805;4.779147958947941
Fidelity (MAX_ERROR);Tolerancja_0.01;865;4961;2.5343168944283718e-06;0.0015919537978309457;0.00994150046197717;0.02827197848447155
Fidelity (MAX_ERROR);Tolerancja_0.1;865;4608;2.5568433778206822e-05;0.00505652388288702;0.09992560307151166;0.08980030363819608
Fidelity (MAX_ERROR);Tolerancja_1.0;865;1085;0.0005831667456064935;0.024148845637141612;0.9999671427574821;0.42886649424645795
Fidelity (MAX_ERROR);Tolerancja_0.01;866;4933;1.4737030832292667e-06;0.0012139617305455994;0.009935975846697254;0.021133310213641832
Fidelity (MAX_ERROR);Tolerancja_0.1;866;4326;1.5036906300266478e-05;0.00387774500196525;0.09995755794631656;0.0675059073065669
Fidelity (MAX_ERROR);Tolerancja_1.0;866;24;0.013179661088104285;0.11480270505569233;0.9982070998508616;1.9985483217965745
Fidelity (MAX_ERROR);Tolerancja_0.01;867;4921;1.2522192560466758e-06;0.0011190260301023724;0.009945106711763962;0.018357265565248037
Fidelity (MAX_ERROR);Tolerancja_0.1;867;4206;1.2842220776411211e-05;0.0035836044391661325;0.09996164539599128;0.05878788929025734
Fidelity (MAX_ERROR);Tolerancja_1.0;867;15;0.01474088385534074;0.12141204164060804;0.9639846655101421;1.9917258680852103
Fidelity (MAX_ERROR);Tolerancja_0.01;868;4938;1.5835164927430479e-06;0.001258378517276518;0.009948060449482377;0.022722572154687325
Fidelity (MAX_ERROR);Tolerancja_0.1;868;4377;1.624714990483977e-05;0.004030775347850556;0.09996244038777657;0.07278381061295815
Fidelity (MAX_ERROR);Tolerancja_1.0;868;17;0.03263496197085906;0.1806514931321052;0.9634802171248316;3.2620285003198712
Fidelity (MAX_ERROR);Tolerancja_0.01;869;4959;2.341738475926351e-06;0.0015302739872082877;0.009798264104232679;0.026008811872634843
Fidelity (MAX_ERROR);Tolerancja_0.1;869;4582;2.3982117662208635e-05;0.00489715403701054;0.09989495938208792;0.08323291065823038
Fidelity (MAX_ERROR);Tolerancja_1.0;869;822;0.0006878442586994208;0.026226785138469044;0.9999846364582998;0.4457551565225759
Fidelity (MAX_ERROR);Tolerancja_0.01;870;4728;3.654606792588536e-07;0.0006045334393223038;0.009967477642097045;0.010808358763080426
Fidelity (MAX_ERROR);Tolerancja_0.1;870;2279;4.913515441761968e-06;0.0022166450870091873;0.09998574087050116;0.039631050645722324
Fidelity (MAX_ERROR);Tolerancja_1.0;870;5;0.21075257367577205;0.4590779603463578;0.9331757145932444;8.207783015624459
Fidelity (MAX_ERROR);Tolerancja_0.01;871;4837;6.097146609701675e-07;0.0007808422766283647;0.009964803296769631;0.014092705205474333
Fidelity (MAX_ERROR);Tolerancja_0.1;871;3365;6.711411620037816e-06;0.002590639230004405;0.09999290491847113;0.04675606848521766
Fidelity (MAX_ERROR);Tolerancja_1.0;871;7;0.213795509564024;0.46238026511089764;0.916650349425375;8.345076802415855
Fidelity (MAX_ERROR);Tolerancja_0.01;872;4967;2.9043195077138887e-06;0.0017042064158176054;0.00978974530924992;0.028273449431258573
Fidelity (MAX_ERROR);Tolerancja_0.1;872;4663;2.97695108072136e-05;0.0054561443169342215;0.09997406944006038;0.09051956324227269
Fidelity (MAX_ERROR);Tolerancja_1.0;872;1630;0.0004981952993961168;0.022320288963096263;0.9997474405026097;0.3703023034251517
Fidelity (MAX_ERROR);Tolerancja_0.01;873;4654;2.8868154836143914e-07;0.0005372909345610059;0.009981818068560244;0.009489691840092629
Fidelity (MAX_ERROR);Tolerancja_0.1;873;1539;5.045484690404711e-06;0.0022462156375568022;0.09998541745908618;0.0396729087272381
Fidelity (MAX_ERROR);Tolerancja_1.0;873;3;0.1823501548702633;0.42702477079235496;0.9241894141728695;7.5421586746416995
Fidelity (MAX_ERROR);Tolerancja_0.01;874;4179;1.2437208449077956e-07;0.0003526642659680444;0.00999369875244227;0.00630189944222931
Fidelity (MAX_ERROR);Tolerancja_0.1;874;28;7.080859208370412e-05;0.008414784137677218;0.09915248596711823;0.15036715817562638
Fidelity (MAX_ERROR);Tolerancja_1.0;874;5;0.23135898714462996;0.4809979076301995;0.9510819285577092;8.595144839774843
Fidelity (MAX_ERROR);Tolerancja_0.01;875;4678;3.1030148758327246e-07;0.0005570471143299034;0.009986692341460213;0.009022022160773397
Fidelity (MAX_ERROR);Tolerancja_0.1;875;1782;4.883743584001746e-06;0.0022099193614251505;0.09998001114849053;0.035792199509522886
Fidelity (MAX_ERROR);Tolerancja_1.0;875;5;0.15691210797758295;0.39612132986950216;0.6084515550666376;6.415642994106125
Fidelity (MAX_ERROR);Tolerancja_0.01;876;4893;9.20347498735307e-07;0.00095934743379826;0.009921714775237511;0.01663971331128314
Fidelity (MAX_ERROR);Tolerancja_0.1;876;3922;9.635383568842443e-06;0.00310409142404705;0.09997687944106204;0.05383992239772561
Fidelity (MAX_ERROR);Tolerancja_1.0;876;6;0.1594256449941361;0.3992814107795855;0.9102671152436237;6.925466178183494
Fidelity (MAX_ERROR);Tolerancja_0.01;877;4340;1.5351792228901878e-07;0.0003918136320867598;0.009998982800820677;0.006750478448560359
Fidelity (MAX_ERROR);Tolerancja_0.1;877;74;3.561731612864239e-05;0.005968024474534466;0.09988922237673314;0.10282189616849487
Fidelity (MAX_ERROR);Tolerancja_1.0;877;4;0.1392341715129669;0.37314095394765623;0.9113925652464241;6.428770623634524
Fidelity (MAX_ERROR);Tolerancja_0.01;878;4912;1.1254809075443423e-06;0.0010608868495482174;0.00997914135474609;0.01845441184034737
Fidelity (MAX_ERROR);Tolerancja_0.1;878;4119;1.1627565793355737e-05;0.0034099216696803665;0.09990898120794345;0.059316503793410746
Fidelity (MAX_ERROR);Tolerancja_1.0;878;8;0.1663672138706105;0.4078813723015682;0.8321303315260291;7.095206081275005
Fidelity (MAX_ERROR);Tolerancja_0.01;879;4301;1.45229258831592e-07;0.00038108956799103277;0.0099944756938104;0.006054540742230904
Fidelity (MAX_ERROR);Tolerancja_0.1;879;14;0.0007335153187972615;0.027083487936328688;0.09780918705942554;0.43028750961789564
Fidelity (MAX_ERROR);Tolerancja_1.0;879;4;0.12223858064537994;0.3496263443240225;0.9421498801611845;5.554670408392956
Fidelity (MAX_ERROR);Tolerancja_0.01;880;4861;7.192122663242318e-07;0.0008480638338735073;0.009995352347061726;0.016048517550280018
Fidelity (MAX_ERROR);Tolerancja_0.1;880;3610;7.679034182202008e-06;0.0027711070318921296;0.09995960209659582;0.05243963727576956
Fidelity (MAX_ERROR);Tolerancja_1.0;880;4;0.23012012000117496;0.47970836974267494;0.9298446100348929;9.077864051422123
Fidelity (MAX_ERROR);Tolerancja_0.01;881;3718;8.14878068015431e-08;0.0002854606922179358;0.009992287668941557;0.0051714482124342485
Fidelity (MAX_ERROR);Tolerancja_0.1;881;116;1.7379690316800956e-05;0.004168895575185466;0.09954355214780808;0.0755243301717298
Fidelity (MAX_ERROR);Tolerancja_1.0;881;9;0.20227118087931004;0.4497456846700255;0.9022827360815464;8.147659486725948
Fidelity (MAX_ERROR);Tolerancja_0.01;882;4897;9.670953591810252e-07;0.0009834100666461702;0.00997879321317896;0.01747971300572629
Fidelity (MAX_ERROR);Tolerancja_0.1;882;3968;1.0035430670184088e-05;0.0031678747876429853;0.09999515647051549;0.056307682831559645
Fidelity (MAX_ERROR);Tolerancja_1.0;882;6;0.21540870632326636;0.4641214348888299;0.9688158138903402;8.249569286320485
Fidelity (MAX_ERROR);Tolerancja_0.01;883;4727;3.6653875619984333e-07;0.0006054244430148516;0.009991059477786557;0.011768618104498712
Fidelity (MAX_ERROR);Tolerancja_0.1;883;2271;4.92552958571747e-06;0.0022193534161366615;0.09999091805347149;0.04314117656591917
Fidelity (MAX_ERROR);Tolerancja_1.0;883;2;0.19297481998620042;0.4392889937002752;0.9609075986818203;8.539173573210453
Fidelity (MAX_ERROR);Tolerancja_0.01;884;4915;1.1600340917318481e-06;0.0010770487879998047;0.009928719924177543;0.018040656258104082
Fidelity (MAX_ERROR);Tolerancja_0.1;884;4144;1.1962048072900788e-05;0.0034586193882676346;0.09998893433559441;0.057932160740114896
Fidelity (MAX_ERROR);Tolerancja_1.0;884;9;0.05943910266453308;0.24380135902929886;0.9458084395016346;4.083692923209527
Fidelity (MAX_ERROR);Tolerancja_0.01;885;4913;1.1273646927305272e-06;0.0010617743134633307;0.009902346524437888;0.019656926161242053
Fidelity (MAX_ERROR);Tolerancja_0.1;885;4122;1.1665017617086925e-05;0.003415408850648327;0.0999425083239398;0.06323042358093867
Fidelity (MAX_ERROR);Tolerancja_1.0;885;11;0.022782207567111447;0.1509377605740573;0.9554734906977291;2.794353166135379
Fidelity (MAX_ERROR);Tolerancja_0.01;886;4879;8.168483585825941e-07;0.0009037966356335888;0.009939369863448455;0.015093427978678214
Fidelity (MAX_ERROR);Tolerancja_0.1;886;3783;8.636774800788866e-06;0.0029388390226055025;0.09997036005260185;0.04907869024930539
Fidelity (MAX_ERROR);Tolerancja_1.0;886;2;0.15331505239821927;0.3915546608051286;0.5537312020942187;6.5389733039169435
Fidelity (MAX_ERROR);Tolerancja_0.01;887;4727;3.6687106772774716e-07;0.00060569882592568;0.009995740953175236;0.010556074936399753
Fidelity (MAX_ERROR);Tolerancja_0.1;887;2278;4.906724375575027e-06;0.002215112722995159;0.09999458378905501;0.038604822884993534
Fidelity (MAX_ERROR);Tolerancja_1.0;887;9;0.14534524486992317;0.3812417144934735;0.7738075395788995;6.644252778473153
Fidelity (MAX_ERROR);Tolerancja_0.01;888;4584;2.410348997405849e-07;0.0004909530524811766;0.009991235877866878;0.009061458089759541
Fidelity (MAX_ERROR);Tolerancja_0.1;888;865;6.590359095068225e-06;0.0025671694714350718;0.09999403492518066;0.04738192064833113
Fidelity (MAX_ERROR);Tolerancja_1.0;888;4;0.2103405541615426;0.45862899402626367;0.8764677920977482;8.464857051228753
Fidelity (MAX_ERROR);Tolerancja_0.01;889;4880;8.29877267017461e-07;0.0009109759969491298;0.009997760650987786;0.017891939243708077
Fidelity (MAX_ERROR);Tolerancja_0.1;889;3800;8.74399098402977e-06;0.0029570240080239066;0.09999138779202621;0.058077154690064
Fidelity (MAX_ERROR);Tolerancja_1.0;889;6;0.22439888812089148;0.4737075977023078;0.9981831000636365;9.303809963991712
Fidelity (MAX_ERROR);Tolerancja_0.01;890;4864;7.280369703699025e-07;0.0008532508250039389;0.009965879628293095;0.014833263117347261
Fidelity (MAX_ERROR);Tolerancja_0.1;890;3636;7.804951835059227e-06;0.0027937343887813005;0.09997398248540978;0.048567427132089856
Fidelity (MAX_ERROR);Tolerancja_1.0;890;9;0.17072887187081204;0.41319350414885764;0.8577079886850605;7.183125741941625
Fidelity (MAX_ERROR);Tolerancja_0.01;891;4673;3.055582345165556e-07;0.0005527732215986549;0.009978712434346448;0.010489838317274082
Fidelity (MAX_ERROR);Tolerancja_0.1;891;1748;4.842539079217136e-06;0.002200576987795959;0.09999096127164453;0.041759795707784333
Fidelity (MAX_ERROR);Tolerancja_1.0;891;8;0.12272248336691696;0.35031768920069817;0.7844257057975073;6.647890628219495
Fidelity (MAX_ERROR);Tolerancja_0.01;892;4933;1.4755260914200587e-06;0.0012147123492498373;0.009942117251690696;0.021517639606706246
Fidelity (MAX_ERROR);Tolerancja_0.1;892;4327;1.5043980373748637e-05;0.003878657032240494;0.0998686313700965;0.06870724927536086
Fidelity (MAX_ERROR);Tolerancja_1.0;892;11;0.053992091976464006;0.23236198479197068;0.861503919066589;4.1161032487570655
Fidelity (MAX_ERROR);Tolerancja_0.01;893;4932;1.4364046044328814e-06;0.0011985009822411;0.009918886012390438;0.02158898350172064
Fidelity (MAX_ERROR);Tolerancja_0.1;893;4315;1.4803903132201293e-05;0.0038475840643449615;0.09991916769026776;0.06930776871897175
Fidelity (MAX_ERROR);Tolerancja_1.0;893;8;0.18761151423041625;0.4331414482942221;0.9761400396895974;7.802316159682718
Fidelity (MAX_ERROR);Tolerancja_0.01;894;4628;2.685482593213278e-07;0.000518216421315774;0.009979625201891995;0.01034147429081637
Fidelity (MAX_ERROR);Tolerancja_0.1;894;1324;5.185070952766671e-06;0.002277075087204344;0.09998245884130608;0.04544107925563604
Fidelity (MAX_ERROR);Tolerancja_1.0;894;7;0.032585034317422705;0.18051325247034553;0.8301648189395725;3.6023041393283224
Fidelity (MAX_ERROR);Tolerancja_0.01;895;4931;1.446766933175202e-06;0.0012028162507944436;0.009990561295492029;0.022131853181830898
Fidelity (MAX_ERROR);Tolerancja_0.1;895;4310;1.4685333320790022e-05;0.003832144741628377;0.09990713508524163;0.07051157210191254
Fidelity (MAX_ERROR);Tolerancja_1.0;895;12;0.046828712080436846;0.21639942717215507;0.9657861183139325;3.9817556070124285
Fidelity (MAX_ERROR);Tolerancja_0.01;896;4980;4.511460413060163e-06;0.0021240198711547317;0.009619855350483819;0.03787569890834835
Fidelity (MAX_ERROR);Tolerancja_0.1;896;4793;4.795790926447563e-05;0.006925164926879044;0.09956555277315404;0.12349011665249952
Fidelity (MAX_ERROR);Tolerancja_1.0;896;2922;0.0005629365256035507;0.023726283434274967;0.9995643149808964;0.42308905852287404
Fidelity (MAX_ERROR);Tolerancja_0.01;897;4840;6.205551029827709e-07;0.0007877531992843767;0.009975815024218626;0.01160115530651823
Fidelity (MAX_ERROR);Tolerancja_0.1;897;3397;6.817796233042335e-06;0.002611091004358587;0.09995615206184905;0.03845325196842701
Fidelity (MAX_ERROR);Tolerancja_1.0;897;1;0.1448458033647618;0.38058613133528896;0.6355080194784346;5.604850378441614
Fidelity (MAX_ERROR);Tolerancja_0.01;898;4907;1.0579627613339154e-06;0.0010285731677104528;0.009917795379277727;0.018209911919609346
Fidelity (MAX_ERROR);Tolerancja_0.1;898;4063;1.0975067755113688e-05;0.0033128639807745936;0.09993091168325297;0.05865111319774774
Fidelity (MAX_ERROR);Tolerancja_1.0;898;9;0.15458336884845722;0.3931709155678446;0.8520622889289466;6.960717979625606
Fidelity (MAX_ERROR);Tolerancja_0.01;899;4942;1.6711599671515479e-06;0.001292733525190535;0.009887340049722138;0.02333395250506928
Fidelity (MAX_ERROR);Tolerancja_0.1;899;4414;1.7209447564607826e-05;0.004148427119355941;0.09989666360964922;0.0748794701209019
Fidelity (MAX_ERROR);Tolerancja_1.0;899;13;0.018572596621790238;0.1362813142796555;0.9302544039860332;2.4598895694773644
Fidelity (MAX_ERROR);Tolerancja_0.01;900;4935;1.5345377037617413e-06;0.0012387645877089566;0.009986545624304455;0.022386693939824887
Fidelity (MAX_ERROR);Tolerancja_0.1;900;4350;1.5547822852381917e-05;0.003943072767827386;0.0998656673062932;0.0712583844514525
Fidelity (MAX_ERROR);Tolerancja_1.0;900;5;0.1476107995375302;0.3842015090255766;0.9952197535003071;6.943209128767271
Fidelity (MAX_ERROR);Tolerancja_0.01;901;4522;2.1030798614806203e-07;0.0004585934868138252;0.009994387291538231;0.008109167139023505
Fidelity (MAX_ERROR);Tolerancja_0.1;901;382;1.1552197059896357e-05;0.0033988523151052556;0.0999690670094715;0.060100856851538265
Fidelity (MAX_ERROR);Tolerancja_1.0;901;8;0.11674087314927656;0.3416736354319375;0.9113711651029606;6.04170947992591
Fidelity (MAX_ERROR);Tolerancja_0.01;902;4964;2.6515063488779396e-06;0.001628344665259152;0.009838426789486654;0.031104425853088605
Fidelity (MAX_ERROR);Tolerancja_0.1;902;4635;2.738094875659406e-05;0.005232680838403395;0.09975096876891554;0.09995398187096505
Fidelity (MAX_ERROR);Tolerancja_1.0;902;1343;0.0005296338805991625;0.023013775887480145;0.9999651039045929;0.4396061233005605
Fidelity (MAX_ERROR);Tolerancja_0.01;903;4944;1.7154025379763494e-06;0.0013097337660671153;0.00984470192696918;0.020821369482453143
Fidelity (MAX_ERROR);Tolerancja_0.1;903;4432;1.7726819538659913e-05;0.004210322973200502;0.09985405229795852;0.06693321386124823
Fidelity (MAX_ERROR);Tolerancja_1.0;903;11;0.03279337292930948;0.18108940590026099;0.9855773977800713;2.8788518149985975
Fidelity (MAX_ERROR);Tolerancja_0.01;904;4819;5.482416143255383e-07;0.0007404333962791916;0.00995626466669286;0.013405511674990109
Fidelity (MAX_ERROR);Tolerancja_0.1;904;3185;6.176035964919865e-06;0.002485163166659257;0.09997942897766432;0.0449937617783304
Fidelity (MAX_ERROR);Tolerancja_1.0;904;8;0.150395757844683;0.3878089192433343;0.9448483210931871;7.021262169840779
Fidelity (MAX_ERROR);Tolerancja_0.01;905;4939;1.630634427950051e-06;0.0012769629704694066;0.009972790482173366;0.022374124425216746
Fidelity (MAX_ERROR);Tolerancja_0.1;905;4389;1.6534652542347872e-05;0.004066282398253701;0.09989258439207127;0.07124678665752801
Fidelity (MAX_ERROR);Tolerancja_1.0;905;10;0.029334927473146796;0.17127442153791322;0.9875474791862597;3.0009603308525246
Fidelity (MAX_ERROR);Tolerancja_0.01;906;4964;2.7329032227845877e-06;0.0016531494859160765;0.009988296896603632;0.030146409229000116
Fidelity (MAX_ERROR);Tolerancja_0.1;906;4640;2.7792579446736226e-05;0.005271866789547724;0.09988307896677151;0.09613640810613833
Fidelity (MAX_ERROR);Tolerancja_1.0;906;1397;0.0005220039699995435;0.02284740619850629;0.9998909043584172;0.41663942852674984
Fidelity (MAX_ERROR);Tolerancja_0.01;907;4874;7.836269352773082e-07;0.0008852270529515623;0.009953856471767608;0.01552786135726629
Fidelity (MAX_ERROR);Tolerancja_0.1;907;3735;8.338282770036414e-06;0.0028876084862800243;0.0999478333945012;0.050651845850756286
Fidelity (MAX_ERROR);Tolerancja_1.0;907;6;0.19826351183061383;0.4452679101738793;0.9626245132439375;7.810491503808594
Fidelity (MAX_ERROR);Tolerancja_0.01;908;4962;2.529073128687016e-06;0.0015903059858678192;0.009868215606435804;0.02780488677976627
Fidelity (MAX_ERROR);Tolerancja_0.1;908;4615;2.609130579197031e-05;0.005107964936446834;0.09998128433420472;0.0893075848264618
Fidelity (MAX_ERROR);Tolerancja_1.0;908;1156;0.0005646255027853467;0.02376184973408734;0.9998930259354948;0.4154518359393464
Fidelity (MAX_ERROR);Tolerancja_0.01;909;4926;1.3089955506353982e-06;0.0011441134343391822;0.009874582198514226;0.020809827918822684
Fidelity (MAX_ERROR);Tolerancja_0.1;909;4251;1.3588647686635044e-05;0.0036862782975021083;0.09995159698696554;0.06704826176279996
Fidelity (MAX_ERROR);Tolerancja_1.0;909;11;0.04913161166214212;0.22165651730130137;0.9840894497414983;4.031622952482674
Fidelity (MAX_ERROR);Tolerancja_0.01;910;4913;1.1423395958368599e-06;0.0010688028797850705;0.009967891448504851;0.01878045769007283
Fidelity (MAX_ERROR);Tolerancja_0.1;910;4128;1.1734942374252943e-05;0.003425630215632292;0.09991119807217785;0.06019342251347102
Fidelity (MAX_ERROR);Tolerancja_1.0;910;4;0.20019411085257516;0.44743056539822484;0.8902543751310548;7.862021109445837
Fidelity (MAX_ERROR);Tolerancja_0.01;911;4938;1.5604689961477989e-06;0.0012491873342888964;0.009875405250195257;0.022030364109537216
Fidelity (MAX_ERROR);Tolerancja_0.1;911;4373;1.6116184464634715e-05;0.004014496788469847;0.09987506686061565;0.07079868930699953
Fidelity (MAX_ERROR);Tolerancja_1.0;911;38;0.007971555598328293;0.08928356846771018;0.9963287493473914;1.574583305763457
Fidelity (MAX_ERROR);Tolerancja_0.01;912;4944;1.74212059121244e-06;0.001319894159094751;0.009921073793842439;0.024901801245048035
Fidelity (MAX_ERROR);Tolerancja_0.1;912;4436;1.7873329210249884e-05;0.004227686034966396;0.09992062921132394;0.07976169652982067
Fidelity (MAX_ERROR);Tolerancja_1.0;912;19;0.018043150553831225;0.13432479500759056;0.9983812790861686;2.5342405862716744
Fidelity (MAX_ERROR);Tolerancja_0.01;913;4815;5.390601464502364e-07;0.0007342071549979858;0.009980834561408969;0.012856438825429719
Fidelity (MAX_ERROR);Tolerancja_0.1;913;3150;6.083686030061733e-06;0.0024665129292306036;0.09999475809649816;0.04319022549824062
Fidelity (MAX_ERROR);Tolerancja_1.0;913;12;0.17911604934311445;0.4232210407613431;0.9438248739329049;7.410872235640133
Fidelity (MAX_ERROR);Tolerancja_0.01;914;4925;1.3197344150682497e-06;0.0011487969424873352;0.009947954811832638;0.01922912743311866
Fidelity (MAX_ERROR);Tolerancja_0.1;914;4247;1.3500463559595887e-05;0.003674297696104099;0.09987943137805821;0.06150219939881058
Fidelity (MAX_ERROR);Tolerancja_1.0;914;4;0.12636248735161665;0.35547501649429125;0.9133603504813674;5.950115410873877
Fidelity (MAX_ERROR);Tolerancja_0.01;915;4689;3.2082527911739746e-07;0.0005664144058173286;0.009973573010599424;0.00989269915960442
Fidelity (MAX_ERROR);Tolerancja_0.1;915;1915;4.769361990778288e-06;0.0021838868997222103;0.09997075734166572;0.03814263174747108
Fidelity (MAX_ERROR);Tolerancja_1.0;915;10;0.025977220902399983;0.16117450450489984;0.9761838774539986;2.8149899947627737
Fidelity (MAX_ERROR);Tolerancja_0.01;916;4887;8.796975654505025e-07;0.0009379219399558273;0.00996818769910135;0.01626763741496303
Fidelity (MAX_ERROR);Tolerancja_0.1;916;3867;9.20890548636478e-06;0.003034617848488468;0.09998370116231703;0.052633445011970384
Fidelity (MAX_ERROR);Tolerancja_1.0;916;20;0.015343524717758319;0.12386898206475389;0.996053225874892;2.148425792539704
Fidelity (MAX_ERROR);Tolerancja_0.01;917;4953;2.052659749589295e-06;0.001432710630095727;0.00982181337382082;0.024562134163178602
Fidelity (MAX_ERROR);Tolerancja_0.1;917;4522;2.101047641036219e-05;0.0045837186225118785;0.09989088941068491;0.07858245022225772
Fidelity (MAX_ERROR);Tolerancja_1.0;917;259;0.0017057489608085284;0.04130071380507277;0.9998970296137428;0.7080520324243427
Fidelity (MAX_ERROR);Tolerancja_0.01;918;4858;6.965556645725757e-07;0.0008345991041048245;0.009959782156829355;0.016454262887348955
Fidelity (MAX_ERROR);Tolerancja_0.1;918;3577;7.507413038558211e-06;0.0027399658827361724;0.09993137758326043;0.054018892082641885
Fidelity (MAX_ERROR);Tolerancja_1.0;918;17;0.019243192315552382;0.13871983389390424;0.9749103122232192;2.734885052420326
Fidelity (MAX_ERROR);Tolerancja_0.01;919;4807;5.167144898607852e-07;0.0007188285538713561;0.009980262814047514;0.012303672656790747
Fidelity (MAX_ERROR);Tolerancja_0.1;919;3069;5.9065287810552064e-06;0.0024303351170271163;0.09997047566129158;0.04159830263442238
Fidelity (MAX_ERROR);Tolerancja_1.0;919;9;0.11699880369372666;0.342050878808587;0.8834345054462318;5.854639499450964
Fidelity (MAX_ERROR);Tolerancja_0.01;920;4956;2.1752084870279584e-06;0.0014748588024037956;0.00983886518824395;0.026096722074183096
Fidelity (MAX_ERROR);Tolerancja_0.1;920;4553;2.249884324889319e-05;0.004743294556412578;0.09995500049711126;0.0839296884236883
Fidelity (MAX_ERROR);Tolerancja_1.0;920;551;0.0009105378471679728;0.030175119671145844;0.9998846757197546;0.5339302381554418
Fidelity (MAX_ERROR);Tolerancja_0.01;921;4933;1.4782861001175725e-06;0.0012158478934955527;0.009951412861871844;0.02268888136204293
Fidelity (MAX_ERROR);Tolerancja_0.1;921;4327;1.5072128754848025e-05;0.0038822839611301007;0.0999635290390879;0.07244712161699786
Fidelity (MAX_ERROR);Tolerancja_1.0;921;17;0.027786615112812628;0.16669317656344734;0.9839287730308426;3.1106536657613306
Fidelity (MAX_ERROR);Tolerancja_0.01;922;4792;4.796318769868222e-07;0.0006925546021699821;0.009993190995517764;0.010851147485638972
Fidelity (MAX_ERROR);Tolerancja_0.1;922;2921;5.621897773228612e-06;0.0023710541481013485;0.09998803127432065;0.0371503678942688
Fidelity (MAX_ERROR);Tolerancja_1.0;922;7;0.020635424476229156;0.14365035494640851;0.7656019752363212;2.2507556559493898
Fidelity (MAX_ERROR);Tolerancja_0.01;923;4964;2.6744540516456338e-06;0.0016353758135809744;0.009880908766942476;0.02674642497146194
Fidelity (MAX_ERROR);Tolerancja_0.1;923;4636;2.7503428340804792e-05;0.005244371110133682;0.09990713147509567;0.08577121983512069
Fidelity (MAX_ERROR);Tolerancja_1.0;923;1358;0.0005273277415080746;0.022963617779175705;0.9999697898159736;0.37556791222144437
Fidelity (MAX_ERROR);Tolerancja_0.01;924;4955;2.218519592916371e-06;0.0014894695676368722;0.009991334891664039;0.026813027799012155
Fidelity (MAX_ERROR);Tolerancja_0.1;924;4550;2.2307555419142074e-05;0.004723087487983054;0.0999153036969771;0.08502374191731762
Fidelity (MAX_ERROR);Tolerancja_1.0;924;538;0.0009189964299118056;0.030314953899219534;0.9999699199759142;0.54572159061642
Fidelity (MAX_ERROR);Tolerancja_0.01;925;4924;1.2810804888398773e-06;0.0011318482622860173;0.009898915061846925;0.019176913599194434
Fidelity (MAX_ERROR);Tolerancja_0.1;925;4233;1.3269800813550925e-05;0.0036427737801778093;0.09990110604124514;0.06171954348614608
Fidelity (MAX_ERROR);Tolerancja_1.0;925;5;0.2727669348046258;0.5222709400346011;0.9485724576378498;8.848840455155177
Fidelity (MAX_ERROR);Tolerancja_0.01;926;4894;9.236364540996138e-07;0.0009610600678935806;0.009916328299699906;0.017254686838048646
Fidelity (MAX_ERROR);Tolerancja_0.1;926;3932;9.709133961625582e-06;0.003115948324607708;0.09991825427035561;0.055943134400004826
Fidelity (MAX_ERROR);Tolerancja_1.0;926;8;0.23987141818529423;0.489766697709526;0.9577902807593386;8.793176696234218
Fidelity (MAX_ERROR);Tolerancja_0.01;927;4917;1.1813487513204937e-06;0.0010868986849382485;0.009901001762001371;0.019347316490741732
Fidelity (MAX_ERROR);Tolerancja_0.1;927;4162;1.2200377764945161e-05;0.003492903915790579;0.09997016745398479;0.06217536047013513
Fidelity (MAX_ERROR);Tolerancja_1.0;927;3;0.24837656749779544;0.4983739233725972;0.9928175967985329;8.871294224419936
Fidelity (MAX_ERROR);Tolerancja_0.01;928;4734;3.7413064926009253e-07;0.0006116622019220188;0.009974010296135205;0.011389328523393322
Fidelity (MAX_ERROR);Tolerancja_0.1;928;2345;4.934108318391199e-06;0.0022212852852326733;0.09997065027903407;0.04136097960311717
Fidelity (MAX_ERROR);Tolerancja_1.0;928;10;0.1010109021133904;0.31782212338569255;0.9887684368190541;5.9179405950992345
Fidelity (MAX_ERROR);Tolerancja_0.01;929;4966;2.8937262111796356e-06;0.001701095591429134;0.009992570760380737;0.02925251507958829
Fidelity (MAX_ERROR);Tolerancja_0.1;929;4660;2.9436597080398074e-05;0.0054255503942363375;0.09992631081859482;0.09329928048848064
Fidelity (MAX_ERROR);Tolerancja_1.0;929;1602;0.0004992076719274013;0.022342955756287065;0.9997871722407998;0.38421570984983006
Fidelity (MAX_ERROR);Tolerancja_0.01;930;4816;5.410915601676812e-07;0.0007355892605032248;0.009986129400750166;0.013194200552073767
Fidelity (MAX_ERROR);Tolerancja_0.1;930;3159;6.120880073546589e-06;0.00247404124329943;0.0999889773278353;0.04437666248126457
Fidelity (MAX_ERROR);Tolerancja_1.0;930;10;0.16889352306386898;0.4109665717109714;0.9968499319739763;7.37147163301875
Fidelity (MAX_ERROR);Tolerancja_0.01;931;4868;7.451717420164735e-07;0.0008632333068275768;0.009933805972408116;0.015022407157521586
Fidelity (MAX_ERROR);Tolerancja_0.1;931;3672;7.986777372075815e-06;0.002826088705627588;0.09994066934430634;0.049180974440425206
Fidelity (MAX_ERROR);Tolerancja_1.0;931;7;0.18496650716234786;0.43007732695684836;0.7605202459355986;7.484415468754378
Fidelity (MAX_ERROR);Tolerancja_0.01;932;4838;6.090843380376498e-07;0.0007804385549405218;0.009944496353694987;0.013885139990757678
Fidelity (MAX_ERROR);Tolerancja_0.1;932;3372;6.729649417766765e-06;0.0025941567835747253;0.09998182979676518;0.04615383218817768
Fidelity (MAX_ERROR);Tolerancja_1.0;932;9;0.09052171275638604;0.3008682647877407;0.8129482694476815;5.352885180912812
Fidelity (MAX_ERROR);Tolerancja_0.01;933;4493;1.9821481023267837e-07;0.0004452132188431498;0.009982562436061215;0.007771466081582764
Fidelity (MAX_ERROR);Tolerancja_0.1;933;173;2.278829089599797e-05;0.004773708296073187;0.09997219304770955;0.08332796632296993
Fidelity (MAX_ERROR);Tolerancja_1.0;933;7;0.18155876306981011;0.4260971286805511;0.8718119756141016;7.437783162874433
Fidelity (MAX_ERROR);Tolerancja_0.01;934;4954;2.0978278718183897e-06;0.001448388025295152;0.00987693745845064;0.026228723402044424
Fidelity (MAX_ERROR);Tolerancja_0.1;934;4535;2.1591692313483164e-05;0.00464668616472892;0.09984399604354888;0.08414640553655883
Fidelity (MAX_ERROR);Tolerancja_1.0;934;376;0.0012353842552504457;0.035148033447839525;0.9998449578304651;0.6364924532162758
Fidelity (MAX_ERROR);Tolerancja_0.01;935;4698;3.303589267660674e-07;0.0005747685854029145;0.009981935568939448;0.010430640557736997
Fidelity (MAX_ERROR);Tolerancja_0.1;935;1985;4.834027480349157e-06;0.002198642190159453;0.09998149176387106;0.03989996493032516
Fidelity (MAX_ERROR);Tolerancja_1.0;935;3;0.16387784497666075;0.4048182863664397;0.921932896885445;7.346459329066116
Fidelity (MAX_ERROR);Tolerancja_0.01;936;4963;2.5814176833393915e-06;0.0016066790853619124;0.009772827562902986;0.028680397963209595
Fidelity (MAX_ERROR);Tolerancja_0.1;936;4622;2.6460426525464535e-05;0.005143969918794679;0.09984148411445837;0.09182362907809821
Fidelity (MAX_ERROR);Tolerancja_1.0;936;1216;0.0005525295056045142;0.023505946175478964;0.999854880694949;0.419598348516912
Fidelity (MAX_ERROR);Tolerancja_0.01;937;4958;2.3396969288320664e-06;0.001529606788959851;0.009972241182548025;0.02816545125188699
Fidelity (MAX_ERROR);Tolerancja_0.1;937;4579;2.387326117050423e-05;0.004886027135670066;0.099960818105572;0.08996897771269267
Fidelity (MAX_ERROR);Tolerancja_1.0;937;802;0.0006966701204022675;0.02639450928511965;0.9999924040350523;0.4860159290303915
Fidelity (MAX_ERROR);Tolerancja_0.01;938;4854;6.818209873193939e-07;0.0008257245226583705;0.009990944839691984;0.014798801490191403
Fidelity (MAX_ERROR);Tolerancja_0.1;938;3540;7.357525675782022e-06;0.0027124759309129403;0.09994283745440757;0.04861354089287542
Fidelity (MAX_ERROR);Tolerancja_1.0;938;8;0.15647728097269042;0.3955720932683326;0.9606708819054646;7.089522864709111
Fidelity (MAX_ERROR);Tolerancja_0.01;939;4719;3.555348660975669e-07;0.000596267445109631;0.009982311845749159;0.010141729079131823
Fidelity (MAX_ERROR);Tolerancja_0.1;939;2187;4.896224523619097e-06;0.0022127414045972696;0.09999556656438191;0.037635836119607476
Fidelity (MAX_ERROR);Tolerancja_1.0;939;1;0.032594488446207714;0.18053943737091827;0.6734381127474185;3.0707396101058166
Fidelity (MAX_ERROR);Tolerancja_0.01;940;4270;1.3894014159256618e-07;0.00037274675262511167;0.009989685352594257;0.006781744661996098
Fidelity (MAX_ERROR);Tolerancja_0.1;940;93;2.0329415894511844e-05;0.00450881535378328;0.09968941807759713;0.08203326854519677
Fidelity (MAX_ERROR);Tolerancja_1.0;940;8;0.2260415953157153;0.4754383191495142;0.9102092782992504;8.650112335769808
Fidelity (MAX_ERROR);Tolerancja_0.01;941;4969;3.221799079529893e-06;0.0017949370684037624;0.009993628856514114;0.03128123147649055
Fidelity (MAX_ERROR);Tolerancja_0.1;941;4690;3.2266760631794846e-05;0.005680383845462809;0.09993631996759822;0.09899478097204757
Fidelity (MAX_ERROR);Tolerancja_1.0;941;1899;0.00048709559915492874;0.022070242390035702;0.9997363888364825;0.3846287277129552
Fidelity (MAX_ERROR);Tolerancja_0.01;942;4939;1.6333981622091509e-06;0.0012780446636206227;0.009981238681626259;0.021403800231599168
Fidelity (MAX_ERROR);Tolerancja_0.1;942;4389;1.6562677717226588e-05;0.00406972698313125;0.09997763462313003;0.06815694773711542
Fidelity (MAX_ERROR);Tolerancja_1.0;942;16;0.018549392472106258;0.136196154395439;0.9842568741383317;2.2809181587861485
Fidelity (MAX_ERROR);Tolerancja_0.01;943;4939;1.639337037303712e-06;0.0012803659778765257;0.009999371548802038;0.022943981331527166
Fidelity (MAX_ERROR);Tolerancja_0.1;943;4390;1.658107991656847e-05;0.00407198721959788;0.09999929839197996;0.07296944808203956
Fidelity (MAX_ERROR);Tolerancja_1.0;943;41;0.007175480486353922;0.08470820790427526;0.999873756491418;1.517959375963864
Fidelity (MAX_ERROR);Tolerancja_0.01;944;4856;6.886220368941978e-07;0.0008298325354517005;0.0099719483475873;0.014540745544058443
Fidelity (MAX_ERROR);Tolerancja_0.1;944;3557;7.436456915568896e-06;0.0027269867831672553;0.09993238901296131;0.04778364214710097
Fidelity (MAX_ERROR);Tolerancja_1.0;944;6;0.21977689633626318;0.4688036863509748;0.9355150511290171;8.21461538578451
Fidelity (MAX_ERROR);Tolerancja_0.01;945;4967;2.895196589065688e-06;0.001701527722097318;0.009774357824638535;0.031115031225638856
Fidelity (MAX_ERROR);Tolerancja_0.1;945;4663;2.967600120479304e-05;0.005447568375412376;0.09981710613967198;0.09961710168073554
Fidelity (MAX_ERROR);Tolerancja_1.0;945;1625;0.0004986500992334542;0.022330474675506883;0.9999806119391144;0.40834680962782155
Fidelity (MAX_ERROR);Tolerancja_0.01;946;4907;1.0535451834782901e-06;0.0010264234912930872;0.009897064075373052;0.018593986213533347
Fidelity (MAX_ERROR);Tolerancja_0.1;946;4061;1.0953989928040179e-05;0.003309681242663737;0.09993125261731706;0.05995592259852822
Fidelity (MAX_ERROR);Tolerancja_1.0;946;3;0.14244576432377426;0.3774198780188641;0.7143906615052131;6.837080472267111
Fidelity (MAX_ERROR);Tolerancja_0.01;947;4967;2.9926218099617875e-06;0.0017299195963864295;0.00993745392064227;0.03099615963631408
Fidelity (MAX_ERROR);Tolerancja_0.1;947;4668;3.0170328958324455e-05;0.005492752402787191;0.09997709973770252;0.09841742395148181
Fidelity (MAX_ERROR);Tolerancja_1.0;947;1681;0.0004948135025396841;0.022244403847702553;0.9999856995920977;0.3985682884443197
Fidelity (MAX_ERROR);Tolerancja_0.01;948;4876;7.962774195083063e-07;0.0008923437787693184;0.009954331741805156;0.015609660789484123
Fidelity (MAX_ERROR);Tolerancja_0.1;948;3755;8.459047947019385e-06;0.0029084442485664713;0.099962110546576;0.05087706019294729
Fidelity (MAX_ERROR);Tolerancja_1.0;948;6;0.12306819817405412;0.35081077260262994;0.9769586403269894;6.136690020046102
Fidelity (MAX_ERROR);Tolerancja_0.01;949;4954;2.1139126331210755e-06;0.0014539300647283815;0.009914729188723825;0.02610046700911055
Fidelity (MAX_ERROR);Tolerancja_0.1;949;4537;2.1662325980255756e-05;0.00465428039338583;0.09979402851391761;0.08355208741172239
Fidelity (MAX_ERROR);Tolerancja_1.0;949;365;0.0012841167723346416;0.035834575096331776;0.9998898893969201;0.6432903258397312
Fidelity (MAX_ERROR);Tolerancja_0.01;950;4873;7.804442455585989e-07;0.0008834275553539175;0.009953086366790487;0.016379929672110133
Fidelity (MAX_ERROR);Tolerancja_0.1;950;3725;8.278572639802717e-06;0.0028772508823185225;0.09992839719214519;0.05334808362697427
Fidelity (MAX_ERROR);Tolerancja_1.0;950;7;0.16359548854769473;0.40446939136069954;0.8105815082624792;7.499404048309631
Fidelity (MAX_ERROR);Tolerancja_0.01;951;4943;1.7294766639365502e-06;0.0013150956862284014;0.009928226295717657;0.02227045016905023
Fidelity (MAX_ERROR);Tolerancja_0.1;951;4426;1.75898483747533e-05;0.0041940253188021285;0.09998112770538103;0.07102360143693447
Fidelity (MAX_ERROR);Tolerancja_1.0;951;27;0.011728900964539973;0.10830005062113301;0.9947943441266629;1.8340041001736438
Fidelity (MAX_ERROR);Tolerancja_0.01;952;4918;1.207768314505113e-06;0.0010989851293375689;0.009981126753321412;0.019197064814981457
Fidelity (MAX_ERROR);Tolerancja_0.1;952;4179;1.2441053740335348e-05;0.003527187794877861;0.09993709055924072;0.06161289257271035
Fidelity (MAX_ERROR);Tolerancja_1.0;952;5;0.32814916615685796;0.5728430554321645;0.9089655794401779;10.006418622399234
Fidelity (MAX_ERROR);Tolerancja_0.01;953;4644;2.811461871904063e-07;0.0005302322012009515;0.009990691812638453;0.009514217201455046
Fidelity (MAX_ERROR);Tolerancja_0.1;953;1445;5.1378530462543755e-06;0.0022666832699462834;0.09998487821167945;0.04067221286886753
Fidelity (MAX_ERROR);Tolerancja_1.0;953;2;0.18089330465720205;0.4253155354054235;0.9654885578849859;7.631645859748061
Fidelity (MAX_ERROR);Tolerancja_0.01;954;4960;2.4620676064748557e-06;0.0015690977045661801;0.009986200909834153;0.028794467485316493
Fidelity (MAX_ERROR);Tolerancja_0.1;954;4600;2.50314567658826e-05;0.005003144687682198;0.09986256784735836;0.09181256630136306
Fidelity (MAX_ERROR);Tolerancja_1.0;954;1001;0.0006099570298831903;0.024697308150549328;0.9999117613189901;0.45321960158781216
Fidelity (MAX_ERROR);Tolerancja_0.01;955;4847;6.468117017841769e-07;0.0008042460455508481;0.00994415564009099;0.014311667268401487
Fidelity (MAX_ERROR);Tolerancja_0.1;955;3462;7.051967695078456e-06;0.002655554122039025;0.09997616161024414;0.04725594514030058
Fidelity (MAX_ERROR);Tolerancja_1.0;955;10;0.19999943009272428;0.4472129583237993;0.9963018772811543;7.958215142063831
Fidelity (MAX_ERROR);Tolerancja_0.01;956;4944;1.7411928215079615e-06;0.0013195426561911372;0.009918433106887115;0.02377361377033132
Fidelity (MAX_ERROR);Tolerancja_0.1;956;4436;1.7863810469256724e-05;0.004226560122517687;0.09989547449513125;0.07614805588767946
Fidelity (MAX_ERROR);Tolerancja_1.0;956;39;0.008267434003531408;0.09092543100547508;0.9970705271707891;1.6381630927071438
Fidelity (MAX_ERROR);Tolerancja_0.01;957;4947;1.8496993140330174e-06;0.0013600365120220183;0.00990076107471527;0.0241190749264431
Fidelity (MAX_ERROR);Tolerancja_0.1;957;4465;1.8847585035536625e-05;0.00434138054488853;0.09994492329536708;0.076990640854702
Fidelity (MAX_ERROR);Tolerancja_1.0;957;80;0.004463787194073841;0.06681157979028665;0.9987958002848059;1.1848457630892393
Fidelity (MAX_ERROR);Tolerancja_0.01;958;4906;1.0448787448423287e-06;0.0010221931054562679;0.009935570274772765;0.01827388215866671
Fidelity (MAX_ERROR);Tolerancja_0.1;958;4054;1.0885133169327704e-05;0.0032992625190074983;0.09999660697155388;0.05898135505026481
Fidelity (MAX_ERROR);Tolerancja_1.0;958;3;0.23690116845929307;0.4867249412751447;0.990478369278617;8.701246538515704
Fidelity (MAX_ERROR);Tolerancja_0.01;959;4957;2.3038784032659664e-06;0.0015178532219111197;0.009952926821807928;0.026835977186377404
Fidelity (MAX_ERROR);Tolerancja_0.1;959;4568;2.3260405566662957e-05;0.00482290426679433;0.09999240294674738;0.08527000305919813
Fidelity (MAX_ERROR);Tolerancja_1.0;959;684;0.0007808607108795058;0.027943885035540527;0.9998029290854866;0.4940540036989362
Fidelity (MAX_ERROR);Tolerancja_0.01;960;4876;7.982107957878445e-07;0.0008934264355770119;0.009966395711070497;0.015100326193600848
Fidelity (MAX_ERROR);Tolerancja_0.1;960;3756;8.468249217645094e-06;0.0029100256386576898;0.0999886071581324;0.04918405660013066
Fidelity (MAX_ERROR);Tolerancja_1.0;960;3;0.2030636735799407;0.4506258687425087;0.8693540228377046;7.616293114152091
Fidelity (MAX_ERROR);Tolerancja_0.01;961;4932;1.4221423481809063e-06;0.0011925360993198094;0.009869519319786413;0.030294933479831657
Fidelity (MAX_ERROR);Tolerancja_0.1;961;4312;1.4712099584507653e-05;0.0038356354863969613;0.09985638108922057;0.09743966826627322
Fidelity (MAX_ERROR);Tolerancja_1.0;961;5;0.16022205577527487;0.4002774734796787;0.9625889809837367;10.168563819123385
Fidelity (MAX_ERROR);Tolerancja_0.01;962;4779;4.5274305122074326e-07;0.000672861836650544;0.009994920459022616;0.01144018452950873
Fidelity (MAX_ERROR);Tolerancja_0.1;962;2794;5.405063520250948e-06;0.0023248792485311893;0.09995513784466148;0.03952824512149554
Fidelity (MAX_ERROR);Tolerancja_1.0;962;5;0.18160252341601646;0.4261484757875082;0.8462209527308815;7.245495188501764
Fidelity (MAX_ERROR);Tolerancja_0.01;963;4511;2.0517144503769445e-07;0.00045295854671006534;0.009979627898895949;0.008419122239072884
Fidelity (MAX_ERROR);Tolerancja_0.1;963;566;7.457923552579462e-06;0.0027309199095871452;0.09999358729596786;0.050759498216619334
Fidelity (MAX_ERROR);Tolerancja_1.0;963;6;0.13643212066321395;0.3693671894784564;0.856646683546324;6.865413053597688
Fidelity (MAX_ERROR);Tolerancja_0.01;964;4951;2.0043846731970025e-06;0.0014157629297297633;0.009909949523156492;0.026276896357024956
Fidelity (MAX_ERROR);Tolerancja_0.1;964;4506;2.0348725856701512e-05;0.004510956202037603;0.09990875485788919;0.08372441890016603
Fidelity (MAX_ERROR);Tolerancja_1.0;964;93;0.0044716127362784686;0.06687011841083032;0.9998617016377942;1.2411252858547248
Fidelity (MAX_ERROR);Tolerancja_0.01;965;4949;1.9185856456384156e-06;0.0013851301908623663;0.009891386290801663;0.02558750785630789
Fidelity (MAX_ERROR);Tolerancja_0.1;965;4485;1.9543120918530206e-05;0.004420760219524489;0.09988489259224753;0.0816646966430725
Fidelity (MAX_ERROR);Tolerancja_1.0;965;66;0.005805960857003844;0.07619685595222316;0.9995383718277804;1.4075844012104142
Fidelity (MAX_ERROR);Tolerancja_0.01;966;4620;2.6331994130542886e-07;0.0005131470951934044;0.00998593040006579;0.008842315066780264
Fidelity (MAX_ERROR);Tolerancja_0.1;966;1198;5.559632919340128e-06;0.0023578873847875195;0.0999792114240865;0.040630032486922235
Fidelity (MAX_ERROR);Tolerancja_1.0;966;4;0.260349932843973;0.510244973364729;0.9035735948209718;8.792307036311618
Fidelity (MAX_ERROR);Tolerancja_0.01;967;188;1.396400813280738e-07;0.00037368446760344993;0.00996589575586082;0.006390574024179483
Fidelity (MAX_ERROR);Tolerancja_0.1;967;17;0.00020358729627799747;0.014268402022581136;0.09937778042232814;0.2440114247103783
Fidelity (MAX_ERROR);Tolerancja_1.0;967;3;0.14503592494186382;0.3808358241314278;0.7511515743915993;6.5128731220211415
Fidelity (MAX_ERROR);Tolerancja_0.01;968;4449;1.8277297416704679e-07;0.00042751955998181744;0.009985633468454047;0.008589349234997247
Fidelity (MAX_ERROR);Tolerancja_0.1;968;100;3.3221782702870615e-05;0.005763834028046836;0.09995613148338034;0.11580191418975255
Fidelity (MAX_ERROR);Tolerancja_1.0;968;4;0.1461230946338881;0.38226050624395935;0.6876470755570878;7.680043895572535
Fidelity (MAX_ERROR);Tolerancja_0.01;969;266;8.314907606301974e-08;0.0002883558150324348;0.009993347570383726;0.005517398155934343
Fidelity (MAX_ERROR);Tolerancja_0.1;969;19;0.00018668138929438876;0.013663139803661118;0.0986998072440528;0.2614304218158859
Fidelity (MAX_ERROR);Tolerancja_1.0;969;4;0.13997280985561592;0.3741294025542712;0.8346589651373062;7.158589382015988
Fidelity (MAX_ERROR);Tolerancja_0.01;970;4943;1.7020275882042953e-06;0.0013046177939167835;0.009849122313448255;0.0243025090586184
Fidelity (MAX_ERROR);Tolerancja_0.1;970;4422;1.7434098076941635e-05;0.004175415916641315;0.09987382107323395;0.07777993187800072
Fidelity (MAX_ERROR);Tolerancja_1.0;970;18;0.0276529299179933;0.16629170129021262;0.9526736012577519;3.097693129606537
Fidelity (MAX_ERROR);Tolerancja_0.01;971;4868;7.550127458192736e-07;0.0008689146942130014;0.009999189623361104;0.017296185760793538
Fidelity (MAX_ERROR);Tolerancja_0.1;971;3680;8.037390720530507e-06;0.002835029227456131;0.09999677444890764;0.0564326883662299
Fidelity (MAX_ERROR);Tolerancja_1.0;971;2;0.2461594954536631;0.4961446315880714;0.9845183936302075;9.876009427991276
Fidelity (MAX_ERROR);Tolerancja_0.01;972;4959;2.401519437001786e-06;0.0015496836570738513;0.009922542975866477;0.028289268282215323
Fidelity (MAX_ERROR);Tolerancja_0.1;972;4587;2.432623769690603e-05;0.004932163591863719;0.09995168781639752;0.09003598794186565
Fidelity (MAX_ERROR);Tolerancja_1.0;972;871;0.0006642484755267773;0.025773018362752496;0.9999541702985981;0.4704830095989207
Fidelity (MAX_ERROR);Tolerancja_0.01;973;4959;2.338172509360738e-06;0.0015291084034040026;0.009790802010225974;0.029725101622519585
Fidelity (MAX_ERROR);Tolerancja_0.1;973;4582;2.3945598252146612e-05;0.004893423980419703;0.0998200224211665;0.09512571167370593
Fidelity (MAX_ERROR);Tolerancja_1.0;973;834;0.0006764681054514658;0.02600900047005778;0.9999907165497817;0.5056019444740194
Fidelity (MAX_ERROR);Tolerancja_0.01;974;4775;4.4357072543526183e-07;0.0006660110550398258;0.009981877081540524;0.013322835834804144
Fidelity (MAX_ERROR);Tolerancja_0.1;974;2747;5.3608454911651676e-06;0.0023153499716382334;0.09999735418396627;0.046316089408470915
Fidelity (MAX_ERROR);Tolerancja_1.0;974;8;0.1441129866407488;0.37962216299993445;0.8320735399303274;7.593933642135944
Fidelity (MAX_ERROR);Tolerancja_0.01;975;4912;1.1286373433887074e-06;0.001062373448175691;0.009993126007682207;0.02057029161930985
Fidelity (MAX_ERROR);Tolerancja_0.1;975;4120;1.1639277260493834e-05;0.0034116385008517293;0.09993654122252327;0.06605812577742375
Fidelity (MAX_ERROR);Tolerancja_1.0;975;3;0.12909721911240546;0.35930101462757585;0.859989223889456;6.956994889786504
Fidelity (MAX_ERROR);Tolerancja_0.01;976;4902;1.0001861591711484e-06;0.0010000930752540728;0.009924226746492515;0.017491604408972232
Fidelity (MAX_ERROR);Tolerancja_0.1;976;4013;1.0459175589260094e-05;0.0032340648709109246;0.09996140750342075;0.056563718672441005
Fidelity (MAX_ERROR);Tolerancja_1.0;976;10;0.15787887638131956;0.3973397493094789;0.8291683525806164;6.9494628878576465
Fidelity (MAX_ERROR);Tolerancja_0.01;977;4928;1.3586581991424454e-06;0.0011656149446289908;0.00992426021933479;0.020737494119674314
Fidelity (MAX_ERROR);Tolerancja_0.1;977;4275;1.4017525201390107e-05;0.0037439985578776747;0.0999340326873499;0.06660960245561211
Fidelity (MAX_ERROR);Tolerancja_1.0;977;3;0.30489013753329386;0.5521685770969712;0.9459406959358967;9.823649459352152
Fidelity (MAX_ERROR);Tolerancja_0.01;978;4932;1.4487072832753918e-06;0.0012036225667855318;0.009961274615767124;0.02157433020052851
Fidelity (MAX_ERROR);Tolerancja_0.1;978;4318;1.485201799769863e-05;0.003853831599551105;0.09990869212285958;0.06907799650848649
Fidelity (MAX_ERROR);Tolerancja_1.0;978;17;0.02281843681888603;0.15105772677650764;0.9991534486342726;2.707633910122835
Fidelity (MAX_ERROR);Tolerancja_0.01;979;4949;1.894399343063035e-06;0.0013763718040787653;0.00982884210076751;0.02504162913615627
Fidelity (MAX_ERROR);Tolerancja_0.1;979;4482;1.939209507137367e-05;0.004403645656881769;0.09983205890610325;0.08011967482906084
Fidelity (MAX_ERROR);Tolerancja_1.0;979;78;0.004818284359919439;0.06941386287997116;0.9994685435623154;1.2629118135064383
Fidelity (MAX_ERROR);Tolerancja_0.01;980;4920;1.2406437565619089e-06;0.001113841890288702;0.009992748556348907;0.02046818365977121
Fidelity (MAX_ERROR);Tolerancja_0.1;980;4200;1.2743177670255584e-05;0.003569758769196538;0.09993114103670298;0.06559860851530294
Fidelity (MAX_ERROR);Tolerancja_1.0;980;6;0.07417322103534195;0.2723476106657482;0.9913443123068264;5.004714729270531
Fidelity (MAX_ERROR);Tolerancja_0.01;981;4873;7.807411046549585e-07;0.0008835955549090084;0.009954991362294052;0.015276213960689806
Fidelity (MAX_ERROR);Tolerancja_0.1;981;3725;8.281730644510522e-06;0.0028777996185472194;0.0999606781521214;0.04975339957821083
Fidelity (MAX_ERROR);Tolerancja_1.0;981;6;0.2137254622473908;0.4623045124670435;0.9418902403084184;7.992641665299241
Fidelity (MAX_ERROR);Tolerancja_0.01;982;4591;2.455621294400997e-07;0.0004955422579761485;0.009994456226639414;0.010894985170525309
Fidelity (MAX_ERROR);Tolerancja_0.1;982;951;6.1717088189324005e-06;0.0024842924181610344;0.09999277149362928;0.05461961844718334
Fidelity (MAX_ERROR);Tolerancja_1.0;982;4;0.1895567444284637;0.4353811484532417;0.8029642946443571;9.572283855865747
Fidelity (MAX_ERROR);Tolerancja_0.01;983;4923;1.2889852021382434e-06;0.0011353348414182677;0.009961567152035222;0.018231788259499337
Fidelity (MAX_ERROR);Tolerancja_0.1;983;4228;1.3171409372389733e-05;0.0036292436364054885;0.09989078076452884;0.058280252756467206
Fidelity (MAX_ERROR);Tolerancja_1.0;983;32;0.007702663671057684;0.08776482023600164;0.9913009990079766;1.4093724254748818
Fidelity (MAX_ERROR);Tolerancja_0.01;984;4586;2.4146160856615254e-07;0.0004913874322427798;0.009977008385090969;0.008189120173866516
Fidelity (MAX_ERROR);Tolerancja_0.1;984;953;5.989150488149138e-06;0.0024472740933841348;0.09997567485371128;0.04078456292144492
Fidelity (MAX_ERROR);Tolerancja_1.0;984;12;0.1283564037129803;0.3582686194923863;0.9449690713692753;5.970654898839278
Fidelity (MAX_ERROR);Tolerancja_0.01;985;4919;1.2183362337493557e-06;0.001103782693173505;0.00993297430977158;0.020498367140899514
Fidelity (MAX_ERROR);Tolerancja_0.1;985;4185;1.2530955582610326e-05;0.003539908979424517;0.09994510576356408;0.06573970977655517
Fidelity (MAX_ERROR);Tolerancja_1.0;985;12;0.07119777347784023;0.26682910912762164;0.9818208440374505;4.955287917272466
Fidelity (MAX_ERROR);Tolerancja_0.01;986;4940;1.6164020140395655e-06;0.0012713779980948095;0.00988876773554992;0.01941278258710238
Fidelity (MAX_ERROR);Tolerancja_0.1;986;4394;1.6648648879067963e-05;0.004080275588617509;0.09987701822913309;0.06230208719671902
Fidelity (MAX_ERROR);Tolerancja_1.0;986;10;0.03295986829833778;0.18154852876941135;0.9331654421144995;2.7720804696087438
Fidelity (MAX_ERROR);Tolerancja_0.01;987;4858;6.966642081294161e-07;0.0008346641289341576;0.009960459081509221;0.01412727170458067
Fidelity (MAX_ERROR);Tolerancja_0.1;987;3575;7.520512503302895e-06;0.0027423552839307484;0.09997015976377988;0.04641627316134285
Fidelity (MAX_ERROR);Tolerancja_1.0;987;8;0.06572163625385043;0.2563623144181891;0.8329363473835381;4.339110721369687
Fidelity (MAX_ERROR);Tolerancja_0.01;988;4861;7.128510710406782e-07;0.0008443050817333023;0.009951052181571995;0.014690657154770194
Fidelity (MAX_ERROR);Tolerancja_0.1;988;3604;7.648600018635816e-06;0.002765610243442813;0.0999471189210368;0.04812079518310018
Fidelity (MAX_ERROR);Tolerancja_1.0;988;7;0.23157005149478282;0.48121726017962285;0.9978758375413994;8.373037115616647
Fidelity (MAX_ERROR);Tolerancja_0.01;989;4867;7.514284917786747e-07;0.0008668497515594468;0.009994114656746156;0.015528788198649354
Fidelity (MAX_ERROR);Tolerancja_0.1;989;3670;7.976421269545048e-06;0.0028242558789077607;0.09996792435148194;0.05059385583655122
Fidelity (MAX_ERROR);Tolerancja_1.0;989;2;0.23238548948149493;0.4820637815491794;0.9176174349531871;8.63571379982545
Fidelity (MAX_ERROR);Tolerancja_0.01;990;4955;2.1536767646811045e-06;0.0014675410606456993;0.009844237855066496;0.025580713089804526
Fidelity (MAX_ERROR);Tolerancja_0.1;990;4543;2.2021845577983878e-05;0.00469274392844782;0.09997466025675106;0.08179923496295781
Fidelity (MAX_ERROR);Tolerancja_1.0;990;454;0.0010597553007771526;0.03255388303685373;0.9998581420662633;0.5674468430603294
Fidelity (MAX_ERROR);Tolerancja_0.01;991;4931;1.4474861074927504e-06;0.0012031151680087615;0.009993048794957993;0.022347484267657806
Fidelity (MAX_ERROR);Tolerancja_0.1;991;4310;1.469263754191042e-05;0.003833097643148478;0.09993676869998414;0.07119857811985712
Fidelity (MAX_ERROR);Tolerancja_1.0;991;24;0.010410562972362376;0.10203216636121364;0.9891589990188461;1.89521526548958
Fidelity (MAX_ERROR);Tolerancja_0.01;992;4803;5.058349873917348e-07;0.0007112207726098379;0.009976110973445529;0.013534723007598731
Fidelity (MAX_ERROR);Tolerancja_0.1;992;3026;5.827440817005254e-06;0.0024140092827090068;0.09999681857508325;0.04593924733011455
Fidelity (MAX_ERROR);Tolerancja_1.0;992;6;0.22041079886274864;0.4694792848068471;0.9089437391097119;8.934317334896042
Fidelity (MAX_ERROR);Tolerancja_0.01;993;4896;9.564793214403361e-07;0.0009779976080954065;0.009995974779240413;0.01739955383757133
Fidelity (MAX_ERROR);Tolerancja_0.1;993;3960;9.959605321864006e-06;0.0031558842377159536;0.09997765382966062;0.05614633128420164
Fidelity (MAX_ERROR);Tolerancja_1.0;993;9;0.09100874155820293;0.30167655122366227;0.9161497093750475;5.367127026794219
Fidelity (MAX_ERROR);Tolerancja_0.01;994;4950;1.9339540182813343e-06;0.001390666753137262;0.00988264071969347;0.025100519834184338
Fidelity (MAX_ERROR);Tolerancja_0.1;994;4495;1.9895853710478485e-05;0.004460476847880559;0.0998157134228812;0.08050835136280507
Fidelity (MAX_ERROR);Tolerancja_1.0;994;85;0.004668603579692767;0.06832718038740343;0.9996636625978166;1.2332557333803114
Fidelity (MAX_ERROR);Tolerancja_0.01;995;4927;1.3557387211601832e-06;0.001164361937354611;0.009947444763903412;0.020844839528393708
Fidelity (MAX_ERROR);Tolerancja_0.1;995;4267;1.3856520484190494e-05;0.0037224347521737024;0.09988733167741781;0.0666404084285567
Fidelity (MAX_ERROR);Tolerancja_1.0;995;16;0.017401901042043373;0.131916265267189;0.9635396588146552;2.3616139384691315
Fidelity (MAX_ERROR);Tolerancja_0.01;996;4925;1.3024112848514166e-06;0.0011412323535772268;0.009882447892004542;0.01929160914624804
Fidelity (MAX_ERROR);Tolerancja_0.1;996;4242;1.3405957544660163e-05;0.0036614146917086795;0.09987882749072785;0.06189325156561492
Fidelity (MAX_ERROR);Tolerancja_1.0;996;10;0.10057772633532935;0.31713991602340025;0.8980592758267738;5.36099356578866
Fidelity (MAX_ERROR);Tolerancja_0.01;997;4942;1.6778377093273532e-06;0.0012953137493778692;0.009907075681745425;0.022788724805680397
Fidelity (MAX_ERROR);Tolerancja_0.1;997;4415;1.7263126631780657e-05;0.004154891891707973;0.09992634886333374;0.07309787915318762
Fidelity (MAX_ERROR);Tolerancja_1.0;997;21;0.022418777663722852;0.1497290141012184;0.9878888132632664;2.6342137566418415
Fidelity (MAX_ERROR);Tolerancja_0.01;998;4619;2.630744921197334e-07;0.000512907878785005;0.009987734134899284;0.009221119890458731
Fidelity (MAX_ERROR);Tolerancja_0.1;998;1198;5.534527497323757e-06;0.002352557650159451;0.09997614866053617;0.042294566019776984
Fidelity (MAX_ERROR);Tolerancja_1.0;998;4;0.22081261693272236;0.46990703009502033;0.9774453250755659;8.44804543096494
Fidelity (MAX_ERROR);Tolerancja_0.01;999;4856;6.865885774747688e-07;0.0008286064068511471;0.009957212385127256;0.014821114261377746
Fidelity (MAX_ERROR);Tolerancja_0.1;999;3554;7.429296428267096e-06;0.0027256735733148783;0.09999024326308614;0.048753568805767984
Fidelity (MAX_ERROR);Tolerancja_1.0;999;4;0.12685658699433977;0.35616932348861796;0.8041495695217682;6.3707282446474265
