Strategia;Konfiguracja;Indeks sygnału;Wymagane K;MSE;RMSE;Max Error;PRD
Energetyczne;Prog_Energii_99.0%;0;25;0.4217028458499677;0.6493865149893149;2.3248003801513026;9.847467561274906
Energetyczne;Prog_Energii_99.9%;0;218;0.04331625838663782;0.2081255832103248;0.9773635137878509;3.1560709716443944
Energetyczne;Prog_Energii_99.99%;0;1706;0.004346004809380135;0.06592423537197936;0.46100572744062696;0.9996924086698972
Energetyczne;Prog_Energii_99.0%;1;23;0.25704139461494435;0.5069924995647809;1.6241642613214147;9.786408618628483
Energetyczne;Prog_Energii_99.9%;1;205;0.026741201342700215;0.16352737184551158;0.6024275504659666;3.156547054610017
Energetyczne;Prog_Energii_99.99%;1;1737;0.0026831320044327753;0.05179895756125576;0.22517816430430848;0.9998683711270014
Energetyczne;Prog_Energii_99.0%;2;25;0.316591572584303;0.5626647070718964;1.8054215057120127;9.82598554732903
Energetyczne;Prog_Energii_99.9%;2;218;0.032560284656998235;0.18044468586522086;0.8137387419912079;3.1511606346005103
Energetyczne;Prog_Energii_99.99%;2;1762;0.0032751774933991278;0.05722916645731552;0.22013777688191993;0.9994104045047483
Energetyczne;Prog_Energii_99.0%;3;32;0.25082973916192547;0.5008290518349804;4.175696066959354;9.765484111766751
Energetyczne;Prog_Energii_99.9%;3;330;0.026178969255933066;0.16179916333508362;3.7637213344681233;3.1548632273962554
Energetyczne;Prog_Energii_99.99%;3;2222;0.002629440450311845;0.051278069877013166;1.7930880711554291;0.9998524942419528
Energetyczne;Prog_Energii_99.0%;4;28;0.3605430371001547;0.6004523603918588;1.8516325064921153;9.922657683211002
Energetyczne;Prog_Energii_99.9%;4;369;0.036562816386772945;0.1912140590719546;0.6847988447263322;3.1598704202779206
Energetyczne;Prog_Energii_99.99%;4;2255;0.0036587682769503756;0.06048775311540656;0.24540896512122767;0.9995784974499317
Energetyczne;Prog_Energii_99.0%;5;36;0.3633781773223428;0.6028085743603377;1.841485635988965;9.910173447967441
Energetyczne;Prog_Energii_99.9%;5;398;0.036902642242279696;0.19210060448181754;0.7054831287777468;3.1581340923930004
Energetyczne;Prog_Energii_99.99%;5;2328;0.003697060649477183;0.060803459190059105;0.2533515527678798;0.999608918053808
Energetyczne;Prog_Energii_99.0%;6;34;0.28512022330203934;0.5339665001683527;1.8507778679303941;9.668839306748723
Energetyczne;Prog_Energii_99.9%;6;374;0.030405198201043003;0.17437086396827597;0.9444703868393889;3.1574337771314096
Energetyczne;Prog_Energii_99.99%;6;2244;0.003046593777553868;0.05519595798202861;0.2183557915180625;0.999465037492102
Energetyczne;Prog_Energii_99.0%;7;39;0.25273159921053856;0.5027241780644119;1.8494749971691746;9.998520594019226
Energetyczne;Prog_Energii_99.9%;7;384;0.02518661190169018;0.15870290451560795;1.3633216203448977;3.1563913739725953
Energetyczne;Prog_Energii_99.99%;7;2450;0.0025257549185395897;0.05025688926445398;0.46096665487857313;0.9995432171905692
Energetyczne;Prog_Energii_99.0%;8;12;0.36300764772745725;0.602501159938682;2.6889643132284418;9.674113142164769
Energetyczne;Prog_Energii_99.9%;8;109;0.03853896572691379;0.19631343745886012;1.179621222742779;3.15212406478617
Energetyczne;Prog_Energii_99.99%;8;1055;0.0038782602061529546;0.06227567909025926;0.7230645298577283;0.9999349471553333
Energetyczne;Prog_Energii_99.0%;9;50;0.20570086859872844;0.453542576390275;2.3881367849221604;9.865152066536858
Energetyczne;Prog_Energii_99.9%;9;412;0.021106390191143284;0.1452803847432381;1.6512663424060037;3.1600408922661765
Energetyczne;Prog_Energii_99.99%;9;2417;0.0021118322713492;0.045954676272923524;0.4775216192824958;0.9995751076096429
Energetyczne;Prog_Energii_99.0%;10;44;0.32528331657899073;0.570336143496965;1.8188419958671567;9.90076353824513
Energetyczne;Prog_Energii_99.9%;10;480;0.033085373410654186;0.1818938520419373;0.8101198095848083;3.157590551925719
Energetyczne;Prog_Energii_99.99%;10;2557;0.003317479284643452;0.057597563183206385;0.25269957212976735;0.9998662367065895
Energetyczne;Prog_Energii_99.0%;11;21;0.28220507440616904;0.5312297755267198;1.8759779354923118;9.807322850955671
Energetyczne;Prog_Energii_99.9%;11;228;0.0291736181980912;0.17080286355354585;0.6603096554345687;3.153284894613553
Energetyczne;Prog_Energii_99.99%;11;1804;0.0029303184934387125;0.054132416290414306;0.2724425809385975;0.9993680846222116
Energetyczne;Prog_Energii_99.0%;12;40;0.2795298769417177;0.5287058510568213;1.961300690573186;9.824188749402882
Energetyczne;Prog_Energii_99.9%;12;423;0.028951597165765407;0.17015168869501532;0.8382950946153098;3.161686791300178
Energetyczne;Prog_Energii_99.99%;12;2370;0.0028932083023054415;0.053788551777357245;0.22230925488750897;0.9994761437981435
Energetyczne;Prog_Energii_99.0%;13;16;0.2547796988310577;0.5047570691244033;1.5374003128903149;9.535555969835958
Energetyczne;Prog_Energii_99.9%;13;144;0.027819924457169395;0.16679305877994263;0.6445201757409871;3.150950515928867
Energetyczne;Prog_Energii_99.99%;13;1263;0.0027997935940880796;0.05291307583280412;0.26707218195299465;0.9996008515841596
Energetyczne;Prog_Energii_99.0%;14;61;0.30042299391771177;0.5481085603397485;2.0944276180122134;9.931647478573193
Energetyczne;Prog_Energii_99.9%;14;603;0.030449077774136662;0.1744966411543118;1.0253314638162738;3.1618537850703827
Energetyczne;Prog_Energii_99.99%;14;2842;0.0030409864351361635;0.055145139723607225;0.2122753934266921;0.9992219197453257
Energetyczne;Prog_Energii_99.0%;15;27;0.27697822008081796;0.526287203037294;1.5838125532595648;9.879426096614658
Energetyczne;Prog_Energii_99.9%;15;254;0.028267897992730655;0.16813059802644686;0.733077027088392;3.1561356768619797
Energetyczne;Prog_Energii_99.99%;15;1807;0.002836851639663715;0.053262103222307275;0.22217241617052208;0.9998324289442364
Energetyczne;Prog_Energii_99.0%;16;22;0.42235728997379757;0.6498902137852189;2.192310835424165;9.72807143601065
Energetyczne;Prog_Energii_99.9%;16;264;0.04446937239350923;0.21087762421250206;1.0349980570135484;3.1565832952723962
Energetyczne;Prog_Energii_99.99%;16;1917;0.004460168735522281;0.06678449472386747;0.44625566184535614;0.9996832106574418
Energetyczne;Prog_Energii_99.0%;17;27;0.3897081503798896;0.6242660894041014;2.1531987342074226;9.835617290752321
Energetyczne;Prog_Energii_99.9%;17;273;0.04024206741056883;0.2006042557140023;0.8273247009112596;3.1606180755109547
Energetyczne;Prog_Energii_99.99%;17;2057;0.004026985941444205;0.0634585371832995;0.24066272026065327;0.9998202628012376
Energetyczne;Prog_Energii_99.0%;18;29;0.35079510276135273;0.5922795815840293;2.1372821416389174;9.980286067331757
Energetyczne;Prog_Energii_99.9%;18;229;0.0351915293266072;0.18759405461423131;0.7284492901097499;3.161078632110607
Energetyczne;Prog_Energii_99.99%;18;1843;0.00351919766076051;0.05932282579884837;0.2840666579644662;0.99962718655868
Energetyczne;Prog_Energii_99.0%;19;33;0.3017455104443049;0.54931367218039;2.154867672799675;9.881264871669948
Energetyczne;Prog_Energii_99.9%;19;343;0.030891585426428957;0.1757600222645325;1.2246527805233702;3.1616386443702513
Energetyczne;Prog_Energii_99.99%;19;2238;0.0030873723545121706;0.05556412830695871;0.439045744108963;0.9995088361540209
Energetyczne;Prog_Energii_99.0%;20;29;0.32576001656690096;0.5707539019287569;2.0327963868546646;9.845043905059772
Energetyczne;Prog_Energii_99.9%;20;278;0.03343539808860544;0.18285348804057702;0.6885044277782777;3.1540750082817812
Energetyczne;Prog_Energii_99.99%;20;1885;0.0033590544649067865;0.05795735039584528;0.2062839899550939;0.9997174917943061
Energetyczne;Prog_Energii_99.0%;21;55;0.28470029706253536;0.5335731412491969;1.756654522640627;9.893592196956156
Energetyczne;Prog_Energii_99.9%;21;433;0.029029585257244195;0.1703807068222344;0.6069471758973313;3.1592242960015557
Energetyczne;Prog_Energii_99.99%;21;2522;0.002904998976026234;0.0538980424136743;0.18729953396369847;0.999385483697157
Energetyczne;Prog_Energii_99.0%;22;35;0.38703058062709017;0.6221178189274843;2.2609758078018856;9.86515453962932
Energetyczne;Prog_Energii_99.9%;22;356;0.039591323647936404;0.19897568607228472;1.0967432508008983;3.1552317471245135
Energetyczne;Prog_Energii_99.99%;22;2243;0.0039749789772314855;0.06304743434297296;0.35764678693170815;0.9997667068800996
Energetyczne;Prog_Energii_99.0%;23;35;0.30569656760133673;0.5528983338746254;2.213057507127798;9.996030828207697
Energetyczne;Prog_Energii_99.9%;23;392;0.030516534639875952;0.1746898240879415;0.597606475448984;3.1582747857460727
Energetyczne;Prog_Energii_99.99%;23;2313;0.0030577093822516696;0.0552965585027827;0.2341652200009463;0.9997246683925555
Energetyczne;Prog_Energii_99.0%;24;46;0.3212197034583847;0.566762475344288;1.910436258487847;9.856982932469997
Energetyczne;Prog_Energii_99.9%;24;421;0.033030992175071466;0.18174430438137934;1.0116629497157597;3.160848828731376
Energetyczne;Prog_Energii_99.99%;24;2537;0.003301991770817633;0.057462959990046046;0.2356768919157215;0.9993805880091399
Energetyczne;Prog_Energii_99.0%;25;40;0.3401883645786974;0.5832566884131698;2.1101555497769033;9.894153357297759
Energetyczne;Prog_Energii_99.9%;25;396;0.03467136353382017;0.1862024799346673;0.6711375390009628;3.1586708366688963
Energetyczne;Prog_Energii_99.99%;25;2412;0.0034731586837731493;0.058933510702936655;0.21725498542299437;0.9997265429826452
Energetyczne;Prog_Energii_99.0%;26;34;0.2713929426252529;0.5209538776372173;1.7532993635396963;9.800618847328483
Energetyczne;Prog_Energii_99.9%;26;377;0.02824767942896085;0.1680704597154445;0.6392524221571474;3.1618816672162744
Energetyczne;Prog_Energii_99.99%;26;2325;0.0028252755476507064;0.05315332113472033;0.2080682645203158;0.9999646096766615
Energetyczne;Prog_Energii_99.0%;27;13;0.42979441489064957;0.6555870765128379;1.9585641169791494;9.96632352563449
Energetyczne;Prog_Energii_99.9%;27;148;0.04285849234270051;0.2070229270943209;0.7752648496877423;3.147190575538201
Energetyczne;Prog_Energii_99.99%;27;1277;0.004322888627844135;0.0657486777649873;0.39830704799637395;0.9995203039602971
Energetyczne;Prog_Energii_99.0%;28;20;0.39310499548564365;0.6269808573518363;2.1816796143918338;9.786045982908
Energetyczne;Prog_Energii_99.9%;28;235;0.04096463086084716;0.20239721060540128;0.7233892970536191;3.159057228896066
Energetyczne;Prog_Energii_99.99%;28;1778;0.004100824409064915;0.06403767960400279;0.22519826409308052;0.999513254504094
Energetyczne;Prog_Energii_99.0%;29;28;0.3113992718229979;0.5580316046811309;1.7663499026496101;9.850682659655082
Energetyczne;Prog_Energii_99.9%;29;258;0.03196518983492879;0.1787881143558732;0.673494813888416;3.1560667228591863
Energetyczne;Prog_Energii_99.99%;29;1994;0.003205028383860137;0.05661297010279656;0.2581978202827404;0.9993634737262879
Energetyczne;Prog_Energii_99.0%;30;39;0.30803545395486176;0.555009417897446;2.1404535481682005;9.99330241044265
Energetyczne;Prog_Energii_99.9%;30;397;0.030837888024667484;0.17560719810038392;0.6442047449296879;3.1619208241830496
Energetyczne;Prog_Energii_99.99%;30;2364;0.003082990841487523;0.0555246867752311;0.2346873919681487;0.9997577848174809
Energetyczne;Prog_Energii_99.0%;31;22;0.2501938089750183;0.5001937714276521;1.8020707524469706;9.65122069875882
Energetyczne;Prog_Energii_99.9%;31;237;0.026832983626849317;0.16380776424470642;0.8056803447190464;3.1606648767008547
Energetyczne;Prog_Energii_99.99%;31;1752;0.002683320423196179;0.0518007762798607;0.3729168057724399;0.9994941016899043
Energetyczne;Prog_Energii_99.0%;32;62;0.267702253941181;0.5173995109595495;1.9520740179520994;9.901698550074071
Energetyczne;Prog_Energii_99.9%;32;582;0.02723797194549428;0.1650393042444565;0.6380874882143788;3.158428651221374
Energetyczne;Prog_Energii_99.99%;32;2734;0.002727062884321348;0.05222128765476152;0.20754816473812543;0.9993814012216541
Energetyczne;Prog_Energii_99.0%;33;29;0.34420382129351973;0.5866888624249822;3.1514459582002585;9.953714898323351
Energetyczne;Prog_Energii_99.9%;33;274;0.03460480773957951;0.18602367521253715;2.478993709508779;3.1560623458071118
Energetyczne;Prog_Energii_99.99%;33;1924;0.003473669162354126;0.05893784151420992;1.033502883278679;0.9999345628110072
Energetyczne;Prog_Energii_99.0%;34;35;0.29464126247084194;0.5428086794358045;1.907670434519956;9.889464008038997
Energetyczne;Prog_Energii_99.9%;34;331;0.030076623325149182;0.1734261321864418;1.0148547904511744;3.159661142658766
Energetyczne;Prog_Energii_99.99%;34;2131;0.0030122808475492994;0.054884249539820615;0.29877029768042274;0.9999394464297222
Energetyczne;Prog_Energii_99.0%;35;22;0.31494140542614407;0.5611964053931067;1.8968688252403774;9.683750209395594
Energetyczne;Prog_Energii_99.9%;35;229;0.03355586569697948;0.1831826020586548;0.7213276534785065;3.1609157578273352
Energetyczne;Prog_Energii_99.99%;35;1771;0.003357984527392621;0.05794811927399043;0.2735410373116971;0.9999264192729602
Energetyczne;Prog_Energii_99.0%;36;14;0.33114942365158806;0.5754558398796453;1.9341198408460878;9.008412042351068
Energetyczne;Prog_Energii_99.9%;36;165;0.04077812031861935;0.20193593122230463;0.9704870933993348;3.161184488086609
Energetyczne;Prog_Energii_99.99%;36;1356;0.004077813358738563;0.06385775879827417;0.4043806796537899;0.999654471273132
Energetyczne;Prog_Energii_99.0%;37;41;0.39680612270035037;0.6299254898004607;2.207120580187233;9.962066652596237
Energetyczne;Prog_Energii_99.9%;37;440;0.03987382433836823;0.19968431169816078;0.7589065061331848;3.1579424151339137
Energetyczne;Prog_Energii_99.99%;37;2455;0.003994671394901134;0.06320341284219654;0.23237376127573928;0.9995414086274976
Energetyczne;Prog_Energii_99.0%;38;20;0.3057031203795232;0.5529042596865421;2.0361537565838184;9.703521776101944
Energetyczne;Prog_Energii_99.9%;38;210;0.03215748281660571;0.17932507581653412;0.8162417584379629;3.1471719519277657
Energetyczne;Prog_Energii_99.99%;38;1675;0.0032453148893667274;0.056967665296786804;0.29104990381424667;0.9997878856177546
Energetyczne;Prog_Energii_99.0%;39;56;0.3382681319152731;0.5816082288923301;1.9149675760829625;9.91045783689358
Energetyczne;Prog_Energii_99.9%;39;508;0.03440085905279296;0.18547468574658096;0.7172922478406407;3.1604419634902756
Energetyczne;Prog_Energii_99.99%;39;2649;0.003440822526894906;0.05865852475893769;0.22870826597350158;0.999526498283863
Energetyczne;Prog_Energii_99.0%;40;25;0.2724413657469653;0.5219591609953458;1.783531891204872;9.825754517441835
Energetyczne;Prog_Energii_99.9%;40;237;0.028172873743674103;0.16784776955227645;0.5606094703321052;3.1596935223357874
Energetyczne;Prog_Energii_99.99%;40;1796;0.0028191689297498647;0.05309584663370445;0.20772222297796805;0.9995164256216059
Energetyczne;Prog_Energii_99.0%;41;35;0.3150887992163881;0.5613277110711604;1.8114317881561188;9.978396111888504
Energetyczne;Prog_Energii_99.9%;41;279;0.03162605831529365;0.17783716798041305;0.6903601850550443;3.1613078608550227
Energetyczne;Prog_Energii_99.99%;41;1995;0.0031644358718942536;0.056253318763378336;0.1974394449022192;0.999982516733723
Energetyczne;Prog_Energii_99.0%;42;33;0.2606508078540907;0.5105397221118948;1.7428930855276503;9.937944650054103
Energetyczne;Prog_Energii_99.9%;42;375;0.026359322708491187;0.1623555441261283;0.5987393025019112;3.1603425576379607
Energetyczne;Prog_Energii_99.99%;42;2243;0.002638091597258857;0.05136235583828741;0.20005070956044335;0.9997973268481768
Energetyczne;Prog_Energii_99.0%;43;30;0.2579272922256022;0.5078654272793159;1.7713251881550276;9.781832052583548
Energetyczne;Prog_Energii_99.9%;43;358;0.026838945563219283;0.16382596120035214;0.9675045248318401;3.155398954600546
Energetyczne;Prog_Energii_99.99%;43;2176;0.0026938761491626688;0.051902563994109856;0.3471735089648682;0.9996785306073344
Energetyczne;Prog_Energii_99.0%;44;22;0.29409240024328054;0.5423028676332816;1.8943696288292569;9.373285977724434
Energetyczne;Prog_Energii_99.9%;44;226;0.03334668597683651;0.18261074989396575;0.7430111565857551;3.156285691117386
Energetyczne;Prog_Energii_99.99%;44;1805;0.00334686428224949;0.05785208969647933;0.21454679811868882;0.9999286625582774
Energetyczne;Prog_Energii_99.0%;45;50;0.3620751781782787;0.6017268301964595;2.2606503897592867;9.91974419484606
Energetyczne;Prog_Energii_99.9%;45;565;0.036777478823806845;0.19177455207562563;0.8512019986027877;3.161491899987717
Energetyczne;Prog_Energii_99.99%;45;2697;0.003678454635286877;0.0606502649234682;0.2403472396378854;0.9998475773367458
Energetyczne;Prog_Energii_99.0%;46;30;0.22073613403509718;0.46982564216430034;1.6477197051242936;9.747471142808129
Energetyczne;Prog_Energii_99.9%;46;257;0.023209188354513625;0.15234562138280713;1.1118971873324526;3.1607141349743086
Energetyczne;Prog_Energii_99.99%;46;1920;0.002320801745485204;0.04817470026357407;0.5124268625894324;0.9994803571585489
Energetyczne;Prog_Energii_99.0%;47;13;0.3258751709705227;0.5708547722236564;1.9648403844660578;9.175780018756098
Energetyczne;Prog_Energii_99.9%;47;123;0.03859824341209146;0.19646435659450154;0.6923286013377679;3.1579200268668526
Energetyczne;Prog_Energii_99.99%;47;1233;0.0038675973052235235;0.062190009689849085;0.3607674689231528;0.999627008556902
Energetyczne;Prog_Energii_99.0%;48;35;0.3998262335595321;0.6323181426778233;2.3706819610969125;9.906956476550423
Energetyczne;Prog_Energii_99.9%;48;321;0.04070458322307805;0.20175376879522736;0.7366374303809584;3.161012900831376
Energetyczne;Prog_Energii_99.99%;48;2189;0.004070540577617527;0.06380078822097363;0.22510637857146598;0.9996101478252976
Energetyczne;Prog_Energii_99.0%;49;28;0.34614215983597707;0.5883384738702518;2.4950371188918004;9.735309105927737
Energetyczne;Prog_Energii_99.9%;49;283;0.0364621883832985;0.1909507485800946;2.0592825193709325;3.159685527969527
Energetyczne;Prog_Energii_99.99%;49;1973;0.003651287557679185;0.06042588483157847;0.7813796918786762;0.9998745500440251
Energetyczne;Prog_Energii_99.0%;50;28;0.41147333839831873;0.6414618760287464;2.52461475409752;9.840596190202772
Energetyczne;Prog_Energii_99.9%;50;326;0.04238549987938519;0.20587739040357295;1.175464914122152;3.1583424352462965
Energetyczne;Prog_Energii_99.99%;50;2195;0.004245707245059159;0.06515909180658644;0.33292972660392994;0.9995984711649996
Energetyczne;Prog_Energii_99.0%;51;20;0.3374783541580269;0.5809288718578436;2.0985887868082225;9.809220305092715
Energetyczne;Prog_Energii_99.9%;51;230;0.03489173546973076;0.18679329610489442;0.7857257882626092;3.1540807864266363
Energetyczne;Prog_Energii_99.99%;51;1831;0.0035059766507418246;0.0592112882037017;0.2888568659171735;0.9998066866275092
Energetyczne;Prog_Energii_99.0%;52;85;0.2661488824032268;0.5158961934374268;2.123093985056487;9.999355880711146
Energetyczne;Prog_Energii_99.9%;52;734;0.02659460559031488;0.16307852584051305;0.9126355945417197;3.160868866885378
Energetyczne;Prog_Energii_99.99%;52;2994;0.002658673608367446;0.05156232741418337;0.21215753254337688;0.999406602356922
Energetyczne;Prog_Energii_99.0%;53;38;0.34722731523018635;0.5892599725335044;1.977045111301723;9.822209707597855
Energetyczne;Prog_Energii_99.9%;53;328;0.03585621496505009;0.18935737367488517;0.7880101717577874;3.156345111849491
Energetyczne;Prog_Energii_99.99%;53;2200;0.0035962264826506734;0.059968545777354595;0.2721546208988288;0.9995989205789261
Energetyczne;Prog_Energii_99.0%;54;52;0.2669119823839478;0.5166352508142934;1.9914872167335673;9.838423603693704
Energetyczne;Prog_Energii_99.9%;54;487;0.027552642593812116;0.16598988702271025;1.664436524404945;3.160989924486784
Energetyczne;Prog_Energii_99.99%;54;2659;0.0027559116751605566;0.05249677775978785;0.404005724341141;0.9997102145385979
Energetyczne;Prog_Energii_99.0%;55;14;0.31042604866925505;0.5571589079151971;1.8061228368924702;9.265653560556201
Energetyczne;Prog_Energii_99.9%;55;160;0.03603153124005201;0.18981973353698506;0.8689934761324976;3.156736552040366
Energetyczne;Prog_Energii_99.99%;55;1465;0.003613198868501381;0.06010988993918871;0.4410139291349413;0.9996383577958653
Energetyczne;Prog_Energii_99.0%;56;21;0.34321384637494873;0.5858445582020445;1.7882536836886174;9.85812518108456
Energetyczne;Prog_Energii_99.9%;56;194;0.03507146644013905;0.18727377403186773;1.3252930811799164;3.1512937718602023
Energetyczne;Prog_Energii_99.99%;56;1706;0.0035274362731908945;0.05939222401283601;0.682985841856107;0.9994049972887677
Energetyczne;Prog_Energii_99.0%;57;16;0.3273010181449881;0.5721022794439715;1.7397994131076127;9.692994046413064
Energetyczne;Prog_Energii_99.9%;57;164;0.03450829288869227;0.18576407857465949;0.703447501444403;3.147356989053781
Energetyczne;Prog_Energii_99.99%;57;1428;0.0034799724515109246;0.058991291319235625;0.48326661874058185;0.999475541512099
Energetyczne;Prog_Energii_99.0%;58;48;0.3527992093995646;0.5939690306737925;1.9671392759567716;9.900646832919996
Energetyczne;Prog_Energii_99.9%;58;419;0.03594454476846058;0.18959046592184053;0.722387569920584;3.160212315870358
Energetyczne;Prog_Energii_99.99%;58;2406;0.003596457879212133;0.05997047506241828;0.22941492945504738;0.9996253395937146
Energetyczne;Prog_Energii_99.0%;59;33;0.37723516207439056;0.6141947265113814;2.2221666604221433;9.92441440281967
Energetyczne;Prog_Energii_99.9%;59;342;0.03822718146950177;0.19551772673980683;0.7912158638883406;3.159256925380232
Energetyczne;Prog_Energii_99.99%;59;2225;0.0038275363039217245;0.06186708578817758;0.24264697236743338;0.9996741599266923
Energetyczne;Prog_Energii_99.0%;60;42;0.32873324917259045;0.5733526394572458;2.0897462439006107;9.891046690472468
Energetyczne;Prog_Energii_99.9%;60;480;0.033463002530031795;0.18292895487055022;0.7352548816560249;3.155752165677202
Energetyczne;Prog_Energii_99.99%;60;2550;0.0033560590149156054;0.05793150278488903;0.245950048149556;0.9993905311694329
Energetyczne;Prog_Energii_99.0%;61;31;0.32199230954920166;0.5674436620046096;2.034880291747248;9.937388337114767
Energetyczne;Prog_Energii_99.9%;61;282;0.032464092527235415;0.1801779468393272;0.6524743704767912;3.1553762028130103
Energetyczne;Prog_Energii_99.99%;61;2016;0.0032569559601163846;0.05706974645218239;0.19287182139463788;0.9994370732638601
Energetyczne;Prog_Energii_99.0%;62;51;0.24958370550298936;0.49958353205744216;1.7591050163643902;9.999607139695959
Energetyczne;Prog_Energii_99.9%;62;461;0.024928893721560333;0.15788886509681527;0.7844142065729756;3.1602855606518916
Energetyczne;Prog_Energii_99.99%;62;2503;0.0024938452967729267;0.049938415040657096;0.22940118047161295;0.9995616339255908
Energetyczne;Prog_Energii_99.0%;63;43;0.2953084073917687;0.5434228624117399;1.7225756569624568;9.957304730864191
Energetyczne;Prog_Energii_99.9%;63;406;0.02974386927219042;0.17246411009885626;0.5996236853063479;3.1601130872011045
Energetyczne;Prog_Energii_99.99%;63;2430;0.0029757550054142394;0.054550481257402667;0.19474839327463478;0.9995452945881054
Energetyczne;Prog_Energii_99.0%;64;29;0.3872526856938617;0.622296300562571;2.002191573467082;9.89767618039892
Energetyczne;Prog_Energii_99.9%;64;272;0.0392816245622869;0.19819592468637415;0.7366640292663571;3.1523232277727806
Energetyczne;Prog_Energii_99.99%;64;1965;0.003951042415160489;0.06285731791255883;0.2192997604969138;0.9997510473780175
Energetyczne;Prog_Energii_99.0%;65;45;0.24466214624424057;0.4946333452611546;2.1896963574728536;9.91548394130149
Energetyczne;Prog_Energii_99.9%;65;466;0.024802021027222326;0.15748657411735872;1.7121494718271144;3.156996210610899
Energetyczne;Prog_Energii_99.99%;65;2439;0.0024859452941097234;0.04985925484912228;0.5126746257796153;0.9994850640745022
Energetyczne;Prog_Energii_99.0%;66;35;0.3768818781184734;0.6139070598376218;2.1426480810729336;9.876021845154694
Energetyczne;Prog_Energii_99.9%;66;307;0.03861597431506877;0.19650947640016947;0.7841257704168605;3.1612796279314783
Energetyczne;Prog_Energii_99.99%;66;2159;0.0038638522504595286;0.06215989261943371;0.32590375375587044;0.9999762139310985
Energetyczne;Prog_Energii_99.0%;67;38;0.38043205235716476;0.6167917414793788;3.349241072372312;9.878734990312013
Energetyczne;Prog_Energii_99.9%;67;387;0.038954891615990646;0.19736993594767832;2.5190664049541835;3.161140399846222
Energetyczne;Prog_Energii_99.99%;67;2282;0.0038952257083300795;0.06241174335275437;0.9249442485768493;0.9996065631268524
Energetyczne;Prog_Energii_99.0%;68;18;0.2649420277808057;0.5147251963725943;1.629537189241439;9.639082554387663
Energetyczne;Prog_Energii_99.9%;68;170;0.028401589462507218;0.16852771125992075;0.6244725441060401;3.155960759225182
Energetyczne;Prog_Energii_99.99%;68;1488;0.0028476375720487986;0.05336326050803866;0.2692213954370217;0.9993155124971587
Energetyczne;Prog_Energii_99.0%;69;25;0.26842619975920706;0.518098639024662;1.724530357088815;9.78704110097953
Energetyczne;Prog_Energii_99.9%;69;243;0.02801657156700196;0.16738151500987783;0.610175845904724;3.16188780196336
Energetyczne;Prog_Energii_99.99%;69;1923;0.0028017083210460803;0.05293116587650493;0.2026408553693555;0.9998858459295428
Energetyczne;Prog_Energii_99.0%;70;25;0.3643773577623832;0.6036367763501352;2.3204448003195264;9.919291735126912
Energetyczne;Prog_Energii_99.9%;70;266;0.03692358006349324;0.19215509377451653;1.0849658388221037;3.1575982581195685
Energetyczne;Prog_Energii_99.99%;70;1822;0.00369959663063187;0.06082430953682803;0.4009802930643005;0.9994985304432472
Energetyczne;Prog_Energii_99.0%;71;24;0.3650310743802996;0.6041780154725093;2.0230767563271055;9.716317301703652
Energetyczne;Prog_Energii_99.9%;71;174;0.038533872059241074;0.19630046372650542;0.8072813378710713;3.1568801631198706
Energetyczne;Prog_Energii_99.99%;71;1608;0.003861397739017481;0.06214014595265673;0.22787997947182426;0.9993302632469935
Energetyczne;Prog_Energii_99.0%;72;46;0.38891883613919953;0.6236335752180118;2.669840180264165;9.89937226056706
Energetyczne;Prog_Energii_99.9%;72;397;0.03961628556120085;0.19903840222731103;1.3771985076068702;3.159475878295727
Energetyczne;Prog_Energii_99.99%;72;2431;0.003967071430186991;0.06298469203057987;0.3383875202187996;0.9998001036264177
Energetyczne;Prog_Energii_99.0%;73;15;0.2921361595973442;0.5404962160805052;1.8264023111048244;9.977613995216998
Energetyczne;Prog_Energii_99.9%;73;135;0.02914122483421279;0.1707080104570749;0.7122332290413969;3.151286879644806
Energetyczne;Prog_Energii_99.99%;73;1238;0.00293016276032192;0.05413097782528891;0.19949886046065224;0.9992632433969486
Energetyczne;Prog_Energii_99.0%;74;27;0.3064824690336757;0.5536085882947226;1.9778892183132184;9.864340822506037
Energetyczne;Prog_Energii_99.9%;74;275;0.03140913331303982;0.1772262207266177;0.6665096833887905;3.1578625781747216
Energetyczne;Prog_Energii_99.99%;74;1994;0.003147147434819368;0.05609944237529788;0.22010721728648486;0.9995943546451502
Energetyczne;Prog_Energii_99.0%;75;23;0.29327349277168113;0.5415473135116461;1.838430209965722;9.74891369748789
Energetyczne;Prog_Energii_99.9%;75;193;0.030744655664120917;0.1753415400414885;1.1135063320227294;3.1564915914079736
Energetyczne;Prog_Energii_99.99%;75;1616;0.0030822210602792434;0.05551775445998553;0.49963656529673894;0.9994284587972253
Energetyczne;Prog_Energii_99.0%;76;43;0.2946361199472259;0.542803942457335;2.3007677984385784;9.949279895054843
Energetyczne;Prog_Energii_99.9%;76;423;0.029715276524262327;0.1723811953905133;1.9453902832915118;3.1596468401096054
Energetyczne;Prog_Energii_99.99%;76;2383;0.0029763200911056254;0.05455566048638423;0.5558207370323742;0.9999734592592506
Energetyczne;Prog_Energii_99.0%;77;16;0.31310705504659136;0.5595596974823968;1.7036707686292436;9.447439520966922
Energetyczne;Prog_Energii_99.9%;77;127;0.034900466477384255;0.1868166654166171;0.9122404504695911;3.15415702019484
Energetyczne;Prog_Energii_99.99%;77;1116;0.003502549513695522;0.05918234123195467;0.5855281577452223;0.9992170487148214
Energetyczne;Prog_Energii_99.0%;78;21;0.3365974192089087;0.5801701640113086;2.4449716697460318;9.883037513816378
Energetyczne;Prog_Energii_99.9%;78;213;0.034456464602006624;0.18562452586338538;1.9765181362771074;3.1620622127622156
Energetyczne;Prog_Energii_99.99%;78;1703;0.0034435496671184765;0.05868176605316575;1.067979281153721;0.9996275769691756
Energetyczne;Prog_Energii_99.0%;79;33;0.28365124245971474;0.5325891873289531;1.8550145865343066;9.915865694471208
Energetyczne;Prog_Energii_99.9%;79;382;0.028742637639314707;0.16953653777081418;1.381683461599195;3.156469524422973
Energetyczne;Prog_Energii_99.99%;79;2323;0.0028816747196594335;0.05368123247150193;0.4248060668161777;0.9994493019482347
Energetyczne;Prog_Energii_99.0%;80;23;0.2992462214448618;0.5470340222005042;1.9087514590527381;9.797979028677403
Energetyczne;Prog_Energii_99.9%;80;227;0.031056034586119607;0.17622722430464485;1.3001132234734558;3.1564227780078786
Energetyczne;Prog_Energii_99.99%;80;1778;0.003114985425094198;0.05581205447834901;0.7070266784695285;0.999655080184079
Energetyczne;Prog_Energii_99.0%;81;13;0.339246182481148;0.5824484376158529;1.971755938525292;9.73014165811452
Energetyczne;Prog_Energii_99.9%;81;122;0.03526924677954463;0.18780108300950937;0.6848722362539856;3.137326882890611
Energetyczne;Prog_Energii_99.99%;81;1013;0.003582531018138375;0.05985424812106802;0.22460926701427208;0.9999002065175691
Energetyczne;Prog_Energii_99.0%;82;40;0.2623855889569163;0.5122358723839208;1.7630849525964996;9.892181064315936
Energetyczne;Prog_Energii_99.9%;82;453;0.02676231988508035;0.16359193099013272;0.6377632148423658;3.159249652868062
Energetyczne;Prog_Energii_99.99%;82;2452;0.0026790385727099683;0.05175942979506216;0.19726205018412557;0.999566174339992
Energetyczne;Prog_Energii_99.0%;83;26;0.25677604495126577;0.5067307420625532;1.5608132295629717;9.613488474258064
Energetyczne;Prog_Energii_99.9%;83;230;0.0276145981384812;0.16617640668422579;0.6803640943760243;3.152630850557747
Energetyczne;Prog_Energii_99.99%;83;1683;0.002776933570491295;0.05269661820735079;0.2630300425198424;0.999738696939385
Energetyczne;Prog_Energii_99.0%;84;28;0.35331094458733137;0.594399650561246;1.8280361684161095;9.835426305158865
Energetyczne;Prog_Energii_99.9%;84;253;0.03647016173616401;0.19097162547395363;0.765102657250675;3.159973844116408
Energetyczne;Prog_Energii_99.99%;84;1946;0.0036506462636053017;0.06042057814689712;0.23648730741753976;0.9997686625787594
Energetyczne;Prog_Energii_99.0%;85;29;0.3853663926516196;0.6207788597009563;2.6750356500824215;9.821048378647692
Energetyczne;Prog_Energii_99.9%;85;314;0.03987267055135086;0.1996814226495566;1.2380116646022579;3.1590652315434697
Energetyczne;Prog_Energii_99.99%;85;2043;0.003992798348198979;0.06318859349755285;0.49754380294612677;0.9996768156974877
Energetyczne;Prog_Energii_99.0%;86;23;0.3164234011813406;0.5625152452879305;1.9921625899197828;9.998435484735497
Energetyczne;Prog_Energii_99.9%;86;267;0.03153012678581178;0.1775672458135559;0.658948373662466;3.156171617287012
Energetyczne;Prog_Energii_99.99%;86;1956;0.0031614392654288745;0.056226677524364485;0.20933743836454166;0.9994019050285959
Energetyczne;Prog_Energii_99.0%;87;21;0.4115841260591607;0.6415482258249653;2.2011720184196877;9.990661805505734
Energetyczne;Prog_Energii_99.9%;87;237;0.041100346864887505;0.20273220480448464;1.4957850480737411;3.1570953106161843
Energetyczne;Prog_Energii_99.99%;87;1813;0.0041216603732034274;0.06420015866961255;0.6769594013858948;0.9997721875126825
Energetyczne;Prog_Energii_99.0%;88;39;0.27496243731446995;0.524368608246594;1.9481910776775289;9.995110616589509
Energetyczne;Prog_Energii_99.9%;88;394;0.027454694979510044;0.1656945834344323;0.612725637865021;3.158342555124967
Energetyczne;Prog_Energii_99.99%;88;2392;0.00275058643650621;0.05244603356314193;0.2368597566916253;0.999685905336372
Energetyczne;Prog_Energii_99.0%;89;46;0.3116994583755285;0.558300509023168;1.8943202877077088;9.826624228857069
Energetyczne;Prog_Energii_99.9%;89;403;0.03224533242074032;0.1795698538751433;1.434484552886195;3.1606015906186133
Energetyczne;Prog_Energii_99.99%;89;2443;0.0032242270276708752;0.05678227740828009;0.4207207513499913;0.9994225223368618
Energetyczne;Prog_Energii_99.0%;90;20;0.3387365272289816;0.5820107621247065;1.9817861227518847;9.60941900131249
Energetyczne;Prog_Energii_99.9%;90;207;0.03666936796787262;0.19149247496408994;0.7274469254799323;3.161679383402881
Energetyczne;Prog_Energii_99.99%;90;1743;0.003666514948605712;0.06055175429833319;0.22533924412286854;0.9997532969889181
Energetyczne;Prog_Energii_99.0%;91;31;0.31068408952613435;0.5573904282692109;2.2479844245790876;9.896586468520633
Energetyczne;Prog_Energii_99.9%;91;343;0.03165400463440408;0.1779157234040996;0.7127405258731208;3.158931785473095
Energetyczne;Prog_Energii_99.99%;91;2266;0.0031686686173195504;0.05629092837500151;0.21740623330224196;0.9994574929934734
Energetyczne;Prog_Energii_99.0%;92;25;0.3046233980933142;0.5519269861977345;2.189045749328086;9.998032712414224
Energetyczne;Prog_Energii_99.9%;92;284;0.030326464739281845;0.17414495324091894;1.0363956520933577;3.1545965005247636
Energetyczne;Prog_Energii_99.99%;92;1960;0.0030459657764759277;0.05519026885670995;0.3197749611911531;0.9997592566322443
Energetyczne;Prog_Energii_99.0%;93;31;0.3502079302802233;0.591783685378554;2.253261503386187;9.858327726407893
Energetyczne;Prog_Energii_99.9%;93;287;0.035978972587427265;0.18968123941873447;0.8169858654367133;3.15983672403026
Energetyczne;Prog_Energii_99.99%;93;2058;0.0036017185060446336;0.060014319175048826;0.23113261208033276;0.9997585964648793
Energetyczne;Prog_Energii_99.0%;94;53;0.32203646214002946;0.5674825654943326;2.0708313417261035;9.956153740755786
Energetyczne;Prog_Energii_99.9%;94;526;0.032451697246877825;0.18014354622599674;0.6638543436043314;3.160514438128377
Energetyczne;Prog_Energii_99.99%;94;2594;0.0032443128363472944;0.056958869689867395;0.19699380609966832;0.9993104599398626
Energetyczne;Prog_Energii_99.0%;95;30;0.3046705326217817;0.5519696845133631;1.8098227164027128;9.888927647277331
Energetyczne;Prog_Energii_99.9%;95;280;0.031000025237579585;0.17606824028648546;0.6541850095553197;3.1543871665914693
Energetyczne;Prog_Energii_99.99%;95;1926;0.00311388321359869;0.05580217929076507;0.21578023302673177;0.9997355453556863
Energetyczne;Prog_Energii_99.0%;96;45;0.3303026587560248;0.5747196349142988;1.9148743648308981;9.97137202581938
Energetyczne;Prog_Energii_99.9%;96;468;0.03311838778826799;0.18198458118276942;0.6962061195908085;3.1574281644421602
Energetyczne;Prog_Energii_99.99%;96;2570;0.003319840930631985;0.057618060802425354;0.21331534739110403;0.9996719874603509
Energetyczne;Prog_Energii_99.0%;97;34;0.2947900132908799;0.5429456817130788;1.8703297344001397;9.730956771370076
Energetyczne;Prog_Energii_99.9%;97;321;0.031085267970170322;0.1763101470992816;0.949824234723029;3.15992276495102
Energetyczne;Prog_Energii_99.99%;97;2102;0.0031113443106247636;0.05577942551357771;0.4378283922271944;0.9997080678345264
Energetyczne;Prog_Energii_99.0%;98;21;0.28336225983361685;0.5323178184445988;1.8996767462590594;9.82368002031645
Energetyczne;Prog_Energii_99.9%;98;228;0.029241167597370873;0.17100049005008983;0.6855421343636401;3.1557352381662214
Energetyczne;Prog_Energii_99.99%;98;1742;0.0029346332705403374;0.054172255542300776;0.22980740398819277;0.9997240107072671
Energetyczne;Prog_Energii_99.0%;99;36;0.3224991381186585;0.567890075735312;1.7319227917933153;9.715033897089448
Energetyczne;Prog_Energii_99.9%;99;340;0.034048886067657665;0.1845234024931734;0.6893318399818966;3.156686807224636
Energetyczne;Prog_Energii_99.99%;99;2222;0.0034147268455836047;0.058435664157974666;0.22305775757341362;0.9996731451215926
Energetyczne;Prog_Energii_99.0%;100;30;0.37962696368227505;0.6161387535955477;2.0004910701635303;9.75980013235258
Energetyczne;Prog_Energii_99.9%;100;276;0.039713425795222794;0.19928227667111492;0.7520841948396333;3.15668374839314
Energetyczne;Prog_Energii_99.99%;100;1966;0.003981932593476641;0.06310255615643982;0.243397739258719;0.9995611091388714
Energetyczne;Prog_Energii_99.0%;101;20;0.38329929145284725;0.6191116954579741;2.285770025874988;9.568797477038123
Energetyczne;Prog_Energii_99.9%;101;261;0.0417443140119702;0.20431425308081225;1.1521201958223148;3.157817440286613
Energetyczne;Prog_Energii_99.99%;101;1925;0.004185244013831965;0.06469346190946938;0.4578390661976659;0.9998819916368603
Energetyczne;Prog_Energii_99.0%;102;55;0.3305329917287185;0.5749199872405886;1.8975883853681434;9.969718499458057
Energetyczne;Prog_Energii_99.9%;102;488;0.033214207279966886;0.1822476537022271;0.6619892563521921;3.1603663899713608
Energetyczne;Prog_Energii_99.99%;102;2584;0.003323457331397864;0.057649434788190804;0.20481522857013967;0.9997019572231534
Energetyczne;Prog_Energii_99.0%;103;15;0.294107402552138;0.5423166994959108;2.0896479038258686;9.8933353366698
Energetyczne;Prog_Energii_99.9%;103;131;0.02996141867807059;0.17309367024264807;1.5481644519611155;3.1577005206684996
Energetyczne;Prog_Energii_99.99%;103;1215;0.003003379776445288;0.05480310006236224;1.0311411022610546;0.9997579770454907
Energetyczne;Prog_Energii_99.0%;104;42;0.41112973981381895;0.6411939954598912;2.3590430581917774;9.917646088212933
Energetyczne;Prog_Energii_99.9%;104;381;0.04173336149947942;0.20428744821814046;0.8349573352725734;3.1598090843606146
Energetyczne;Prog_Energii_99.99%;104;2244;0.004174728356004905;0.06461213783806341;0.2572896012519288;0.9993860214195169
Energetyczne;Prog_Energii_99.0%;105;37;0.32615637866102953;0.5711010231658051;2.1964389506378588;9.885743071034147
Energetyczne;Prog_Energii_99.9%;105;387;0.0333383322048713;0.18258787529535278;1.7289306212062048;3.1605911210770823
Energetyczne;Prog_Energii_99.99%;105;2378;0.00333426069549021;0.057743057552317144;0.5528171462703844;0.9995307449001327
Energetyczne;Prog_Energii_99.0%;106;16;0.36473686130693356;0.6039344842836295;1.9804370870447112;9.60915690268383
Energetyczne;Prog_Energii_99.9%;106;197;0.03945824885507574;0.19864100496895332;0.7358756430008446;3.1605623353625925
Energetyczne;Prog_Energii_99.99%;106;1584;0.003946886781348584;0.0628242531300499;0.2531288055805665;0.9995920440553308
Energetyczne;Prog_Energii_99.0%;107;17;0.32353416140939956;0.5688006341499625;2.089544771312615;9.717372021684636
Energetyczne;Prog_Energii_99.9%;107;216;0.03412205954419559;0.1847215730341088;1.7307852118319644;3.1557775041614584
Energetyczne;Prog_Energii_99.99%;107;1788;0.00342237687516827;0.058501084393097105;0.8415081364851571;0.9994306732256847
Energetyczne;Prog_Energii_99.0%;108;12;0.36222957875541484;0.6018551144215813;2.073235312444909;8.971865408328476
Energetyczne;Prog_Energii_99.9%;108;104;0.04437647847455519;0.21065725355314777;0.7622474899740252;3.140271605041288
Energetyczne;Prog_Energii_99.99%;108;1024;0.004495401777112839;0.06704775743537467;0.2556491128011755;0.9994821697553496
Energetyczne;Prog_Energii_99.0%;109;33;0.3614463334003058;0.6012040696804254;1.9392501638835071;9.862951988306417
Energetyczne;Prog_Energii_99.9%;109;361;0.03711057822134056;0.19264106057987887;0.6553412921416255;3.1603404356290175
Energetyczne;Prog_Energii_99.99%;109;2283;0.0037123268567126927;0.06092886718717732;0.2657038087933712;0.9995582566306671
Energetyczne;Prog_Energii_99.0%;110;30;0.2716717779739355;0.5212214289281816;1.7325495226578251;9.789334616747208
Energetyczne;Prog_Energii_99.9%;110;291;0.02829225197349491;0.16820300821773346;1.1035875847886278;3.159109429504587
Energetyczne;Prog_Energii_99.99%;110;2061;0.002834354686740418;0.05323865782249228;0.46021722278047505;0.9999033175642796
Energetyczne;Prog_Energii_99.0%;111;21;0.29543061308616686;0.5435352914817646;1.911562556905949;9.731620913228046
Energetyczne;Prog_Energii_99.9%;111;231;0.031142953553915134;0.17647366249362859;0.6199519795917556;3.159638042775665
Energetyczne;Prog_Energii_99.99%;111;1762;0.0031170209442169636;0.055830286979532566;0.22300428786966808;0.9996024119802174
Energetyczne;Prog_Energii_99.0%;112;35;0.43423096375450293;0.6589620351389774;2.4485666973220495;9.909286814509212
Energetyczne;Prog_Energii_99.9%;112;305;0.044154713757854486;0.21013023047114018;1.6698528873287284;3.1598796457193457
Energetyczne;Prog_Energii_99.99%;112;2134;0.00441764237026973;0.0664653471387138;0.6213952533254563;0.9994873041275101
Energetyczne;Prog_Energii_99.0%;113;23;0.3073493141498449;0.554390939815799;1.970390858373416;9.859007726861366
Energetyczne;Prog_Energii_99.9%;113;229;0.0315444104760239;0.17760746176899186;1.2675193108987006;3.158481158639643
Energetyczne;Prog_Energii_99.99%;113;1826;0.003158527305602043;0.056200776734864115;0.544181196305801;0.9994461530499302
Energetyczne;Prog_Energii_99.0%;114;30;0.44848373284817244;0.6696892808222127;2.077643169299411;9.788354343338863
Energetyczne;Prog_Energii_99.9%;114;249;0.046786793456130446;0.2163025507388446;0.7390319341862233;3.161534867932171
Energetyczne;Prog_Energii_99.99%;114;1965;0.004678398077773819;0.06839881634775428;0.2526048565488441;0.9997350566142901
Energetyczne;Prog_Energii_99.0%;115;32;0.29334457439810646;0.5416129378053173;2.183046195986352;9.888468216361655
Energetyczne;Prog_Energii_99.9%;115;369;0.029966925003180024;0.17310957513430625;1.3044274420498994;3.1605384808565256
Energetyczne;Prog_Energii_99.99%;115;2290;0.0029969552462177757;0.054744454022464924;0.3941406016902045;0.9994938374566682
Energetyczne;Prog_Energii_99.0%;116;56;0.34487262670327734;0.58725856886322;1.9756808360814988;9.864016594950604
Energetyczne;Prog_Energii_99.9%;116;675;0.03542399888716353;0.18821264273996985;0.7106120666989071;3.16135469076311
Energetyczne;Prog_Energii_99.99%;116;2950;0.0035401681453596573;0.05949931214190343;0.23914678296257197;0.9993931693359052
Energetyczne;Prog_Energii_99.0%;117;12;0.382621687432549;0.6185642144778091;2.4474293378988237;9.44663651962511
Energetyczne;Prog_Energii_99.9%;117;130;0.042597854288327866;0.2063924763365367;2.324903446231486;3.152000485483201
Energetyczne;Prog_Energii_99.99%;117;1277;0.004287137620207964;0.06547623706512129;1.402635592465678;0.999945030362237
Energetyczne;Prog_Energii_99.0%;118;23;0.28773676104165397;0.5364110001124641;1.858371177571712;9.970891897589437
Energetyczne;Prog_Energii_99.9%;118;212;0.028875658611188588;0.16992839259873138;0.6295786293087549;3.1586556438586313
Energetyczne;Prog_Energii_99.99%;118;1647;0.0028933776647722498;0.053790126089945635;0.23786305938796382;0.9998593099099473
Energetyczne;Prog_Energii_99.0%;119;25;0.293544983004969;0.5417979171286735;1.9870119440186467;9.952673327303007
Energetyczne;Prog_Energii_99.9%;119;202;0.029542957914604942;0.17188065020416038;0.6883158231997737;3.157398558917257
Energetyczne;Prog_Energii_99.99%;119;1749;0.002963343132581924;0.054436597364107206;0.27340450996580934;0.9999847793549406
Energetyczne;Prog_Energii_99.0%;120;27;0.3916197457150026;0.6257952905823138;2.673928913607094;9.954604037523424
Energetyczne;Prog_Energii_99.9%;120;286;0.03941518206954259;0.19853257181012537;0.7443080586464186;3.158082476271095
Energetyczne;Prog_Energii_99.99%;120;1984;0.003947529127913388;0.06282936517197503;0.32869077744149244;0.9994345780934074
Energetyczne;Prog_Energii_99.0%;121;15;0.4045781955570645;0.6360646158662376;1.7623633353077572;9.722504600938354
Energetyczne;Prog_Energii_99.9%;121;112;0.042397930272197674;0.2059075770150231;0.765774394191304;3.1473804939931322
Energetyczne;Prog_Energii_99.99%;121;1058;0.0042743523713376155;0.06537853142536636;0.38681720349492554;0.9993372634320392
Energetyczne;Prog_Energii_99.0%;122;28;0.37781896241782553;0.6146697995003704;3.7047291406718923;9.90146192551857
Energetyczne;Prog_Energii_99.9%;122;290;0.03833099078360667;0.19578301965085396;2.4745048281088287;3.1537878000703965
Energetyczne;Prog_Energii_99.99%;122;2094;0.0038500303885773777;0.062048613107606024;1.0063671512117844;0.9995154808574961
Energetyczne;Prog_Energii_99.0%;123;33;0.33901587802179245;0.5822507003188511;1.9382501284750244;9.991671941745821
Energetyczne;Prog_Energii_99.9%;123;307;0.03388762073879063;0.18408590586677362;0.7063321008874777;3.1589931613867632
Energetyczne;Prog_Energii_99.99%;123;2120;0.0033929558506183397;0.05824908454747027;0.24091010582458505;0.9995792935699722
Energetyczne;Prog_Energii_99.0%;124;22;0.36612866336515937;0.6050856661375804;1.9197059158626777;9.707445199926038
Energetyczne;Prog_Energii_99.9%;124;199;0.03872486238129401;0.19678633687655758;0.7545726809010285;3.1570613687104223
Energetyczne;Prog_Energii_99.99%;124;1643;0.0038851772066922493;0.062331189678139866;0.22380104381609822;0.9999850300687174
Energetyczne;Prog_Energii_99.0%;125;26;0.3198399430644637;0.5655439355739426;1.840681160811518;9.836009961162247
Energetyczne;Prog_Energii_99.9%;125;235;0.0329434293101921;0.1815032487593324;1.0797768864713029;3.156726914538165
Energetyczne;Prog_Energii_99.99%;125;1813;0.0033033409843067417;0.057474698644766654;0.5647714953642082;0.9996070558355578
Energetyczne;Prog_Energii_99.0%;126;30;0.2856467057254306;0.5344592647952046;1.7191123093848288;9.816949624557159
Energetyczne;Prog_Energii_99.9%;126;251;0.029601383637666755;0.1720505264091533;0.8051076657975349;3.160224664239656
Energetyczne;Prog_Energii_99.99%;126;1857;0.002962584708066101;0.05442963079119774;0.33378945824020345;0.9997636466554293
Energetyczne;Prog_Energii_99.0%;127;51;0.2877061974871308;0.5363825104224883;1.797234044953905;9.972731454982199
Energetyczne;Prog_Energii_99.9%;127;496;0.02884506529943917;0.1698383504966978;0.6627997452559091;3.1577320799043296
Energetyczne;Prog_Energii_99.99%;127;2643;0.002892634058678629;0.05378321353990136;0.1946882898234792;0.9999683714461978
Energetyczne;Prog_Energii_99.0%;128;31;0.3241711925468971;0.5693603362958268;2.192157412471211;9.927057182854202
Energetyczne;Prog_Energii_99.9%;128;290;0.032822715955266715;0.18117040584837998;0.6657765180144253;3.1587886686987567
Energetyczne;Prog_Energii_99.99%;128;2015;0.0032891828729626482;0.05735139817792281;0.2104925349479574;0.9999477886585142
Energetyczne;Prog_Energii_99.0%;129;18;0.3338291405726884;0.5777794913050206;2.230738706845382;9.827736056797038
Energetyczne;Prog_Energii_99.9%;129;184;0.034426825452110565;0.18554467238945602;0.64235415126993;3.1560207560669533
Energetyczne;Prog_Energii_99.99%;129;1521;0.0034537280605463805;0.05876842741256891;0.35314630933915403;0.9996211388175733
Energetyczne;Prog_Energii_99.0%;130;40;0.2090692630152958;0.45724092447559395;1.7428263486705573;9.827351495951506
Energetyczne;Prog_Energii_99.9%;130;356;0.021612449337423144;0.14701173197205433;0.6115093327316705;3.159682099267353
Energetyczne;Prog_Energii_99.99%;130;2340;0.002162524719665172;0.04650295388107267;0.17506054472286925;0.9994750008727985
Energetyczne;Prog_Energii_99.0%;131;18;0.2773855096012333;0.5266740069542385;1.808566269450342;9.632171633595078
Energetyczne;Prog_Energii_99.9%;131;178;0.029684673868468344;0.17229240804071533;0.8277388367781957;3.1510004737290203
Energetyczne;Prog_Energii_99.99%;131;1517;0.0029897024251876406;0.05467817137750348;0.204655912285026;0.9999915020773001
Energetyczne;Prog_Energii_99.0%;132;29;0.2466480368212394;0.49663672520388524;1.7175387407740597;9.99021024414443
Energetyczne;Prog_Energii_99.9%;132;279;0.02466320225325386;0.15704522359261316;0.7552153706319995;3.1590793066799217
Energetyczne;Prog_Energii_99.99%;132;1958;0.002468762172631847;0.04968663978004396;0.2780352323321251;0.9994830276072102
Energetyczne;Prog_Energii_99.0%;133;38;0.23535177806214616;0.4851306814273306;2.052701180647416;9.839699950823745
Energetyczne;Prog_Energii_99.9%;133;408;0.024215621315888475;0.15561369257198568;1.4260704523401189;3.1562465574081227
Energetyczne;Prog_Energii_99.99%;133;2404;0.0024285427105510565;0.04928024665675951;0.4955258064803587;0.9995303516537818
Energetyczne;Prog_Energii_99.0%;134;24;0.2008873096811912;0.44820454000510884;1.6007176656979958;9.80004150262641
Energetyczne;Prog_Energii_99.9%;134;291;0.020861705297158226;0.14443581722397747;0.7395763707792309;3.158105009923834
Energetyczne;Prog_Energii_99.99%;134;1992;0.002088784291345018;0.0457032197043602;0.23800627333597157;0.9993059193494065
Energetyczne;Prog_Energii_99.0%;135;26;0.31541551705392373;0.5616186580357919;1.767390780976223;9.816633970556536
Energetyczne;Prog_Energii_99.9%;135;316;0.032568783951655134;0.18046823529822398;0.8188395093144116;3.15443688325973
Energetyczne;Prog_Energii_99.99%;135;2130;0.003272651848621717;0.057207096138693465;0.21116918798294115;0.9999331668859947
Energetyczne;Prog_Energii_99.0%;136;33;0.3149208106300387;0.5611780560838411;2.048506653939108;9.946157250647824
Energetyczne;Prog_Energii_99.9%;136;328;0.03178268811622823;0.17827699828140542;0.7173292141156882;3.1597298573189665
Energetyczne;Prog_Energii_99.99%;136;2274;0.0031792144391735184;0.05638452304643109;0.18618379355718417;0.9993429476486761
Energetyczne;Prog_Energii_99.0%;137;48;0.3575552446920982;0.5979592333028215;2.1349526279270643;9.86966893072302
Energetyczne;Prog_Energii_99.9%;137;462;0.03659160531946281;0.1912893235898512;0.8886117874444759;3.157342823164777
Energetyczne;Prog_Energii_99.99%;137;2587;0.003669348370310131;0.060575146473699354;0.31253257220422426;0.9998284294787316
Energetyczne;Prog_Energii_99.0%;138;50;0.24917463325893469;0.4991739509018221;2.207019237011016;9.922456808537612
Energetyczne;Prog_Energii_99.9%;138;439;0.025297490668359648;0.15905184899384114;0.6480347742536343;3.1615934667829535
Energetyczne;Prog_Energii_99.99%;138;2463;0.002529652093950648;0.05029564686879619;0.18915888696475136;0.9997644765146108
Energetyczne;Prog_Energii_99.0%;139;58;0.2697652483935327;0.5193893033106599;1.707934306186289;9.877743679138609
Energetyczne;Prog_Energii_99.9%;139;510;0.027597005236487514;0.16612346383484639;0.636671964607503;3.1593353663461685
Energetyczne;Prog_Energii_99.99%;139;2637;0.0027625220578931277;0.052559699941049205;0.1956429890352851;0.9995801618571092
Energetyczne;Prog_Energii_99.0%;140;21;0.371309348157378;0.6093515800893422;2.05129588810295;9.790621506644314
Energetyczne;Prog_Energii_99.9%;140;181;0.03866163160739398;0.1966256127959783;1.7416257809089686;3.1592384697109823
Energetyczne;Prog_Energii_99.99%;140;1504;0.0038730602236800578;0.062233915381245765;0.9404987841655785;0.99992964699455
Energetyczne;Prog_Energii_99.0%;141;56;0.2867669210852972;0.5355062288015866;1.9328054147775473;9.923146652908056
Energetyczne;Prog_Energii_99.9%;141;525;0.02908222159913164;0.1705351037151344;1.3763740462576926;3.160084332578635
Energetyczne;Prog_Energii_99.99%;141;2627;0.0029114398178476074;0.053957759570312104;0.369171160696502;0.9998590725579508
Energetyczne;Prog_Energii_99.0%;142;37;0.36212629077517167;0.6017693002930373;2.0641561284784764;9.988933268496845
Energetyczne;Prog_Energii_99.9%;142;395;0.03628727975509813;0.1904922039220979;0.7293518580009595;3.1620322143720783
Energetyczne;Prog_Energii_99.99%;142;2418;0.003627031768210331;0.060224843446955764;0.22867611988851788;0.9996886547791066
Energetyczne;Prog_Energii_99.0%;143;41;0.3479055269855565;0.5898351693359396;2.2235330889148197;9.970393038025495
Energetyczne;Prog_Energii_99.9%;143;372;0.034840129291644505;0.18665510786379383;1.050824270930642;3.155160771529248
Energetyczne;Prog_Energii_99.99%;143;2326;0.0034962747347239316;0.0591293052109014;0.24342732005728962;0.9995036641877201
Energetyczne;Prog_Energii_99.0%;144;17;0.28656624164363986;0.5353188224260752;1.6822121940323083;9.769700041569543
Energetyczne;Prog_Energii_99.9%;144;175;0.02991846815860523;0.1729695584737535;0.978408912057052;3.156736942207288
Energetyczne;Prog_Energii_99.99%;144;1484;0.0029992671199188677;0.054765565092664455;0.49116908539981186;0.9994850192966458
Energetyczne;Prog_Energii_99.0%;145;38;0.2989914765548278;0.5468011307183149;1.9451311399234248;9.835477274482479
Energetyczne;Prog_Energii_99.9%;145;444;0.030868755447377202;0.17569506381050437;0.7030712900729483;3.16028023767414
Energetyczne;Prog_Energii_99.99%;145;2567;0.0030874356742138748;0.05556469809342866;0.21761411841645284;0.9994590257036797
Energetyczne;Prog_Energii_99.0%;146;36;0.25441630810537547;0.5043969747186986;1.6946506090261035;9.753542659534894
Energetyczne;Prog_Energii_99.9%;146;379;0.02671225738847536;0.16343884907963394;0.6599803624095397;3.1604229736162197
Energetyczne;Prog_Energii_99.99%;146;2312;0.00267297530352304;0.05170082497913394;0.21012530422667108;0.9997407344648699
Energetyczne;Prog_Energii_99.0%;147;37;0.34540431841693137;0.5877110841365265;1.976908152496466;9.89316588652549
Energetyczne;Prog_Energii_99.9%;147;340;0.03520039789246607;0.18761769077692558;0.7230859619507282;3.158240482787601
Energetyczne;Prog_Energii_99.99%;147;2196;0.0035261244901225296;0.05938117959524322;0.21623394732189194;0.9995861506277693
Energetyczne;Prog_Energii_99.0%;148;19;0.2763826946371721;0.5257211186904822;1.8935274510719466;9.840250619519782
Energetyczne;Prog_Energii_99.9%;148;194;0.02840234538205126;0.16852995396086495;0.784825014287077;3.1544804363231407
Energetyczne;Prog_Energii_99.99%;148;1745;0.0028531948120780613;0.053415305035898294;0.30247691959715084;0.9998076352355834
Energetyczne;Prog_Energii_99.0%;149;30;0.28450586086053464;0.5333909081157407;1.9162293503771908;9.816814297888696
Energetyczne;Prog_Energii_99.9%;149;307;0.029480545698091037;0.17169899737066327;0.7953157730692828;3.160041063084141
Energetyczne;Prog_Energii_99.99%;149;2180;0.0029491644010505224;0.054306209599368306;0.28780504357725967;0.9994808061924041
Energetyczne;Prog_Energii_99.0%;150;22;0.3673328039575566;0.6060798659892577;1.9463237095678005;9.75223458413211
Energetyczne;Prog_Energii_99.9%;150;204;0.03851438599067553;0.19625082417833442;1.085311536882485;3.1578083716615413
Energetyczne;Prog_Energii_99.99%;150;1664;0.003856960454936849;0.06210443184618026;0.4699513216081348;0.9993022736197106
Energetyczne;Prog_Energii_99.0%;151;27;0.31604641860560734;0.5621800588829236;1.8310647533070825;9.912485852251004
Energetyczne;Prog_Energii_99.9%;151;281;0.032077724020408996;0.17910255168592376;0.6289764312979438;3.157976668927879
Energetyczne;Prog_Energii_99.99%;151;1848;0.003213178953410994;0.05668490939757242;0.22581048742595033;0.9994811334220276
Energetyczne;Prog_Energii_99.0%;152;42;0.2857578806029617;0.5345632615537301;1.9374464507090283;9.808116885740183
Energetyczne;Prog_Energii_99.9%;152;423;0.029651429895558114;0.17219590557141048;0.7112575104547618;3.159434421627414
Energetyczne;Prog_Energii_99.99%;152;2489;0.00296910944598964;0.05448953519704164;0.20846651996681764;0.9997689117446402
Energetyczne;Prog_Energii_99.0%;153;46;0.25821089817931486;0.5081445642524526;1.8442543110969707;9.895111882896414
Energetyczne;Prog_Energii_99.9%;153;458;0.02629411560070904;0.1621546040071297;0.8979257552550228;3.1576406830953667
Energetyczne;Prog_Energii_99.99%;153;2549;0.002636073363956441;0.05134270507050092;0.30579442833032555;0.9997977874476643
Energetyczne;Prog_Energii_99.0%;154;13;0.36227949280292693;0.6018965798232508;2.012638864090343;9.917123296330645
Energetyczne;Prog_Energii_99.9%;154;158;0.03671850959207867;0.1916207441590776;0.7124699951627722;3.157231008885681
Energetyczne;Prog_Energii_99.99%;154;1393;0.00368080518436424;0.060669639725024246;0.23328915806935946;0.9996207283213129
Energetyczne;Prog_Energii_99.0%;155;32;0.3356357471777163;0.5793407867375784;1.9429234308871446;9.828006238676524
Energetyczne;Prog_Energii_99.9%;155;263;0.03469010772593623;0.18625280595453114;1.0497450354302948;3.159614825671322
Energetyczne;Prog_Energii_99.99%;155;1909;0.00347176262547127;0.0589216651620715;0.3492994175043176;0.9995541589036308
Energetyczne;Prog_Energii_99.0%;156;28;0.2710164060087006;0.520592360689917;1.8596914891831453;9.606017895496384
Energetyczne;Prog_Energii_99.9%;156;304;0.029271886794974215;0.17109028842974758;1.5371695883293963;3.1569736640463635
Energetyczne;Prog_Energii_99.99%;156;1970;0.0029358363926941834;0.054183359001580764;0.5091422616614638;0.9997963003481523
Energetyczne;Prog_Energii_99.0%;157;10;0.36682622658535385;0.6056618087558054;2.0135797830128657;9.546234015702579
Energetyczne;Prog_Energii_99.9%;157;98;0.039836833407011496;0.19959166667727263;0.7655252644428323;3.1458954983466048
Energetyczne;Prog_Energii_99.99%;157;946;0.004020184664895692;0.06340492618792086;0.2687351782168568;0.9993667330315047
Energetyczne;Prog_Energii_99.0%;158;16;0.35898904849097096;0.5991569481287612;2.0261875243849152;9.709056906753357
Energetyczne;Prog_Energii_99.9%;158;156;0.03773185272327867;0.19424688600664533;1.3351179964004238;3.1476795455484785
Energetyczne;Prog_Energii_99.99%;158;1416;0.00380388864447828;0.06167567303628133;0.6702100227016725;0.9994253110837361
Energetyczne;Prog_Energii_99.0%;159;23;0.25628986681326504;0.5062507943828484;1.7881358081049155;9.810714203714163
Energetyczne;Prog_Energii_99.9%;159;194;0.02654478721442259;0.1629257107224719;0.7609697100179282;3.1573631134421265
Energetyczne;Prog_Energii_99.99%;159;1679;0.0026624018777585564;0.05159846778498908;0.3056798023408587;0.9999348670755005
Energetyczne;Prog_Energii_99.0%;160;47;0.39692900192482494;0.6300230169801933;2.1461304565811083;9.877033305969942
Energetyczne;Prog_Energii_99.9%;160;332;0.040490842789616496;0.2012233654166844;0.7995658786984037;3.154630590619255
Energetyczne;Prog_Energii_99.99%;160;2156;0.0040643123225781305;0.06375195936265905;0.2580204235037824;0.9994559071254082
Energetyczne;Prog_Energii_99.0%;161;22;0.32816939207799667;0.5728607091414079;1.9292194282731616;9.792860415226041
Energetyczne;Prog_Energii_99.9%;161;211;0.03415306086076597;0.18480546761599337;0.6926591911943039;3.1591870754174307
Energetyczne;Prog_Energii_99.99%;161;1807;0.0034204250548703326;0.05848440009840515;0.2198076629396768;0.9997710743512319
Energetyczne;Prog_Energii_99.0%;162;23;0.38816403366235247;0.6230281162695248;1.8901509180979024;9.907800821037137
Energetyczne;Prog_Energii_99.9%;162;223;0.039440822161232424;0.19859713532987433;0.7351023196602808;3.1582216100593024
Energetyczne;Prog_Energii_99.99%;162;1773;0.003951271801960138;0.0628591425487187;0.24431756404816074;0.9996272204904174
Energetyczne;Prog_Energii_99.0%;163;13;0.3361247746340479;0.5797626882044479;2.267840847851842;9.963575598288084
Energetyczne;Prog_Energii_99.9%;163;129;0.033638814016015;0.18340887114863064;0.8095470749337781;3.151993376368576
Energetyczne;Prog_Energii_99.99%;163;1219;0.0033832207940993455;0.05816546049073578;0.45353043292822015;0.9996089341374047
Energetyczne;Prog_Energii_99.0%;164;34;0.37663302536030235;0.6137043468644346;2.3415904659028977;9.703480255227886
Energetyczne;Prog_Energii_99.9%;164;362;0.03983113237455955;0.19957738442659165;0.7916382984933055;3.155583334333536
Energetyczne;Prog_Energii_99.99%;164;2203;0.003998992195134215;0.0632375853044233;0.2376675743658967;0.9998701549449974
Energetyczne;Prog_Energii_99.0%;165;27;0.31085195103041785;0.5575409859646355;2.080436460184788;9.87779138117774
Energetyczne;Prog_Energii_99.9%;165;294;0.031802038179312715;0.17833125968072092;0.8244491479331808;3.1594430260962496
Energetyczne;Prog_Energii_99.99%;165;2163;0.003182958521238383;0.05641771460488614;0.2205790419341742;0.9995362297996833
Energetyczne;Prog_Energii_99.0%;166;52;0.2813768141255566;0.5304496339197121;2.1676936582358746;9.75024268736756
Energetyczne;Prog_Energii_99.9%;166;463;0.029575342712256997;0.1719748316244473;1.695905098075578;3.1610849310366977
Energetyczne;Prog_Energii_99.99%;166;2557;0.002957912816938562;0.05438669705855065;0.4463467419393967;0.9996867965893836
Energetyczne;Prog_Energii_99.0%;167;16;0.347470654075021;0.5894664147133584;2.0386467968678597;9.568867434323131
Energetyczne;Prog_Energii_99.9%;167;160;0.03782766276346853;0.19449334889262546;1.7244305540245133;3.157230040520772
Energetyczne;Prog_Energii_99.99%;167;1363;0.0037915427461135;0.061575504432472984;0.8592700947104923;0.9995613395589742
Energetyczne;Prog_Energii_99.0%;168;32;0.4056434728808894;0.6369014624578039;2.410736848422097;9.835906038592118
Energetyczne;Prog_Energii_99.9%;168;325;0.041884636056616284;0.20465736257612693;0.7707377602049501;3.160599727054683
Energetyczne;Prog_Energii_99.99%;168;2155;0.004189171019106846;0.064723805659949;0.30219519085497737;0.9995537904319575
Energetyczne;Prog_Energii_99.0%;169;38;0.3602603558208455;0.600216923970697;1.9467803918539524;9.924474710341451
Energetyczne;Prog_Energii_99.9%;169;336;0.03643153160687877;0.1908704576587974;1.1030232660816992;3.156007360563052
Energetyczne;Prog_Energii_99.99%;169;2140;0.00365329344004239;0.06044248042595861;0.27333511022730406;0.999405122483717
Energetyczne;Prog_Energii_99.0%;170;17;0.30774145777537204;0.5547444977423138;1.658263029823603;9.71295109052262
Energetyczne;Prog_Energii_99.9%;170;206;0.03235740432854939;0.17988163977612998;0.6972624642431637;3.1495248287079862
Energetyczne;Prog_Energii_99.99%;170;1691;0.003261821823631663;0.0571123613907853;0.22555030001654863;0.9999730959217721
Energetyczne;Prog_Energii_99.0%;171;38;0.272494748047642;0.5220102949632718;1.77028979651788;9.865526339403411
Energetyczne;Prog_Energii_99.9%;171;438;0.02793643027514545;0.16714194648604955;0.6986047924619161;3.158832864768109
Energetyczne;Prog_Energii_99.99%;171;2514;0.002796245297762628;0.052879535718107704;0.1949910396275918;0.9993757929220923
Energetyczne;Prog_Energii_99.0%;172;26;0.32535631751915395;0.570400138077783;1.8540965980801678;9.797367638667046
Energetyczne;Prog_Energii_99.9%;172;346;0.0337782601772397;0.1837886290749232;0.6050804676668058;3.156809836901
Energetyczne;Prog_Energii_99.99%;172;2199;0.00338767114238145;0.05820370385449237;0.2594555591681722;0.9997246608604473
Energetyczne;Prog_Energii_99.0%;173;25;0.2727570728586806;0.522261498541373;3.0518552757763806;9.915430603451375
Energetyczne;Prog_Energii_99.9%;173;217;0.027705403614064948;0.16644940256445787;2.4412090818396632;3.1601362626256826
Energetyczne;Prog_Energii_99.99%;173;1830;0.002773098267363895;0.05266021522329637;1.1925310164015523;0.9997840374366496
Energetyczne;Prog_Energii_99.0%;174;31;0.21001215568486153;0.45827083224318516;2.0815104093733305;9.879337125781634
Energetyczne;Prog_Energii_99.9%;174;380;0.02142086779646705;0.1463586956639989;1.6129119590463126;3.1551798500390413
Energetyczne;Prog_Energii_99.99%;174;2385;0.0021505249075916325;0.04637375235617269;0.460692843804416;0.9997187276169991
Energetyczne;Prog_Energii_99.0%;175;26;0.3127352644096869;0.5592273816701816;1.7693612753469283;9.85692461753778
Energetyczne;Prog_Energii_99.9%;175;229;0.03217567302971749;0.17937578718912284;0.6326140667428142;3.1616721042058358
Energetyczne;Prog_Energii_99.99%;175;1844;0.003215930259652893;0.05670917262359673;0.22205618794739923;0.9995541312807206
Energetyczne;Prog_Energii_99.0%;176;19;0.24722598503476156;0.4972182468843652;1.5977702174622417;9.96357956389092
Energetyczne;Prog_Energii_99.9%;176;188;0.02472010427428014;0.15722628366237032;0.5760352482724675;3.1506015650492185
Energetyczne;Prog_Energii_99.99%;176;1584;0.002488540852636041;0.04988527691249234;0.26106721486620454;0.9996333173588067
Energetyczne;Prog_Energii_99.0%;177;13;0.4286902307699358;0.6547444010985781;2.1842149778274633;9.899317496298435
Energetyczne;Prog_Energii_99.9%;177;135;0.04343496358892386;0.2084105649647442;0.7652509796724649;3.1510347376889
Energetyczne;Prog_Energii_99.99%;177;1148;0.004370039398865447;0.0661062735212434;0.35071592522827455;0.9994846675831405
Energetyczne;Prog_Energii_99.0%;178;25;0.2639553897110323;0.5137658899839812;1.7629506392539234;9.98106921337133
Energetyczne;Prog_Energii_99.9%;178;309;0.026438736087797243;0.16259992646922458;0.6173376518487053;3.1588728481546737
Energetyczne;Prog_Energii_99.99%;178;2016;0.002647681894356233;0.051455630346505646;0.18706870552045185;0.9996424790328844
Energetyczne;Prog_Energii_99.0%;179;58;0.2305546600523625;0.4801610771942708;1.8428556811966752;9.907804524085781
Energetyczne;Prog_Energii_99.9%;179;611;0.02347246802369363;0.15320727144523405;0.6011762547011323;3.16133016448931
Energetyczne;Prog_Energii_99.99%;179;2797;0.0023469155198940577;0.048444974144838365;0.1807631245807828;0.9996298259037131
Energetyczne;Prog_Energii_99.0%;180;58;0.27702771484384464;0.5263342235156713;2.0797157163232494;9.859780399925222
Energetyczne;Prog_Energii_99.9%;180;569;0.028459192969057717;0.1686985268728145;0.6207003745170159;3.16021712904502
Energetyczne;Prog_Energii_99.99%;180;2798;0.002848796047042149;0.05337411401646072;0.20060859754783156;0.9998533626176115
Energetyczne;Prog_Energii_99.0%;181;37;0.32152619208058697;0.5670327963006964;2.0645203413257702;9.888894398947354
Energetyczne;Prog_Energii_99.9%;181;381;0.03281537999039001;0.18115015868165837;1.0914363245160192;3.1592084289345297
Energetyczne;Prog_Energii_99.99%;181;2319;0.0032867465756418967;0.057330154156795154;0.2587651795268959;0.9998219574433173
Energetyczne;Prog_Energii_99.0%;182;25;0.3591828002565204;0.5993186133072461;2.100402219938551;9.884813388864723
Energetyczne;Prog_Energii_99.9%;182;319;0.0366877657122239;0.19154050671391654;0.7174749167322165;3.159157955778384
Energetyczne;Prog_Energii_99.99%;182;2185;0.0036741976935684923;0.06061516059179001;0.27771160508285675;0.9997512803406651
Energetyczne;Prog_Energii_99.0%;183;30;0.4098816959533465;0.6402200371382846;1.9338472576823227;9.655140299077447
Energetyczne;Prog_Energii_99.9%;183;272;0.0437859586269726;0.2092509465378176;0.9134854082447781;3.1557076151007717
Energetyczne;Prog_Energii_99.99%;183;1967;0.004396017426551968;0.06630246923419947;0.25344296596167926;0.9999056660158708
Energetyczne;Prog_Energii_99.0%;184;23;0.28985764480129067;0.5383842910053104;1.7380018304405747;9.609753044847997
Energetyczne;Prog_Energii_99.9%;184;218;0.03115957357004205;0.17652074543815538;0.814225034457464;3.150762010135285
Energetyczne;Prog_Energii_99.99%;184;1759;0.0031385804365570025;0.056023034874567466;0.38104895961113794;0.999968867892154
Energetyczne;Prog_Energii_99.0%;185;45;0.30875917613781495;0.5556610262901429;2.035252971985771;9.991493047996725
Energetyczne;Prog_Energii_99.9%;185;418;0.030876787995144303;0.1757179216674961;0.7083137222804972;3.159632059262827
Energetyczne;Prog_Energii_99.99%;185;2420;0.0030903945935198875;0.05559131760913648;0.20428856801297157;0.9996027022608515
Energetyczne;Prog_Energii_99.0%;186;39;0.2810094221977354;0.530103218437443;2.167636164409388;9.952791684989867
Energetyczne;Prog_Energii_99.9%;186;421;0.028301322906975776;0.16822997029951522;1.0618011341535762;3.1585506205725795
Energetyczne;Prog_Energii_99.99%;186;2432;0.002834281015662132;0.053237965923409694;0.30554298102071975;0.9995532306522205
Energetyczne;Prog_Energii_99.0%;187;46;0.3068381906046699;0.5539297704625288;2.3804905534492953;9.911382432398916
Energetyczne;Prog_Energii_99.9%;187;512;0.03117676623451714;0.17656943743048267;1.2495789293157986;3.15933050282848
Energetyczne;Prog_Energii_99.99%;187;2632;0.0031208541061364683;0.05586460512826049;0.22017627297594888;0.9995770138853708
Energetyczne;Prog_Energii_99.0%;188;20;0.3570679880552678;0.5975516614111852;1.8863198422609333;9.593168745199927
Energetyczne;Prog_Energii_99.9%;188;244;0.038597858977345446;0.19646337820913456;1.2263678634448203;3.15404752613576
Energetyczne;Prog_Energii_99.99%;188;1807;0.003879204162477636;0.06228325748126567;0.5672346921508131;0.999903167547838
Energetyczne;Prog_Energii_99.0%;189;13;0.2735530841983175;0.5230230245393768;1.923281681132638;9.693341511459865
Energetyczne;Prog_Energii_99.9%;189;113;0.02892383559698701;0.170070090248071;0.7528009084522473;3.1519596429071512
Energetyczne;Prog_Energii_99.99%;189;1121;0.002910530210183372;0.05394933002534297;0.4657997094817885;0.9998590037420692
Energetyczne;Prog_Energii_99.0%;190;48;0.322293689928801;0.5677091596308809;2.065035643213087;9.852490340276278
Energetyczne;Prog_Energii_99.9%;190;481;0.03315596198475389;0.18208778647881327;0.7132835925481054;3.160100778594537
Energetyczne;Prog_Energii_99.99%;190;2543;0.0033187058777219107;0.05760821015898611;0.24779183977263042;0.9997801241767076
Energetyczne;Prog_Energii_99.0%;191;49;0.2156958297363114;0.4644306511593646;1.7612162940368643;9.991813823288982
Energetyczne;Prog_Energii_99.9%;191;464;0.02156740213366403;0.14685844250047062;1.2292008103565095;3.1595292261177126
Energetyczne;Prog_Energii_99.99%;191;2556;0.002159064856797468;0.04646573852633215;0.3370380976266114;0.9996691806575556
Energetyczne;Prog_Energii_99.0%;192;28;0.3112960523285997;0.5579391116677516;1.9402568331128398;9.884412079477613
Energetyczne;Prog_Energii_99.9%;192;362;0.031791482853920715;0.17830166251025456;0.6822104386156251;3.158780357661681
Energetyczne;Prog_Energii_99.99%;192;2256;0.003182719618336875;0.05641559729664195;0.21478370371913957;0.99945495794878
Energetyczne;Prog_Energii_99.0%;193;17;0.32964027474340535;0.5741430786340678;2.0840752053510876;9.64704824671152
Energetyczne;Prog_Energii_99.9%;193;218;0.03527391344944414;0.1878135071006453;0.6806503978959038;3.155739452079694
Energetyczne;Prog_Energii_99.99%;193;1705;0.0035413889071562793;0.05950956987877058;0.2888038522265317;0.9999104981416138
Energetyczne;Prog_Energii_99.0%;194;70;0.22033453987215362;0.4693980612147366;1.6970501202085817;9.930259681143843
Energetyczne;Prog_Energii_99.9%;194;708;0.02232439691835809;0.14941350982544413;0.5344831236137271;3.1608885400978224
Energetyczne;Prog_Energii_99.99%;194;2912;0.002232245906283186;0.0472466496831594;0.18568447112022124;0.9995173375954194
Energetyczne;Prog_Energii_99.0%;195;20;0.3038058083705441;0.5511858201827621;2.0628536934097195;9.494908636866677
Energetyczne;Prog_Energii_99.9%;195;178;0.03344155648268786;0.18287032696063038;0.7161945707013295;3.150184535424711
Energetyczne;Prog_Energii_99.99%;195;1348;0.0033657668531573448;0.058015229493274825;0.3983305379679205;0.9993894679707962
Energetyczne;Prog_Energii_99.0%;196;10;0.3322202242449375;0.5763854823336007;3.112987796442387;9.442002893402925
Energetyczne;Prog_Energii_99.9%;196;149;0.037115138916927415;0.19265289750462467;2.0504284342469807;3.155924761145015
Energetyczne;Prog_Energii_99.99%;196;1251;0.0037243085579132355;0.06102711330149277;1.3952791615036917;0.9997097394538799
Energetyczne;Prog_Energii_99.0%;197;60;0.303135999877791;0.5505778781224242;1.852150846354577;9.881247201493181
Energetyczne;Prog_Energii_99.9%;197;533;0.030995988886800514;0.1760567774520496;0.6969218413584128;3.1596993061808942
Energetyczne;Prog_Energii_99.99%;197;2713;0.003104654288578102;0.05571942469712068;0.20114161075032033;0.9999991485942152
Energetyczne;Prog_Energii_99.0%;198;52;0.2561222422951492;0.5060852124841717;1.988465311980328;9.822750879314441
Energetyczne;Prog_Energii_99.9%;198;516;0.026516254193820355;0.16283812266732983;0.6462623207882299;3.160571131420785
Energetyczne;Prog_Energii_99.99%;198;2661;0.0026535788638033723;0.051512899974699274;0.21220672103881721;0.9998284301546151
Energetyczne;Prog_Energii_99.0%;199;35;0.31069520815694623;0.5574004020064448;2.148497881587364;9.956750678915789
Energetyczne;Prog_Energii_99.9%;199;388;0.03124939512620579;0.17677498444691148;0.5917606642190849;3.157702147453355
Energetyczne;Prog_Energii_99.99%;199;2356;0.003132694783450708;0.055970481358040045;0.2247546655255972;0.9997913999611096
Energetyczne;Prog_Energii_99.0%;200;33;0.3304381783784612;0.5748375234607264;2.2101888645314283;9.928928106621719
Energetyczne;Prog_Energii_99.9%;200;378;0.033438072631799695;0.1828608012445524;0.7033842171796332;3.158478135083763
Energetyczne;Prog_Energii_99.99%;200;2331;0.003349591283233634;0.057875653631156807;0.23138734701742258;0.9996619576396816
Energetyczne;Prog_Energii_99.0%;201;17;0.42504979536077353;0.6519584306999746;2.1702587078061306;9.815709452067624
Energetyczne;Prog_Energii_99.9%;201;197;0.04396328651370854;0.20967423903214372;1.0036180978882587;3.1567985212082017
Energetyczne;Prog_Energii_99.99%;201;1572;0.004405880779369098;0.06637680904780749;0.24575605966223524;0.9993512489272228
Energetyczne;Prog_Energii_99.0%;202;49;0.27358444570634255;0.5230530046814974;1.9373795319639058;9.992491163015394
Energetyczne;Prog_Energii_99.9%;202;408;0.02731064119861145;0.16525931501313762;1.2979428481180197;3.1571413032610574
Energetyczne;Prog_Energii_99.99%;202;2382;0.0027383587709977034;0.05232932993071575;0.4154704580206259;0.9997081791311069
Energetyczne;Prog_Energii_99.0%;203;22;0.32398949986215464;0.5692007553246523;1.9805683881646265;9.806850348086426
Energetyczne;Prog_Energii_99.9%;203;204;0.033551384547414534;0.18317037027700342;0.8100382208842927;3.1558714437854003
Energetyczne;Prog_Energii_99.99%;203;1683;0.0033667615407519977;0.05802380150207325;0.28053496975917636;0.9997013050928742
Energetyczne;Prog_Energii_99.0%;204;42;0.307457868463893;0.5544888352923736;1.8550603124202758;9.867039208782847
Energetyczne;Prog_Energii_99.9%;204;440;0.03149519160933008;0.17746884686989453;0.6435127715890872;3.1580294479318134
Energetyczne;Prog_Energii_99.99%;204;2503;0.0031557356415358763;0.056175934718844474;0.20726571042268205;0.9996416792929569
Energetyczne;Prog_Energii_99.0%;205;61;0.2882051330385738;0.5368474020041205;1.9553619602497703;9.94653109958978
Energetyczne;Prog_Energii_99.9%;205;671;0.029086798323615836;0.1705485219039316;0.5965099352707393;3.1598666041295367
Energetyczne;Prog_Energii_99.99%;205;2819;0.002912191177885653;0.05396472160481932;0.23706435211308996;0.9998405128147012
Energetyczne;Prog_Energii_99.0%;206;32;0.2832755018332192;0.5322363214148572;1.7517953636385757;9.743471809615539
Energetyczne;Prog_Energii_99.9%;206;243;0.02981974836296249;0.1726839551404892;0.5850088047688669;3.1612672438655247
Energetyczne;Prog_Energii_99.99%;206;1898;0.0029822137809709195;0.054609649156270174;0.20613981808778403;0.9997205295434398
Energetyczne;Prog_Energii_99.0%;207;51;0.3064716340855399;0.5535988024603556;1.742745518551089;9.939740494240256
Energetyczne;Prog_Energii_99.9%;207;483;0.030961011266310085;0.17595741321782973;0.6779286133651512;3.1592753048779865
Energetyczne;Prog_Energii_99.99%;207;2573;0.0030996922457569433;0.05567487984501577;0.23158535373908418;0.999629795527048
Energetyczne;Prog_Energii_99.0%;208;14;0.3957458267858973;0.6290833226098888;2.14332467289395;9.780628033526598
Energetyczne;Prog_Energii_99.9%;208;145;0.041304588170942985;0.20323530247214183;0.9860135956503058;3.159786351535433
Energetyczne;Prog_Energii_99.99%;208;1315;0.004136805056746539;0.0643179994771801;0.5174500229963321;0.9999795037277758
Energetyczne;Prog_Energii_99.0%;209;24;0.2813316226958924;0.5304070349230791;3.239042176160532;9.834974894199215
Energetyczne;Prog_Energii_99.9%;209;267;0.029016166226938596;0.17034132272275743;2.000416638214981;3.1585226479244612
Energetyczne;Prog_Energii_99.99%;209;1971;0.0029083705781970063;0.05392931093753198;0.8927553176879002;0.9999743295429878
Energetyczne;Prog_Energii_99.0%;210;48;0.3418213009526913;0.5846548562636689;1.8800646743228073;9.857401697784637
Energetyczne;Prog_Energii_99.9%;210;431;0.035154274096994086;0.18749473085128043;0.6756712243852894;3.1611999086612816
Energetyczne;Prog_Energii_99.99%;210;2504;0.0035159966429938357;0.0592958400142357;0.22394121186731475;0.999740116353866
Energetyczne;Prog_Energii_99.0%;211;19;0.3917626313403485;0.625909443402437;2.454802148391618;9.881821627849588
Energetyczne;Prog_Energii_99.9%;211;168;0.03991417976563466;0.19978533421058378;0.9308992710092658;3.154199153470734
Energetyczne;Prog_Energii_99.99%;211;1331;0.004008966287535056;0.0633163982514408;0.26324489553890906;0.9996355866392242
Energetyczne;Prog_Energii_99.0%;212;35;0.32487945207781216;0.5699819752218592;2.1836727700167904;9.903165115919139
Energetyczne;Prog_Energii_99.9%;212;351;0.03311421283186252;0.1819731101890126;0.7387297653895826;3.1616960451384237
Energetyczne;Prog_Energii_99.99%;212;2244;0.0033098130733370135;0.057530974903411934;0.26017748078113145;0.9995732646221382
Energetyczne;Prog_Energii_99.0%;213;31;0.28840179574583846;0.5370305352080442;1.7680463242133388;9.840964222450367
Energetyczne;Prog_Energii_99.9%;213;304;0.029722502823745413;0.17240215434775;0.7078256857034608;3.159230847371302
Energetyczne;Prog_Energii_99.99%;213;2045;0.002975415293390489;0.054547367428598136;0.21404779642801586;0.999568285415529
Energetyczne;Prog_Energii_99.0%;214;33;0.3418655677712814;0.5846927122611342;2.0705171424991864;9.985242173659136
Energetyczne;Prog_Energii_99.9%;214;345;0.03425368621065886;0.18507751406007933;0.9156850950554292;3.1607094804412856
Energetyczne;Prog_Energii_99.99%;214;2217;0.00342854982107513;0.058553819867495666;0.23600908996749492;0.9999681188238108
Energetyczne;Prog_Energii_99.0%;215;21;0.38397196365287634;0.6196547132499488;1.9867467254555589;9.830907974562288
Energetyczne;Prog_Energii_99.9%;215;184;0.03951519052084282;0.19878428137265486;0.8177514109685449;3.153740196236985
Energetyczne;Prog_Energii_99.99%;215;1556;0.00396843045141253;0.06299547961094137;0.2670014903149607;0.9994320217794789
Energetyczne;Prog_Energii_99.0%;216;65;0.3482509551677237;0.5901279142420935;2.0787648579131233;9.954004984117677
Energetyczne;Prog_Energii_99.9%;216;644;0.03509794912158691;0.18734446648243153;0.7595992336382373;3.1600398966180157
Energetyczne;Prog_Energii_99.99%;216;2862;0.0035121939638111483;0.05926376602791244;0.2160900927485141;0.9996338220622104
Energetyczne;Prog_Energii_99.0%;217;37;0.33271043251498755;0.5768105690042334;1.9401125772642263;9.96422263874817
Energetyczne;Prog_Energii_99.9%;217;384;0.03342342784268111;0.18282075331504657;0.8859710423568892;3.158171481080146
Energetyczne;Prog_Energii_99.99%;217;2351;0.0033496575061789284;0.05787622574234544;0.22694506879424736;0.9997937447344961
Energetyczne;Prog_Energii_99.0%;218;29;0.35230983649989356;0.593556936190534;1.7165836972173398;9.89026825211467
Energetyczne;Prog_Energii_99.9%;218;254;0.03593963141212142;0.1895775076640724;0.752227977329996;3.1588754019094263
Energetyczne;Prog_Energii_99.99%;218;1886;0.0035998448795395107;0.059998707315570644;0.25002121979871106;0.9997411772147566
Energetyczne;Prog_Energii_99.0%;219;33;0.331596215717454;0.5758439161070072;1.9293704238154339;9.919345157920773
Energetyczne;Prog_Energii_99.9%;219;431;0.033640478306641415;0.18341340819755086;0.7634361936271281;3.1594340959643654
Energetyczne;Prog_Energii_99.99%;219;2399;0.003368956830895064;0.05804271557133646;0.20902342385515027;0.9998294912055995
Energetyczne;Prog_Energii_99.0%;220;20;0.3507269072962429;0.5922220084531162;1.7032101911233033;9.630916077089404
Energetyczne;Prog_Energii_99.9%;220;178;0.03760165398392165;0.19391145913514665;0.7595230617668971;3.1534542159190875
Energetyczne;Prog_Energii_99.99%;220;1490;0.0037768042282026173;0.061455709484169306;0.23197600380159766;0.9994136861715063
Energetyczne;Prog_Energii_99.0%;221;39;0.36273288790112446;0.6022731007617096;2.0709579352306093;9.95459604131115
Energetyczne;Prog_Energii_99.9%;221;428;0.03651761824038701;0.19109583522512208;1.2553374361172196;3.1585037459537633
Energetyczne;Prog_Energii_99.99%;221;2401;0.0036594301912714314;0.06049322434183378;0.320889922997627;0.9998547349993997
Energetyczne;Prog_Energii_99.0%;222;55;0.3273711362191374;0.572163557227422;3.1847992644069922;9.98567270045782
Energetyczne;Prog_Energii_99.9%;222;498;0.03273796219337346;0.1809363484581621;2.1301492946261362;3.1577878956052463
Energetyczne;Prog_Energii_99.99%;222;2644;0.003278573683542905;0.0572588306162718;0.5043310716807117;0.9993085622504598
Energetyczne;Prog_Energii_99.0%;223;56;0.2938571843159845;0.5420859565751399;2.3777741188698824;9.894592677542708
Energetyczne;Prog_Energii_99.9%;223;547;0.029969710353790025;0.17311761999805225;1.0580121276160908;3.1598832517420425
Energetyczne;Prog_Energii_99.99%;223;2715;0.002999909780949784;0.054771432160842605;0.26704226841808953;0.9997326162462218
Energetyczne;Prog_Energii_99.0%;224;38;0.2914344700827946;0.539846709800842;1.8395775454078045;9.86541229140204
Energetyczne;Prog_Energii_99.9%;224;364;0.029852517620758925;0.17277881126098457;0.9204431422869499;3.1574411353489213
Energetyczne;Prog_Energii_99.99%;224;2233;0.0029937831380795273;0.054715474393260334;0.3208392098135677;0.999896273903941
Energetyczne;Prog_Energii_99.0%;225;49;0.3019227503061836;0.5494749769609019;1.97269204270075;9.90707779427181
Energetyczne;Prog_Energii_99.9%;225;462;0.030691372708515706;0.17518953367286444;0.685788615420682;3.158681307816439
Energetyczne;Prog_Energii_99.99%;225;2536;0.0030741999257252635;0.05544546803594739;0.19796045975241583;0.9996862244939458
Energetyczne;Prog_Energii_99.0%;226;37;0.25323041378511996;0.503220045094708;2.1251060106481905;9.991232080620524
Energetyczne;Prog_Energii_99.9%;226;393;0.02532793786931675;0.15914753491435785;1.657928306416295;3.1598104485061755
Energetyczne;Prog_Energii_99.99%;226;2389;0.0025348594488341122;0.05034738770615723;0.5434735540861535;0.9996271812473703
Energetyczne;Prog_Energii_99.0%;227;40;0.24308329965385475;0.49303478543998774;2.1191419762132844;9.92615781322069
Energetyczne;Prog_Energii_99.9%;227;378;0.024592589700171884;0.15682024646126497;0.5639833272003063;3.157226550036502
Energetyczne;Prog_Energii_99.99%;227;2341;0.0024662111291553976;0.04966096182269729;0.1698131403743881;0.9998129113111475
Energetyczne;Prog_Energii_99.0%;228;10;0.2731300356455819;0.5226184417388865;2.2425949576277127;9.394137079832634
Energetyczne;Prog_Energii_99.9%;228;92;0.03047841099999977;0.17458067189697654;0.8637483712118597;3.1381111577935585
Energetyczne;Prog_Energii_99.99%;228;859;0.0030924036288572402;0.05560938435963161;0.6347688236796936;0.999586194971064
Energetyczne;Prog_Energii_99.0%;229;23;0.3896336057600829;0.6242063807428461;2.308646918806153;9.99592844804787
Energetyczne;Prog_Energii_99.9%;229;270;0.03880727382970516;0.19699561880840183;1.1243352597466094;3.154652324835701
Energetyczne;Prog_Energii_99.99%;229;1939;0.003897041155735181;0.0624262857755864;0.49734671709421185;0.9996832860752549
Energetyczne;Prog_Energii_99.0%;230;39;0.3034456384750159;0.5508590005391724;2.142711586157037;9.944187343070931
Energetyczne;Prog_Energii_99.9%;230;438;0.030584366528692782;0.1748838658329944;0.656025329137373;3.157029155231365
Energetyczne;Prog_Energii_99.99%;230;2455;0.0030681014626338845;0.05539044558977554;0.21269923081094344;0.9999164349166987
Energetyczne;Prog_Energii_99.0%;231;38;0.22487312120327624;0.474207888170659;1.7940164830267662;9.851073150675916
Energetyczne;Prog_Energii_99.9%;231;422;0.0230987580968293;0.15198275591931243;0.721694162906036;3.1572508251141875
Energetyczne;Prog_Energii_99.99%;231;2411;0.002315461333956465;0.04811924078740712;0.1665973898346116;0.999616777317593
Energetyczne;Prog_Energii_99.0%;232;35;0.34753961159078567;0.5895249032829619;2.0108806126193066;9.967788455773832
Energetyczne;Prog_Energii_99.9%;232;340;0.0348712680705448;0.18673850184293758;0.6178215781678889;3.1574067058963706
Energetyczne;Prog_Energii_99.99%;232;2243;0.003495711383686664;0.05912454129789646;0.21920795013541206;0.9996879129620445
Energetyczne;Prog_Energii_99.0%;233;35;0.34537343176093693;0.5876848064744714;2.029231656580575;9.901525823478716
Energetyczne;Prog_Energii_99.9%;233;278;0.03514331079627913;0.18746549228132395;1.1514358056730813;3.1584863048783114
Energetyczne;Prog_Energii_99.99%;233;1960;0.0035206451269511646;0.059335024453952695;0.4378390919365165;0.9996979169701822
Energetyczne;Prog_Energii_99.0%;234;49;0.3578367322583788;0.5981945605389427;2.1965330462324917;9.933833832226666
Energetyczne;Prog_Energii_99.9%;234;452;0.03618246789005541;0.19021689696253435;1.1254003735716838;3.1588101449889145
Energetyczne;Prog_Energii_99.99%;234;2494;0.003623939218815637;0.06019916294115423;0.2729235103767751;0.9996889322393513
Energetyczne;Prog_Energii_99.0%;235;43;0.33966625190961747;0.5828089325925071;2.0650017484627536;9.906527982968658
Energetyczne;Prog_Energii_99.9%;235;375;0.03457962125194923;0.18595596589501837;1.4848816830368792;3.160860921510606
Energetyczne;Prog_Energii_99.99%;235;2327;0.0034580040263732835;0.058804795947042306;0.5063377758913363;0.9995580438185379
Energetyczne;Prog_Energii_99.0%;236;19;0.4474636798649985;0.6689272605186595;2.5655405784499274;9.912343323465223
Energetyczne;Prog_Energii_99.9%;236;185;0.04539226754619604;0.213054611652027;0.9106174562287972;3.1571003037086363
Energetyczne;Prog_Energii_99.99%;236;1463;0.004552103974882513;0.0674692817131064;0.3757029488341308;0.9997778885694688
Energetyczne;Prog_Energii_99.0%;237;33;0.32613477754007913;0.571082111031399;2.028153521382701;9.967837831091735
Energetyczne;Prog_Energii_99.9%;237;369;0.03280740891078253;0.1811281560409163;0.8064664306911933;3.161464964818809
Energetyczne;Prog_Energii_99.99%;237;2302;0.003279157108389505;0.05726392501732225;0.22235505979337677;0.9995016603016688
Energetyczne;Prog_Energii_99.0%;238;44;0.2641278732521869;0.5139337245717456;1.8817252667855167;9.904040495384068
Energetyczne;Prog_Energii_99.9%;238;519;0.026911633308278476;0.164047655601287;0.6030519136319556;3.1613699326733933
Energetyczne;Prog_Energii_99.99%;238;2615;0.002690385102770792;0.051868922321278196;0.18323607690506272;0.9995683928894517
Energetyczne;Prog_Energii_99.0%;239;21;0.2964624659935337;0.5444836691706498;2.0199296325654763;9.709412534479297
Energetyczne;Prog_Energii_99.9%;239;208;0.031289678160770426;0.176888886481798;1.5467140566364623;3.1543410185883225
Energetyczne;Prog_Energii_99.99%;239;1658;0.0031423753838417516;0.0560568941687082;0.8430119406552175;0.9996250424088458
Energetyczne;Prog_Energii_99.0%;240;17;0.34818096525014935;0.5900686106294329;2.3337770532578492;9.866797702350755
Energetyczne;Prog_Energii_99.9%;240;163;0.0355723043466494;0.1886062150265717;0.6314101279448181;3.153767774713799
Energetyczne;Prog_Energii_99.99%;240;1414;0.003574115620987781;0.05978390770924715;0.22903002830517494;0.999673110206493
Energetyczne;Prog_Energii_99.0%;241;35;0.34125817886345056;0.5841730726963119;2.97419368716301;9.970276711946623
Energetyczne;Prog_Energii_99.9%;241;355;0.03427122040395372;0.1851248778634404;1.2911886725397879;3.159588048186795
Energetyczne;Prog_Energii_99.99%;241;2309;0.0034316248331478106;0.05858007197970835;0.39811234232641235;0.9998056307998847
Energetyczne;Prog_Energii_99.0%;242;18;0.34140545920407156;0.5842991179216956;2.1967352580729727;9.638474324661948
Energetyczne;Prog_Energii_99.9%;242;231;0.03668057977569068;0.19152174752672524;1.669614119438939;3.1593021271651422
Energetyczne;Prog_Energii_99.99%;242;1816;0.0036689933591763407;0.06057221606624889;0.6614051470734621;0.999186429407988
Energetyczne;Prog_Energii_99.0%;243;21;0.39829747888252975;0.6311081356491371;1.9156126094977628;9.983633682218661
Energetyczne;Prog_Energii_99.9%;243;218;0.03976052482689101;0.19940041330672065;0.7253585138557561;3.1543575024424104
Energetyczne;Prog_Energii_99.99%;243;1733;0.003995044877397443;0.06320636738017335;0.27307102722472987;0.9998749543266935
Energetyczne;Prog_Energii_99.0%;244;24;0.3096644016257605;0.5564749784363718;2.2777256633218537;9.840516774865112
Energetyczne;Prog_Energii_99.9%;244;202;0.031901831916454626;0.17861083930281113;1.8381612513083176;3.1584941433858544
Energetyczne;Prog_Energii_99.99%;244;1650;0.003193583667164047;0.056511801131834814;0.8937613828914923;0.9993357267891025
Energetyczne;Prog_Energii_99.0%;245;23;0.3585908437514355;0.5988245517273282;2.032915913950558;9.933699875306456
Energetyczne;Prog_Energii_99.9%;245;207;0.036274367859664904;0.19045831003047597;0.696336259277488;3.1594490993119972
Energetyczne;Prog_Energii_99.99%;245;1687;0.00363277647992363;0.06027251844683139;0.22791982867689775;0.9998406165088625
Energetyczne;Prog_Energii_99.0%;246;29;0.29597938884703434;0.544039877993364;1.6931881592586207;9.889442331305284
Energetyczne;Prog_Energii_99.9%;246;319;0.030190480024458663;0.17375407915919172;0.6348916997983576;3.1584650596051334
Energetyczne;Prog_Energii_99.99%;246;2105;0.003023777701731812;0.05498888707486097;0.20480184849754668;0.9995764089854628
Energetyczne;Prog_Energii_99.0%;247;23;0.2992368613545196;0.5470254668244611;1.7898323567962064;9.956679931209719
Energetyczne;Prog_Energii_99.9%;247;262;0.030087817767587854;0.1734584035657767;0.889046476437354;3.157201831404418
Energetyczne;Prog_Energii_99.99%;247;1847;0.003018437975042681;0.05494031284077914;0.28109135450191935;0.9999956920684049
Energetyczne;Prog_Energii_99.0%;248;24;0.3087981724194585;0.5556961151739848;2.2456850480225246;9.811137273848669
Energetyczne;Prog_Energii_99.9%;248;230;0.031926774673081505;0.17868064996826463;0.9595520108071351;3.1547105281998897
Energetyczne;Prog_Energii_99.99%;248;1766;0.003204175010309528;0.05660543269253869;0.37184143741128484;0.9994017511139479
Energetyczne;Prog_Energii_99.0%;249;46;0.31598908508404294;0.5621290644363116;2.184412253320634;9.900563927370511
Energetyczne;Prog_Energii_99.9%;249;443;0.03222138712292856;0.17950316744539235;0.6902468217259297;3.1615205419785806
Energetyczne;Prog_Energii_99.99%;249;2479;0.00322190622911586;0.05676183778839318;0.19903237888749103;0.9997245102822695
Energetyczne;Prog_Energii_99.0%;250;14;0.2351007907929571;0.4848719323625127;2.034427623804182;9.503509761546924
Energetyczne;Prog_Energii_99.9%;250;160;0.025911572994587084;0.1609707209233626;1.3307188602421327;3.1550327323848526
Energetyczne;Prog_Energii_99.99%;250;1288;0.0026011480803973582;0.05100145174793908;0.8053928750581649;0.9996305461072238
Energetyczne;Prog_Energii_99.0%;251;30;0.38994488679250516;0.6244556723999752;1.875838185077244;9.799303532814312
Energetyczne;Prog_Energii_99.9%;251;303;0.040605676400861365;0.20150850205602086;0.8778955532618529;3.1621827831277844
Energetyczne;Prog_Energii_99.99%;251;2151;0.004060099953795225;0.06371891362692263;0.40830455093168894;0.9999124085327431
Energetyczne;Prog_Energii_99.0%;252;39;0.3297913848528486;0.5742746597690417;2.1567106611384963;9.824202028149315
Energetyczne;Prog_Energii_99.9%;252;344;0.03412214095885074;0.18472179340524694;0.9938348840492477;3.1600631971904325
Energetyczne;Prog_Energii_99.99%;252;2199;0.0034162689585883407;0.058448857632877146;0.3334121079514327;0.9998933018058919
Energetyczne;Prog_Energii_99.0%;253;22;0.29598716323090907;0.5440470229960909;1.922559019658216;9.701833385569907
Energetyczne;Prog_Energii_99.9%;253;191;0.03130341948222561;0.17692772389375727;1.1520138166184193;3.155100985669179
Energetyczne;Prog_Energii_99.99%;253;1566;0.003142449401640698;0.05605755436728129;0.5835058659963686;0.9996581719698108
Energetyczne;Prog_Energii_99.0%;254;22;0.3227563954954482;0.5681165333762503;1.854069287670563;9.630871657483576
Energetyczne;Prog_Energii_99.9%;254;208;0.03458204250976413;0.18596247607989125;1.058009891251669;3.152488327684643
Energetyczne;Prog_Energii_99.99%;254;1560;0.0034731858801112865;0.058933741439953446;0.6006484177727467;0.9990614015938447
Energetyczne;Prog_Energii_99.0%;255;35;0.33488271187841556;0.5786905147645117;1.9503102586362484;9.983774516207015
Energetyczne;Prog_Energii_99.9%;255;365;0.033578565814224054;0.1832445519359963;0.7192691934186559;3.161400163257982
Energetyczne;Prog_Energii_99.99%;255;2252;0.003356554978401968;0.05793578322938223;0.21217756792131492;0.9995287315489826
Energetyczne;Prog_Energii_99.0%;256;43;0.38442811777783353;0.6200226752126357;2.251789758752529;9.994057224935759
Energetyczne;Prog_Energii_99.9%;256;492;0.038369717270720555;0.1958818962301533;1.0528808029310088;3.1573923963050325
Energetyczne;Prog_Energii_99.99%;256;2583;0.0038460058852980736;0.06201617438457546;0.3179886275088837;0.9996298852432863
Energetyczne;Prog_Energii_99.0%;257;58;0.2900867868990792;0.5385970542985536;2.039957259380798;9.893700468880334
Energetyczne;Prog_Energii_99.9%;257;550;0.029583243834600752;0.17199780183072327;0.665831919591457;3.1594950604310856
Energetyczne;Prog_Energii_99.99%;257;2715;0.0029604589586717006;0.05441009978553339;0.21443121467965742;0.9994804566115558
Energetyczne;Prog_Energii_99.0%;258;38;0.28965144065753873;0.5381927541852815;2.044451877978866;9.863523754162204
Energetyczne;Prog_Energii_99.9%;258;358;0.029659155868425893;0.17221833778208956;0.7169273292226155;3.156266323554354
Energetyczne;Prog_Energii_99.99%;258;2254;0.0029748778949797113;0.05454244122680714;0.20754688116753872;0.9996059227237379
Energetyczne;Prog_Energii_99.0%;259;72;0.3210172723588692;0.5665838617176359;2.011017321786235;9.952823423884585
Energetyczne;Prog_Energii_99.9%;259;656;0.032361472732458034;0.17989294797867433;0.8680939310420053;3.1600666157450332
Energetyczne;Prog_Energii_99.99%;259;2855;0.003239506791964912;0.05691666532716856;0.21748507296219;0.9998193703581977
Energetyczne;Prog_Energii_99.0%;260;20;0.3164976663575824;0.562581253116012;1.9976250223483585;9.616902566956101
Energetyczne;Prog_Energii_99.9%;260;175;0.03411322293222402;0.18469765275234015;0.6583326703818129;3.1572671876758487
Energetyczne;Prog_Energii_99.99%;260;1450;0.0034187732163154564;0.05847027634888907;0.31026343937729095;0.9995053116252867
Energetyczne;Prog_Energii_99.0%;261;27;0.3478093118687432;0.5897536026755099;2.259985619173113;9.915832199097805
Energetyczne;Prog_Energii_99.9%;261;253;0.035253401627410155;0.187758892272537;0.7386940951634813;3.1568873190713456
Energetyczne;Prog_Energii_99.99%;261;1899;0.003535694899736511;0.05946170952584958;0.2270255278547726;0.9997604614112587
Energetyczne;Prog_Energii_99.0%;262;52;0.3088519513612998;0.5557445018723081;1.9148769592971973;9.813589944211506
Energetyczne;Prog_Energii_99.9%;262;474;0.03201204831800768;0.1789191111033354;0.7489594724648612;3.159435286602958
Energetyczne;Prog_Energii_99.99%;262;2544;0.003204723456134383;0.05661027694804525;0.2043104096625008;0.9996500959068644
Energetyczne;Prog_Energii_99.0%;263;34;0.32458178008939115;0.5697207913437873;1.8906979665905954;9.787939348890765
Energetyczne;Prog_Energii_99.9%;263;276;0.033674958835571055;0.18350738087491483;1.1333072939737976;3.1527006585820825
Energetyczne;Prog_Energii_99.99%;263;2066;0.003384593428668326;0.058177258689872335;0.46010359014223834;0.9994992076699261
Energetyczne;Prog_Energii_99.0%;264;39;0.33465947825179754;0.5784976043613297;2.030627160684553;9.98854114559666
Energetyczne;Prog_Energii_99.9%;264;404;0.033483551764904106;0.18298511350627433;0.7751265894641337;3.159484709201113
Energetyczne;Prog_Energii_99.99%;264;2378;0.0033512374263501357;0.05788987326251575;0.22400067012245195;0.9995467165925351
Energetyczne;Prog_Energii_99.0%;265;17;0.3897287655109629;0.6242826006793422;2.0859989292679275;9.603886916650957
Energetyczne;Prog_Energii_99.9%;265;194;0.042102446136106836;0.20518880606920747;0.8259108513243429;3.1565994117197587
Energetyczne;Prog_Energii_99.99%;265;1655;0.004224005879183898;0.06499235246691643;0.22555556485125372;0.999834374464636
Energetyczne;Prog_Energii_99.0%;266;24;0.2788084786664172;0.5280231800464987;2.3768642153571324;9.728629713433705
Energetyczne;Prog_Energii_99.9%;266;218;0.029389952355608456;0.1714349799650248;1.9221873600037727;3.1586254222073737
Energetyczne;Prog_Energii_99.99%;266;1743;0.0029432280885914324;0.05425152614066661;0.9136863555208974;0.9995640895248881
Energetyczne;Prog_Energii_99.0%;267;42;0.31976457790209395;0.5654773009609616;2.3716530814994607;9.8138665475079
Energetyczne;Prog_Energii_99.9%;267;452;0.03314836212055241;0.1820669166008817;0.6823260568140537;3.159773909935698
Energetyczne;Prog_Energii_99.99%;267;2446;0.0033180110105003563;0.05760217886938268;0.2349505081576817;0.9996866281089278
Energetyczne;Prog_Energii_99.0%;268;33;0.18852238738697374;0.4341916482234242;1.6521586206630299;9.907273353081528
Energetyczne;Prog_Energii_99.9%;268;330;0.019142232771725356;0.13835545804819321;0.656676070645148;3.1569592560861808
Energetyczne;Prog_Energii_99.99%;268;2206;0.0019181339598861825;0.043796506252053745;0.18623513602072173;0.9993374149973618
Energetyczne;Prog_Energii_99.0%;269;29;0.3315799319779961;0.5758297769115419;1.7756823993596775;9.881669338135891
Energetyczne;Prog_Energii_99.9%;269;324;0.0337881330849692;0.18381548652104698;0.945299043114967;3.1544111295734445
Energetyczne;Prog_Energii_99.99%;269;2165;0.003393365261302117;0.05825259875149019;0.2583386216140573;0.9996581316734539
Energetyczne;Prog_Energii_99.0%;270;33;0.3355439724462712;0.5792615751508736;1.9004945645130658;9.855598922183422
Energetyczne;Prog_Energii_99.9%;270;327;0.03445699022377394;0.18562594167781057;0.7308479955690999;3.158253385359827
Energetyczne;Prog_Energii_99.99%;270;2130;0.0034534083976787513;0.05876570766764194;0.22706266508660722;0.9998440600858219
Energetyczne;Prog_Energii_99.0%;271;24;0.2811378252066346;0.5302243159330159;1.9850573814694705;9.771230843863533
Energetyczne;Prog_Energii_99.9%;271;260;0.029329460862762915;0.17125846216395532;1.5651779079262198;3.1560339982228967
Energetyczne;Prog_Energii_99.99%;271;1943;0.0029431320935544435;0.054250641411456545;0.6496254996476152;0.9997571305763585
Energetyczne;Prog_Energii_99.0%;272;20;0.38190856641926757;0.6179875131580472;1.8664453257477143;9.846866565858093
Energetyczne;Prog_Energii_99.9%;272;177;0.0393344355150032;0.19832910909647933;1.050820589143422;3.160129018495387
Energetyczne;Prog_Energii_99.99%;272;1590;0.003936177090893018;0.06273895991242617;0.570534302268169;0.9996677175261722
Energetyczne;Prog_Energii_99.0%;273;47;0.36607160000654504;0.605038511176392;2.0942165183968413;9.918279127971093
Energetyczne;Prog_Energii_99.9%;273;522;0.037173853878497295;0.19280522264320876;0.7415500207117267;3.160618671674024
Energetyczne;Prog_Energii_99.99%;273;2686;0.0037192028392388295;0.06098526739499327;0.23300899712915957;0.9997196765895704
Energetyczne;Prog_Energii_99.0%;274;22;0.34829061544641715;0.5901615164058202;2.4112759471820997;9.747147560321965
Energetyczne;Prog_Energii_99.9%;274;246;0.036385432228479626;0.1907496585278192;0.7307308919169255;3.1504342744591485
Energetyczne;Prog_Energii_99.99%;274;1822;0.0036656760445907934;0.06054482673681372;0.2543684599468783;0.9999624574165644
Energetyczne;Prog_Energii_99.0%;275;31;0.27592170974209795;0.5252825046982794;2.292813586046746;9.920579113771558
Energetyczne;Prog_Energii_99.9%;275;285;0.028014740407501085;0.1673760449033884;1.1671106141098928;3.161093850190217
Energetyczne;Prog_Energii_99.99%;275;2075;0.0028023949042524114;0.05293765110252259;0.45709953243408474;0.9997899247786077
Energetyczne;Prog_Energii_99.0%;276;47;0.2960731896233763;0.544126078793671;2.41742672183281;9.990315254220281
Energetyczne;Prog_Energii_99.9%;276;443;0.029612204639232503;0.17208197069778258;0.6840255343845847;3.159475724173544
Energetyczne;Prog_Energii_99.99%;276;2459;0.002966248242658398;0.05446327425576246;0.20356379873033248;0.9999617750327449
Energetyczne;Prog_Energii_99.0%;277;8;0.29997190817855324;0.5476969126976646;1.9624527485247065;8.812350736480264
Energetyczne;Prog_Energii_99.9%;277;77;0.03847531932791773;0.19615126644484793;0.991507664478795;3.1560407174888985
Energetyczne;Prog_Energii_99.99%;277;809;0.0038596461237984853;0.0621260502832627;0.6153927687393006;0.9995976465737971
Energetyczne;Prog_Energii_99.0%;278;57;0.2346678971681557;0.48442532672038907;1.5898346619195387;9.991066333529721
Energetyczne;Prog_Energii_99.9%;278;533;0.023463320553468697;0.15317741528524595;0.713162636845929;3.1592190426428175
Energetyczne;Prog_Energii_99.99%;278;2703;0.0023493297006355776;0.04846988447103601;0.19140493896383504;0.9996707525743421
Energetyczne;Prog_Energii_99.0%;279;26;0.2148208814306844;0.4634877360089309;1.8270595273213375;9.656987286150908
Energetyczne;Prog_Energii_99.9%;279;300;0.022876611468008297;0.15125016187762674;1.4616386867505655;3.151369015408779
Energetyczne;Prog_Energii_99.99%;279;2121;0.0023029979904666265;0.047989561265619284;0.6203813954324637;0.99988531951386
Energetyczne;Prog_Energii_99.0%;280;32;0.2719835136558461;0.5215203866157546;1.8844663197003886;9.855767008469025
Energetyczne;Prog_Energii_99.9%;280;279;0.02798570383030161;0.1672892818751447;0.9442409150363682;3.161456824103602
Energetyczne;Prog_Energii_99.99%;280;2047;0.0027985586419399465;0.052901404914614;0.3789939761115777;0.9997383316929827
Energetyczne;Prog_Energii_99.0%;281;18;0.28506953324793693;0.5339190324833316;1.9370517905479454;9.508167694861603
Energetyczne;Prog_Energii_99.9%;281;148;0.031405416324623;0.17721573385177458;0.7173497040876073;3.15590344811924
Energetyczne;Prog_Energii_99.99%;281;1334;0.0031510176996423942;0.05613392645844752;0.2683753364999846;0.9996474252949771
Energetyczne;Prog_Energii_99.0%;282;27;0.35322124507009467;0.5943241918936959;2.26437149935464;9.750680639890257
Energetyczne;Prog_Energii_99.9%;282;230;0.036964234862015936;0.19226085109042854;1.0770284611006877;3.1542955580572762
Energetyczne;Prog_Energii_99.99%;282;1722;0.0037127141612403763;0.06093204543785131;0.4409016179208942;0.9996714316923502
Energetyczne;Prog_Energii_99.0%;283;50;0.3679243181374305;0.606567653388664;2.265803517845074;9.897992154275332
Energetyczne;Prog_Energii_99.9%;283;460;0.03742298823406477;0.19345022159218317;0.6840829603148624;3.156727472797411
Energetyczne;Prog_Energii_99.99%;283;2560;0.003750355564876186;0.06124014667582195;0.24899192010629712;0.999318852460398
Energetyczne;Prog_Energii_99.0%;284;33;0.3232893207760117;0.5685853680635932;2.0235136318927314;9.932174910321956
Energetyczne;Prog_Energii_99.9%;284;345;0.032682377604517525;0.1807826805988824;0.8868588441046956;3.157951831542987
Energetyczne;Prog_Energii_99.99%;284;2175;0.0032741389599602977;0.057220092275006844;0.3528005611377534;0.9995332218900268
Energetyczne;Prog_Energii_99.0%;285;17;0.4134318212239081;0.6429866415594558;2.4459891022938107;9.613470192143758
Energetyczne;Prog_Energii_99.9%;285;115;0.04446753845940311;0.21087327583030313;1.397724406433615;3.1528243675446164
Energetyczne;Prog_Energii_99.99%;285;1092;0.004470923858143659;0.06686496734571594;0.9502173614491856;0.9997165243086423
Energetyczne;Prog_Energii_99.0%;286;16;0.4097147937369016;0.6400896763242644;2.4712299711614216;9.767731167515953
Energetyczne;Prog_Energii_99.9%;286;202;0.04263078065783494;0.20647222732812018;0.766064346065507;3.150754159449435
Energetyczne;Prog_Energii_99.99%;286;1513;0.004293937568240206;0.06552814332971907;0.2651177290346993;0.9999556493813837
Energetyczne;Prog_Energii_99.0%;287;25;0.28219587727140394;0.5312211189998041;1.8766029872113066;9.83080254007217
Energetyczne;Prog_Energii_99.9%;287;232;0.02904882075282236;0.17043714604751617;0.7966486572268101;3.154117689148559
Energetyczne;Prog_Energii_99.99%;287;1757;0.0029197333991509617;0.054034557453087016;0.3414156083414879;0.9999660135155121
Energetyczne;Prog_Energii_99.0%;288;18;0.3924779974862319;0.6264806441433222;3.1116820277647714;9.797729925646784
Energetyczne;Prog_Energii_99.9%;288;214;0.0407455288043519;0.20185521743158363;2.1109882253420036;3.156877906709779
Energetyczne;Prog_Energii_99.99%;288;1644;0.004085060359309961;0.06391447691493658;1.1402773904624717;0.9995788202009841
Energetyczne;Prog_Energii_99.0%;289;29;0.2876157522051184;0.5362981933636533;1.851578034648452;9.877542781147268
Energetyczne;Prog_Energii_99.9%;289;288;0.029416596176922945;0.17151267060168746;0.649622085715271;3.1589212164812106
Energetyczne;Prog_Energii_99.99%;289;2007;0.002943871602192598;0.054257456650607924;0.19413970557657478;0.9993141052765384
Energetyczne;Prog_Energii_99.0%;290;46;0.3202227953892304;0.5658823158477656;2.645825015908002;9.835338507041879
Energetyczne;Prog_Energii_99.9%;290;399;0.03307336753829062;0.1818608466336023;1.1115862759533317;3.1608391669548026
Energetyczne;Prog_Energii_99.99%;290;2444;0.0033074761284105406;0.05751066099785796;0.3760926201850028;0.9995661692135863
Energetyczne;Prog_Energii_99.0%;291;18;0.3272509056867859;0.5720584810024111;2.0002551416785073;9.828733653274758
Energetyczne;Prog_Energii_99.9%;291;177;0.03383962732376702;0.1839555036517446;1.167865648174554;3.1606028220729927
Energetyczne;Prog_Energii_99.99%;291;1434;0.0033851101847862325;0.05818169974129522;0.6651544187771883;0.9996398082411883
Energetyczne;Prog_Energii_99.0%;292;26;0.2633084058793621;0.513135855187846;1.6998143914661652;9.711183875282062
Energetyczne;Prog_Energii_99.9%;292;270;0.027799964030061044;0.16673321213861694;0.7596717676649591;3.155454573724498
Energetyczne;Prog_Energii_99.99%;292;1985;0.0027898697705268545;0.05281921781441727;0.3183897538498641;0.999612736390457
Energetyczne;Prog_Energii_99.0%;293;15;0.33586051104075;0.5795347366989747;1.9172184570201436;9.799457694644039
Energetyczne;Prog_Energii_99.9%;293;194;0.03479906533139686;0.18654507587014152;0.9582409767554507;3.1543244319505654
Energetyczne;Prog_Energii_99.99%;293;1576;0.0034955772112033193;0.05912340662718378;0.39378745837860496;0.9997283774678514
Energetyczne;Prog_Energii_99.0%;294;33;0.4004162691604466;0.6327845361261972;2.106980561986905;9.891540891251509
Energetyczne;Prog_Energii_99.9%;294;309;0.040908039467248074;0.20225735948846973;1.4609259500807514;3.1616400650122154
Energetyczne;Prog_Energii_99.99%;294;2124;0.004088426045850439;0.06394080110422795;0.5564677753623064;0.9995077512698816
Energetyczne;Prog_Energii_99.0%;295;33;0.2967697830965857;0.5447658057336067;2.1433893290239765;9.995917380911425
Energetyczne;Prog_Energii_99.9%;295;320;0.029598020728700793;0.17204075310431768;0.6637451360393669;3.156778814090041
Energetyczne;Prog_Energii_99.99%;295;2116;0.0029662529398459744;0.05446331737826823;0.2519050204924076;0.9993483714903838
Energetyczne;Prog_Energii_99.0%;296;27;0.2931181131903772;0.5414038355889043;1.9297059042551372;9.964672430909198
Energetyczne;Prog_Energii_99.9%;296;252;0.02929539216293812;0.1711589675212436;0.5922327568876433;3.150223424454759
Energetyczne;Prog_Energii_99.99%;296;1935;0.0029516623235658675;0.05432920322962474;0.23505765419580626;0.9999425161564182
Energetyczne;Prog_Energii_99.0%;297;37;0.30017134807795864;0.5478789538556474;1.7582381005413352;9.940366281254743
Energetyczne;Prog_Energii_99.9%;297;390;0.030282387534656795;0.17401835401662893;0.7007987346421256;3.157278019922098
Energetyczne;Prog_Energii_99.99%;297;2260;0.0030358249813453235;0.05509832103925966;0.20673294143518994;0.999668793185128
Energetyczne;Prog_Energii_99.0%;298;15;0.33975491570728295;0.5828849935512862;2.2419837232639868;9.83039869393833
Energetyczne;Prog_Energii_99.9%;298;130;0.03500862920441131;0.1871059304362406;1.4411509328640548;3.155555408936255
Energetyczne;Prog_Energii_99.99%;298;1169;0.003512430314166345;0.05926576004883718;0.9804981424313866;0.9995214435522943
Energetyczne;Prog_Energii_99.0%;299;15;0.3588030517579984;0.5990017126503049;2.0885833616649663;9.802154683840818
Energetyczne;Prog_Energii_99.9%;299;160;0.03701116006600229;0.19238284763980984;0.866925202969481;3.148182035639855
Energetyczne;Prog_Energii_99.99%;299;1396;0.0037307103033384793;0.0610795407918108;0.20627272206295588;0.9995148498161639
Energetyczne;Prog_Energii_99.0%;300;17;0.35287843523177664;0.5940357188181336;2.4632266266782317;9.989544321541349
Energetyczne;Prog_Energii_99.9%;300;195;0.03534436838409343;0.18800097974237642;0.8527222167604451;3.1615003275663924
Energetyczne;Prog_Energii_99.99%;300;1570;0.00353289032220475;0.059438121792371186;0.4269444749838547;0.9995354373898291
Energetyczne;Prog_Energii_99.0%;301;19;0.5021406534221794;0.7086188350743857;2.958165800139913;9.892864629437073
Energetyczne;Prog_Energii_99.9%;301;218;0.051093325928399665;0.22603832844984423;1.043965749501572;3.155669132311177
Energetyczne;Prog_Energii_99.99%;301;1697;0.005127158633812562;0.07160418028168859;0.3410792648596326;0.9996494975386775
Energetyczne;Prog_Energii_99.0%;302;20;0.34577568214681836;0.5880269399838909;2.223359192646311;9.488427664134177
Energetyczne;Prog_Energii_99.9%;302;203;0.03836011214886165;0.19585737706009862;1.7218357640213866;3.1603629499912183
Energetyczne;Prog_Energii_99.99%;302;1595;0.0038375070083111426;0.061947615033277455;0.8557795704933837;0.9995893457279125
Energetyczne;Prog_Energii_99.0%;303;21;0.25721444753047645;0.5071631369988127;1.7567041792079623;9.870604794298695
Energetyczne;Prog_Energii_99.9%;303;238;0.026336563239393474;0.16228543754568206;1.0208520642713674;3.15846184595041
Energetyczne;Prog_Energii_99.99%;303;1814;0.002636596010631835;0.051347794603389105;0.47343730183107713;0.9993506045966107
Energetyczne;Prog_Energii_99.0%;304;30;0.3526523987045952;0.5938454333449026;1.8598233554328631;9.820720364132585
Energetyczne;Prog_Energii_99.9%;304;263;0.03655250282347278;0.19118708853757038;1.347268614488962;3.1617569628924613
Energetyczne;Prog_Energii_99.99%;304;1825;0.003654026215316975;0.06044854187916343;0.5334664307457988;0.9996679150516151
Energetyczne;Prog_Energii_99.0%;305;42;0.2752648188870537;0.5246568582293132;2.0706994071889886;9.863516523429743
Energetyczne;Prog_Energii_99.9%;305;380;0.028211871549501222;0.16796389954243507;1.0251053904311798;3.157710935234543
Energetyczne;Prog_Energii_99.99%;305;2334;0.002825350103900012;0.05315402246208665;0.285756370746558;0.9992923386363062
Energetyczne;Prog_Energii_99.0%;306;28;0.3517157071131217;0.5930562427907843;2.2662712384652393;9.785212239047404
Energetyczne;Prog_Energii_99.9%;306;249;0.036702147636614044;0.19157804581061486;0.8179442250822717;3.1609680555375865
Energetyczne;Prog_Energii_99.99%;306;1967;0.0036711812121157095;0.06059027324674902;0.2647478625040076;0.9997174644875486
Energetyczne;Prog_Energii_99.0%;307;37;0.42928573748653054;0.6551990060176607;2.0873499167389125;9.998969732266874
Energetyczne;Prog_Energii_99.9%;307;315;0.04291510742866774;0.2071596182383713;0.9387572246114564;3.1614558836153086
Energetyczne;Prog_Energii_99.99%;307;2097;0.004290298122833097;0.06550036734884085;0.2447406284695779;0.9995988769185761
Energetyczne;Prog_Energii_99.0%;308;30;0.3177004829906053;0.5636492552914493;1.9655614396451409;9.86363447905194
Energetyczne;Prog_Energii_99.9%;308;324;0.032497586513250604;0.18027086984105503;0.6330012459630554;3.15466746498847
Energetyczne;Prog_Energii_99.99%;308;2060;0.0032625503286356733;0.05711873885718831;0.2055151451258297;0.9995548769072832
Energetyczne;Prog_Energii_99.0%;309;22;0.28146031332012506;0.530528334135063;2.0196708666700545;9.759427381504398
Energetyczne;Prog_Energii_99.9%;309;202;0.029365640648570723;0.17136405880046937;1.8429582562525963;3.1523577159919673
Energetyczne;Prog_Energii_99.99%;309;1679;0.0029544746528704616;0.054355079365874;0.8651458849173079;0.999898432855626
Energetyczne;Prog_Energii_99.0%;310;29;0.3661184466984277;0.6050772237478681;2.0746647687255013;9.899553557747884
Energetyczne;Prog_Energii_99.9%;310;233;0.03726495962929152;0.19304134176204724;1.1094813915726887;3.158312735349648
Energetyczne;Prog_Energii_99.99%;310;1790;0.0037337947565386485;0.061104785054352725;0.3928011373147431;0.9997237848970821
Energetyczne;Prog_Energii_99.0%;311;27;0.43622612529795185;0.660474167017872;2.2829850481214997;9.932556344364375
Energetyczne;Prog_Energii_99.9%;311;315;0.04418126979201628;0.21019341043909126;0.9609578708701356;3.1609985623311863
Energetyczne;Prog_Energii_99.99%;311;2126;0.004419481571313557;0.06647918148799334;0.36221926370064317;0.9997487393611436
Energetyczne;Prog_Energii_99.0%;312;29;0.2565361394173264;0.5064939677995449;1.8339222605360082;9.891391692871485
Energetyczne;Prog_Energii_99.9%;312;250;0.02611171945125185;0.16159121093441886;0.6218261642053822;3.155737408723372
Energetyczne;Prog_Energii_99.99%;312;1870;0.002619468290002705;0.051180741397548205;0.23421832669677123;0.9995158728031885
Energetyczne;Prog_Energii_99.0%;313;27;0.2970264693347704;0.5450013480118837;1.8687449677169203;9.839201383073174
Energetyczne;Prog_Energii_99.9%;313;345;0.030599240607370824;0.17492638625253432;0.623532250356833;3.1580397880307607
Energetyczne;Prog_Energii_99.99%;313;2153;0.0030653467885599127;0.05536557403802396;0.27274861313260557;0.9995443766089315
Energetyczne;Prog_Energii_99.0%;314;19;0.33498396760800453;0.5787779950965695;2.456186971104634;9.881807533303478
Energetyczne;Prog_Energii_99.9%;314;169;0.03427141138177515;0.18512539367081748;1.9544145509756286;3.1607516617435047
Energetyczne;Prog_Energii_99.99%;314;1420;0.0034286541832862297;0.058554711025554804;1.1562499677338511;0.9997380505563134
Energetyczne;Prog_Energii_99.0%;315;18;0.32057416068959094;0.5661926886578376;2.0638406868665786;9.687304566992239
Energetyczne;Prog_Energii_99.9%;315;196;0.03405514561222991;0.18454036309769717;0.6669425440736854;3.1574033682216487
Energetyczne;Prog_Energii_99.99%;315;1542;0.0034140061128342964;0.058429496941478934;0.2748079073463554;0.9997026523073114
Energetyczne;Prog_Energii_99.0%;316;38;0.32618903835932034;0.5711296160761761;2.2277541662468523;9.901614611625952
Energetyczne;Prog_Energii_99.9%;316;319;0.033187778572858234;0.18217513159830084;0.6877734718044;3.1583512641165954
Energetyczne;Prog_Energii_99.99%;316;2154;0.003325882736477458;0.05767046676139754;0.2564120762143922;0.9998268698917897
Energetyczne;Prog_Energii_99.0%;317;18;0.3150994968610062;0.5613372398665585;1.9237596181435999;9.711944525062917
Energetyczne;Prog_Energii_99.9%;317;176;0.033121593108888424;0.18199338754165884;1.1274905350500153;3.1487483070837077
Energetyczne;Prog_Energii_99.99%;317;1347;0.0033379854865598518;0.05777530170029276;0.644545232062073;0.9995961165259661
Energetyczne;Prog_Energii_99.0%;318;35;0.37760483939868267;0.6144955975421489;2.510121831418579;9.959853899518006
Energetyczne;Prog_Energii_99.9%;318;318;0.0379892841335561;0.19490839934070595;0.8156058694509616;3.159109990351378
Energetyczne;Prog_Energii_99.99%;318;2207;0.00380638345121086;0.0616958949299778;0.2633554542350822;0.9999780342778526
Energetyczne;Prog_Energii_99.0%;319;64;0.2853344304291767;0.534167043563319;1.6677513671445316;9.892127210325063
Energetyczne;Prog_Energii_99.9%;319;610;0.02910265131308408;0.17059499205159592;0.8132340715134925;3.159212802724588
Energetyczne;Prog_Energii_99.99%;319;2827;0.0029148983558623786;0.05398979862772576;0.21354432376098575;0.999825733393432
Energetyczne;Prog_Energii_99.0%;320;55;0.31126028666239225;0.5579070591616423;2.251727568310417;9.976841495946962
Energetyczne;Prog_Energii_99.9%;320;413;0.03123829695475268;0.17674359098635706;1.730114338168515;3.1606389697687467
Energetyczne;Prog_Energii_99.99%;320;2433;0.0031262259908956423;0.05591266395813781;0.4054122312514803;0.9998650792566273
Energetyczne;Prog_Energii_99.0%;321;33;0.39062809114374863;0.6250024729101067;2.219507594546407;9.857063679188384
Energetyczne;Prog_Energii_99.9%;321;332;0.04009921337594901;0.20024787982884865;0.7608800853605686;3.1581572692102315
Energetyczne;Prog_Energii_99.99%;321;2102;0.0040163575286562515;0.06337473888432403;0.23998740168186838;0.9994981842648906
Energetyczne;Prog_Energii_99.0%;322;23;0.2988653432052839;0.5466857810527761;2.257137892410666;9.822782190166542
Energetyczne;Prog_Energii_99.9%;322;233;0.03090938906724148;0.17581066255276293;1.0435225803994497;3.1589441408902172
Energetyczne;Prog_Energii_99.99%;322;1743;0.0030941935860032293;0.05562547605192453;0.35340735993011485;0.9994716424307942
Energetyczne;Prog_Energii_99.0%;323;24;0.2797824997034527;0.528944703823994;2.0048484733643575;9.748334540276568
Energetyczne;Prog_Energii_99.9%;323;312;0.02933656985532503;0.17127921606349392;0.6910172023497703;3.156638276009354
Energetyczne;Prog_Energii_99.99%;323;2076;0.0029418317035066195;0.054238655067273;0.19284669002538557;0.9996064820915209
Energetyczne;Prog_Energii_99.0%;324;27;0.27238608434647676;0.5219062026326922;1.998666744383513;9.7124786058141
Energetyczne;Prog_Energii_99.9%;324;274;0.028784772857796508;0.16966075815519777;0.6782346252636895;3.1573230506100494
Energetyczne;Prog_Energii_99.99%;324;1943;0.002885754103669644;0.053719215404449495;0.2040310655977251;0.9996944426123836
Energetyczne;Prog_Energii_99.0%;325;35;0.31170950345435305;0.5583095050725476;2.1980894535128708;9.850666768250735
Energetyczne;Prog_Energii_99.9%;325;330;0.031983360404478585;0.17883892306899687;1.9693345875376043;3.155387146985078
Energetyczne;Prog_Energii_99.99%;325;2207;0.00321134266961585;0.05666870979311114;0.6985524952961812;0.9998478823786248
Energetyczne;Prog_Energii_99.0%;326;70;0.2748681210106047;0.524278667323595;1.9914142036889606;9.925728639609893
Energetyczne;Prog_Energii_99.9%;326;711;0.027891140220815798;0.16700640772382297;0.6225523862278264;3.1617923586419296
Energetyczne;Prog_Energii_99.99%;326;2935;0.002785626982219285;0.05277903923168065;0.22814957530322477;0.9992213185924725
Energetyczne;Prog_Energii_99.0%;327;15;0.3399671825890287;0.5830670481077015;1.600254182810943;9.90625882196927
Energetyczne;Prog_Energii_99.9%;327;108;0.03420180876769255;0.18493731037217057;0.6423000872384623;3.142068941009986
Energetyczne;Prog_Energii_99.99%;327;1082;0.003459396866468154;0.05881663766714444;0.25112149701553754;0.9992895974136662
Energetyczne;Prog_Energii_99.0%;328;12;0.3595563869118757;0.5996302084717511;2.189720376385438;9.540106636520507
Energetyczne;Prog_Energii_99.9%;328;118;0.039309885000208517;0.19826720606345496;1.0884503231815512;3.154427948503623
Energetyczne;Prog_Energii_99.99%;328;1093;0.003946653014411963;0.06282239261928793;0.7624251108867295;0.9995032209548872
Energetyczne;Prog_Energii_99.0%;329;26;0.4167503914564254;0.6455620740536308;2.96007007406192;9.706957138439193
Energetyczne;Prog_Energii_99.9%;329;227;0.044045335387478256;0.20986980580225983;2.823269499855951;3.1556953102636127
Energetyczne;Prog_Energii_99.99%;329;1749;0.004419648654334536;0.06648043813284127;1.4020832877558274;0.9996292989270896
Energetyczne;Prog_Energii_99.0%;330;52;0.23386146033979308;0.4835922459467202;1.874829102888989;9.892993845627851
Energetyczne;Prog_Energii_99.9%;330;443;0.023879617555783227;0.15453031274084456;1.330531253856046;3.161273667478437
Energetyczne;Prog_Energii_99.99%;330;2513;0.002388346563351602;0.048870712736275926;0.3532981426344963;0.9997630532411215
Energetyczne;Prog_Energii_99.0%;331;62;0.3026231774308465;0.5501119680854494;1.7764287721005196;9.89678348253356
Energetyczne;Prog_Energii_99.9%;331;538;0.03085195944561683;0.17564725857700378;0.6996729618715776;3.1599801282039626
Energetyczne;Prog_Energii_99.99%;331;2691;0.0030869444121468517;0.05556027728644676;0.20546794552150516;0.999556574722765
Energetyczne;Prog_Energii_99.0%;332;30;0.3771385054317634;0.6141160358041169;1.994414322381151;9.895689155139031
Energetyczne;Prog_Energii_99.9%;332;325;0.038434401245020976;0.1960469363316371;1.4335384718428994;3.1590439406373307
Energetyczne;Prog_Energii_99.99%;332;2131;0.00384887565839566;0.0620393073655377;0.5032459898704822;0.9996835537532023
Energetyczne;Prog_Energii_99.0%;333;40;0.3320360129806197;0.5762256615082495;1.9695119929461082;9.888860609695076
Energetyczne;Prog_Energii_99.9%;333;433;0.03388934093818619;0.18409057808097132;0.6965688790668274;3.1592589289341304
Energetyczne;Prog_Energii_99.99%;333;2442;0.0033911104965141207;0.058233242194764674;0.22537959917295325;0.9993661396601952
Energetyczne;Prog_Energii_99.0%;334;63;0.3896775148190232;0.6242415516601111;2.973773578346652;9.939044299287781
Energetyczne;Prog_Energii_99.9%;334;552;0.03939155793171185;0.1984730660107609;1.7037771399348642;3.160046924224111
Energetyczne;Prog_Energii_99.99%;334;2711;0.003940984663294831;0.06277726231124475;0.424228615272364;0.9995265285371436
Energetyczne;Prog_Energii_99.0%;335;39;0.24306170752784528;0.49301288779082164;1.8935343976002068;9.938881092880655
Energetyczne;Prog_Energii_99.9%;335;386;0.02457012713186373;0.15674861125976117;1.0925883237352103;3.1599697439267294
Energetyczne;Prog_Energii_99.99%;335;2434;0.002457033606335218;0.049568473915738195;0.32015330353010985;0.9992744214287252
Energetyczne;Prog_Energii_99.0%;336;14;0.30061875654657777;0.548287111417529;1.8429155718334633;9.456676238877188
Energetyczne;Prog_Energii_99.9%;336;142;0.03335962489646068;0.182646174053717;0.8010173960307965;3.150221295244535
Energetyczne;Prog_Energii_99.99%;336;1253;0.0033593198463415254;0.05795963980513962;0.238797728033453;0.9996688544111222
Energetyczne;Prog_Energii_99.0%;337;29;0.33328351351712016;0.5773071223509374;1.9623495579822468;9.83997264280922
Energetyczne;Prog_Energii_99.9%;337;257;0.03438429360155394;0.18543002346317583;0.7371059902482555;3.160581755171826
Energetyczne;Prog_Energii_99.99%;337;1943;0.0034401316721605533;0.05865263567957158;0.2397209875888775;0.999711086475743
Energetyczne;Prog_Energii_99.0%;338;25;0.3424283558478099;0.5851737826046293;1.8294073556406767;9.801180893943823
Energetyczne;Prog_Energii_99.9%;338;256;0.03545658728435481;0.18829919618616223;1.2785961766536937;3.1538570914612136
Energetyczne;Prog_Energii_99.99%;338;1903;0.0035603576721834657;0.05966873278513183;0.4707736614584208;0.9994023333314778
Energetyczne;Prog_Energii_99.0%;339;56;0.22115910420194967;0.4702755619867459;1.8775015470825114;9.933728478426016
Energetyczne;Prog_Energii_99.9%;339;529;0.022394171709598582;0.14964682325261228;0.586524588101629;3.161020963050501
Energetyczne;Prog_Energii_99.99%;339;2702;0.00223768754963767;0.04730420224079115;0.20009298580831514;0.9992164997121719
Energetyczne;Prog_Energii_99.0%;340;31;0.26778023401887974;0.5174748631758646;1.9928321004958267;9.878980611479026
Energetyczne;Prog_Energii_99.9%;340;307;0.027355982126146147;0.16539643927892203;1.4772558635348014;3.157541231696195
Energetyczne;Prog_Energii_99.99%;340;2183;0.0027418048511501014;0.05236224642956126;0.48571325650133534;0.9996342896279434
Energetyczne;Prog_Energii_99.0%;341;30;0.34832737973636124;0.5901926632349485;2.1431407528414415;9.738933435832038
Energetyczne;Prog_Energii_99.9%;341;242;0.036517962810456696;0.1910967367865205;0.7131793717103609;3.1533404518581185
Energetyczne;Prog_Energii_99.99%;341;1855;0.003671449491062562;0.06059248708431238;0.23771936259819348;0.9998534973158699
Energetyczne;Prog_Energii_99.0%;342;34;0.2906480821719726;0.5391178740980237;2.0205468598752967;9.772890598180313
Energetyczne;Prog_Energii_99.9%;342;347;0.030423376832897402;0.17442298252494537;0.7309821352159771;3.1618627538115542
Energetyczne;Prog_Energii_99.99%;342;2274;0.003042163709198312;0.05515581301366441;0.21448732613446442;0.9998402062592795
Energetyczne;Prog_Energii_99.0%;343;29;0.402215974146269;0.6342049937884982;2.0048027081820226;9.908189886175718
Energetyczne;Prog_Energii_99.9%;343;345;0.04094750563916332;0.2023549002104059;0.789913256307706;3.1613922869101225
Energetyczne;Prog_Energii_99.99%;343;2274;0.004092981149499485;0.06397641088322699;0.23774480687945587;0.9995039986683057
Energetyczne;Prog_Energii_99.0%;344;19;0.3334958121694076;0.5774909628465259;2.2759216458811053;9.750403251682807
Energetyczne;Prog_Energii_99.9%;344;178;0.034773656735834824;0.18647696033514388;0.6558459079673291;3.1484917988213166
Energetyczne;Prog_Energii_99.99%;344;1431;0.003505453846894254;0.059206873307870715;0.2540491361816848;0.999653548130857
Energetyczne;Prog_Energii_99.0%;345;31;0.26501545968392576;0.5147965226027909;2.485241339081143;9.872744062454705
Energetyczne;Prog_Energii_99.9%;345;415;0.0271261956170772;0.1647003206344092;2.32258747008815;3.158615183347655
Energetyczne;Prog_Energii_99.99%;345;2322;0.002715379856288125;0.05210930681066603;0.7474511176233607;0.999349892288578
Energetyczne;Prog_Energii_99.0%;346;33;0.33744256063523054;0.5808980638935118;1.9202526503796862;9.851134113018182
Energetyczne;Prog_Energii_99.9%;346;342;0.03466949113101599;0.18619745199925802;0.6253615165883568;3.1576212508830213
Energetyczne;Prog_Energii_99.99%;346;2164;0.0034724556492053056;0.05892754575922287;0.2253951314326068;0.9993201773375785
Energetyczne;Prog_Energii_99.0%;347;37;0.33406285298881805;0.5779817064482388;2.0272654034273696;9.892509440497552
Energetyczne;Prog_Energii_99.9%;347;342;0.03406795410016345;0.1845750635924676;0.7692660019855388;3.159114793250712
Energetyczne;Prog_Energii_99.99%;347;2132;0.003409293203674038;0.058389153133728854;0.2519103421117048;0.9993659698117077
Energetyczne;Prog_Energii_99.0%;348;34;0.28843667110569515;0.5370630047822091;2.131067311539317;9.764582086787373
Energetyczne;Prog_Energii_99.9%;348;379;0.030240447850919287;0.1738978086432353;1.7750971620497786;3.1617136389759457
Energetyczne;Prog_Energii_99.99%;348;2346;0.003022848041500141;0.05498043326038947;0.5955859790453308;0.999623785212904
Energetyczne;Prog_Energii_99.0%;349;32;0.3406839975577917;0.5836814178623402;2.0904099578029527;9.73418154006037
Energetyczne;Prog_Energii_99.9%;349;379;0.03589410576600315;0.1894573982878556;0.7327637226600081;3.1596221030912828
Energetyczne;Prog_Energii_99.99%;349;2365;0.003592975594155522;0.05994143470217844;0.2417115916591266;0.9996563010342262
Energetyczne;Prog_Energii_99.0%;350;35;0.32669114377809977;0.5715690192602287;2.0318373302082646;9.859413958191583
Energetyczne;Prog_Energii_99.9%;350;456;0.03354584319728816;0.1831552434337826;1.196556246317848;3.1593793623808217
Energetyczne;Prog_Energii_99.99%;350;2531;0.003357842613023353;0.057946894766012724;0.32823014679276596;0.9995685627421458
Energetyczne;Prog_Energii_99.0%;351;23;0.2899529696143964;0.5384728123261159;2.2763805333696228;9.851801569499424
Energetyczne;Prog_Energii_99.9%;351;231;0.02987002172332876;0.17282945849399853;0.6156781720116804;3.162056637718811
Energetyczne;Prog_Energii_99.99%;351;1768;0.002983632854435578;0.05462264049307373;0.2508655627901826;0.9993659902999102
Energetyczne;Prog_Energii_99.0%;352;39;0.3901059208895761;0.6245845986650456;2.2186921294790185;9.994924186232918
Energetyczne;Prog_Energii_99.9%;352;395;0.039005608277540196;0.19749837537949572;1.1831770551071132;3.16047064407498
Energetyczne;Prog_Energii_99.99%;352;2295;0.0039014469324386426;0.062461563640679396;0.30906359333669897;0.9995420868149749
Energetyczne;Prog_Energii_99.0%;353;27;0.3712761128052977;0.6093243083984896;2.6426957641378674;9.971617132228847
Energetyczne;Prog_Energii_99.9%;353;320;0.03713711826967298;0.19270993298134112;1.3928995373967306;3.1537059046899123
Energetyczne;Prog_Energii_99.99%;353;2129;0.0037329556408670635;0.06109791846591063;0.4883332395118538;0.9998699249657341
Energetyczne;Prog_Energii_99.0%;354;30;0.27378299004882434;0.5232427639717766;1.7521040621149488;9.594803958962551
Energetyczne;Prog_Energii_99.9%;354;267;0.02966843471647371;0.17224527487415645;0.7083202799061228;3.158494983724786
Energetyczne;Prog_Energii_99.99%;354;1970;0.002971834424713981;0.05451453406857644;0.19199518601683074;0.9996435752533203
Energetyczne;Prog_Energii_99.0%;355;33;0.2685369598937699;0.5182055189727044;2.407877384782248;9.946714972920386
Energetyczne;Prog_Energii_99.9%;355;399;0.02713122362608937;0.16471558404136924;0.5962035311319953;3.161639361359083
Energetyczne;Prog_Energii_99.99%;355;2365;0.002712560960259421;0.05208225187392939;0.25917981801320433;0.9996947071594418
Energetyczne;Prog_Energii_99.0%;356;39;0.2729699973766352;0.5224653073426361;3.2994318414093184;9.906170374445217
Energetyczne;Prog_Energii_99.9%;356;353;0.027809250168836758;0.16676105711117556;2.6118898941034265;3.161862463113797
Energetyczne;Prog_Energii_99.99%;356;2323;0.002779856997025579;0.052724349185415076;0.9642907991175722;0.9996766839294428
Energetyczne;Prog_Energii_99.0%;357;14;0.3025780482130918;0.5500709483449311;2.2930696637658805;9.446546113025224
Energetyczne;Prog_Energii_99.9%;357;177;0.03382104675977542;0.18390499384131856;1.8492679461769699;3.158259875321126
Energetyczne;Prog_Energii_99.99%;357;1476;0.003388659268309751;0.058212191749750765;0.9268686575503127;0.9996967761319775
Energetyczne;Prog_Energii_99.0%;358;22;0.2386806055938829;0.48854949144777843;1.63249022813077;9.548561251981305
Energetyczne;Prog_Energii_99.9%;358;186;0.026114235154152947;0.16159899490452578;1.1146512463482234;3.1584065240387544
Energetyczne;Prog_Energii_99.99%;358;1528;0.002615236821933791;0.051139386209982915;0.6302463685207687;0.9995047997444199
Energetyczne;Prog_Energii_99.0%;359;42;0.35962905442175114;0.599690799013751;2.236802759069665;9.913060098534265
Energetyczne;Prog_Energii_99.9%;359;434;0.03645167559767532;0.19092321911615498;0.7736036953517287;3.156015313919585
Energetyczne;Prog_Energii_99.99%;359;2468;0.003657876607776571;0.06048038200752845;0.22189331709508764;0.9997579796270849
Energetyczne;Prog_Energii_99.0%;360;30;0.31917826304037944;0.5649586383447724;2.0117456684350605;9.796300517846252
Energetyczne;Prog_Energii_99.9%;360;334;0.03320143977599233;0.18221262243871122;1.0008370928400856;3.1595403387126324
Energetyczne;Prog_Energii_99.99%;360;2149;0.0033238810674415275;0.057653109781186374;0.27016268118993025;0.9996965279787702
Energetyczne;Prog_Energii_99.0%;361;11;0.27370610977378096;0.52316929360751;1.9217176761352786;9.848371806414443
Energetyczne;Prog_Energii_99.9%;361;105;0.028038195332505962;0.16744609679686762;0.6224904540016434;3.1520799078578463
Energetyczne;Prog_Energii_99.99%;361;963;0.0028205077105687725;0.05310845234582507;0.39246267658473766;0.999737161862782
Energetyczne;Prog_Energii_99.0%;362;30;0.3469236068378106;0.589002212931166;2.246713709072015;9.69508092340032
Energetyczne;Prog_Energii_99.9%;362;284;0.036634307588936404;0.1914009080149214;0.6904364013052682;3.1504929035535305
Energetyczne;Prog_Energii_99.99%;362;1991;0.003687780401263906;0.0607270977510362;0.23767974548165594;0.9995788029549264
Energetyczne;Prog_Energii_99.0%;363;43;0.29349491684915335;0.5417517114409085;1.8102888878808758;9.923453476773995
Energetyczne;Prog_Energii_99.9%;363;455;0.029779574853070687;0.17256759502603808;0.6557632911868243;3.160980324889018
Energetyczne;Prog_Energii_99.99%;363;2504;0.0029773800728746984;0.05456537430344172;0.22057535019307384;0.999492833908702
Energetyczne;Prog_Energii_99.0%;364;38;0.3228816702048743;0.5682267770924513;2.119043899696075;9.825925364090775
Energetyczne;Prog_Energii_99.9%;364;437;0.0334184727208936;0.18280720095470418;0.6273208561829575;3.1611497117233087
Energetyczne;Prog_Energii_99.99%;364;2467;0.003341639468049175;0.05780691539988252;0.20469918183157887;0.9996122307962615
Energetyczne;Prog_Energii_99.0%;365;29;0.47895352969168853;0.6920646860602616;2.198645496278871;9.89838547499555
Energetyczne;Prog_Energii_99.9%;365;276;0.04874498853681896;0.22078267263718626;0.9616767014654872;3.157785744571756
Energetyczne;Prog_Energii_99.99%;365;1932;0.004882209185992176;0.0698728071998841;0.2771141511500108;0.9993689806970929
Energetyczne;Prog_Energii_99.0%;366;18;0.216439939758759;0.46523106061263686;1.8636785476596236;9.463872477860932
Energetyczne;Prog_Energii_99.9%;366;166;0.024097414026675888;0.15523341787990075;1.6331062391140927;3.15780564862391
Energetyczne;Prog_Energii_99.99%;366;1420;0.002413739321365413;0.049129821100482474;0.9256616714792809;0.9994138421084988
Energetyczne;Prog_Energii_99.0%;367;27;0.21062332725445748;0.4589371713584088;1.5211323375619985;9.800461863529897
Energetyczne;Prog_Energii_99.9%;367;319;0.021865666892649013;0.1478704395497931;0.6135408300029805;3.157727667300657
Energetyczne;Prog_Energii_99.99%;367;2045;0.002191721510709434;0.04681582543018369;0.18733065520915382;0.9997375248122442
Energetyczne;Prog_Energii_99.0%;368;15;0.32670498630648065;0.571581128368039;2.2205713255674473;9.597122235386186
Energetyczne;Prog_Energii_99.9%;368;176;0.035284344031614956;0.18784127350402774;0.620430604913631;3.153945386223437
Energetyczne;Prog_Energii_99.99%;368;1574;0.0035440549435831322;0.059531965729204106;0.21353873966844183;0.9995703560879502
Energetyczne;Prog_Energii_99.0%;369;17;0.37954516267596955;0.6160723680510022;1.9767234189996445;9.923702345986927
Energetyczne;Prog_Energii_99.9%;369;208;0.03838875603538377;0.19593048776385918;1.040248237657024;3.156051045145408
Energetyczne;Prog_Energii_99.99%;369;1604;0.0038518943337767894;0.06206363132928003;0.572769145378559;0.9997218439958597
Energetyczne;Prog_Energii_99.0%;370;21;0.3483878863064983;0.5902439210246034;2.0873955193297027;9.875503180744005
Energetyczne;Prog_Energii_99.9%;370;184;0.03558648500948371;0.1886438045881277;0.8991084563795892;3.1562417263083535
Energetyczne;Prog_Energii_99.99%;370;1454;0.003570063322149435;0.059750006879911194;0.44262054665888684;0.9996907413595258
Energetyczne;Prog_Energii_99.0%;371;28;0.3519678399473214;0.5932687754697035;2.1588663388960025;9.830767860635484
Energetyczne;Prog_Energii_99.9%;371;302;0.03630196000062094;0.19053073243081006;1.2243307627853959;3.157191947884334
Energetyczne;Prog_Energii_99.99%;371;2085;0.0036387944163334355;0.060322420511228124;0.4002170434469594;0.9995734435341167
Energetyczne;Prog_Energii_99.0%;372;34;0.29674184873955967;0.5447401662623748;2.884236622927335;9.740421852666213
Energetyczne;Prog_Energii_99.9%;372;332;0.03119366403925465;0.17661728125881299;2.073256556217368;3.158068621477858
Energetyczne;Prog_Energii_99.99%;372;2152;0.003125878665473617;0.05590955790805019;0.7447476767072034;0.9997108958515468
Energetyczne;Prog_Energii_99.0%;373;46;0.2549410534754235;0.504916877788239;1.8140117625705745;9.86211897286551
Energetyczne;Prog_Energii_99.9%;373;540;0.026146042998941188;0.16169738092789626;0.6704310533580555;3.1582996696348737
Energetyczne;Prog_Energii_99.99%;373;2699;0.002618304382998873;0.05116936957789175;0.17399978349206346;0.9994484889359107
Energetyczne;Prog_Energii_99.0%;374;23;0.4103221522634238;0.640563933002338;2.235427624082994;9.937808769615502
Energetyczne;Prog_Energii_99.9%;374;284;0.04138049608290391;0.203421965586079;0.7898607700116944;3.1559201031794277
Energetyczne;Prog_Energii_99.99%;374;1961;0.0041519574011251335;0.0644356842217504;0.25594115451705335;0.9996652554784866
Energetyczne;Prog_Energii_99.0%;375;36;0.3022665344112174;0.5497877175885411;2.282725502643145;9.788590556259557
Energetyczne;Prog_Energii_99.9%;375;368;0.03149857046275189;0.17747836618233753;0.9855117234424737;3.1598797200721847
Energetyczne;Prog_Energii_99.99%;375;2284;0.003150711985976393;0.05613120331844306;0.37036090832422275;0.9993773035242659
Energetyczne;Prog_Energii_99.0%;376;52;0.34160824254405836;0.5844726191568416;1.957461435765918;9.92952779690191
Energetyczne;Prog_Energii_99.9%;376;440;0.03455065803452828;0.1858780730331802;1.323290747355558;3.1578579261422055
Energetyczne;Prog_Energii_99.99%;376;2444;0.003462807511372152;0.05884562440294225;0.3512663519814163;0.9997205071436661
Energetyczne;Prog_Energii_99.0%;377;34;0.30784444458432697;0.554837313619341;2.2265279961619417;9.824253451712135
Energetyczne;Prog_Energii_99.9%;377;325;0.031848957170693436;0.17846276129964322;0.7515238618919762;3.1599594253370022
Energetyczne;Prog_Energii_99.99%;377;2164;0.0031862010428686557;0.05644644402323902;0.21465721797932247;0.999471662990279
Energetyczne;Prog_Energii_99.0%;378;19;0.3408996003419912;0.5838660808284646;1.9883021230050266;9.718686756621892
Energetyczne;Prog_Energii_99.9%;378;256;0.035990738201058387;0.1897122510568529;0.7436935461214524;3.157837049377843
Energetyczne;Prog_Energii_99.99%;378;1739;0.0036090248479456605;0.06007515999101176;0.21187810773889737;0.9999753042309689
Energetyczne;Prog_Energii_99.0%;379;26;0.3007011888987813;0.5483622788802867;1.6847810695120087;9.836338365874473
Energetyczne;Prog_Energii_99.9%;379;270;0.030930734804412417;0.1758713586813169;0.650728679769653;3.1547213575446724
Energetyczne;Prog_Energii_99.99%;379;1970;0.003104994914035281;0.055722481226478784;0.21877070393373854;0.9995311512836401
Energetyczne;Prog_Energii_99.0%;380;31;0.37936011088066346;0.6159221630049234;2.1076874370565974;9.891300222401906
Energetyczne;Prog_Energii_99.9%;380;236;0.03851142860104561;0.19624328931468105;0.8411593575667933;3.151536684072318
Energetyczne;Prog_Energii_99.99%;380;1764;0.003876827982968376;0.06226417897128634;0.22961666074548193;0.9999212957391722
Energetyczne;Prog_Energii_99.0%;381;25;0.35171272727405983;0.5930537305118819;1.9846221087852225;9.872722104591952
Energetyczne;Prog_Energii_99.9%;381;217;0.0360312935392045;0.18981910741335947;0.9977040164337154;3.159968821064927
Energetyczne;Prog_Energii_99.99%;381;1729;0.00360600613277708;0.0600500302479281;0.3772655822021589;0.9996687155115317
Energetyczne;Prog_Energii_99.0%;382;25;0.4050328641434493;0.6364219230537626;2.1504139111012;9.905868016871631
Energetyczne;Prog_Energii_99.9%;382;208;0.041105066573527915;0.20274384472414425;1.4090417451976345;3.155695450329153
Energetyczne;Prog_Energii_99.99%;382;1729;0.004125271319372749;0.06422827507704648;0.6695265398984764;0.9997091439145804
Energetyczne;Prog_Energii_99.0%;383;37;0.2691353698668756;0.5187825843904897;1.9625630175709894;9.899980019066906
Energetyczne;Prog_Energii_99.9%;383;312;0.027330119453336316;0.16531823690487482;1.133330948002774;3.1547844730919476
Energetyczne;Prog_Energii_99.99%;383;2196;0.0027425682279567888;0.05236953530399892;0.3387589122801531;0.9993730875267072
Energetyczne;Prog_Energii_99.0%;384;38;0.3743595338733324;0.6118492738194043;2.2218638045858947;9.846509083227865
Energetyczne;Prog_Energii_99.9%;384;349;0.038580555741320216;0.19641933647510423;1.3495768597555458;3.160982391383149
Energetyczne;Prog_Energii_99.99%;384;2174;0.003858821487855619;0.06211941313193178;0.41604963140439466;0.9996896160881775
Energetyczne;Prog_Energii_99.0%;385;26;0.360070245916338;0.6000585354082867;2.220280998861985;9.820443484711232
Energetyczne;Prog_Energii_99.9%;385;261;0.03727408353202923;0.19306497230732775;1.164345030548012;3.159664495283618
Energetyczne;Prog_Energii_99.99%;385;1915;0.003730625005173843;0.061078842533023196;0.3837437640474821;0.9996046815649503
Energetyczne;Prog_Energii_99.0%;386;40;0.23655468021532255;0.4863688725805986;1.7759875089000916;9.862501050419766
Energetyczne;Prog_Energii_99.9%;386;355;0.024289636595774433;0.15585132850179503;0.8889552626081274;3.1603253779435723
Energetyczne;Prog_Energii_99.99%;386;2184;0.0024299862947986107;0.04929489116326976;0.3660768660403759;0.9995929906009973
Energetyczne;Prog_Energii_99.0%;387;21;0.42761768064101524;0.6539248279741451;2.2500130350716017;9.90131937227844
Energetyczne;Prog_Energii_99.9%;387;333;0.043603314182849955;0.20881406605602496;0.7736102442261918;3.161731546193099
Energetyczne;Prog_Energii_99.99%;387;2153;0.004355899471150457;0.06599923841341244;0.24110048002790663;0.9993190499935893
Energetyczne;Prog_Energii_99.0%;388;59;0.23086570926188985;0.48048486892085357;1.8766417225676753;9.978521923722036
Energetyczne;Prog_Energii_99.9%;388;459;0.023173310740526573;0.15222782511921587;0.6020678849159404;3.1614079622616256
Energetyczne;Prog_Energii_99.99%;388;2453;0.0023182938857116407;0.04814866442292705;0.1813425208527768;0.9999326401707229
Energetyczne;Prog_Energii_99.0%;389;67;0.369322346785877;0.6077189702369649;2.151879879529991;9.94023852390376
Energetyczne;Prog_Energii_99.9%;389;518;0.03732919582317425;0.19320764949446034;1.4992431381414422;3.1602273660617617
Energetyczne;Prog_Energii_99.99%;389;2645;0.003736173632945508;0.06112424750412481;0.35936430604485103;0.9997871212547721
Energetyczne;Prog_Energii_99.0%;390;28;0.33050007814213533;0.5748913620347199;2.013297433421931;9.903065216305455
Energetyczne;Prog_Energii_99.9%;390;254;0.03355671527478197;0.18318492098090927;0.8127833936631976;3.1555391834329662
Energetyczne;Prog_Energii_99.99%;390;1826;0.003367985184596626;0.058034344870917826;0.20436787744727258;0.9996982734410121
Energetyczne;Prog_Energii_99.0%;391;34;0.33040838402776596;0.5748116074226111;2.2978681547086444;9.86185446078212
Energetyczne;Prog_Energii_99.9%;391;353;0.03393773569717097;0.18422197398022574;0.7395743478584462;3.1606360630349224
Energetyczne;Prog_Energii_99.99%;391;2283;0.0033954341474502535;0.05827035393276973;0.2316347098972278;0.9997253751362456
Energetyczne;Prog_Energii_99.0%;392;35;0.27692829734695557;0.5262397717266869;1.673612037743832;9.887228656025021
Energetyczne;Prog_Energii_99.9%;392;334;0.02822370868649359;0.16799913299327943;0.828490319534346;3.1564429964468896
Energetyczne;Prog_Energii_99.99%;392;2251;0.002831669160076524;0.05321343026038186;0.218077537005124;0.9997977743671841
Energetyczne;Prog_Energii_99.0%;393;26;0.361808721254172;0.6015053792395975;2.0413055889843097;9.708062882008159
Energetyczne;Prog_Energii_99.9%;393;308;0.03821061410017295;0.195475354201426;0.7728876407721534;3.1548961920660665
Energetyczne;Prog_Energii_99.99%;393;2062;0.003837047177654804;0.0619439034744728;0.2668839815434705;0.9997505107060531
Energetyczne;Prog_Energii_99.0%;394;28;0.313853405207136;0.5602262089612874;1.8579866799547817;9.784488834916155
Energetyczne;Prog_Energii_99.9%;394;279;0.0327582314340426;0.18099235186615648;0.9560914851002469;3.161076039843038
Energetyczne;Prog_Energii_99.99%;394;2061;0.0032765598847879504;0.05724124286550695;0.418035838549196;0.9997324165763531
Energetyczne;Prog_Energii_99.0%;395;37;0.3339619466380695;0.5778944078619116;2.0869008319009286;9.9029194475951
Energetyczne;Prog_Energii_99.9%;395;338;0.03395914627087117;0.18428007562097204;0.9779073383824546;3.1578619205245593
Energetyczne;Prog_Energii_99.99%;395;2232;0.0034033981253456403;0.05833865035588019;0.2287896527400033;0.9997033148203506
Energetyczne;Prog_Energii_99.0%;396;25;0.2740540516086245;0.5235017207312929;1.7682349812767697;9.877538110127636
Energetyczne;Prog_Energii_99.9%;396;252;0.028029632918109552;0.16742052717068345;0.6237064400946446;3.158924931967723
Energetyczne;Prog_Energii_99.99%;396;1934;0.002807580441469995;0.05298660624601273;0.27391393456812274;0.999762181851473
Energetyczne;Prog_Energii_99.0%;397;43;0.37549597770771387;0.6127772659847246;2.5619852481895773;9.974122100991787
Energetyczne;Prog_Energii_99.9%;397;463;0.037706293495538376;0.19418108428870814;1.448440346504058;3.1606685690047014
Energetyczne;Prog_Energii_99.99%;397;2576;0.003771639665534418;0.06141367653490888;0.4442117051662837;0.9996250553545586
Energetyczne;Prog_Energii_99.0%;398;46;0.3641844353003661;0.6034769550698403;1.994148785528444;9.70264719569846
Energetyczne;Prog_Energii_99.9%;398;381;0.03866748247459562;0.19664049042502824;0.8608642415387573;3.16156778971347
Energetyczne;Prog_Energii_99.99%;398;2327;0.0038667570403286703;0.06218325369686496;0.21439142555829882;0.999776655980953
Energetyczne;Prog_Energii_99.0%;399;24;0.39512083976287765;0.6285863821010423;2.8919078417943243;9.849975700575762
Energetyczne;Prog_Energii_99.9%;399;238;0.04045426777851661;0.20113246326368253;2.6087480286033093;3.1517543684644433
Energetyczne;Prog_Energii_99.99%;399;1817;0.004069540330913122;0.06379294891218874;1.2941250822982227;0.9996382590294872
Energetyczne;Prog_Energii_99.0%;400;15;0.20444372567315913;0.4521545373798201;1.4372719028501717;9.935378640547095
Energetyczne;Prog_Energii_99.9%;400;156;0.020580472474936252;0.143458957458;0.5046759903491083;3.152283000371767
Energetyczne;Prog_Energii_99.99%;400;1398;0.0020686915205989542;0.045482870628391014;0.18584153441332063;0.9994139259792176
Energetyczne;Prog_Energii_99.0%;401;26;0.33364328719813163;0.5776186347393335;1.969423089844975;9.760906357988635
Energetyczne;Prog_Energii_99.9%;401;288;0.034827321901602225;0.1866207970768591;0.7068476956990661;3.1536173093557878
Energetyczne;Prog_Energii_99.99%;401;1957;0.003499680178490591;0.059158094784150975;0.21966427696407864;0.9996848937633354
Energetyczne;Prog_Energii_99.0%;402;15;0.360030122822522;0.6000251018270168;2.1315108773016402;9.928155797957572
Energetyczne;Prog_Energii_99.9%;402;176;0.03633997318135759;0.19063046236464307;1.2962868690807192;3.154216256003386
Energetyczne;Prog_Energii_99.99%;402;1647;0.0036501493815800806;0.060416466146077104;0.5970335677354561;0.9996649920709616
Energetyczne;Prog_Energii_99.0%;403;42;0.3291360380910568;0.5737037895038317;1.9002826173060061;9.90292636202119
Energetyczne;Prog_Energii_99.9%;403;431;0.03354867908898729;0.18316298504061154;0.6267602469628653;3.1616481994547656
Energetyczne;Prog_Energii_99.99%;403;2458;0.0033535632912245054;0.057909958480597316;0.2321916318736572;0.9996065303264476
Energetyczne;Prog_Energii_99.0%;404;24;0.24224817777314817;0.4921871369440166;2.2704525936449054;9.539910367574645
Energetyczne;Prog_Energii_99.9%;404;186;0.026521622593009726;0.16285460568559224;0.6658025324333723;3.1565602279524367
Energetyczne;Prog_Energii_99.99%;404;1497;0.002660796222420483;0.05158290630063881;0.20166638343503474;0.9998154475602818
Energetyczne;Prog_Energii_99.0%;405;29;0.4122005393728008;0.642028456824774;2.5520966135562766;9.921879961734264
Energetyczne;Prog_Energii_99.9%;405;307;0.04183164878647773;0.20452786799474962;1.18702756712403;3.160764812683661
Energetyczne;Prog_Energii_99.99%;405;2072;0.004183677594090828;0.06468135430006725;0.5170039991959232;0.9995828476226318
Energetyczne;Prog_Energii_99.0%;406;40;0.38226801096835594;0.6182782633801353;2.096102177974358;9.931657564819123
Energetyczne;Prog_Energii_99.9%;406;344;0.03860866043337681;0.19649086603040053;1.0039624167946304;3.156313445923073
Energetyczne;Prog_Energii_99.99%;406;2292;0.0038734268275883933;0.062236860682303004;0.3632596708718401;0.9997362430740241
Energetyczne;Prog_Energii_99.0%;407;11;0.3632498325298788;0.602702109279434;1.9184306116447414;9.805147043462387
Energetyczne;Prog_Energii_99.9%;407;122;0.037587134291164635;0.1938740165446743;0.799973516617067;3.1540676743273806
Energetyczne;Prog_Energii_99.99%;407;1109;0.0037770666078865032;0.06145784415261003;0.2654089752046258;0.9998358884308273
Energetyczne;Prog_Energii_99.0%;408;41;0.331121283383386;0.5754313889451861;2.038029896009137;9.965503736194442
Energetyczne;Prog_Energii_99.9%;408;409;0.0332858352513213;0.18244406060850898;0.777133946242623;3.1596242446443483
Energetyczne;Prog_Energii_99.99%;408;2432;0.003330486549916663;0.05771036778531794;0.25983311938054454;0.9994464967160924
Energetyczne;Prog_Energii_99.0%;409;30;0.2793379850934657;0.5285243467367097;1.8437503602224439;9.870256707751746
Energetyczne;Prog_Energii_99.9%;409;278;0.028511458632948843;0.16885336429265732;0.7112775745112243;3.153357195040058
Energetyczne;Prog_Energii_99.99%;409;1953;0.002865588125571809;0.05353118834447643;0.3237444341689475;0.999701478452803
Energetyczne;Prog_Energii_99.0%;410;16;0.361492219467664;0.6012422302763372;2.1755998911307355;9.668001527269357
Energetyczne;Prog_Energii_99.9%;410;131;0.03863115050665613;0.19654808700838614;0.7442157941804703;3.1605018904037796
Energetyczne;Prog_Energii_99.99%;410;1220;0.003861558857516609;0.06214144235143411;0.27814780331993294;0.999237128244068
Energetyczne;Prog_Energii_99.0%;411;41;0.268227792663118;0.5179071274496211;1.894195975139569;9.918734111230608
Energetyczne;Prog_Energii_99.9%;411;386;0.027223438263475657;0.16499526739720644;0.666593515369728;3.1599182559685484
Energetyczne;Prog_Energii_99.99%;411;2423;0.0027238609184638044;0.0521906209817799;0.20854653565634784;0.9995322813328991
Energetyczne;Prog_Energii_99.0%;412;43;0.35319464008007906;0.5943018089153684;2.2425363441897312;9.888455465758543
Energetyczne;Prog_Energii_99.9%;412;350;0.036058262023978147;0.18989013145494987;0.71283515454471;3.1595396145709933
Energetyczne;Prog_Energii_99.99%;412;2287;0.0036094629075001422;0.060078805809537714;0.20687023357726364;0.9996378721575963
Energetyczne;Prog_Energii_99.0%;413;33;0.3355647563984263;0.5792795149135056;1.757750880688735;9.938817908976526
Energetyczne;Prog_Energii_99.9%;413;313;0.0339171904468742;0.18416620332426414;0.6346663117037963;3.159777469605
Energetyczne;Prog_Energii_99.99%;413;2160;0.003392511164691743;0.05824526731582355;0.20556440553126176;0.9993260438323428
Energetyczne;Prog_Energii_99.0%;414;62;0.306507480269382;0.5536311771110637;1.8892646490354998;9.914906907879836
Energetyczne;Prog_Energii_99.9%;414;612;0.03109468697091233;0.17633685653008654;0.791587266252658;3.1579932438906564
Energetyczne;Prog_Energii_99.99%;414;2872;0.003116001753838215;0.05582115865725303;0.22587543554212175;0.9996936849992908
Energetyczne;Prog_Energii_99.0%;415;44;0.3614374390474952;0.6011966725186486;1.9116314981648754;9.894655438530073
Energetyczne;Prog_Energii_99.9%;415;379;0.03685174556696147;0.19196808476140367;0.6221863202481774;3.159462020890852
Energetyczne;Prog_Energii_99.99%;415;2358;0.003688955957394812;0.06073677598782151;0.22417402610691806;0.9996220842823101
Energetyczne;Prog_Energii_99.0%;416;18;0.3773850697877491;0.6143167503721099;2.6380764194639994;9.60065204026553
Energetyczne;Prog_Energii_99.9%;416;173;0.040872708134814334;0.2021699981075687;1.0598753299769328;3.1595488868506494
Energetyczne;Prog_Energii_99.99%;416;1427;0.004091756381758179;0.06396683814101006;0.5778221515977195;0.9996851864055969
Energetyczne;Prog_Energii_99.0%;417;23;0.3405399625449626;0.5835580198617466;1.9093531703930822;9.786983654559428
Energetyczne;Prog_Energii_99.9%;417;197;0.03553687568552204;0.1885122693235696;1.0660874837628924;3.161581943455734
Energetyczne;Prog_Energii_99.99%;417;1568;0.003553281412769609;0.05960940708285571;0.492600189402582;0.9997228603183331
Energetyczne;Prog_Energii_99.0%;418;29;0.33719939851226893;0.5806887277296409;2.038722298145613;9.839063313183113
Energetyczne;Prog_Energii_99.9%;418;294;0.034693978701859605;0.18626319738976782;0.7750488534740896;3.156003043487876
Energetyczne;Prog_Energii_99.99%;418;2089;0.003481161397310261;0.05900136775796186;0.25187010660129694;0.9997063232218747
Energetyczne;Prog_Energii_99.0%;419;41;0.33070042930964966;0.5750655869634782;2.0587951242969735;9.878786160175986
Energetyczne;Prog_Energii_99.9%;419;377;0.03379923891262093;0.18384569321205468;1.0704616969050162;3.158200265992529
Energetyczne;Prog_Energii_99.99%;419;2287;0.003386147965232793;0.05819061750173127;0.3841703441285107;0.9996297463452732
Energetyczne;Prog_Energii_99.0%;420;23;0.39351453205015663;0.6273073664880372;2.1623401450079767;9.838453322460552
Energetyczne;Prog_Energii_99.9%;420;243;0.04048148442759772;0.20120011040652466;0.7876235588307914;3.1555470259988603
Energetyczne;Prog_Energii_99.99%;420;1820;0.004065386606077937;0.06376038429995491;0.23365219377271895;0.9999939396044312
Energetyczne;Prog_Energii_99.0%;421;27;0.38290928137800806;0.6187966397597906;1.9878851532307005;9.8832225002343
Energetyczne;Prog_Energii_99.9%;421;244;0.039090979545246096;0.19771438881691464;0.7864511669137091;3.1578311364682663
Energetyczne;Prog_Energii_99.99%;421;1839;0.003916837764844085;0.06258464480081424;0.20886554317126027;0.9995819788302149
Energetyczne;Prog_Energii_99.0%;422;18;0.3159461681931124;0.5620908896193857;1.9005909681210937;9.470908789933544
Energetyczne;Prog_Energii_99.9%;422;161;0.035008579919182714;0.18710579873211497;1.0124683595891817;3.1526252899410245
Energetyczne;Prog_Energii_99.99%;422;1495;0.003521089333729594;0.05933876754474762;0.6014352192500128;0.9998241663442027
Energetyczne;Prog_Energii_99.0%;423;21;0.27091327376318036;0.5204932984805668;1.6268547031698901;9.995722582052297
Energetyczne;Prog_Energii_99.9%;423;283;0.02709801199692516;0.16461473809147575;0.6451604939593971;3.16131496732618
Energetyczne;Prog_Energii_99.99%;423;1919;0.00270902931704875;0.05204833635236337;0.1800599117012478;0.9995531787908246
Energetyczne;Prog_Energii_99.0%;424;14;0.3415141308143088;0.5843921036549936;2.0548837682638394;9.462003352897517
Energetyczne;Prog_Energii_99.9%;424;160;0.03788237846172396;0.19463396019637466;0.7195766707634155;3.1513553527633844
Energetyczne;Prog_Energii_99.99%;424;1333;0.0038116348851312386;0.06173843928324751;0.26184526044392964;0.9996187762414096
Energetyczne;Prog_Energii_99.0%;425;35;0.38038526081084584;0.6167538089147451;2.585324083881873;9.899372095700524
Energetyczne;Prog_Energii_99.9%;425;324;0.038755010402149626;0.19686292287312415;0.808287146010291;3.1598010376254337
Energetyczne;Prog_Energii_99.99%;425;2188;0.003879745688574561;0.0622876046141972;0.28429572332246744;0.9997638703047651
Energetyczne;Prog_Energii_99.0%;426;25;0.3286455477653168;0.5732761531455123;1.955204081659661;9.97746226718159
Energetyczne;Prog_Energii_99.9%;426;280;0.03292983834409369;0.18146580488922337;0.9697186094436661;3.1582828120994493
Energetyczne;Prog_Energii_99.99%;426;1957;0.0032985841754867708;0.05743330197269499;0.30837721246460514;0.9995856275688454
Energetyczne;Prog_Energii_99.0%;427;24;0.3446033102412126;0.5870292243502129;2.1555772580419337;9.768879851052368
Energetyczne;Prog_Energii_99.9%;427;254;0.03589865698562164;0.18946940910242382;0.7937301518270123;3.1530012752265373
Energetyczne;Prog_Energii_99.99%;427;1935;0.0036098939430399993;0.06008239295367653;0.352215177258393;0.9998440513381038
Energetyczne;Prog_Energii_99.0%;428;36;0.2757752971765416;0.5251431206600174;1.8465645100429295;9.792725510446292
Energetyczne;Prog_Energii_99.9%;428;335;0.028669834221512213;0.16932168857388652;0.754208214433663;3.1574646109528386
Energetyczne;Prog_Energii_99.99%;428;2171;0.0028745045247766635;0.053614405944453616;0.2585548435745788;0.9997868012815205
Energetyczne;Prog_Energii_99.0%;429;24;0.38309908711442614;0.6189499875712303;2.1626965663417033;9.725828342244979
Energetyczne;Prog_Energii_99.9%;429;245;0.040430370577737504;0.20107304786504207;1.9154604510831146;3.1595476000592893
Energetyczne;Prog_Energii_99.99%;429;1880;0.004046101746891346;0.06360897536426244;0.7541156246396223;0.9995152885397071
Energetyczne;Prog_Energii_99.0%;430;31;0.3309740060277847;0.5753034034557633;2.434637637179029;9.973468530919687
Energetyczne;Prog_Energii_99.9%;430;405;0.03321031161402534;0.1822369655531647;1.5783359701645798;3.159262799762906
Energetyczne;Prog_Energii_99.99%;430;2373;0.003326480496217605;0.05767564907495715;0.5233711626938256;0.9998659274291659
Energetyczne;Prog_Energii_99.0%;431;42;0.2863900776264332;0.5351542559173319;1.6383894372286356;9.882547470959532
Energetyczne;Prog_Energii_99.9%;431;455;0.02928295262038751;0.17112262451349766;0.6263704987747074;3.160074766126985
Energetyczne;Prog_Energii_99.99%;431;2546;0.0029300776093962554;0.05413019129281048;0.18796231687697684;0.9996074573794577
Energetyczne;Prog_Energii_99.0%;432;59;0.2897219013727322;0.5382582106877072;1.773312360555444;9.993020852355432
Energetyczne;Prog_Energii_99.9%;432;620;0.028965296895308967;0.17019194133480284;0.6392750277256143;3.15969470579667
Energetyczne;Prog_Energii_99.99%;432;2823;0.002899472046372517;0.0538467459218523;0.21225234388861924;0.9996905651305541
Energetyczne;Prog_Energii_99.0%;433;36;0.25469727254482144;0.5046754130575626;1.616160463946735;9.830243992912838
Energetyczne;Prog_Energii_99.9%;433;386;0.026279390242911916;0.16210919234550494;0.6541240983620771;3.1576194778258215
Energetyczne;Prog_Energii_99.99%;433;2337;0.0026345367037361963;0.05132773815137578;0.21272233479332492;0.9997796139413173
Energetyczne;Prog_Energii_99.0%;434;16;0.24501101395131286;0.49498587247649084;1.6657676719026182;9.782872532380242
Energetyczne;Prog_Energii_99.9%;434;188;0.02552523101490703;0.15976617606648483;1.2756317933629413;3.157609585147246
Energetyczne;Prog_Energii_99.99%;434;1541;0.0025587299606125635;0.05058389032698615;0.686230739337744;0.9997371213545301
Energetyczne;Prog_Energii_99.0%;435;37;0.3654469310148098;0.604522068261209;2.3014040978798693;9.911905223940067
Energetyczne;Prog_Energii_99.9%;435;274;0.037110848054357326;0.19264176093037907;1.1027089009469728;3.158605742892056
Energetyczne;Prog_Energii_99.99%;435;2066;0.003717832667432586;0.060974032730602507;0.41240855068277593;0.9997465192387468
Energetyczne;Prog_Energii_99.0%;436;40;0.26812345721326103;0.5178063896991433;1.885115584225605;9.85290046786766
Energetyczne;Prog_Energii_99.9%;436;469;0.027583821744869022;0.16608377929487583;0.6271696180174726;3.160267967474289
Energetyczne;Prog_Energii_99.99%;436;2573;0.0027591721934160595;0.05252782304089957;0.1971113486110898;0.9995075814272156
Energetyczne;Prog_Energii_99.0%;437;57;0.29037443308606853;0.5388640209608251;2.004231110994355;9.940704378244934
Energetyczne;Prog_Energii_99.9%;437;517;0.02936881548261996;0.1713733219687941;0.6117905753107173;3.1614126490983856
Energetyczne;Prog_Energii_99.99%;437;2594;0.002937434145084328;0.05419810093614284;0.19788093328286926;0.9998205081642367
Energetyczne;Prog_Energii_99.0%;438;81;0.29000985229455045;0.5385256282615994;1.825424765936893;9.957964511846782
Energetyczne;Prog_Energii_99.9%;438;748;0.029199382749594053;0.17087826880441542;0.6651498485691132;3.159737712192219
Energetyczne;Prog_Energii_99.99%;438;3019;0.0029236810221240704;0.054071073802210275;0.21787257614876054;0.9998369729923073
Energetyczne;Prog_Energii_99.0%;439;58;0.3309799721292983;0.5753085886107544;2.6895073380724495;9.878674713296173
Energetyczne;Prog_Energii_99.9%;439;546;0.03387616937319813;0.18405479991893212;1.0459790293128242;3.1604212657602457
Energetyczne;Prog_Energii_99.99%;439;2737;0.003389517500260827;0.05821956286559379;0.262652891560502;0.9996932687695793
Energetyczne;Prog_Energii_99.0%;440;13;0.3068416170952988;0.553932863346542;1.8082742042422408;9.661721658091716
Energetyczne;Prog_Energii_99.9%;440;151;0.03265326237682981;0.1807021371673003;0.5967333425067451;3.1518147195403516
Energetyczne;Prog_Energii_99.99%;440;1233;0.0032865340584395854;0.0573283006763639;0.2027324215516142;0.9999227720849336
Energetyczne;Prog_Energii_99.0%;441;21;0.42643776508625203;0.6530220249625981;3.153499352900945;9.965697511212904
Energetyczne;Prog_Energii_99.9%;441;183;0.04291646520940412;0.20716289534905646;2.4999653712548433;3.1614902280118304
Energetyczne;Prog_Energii_99.99%;441;1601;0.004293656729577738;0.06552600040882808;1.3693239395604397;0.9999851065228545
Energetyczne;Prog_Energii_99.0%;442;38;0.27123680266470235;0.5208039963985515;1.7407177838317356;9.809210141826744
Energetyczne;Prog_Energii_99.9%;442;387;0.028139801199095656;0.16774922115794058;0.5920420505145421;3.1595136996736475
Energetyczne;Prog_Energii_99.99%;442;2320;0.0028156596160453027;0.05306278937301829;0.19729797848192376;0.9994240736837695
Energetyczne;Prog_Energii_99.0%;443;27;0.2950782650863383;0.5432110686338583;2.0423734106360474;9.933424751169015
Energetyczne;Prog_Energii_99.9%;443;247;0.029803707226847432;0.17263750237664882;1.0053984507320148;3.1569342712419743
Energetyczne;Prog_Energii_99.99%;443;1911;0.002989892792749681;0.05467991215016426;0.38734749039512595;0.9999037650506631
Energetyczne;Prog_Energii_99.0%;444;23;0.37971141736205694;0.6162072844117124;1.970126839204462;9.88637556452411
Energetyczne;Prog_Energii_99.9%;444;206;0.03871289342521534;0.19675592348190013;0.7418739544269641;3.1567347600311173
Energetyczne;Prog_Energii_99.99%;444;1642;0.003883016864482751;0.06231385772428755;0.37650445689523515;0.9997580618099537
Energetyczne;Prog_Energii_99.0%;445;43;0.298223790574708;0.5460987003964649;2.317663550661473;9.907190379958317
Energetyczne;Prog_Energii_99.9%;445;377;0.030309058355874486;0.1740949693583203;0.6908364420768578;3.1583887754607334
Energetyczne;Prog_Energii_99.99%;445;2329;0.0030372571153066607;0.05511131567388553;0.18767143039189849;0.9998161432626971
Energetyczne;Prog_Energii_99.0%;446;14;0.35402648816007265;0.5950012505533687;1.8028693560194222;9.449926551304493
Energetyczne;Prog_Energii_99.9%;446;155;0.039641160364244275;0.19910087986808164;1.966434143889546;3.162159221184209
Energetyczne;Prog_Energii_99.99%;446;1413;0.003963500704887116;0.06295633967192753;0.9955604748673608;0.9998849334944881
Energetyczne;Prog_Energii_99.0%;447;44;0.3479231600356226;0.5898501165852412;2.0470668411246185;9.839152362087118
Energetyczne;Prog_Energii_99.9%;447;429;0.03587317362418368;0.1894021478869331;0.69952326094639;3.1593730989740045
Energetyczne;Prog_Energii_99.99%;447;2487;0.0035915919020443497;0.05992989155708819;0.2596159366037467;0.9996765576434965
Energetyczne;Prog_Energii_99.0%;448;36;0.3107754515917874;0.5574723774249154;1.8229947266517597;9.763132794547941
Energetyczne;Prog_Energii_99.9%;448;333;0.03259692796899045;0.18054619344918477;0.6591063362220995;3.1619440416703797
Energetyczne;Prog_Energii_99.99%;448;2174;0.003256689954264499;0.05706741587162064;0.2151897144934276;0.9994338409554061
Energetyczne;Prog_Energii_99.0%;449;34;0.3531820003380005;0.5942911747098392;2.3178948160331494;9.825557179227609
Energetyczne;Prog_Energii_99.9%;449;307;0.03653897907297752;0.19115171742094686;1.0763507011924478;3.1603567566758564
Energetyczne;Prog_Energii_99.99%;449;2115;0.0036571620753983814;0.06047447457728245;0.3189334359458993;0.9998388553101926
Energetyczne;Prog_Energii_99.0%;450;27;0.3076955889516503;0.5547031539045458;1.9578978534720006;9.9244290944151
Energetyczne;Prog_Energii_99.9%;450;220;0.031013014235066555;0.17610512268263678;1.087538319662983;3.1507713466649143
Energetyczne;Prog_Energii_99.99%;450;1867;0.003122387697603077;0.055878329409558024;0.3863562798774698;0.9997428610888306
Energetyczne;Prog_Energii_99.0%;451;40;0.2790304369612926;0.5282333167846313;1.6394508525202882;9.846518220966722
Energetyczne;Prog_Energii_99.9%;451;369;0.028757440992591858;0.1695801904486248;0.6713427666719474;3.1610547500701913
Energetyczne;Prog_Energii_99.99%;451;2340;0.0028752502996360675;0.053621360479160426;0.21352260260469835;0.9995274554148293
Energetyczne;Prog_Energii_99.0%;452;44;0.30114935421541744;0.5487707665459389;1.8690979047710528;9.83870772816313
Energetyczne;Prog_Energii_99.9%;452;456;0.031061560294461093;0.17624290140161983;1.0078998744992962;3.1597936729905087
Energetyczne;Prog_Energii_99.99%;452;2503;0.0031100861042484217;0.05576814596387818;0.2605737836248436;0.9998464242796099
Energetyczne;Prog_Energii_99.0%;453;37;0.32006916930688845;0.5657465592532477;1.9391277391596269;9.895036091018387
Energetyczne;Prog_Energii_99.9%;453;365;0.03262532153938705;0.18062480875944767;0.8284748363782253;3.1591690172488995
Energetyczne;Prog_Energii_99.99%;453;2270;0.0032655598726418233;0.05714507741391049;0.2076804562942618;0.9994804107709436
Energetyczne;Prog_Energii_99.0%;454;78;0.29125424049203813;0.53967975734878;1.9858284486411595;9.918133869262267
Energetyczne;Prog_Energii_99.9%;454;678;0.029543655076433622;0.17188267823266434;0.6255265028402572;3.1588277850065074
Energetyczne;Prog_Energii_99.99%;454;2908;0.0029579138977210485;0.05438670699464207;0.21576301141272847;0.9995087518774469
Energetyczne;Prog_Energii_99.0%;455;29;0.3749759948681483;0.6123528352740341;1.9506664659933977;9.840961337776422
Energetyczne;Prog_Energii_99.9%;455;266;0.03860967044895008;0.19649343614724152;0.7134773159138845;3.157794325205501
Energetyczne;Prog_Energii_99.99%;455;1906;0.003867093266759376;0.06218595715078587;0.2435091947930017;0.999374159506655
Energetyczne;Prog_Energii_99.0%;456;34;0.3304181067504251;0.5748200646727853;2.1091459153052057;9.829606824796599
Energetyczne;Prog_Energii_99.9%;456;342;0.0340679133728277;0.1845749532651375;0.7687505865365067;3.1562906930437324
Energetyczne;Prog_Energii_99.99%;456;2225;0.0034193666600744665;0.058475350876026955;0.24828972753021716;0.9999471893531895
Energetyczne;Prog_Energii_99.0%;457;36;0.3608914529573483;0.6007424181438733;1.8967537327364177;9.87146463084301
Energetyczne;Prog_Energii_99.9%;457;397;0.03703032919323353;0.1924326614513075;0.7076122700802303;3.1620743832352964
Energetyczne;Prog_Energii_99.99%;457;2394;0.0037017008433318623;0.060841604542712896;0.22874326246394805;0.9997558507401577
Energetyczne;Prog_Energii_99.0%;458;27;0.3401726060187709;0.5832431791446608;2.4768250977391704;9.895576847702332
Energetyczne;Prog_Energii_99.9%;458;298;0.03460780050581467;0.18603171908525348;2.1315954215876576;3.1563012447363836
Energetyczne;Prog_Energii_99.99%;458;2081;0.0034736747093693753;0.05893788857237232;0.8322719298217369;0.9999678118217157
Energetyczne;Prog_Energii_99.0%;459;19;0.37333038436242494;0.6110076794627257;2.23315093551997;9.791482304383518
Energetyczne;Prog_Energii_99.9%;459;180;0.038714252173632564;0.19675937632964932;0.7549016626343938;3.1530961333372702
Energetyczne;Prog_Energii_99.99%;459;1547;0.0038923398329794323;0.062388619418764446;0.2234542622134028;0.9997862278439927
Energetyczne;Prog_Energii_99.0%;460;23;0.315876804908758;0.5620291851040816;1.795833726992269;9.93514328170124
Energetyczne;Prog_Energii_99.9%;460;245;0.03192754018128159;0.1786827920681832;0.667971099411;3.1586244775581815
Energetyczne;Prog_Energii_99.99%;460;1871;0.003198208654950531;0.056552706875538074;0.2089196699269933;0.9996976325570558
Energetyczne;Prog_Energii_99.0%;461;18;0.2909935720975253;0.539438200443318;2.584539936373666;9.655715219006739
Energetyczne;Prog_Energii_99.9%;461;164;0.030938802674451905;0.17589429403608267;1.8171629688663087;3.148433333910895
Energetyczne;Prog_Energii_99.99%;461;1464;0.0031192567045474472;0.0558503062171323;0.9201034305681901;0.999696816583934
Energetyczne;Prog_Energii_99.0%;462;16;0.3102860551070732;0.5570332621191244;2.388778331737769;9.57912251668009
Energetyczne;Prog_Energii_99.9%;462;168;0.0335533539740161;0.18317574614019208;1.089076991025319;3.1500146107719265
Energetyczne;Prog_Energii_99.99%;462;1382;0.0033780670016449934;0.05812114074624648;0.47789436511287775;0.9994906334667653
Energetyczne;Prog_Energii_99.0%;463;26;0.36074299551172606;0.6006188437867447;2.036142013470261;9.841972613111011
Energetyczne;Prog_Energii_99.9%;463;344;0.03718528987224962;0.19283487721947404;0.7256491561827874;3.159866860788247
Energetyczne;Prog_Energii_99.99%;463;2206;0.0037198653823952107;0.060990699146633916;0.24525163904451652;0.9994171792398759
Energetyczne;Prog_Energii_99.0%;464;65;0.24600389967763067;0.49598780194439324;2.24571276975139;9.996221985213964
Energetyczne;Prog_Energii_99.9%;464;567;0.024594674402044128;0.1568268931084338;1.927372489234263;3.160715708365512
Energetyczne;Prog_Energii_99.99%;464;2788;0.0024590408677748303;0.049588717141854255;0.4353233602993445;0.9994193860588825
Energetyczne;Prog_Energii_99.0%;465;40;0.3391450032531203;0.5823615743274279;2.323885473675406;9.918458917123754
Energetyczne;Prog_Energii_99.9%;465;373;0.03439055179451997;0.1854468975057819;0.7033122289846965;3.1584285696449466
Energetyczne;Prog_Energii_99.99%;465;2210;0.003443237757577914;0.05867910835704573;0.25111309818022587;0.9993899858605422
Energetyczne;Prog_Energii_99.0%;466;30;0.3665597269151651;0.6054417617865199;2.065277044128703;9.65031194591196
Energetyczne;Prog_Energii_99.9%;466;299;0.03927587911063506;0.1981814297824977;0.7326930883933613;3.1588713233863546
Energetyczne;Prog_Energii_99.99%;466;2139;0.003934356610020998;0.06272444985825701;0.24518235996224513;0.9997832095059993
Energetyczne;Prog_Energii_99.0%;467;17;0.30059446067672696;0.548264954813571;1.897952909635345;9.726526973849872
Energetyczne;Prog_Energii_99.9%;467;153;0.031568496504880916;0.17767525574733506;1.0039326853555597;3.152058420731568
Energetyczne;Prog_Energii_99.99%;467;1345;0.0031771602297902424;0.0563663040281181;0.6592779214328228;0.9999697623061404
Energetyczne;Prog_Energii_99.0%;468;25;0.2289354051757392;0.47847194815970057;1.669494599691407;9.83056696477883
Energetyczne;Prog_Energii_99.9%;468;221;0.023663898920542794;0.15383074764344998;0.6142925815723439;3.1605687057879175
Energetyczne;Prog_Energii_99.99%;468;1825;0.002367509536234187;0.04865706049726172;0.2700002488027673;0.9996959975759625
Energetyczne;Prog_Energii_99.0%;469;15;0.3140696494126866;0.5604191729524308;2.2844879610515134;9.963528788057822
Energetyczne;Prog_Energii_99.9%;469;181;0.0315860408537509;0.1777246208428953;1.0287530535968452;3.159714123958341
Energetyczne;Prog_Energii_99.99%;469;1550;0.003160648627111144;0.05621964627344381;0.5680523941411217;0.9995126703979325
Energetyczne;Prog_Energii_99.0%;470;42;0.2521352962632419;0.5021307561415073;1.6873213101173294;9.7874462994573
Energetyczne;Prog_Energii_99.9%;470;404;0.026217434161944983;0.16191798591245193;0.5989942605667573;3.1560775209471514
Energetyczne;Prog_Energii_99.99%;470;2349;0.0026307372460734725;0.05129071305873484;0.1740750906210664;0.9997497535916098
Energetyczne;Prog_Energii_99.0%;471;22;0.22793401571382124;0.47742435601236477;1.8812244406977423;9.779859872077088
Energetyczne;Prog_Energii_99.9%;471;320;0.02376268761200641;0.1541515086270855;0.6942647060746245;3.157736161669837
Energetyczne;Prog_Energii_99.99%;471;2181;0.002381044524822275;0.04879594783198985;0.242483889206349;0.9995667923353395
Energetyczne;Prog_Energii_99.0%;472;38;0.2519493551299693;0.501945569887781;1.9354731111613104;9.844182178393316
Energetyczne;Prog_Energii_99.9%;472;479;0.02594886903447601;0.16108652654544392;0.9344906819675343;3.1592371940895245
Energetyczne;Prog_Energii_99.99%;472;2566;0.0025961033458342824;0.05095197097104569;0.28224125072205464;0.9992726595820315
Energetyczne;Prog_Energii_99.0%;473;51;0.26949433318470467;0.5191284361164438;1.6899016001597271;9.976236666198165
Energetyczne;Prog_Energii_99.9%;473;552;0.02703889993209976;0.16443509337151774;0.6509595910508033;3.159995279732071
Energetyczne;Prog_Energii_99.99%;473;2727;0.0027076035466804256;0.05203463795089215;0.2087232622165076;0.9999642225755424
Energetyczne;Prog_Energii_99.0%;474;29;0.29200959930467846;0.5403791255264015;2.394700250721365;9.814356982702533
Energetyczne;Prog_Energii_99.9%;474;268;0.030261276414390515;0.17395768570083506;1.6053140632085103;3.159416688588111
Energetyczne;Prog_Energii_99.99%;474;1928;0.0030278051751143516;0.05502549568258656;0.6986409725557166;0.9993721671853818
Energetyczne;Prog_Energii_99.0%;475;40;0.2771216128926214;0.5264234159805407;1.501966015744029;9.746038927945257
Energetyczne;Prog_Energii_99.9%;475;359;0.02912686948577524;0.1706659587784724;1.004287469146981;3.159656328797458
Energetyczne;Prog_Energii_99.99%;475;2284;0.0029135607855139403;0.053977409955591055;0.31897674573456847;0.9993209319478608
Energetyczne;Prog_Energii_99.0%;476;46;0.36681316304392947;0.6056510241417326;2.217445717225905;9.864218110677893
Energetyczne;Prog_Energii_99.9%;476;408;0.03758790739093684;0.19387601035439336;0.6775114667771431;3.157652140147689
Energetyczne;Prog_Energii_99.99%;476;2441;0.0037666099243357657;0.06137271319027509;0.24769525668579773;0.9995753409496079
Energetyczne;Prog_Energii_99.0%;477;28;0.32826428677813235;0.5729435284372556;2.118755932266095;9.695748499465484
Energetyczne;Prog_Energii_99.9%;477;246;0.03472991753321427;0.18635964566722665;1.7263575697205567;3.1537074164488264
Energetyczne;Prog_Energii_99.99%;477;1915;0.0034893661860387055;0.05907085733285666;0.7650806677744098;0.9996380933202326
Energetyczne;Prog_Energii_99.0%;478;29;0.2571070236602519;0.5070572193157808;1.631656216770713;9.920705948465793
Energetyczne;Prog_Energii_99.9%;478;346;0.026039536892108663;0.1613677070919354;0.9122322500257019;3.1572010231852463
Energetyczne;Prog_Energii_99.99%;478;2202;0.002608745203866726;0.051075876927045766;0.282506306981678;0.9993127732941038
Energetyczne;Prog_Energii_99.0%;479;14;0.38113351064360024;0.6173601142312324;2.2586076117673626;9.508831365206486
Energetyczne;Prog_Energii_99.9%;479;184;0.04194381960999729;0.2048019033358755;0.8175506963341226;3.1544421435764325
Energetyczne;Prog_Energii_99.99%;479;1483;0.004212868357358066;0.06490661258576098;0.2696555633557898;0.9997180241119739
Energetyczne;Prog_Energii_99.0%;480;28;0.3321550590176559;0.5763289503553122;1.7956029669271905;9.719881520795767
Energetyczne;Prog_Energii_99.9%;480;237;0.03504383469491021;0.18719998583042202;0.6926365122235314;3.1571582198752495
Energetyczne;Prog_Energii_99.99%;480;1927;0.003515202114417394;0.05928913993656337;0.2443737870281737;0.999920991818982
Energetyczne;Prog_Energii_99.0%;481;25;0.31894337377249954;0.5647507182576217;2.365231819345465;9.77873699598572
Energetyczne;Prog_Energii_99.9%;481;225;0.03324943754519279;0.18234428300660482;0.6543165539818583;3.1573165444471094
Energetyczne;Prog_Energii_99.99%;481;1703;0.00333388596410444;0.05773981264348231;0.27951914800585964;0.9997728622286434
Energetyczne;Prog_Energii_99.0%;482;38;0.2906017546976702;0.5390749063884074;2.097336789141723;9.67785929272884
Energetyczne;Prog_Energii_99.9%;482;403;0.0310054052574092;0.17608351784709778;1.2777284826772508;3.1611775827404127
Energetyczne;Prog_Energii_99.99%;482;2404;0.003099833406059349;0.05567614755044883;0.45721313756576354;0.9995381264625687
Energetyczne;Prog_Energii_99.0%;483;22;0.30778765747855064;0.5547861367036406;2.6667175208618135;9.366164825137439
Energetyczne;Prog_Energii_99.9%;483;233;0.03497353880958335;0.18701213546073248;2.012571869314341;3.1572282887844123
Energetyczne;Prog_Energii_99.99%;483;1703;0.0035062557786820505;0.05921364520684443;0.9905490960660739;0.9996730707796633
Energetyczne;Prog_Energii_99.0%;484;31;0.38628439497849876;0.6215178154956612;2.2839112691197903;9.974597301181557
Energetyczne;Prog_Energii_99.9%;484;298;0.038683994405533814;0.19668247101745956;0.6855696612861344;3.1565120028553184
Energetyczne;Prog_Energii_99.99%;484;2061;0.0038797044339343957;0.06228727345079728;0.23558699974816655;0.9996342086586854
Energetyczne;Prog_Energii_99.0%;485;35;0.3896293977720909;0.6242030100633054;2.097905477855864;9.983478264789083
Energetyczne;Prog_Energii_99.9%;485;294;0.03895613377879981;0.19737308271088996;0.9942931327180169;3.1567772816391044
Energetyczne;Prog_Energii_99.99%;485;2065;0.0039058549349794292;0.06249683939992029;0.3910814799878972;0.9995719785200009
Energetyczne;Prog_Energii_99.0%;486;42;0.33431396021890486;0.5781988933048081;1.8498655728613214;9.907915538760534
Energetyczne;Prog_Energii_99.9%;486;432;0.033958987050488;0.1842796436139597;0.7991944690107227;3.157783879529992
Energetyczne;Prog_Energii_99.99%;486;2474;0.00340231083215974;0.0583293308050053;0.2398800578024245;0.9995212542611237
Energetyczne;Prog_Energii_99.0%;487;31;0.3531141251893378;0.5942340659953264;1.8186303752846946;9.895350053614202
Energetyczne;Prog_Energii_99.9%;487;275;0.035979651899347015;0.1896830300774084;0.8229758669926817;3.158654290043597
Energetyczne;Prog_Energii_99.99%;487;1958;0.0036032778083074637;0.060027308854449436;0.2616786875451549;0.9995913527715259
Energetyczne;Prog_Energii_99.0%;488;17;0.38225113562661855;0.6182646161851886;2.3791113373551673;9.8906219713457
Energetyczne;Prog_Energii_99.9%;488;167;0.03902505318431615;0.19754759726282714;1.552470461998932;3.1602465266895177
Energetyczne;Prog_Energii_99.99%;488;1381;0.0039048236788654547;0.06248858838912474;0.8401474308444747;0.999654499222919
Energetyczne;Prog_Energii_99.0%;489;26;0.376605765563729;0.6136821372369649;2.0127837978514265;9.717341612639295
Energetyczne;Prog_Energii_99.9%;489;207;0.03971820108873926;0.19929425754080135;1.07182880860592;3.155722261496241
Energetyczne;Prog_Energii_99.99%;489;1666;0.0039844734511331635;0.0631226857091265;0.5657054791012985;0.9995153245042175
Energetyczne;Prog_Energii_99.0%;490;28;0.43404253393699593;0.6588190449106612;2.4197025145230864;9.809585128879792
Energetyczne;Prog_Energii_99.9%;490;250;0.044926784085486976;0.2119593925389648;0.8204846640453507;3.15600121313824
Energetyczne;Prog_Energii_99.99%;490;1909;0.004508614858677338;0.06714621998800333;0.29217614758326604;0.9997837283895276
Energetyczne;Prog_Energii_99.0%;491;35;0.22888395240155915;0.478418177331881;1.6435637178585505;9.878678548790472
Energetyczne;Prog_Energii_99.9%;491;332;0.023415339938760143;0.15302071735147546;0.7176296139711749;3.159667733468908
Energetyczne;Prog_Energii_99.99%;491;2230;0.0023432091358745162;0.04840670548461769;0.20927838976998991;0.9995320114201789
Energetyczne;Prog_Energii_99.0%;492;49;0.2958250572986157;0.5438980210467912;2.0385228546535394;9.91823084309051
Energetyczne;Prog_Energii_99.9%;492;492;0.029992999665876027;0.17318487135392638;1.2117404441380997;3.1581058693931214
Energetyczne;Prog_Energii_99.99%;492;2602;0.003003362304696478;0.0548029406573815;0.3315142645591598;0.9993568560407374
Energetyczne;Prog_Energii_99.0%;493;7;0.3963727423122117;0.6295814024510347;2.117671492654127;9.259867210703396
Energetyczne;Prog_Energii_99.9%;493;64;0.0458102486355334;0.21403328861542403;0.8747063731736615;3.147996150351858
Energetyczne;Prog_Energii_99.99%;493;645;0.004619877754328082;0.06796968261164739;0.28237094354906134;0.9996963583854607
Energetyczne;Prog_Energii_99.0%;494;39;0.3761048899677507;0.6132739110444457;2.0643276483572146;9.881411370283843
Energetyczne;Prog_Energii_99.9%;494;388;0.03837309499782478;0.19589051788645814;0.6825835179131117;3.156297301930645
Energetyczne;Prog_Energii_99.99%;494;2299;0.0038482548535078254;0.06203430384479079;0.2434199403651185;0.9995313094529038
Energetyczne;Prog_Energii_99.0%;495;32;0.347330527658703;0.5893475440338264;2.2445718575853215;9.850355049394699
Energetyczne;Prog_Energii_99.9%;495;340;0.03570800456594876;0.18896561741742535;0.7246105270659555;3.1583713931331596
Energetyczne;Prog_Energii_99.99%;495;2209;0.0035763986929806123;0.059802999029986884;0.20475583365553973;0.9995473459208417
Energetyczne;Prog_Energii_99.0%;496;28;0.19457337265077798;0.4411047184635163;1.5524990766620137;9.638912467008502
Energetyczne;Prog_Energii_99.9%;496;246;0.020826345694723504;0.14431335937716752;0.5338951231321487;3.153500247518911
Energetyczne;Prog_Energii_99.99%;496;1853;0.002092672303077477;0.04574573535399204;0.18181348321326274;0.9996246250821628
Energetyczne;Prog_Energii_99.0%;497;16;0.29990354222535553;0.5476344969277918;2.18194814611424;9.193098181470369
Energetyczne;Prog_Energii_99.9%;497;139;0.035347944956874086;0.18801049161383013;1.0264944217233145;3.156117662873144
Energetyczne;Prog_Energii_99.99%;497;1262;0.0035465723503898673;0.05955310529594462;0.615256740508439;0.9997133983859483
Energetyczne;Prog_Energii_99.0%;498;63;0.32798517573547115;0.5726999002404934;1.906649957284424;9.96155792232876
Energetyczne;Prog_Energii_99.9%;498;519;0.03303102648910477;0.18174439878330437;0.6397620534597799;3.161267104775885
Energetyczne;Prog_Energii_99.99%;498;2660;0.0033033365957909483;0.05747466046694794;0.2116074337428735;0.9997158355837946
Energetyczne;Prog_Energii_99.0%;499;47;0.3051381559004076;0.5523931171732751;1.7924977152874662;9.979833136893348
Energetyczne;Prog_Energii_99.9%;499;394;0.03055772225127763;0.17480767217510115;0.6923753218478463;3.158170051581276
Energetyczne;Prog_Energii_99.99%;499;2393;0.003060550165335634;0.055322239337680774;0.21301080882957457;0.9994815289781137
Energetyczne;Prog_Energii_99.0%;500;19;0.4093890345843513;0.6398351620412489;2.701886809616103;9.585734092756113
Energetyczne;Prog_Energii_99.9%;500;147;0.04447073255375128;0.2108808491868128;1.19036751458043;3.1593258162155724
Energetyczne;Prog_Energii_99.99%;500;1260;0.004448778399175116;0.06669916340686079;0.6926546137353133;0.9992580629481536
Energetyczne;Prog_Energii_99.0%;501;53;0.2794782856655346;0.5286570586547905;1.899653934742906;9.9052847701892
Energetyczne;Prog_Energii_99.9%;501;433;0.028475585790666343;0.16874710602160364;0.9032766581675808;3.1617626435226756
Energetyczne;Prog_Energii_99.99%;501;2464;0.0028459138461348595;0.05334710719556272;0.31185375702166107;0.9995483457318435
Energetyczne;Prog_Energii_99.0%;502;42;0.3641625332029853;0.6034588082073087;2.0284967783876833;9.834351437066756
Energetyczne;Prog_Energii_99.9%;502;385;0.037589419849705416;0.19387991089771373;0.7687770363906372;3.1595912669159265
Energetyczne;Prog_Energii_99.99%;502;2361;0.0037620363007015508;0.06133544082096053;0.2555822543177868;0.9995616475839363
Energetyczne;Prog_Energii_99.0%;503;33;0.40952602377796204;0.6399422034668146;2.399517769929375;9.852525597367991
Energetyczne;Prog_Energii_99.9%;503;325;0.04213603577612369;0.205270640316933;0.8613046648820477;3.1603388980354654
Energetyczne;Prog_Energii_99.99%;503;2145;0.004217078989969409;0.06493904056859333;0.23546764175074397;0.9997989756019627
Energetyczne;Prog_Energii_99.0%;504;36;0.35150526487712425;0.5928787944235518;2.224801159189684;9.691077525770027
Energetyczne;Prog_Energii_99.9%;504;322;0.03728509154518273;0.19309347877435615;1.8276698640798692;3.156267166448986
Energetyczne;Prog_Energii_99.99%;504;2153;0.0037417013325033452;0.06116944770474346;0.5822547104161888;0.9998634889473047
Energetyczne;Prog_Energii_99.0%;505;32;0.36693175365161784;0.6057489196454401;2.114045495375147;9.793552882491054
Energetyczne;Prog_Energii_99.9%;505;284;0.038029967641190626;0.19501273712552886;0.7301923455710044;3.1529029468448524
Energetyczne;Prog_Energii_99.99%;505;1964;0.0038235644722461955;0.06183497774113124;0.22881450564304018;0.9997279480909178
Energetyczne;Prog_Energii_99.0%;506;41;0.3247288188491449;0.5698498213118478;1.9012917379418601;9.945714489848587
Energetyczne;Prog_Energii_99.9%;506;501;0.03280154237371978;0.18111196087978226;0.809213927793083;3.1609869587397728
Energetyczne;Prog_Energii_99.99%;506;2637;0.0032812206681183485;0.0572819401567226;0.22145887787408292;0.9997543228351462
Energetyczne;Prog_Energii_99.0%;507;23;0.32338476630856894;0.568669294325418;1.9495915502805774;9.97850294704576
Energetyczne;Prog_Energii_99.9%;507;252;0.032323753444986114;0.17978807926274232;0.7082397645551541;3.1547612938994987
Energetyczne;Prog_Energii_99.99%;507;1913;0.003246038374888388;0.05697401490932851;0.22152675632032537;0.9997293353989913
Energetyczne;Prog_Energii_99.0%;508;43;0.2515963375297362;0.5015937973397759;1.9553506700145071;9.90814193053379
Energetyczne;Prog_Energii_99.9%;508;406;0.025528491008097867;0.15977637812923995;0.5488344794408553;3.1561136522164217
Energetyczne;Prog_Energii_99.99%;508;2441;0.0025622835637596976;0.05061900397834491;0.18008850192355608;0.9998932970456095
Energetyczne;Prog_Energii_99.0%;509;20;0.3437530794734665;0.5863045961558433;1.9988058045751171;9.843093023950809
Energetyczne;Prog_Energii_99.9%;509;199;0.03535959185039483;0.18804146311490672;0.7478994997758006;3.156907904074931
Energetyczne;Prog_Energii_99.99%;509;1617;0.0035455596400645484;0.059544602106862285;0.2534018484491414;0.9996562562443109
Energetyczne;Prog_Energii_99.0%;510;13;0.3735739842085686;0.6112069896594513;2.0433741513112818;9.72561469734689
Energetyczne;Prog_Energii_99.9%;510;145;0.0394096764352682;0.19851870550471612;0.718051427267393;3.15885857429525
Energetyczne;Prog_Energii_99.99%;510;1301;0.003945819093256359;0.06281575513560558;0.22926639238157787;0.999533450545418
Energetyczne;Prog_Energii_99.0%;511;28;0.2728719105746395;0.5223714297074826;2.1216248503686623;9.793259389415361
Energetyczne;Prog_Energii_99.9%;511;300;0.02836977763961178;0.1684333032378448;0.6023952249836722;3.1577359224028787
Energetyczne;Prog_Energii_99.99%;511;2054;0.002843722351755415;0.05332656328468407;0.2016212869174705;0.9997500569382766
Energetyczne;Prog_Energii_99.0%;512;16;0.30833900183209995;0.5552828124767594;1.8602075691495221;9.61245921144144
Energetyczne;Prog_Energii_99.9%;512;133;0.03336109412156113;0.1826501960622028;1.2805918058092622;3.161843875157202
Energetyczne;Prog_Energii_99.99%;512;1248;0.0033335513484915842;0.0577369149547461;0.7549503067428995;0.9994794139611314
Energetyczne;Prog_Energii_99.0%;513;21;0.38758804134271;0.6225656923913412;2.316092876921411;9.924701621624767
Energetyczne;Prog_Energii_99.9%;513;241;0.039215533229452856;0.19802912217513075;1.004605516082349;3.1569037195596423
Energetyczne;Prog_Energii_99.99%;513;1806;0.003932880934156431;0.06271268559196322;0.35321318629425313;0.9997413927521105
Energetyczne;Prog_Energii_99.0%;514;54;0.2955128971820739;0.543610979637161;2.0234984871608983;9.909043136405769
Energetyczne;Prog_Energii_99.9%;514;549;0.030090836107331837;0.17346710381894268;0.6399621267990989;3.161990980455499
Energetyczne;Prog_Energii_99.99%;514;2690;0.0030054516507155606;0.05482199969643173;0.18632050005860057;0.9993057170746498
Energetyczne;Prog_Energii_99.0%;515;21;0.35384222455310793;0.5948463873582053;2.117710191325168;9.778086940040826
Energetyczne;Prog_Energii_99.9%;515;198;0.036788488392940785;0.1918032543856876;0.7588927181613574;3.1528625484223514
Energetyczne;Prog_Energii_99.99%;515;1576;0.0036974874605106337;0.060806968848238385;0.2533462255866441;0.9995451608927514
Energetyczne;Prog_Energii_99.0%;516;11;0.35084549233891776;0.5923221187317909;2.0451655315972292;9.69183414313767
Energetyczne;Prog_Energii_99.9%;516;128;0.0370387703050552;0.19245459283959737;1.3839853654487775;3.1490264079283286
Energetyczne;Prog_Energii_99.99%;516;1118;0.0037326581944402883;0.06109548423934692;0.8310450003468994;0.9996710935094303
Energetyczne;Prog_Energii_99.0%;517;57;0.2946752513123023;0.5428399868398627;2.0089643011398186;9.990048598837708
Energetyczne;Prog_Energii_99.9%;517;581;0.029514294659833684;0.1717972486969267;0.9042011469263076;3.1616367718599956
Energetyczne;Prog_Energii_99.99%;517;2730;0.0029481150819728828;0.05429654760638915;0.22208981496685531;0.9992358015013876
Energetyczne;Prog_Energii_99.0%;518;34;0.2808515750234819;0.5299543140908298;1.6948982387364566;9.91075640634062
Energetyczne;Prog_Energii_99.9%;518;343;0.028580942045890755;0.16905898984050138;0.5661503919067536;3.1615979379008423
Energetyczne;Prog_Energii_99.99%;518;2300;0.0028552744642106483;0.053434768308758;0.18814610775567786;0.9992917469610119
Energetyczne;Prog_Energii_99.0%;519;47;0.3035853291381741;0.5509857794337111;2.130895489470978;9.98700721226253
Energetyczne;Prog_Energii_99.9%;519;457;0.030433892173710366;0.17445312314117614;0.6674506853672866;3.162086326081417
Energetyczne;Prog_Energii_99.99%;519;2575;0.003043673149368105;0.055169494735479545;0.19303206236455672;0.9999861382745575
Energetyczne;Prog_Energii_99.0%;520;22;0.3668499400752685;0.6056813849502628;1.918887425625738;9.867081988820704
Energetyczne;Prog_Energii_99.9%;520;200;0.03740115412659061;0.1933937799583808;0.9141379540795187;3.1505546156647912
Energetyczne;Prog_Energii_99.99%;520;1643;0.0037655608665829094;0.06136416598131934;0.3153688842067588;0.9996761861238336
Energetyczne;Prog_Energii_99.0%;521;21;0.3029704638866651;0.5504275282783966;1.704138574067703;9.992022893144771
Energetyczne;Prog_Energii_99.9%;521;179;0.030294409780427658;0.17405289362842452;1.2779785828612047;3.1596175852485384
Energetyczne;Prog_Energii_99.99%;521;1473;0.0030327507816464605;0.055070416574114094;0.5984922364544314;0.9997044749281743
Energetyczne;Prog_Energii_99.0%;522;14;0.35145581258614317;0.5928370877282756;3.2526753918307887;9.782587915144186
Energetyczne;Prog_Energii_99.9%;522;138;0.03658942711483496;0.19128363002315427;0.9053489308826652;3.156430267546114
Energetyczne;Prog_Energii_99.99%;522;1228;0.0036704751954692626;0.06058444681161381;0.41312368073047434;0.9997226716973515
Energetyczne;Prog_Energii_99.0%;523;26;0.42043547982606394;0.6484099627751443;2.2293950382694874;9.839159384746742
Energetyczne;Prog_Energii_99.9%;523;305;0.04334706080648306;0.20819956965969708;0.7098162021026528;3.1592801889563558
Energetyczne;Prog_Energii_99.99%;523;2078;0.00434077165019435;0.06588453270832502;0.28787156871541164;0.9997508606010878
Energetyczne;Prog_Energii_99.0%;524;46;0.30772327846839465;0.5547281122030816;1.9694920037723564;9.820932165384672
Energetyczne;Prog_Energii_99.9%;524;500;0.03181636515656909;0.17837142471979386;0.6790821643088396;3.1578959563794453
Energetyczne;Prog_Energii_99.99%;524;2645;0.0031898110493982753;0.056478412242185735;0.2271945187452591;0.9998964235583518
Energetyczne;Prog_Energii_99.0%;525;37;0.3560894441934757;0.5967323053040414;2.0280052660975345;9.919719598914195
Energetyczne;Prog_Energii_99.9%;525;456;0.03613519863987759;0.19009260543187256;0.7450045017965632;3.1599853518076966
Energetyczne;Prog_Energii_99.99%;525;2507;0.0036153813199339938;0.06012804104520614;0.2286409577263897;0.9995324568468756
Energetyczne;Prog_Energii_99.0%;526;51;0.260883404962626;0.5107674666251033;1.7243405751712588;9.955772662648965
Energetyczne;Prog_Energii_99.9%;526;498;0.026284984805493218;0.16212644696499465;0.6871793924064673;3.160134805083866
Energetyczne;Prog_Energii_99.99%;526;2594;0.002629119819489829;0.051274943388460496;0.2052187431265824;0.9994404754059938
Energetyczne;Prog_Energii_99.0%;527;54;0.22279200978124644;0.47200848486149743;1.5763802992214841;9.906608112486456
Energetyczne;Prog_Energii_99.9%;527;528;0.022653086130134944;0.15050942206431778;0.5959757277844204;3.158921734353011
Energetyczne;Prog_Energii_99.99%;527;2648;0.002267569718221158;0.04761900585082765;0.17759719063346813;0.999437181322649
Energetyczne;Prog_Energii_99.0%;528;37;0.2862440852904194;0.535017836422693;2.5810305019502398;9.964992184445393
Energetyczne;Prog_Energii_99.9%;528;361;0.028798250540557693;0.1697004730121802;2.0859691760688674;3.1607617020211456
Energetyczne;Prog_Energii_99.99%;528;2235;0.002879950754846278;0.053665172643403265;0.6611531815661085;0.9995424256209782
Energetyczne;Prog_Energii_99.0%;529;25;0.3998457633355873;0.6323335854875869;1.9373729431935214;9.929856325029279
Energetyczne;Prog_Energii_99.9%;529;273;0.04045016203476779;0.20112225643813714;0.7981292284559283;3.1583252195222857
Energetyczne;Prog_Energii_99.99%;529;2053;0.004052921975270489;0.06366256337338679;0.23605307460440894;0.9997256544476427
Energetyczne;Prog_Energii_99.0%;530;40;0.41042447003847693;0.640643793412905;2.11891502715601;9.861744416283894
Energetyczne;Prog_Energii_99.9%;530;361;0.042179927871479776;0.20537752523457814;0.7305952201949202;3.1614770696871735
Energetyczne;Prog_Energii_99.99%;530;2282;0.004217288493871735;0.0649406536298468;0.2990106319733128;0.999663361931928
Energetyczne;Prog_Energii_99.0%;531;17;0.3747856033882033;0.6121973565674743;2.939075121776921;9.764128560535738
Energetyczne;Prog_Energii_99.9%;531;177;0.03928448656524397;0.19820314469060266;1.5933706583799854;3.1612044140674276
Energetyczne;Prog_Energii_99.99%;531;1462;0.003926861225242089;0.06266467286471772;0.8906952115393842;0.99945861492393
Energetyczne;Prog_Energii_99.0%;532;63;0.27625287604439347;0.5255976370232209;1.986367621723356;9.917662432436229
Energetyczne;Prog_Energii_99.9%;532;575;0.028068221321907817;0.1675357314781173;0.7006903123690984;3.161282915162421
Energetyczne;Prog_Energii_99.99%;532;2737;0.00280617224601428;0.0529733163584675;0.19970736470417982;0.9995696946916103
Energetyczne;Prog_Energii_99.0%;533;72;0.2552276746824995;0.5052006281493517;1.785547623939185;9.929909731890598
Energetyczne;Prog_Energii_99.9%;533;662;0.02582881807667829;0.1607134657602725;0.592031836528673;3.1588840527470836
Energetyczne;Prog_Energii_99.99%;533;2872;0.002586861999147986;0.050861203280575126;0.21999857211132268;0.9996962182757672
Energetyczne;Prog_Energii_99.0%;534;29;0.31294238485439685;0.5594125354819973;2.5759999212575213;9.847126420607163
Energetyczne;Prog_Energii_99.9%;534;289;0.03226074049248721;0.17961275147518677;0.9028489800275228;3.1616550548073628
Energetyczne;Prog_Energii_99.99%;534;2064;0.0032221106086042944;0.05676363808464266;0.31536850558240115;0.9991887647484722
Energetyczne;Prog_Energii_99.0%;535;16;0.3050083055278646;0.5522755702797876;2.9736279618201324;9.700233481180508
Energetyczne;Prog_Energii_99.9%;535;197;0.03240364941644549;0.1800101369824641;2.4985808978841693;3.1617193511286
Energetyczne;Prog_Energii_99.99%;535;1647;0.003239672568293438;0.056918121615997117;1.2671082236916478;0.9997166246294235
Energetyczne;Prog_Energii_99.0%;536;30;0.28464976024606176;0.5335257821755774;1.8229924137661846;9.865326179609276
Energetyczne;Prog_Energii_99.9%;536;321;0.029221759964460157;0.1709437333290114;0.6129285356789733;3.1608888342266885
Energetyczne;Prog_Energii_99.99%;536;2159;0.0029238449654369536;0.054072589779267585;0.2257088208778164;0.9998462180654862
Energetyczne;Prog_Energii_99.0%;537;39;0.2647015954436736;0.514491589283706;1.8081781826054524;9.918572536212976
Energetyczne;Prog_Energii_99.9%;537;382;0.02677551859651204;0.1636322663673398;0.588651458782127;3.1545676101119176
Energetyczne;Prog_Energii_99.99%;537;2349;0.002690288300973169;0.05186798917418304;0.22397949264000783;0.9999316289074597
Energetyczne;Prog_Energii_99.0%;538;39;0.2416450511444701;0.4915740545883907;1.7908425876784981;9.901873187761822
Energetyczne;Prog_Energii_99.9%;538;416;0.024572477479983916;0.15675610827008915;0.5982939682654869;3.157569222804425
Energetyczne;Prog_Energii_99.99%;538;2436;0.00246098913525039;0.049608357514136565;0.16410400479423082;0.9992709350159678
Energetyczne;Prog_Energii_99.0%;539;48;0.2516729765931666;0.5016701870683234;1.912599958007009;9.7981577396216
Energetyczne;Prog_Energii_99.9%;539;377;0.026152134857748855;0.16171621705243064;0.6059889561345004;3.158491464271128
Energetyczne;Prog_Energii_99.99%;539;2321;0.0026192668787041328;0.05117877371239109;0.1819682116573551;0.9995764362336179
Energetyczne;Prog_Energii_99.0%;540;24;0.23350013627372326;0.48321851814031636;1.527968872705916;9.84390730597636
Energetyczne;Prog_Energii_99.9%;540;218;0.023943556721800194;0.15473705671816365;0.533017514084138;3.1522327600261786
Energetyczne;Prog_Energii_99.99%;540;1792;0.0024065406659621695;0.049056504828230166;0.19726190431801882;0.9993567468042551
Energetyczne;Prog_Energii_99.0%;541;47;0.267994499113112;0.5176818512495025;2.239922304938247;9.929850159559612
Energetyczne;Prog_Energii_99.9%;541;489;0.027132936271691544;0.16472078275582455;0.6252329225485287;3.1595712443517514
Energetyczne;Prog_Energii_99.99%;541;2632;0.002715088354639187;0.05210650971461423;0.23532562067633478;0.9994745470696157
Energetyczne;Prog_Energii_99.0%;542;20;0.2597528896633222;0.5096595821362748;1.629342621644608;9.718044273579997
Energetyczne;Prog_Energii_99.9%;542;177;0.027432417913903644;0.165627346515917;0.6556869388007778;3.1581352392328474
Energetyczne;Prog_Energii_99.99%;542;1431;0.002749636654410175;0.0524369779297985;0.19501283695997218;0.9998534138386201
Energetyczne;Prog_Energii_99.0%;543;34;0.37264519890212716;0.6104467207726872;2.212902367857325;9.855476898746135
Energetyczne;Prog_Energii_99.9%;543;335;0.03835341118823807;0.19584026957762815;0.8137990351206934;3.161781670681204
Energetyczne;Prog_Energii_99.99%;543;2199;0.0038344602146076403;0.06192301845523715;0.25564058378315657;0.9997283253708742
Energetyczne;Prog_Energii_99.0%;544;68;0.20206602434117438;0.44951754619944967;2.198887630714945;9.869057446657866
Energetyczne;Prog_Energii_99.9%;544;591;0.02073691922248184;0.14400319170935705;1.8048720089110732;3.1615579491777153
Energetyczne;Prog_Energii_99.99%;544;2803;0.0020724073989040748;0.045523701507061955;0.4385031176447969;0.9994627109802678
Energetyczne;Prog_Energii_99.0%;545;47;0.3448856082159616;0.5872696213971582;2.047307641449876;9.941286696772293
Energetyczne;Prog_Energii_99.9%;545;408;0.03481357312205321;0.18658395730087088;0.6800838991699001;3.1584889545850654
Energetyczne;Prog_Energii_99.99%;545;2433;0.0034868401844122426;0.059049472346603085;0.23154119616829583;0.9995881150707675
Energetyczne;Prog_Energii_99.0%;546;35;0.3011601896842492;0.5487806389480675;1.642126574150443;9.92736338848455
Energetyczne;Prog_Energii_99.9%;546;290;0.030491072081419077;0.17461692953840152;1.0215857245761883;3.1587953187123237
Energetyczne;Prog_Energii_99.99%;546;2051;0.0030531274455241103;0.05525511239264753;0.3511246732061615;0.9995570923289759
Energetyczne;Prog_Energii_99.0%;547;38;0.35512312488875386;0.5959220795445944;2.1160489815171295;9.725951579240162
Energetyczne;Prog_Energii_99.9%;547;350;0.03738613266443743;0.19335493959151245;1.3884306700335998;3.15571589747285
Energetyczne;Prog_Energii_99.99%;547;2224;0.0037493854553811742;0.06123222562818678;0.4435965641583639;0.9993616313125503
Energetyczne;Prog_Energii_99.0%;548;50;0.2064366369635714;0.4543529871846023;1.5524206267658598;9.850071243053613
Energetyczne;Prog_Energii_99.9%;548;489;0.021243667582261754;0.14575207573911855;0.6068502521660255;3.159808277589151
Energetyczne;Prog_Energii_99.99%;548;2584;0.002125207227057184;0.0460999699246885;0.1983169610807387;0.9994167549652665
Energetyczne;Prog_Energii_99.0%;549;19;0.3791869225276185;0.6157815542281357;2.1503387622821517;9.909787111132246
Energetyczne;Prog_Energii_99.9%;549;182;0.03844364106302681;0.19607050023659042;1.6495859994457849;3.155367196007245
Energetyczne;Prog_Energii_99.99%;549;1420;0.003856922866532617;0.06210412922288354;0.8949321825489536;0.9994432199133624
Energetyczne;Prog_Energii_99.0%;550;66;0.3279604546960153;0.5726783169424309;2.070647237758548;9.934789628016677
Energetyczne;Prog_Energii_99.9%;550;575;0.03319088357380758;0.18218365342095758;0.6672110915223666;3.1605112623509055
Energetyczne;Prog_Energii_99.99%;550;2725;0.003321350390201985;0.05763115815426569;0.2457797990272228;0.999781928777206
Energetyczne;Prog_Energii_99.0%;551;29;0.3671700588914629;0.6059455907022205;2.1011967208261906;9.917144474252332
Energetyczne;Prog_Energii_99.9%;551;360;0.037221986045989544;0.192930002969962;0.7038545039748563;3.157568504878029
Energetyczne;Prog_Energii_99.99%;551;2311;0.003728938578401856;0.06106503564562831;0.21876918720119054;0.9994144525769305
Energetyczne;Prog_Energii_99.0%;552;33;0.2994537934035794;0.5472237142189467;1.8200682003146982;9.897720528417821
Energetyczne;Prog_Energii_99.9%;552;316;0.030421827205295397;0.174418540314083;0.9711650509037284;3.1547352977335548
Energetyczne;Prog_Energii_99.99%;552;2152;0.003054189898613759;0.05526472562687486;0.2831078098334556;0.999581697798357
Energetyczne;Prog_Energii_99.0%;553;13;0.24379461535705096;0.49375562311436105;1.755585181273025;9.791204953405517
Energetyczne;Prog_Energii_99.9%;553;130;0.02531925161538752;0.15912024263238012;0.5939645183262092;3.1553643845558734
Energetyczne;Prog_Energii_99.99%;553;1278;0.0025406174841130706;0.05040453832853814;0.23329812027875008;0.9995251542526618
Energetyczne;Prog_Energii_99.0%;554;25;0.2707872180382361;0.5203721918379537;1.9040504859350431;9.855725612075776
Energetyczne;Prog_Energii_99.9%;554;242;0.027709223088466524;0.1664608755487803;0.5858330706233863;3.1527294123079517
Energetyczne;Prog_Energii_99.99%;554;1829;0.0027876509488534624;0.05279820971257891;0.2078536181922095;0.9999855409223251
Energetyczne;Prog_Energii_99.0%;555;30;0.3577175226434586;0.5980949110663445;2.119580959273705;9.79697764210456
Energetyczne;Prog_Energii_99.9%;555;240;0.037102594383364024;0.19262033740849907;1.0672022417033338;3.1551800627114392
Energetyczne;Prog_Energii_99.99%;555;1943;0.003726723278236616;0.06104689409164578;0.4707285111321191;0.9999668037125905
Energetyczne;Prog_Energii_99.0%;556;32;0.26552172930012874;0.5152880061675497;1.9656906314513223;9.780913575210327
Energetyczne;Prog_Energii_99.9%;556;326;0.027662775857851908;0.16632130307886572;0.8507881346818209;3.157019514639724
Energetyczne;Prog_Energii_99.99%;556;2161;0.00277502013265127;0.05267845985458639;0.22131609235965977;0.9999135569737307
Energetyczne;Prog_Energii_99.0%;557;44;0.3267611929865929;0.571630293972068;2.304973995366213;9.880104288968255
Energetyczne;Prog_Energii_99.9%;557;375;0.0333897374469435;0.18272858957192084;1.2536836319014526;3.158295738669988
Energetyczne;Prog_Energii_99.99%;557;2319;0.0033438867896104455;0.05782635030511994;0.4125937964916364;0.9994753211818295
Energetyczne;Prog_Energii_99.0%;558;18;0.3145973372898277;0.5608897728518748;1.9636501624708833;9.793285457622995
Energetyczne;Prog_Energii_99.9%;558;155;0.032683294026651113;0.18078521517715743;0.6612496718486103;3.1565582124016824
Energetyczne;Prog_Energii_99.99%;558;1437;0.0032797818395881168;0.057269379598421676;0.24881899095453974;0.9999386858787138
Energetyczne;Prog_Energii_99.0%;559;33;0.30826385938959194;0.5552151469381864;2.121184933146351;9.948092453419694
Energetyczne;Prog_Energii_99.9%;559;304;0.031027641028611542;0.17614664637344515;0.6232506093137982;3.156115486305254
Energetyczne;Prog_Energii_99.99%;559;2078;0.0031118420147772186;0.055783886694790445;0.19639942091221485;0.9995103075108421
Energetyczne;Prog_Energii_99.0%;560;33;0.37201990779712557;0.6099343471203483;2.228939562480546;9.984135931954906
Energetyczne;Prog_Energii_99.9%;560;386;0.037182225236508853;0.19282693078641494;0.6517608772283365;3.1564221582251
Energetyczne;Prog_Energii_99.99%;560;2310;0.003728911333184197;0.06106481256160701;0.2276283139222013;0.9995819913288697
Energetyczne;Prog_Energii_99.0%;561;31;0.36354155734615506;0.6029440748080663;2.0280128233654278;9.944439049278
Energetyczne;Prog_Energii_99.9%;561;280;0.036610907800784805;0.1913397705673988;0.9194979704823405;3.155792992436383
Energetyczne;Prog_Energii_99.99%;561;2084;0.0036715858687205254;0.06059361244158105;0.44146988820018596;0.9993787332476735
Energetyczne;Prog_Energii_99.0%;562;30;0.38966891945032767;0.6242346669725478;2.921070922354752;9.93311995122335
Energetyczne;Prog_Energii_99.9%;562;269;0.03949333858424938;0.19872930982683298;2.4380451558420457;3.1622756260997162
Energetyczne;Prog_Energii_99.99%;562;1996;0.003946671828837626;0.06282254236209822;1.0399490539160325;0.9996622775693662
Energetyczne;Prog_Energii_99.0%;563;30;0.31472477938117227;0.5610033684223048;1.7030857107554427;9.893367917608451
Energetyczne;Prog_Energii_99.9%;563;309;0.03211303068684766;0.17920109008275498;0.6267622330289155;3.1602347066312224
Energetyczne;Prog_Energii_99.99%;563;2122;0.003212175061813499;0.05667605368948599;0.22120734379636975;0.9994896338057734
Energetyczne;Prog_Energii_99.0%;564;30;0.37770860223349684;0.6145800210171958;2.1937842357776223;9.77179304176189
Energetyczne;Prog_Energii_99.9%;564;280;0.0393966533570092;0.19848590216186437;1.5855877949159662;3.1559163840421514
Energetyczne;Prog_Energii_99.99%;564;2059;0.003950257131521933;0.06285107104514555;0.6661543663869631;0.9993290339795333
Energetyczne;Prog_Energii_99.0%;565;40;0.29340825983931296;0.5416717270075234;1.9422073398115955;9.902545859703357
Energetyczne;Prog_Energii_99.9%;565;391;0.02990143416231391;0.17292031159558413;1.1403718165887256;3.1612344345705217
Energetyczne;Prog_Energii_99.99%;565;2363;0.002989879889135404;0.05467979415776365;0.3223552082788821;0.9996260507037202
Energetyczne;Prog_Energii_99.0%;566;19;0.35595397800176615;0.5966187878384037;2.716352014853583;9.872730924353771
Energetyczne;Prog_Energii_99.9%;566;240;0.03641118170455919;0.19081714206160616;1.8187463982756213;3.1576047180040923
Energetyczne;Prog_Energii_99.99%;566;1930;0.003650137896566676;0.060416371097300074;0.658598524950234;0.999758283560968
Energetyczne;Prog_Energii_99.0%;567;33;0.3465522138814213;0.5886868555364739;2.0121081594914347;9.882934307213356
Energetyczne;Prog_Energii_99.9%;567;323;0.03539123247391217;0.18812557634174085;0.8410634646676245;3.158271150453573
Energetyczne;Prog_Energii_99.99%;567;2179;0.0035457637548923743;0.05954631604803419;0.2656591420520069;0.9996695598086518
Energetyczne;Prog_Energii_99.0%;568;21;0.42873727839915954;0.6547803283538377;2.2154440359804513;9.925187351835204
Energetyczne;Prog_Energii_99.9%;568;188;0.04335637110579208;0.20822192753356233;0.7435191659387126;3.156236606445611
Energetyczne;Prog_Energii_99.99%;568;1626;0.0043482593514353315;0.06594133264831195;0.3067861533062892;0.9995414529474198
Energetyczne;Prog_Energii_99.0%;569;25;0.30605847647388246;0.5532255204470257;1.898916270382582;9.944904488308515
Energetyczne;Prog_Energii_99.9%;569;224;0.030868125732049157;0.17569327173244045;0.6791633139037838;3.1583011665942538
Energetyczne;Prog_Energii_99.99%;569;1778;0.003090940105448382;0.05559622384162779;0.2894755944194314;0.9994100336673677
Energetyczne;Prog_Energii_99.0%;570;34;0.25910052168740605;0.5090191761489994;1.6220785772744009;9.79460319027285
Energetyczne;Prog_Energii_99.9%;570;332;0.02694803173526651;0.16415855669220084;0.6583471662427671;3.15875707326469
Energetyczne;Prog_Energii_99.99%;570;2117;0.0026996777626128576;0.051958423403841436;0.21971548548301634;0.9997897200710664
Energetyczne;Prog_Energii_99.0%;571;12;0.2507973932884769;0.5007967584644263;1.4353012661006659;9.375991982527593
Energetyczne;Prog_Energii_99.9%;571;114;0.028098543431820895;0.1676262015074639;0.6885433173861726;3.138322872166071
Energetyczne;Prog_Energii_99.99%;571;1044;0.0028504121955041867;0.053389251685186476;0.49915777720921817;0.9995615732185581
Energetyczne;Prog_Energii_99.0%;572;25;0.34745351372081495;0.5894518756614614;2.1878046930493413;9.879630687645726
Energetyczne;Prog_Energii_99.9%;572;247;0.035592102301820056;0.1886586926219411;0.7562188475785412;3.1620532329755937
Energetyczne;Prog_Energii_99.99%;572;1848;0.003558010433222762;0.05964906062313775;0.3475839126993856;0.9997604794459072
Energetyczne;Prog_Energii_99.0%;573;35;0.360936447576358;0.6007798661542828;2.333835331256588;9.876410999101882
Energetyczne;Prog_Energii_99.9%;573;331;0.036996963712761545;0.192345948001931;1.4116385126215718;3.1620361192182527
Energetyczne;Prog_Energii_99.99%;573;2142;0.0036950618149275342;0.06078702011883404;0.47948743112129755;0.999297126828324
Energetyczne;Prog_Energii_99.0%;574;47;0.32497816660428297;0.5700685630731473;2.0989704120490984;9.953071401462795
Energetyczne;Prog_Energii_99.9%;574;450;0.03275519202219811;0.1809839551512733;1.0325749185959028;3.1598764514026128
Energetyczne;Prog_Energii_99.99%;574;2541;0.0032781230647335887;0.05725489555255156;0.26726291849341344;0.9996377636504039
Energetyczne;Prog_Energii_99.0%;575;18;0.25999819549928405;0.5099001818976769;1.7123804775652127;9.545595242569354
Energetyczne;Prog_Energii_99.9%;575;131;0.028474551626876753;0.1687440417522253;0.6758304090089249;3.158975774762917
Energetyczne;Prog_Energii_99.99%;575;1234;0.002851115210292178;0.05339583513994493;0.2201282675810754;0.9995976624051446
Energetyczne;Prog_Energii_99.0%;576;15;0.410790678585987;0.6409295426066636;1.9874075240528963;9.70532479623156
Energetyczne;Prog_Energii_99.9%;576;168;0.04348459738978859;0.20852960794522343;0.9396519544365187;3.1576755948995965
Energetyczne;Prog_Energii_99.99%;576;1407;0.004357771337683431;0.06601341786094272;0.48690333328618074;0.9996132471038038
Energetyczne;Prog_Energii_99.0%;577;31;0.3016404734998907;0.5492180564219377;2.1422590792043446;9.883603909834239
Energetyczne;Prog_Energii_99.9%;577;280;0.030731538286497086;0.17530413083124163;0.6321858559891642;3.154733484513575
Energetyczne;Prog_Energii_99.99%;577;2036;0.0030844231403916616;0.05553758313423138;0.18588805893293703;0.9994417834408036
Energetyczne;Prog_Energii_99.0%;578;42;0.2566870380398054;0.5066429097893361;2.225329201318984;9.763087035492344
Energetyczne;Prog_Energii_99.9%;578;361;0.026915777508981244;0.16406028620291152;0.6502474937697915;3.161467026021968
Energetyczne;Prog_Energii_99.99%;578;2311;0.0026927937368313604;0.05189213559713418;0.18775781823607574;0.9999694587713638
Energetyczne;Prog_Energii_99.0%;579;27;0.3711679787677541;0.6092355691912235;2.0585409376882273;9.951504602907542
Energetyczne;Prog_Energii_99.9%;579;260;0.03738464027150985;0.19335108034740808;0.848295078092959;3.1582761469569434
Energetyczne;Prog_Energii_99.99%;579;1829;0.0037441604898879326;0.06118954559308259;0.31392375362858527;0.9994952287959
Energetyczne;Prog_Energii_99.0%;580;15;0.3015373097957874;0.5491241296790621;2.6561643407356517;9.961839323423034
Energetyczne;Prog_Energii_99.9%;580;150;0.03019236382604338;0.17375949995911988;2.2305649613928313;3.152227567422238
Energetyczne;Prog_Energii_99.99%;580;1418;0.0030342308063816825;0.05508385250127012;1.3828733139834624;0.9992940726416417
Energetyczne;Prog_Energii_99.0%;581;30;0.37149117078058824;0.6095007553568644;2.8678843153446123;9.721891990174278
Energetyczne;Prog_Energii_99.9%;581;247;0.03917293414787074;0.19792153533122853;0.7780425448716981;3.1569637479662482
Energetyczne;Prog_Energii_99.99%;581;1891;0.003929466553124681;0.06268545726980605;0.2668215598654813;0.9998695482746721
Energetyczne;Prog_Energii_99.0%;582;11;0.3493024321733399;0.5910181318482031;1.826802476160414;9.638002019153731
Energetyczne;Prog_Energii_99.9%;582;110;0.03714726554432491;0.1927362590285619;1.0864739445740286;3.143038011156179
Energetyczne;Prog_Energii_99.99%;582;961;0.0037583317806596257;0.06130523452903207;0.6291869329100415;0.9997323979347227
Energetyczne;Prog_Energii_99.0%;583;23;0.2842459229083687;0.5331471869084266;1.922948797257162;9.960374865352948
Energetyczne;Prog_Energii_99.9%;583;226;0.028526460387771634;0.16889778088468668;0.8595165177661985;3.1553860788290575
Energetyczne;Prog_Energii_99.99%;583;1697;0.002861174693194072;0.053489949459632806;0.3492145947753871;0.999311186909135
Energetyczne;Prog_Energii_99.0%;584;15;0.32257900313113946;0.5679603886990179;1.8209667494150485;9.385453947767669
Energetyczne;Prog_Energii_99.9%;584;101;0.036599603625220724;0.19131022875220427;0.8738216338156244;3.161370717777692
Energetyczne;Prog_Energii_99.99%;584;1015;0.0036588003553865434;0.06048801827954478;0.5604669593358391;0.9995547598923217
Energetyczne;Prog_Energii_99.0%;585;17;0.24466188372809947;0.4946330798967043;1.7463648623064216;9.57828515559064
Energetyczne;Prog_Energii_99.9%;585;146;0.026447305589734026;0.16262627582815153;0.9583140767169693;3.1491643138770016
Energetyczne;Prog_Energii_99.99%;585;1351;0.0026664657733097815;0.05163783277123258;0.4914485290632111;0.999936937502963
Energetyczne;Prog_Energii_99.0%;586;20;0.2705107361091665;0.520106466128971;1.4563441469202978;9.791356063756282
Energetyczne;Prog_Energii_99.9%;586;227;0.028209794135502796;0.16795771531996617;0.8575174452466694;3.1619176100475674
Energetyczne;Prog_Energii_99.99%;586;1844;0.0028198817885401787;0.053102559152456846;0.31757132167751756;0.9996915985840747
Energetyczne;Prog_Energii_99.0%;587;26;0.29623236689881066;0.5442723278826609;1.9814754459867698;9.77059909770603
Energetyczne;Prog_Energii_99.9%;587;208;0.030822615492010937;0.1755637077872615;1.6621624103624866;3.1516623517665883
Energetyczne;Prog_Energii_99.99%;587;1759;0.0031003777186848105;0.05568103553890508;0.6982305104804221;0.9995677673200609
Energetyczne;Prog_Energii_99.0%;588;18;0.3747674864596029;0.6121825597479913;1.9591344237226131;9.751597780903184
Energetyczne;Prog_Energii_99.9%;588;140;0.03901591955230062;0.1975244783623048;0.7401256682575368;3.146413164179055
Energetyczne;Prog_Energii_99.99%;588;1260;0.0039385457105939325;0.06275783385836331;0.2270065328497921;0.999684070776919
Energetyczne;Prog_Energii_99.0%;589;13;0.3481666930052283;0.5900565167890516;1.8841468643967758;9.776391166301657
Energetyczne;Prog_Energii_99.9%;589;144;0.03603227238733178;0.18982168576675265;0.7309229256165972;3.1450733939881523
Energetyczne;Prog_Energii_99.99%;589;1313;0.003640254063854642;0.06033451801294713;0.5131710337663744;0.9996565280469913
Energetyczne;Prog_Energii_99.0%;590;25;0.39694049858287306;0.6300321409125673;2.5127851084972397;9.968478348191981
Energetyczne;Prog_Energii_99.9%;590;214;0.039786798145480015;0.19946628322972285;0.975185992904195;3.1559903002563767
Energetyczne;Prog_Energii_99.99%;590;1797;0.003993912463372526;0.06319740867608833;0.47356973427408366;0.9999204153885418
Energetyczne;Prog_Energii_99.0%;591;33;0.3384555429403892;0.5817693210718397;1.9312067487333104;9.982739126658961
Energetyczne;Prog_Energii_99.9%;591;284;0.03384625139941001;0.18397350733029474;0.7049863882206515;3.1568518025515226
Energetyczne;Prog_Energii_99.99%;591;2025;0.003395146737145675;0.058267887701080046;0.22635777946560953;0.9998346446142602
Energetyczne;Prog_Energii_99.0%;592;33;0.4127389097888992;0.6424475930291118;2.442368953098275;9.97472291922412
Energetyczne;Prog_Energii_99.9%;592;375;0.041457632409618035;0.2036114741600238;0.9171291896229903;3.1612976061519285
Energetyczne;Prog_Energii_99.99%;592;2264;0.004142666355062024;0.06436354834113812;0.25179183824590723;0.9993166256159484
Energetyczne;Prog_Energii_99.0%;593;33;0.3845987678523382;0.6201602759386787;2.108242599485182;9.931062958714126
Energetyczne;Prog_Energii_99.9%;593;272;0.038799385775080034;0.19697559690245905;0.8905277717648499;3.154308861862739
Energetyczne;Prog_Energii_99.99%;593;1995;0.003898352907957395;0.06243679130094207;0.32194222050598054;0.9998442812403899
Energetyczne;Prog_Energii_99.0%;594;20;0.2987219495373779;0.5465546171585945;1.6557816500354834;9.60434280550548
Energetyczne;Prog_Energii_99.9%;594;222;0.03220779467775223;0.17946530215546466;0.6267324246465078;3.153657895263102
Energetyczne;Prog_Energii_99.99%;594;1715;0.0032371839977431804;0.05689625644753071;0.23254117429728005;0.9998106943326247
Energetyczne;Prog_Energii_99.0%;595;51;0.2992909383891763;0.5470748928521362;1.7735450350507804;9.983029836517726
Energetyczne;Prog_Energii_99.9%;595;503;0.03001183101315105;0.17323923058346527;0.6864147931867874;3.161271757060044
Energetyczne;Prog_Energii_99.99%;595;2567;0.0030008541390984926;0.05478005238313024;0.20004558056926136;0.9996271160164568
Energetyczne;Prog_Energii_99.0%;596;32;0.3723802429700436;0.6102296641183904;1.9191455048734927;9.821796195704138
Energetyczne;Prog_Energii_99.9%;596;367;0.03850897461803427;0.19623703681526145;0.7678673886935705;3.1584832645475154
Energetyczne;Prog_Energii_99.99%;596;2261;0.0038582259141398943;0.062114619166021574;0.24399115976300667;0.9997500385429988
Energetyczne;Prog_Energii_99.0%;597;33;0.40827979528513636;0.6389677576256382;2.123639839422747;9.986270473520543
Energetyczne;Prog_Energii_99.9%;597;376;0.04088860817991205;0.20220931773761577;0.8421216953631587;3.1602798656031315
Energetyczne;Prog_Energii_99.99%;597;2388;0.004091385544687837;0.06396393940876247;0.24062633484576867;0.9996767315167452
Energetyczne;Prog_Energii_99.0%;598;15;0.32246524963189976;0.5678602377626908;1.950896953349587;9.815012495489258
Energetyczne;Prog_Energii_99.9%;598;139;0.03345897024504508;0.18291793308761467;0.7136239822590422;3.1615909681886905
Energetyczne;Prog_Energii_99.99%;598;1257;0.003347062412875311;0.057853802060671096;0.20781506229876445;0.9999569478121269
Energetyczne;Prog_Energii_99.0%;599;15;0.21740494666598278;0.4662670336470109;1.7271286447002523;9.970199536495326
Energetyczne;Prog_Energii_99.9%;599;229;0.021824895015291734;0.14773251170711116;0.5833089071364537;3.1589679592544626
Energetyczne;Prog_Energii_99.99%;599;1813;0.0021857161062348415;0.046751642818566724;0.17475976371429702;0.9996915370880568
Energetyczne;Prog_Energii_99.0%;600;32;0.3253877515438137;0.570427691775052;2.02521342093221;9.813854078280869
Energetyczne;Prog_Energii_99.9%;600;284;0.03365284082854387;0.18344710635096936;0.7612582816192521;3.156093504522992
Energetyczne;Prog_Energii_99.99%;600;2018;0.003374566059314465;0.05809101530628007;0.3847559092717896;0.9994198312865752
Energetyczne;Prog_Energii_99.0%;601;42;0.2254488783891765;0.4748145726377577;1.6304252458442248;9.86315967171014
Energetyczne;Prog_Energii_99.9%;601;452;0.023142564127291022;0.152126802790603;0.9761289710890781;3.160077707672193
Energetyczne;Prog_Energii_99.99%;601;2517;0.00231638106800579;0.048128796660687354;0.3148860622181948;0.9997629256290447
Energetyczne;Prog_Energii_99.0%;602;35;0.3497444171780292;0.5913919319520932;2.079668395569124;9.987430104131366
Energetyczne;Prog_Energii_99.9%;602;298;0.034968602097298275;0.18699893608600632;0.7575500075446264;3.1580390309707647
Energetyczne;Prog_Energii_99.99%;602;2079;0.003505088576394884;0.05920378853075945;0.24266622911640212;0.999833896784769
Energetyczne;Prog_Energii_99.0%;603;21;0.32162181063479717;0.5671171048688244;2.0254857911880837;9.83841538295292
Energetyczne;Prog_Energii_99.9%;603;204;0.032889593894393485;0.18135488384488985;0.6719143076340175;3.146166221535329
Energetyczne;Prog_Energii_99.99%;603;1606;0.0033190958888789993;0.05761159509056314;0.21568754110148447;0.9994528440586449
Energetyczne;Prog_Energii_99.0%;604;22;0.4123233621420391;0.6421241018230347;2.2992023736723466;9.728447633566958
Energetyczne;Prog_Energii_99.9%;604;229;0.04349296445797763;0.20854966904307864;0.8254325877417168;3.159614361964026
Energetyczne;Prog_Energii_99.99%;604;1820;0.004353504667648479;0.06598109325896684;0.29119524339502245;0.9996410487520658
Energetyczne;Prog_Energii_99.0%;605;23;0.2697841085822095;0.5194074591129872;1.8171494300518347;9.960932198534076
Energetyczne;Prog_Energii_99.9%;605;212;0.027058879071707734;0.16449583299192638;1.5677904018725277;3.154617460003653
Energetyczne;Prog_Energii_99.99%;605;1709;0.002718849534283457;0.05214258848852306;0.654996632992435;0.9999640541882521
Energetyczne;Prog_Energii_99.0%;606;30;0.23022940639603898;0.47982226542339507;1.73942087247043;9.730671754257527
Energetyczne;Prog_Energii_99.9%;606;312;0.02426156189786098;0.15576123361690797;0.5823291226927334;3.158797633175557
Energetyczne;Prog_Energii_99.99%;606;2104;0.00242854350021766;0.049280254668758156;0.22369184199156544;0.9993908509534575
Energetyczne;Prog_Energii_99.0%;607;53;0.372604919583228;0.6104137282067205;2.417873176254603;9.927801386833702
Energetyczne;Prog_Energii_99.9%;607;462;0.037686470794569354;0.19413003578676163;0.8374268700943279;3.157341241606547
Energetyczne;Prog_Energii_99.99%;607;2545;0.0037796390625302978;0.06147876920149181;0.22775142404104542;0.9998939767172157
Energetyczne;Prog_Energii_99.0%;608;32;0.34520574828193373;0.5875421246871868;2.095605242465152;9.899277958017521
Energetyczne;Prog_Energii_99.9%;608;340;0.03515061938826707;0.18748498443413295;0.6825701002899591;3.1588645237244988
Energetyczne;Prog_Energii_99.99%;608;2182;0.003517772860297075;0.0593108157109399;0.23593244884606968;0.9993057960770774
Energetyczne;Prog_Energii_99.0%;609;33;0.34516013253509364;0.5875033042758939;2.2672880164935942;9.925523380308304
Energetyczne;Prog_Energii_99.9%;609;318;0.03497375565233694;0.18701271521566906;1.1912589549275032;3.159470021323289
Energetyczne;Prog_Energii_99.99%;609;2165;0.0035025717680952206;0.05918252924719609;0.4577872699136796;0.9998540833277956
Energetyczne;Prog_Energii_99.0%;610;58;0.26492963467374636;0.5147131576652635;2.023306336047125;9.949341741149569
Energetyczne;Prog_Energii_99.9%;610;494;0.026695301945142774;0.1633869699368428;0.7963379064094109;3.158249941241567
Energetyczne;Prog_Energii_99.99%;610;2555;0.002673562508860149;0.05170650354510686;0.22515722365902713;0.9994803248157734
Energetyczne;Prog_Energii_99.0%;611;39;0.34167330632450793;0.5845282767535784;2.0209545039488583;9.954657364678456
Energetyczne;Prog_Energii_99.9%;611;425;0.03441414763589453;0.1855105054596492;0.7280750697098224;3.159288597047011
Energetyczne;Prog_Energii_99.99%;611;2416;0.003444991620597117;0.05869405098131426;0.24150370184181247;0.9995738274784425
Energetyczne;Prog_Energii_99.0%;612;60;0.2983838874170769;0.5462452630614538;2.476369576456733;9.87077120767477
Energetyczne;Prog_Energii_99.9%;612;569;0.030570163336192502;0.17484325361932757;1.7739294108770638;3.159455780008613
Energetyczne;Prog_Energii_99.99%;612;2733;0.0030603788326520553;0.05532069081864448;0.46650216682146706;0.9996569655560036
Energetyczne;Prog_Energii_99.0%;613;19;0.3783659049249672;0.615114546182227;2.3727167907436595;9.72642680973442
Energetyczne;Prog_Energii_99.9%;613;192;0.03977693665779708;0.19944156201202667;0.709665760582781;3.1536463700443953
Energetyczne;Prog_Energii_99.99%;613;1541;0.003996386407659854;0.06321697879256691;0.25363520357394087;0.9996110824800406
Energetyczne;Prog_Energii_99.0%;614;47;0.3470363415856215;0.5890979049238093;2.1250984062430653;9.942932368932171
Energetyczne;Prog_Energii_99.9%;614;366;0.03497595385875337;0.1870185922809638;1.174187295024291;3.1565435884940416
Energetyczne;Prog_Energii_99.99%;614;2254;0.003508853887944245;0.05923557957802258;0.37238144882090385;0.9997919813599624
Energetyczne;Prog_Energii_99.0%;615;35;0.2774652815817488;0.5267497333475821;1.5910489763943207;9.911619777725225
Energetyczne;Prog_Energii_99.9%;615;354;0.028189117475285717;0.16789615086500856;0.5642492360007316;3.1592285750991844
Energetyczne;Prog_Energii_99.99%;615;2217;0.0028224606812323034;0.05312683579164398;0.18248988046020775;0.999664476361402
Energetyczne;Prog_Energii_99.0%;616;26;0.35521131349454943;0.5959960683549426;2.3332775116604174;9.775822261033063
Energetyczne;Prog_Energii_99.9%;616;344;0.03709611329347179;0.19260351319088598;1.2037209243642364;3.159178074784399
Energetyczne;Prog_Energii_99.99%;616;2266;0.0037133104135840624;0.06093693800630339;0.531983171361218;0.9995177933396047
Energetyczne;Prog_Energii_99.0%;617;17;0.25078055283761014;0.5007799445241494;1.7117064684823537;9.958298126295977
Energetyczne;Prog_Energii_99.9%;617;175;0.025157999229138646;0.15861273350251123;0.7791807117199872;3.1541057187216706
Energetyczne;Prog_Energii_99.99%;617;1587;0.0025266859771900024;0.050266151406189855;0.3211088489563423;0.9995714222142361
Energetyczne;Prog_Energii_99.0%;618;16;0.3949386142938394;0.6284414167556427;2.3921875925109948;9.81414979504673
Energetyczne;Prog_Energii_99.9%;618;196;0.04071739287524022;0.20178551205485545;0.7828170445352871;3.151213763090636
Energetyczne;Prog_Energii_99.99%;618;1574;0.0040980417190190485;0.06401594894258031;0.2728879660487813;0.9997146837297549
Energetyczne;Prog_Energii_99.0%;619;34;0.30899392281063154;0.5558722180597188;3.3333855795926626;9.798240740672727
Energetyczne;Prog_Energii_99.9%;619;299;0.03210859633928877;0.17918871710933354;2.379510979679936;3.15852120542734
Energetyczne;Prog_Energii_99.99%;619;2048;0.00321633303559903;0.056712723754013344;0.9417037438802685;0.9996630562698724
Energetyczne;Prog_Energii_99.0%;620;30;0.3105078688726778;0.5572323293498662;1.6950245197425637;9.85470691523724
Energetyczne;Prog_Energii_99.9%;620;354;0.03182363149101557;0.1783917921066313;0.9661649627214217;3.1548758654148354
Energetyczne;Prog_Energii_99.99%;620;2180;0.0031956974131788565;0.056530499849009444;0.2336684106196376;0.9997472839270124
Energetyczne;Prog_Energii_99.0%;621;41;0.25427018856530637;0.504252108141658;2.259146890473735;9.930846507579748
Energetyczne;Prog_Energii_99.9%;621;392;0.02573645892604651;0.16042586738442935;1.7375160655109179;3.15946059345487
Energetyczne;Prog_Energii_99.99%;621;2374;0.0025751877311774424;0.05074630756200339;0.48858275091031356;0.999408397283517
Energetyczne;Prog_Energii_99.0%;622;17;0.38224660203793437;0.6182609497921847;2.2048940279859925;9.763545616307761
Energetyczne;Prog_Energii_99.9%;622;202;0.039840868088587486;0.1996017737611254;1.580652326814426;3.152101105314421
Energetyczne;Prog_Energii_99.99%;622;1576;0.0040054912183930865;0.06328895020770282;0.792491493275767;0.999455897334029
Energetyczne;Prog_Energii_99.0%;623;17;0.376697482987696;0.613756859829441;2.000309747800074;9.465670693848514
Energetyczne;Prog_Energii_99.9%;623;165;0.04195582388875226;0.20483120828807377;1.2475955137340655;3.1590111530758267
Energetyczne;Prog_Energii_99.99%;623;1425;0.004200773620340846;0.06481337531976596;0.7482267326422796;0.9995848641173665
Energetyczne;Prog_Energii_99.0%;624;46;0.2350689711245388;0.484839118805959;1.6168820765987082;9.917615473186954
Energetyczne;Prog_Energii_99.9%;624;473;0.02387512132206302;0.15451576399210218;0.5801459724204663;3.160693665959492
Energetyczne;Prog_Energii_99.99%;624;2537;0.0023880101193430535;0.048867270430657916;0.1840213439223799;0.9996033293457666
Energetyczne;Prog_Energii_99.0%;625;35;0.3133925843347232;0.5598147768099045;1.6814661070314072;9.957276628847064
Energetyczne;Prog_Energii_99.9%;625;428;0.03154673854117189;0.17761401561017612;0.7993116091191732;3.1591732834723456
Energetyczne;Prog_Energii_99.99%;625;2460;0.0031570953223590678;0.056188035402201665;0.3034292437045396;0.9994016501660794
Energetyczne;Prog_Energii_99.0%;626;66;0.32113402308613787;0.5666868827546107;1.9441294071421806;9.916818405974784
Energetyczne;Prog_Energii_99.9%;626;604;0.03256708052459315;0.18046351577145214;0.6311706876571797;3.158047184911122
Energetyczne;Prog_Energii_99.99%;626;2726;0.0032607777547460286;0.05710322017842802;0.22658736236273747;0.9992859939747005
Energetyczne;Prog_Energii_99.0%;627;31;0.25448207448427546;0.5044621635804567;1.5033152972789363;9.92617665399558
Energetyczne;Prog_Energii_99.9%;627;300;0.02572420143245762;0.16038765985092998;0.6037234504600182;3.155908132934476
Energetyczne;Prog_Energii_99.99%;627;2006;0.002579845592979378;0.050792180431434304;0.17686963823253343;0.9994251145133184
Energetyczne;Prog_Energii_99.0%;628;15;0.2783810545331513;0.5276182848737819;1.7548457336693355;9.83569235471706
Energetyczne;Prog_Energii_99.9%;628;156;0.028625789137906373;0.16919157525688558;0.7425257011888711;3.1540155656940114
Energetyczne;Prog_Energii_99.99%;628;1319;0.002875871707776942;0.053627154574682985;0.4371882900030064;0.9997003693335224
Energetyczne;Prog_Energii_99.0%;629;52;0.259858632601974;0.5097633103725434;1.9558229514184235;9.918928443349483
Energetyczne;Prog_Energii_99.9%;629;482;0.02632129884433731;0.1622384012628863;1.312666015843777;3.1568201558365137
Energetyczne;Prog_Energii_99.99%;629;2495;0.0026411446185107858;0.05139206766136955;0.36936512862662507;0.999982210011079
Energetyczne;Prog_Energii_99.0%;630;33;0.2853433905422352;0.5341754304928626;2.5264469691833495;9.926712702150894
Energetyczne;Prog_Energii_99.9%;630;341;0.028908767111419046;0.17002578366653406;1.9863112954906736;3.159630731908579
Energetyczne;Prog_Energii_99.99%;630;2227;0.0028932571257457972;0.05378900562146317;0.6931514277724906;0.9995742500661094
Energetyczne;Prog_Energii_99.0%;631;19;0.291185304345028;0.5396158859272288;2.380082205677532;9.851088382924873
Energetyczne;Prog_Energii_99.9%;631;131;0.029768500566288884;0.17253550523381814;0.8868616552723996;3.149763666298274
Energetyczne;Prog_Energii_99.99%;631;1105;0.0029990478308415903;0.0547635629852696;0.5932766170179127;0.9997494758790643
Energetyczne;Prog_Energii_99.0%;632;13;0.41424388045190735;0.6436178061954994;1.9970428054473643;9.46711813812431
Energetyczne;Prog_Energii_99.9%;632;127;0.04619452747646211;0.21492912198318337;1.1097294016730475;3.1614404846345536
Energetyczne;Prog_Energii_99.99%;632;1144;0.004618804954344746;0.06796179039978822;0.45613386053436766;0.9996651621502897
Energetyczne;Prog_Energii_99.0%;633;66;0.3355627163582034;0.5792777540681183;1.9999491254974089;9.91272210523976
Energetyczne;Prog_Energii_99.9%;633;670;0.03409730196399356;0.18465454763962236;1.2893843733502504;3.1598472466199503
Energetyczne;Prog_Energii_99.99%;633;2923;0.0034126249073505883;0.0584176763261822;0.24374955930018416;0.9996554975373572
Energetyczne;Prog_Energii_99.0%;634;25;0.27394678634533887;0.5233992609331225;1.588730003123155;9.871874837783192
Energetyczne;Prog_Energii_99.9%;634;228;0.028003360831957605;0.16734204741175365;0.6611394593313511;3.1562515854570443
Energetyczne;Prog_Energii_99.99%;634;1793;0.0028102931897616232;0.05301219849960595;0.18924142737798566;0.9998672667799133
Energetyczne;Prog_Energii_99.0%;635;52;0.3672634874144339;0.6060226789604775;2.1741758464525267;9.878184382235355
Energetyczne;Prog_Energii_99.9%;635;492;0.03753108406649321;0.19372940940005265;0.7702114844990477;3.157794077274265
Energetyczne;Prog_Energii_99.99%;635;2631;0.0037615089769445246;0.06133114198304581;0.2396891914056285;0.9996991035398082
Energetyczne;Prog_Energii_99.0%;636;31;0.3735154235020132;0.6111590819925801;2.2034880745571104;9.95376108127632
Energetyczne;Prog_Energii_99.9%;636;360;0.037564293223521;0.19381510060756618;1.0876291596114118;3.1566072766217492
Energetyczne;Prog_Energii_99.99%;636;2241;0.0037690639768862993;0.06139270296123391;0.3621134584532193;0.9998841797745005
Energetyczne;Prog_Energii_99.0%;637;11;0.33808171562295514;0.5814479474750557;1.710090769251396;9.964341684069792
Energetyczne;Prog_Energii_99.9%;637;145;0.03403262471332181;0.18447933410905898;1.1948208719234805;3.1614439894315636
Energetyczne;Prog_Energii_99.99%;637;1244;0.0034015866028125515;0.058323122368513086;0.6756896802633667;0.9994901897673478
Energetyczne;Prog_Energii_99.0%;638;26;0.4652284949830923;0.6820766049228578;2.206883701589862;9.829276159593393
Energetyczne;Prog_Energii_99.9%;638;206;0.04772781319514842;0.21846696133545782;1.0330773507310838;3.1482858072170536
Energetyczne;Prog_Energii_99.99%;638;1637;0.0048119225284316185;0.06936802237653614;0.5279444199687582;0.9996493702652987
Energetyczne;Prog_Energii_99.0%;639;30;0.38897166965413466;0.6236759332009971;2.0452613233309584;9.69863663602132
Energetyczne;Prog_Energii_99.9%;639;311;0.041310468406023884;0.20324976852637222;0.7063668973822754;3.1606889834202354
Energetyczne;Prog_Energii_99.99%;639;2117;0.004132993042554663;0.0642883585305665;0.26917396867673027;0.9997330281995706
Energetyczne;Prog_Energii_99.0%;640;34;0.3190623238086283;0.5648560204234601;2.771665383203149;9.865523165883436
Energetyczne;Prog_Energii_99.9%;640;308;0.03263997624637624;0.18066537091090876;2.036224068611924;3.15542074006452
Energetyczne;Prog_Energii_99.99%;640;2024;0.0032741149218720894;0.057219882225255314;0.8334172134579028;0.9993769265647234
Energetyczne;Prog_Energii_99.0%;641;29;0.26661045756863877;0.5163433524009375;1.9902873606649676;9.945575626486905
Energetyczne;Prog_Energii_99.9%;641;235;0.026855958412890846;0.16387787652056895;1.5003332152243445;3.156542651057168
Energetyczne;Prog_Energii_99.99%;641;1798;0.0026948524338427306;0.05191196811760011;0.6411743684642248;0.9999052034516549
Energetyczne;Prog_Energii_99.0%;642;42;0.2974951843733793;0.5454311912362358;1.8667729147789789;9.86587822138107
Energetyczne;Prog_Energii_99.9%;642;448;0.030498645326159896;0.1746386135027414;0.624998378697728;3.158901289938582
Energetyczne;Prog_Energii_99.99%;642;2512;0.003053908855319566;0.05526218286784884;0.20191063347321947;0.999594403807662
Energetyczne;Prog_Energii_99.0%;643;28;0.30017871069301566;0.5478856730130983;2.010277789934781;9.753521464403757
Energetyczne;Prog_Energii_99.9%;643;280;0.03143385138281828;0.1772959429395334;0.7362832489600422;3.156242023089188
Energetyczne;Prog_Energii_99.99%;643;1967;0.003153226742266053;0.05615359954861356;0.24822790220479618;0.9996526017716142
Energetyczne;Prog_Energii_99.0%;644;12;0.33244223201870965;0.5765780363651651;1.7084517038008764;9.794450656425731
Energetyczne;Prog_Energii_99.9%;644;186;0.034502414263429954;0.18574825507506107;0.9158156018761101;3.155344123614248
Energetyczne;Prog_Energii_99.99%;644;1657;0.003464673994440777;0.05886148141561489;0.4092642731920959;0.9998921896571074
Energetyczne;Prog_Energii_99.0%;645;31;0.29657648916436397;0.5445883667178028;1.8194991566691838;9.957103763311025
Energetyczne;Prog_Energii_99.9%;645;405;0.02990194258342015;0.17292178169166586;0.7996516491748435;3.1616542483595578
Energetyczne;Prog_Energii_99.99%;645;2354;0.0029879878828412464;0.05466249063883978;0.3040332680601443;0.9994339293956729
Energetyczne;Prog_Energii_99.0%;646;59;0.32361342059123055;0.5688703020823205;2.0906089241340773;9.99274078509204
Energetyczne;Prog_Energii_99.9%;646;558;0.03236641389255871;0.17990668106704294;0.7043087213743768;3.1602297093530374
Energetyczne;Prog_Energii_99.99%;646;2705;0.003236693066577226;0.05689194201798024;0.22720344215707655;0.9993603590575467
Energetyczne;Prog_Energii_99.0%;647;24;0.390540937775062;0.6249327466016339;1.8220343768193983;9.810848476967758
Energetyczne;Prog_Energii_99.9%;647;212;0.04037385779995205;0.20093247074565138;0.6574852130191049;3.154448275127704
Energetyczne;Prog_Energii_99.99%;647;1684;0.004052005107122178;0.06365536196678312;0.24480052486600634;0.9993285107857278
Energetyczne;Prog_Energii_99.0%;648;27;0.39125063574741625;0.625500308351176;1.8512397870230597;9.886125186259248
Energetyczne;Prog_Energii_99.9%;648;288;0.03991867511042387;0.1997965843312239;0.9249790693323652;3.1578146615021874
Energetyczne;Prog_Energii_99.99%;648;1942;0.003999392207388253;0.0632407479983298;0.30521649642466464;0.999529405880247
Energetyczne;Prog_Energii_99.0%;649;28;0.2561094166049922;0.5060725408525859;1.806645233908175;9.606953408453894
Energetyczne;Prog_Energii_99.9%;649;252;0.027597981657331315;0.16612640264970321;0.6163249063167608;3.1536360528097505
Energetyczne;Prog_Energii_99.99%;649;1942;0.002772877351737274;0.052658117624325256;0.2331813139836374;0.9996276062350847
Energetyczne;Prog_Energii_99.0%;650;63;0.30619100528125837;0.5533452857676284;2.0191764528939835;9.972091508459702
Energetyczne;Prog_Energii_99.9%;650;622;0.030733261228746526;0.17530904491425;0.7198475764946917;3.1593254394864587
Energetyczne;Prog_Energii_99.99%;650;2849;0.00307680413118343;0.05546894744975273;0.21903670340333647;0.999631575571356
Energetyczne;Prog_Energii_99.0%;651;22;0.34805907818228315;0.5899653194741901;2.08277227222906;9.765397801594583
Energetyczne;Prog_Energii_99.9%;651;300;0.036361878598456764;0.1906879088942368;0.664579991607285;3.156360594155084
Energetyczne;Prog_Energii_99.99%;651;2070;0.003646468479942817;0.06038599572701288;0.21687963587681747;0.9995388719547766
Energetyczne;Prog_Energii_99.0%;652;22;0.24182548870146192;0.49175755073151844;1.5322935188779994;9.630087884802006
Energetyczne;Prog_Energii_99.9%;652;168;0.02587857879673545;0.16086820318737774;0.9579452752663427;3.1502819473948986
Energetyczne;Prog_Energii_99.99%;652;1484;0.0026048097814300158;0.05103733713106529;0.5752651806953217;0.999464149045197
Energetyczne;Prog_Energii_99.0%;653;49;0.2627141319986828;0.5125564671318495;1.6924035590502093;9.99194160682973
Energetyczne;Prog_Energii_99.9%;653;442;0.026252291541744143;0.16202558915721968;0.5671087161889536;3.1585792580677086
Energetyczne;Prog_Energii_99.99%;653;2507;0.002628885812326007;0.05127266145155727;0.17567842825564117;0.9995258514978856
Energetyczne;Prog_Energii_99.0%;654;19;0.324271662471952;0.5694485599876006;1.691904288706045;9.943980508993652
Energetyczne;Prog_Energii_99.9%;654;189;0.03278175790195779;0.1810573331902295;1.0095053393067204;3.161708921159121
Energetyczne;Prog_Energii_99.99%;654;1547;0.0032769303193390547;0.057244478505258954;0.5491542490461816;0.9996302010425593
Energetyczne;Prog_Energii_99.0%;655;44;0.25497404004917373;0.5049495420823488;1.772395038576235;9.8641498118079
Energetyczne;Prog_Energii_99.9%;655;464;0.02613949324451219;0.1616771265346839;0.6703556467098597;3.1583500218733893
Energetyczne;Prog_Energii_99.99%;655;2543;0.002618846377083882;0.051174665383213615;0.18992066345339875;0.9996930858228905
Energetyczne;Prog_Energii_99.0%;656;20;0.3092583401615033;0.5561100072481193;2.2909875504256103;9.869351693044218
Energetyczne;Prog_Energii_99.9%;656;198;0.03145112112530547;0.17734463940391734;0.7097434100135782;3.147356807719606
Energetyczne;Prog_Energii_99.99%;656;1599;0.003172834672764748;0.056327920898651566;0.2715709663090786;0.9996584385123877
Energetyczne;Prog_Energii_99.0%;657;28;0.25022488794156655;0.5002248373897148;1.6948182686659976;9.663611350227026
Energetyczne;Prog_Energii_99.9%;657;255;0.026747436269200075;0.1635464345964169;0.694393502295398;3.159477625905651
Energetyczne;Prog_Energii_99.99%;657;1970;0.002676908514682767;0.05173884918204856;0.2685284114394113;0.9995188020098279
Energetyczne;Prog_Energii_99.0%;658;26;0.34329645896296823;0.5859150612187471;2.207372242208038;9.755252360105095
Energetyczne;Prog_Energii_99.9%;658;247;0.03605354038698352;0.1898776984982268;0.7323135820008471;3.16138803899872
Energetyczne;Prog_Energii_99.99%;658;1844;0.0036057119463798137;0.0600475806871502;0.2669330835511232;0.9997682974703846
Energetyczne;Prog_Energii_99.0%;659;12;0.3620731339212677;0.6017251315353778;2.076527912791927;9.747691843358739
Energetyczne;Prog_Energii_99.9%;659;156;0.03785178045141564;0.1945553403312683;0.7169653859625491;3.1517139714439315
Energetyczne;Prog_Energii_99.99%;659;1360;0.003805137189764801;0.06168579406771709;0.24718756676514975;0.9992836931219986
Energetyczne;Prog_Energii_99.0%;660;39;0.3041945848699065;0.5515383802328778;1.932474467891129;9.816520223543291
Energetyczne;Prog_Energii_99.9%;660;360;0.031515146240603885;0.1775250580639361;0.6930846668635704;3.1596682753691754
Energetyczne;Prog_Energii_99.99%;660;2272;0.003153227645970589;0.05615360759533254;0.23652630589931256;0.9994463564833824
Energetyczne;Prog_Energii_99.0%;661;63;0.35720211136975955;0.5976638782541234;2.1625374196452736;9.965344027440723
Energetyczne;Prog_Energii_99.9%;661;569;0.035931999004112994;0.1895573765489304;0.9296886656971655;3.1606468769156932
Energetyczne;Prog_Energii_99.99%;661;2810;0.0035926868364070472;0.05993902598814104;0.26717855893142506;0.9994129415791152
Energetyczne;Prog_Energii_99.0%;662;30;0.36176100226708274;0.601465711630416;1.9237046532406201;9.599028617510653
Energetyczne;Prog_Energii_99.9%;662;290;0.03912102058684955;0.19779034502940113;0.7183384978529315;3.156614160195322
Energetyczne;Prog_Energii_99.99%;662;1936;0.003924215389062953;0.06264355824075571;0.1983643685646559;0.9997532637823954
Energetyczne;Prog_Energii_99.0%;663;22;0.259763508554111;0.5096699996606736;1.7465435340709838;9.392912373279465
Energetyczne;Prog_Energii_99.9%;663;202;0.029354488496244415;0.1713315163542435;0.618346497300239;3.1575370749071805
Energetyczne;Prog_Energii_99.99%;663;1673;0.002939020159458434;0.0542127306032304;0.201983437832852;0.9991081060517057
Energetyczne;Prog_Energii_99.0%;664;79;0.21480347634455474;0.46346895941859445;1.6814395353324527;9.957839895246021
Energetyczne;Prog_Energii_99.9%;664;824;0.02162982275842815;0.1470708086549746;0.549893810162482;3.15988274098825
Energetyczne;Prog_Energii_99.99%;664;3121;0.0021644451553787113;0.046523597833558736;0.20338819186012724;0.9995805094661664
Energetyczne;Prog_Energii_99.0%;665;28;0.3431371353023298;0.585779084043063;1.8514423260978177;9.866302669148993
Energetyczne;Prog_Energii_99.9%;665;263;0.03520965473984764;0.18764235859700668;0.6775210811678072;3.160468432387662
Energetyczne;Prog_Energii_99.99%;665;1861;0.003524563355840914;0.05936803311413402;0.2243182248003608;0.9999383718744148
Energetyczne;Prog_Energii_99.0%;666;36;0.40011308955487396;0.6325449308585707;1.988683268533224;9.770821068108143
Energetyczne;Prog_Energii_99.9%;666;336;0.041759059597023584;0.2043503354463202;0.9434508223262341;3.1565671708786525
Energetyczne;Prog_Energii_99.99%;666;2138;0.0041872625463656565;0.06470906077486874;0.36168300080435944;0.9995505828469652
Energetyczne;Prog_Energii_99.0%;667;12;0.2856999468188293;0.5345090708480347;1.679910315027684;9.284488002580717
Energetyczne;Prog_Energii_99.9%;667;79;0.03291470852727862;0.18142411230946845;1.2892688228015268;3.151359043250014
Energetyczne;Prog_Energii_99.99%;667;708;0.0033076185432670473;0.05751189914502083;0.8813524625379747;0.9989887295465368
Energetyczne;Prog_Energii_99.0%;668;39;0.31681851281864254;0.5628663365477123;1.7820026903702804;9.899427901403323
Energetyczne;Prog_Energii_99.9%;668;377;0.03225812280966418;0.17960546430903537;0.6641006987331755;3.158816275157804
Energetyczne;Prog_Energii_99.99%;668;2236;0.0032283481746881;0.05681855484512168;0.20330446307259864;0.9992979693919457
Energetyczne;Prog_Energii_99.0%;669;35;0.31700040518988104;0.5630278902415768;1.7575375691848896;9.942769408061224
Energetyczne;Prog_Energii_99.9%;669;293;0.0319955465139854;0.17887298989502412;1.0982871582609581;3.1588006965225075
Energetyczne;Prog_Energii_99.99%;669;2083;0.0032057314339349217;0.05661917902914985;0.33785631767373925;0.9998642179502489
Energetyczne;Prog_Energii_99.0%;670;30;0.29312428253747047;0.5414095331054584;2.953274371208394;9.833105245661411
Energetyczne;Prog_Energii_99.9%;670;308;0.030163828283888132;0.1736773683698833;2.3879138488368064;3.154336481987873
Energetyczne;Prog_Energii_99.99%;670;2093;0.003031029254716985;0.05505478412197241;0.9538774791300364;0.9999075624755849
Energetyczne;Prog_Energii_99.0%;671;17;0.2768386368206092;0.5261545750258275;1.9585420138855998;9.841384881027285
Energetyczne;Prog_Energii_99.9%;671;161;0.02842277080313845;0.1685905418555218;0.629708885582482;3.153378281695423
Energetyczne;Prog_Energii_99.99%;671;1334;0.00285420942130842;0.053424801556097704;0.3644802456364058;0.9992767510959187
Energetyczne;Prog_Energii_99.0%;672;15;0.3525042933597597;0.5937207200020559;2.1283749712006834;9.821977720947656
Energetyczne;Prog_Energii_99.9%;672;150;0.03630992931856325;0.19055164475428504;0.8731067482864274;3.1523137839286446
Energetyczne;Prog_Energii_99.99%;672;1420;0.0036497714177550792;0.06041333807823467;0.46679743200880885;0.9994235347731251
Energetyczne;Prog_Energii_99.0%;673;30;0.2617514524575204;0.5116165091721733;1.7686010530743737;9.62103152811133
Energetyczne;Prog_Energii_99.9%;673;282;0.02814265091599055;0.16775771492241587;1.0404171899015893;3.154711068577575
Energetyczne;Prog_Energii_99.99%;673;2046;0.00282750001958485;0.053174242068738976;0.44109140682283865;0.9999502562076175
Energetyczne;Prog_Energii_99.0%;674;49;0.3477391649730711;0.5896941283182927;2.426288885411587;9.986367506832652
Energetyczne;Prog_Energii_99.9%;674;568;0.03482422595699316;0.18661250214547032;0.8613474575021023;3.1602502692520935
Energetyczne;Prog_Energii_99.99%;674;2728;0.0034825654667389946;0.05901326517605169;0.2697651241655272;0.9993793825061221
Energetyczne;Prog_Energii_99.0%;675;32;0.30051228890392906;0.5481900116783678;2.0824873700159428;9.857016031280432
Energetyczne;Prog_Energii_99.9%;675;284;0.030757793833843913;0.1753790005497919;1.5926754117922766;3.15349346602744
Energetyczne;Prog_Energii_99.99%;675;1948;0.0030893214448020675;0.05558166464583503;0.5738150554611483;0.9994150710295918
Energetyczne;Prog_Energii_99.0%;676;50;0.2432990227590387;0.49325350759932635;1.6926994403595694;9.848721062528654
Energetyczne;Prog_Energii_99.9%;676;449;0.02507623769881495;0.15835478426247485;0.8587809703131621;3.161846951091295
Energetyczne;Prog_Energii_99.99%;676;2548;0.0025073381438722514;0.05007332766925174;0.22899861418552492;0.9998068524383504
Energetyczne;Prog_Energii_99.0%;677;40;0.25535442859866514;0.5053260616657973;1.9261349166700334;9.7893140670106
Energetyczne;Prog_Energii_99.9%;677;333;0.02662972159937483;0.16318615627367056;0.6102894200372093;3.1612866549672316
Energetyczne;Prog_Energii_99.99%;677;2203;0.0026629622590954747;0.051603897712241414;0.21384272861336218;0.9996847582365905
Energetyczne;Prog_Energii_99.0%;678;36;0.3839564855299112;0.619642223811379;2.3528200852536427;9.825859425694777
Energetyczne;Prog_Energii_99.9%;678;330;0.03969847410036171;0.19924475927953966;0.7476992655148971;3.159486104651088
Energetyczne;Prog_Energii_99.99%;678;2262;0.003973716040693464;0.06303741778256358;0.24519155142919136;0.9996039357685995
Energetyczne;Prog_Energii_99.0%;679;39;0.2614436088531341;0.5113155668011039;1.7633994126759145;9.904850969917232
Energetyczne;Prog_Energii_99.9%;679;371;0.026634368606419923;0.1632003940142913;0.6534127559035401;3.1614049833380466
Energetyczne;Prog_Energii_99.99%;679;2323;0.0026641118112620066;0.051615034740490166;0.17906085188959864;0.9998506990703886
Energetyczne;Prog_Energii_99.0%;680;30;0.3354300315840387;0.579163216704962;1.9395635989268518;9.731988814542971
Energetyczne;Prog_Energii_99.9%;680;296;0.035221745503054694;0.18767457340581514;1.6187861225165774;3.153596078754337
Energetyczne;Prog_Energii_99.99%;680;2074;0.0035389068642090733;0.05948871207388065;0.5402382761680489;0.999620597088955
Energetyczne;Prog_Energii_99.0%;681;70;0.28248808227749295;0.5314960792682227;1.8104380376927884;9.926607682148937
Energetyczne;Prog_Energii_99.9%;681;666;0.028620351970660842;0.16917550641467233;0.6090116501802321;3.159644910117642
Energetyczne;Prog_Energii_99.99%;681;2861;0.0028657520972206678;0.053532719875050885;0.17530216153061406;0.999816045848635
Energetyczne;Prog_Energii_99.0%;682;13;0.3320722008528963;0.5762570614343014;1.774255742816611;9.425179123002666
Energetyczne;Prog_Energii_99.9%;682;122;0.03688392555662873;0.19205188246051827;0.7303443234363307;3.141173469692239
Energetyczne;Prog_Energii_99.99%;682;1233;0.0037368399482269367;0.06112969775998354;0.24205356074233997;0.9998287043785701
Energetyczne;Prog_Energii_99.0%;683;22;0.37067621979160603;0.6088318485358712;2.166178607385997;9.876293727140418
Energetyczne;Prog_Energii_99.9%;683;250;0.03778252101279658;0.1943772646499497;0.6939389324097736;3.153131630971017
Energetyczne;Prog_Energii_99.99%;683;1821;0.0037978515986156394;0.06162671172970078;0.27928851567642266;0.9996906501261562
Energetyczne;Prog_Energii_99.0%;684;16;0.3121067435122796;0.5586651443506025;2.292140153577371;9.62941046898968
Energetyczne;Prog_Energii_99.9%;684;157;0.033607909587767326;0.18332460169810086;0.6370918405286039;3.159867510379702
Energetyczne;Prog_Energii_99.99%;684;1398;0.0033626642952634548;0.05798848416076639;0.2741479544626175;0.9995162972044898
Energetyczne;Prog_Energii_99.0%;685;22;0.33621237129234527;0.5798382285537452;2.0536160694894448;9.423033593763963
Energetyczne;Prog_Energii_99.9%;685;145;0.03784032857968408;0.19452590721979446;1.1434159102495318;3.161268209516875
Energetyczne;Prog_Energii_99.99%;685;1304;0.0037819172361246048;0.06149729454313096;0.5597251913016672;0.9994012879263051
Energetyczne;Prog_Energii_99.0%;686;57;0.2600939095365093;0.5099940289224074;1.6453165750006207;9.919260580240596
Energetyczne;Prog_Energii_99.9%;686;563;0.026402311343486376;0.1624878806049435;0.6573124374950177;3.1603499991108257
Energetyczne;Prog_Energii_99.99%;686;2714;0.0026395911708897097;0.051376951747741026;0.1883920680145006;0.9992692919975867
Energetyczne;Prog_Energii_99.0%;687;23;0.3695246431786776;0.6078853865480545;2.2096441173758885;9.923863789364518
Energetyczne;Prog_Energii_99.9%;687;263;0.037486606317217355;0.19361458188167893;1.2918019973201798;3.160801000891727
Energetyczne;Prog_Energii_99.99%;687;1858;0.0037483353600042085;0.06122365033223851;0.6690148180982982;0.9994896735962031
Energetyczne;Prog_Energii_99.0%;688;31;0.29174429481586595;0.5401335897866989;2.0156399404446175;9.997320106385791
Energetyczne;Prog_Energii_99.9%;688;337;0.029096759391206352;0.17057772243527686;0.6963719133415474;3.1572191147696
Energetyczne;Prog_Energii_99.99%;688;2135;0.002918124207252032;0.054019665004996394;0.18154412466158654;0.9998487287338382
Energetyczne;Prog_Energii_99.0%;689;42;0.3791831758039117;0.6157785119699385;2.034248728954749;9.818051838007042
Energetyczne;Prog_Energii_99.9%;689;428;0.03922703011928351;0.19805814832842275;0.9227105150149049;3.1578646046081458
Energetyczne;Prog_Energii_99.99%;689;2484;0.00393141650748591;0.06270100882351025;0.23096057371558842;0.9997129535345225
Energetyczne;Prog_Energii_99.0%;690;34;0.29050358340452376;0.538983843361305;1.9544316248306508;9.73659565933254
Energetyczne;Prog_Energii_99.9%;690;331;0.03056689226278685;0.17483389906647637;1.2552805367283337;3.1583265504560183
Energetyczne;Prog_Energii_99.99%;690;2147;0.003061905866165491;0.05533449074641865;0.44157065909432625;0.999602435303047
Energetyczne;Prog_Energii_99.0%;691;29;0.36592621948042575;0.6049183576983144;2.014560712283377;9.953209662764264
Energetyczne;Prog_Energii_99.9%;691;280;0.03677477849240982;0.1917675115665055;0.6496452196709273;3.1553055463393807
Energetyczne;Prog_Energii_99.99%;691;1932;0.0036909814307200775;0.060753447891622396;0.2651230517679617;0.9996254815310366
Energetyczne;Prog_Energii_99.0%;692;19;0.28605124433253715;0.534837586873377;1.8509029878137766;9.918590225951183
Energetyczne;Prog_Energii_99.9%;692;205;0.02907590596183448;0.17051658559164995;0.608488710573674;3.1622387444738798
Energetyczne;Prog_Energii_99.99%;692;1660;0.00290629399605438;0.05391005468420877;0.20593705468055923;0.9997647035190145
Energetyczne;Prog_Energii_99.0%;693;27;0.358137956524712;0.5984462854130786;2.208613712655212;9.947510558885496
Energetyczne;Prog_Energii_99.9%;693;267;0.03606615912402742;0.1899109241829638;1.8353521326691533;3.1567426678131225
Energetyczne;Prog_Energii_99.99%;693;1905;0.0036185287636215286;0.06015420819544987;0.7172223237917885;0.999896959461613
Energetyczne;Prog_Energii_99.0%;694;26;0.28754222191890305;0.5362296354351399;1.817926049518614;9.656246749255423
Energetyczne;Prog_Energii_99.9%;694;269;0.030778887896984474;0.17543912875121237;1.1057467175507316;3.159250076362121
Energetyczne;Prog_Energii_99.99%;694;2078;0.00308214575198622;0.05551707621972018;0.3528262149947894;0.9997332324607808
Energetyczne;Prog_Energii_99.0%;695;14;0.29094062662254866;0.5393891235671597;1.5733599839635262;9.449425600189707
Energetyczne;Prog_Energii_99.9%;695;129;0.03241394175006299;0.18003872291832942;1.1207533307996815;3.1540541754325866
Energetyczne;Prog_Energii_99.99%;695;1206;0.0032536354476314683;0.05704064732829974;0.737901006680322;0.9992810933057624
Energetyczne;Prog_Energii_99.0%;696;37;0.2575755753660682;0.5075190394123832;1.9832792672025352;9.89824401682522
Energetyczne;Prog_Energii_99.9%;696;406;0.026255698039137236;0.16203610103658148;1.429456100756374;3.160222066648039
Energetyczne;Prog_Energii_99.99%;696;2424;0.002625219300984933;0.05123689394357286;0.4219270944720339;0.9992832574416796
Energetyczne;Prog_Energii_99.0%;697;29;0.31798272328588084;0.5638995684391688;2.2034087201118107;9.837402488456148
Energetyczne;Prog_Energii_99.9%;697;248;0.032728070931121;0.1809090128520992;0.7192032762720784;3.1560137173741607
Energetyczne;Prog_Energii_99.99%;697;1836;0.003282875959680336;0.05729638696881624;0.20483064005340967;0.9995532028987237
Energetyczne;Prog_Energii_99.0%;698;17;0.34689915333794263;0.5889814541544943;1.822046039214685;9.719881160817643
Energetyczne;Prog_Energii_99.9%;698;157;0.03662631470677805;0.1913800269275194;1.078573523038032;3.158318662104472
Energetyczne;Prog_Energii_99.99%;698;1376;0.0036685453484549568;0.060568517799719654;0.48182060657272885;0.9995540452886954
Energetyczne;Prog_Energii_99.0%;699;47;0.26277960642031556;0.5126203336001368;1.837210039820738;9.915123321074711
Energetyczne;Prog_Energii_99.9%;699;437;0.026712855581885582;0.16344067909148438;1.0373424563068836;3.1612762558426772
Energetyczne;Prog_Energii_99.99%;699;2540;0.0026707223838552266;0.051679032342481286;0.22573979684200474;0.9995779433696925
Energetyczne;Prog_Energii_99.0%;700;36;0.2924650136735748;0.5408003454821149;1.9097839846313214;9.773731604284068
Energetyczne;Prog_Energii_99.9%;700;383;0.030604514849697135;0.17494146120830573;1.2545577496037073;3.16166752221093
Energetyczne;Prog_Energii_99.99%;700;2348;0.0030587621656022017;0.0553060771127568;0.3336381668364172;0.9995310807429942
Energetyczne;Prog_Energii_99.0%;701;17;0.38107753878199235;0.6173147809521431;2.406557789822079;9.791966697679976
Energetyczne;Prog_Energii_99.9%;701;148;0.03929295828584208;0.198224514845773;1.031958494593039;3.144275672517964
Energetyczne;Prog_Energii_99.99%;701;1307;0.003972288128367299;0.06302609085424304;0.5934022189364141;0.9997320682615319
Energetyczne;Prog_Energii_99.0%;702;30;0.3065976761152638;0.5537126295428557;1.9669759145297512;9.85071443273539
Energetyczne;Prog_Energii_99.9%;702;286;0.03151220028329814;0.17751676057008853;0.808512039803877;3.158076630550942
Energetyczne;Prog_Energii_99.99%;702;2067;0.00315888931432102;0.05620399731621426;0.22125381837449254;0.9998860383541283
Energetyczne;Prog_Energii_99.0%;703;16;0.28338313121263803;0.5323374223297082;1.688226773188271;9.225015185834502
Energetyczne;Prog_Energii_99.9%;703;188;0.0330490484658491;0.18179397257843588;0.9368097082733211;3.150355559054713
Energetyczne;Prog_Energii_99.99%;703;1485;0.0033296582087920376;0.057703190629219435;0.42029144714824795;0.9999537652191575
Energetyczne;Prog_Energii_99.0%;704;36;0.3855901427690872;0.6209590507989131;2.209044969999236;9.900761881999474
Energetyczne;Prog_Energii_99.9%;704;363;0.03926506694315275;0.19815414944722393;0.716131383725799;3.159430637306906
Energetyczne;Prog_Energii_99.99%;704;2326;0.0039292264558953545;0.0626835421454097;0.20302420708076374;0.9994456541111844
Energetyczne;Prog_Energii_99.0%;705;25;0.2491182055918272;0.49911742665611986;1.6680698584841949;9.754691218742018
Energetyczne;Prog_Energii_99.9%;705;195;0.02609073257198993;0.16152625969788914;1.344507638152563;3.156849877247063
Energetyczne;Prog_Energii_99.99%;705;1577;0.0026169823357409115;0.051156449600621344;0.6989636755879198;0.9997955251620767
Energetyczne;Prog_Energii_99.0%;706;59;0.2342873930701734;0.4840324297711605;1.5283805572204767;9.980890940335883
Energetyczne;Prog_Energii_99.9%;706;497;0.023494330732614557;0.15327860494085455;0.5848979492654518;3.160649876548106
Energetyczne;Prog_Energii_99.99%;706;2621;0.0023507250328283612;0.048484276140088566;0.1984502903303107;0.9997600216666016
Energetyczne;Prog_Energii_99.0%;707;37;0.3576121072959947;0.5980067786371612;2.245620285311145;9.878435337349952
Energetyczne;Prog_Energii_99.9%;707;347;0.03661570147892;0.19135229676938817;0.7644467821548044;3.160936226505067
Energetyczne;Prog_Energii_99.99%;707;2232;0.003661538033219753;0.06051064396632838;0.21474134652027121;0.9995714179110722
Energetyczne;Prog_Energii_99.0%;708;21;0.34058740229392354;0.5835986654319246;2.1511473633321256;9.978143953121586
Energetyczne;Prog_Energii_99.9%;708;248;0.03407759347768571;0.18460117409617335;1.9651016016897191;3.156239378449606
Energetyczne;Prog_Energii_99.99%;708;1827;0.0034194217272855445;0.05847582173245233;0.7456572109815638;0.9997969522285458
Energetyczne;Prog_Energii_99.0%;709;32;0.3433300951128422;0.5859437644628042;1.9913961388508206;9.840299537054094
Energetyczne;Prog_Energii_99.9%;709;324;0.03533802523874275;0.18798410900590173;1.5566374044729319;3.1569922798311953
Energetyczne;Prog_Energii_99.99%;709;2012;0.003543590320563561;0.05952806330264375;0.6213621660513429;0.9997102269631152
Energetyczne;Prog_Energii_99.0%;710;30;0.3359266857468926;0.5795918268461803;2.6502989809237865;9.696394192364863
Energetyczne;Prog_Energii_99.9%;710;347;0.035629247847520626;0.1887571133693261;2.211074031185289;3.157848839589708
Energetyczne;Prog_Energii_99.99%;710;2242;0.003568485891675683;0.05973680516796728;0.7274590683793873;0.9993785003024782
Energetyczne;Prog_Energii_99.0%;711;24;0.3148303365116136;0.561097439409247;1.791595493960716;9.646044963081206
Energetyczne;Prog_Energii_99.9%;711;178;0.03370079459953415;0.18357776172383775;0.7969513696789798;3.1559569148530384
Energetyczne;Prog_Energii_99.99%;711;1514;0.0033817422050983195;0.058152748904057146;0.21734895279103217;0.9997265915985966
Energetyczne;Prog_Energii_99.0%;712;26;0.2901852383779589;0.5386884427737046;1.6887302265111233;9.802659080467567
Energetyczne;Prog_Energii_99.9%;712;264;0.03004983748728705;0.1733488894896274;0.6171607573777607;3.1544765595765862
Energetyczne;Prog_Energii_99.99%;712;1826;0.0030177318524208384;0.05493388619441408;0.202188712698244;0.999646763454438
Energetyczne;Prog_Energii_99.0%;713;16;0.2650117398751577;0.5147929096978295;2.370731429053116;9.547962369657178
Energetyczne;Prog_Energii_99.9%;713;127;0.028884222149648996;0.16995358822234086;1.3976459547050863;3.1521616447429555
Energetyczne;Prog_Energii_99.99%;713;1256;0.002903494108028704;0.05388408028377866;0.8084846423627878;0.9993983234444577
Energetyczne;Prog_Energii_99.0%;714;55;0.3478354158035857;0.5897757334814528;1.922706795103526;9.983674760182753
Energetyczne;Prog_Energii_99.9%;714;488;0.03479457834525953;0.18653304893573022;0.7626218472648079;3.1576160002489306
Energetyczne;Prog_Energii_99.99%;714;2520;0.003487664830847807;0.059056454607839495;0.23495418993594797;0.9997027714479665
Energetyczne;Prog_Energii_99.0%;715;40;0.3533315831154335;0.5944170111255511;1.9687909657912113;9.926394140044884
Energetyczne;Prog_Energii_99.9%;715;321;0.03575454868313799;0.18908873230083803;1.1802413697338876;3.1576641467670017
Energetyczne;Prog_Energii_99.99%;715;2161;0.003584703933668132;0.059872397093052254;0.3529145589680729;0.9998317688276661
Energetyczne;Prog_Energii_99.0%;716;30;0.2828515889416818;0.5318379348463983;1.8271345790629931;9.869419545966412
Energetyczne;Prog_Energii_99.9%;716;340;0.028928428260822602;0.17008359198001025;0.6656001616094764;3.15627415261474
Energetyczne;Prog_Energii_99.99%;716;2191;0.0029016521582683743;0.053866985791562294;0.22498308001707912;0.9996200865346007
Energetyczne;Prog_Energii_99.0%;717;54;0.21287125445721403;0.46137972913557224;1.7631425873661906;9.836240450470118
Energetyczne;Prog_Energii_99.9%;717;494;0.02196551809677289;0.14820768568725742;0.64421174860238;3.1596672783151245
Energetyczne;Prog_Energii_99.99%;717;2639;0.002198646299063053;0.0468897248772378;0.2144657341630687;0.9996507852935526
Energetyczne;Prog_Energii_99.0%;718;26;0.2653565491038387;0.5151277017437896;1.7254364405149212;9.769944810462848
Energetyczne;Prog_Energii_99.9%;718;258;0.027666924230336887;0.16633377357090437;0.6985952385531915;3.15469694680102
Energetyczne;Prog_Energii_99.99%;718;1796;0.002777116242589873;0.05269835142193609;0.2175962445104469;0.9994802905217648
Energetyczne;Prog_Energii_99.0%;719;23;0.43982039695661307;0.6631895633652667;2.8218805720682063;9.904192640736783
Energetyczne;Prog_Energii_99.9%;719;301;0.04477647517499528;0.2116045254123722;0.7644996012807335;3.1601401757607617
Energetyczne;Prog_Energii_99.99%;719;2051;0.004482704209648272;0.06695300000484125;0.2756677341349345;0.9998881866570821
Energetyczne;Prog_Energii_99.0%;720;28;0.24182681204312975;0.49175889625214686;1.978011278388581;9.82441731809716
Energetyczne;Prog_Energii_99.9%;720;337;0.024998172083938664;0.15810810252462923;1.0433224744832454;3.158702348676966
Energetyczne;Prog_Energii_99.99%;720;2168;0.0025036337431289636;0.05003632423678785;0.37047983435626275;0.9996315961181297
Energetyczne;Prog_Energii_99.0%;721;23;0.3449593227616489;0.5873323784380092;2.017864866852016;9.820765755286502
Energetyczne;Prog_Energii_99.9%;721;263;0.035704429201380325;0.18895615682316447;0.6829191184492851;3.1595298034047357
Energetyczne;Prog_Energii_99.99%;721;1928;0.003574710537490406;0.05978888305939831;0.22670154669155052;0.9997279851285126
Energetyczne;Prog_Energii_99.0%;722;32;0.27538541296252483;0.5247717722615469;1.7128366843073533;9.753566605839048
Energetyczne;Prog_Energii_99.9%;722;307;0.028869674877897534;0.1699107850546796;0.6991567165403572;3.1580131529164093
Energetyczne;Prog_Energii_99.99%;722;2112;0.002891153418861203;0.05376944689004345;0.22843875380748102;0.9993751747374487
Energetyczne;Prog_Energii_99.0%;723;18;0.307852483889181;0.5548445583126692;1.9495546497330838;9.847930611501523
Energetyczne;Prog_Energii_99.9%;723;221;0.031695290624254246;0.17803171241173368;1.1507747366662322;3.1598831135864716
Energetyczne;Prog_Energii_99.99%;723;1651;0.0031736038798391383;0.05633474842261336;0.5294427440988736;0.9998848959957862
Energetyczne;Prog_Energii_99.0%;724;21;0.40506771870506425;0.6364493056835432;1.892931078257341;9.914404922449584
Energetyczne;Prog_Energii_99.9%;724;232;0.040873682859120755;0.20217240874837683;1.239759299429795;3.1493775019923405
Energetyczne;Prog_Energii_99.99%;724;1788;0.004117859262522771;0.06417054824857561;0.5515205760749033;0.9996283973452961
Energetyczne;Prog_Energii_99.0%;725;53;0.22892605143272463;0.4784621734606871;1.7161066094073072;9.985237513926016
Energetyczne;Prog_Energii_99.9%;725;532;0.022898044406768178;0.1513209979043496;0.5855299031187045;3.1579844525439396
Energetyczne;Prog_Energii_99.99%;725;2681;0.0022945185310886927;0.0479011328789695;0.17189076924944224;0.9996698077992179
Energetyczne;Prog_Energii_99.0%;726;24;0.3046663533193867;0.5519658986924706;1.9141468705585534;9.730294432074674
Energetyczne;Prog_Energii_99.9%;726;257;0.03206461664700179;0.17906595613628457;0.8728700985217257;3.1566523948208274
Energetyczne;Prog_Energii_99.99%;726;1881;0.0032151942455623385;0.05670268287799386;0.3716880973638381;0.9995795044556545
Energetyczne;Prog_Energii_99.0%;727;37;0.37275548917402584;0.6105370497963459;1.9493923539524336;9.921878711301972
Energetyczne;Prog_Energii_99.9%;727;339;0.0378519469867289;0.19455576832036847;0.8727463058522291;3.161738892836665
Energetyczne;Prog_Energii_99.99%;727;2204;0.003784080320982247;0.06151487885855134;0.2828124975553088;0.9996824388930527
Energetyczne;Prog_Energii_99.0%;728;33;0.3419355289475065;0.5847525365036962;2.3220632848923737;9.904968739889117
Energetyczne;Prog_Energii_99.9%;728;327;0.03482135165254011;0.18660480072211463;1.3153612866227924;3.160849423445127
Energetyczne;Prog_Energii_99.99%;728;2083;0.0034836450759366906;0.059022411641144336;0.4726544903355423;0.9997650386501692
Energetyczne;Prog_Energii_99.0%;729;37;0.3894003367550689;0.6240195003003263;1.958115112324469;9.963809030878213
Energetyczne;Prog_Energii_99.9%;729;524;0.03905856203447226;0.1976323911570982;0.738109063828067;3.1556247887404703
Energetyczne;Prog_Energii_99.99%;729;2576;0.003920121902054787;0.0626108768670012;0.22270314284455095;0.9997168679158092
Energetyczne;Prog_Energii_99.0%;730;24;0.29089827690233117;0.5393498650248567;1.958497730279868;9.710015314281796
Energetyczne;Prog_Energii_99.9%;730;277;0.030804563611163197;0.17551228906023417;0.6528557061189897;3.1597801819065725
Energetyczne;Prog_Energii_99.99%;730;1969;0.003081576280261427;0.05551194718492072;0.1949726409724728;0.9993918460818393
Energetyczne;Prog_Energii_99.0%;731;38;0.2642174046592422;0.5140208212312437;1.8978918438234809;9.860032757753068
Energetyczne;Prog_Energii_99.9%;731;366;0.02712719294986212;0.16470334832620168;1.5282914185024437;3.1593669803452933
Energetyczne;Prog_Energii_99.99%;731;2264;0.0027138089648360867;0.05209423158888215;0.5730337706250666;0.9992802017746969
Energetyczne;Prog_Energii_99.0%;732;18;0.30773603811193817;0.5547396128923354;1.9220097293713696;9.569458881338562
Energetyczne;Prog_Energii_99.9%;732;210;0.033371925633810966;0.18267984462937056;0.767254360821302;3.15129336539621
Energetyczne;Prog_Energii_99.99%;732;1704;0.0033587074212015878;0.05795435636086029;0.4374120804159727;0.9997335998742357
Energetyczne;Prog_Energii_99.0%;733;24;0.3974092351334974;0.6304040253151129;2.072842147745476;9.775798537901876
Energetyczne;Prog_Energii_99.9%;733;259;0.04146681064831608;0.20363401152144522;0.684880257878719;3.1577924508070474
Energetyczne;Prog_Energii_99.99%;733;1935;0.004156070562334406;0.0644675931172741;0.23867516170351788;0.9997115773854383
Energetyczne;Prog_Energii_99.0%;734;51;0.32397339304576894;0.5691866065235275;1.9976016603138316;9.99900952595271
Energetyczne;Prog_Energii_99.9%;734;505;0.032358020111916665;0.17988335140283734;0.633006114154167;3.1600450952686305
Energetyczne;Prog_Energii_99.99%;734;2582;0.0032354116617826817;0.05688067916070167;0.21313820314938337;0.9992337244973566
Energetyczne;Prog_Energii_99.0%;735;29;0.2668342202290127;0.5165599870576627;1.8768573986706691;9.932240039980835
Energetyczne;Prog_Energii_99.9%;735;244;0.026912434378275243;0.16405009716021274;0.5956283455042226;3.15429956713919
Energetyczne;Prog_Energii_99.99%;735;1753;0.0027030915078331856;0.051991263764532454;0.19284186992663788;0.9996703667131892
Energetyczne;Prog_Energii_99.0%;736;56;0.29980682106399664;0.5475461816723742;1.9387151518730024;9.835464162690448
Energetyczne;Prog_Energii_99.9%;736;492;0.030862792853819918;0.17567809440513613;0.688083265138145;3.155670990918068
Energetyczne;Prog_Energii_99.99%;736;2599;0.0030967211001275345;0.055648190447916045;0.21216832943512642;0.9995974790607619
Energetyczne;Prog_Energii_99.0%;737;33;0.34417427690129854;0.5866636829575345;2.398271037703231;9.995432567826935
Energetyczne;Prog_Energii_99.9%;737;320;0.03431837263128715;0.1852521865762646;0.8677721076840843;3.1562815165764744
Energetyczne;Prog_Energii_99.99%;737;2151;0.003442173540337492;0.05867003954607063;0.20306658301628744;0.9996058066490837
Energetyczne;Prog_Energii_99.0%;738;27;0.24174590848594316;0.4916766299977488;1.9216408297367904;9.873785187101875
Energetyczne;Prog_Energii_99.9%;738;266;0.02469161161049964;0.1571356471667064;0.8607745186988938;3.1555773260311275
Energetyczne;Prog_Energii_99.99%;738;1927;0.0024782963027869835;0.049782489921527465;0.4108209327268071;0.9997253918016742
Energetyczne;Prog_Energii_99.0%;739;19;0.26690482198692017;0.5166283209299701;1.902400994870062;9.954385286420626
Energetyczne;Prog_Energii_99.9%;739;245;0.02682537163775445;0.16378452807806496;1.5383028186717336;3.1557973699715856
Energetyczne;Prog_Energii_99.99%;739;1819;0.0026924117418806134;0.051888454803362696;0.7209241370449027;0.9997858230070011
Energetyczne;Prog_Energii_99.0%;740;38;0.32702157060069914;0.5718579986331389;1.9529077751238244;9.913979867965415
Energetyczne;Prog_Energii_99.9%;740;369;0.03322928668352102;0.1822890196460583;0.9141428786586676;3.160242009802758
Energetyczne;Prog_Energii_99.99%;740;2366;0.0033242648894489077;0.057656438404127146;0.3089920745337582;0.999557181963635
Energetyczne;Prog_Energii_99.0%;741;41;0.3485649157432954;0.590393864926877;2.22388914882133;9.937025090310481
Energetyczne;Prog_Energii_99.9%;741;416;0.03521898923707046;0.18766723005647645;1.1790808267797424;3.158660827092515
Energetyczne;Prog_Energii_99.99%;741;2525;0.0035268654031028503;0.05938741788546502;0.3790272490665263;0.9995602878592077
Energetyczne;Prog_Energii_99.0%;742;20;0.33809303598328705;0.5814576820227652;2.2106361318337404;9.573816723699336
Energetyczne;Prog_Energii_99.9%;742;202;0.036717942298231485;0.19161926390170558;1.436978716955422;3.15504940435765
Energetyczne;Prog_Energii_99.99%;742;1612;0.0036847056951337023;0.06070177670491781;0.7160787979793248;0.9994668622385693
Energetyczne;Prog_Energii_99.0%;743;25;0.31272486286012224;0.5592180816641413;2.0957444217840435;9.984302334008957
Energetyczne;Prog_Energii_99.9%;743;257;0.031277302886887126;0.1768539026623024;0.6187161867794027;3.1575567583136754
Energetyczne;Prog_Energii_99.99%;743;1814;0.0031349470090165027;0.05599059750544284;0.20874608170484965;0.9996584010527274
Energetyczne;Prog_Energii_99.0%;744;14;0.3545774138109782;0.595464032340307;1.9178018089696098;9.677938236139187
Energetyczne;Prog_Energii_99.9%;744;202;0.03765887189435677;0.19405893922815504;0.9289125881238931;3.1539947436278504
Energetyczne;Prog_Energii_99.99%;744;1639;0.0037848049738227587;0.061520768638101055;0.4749629837270106;0.9998827247034858
Energetyczne;Prog_Energii_99.0%;745;43;0.24069665051075986;0.4906084492859452;1.8035320161427832;9.860572301469045
Energetyczne;Prog_Energii_99.9%;745;399;0.02473995914076003;0.1572894120427692;1.2596167193799541;3.161306377745079
Energetyczne;Prog_Energii_99.99%;745;2336;0.002474269603086966;0.04974203054849054;0.4377676452793109;0.9997481481599999
Energetyczne;Prog_Energii_99.0%;746;42;0.3204230827668995;0.5660592572928205;2.1347295079399;9.882726774370937
Energetyczne;Prog_Energii_99.9%;746;482;0.0327304305784422;0.18091553437569202;0.6143477716306851;3.158571779260528
Energetyczne;Prog_Energii_99.99%;746;2515;0.0032780530042569;0.05725428371970869;0.21391219595879818;0.9995922429928463
Energetyczne;Prog_Energii_99.0%;747;37;0.3136291151553418;0.5600259950710698;1.8779762412781489;9.942921688292719
Energetyczne;Prog_Energii_99.9%;747;348;0.03159613083844239;0.17775300514602388;0.8315792518535483;3.155896736188682
Energetyczne;Prog_Energii_99.99%;747;2216;0.0031679949220745876;0.05628494400880743;0.22763123702572408;0.9993050241149829
Energetyczne;Prog_Energii_99.0%;748;15;0.28413911228646854;0.5330470075766944;1.5898100634421697;9.71095323382465
Energetyczne;Prog_Energii_99.9%;748;193;0.030071279149280497;0.173410723858937;1.3339301486257704;3.1591649623800335
Energetyczne;Prog_Energii_99.99%;748;1449;0.003011232217461114;0.05487469560244607;0.630747011509392;0.9996972033260045
Energetyczne;Prog_Energii_99.0%;749;42;0.2576781726732265;0.5076201066479011;1.6759068902891068;9.869362167923214
Energetyczne;Prog_Energii_99.9%;749;374;0.026388119276860283;0.16244420358036873;0.6297250533108296;3.1583080658515845
Energetyczne;Prog_Energii_99.99%;749;2305;0.002645149978453292;0.05143102155755116;0.21068447731791018;0.9999434060436411
Energetyczne;Prog_Energii_99.0%;750;15;0.31966268950456045;0.5653872031666091;1.911869892955203;9.748791533271788
Energetyczne;Prog_Energii_99.9%;750;188;0.03335082446205058;0.1826220809816014;0.6461012408122544;3.1488943981940047
Energetyczne;Prog_Energii_99.99%;750;1495;0.0033605016801934377;0.05796983422603033;0.25003976657133187;0.9995553948209165
Energetyczne;Prog_Energii_99.0%;751;19;0.41804405348376766;0.6465632633267743;2.480755611287182;9.983716233295969
Energetyczne;Prog_Energii_99.9%;751;194;0.04162839406598845;0.2040303753512904;0.7588436561951895;3.1504749589378593
Energetyczne;Prog_Energii_99.99%;751;1530;0.004191433265617602;0.06474127945613681;0.2272624891283126;0.9996834019688388
Energetyczne;Prog_Energii_99.0%;752;28;0.3175718991048684;0.5635351800064202;2.196830416294196;9.865551128707414
Energetyczne;Prog_Energii_99.9%;752;277;0.032596448345007856;0.18054486518593613;0.7131206034326483;3.1607158908821766
Energetyczne;Prog_Energii_99.99%;752;2021;0.0032611616501876;0.05710658149624787;0.22659992064415846;0.9997386490236716
Energetyczne;Prog_Energii_99.0%;753;24;0.36292495804896535;0.6024325340226616;2.19467992542128;9.828673734575972
Energetyczne;Prog_Energii_99.9%;753;223;0.037401333554449856;0.19339424385035314;0.7421854540954591;3.155222896508846
Energetyczne;Prog_Energii_99.99%;753;1590;0.0037536272360681926;0.061266852669842546;0.22740934200445917;0.9995673733211184
Energetyczne;Prog_Energii_99.0%;754;36;0.33656265199430346;0.580140200291536;1.8466177158476373;9.839839674912827
Energetyczne;Prog_Energii_99.9%;754;314;0.034663539383688775;0.18618146895888638;0.8166647720718467;3.157850126701398
Energetyczne;Prog_Energii_99.99%;754;2158;0.0034732080617013816;0.05893392963057344;0.20735645943823755;0.9995866838499068
Energetyczne;Prog_Energii_99.0%;755;29;0.24845855475365203;0.4984561713467414;1.6071121532163408;9.883670119510747
Energetyczne;Prog_Energii_99.9%;755;291;0.025419005492563776;0.15943338888878883;1.3334510632081935;3.161335163240046
Energetyczne;Prog_Energii_99.99%;755;1969;0.002542070761518677;0.05041895240401844;0.5579818258107476;0.9997354270612128
Energetyczne;Prog_Energii_99.0%;756;39;0.30055525542358225;0.5482291997181309;2.1123688751786363;9.974656438801567
Energetyczne;Prog_Energii_99.9%;756;393;0.030186379755135703;0.17374227969937456;0.6991043962808003;3.1611223002832616
Energetyczne;Prog_Energii_99.99%;756;2390;0.0030180499626391868;0.0549367815096515;0.25058775942273925;0.9995372769163315
Energetyczne;Prog_Energii_99.0%;757;8;0.33934549838825667;0.5825336886294703;1.9645815386424763;9.781501970302063
Energetyczne;Prog_Energii_99.9%;757;101;0.035462238547352816;0.18831420166135324;0.8903275074650816;3.1620415617851365
Energetyczne;Prog_Energii_99.99%;757;939;0.0035466008118945425;0.05955334425449626;0.6888367193909914;0.999978482847803
Energetyczne;Prog_Energii_99.0%;758;37;0.3746786259492273;0.6121099786388287;2.535083968937891;9.952737117846238
Energetyczne;Prog_Energii_99.9%;758;410;0.03764577315479912;0.1940251869082958;0.7151085295028423;3.1547952932142467
Energetyczne;Prog_Energii_99.99%;758;2485;0.0037793293740346493;0.061476250487766816;0.2915320044867693;0.9995866452891659
Energetyczne;Prog_Energii_99.0%;759;19;0.35829204813735305;0.5985750146283697;3.14504177696047;9.914666714535342
Energetyczne;Prog_Energii_99.9%;759;214;0.036233130881839055;0.19035002201691245;2.3894697650734873;3.152916478770619
Energetyczne;Prog_Energii_99.99%;759;1658;0.003640584580333159;0.06033725698383345;1.0938751694035966;0.9994132378468735
Energetyczne;Prog_Energii_99.0%;760;27;0.3850398827207976;0.620515819879556;2.5008997116946317;9.96752477795681
Energetyczne;Prog_Energii_99.9%;760;270;0.038666707836584054;0.19663852073432625;0.690654324167113;3.1586613345339245
Energetyczne;Prog_Energii_99.99%;760;1922;0.0038728672022257087;0.06223236458809603;0.24552764931106008;0.9996564408995916
Energetyczne;Prog_Energii_99.0%;761;31;0.36507026592333275;0.6042104483731912;2.1236327311413943;9.940630622000858
Energetyczne;Prog_Energii_99.9%;761;315;0.03683091100888042;0.19191381140730965;0.9953884628619907;3.157416949006614
Energetyczne;Prog_Energii_99.99%;761;2114;0.0036901607441117775;0.06074669327717993;0.35043826768448305;0.9994207167424776
Energetyczne;Prog_Energii_99.0%;762;29;0.3207774457388668;0.5663721795240889;2.282958366934235;9.692023587640012
Energetyczne;Prog_Energii_99.9%;762;287;0.03411962779974377;0.18471499072826703;1.4368217868471316;3.1609286470133315
Energetyczne;Prog_Energii_99.99%;762;2077;0.003412143597717018;0.058413556626155015;0.5214684499368838;0.9995998905425766
Energetyczne;Prog_Energii_99.0%;763;35;0.35778761793593955;0.5981535069996159;2.3183473530399548;9.901839665637668
Energetyczne;Prog_Energii_99.9%;763;369;0.036491338023863014;0.19102706097268787;1.3078721893854395;3.162264046628353
Energetyczne;Prog_Energii_99.99%;763;2271;0.0036475326089271446;0.06039480614197834;0.48456213261683434;0.999776278258154
Energetyczne;Prog_Energii_99.0%;764;20;0.29761301733191314;0.5455391987125335;1.9437096144878252;9.347957423777983
Energetyczne;Prog_Energii_99.9%;764;175;0.03403419538385014;0.1844835910964716;1.1045562691836297;3.1611747772211234
Energetyczne;Prog_Energii_99.99%;764;1520;0.0034030616929006086;0.05833576684076938;0.4842469990778193;0.9995986832805075
Energetyczne;Prog_Energii_99.0%;765;26;0.33361024669454653;0.577590033409984;1.9798408129737748;9.82347412125574
Energetyczne;Prog_Energii_99.9%;765;302;0.03444155453866762;0.18558435962835773;0.7639693842168862;3.156361863371927
Energetyczne;Prog_Energii_99.99%;765;2148;0.003453198841162039;0.05876392465758255;0.22783848827332864;0.9994388056336669
Energetyczne;Prog_Energii_99.0%;766;30;0.3107131816800264;0.5574165244052479;2.2217150704446276;9.696176965879078
Energetyczne;Prog_Energii_99.9%;766;262;0.032928381969211384;0.18146179203681248;0.9762836790707086;3.156500697592014
Energetyczne;Prog_Energii_99.99%;766;1917;0.003303189218267829;0.05747337834395877;0.4115024248424408;0.999740809342788
Energetyczne;Prog_Energii_99.0%;767;20;0.38636911209922276;0.6215859651723346;2.064641057164221;9.523406529067975
Energetyczne;Prog_Energii_99.9%;767;184;0.04239689314266974;0.2059050585650332;0.7888141778556443;3.154700538585514
Energetyczne;Prog_Energii_99.99%;767;1512;0.004257337898807776;0.0652482788953684;0.28455702904719593;0.9996781138234361
Energetyczne;Prog_Energii_99.0%;768;23;0.3359877308897859;0.5796444866379614;1.7459818272896435;9.809291073130682
Energetyczne;Prog_Energii_99.9%;768;176;0.034685486143815135;0.1862403987963276;0.8116565671366276;3.1517358026906654
Energetyczne;Prog_Energii_99.99%;768;1446;0.003488802250518713;0.05906608375809855;0.44805872104529243;0.9995720161054319
Energetyczne;Prog_Energii_99.0%;769;17;0.27535563913516364;0.5247434031363936;2.1971085448086445;9.937515042808453
Energetyczne;Prog_Energii_99.9%;769;145;0.02779060525540154;0.16670514465787054;1.4105552488607653;3.1570380358274805
Energetyczne;Prog_Energii_99.99%;769;1343;0.0027879450550361263;0.05280099482998522;0.800041467146638;0.9999376404963484
Energetyczne;Prog_Energii_99.0%;770;18;0.2879270610499402;0.53658835344232;1.7901646755784775;9.49679791134276
Energetyczne;Prog_Energii_99.9%;770;178;0.03169100838885579;0.1780196853970251;0.6703860813471225;3.1506777320281407
Energetyczne;Prog_Energii_99.99%;770;1457;0.0031902961271266634;0.05648270644300486;0.37928844750617596;0.9996580155602931
Energetyczne;Prog_Energii_99.0%;771;48;0.3227830672461422;0.5681400067291004;1.8937338164222872;9.78482774074996
Energetyczne;Prog_Energii_99.9%;771;455;0.03364795699413876;0.18343379458033016;0.8263319595417418;3.159200303696392
Energetyczne;Prog_Energii_99.99%;771;2541;0.0033692533447235193;0.058045269787671064;0.25361596132124253;0.9996883854520293
Energetyczne;Prog_Energii_99.0%;772;25;0.3015850128103901;0.5491675635089804;2.0245505398460066;9.902370592657324
Energetyczne;Prog_Energii_99.9%;772;269;0.030665574296167154;0.1751158881888424;0.8673067773634351;3.157619890053656
Energetyczne;Prog_Energii_99.99%;772;1935;0.0030751977912067013;0.055454465926620386;0.39259596696926913;0.9999328239900743
Energetyczne;Prog_Energii_99.0%;773;46;0.33201862709930835;0.5762105753101971;2.426355362744623;9.928360562090411
Energetyczne;Prog_Energii_99.9%;773;415;0.03366712736417782;0.18348604133333363;0.8475077570731031;3.1615448492719156
Energetyczne;Prog_Energii_99.99%;773;2380;0.0033637679021637245;0.05799799912207079;0.20753318426581302;0.9993309249031613
Energetyczne;Prog_Energii_99.0%;774;20;0.32246456312410315;0.5678596332933898;1.952150110030927;9.803328634241094
Energetyczne;Prog_Energii_99.9%;774;256;0.033349847657043505;0.18261940657291464;0.7317209588639475;3.1526770924733207
Energetyczne;Prog_Energii_99.99%;774;1934;0.003351361949155241;0.05789094876710211;0.35997401108514016;0.9994089427002815
Energetyczne;Prog_Energii_99.0%;775;38;0.3515944290759609;0.59295398563123;2.0703983646551407;9.918734201555564
Energetyczne;Prog_Energii_99.9%;775;313;0.035689504094954014;0.1889166591250068;1.146735358061826;3.160134131001831
Energetyczne;Prog_Energii_99.99%;775;2131;0.00357187425253868;0.05976515918609002;0.38333882616006765;0.999731417353445
Energetyczne;Prog_Energii_99.0%;776;28;0.35688492332718996;0.597398462776052;2.16042289588552;9.837052866748234
Energetyczne;Prog_Energii_99.9%;776;277;0.03683068994615715;0.1919132354637302;0.6576264709986912;3.1601364260509026
Energetyczne;Prog_Energii_99.99%;776;2002;0.003684416199472266;0.06069939208486578;0.2923927681636549;0.9995056333818207
Energetyczne;Prog_Energii_99.0%;777;23;0.34921391190058565;0.5909432391529542;2.061217813534462;9.980210410535578
Energetyczne;Prog_Energii_99.9%;777;265;0.03496978867518609;0.1870021087452922;0.8409255245024356;3.1582058459066498
Energetyczne;Prog_Energii_99.99%;777;1873;0.0035057994625351868;0.059209791948082256;0.36143580677823284;0.9999711357268721
Energetyczne;Prog_Energii_99.0%;778;19;0.3960572935572857;0.6293308299752092;1.7986737301383977;9.878460367797675
Energetyczne;Prog_Energii_99.9%;778;178;0.04030375524712815;0.20075795189015092;0.8381337101730679;3.1512511016585822
Energetyczne;Prog_Energii_99.99%;778;1543;0.004055107638008383;0.06367972705664168;0.4920165170515114;0.9995659357511346
Energetyczne;Prog_Energii_99.0%;779;24;0.32382452719720184;0.5690558208095247;2.022882930478734;9.679975018848786
Energetyczne;Prog_Energii_99.9%;779;278;0.03438450809344763;0.18543060182571708;0.6926807572449203;3.154283864190277
Energetyczne;Prog_Energii_99.99%;779;2030;0.0034537336661500722;0.05876847510485594;0.2318434034318786;0.999686410555596
Energetyczne;Prog_Energii_99.0%;780;42;0.24387985594200123;0.4938419341672001;2.4526121847320392;9.89330540083334
Energetyczne;Prog_Energii_99.9%;780;409;0.024909618024167093;0.15782781131399845;1.434547813105564;3.1618188534508485
Energetyczne;Prog_Energii_99.99%;780;2463;0.0024908633602822045;0.04990854997174537;0.4094461098388509;0.9998351553840638
Energetyczne;Prog_Energii_99.0%;781;23;0.2642205102912528;0.5140238421428065;2.971860281387444;9.890944713854896
Energetyczne;Prog_Energii_99.9%;781;266;0.02686238619232758;0.1638974868395717;1.9691872512627495;3.1537466711895994
Energetyczne;Prog_Energii_99.99%;781;1842;0.0026993005174486165;0.051954793017089544;0.9127372999051797;0.9997240268264445
Energetyczne;Prog_Energii_99.0%;782;36;0.38859610235922454;0.6233747687861809;2.250474728543767;9.73968772926361
Energetyczne;Prog_Energii_99.9%;782;369;0.04088322720127739;0.20219601183326388;0.6966875504471686;3.1591365482967815
Energetyczne;Prog_Energii_99.99%;782;2235;0.004095782645230159;0.06399830189333276;0.28206628367077524;0.9999177170066095
Energetyczne;Prog_Energii_99.0%;783;38;0.27685701106030963;0.5261720356122223;2.0932244381244027;9.855340907640175
Energetyczne;Prog_Energii_99.9%;783;381;0.028445054497011638;0.1686566171159959;0.786529701667293;3.158982890592961
Energetyczne;Prog_Energii_99.99%;783;2302;0.0028473702262151093;0.053360755487671926;0.2650519735128478;0.9994610143208118
Energetyczne;Prog_Energii_99.0%;784;29;0.3019833803589454;0.5495301450866417;1.7805196709650204;9.962065203212116
Energetyczne;Prog_Energii_99.9%;784;272;0.030333504877832446;0.17416516551202899;0.7790621123482664;3.1573240348543705
Energetyczne;Prog_Energii_99.99%;784;1952;0.003039824581851295;0.05513460421415298;0.3124131411238871;0.999498438885618
Energetyczne;Prog_Energii_99.0%;785;21;0.3776922144547104;0.6145666883705221;1.999751569840357;9.970614734161192
Energetyczne;Prog_Energii_99.9%;785;195;0.03791698736502829;0.19472284756809688;0.9694438706703536;3.1591469726223695
Energetyczne;Prog_Energii_99.99%;785;1659;0.0037964654267521125;0.06161546418515495;0.487613254847477;0.9996377393730447
Energetyczne;Prog_Energii_99.0%;786;39;0.30162459719075124;0.5492036026745921;2.131551626831473;9.92045616154374
Energetyczne;Prog_Energii_99.9%;786;428;0.03055772671529639;0.17480768494347262;1.1864949621828034;3.1576121619329247
Energetyczne;Prog_Energii_99.99%;786;2405;0.0030625559179496536;0.05534036427373471;0.39860396550585797;0.9996322949591698
Energetyczne;Prog_Energii_99.0%;787;19;0.29917499739085857;0.5469689181213669;1.6327747466201759;9.989855303217935
Energetyczne;Prog_Energii_99.9%;787;179;0.029908015237753664;0.172939339763264;0.7102374306839092;3.158568838614894
Energetyczne;Prog_Energii_99.99%;787;1555;0.0029952934084241313;0.05472927377943299;0.35345905377879827;0.9995769554595045
Energetyczne;Prog_Energii_99.0%;788;12;0.3096420581620846;0.5564549021817353;1.8383590883705025;9.651286343075064
Energetyczne;Prog_Energii_99.9%;788;106;0.03288140203580965;0.1813322972771526;0.8114505431978598;3.1450705482289747
Energetyczne;Prog_Energii_99.99%;788;922;0.0033194797042627117;0.057614926054475775;0.5876856024582278;0.9992869984731234
Energetyczne;Prog_Energii_99.0%;789;22;0.3675851040324816;0.6062879712087991;1.9536271913854986;9.820982009494607
Energetyczne;Prog_Energii_99.9%;789;188;0.03787031010632239;0.19460295502977953;0.8494992153006127;3.1522844112039268
Energetyczne;Prog_Energii_99.99%;789;1540;0.00380768922580899;0.061706476368441183;0.41735516019700647;0.9995550350034221
Energetyczne;Prog_Energii_99.0%;790;15;0.2803021716767948;0.5294357106172521;1.7357753923941388;9.86130047452812
Energetyczne;Prog_Energii_99.9%;790;160;0.028636250412798086;0.16922248790511882;1.2653472148851863;3.1519479453587116
Energetyczne;Prog_Energii_99.99%;790;1361;0.0028796929678888447;0.053662770780950594;0.7335037668959736;0.9995259034373073
Energetyczne;Prog_Energii_99.0%;791;13;0.3714644475587145;0.6094788327404935;1.9496660986682328;9.764069334813797
Energetyczne;Prog_Energii_99.9%;791;133;0.03894891199389217;0.19735478710660193;0.720223318402395;3.161694420463585
Energetyczne;Prog_Energii_99.99%;791;1261;0.003895611682542281;0.062414835436314986;0.2583051384604813;0.999908032869544
Energetyczne;Prog_Energii_99.0%;792;28;0.29663513430946525;0.5446422076092389;1.8282580935323753;9.811477093368099
Energetyczne;Prog_Energii_99.9%;792;247;0.030727058341395354;0.17529135272852267;0.7126794218891348;3.1577925249512626
Energetyczne;Prog_Energii_99.99%;792;1881;0.003079035387224936;0.05548905646363917;0.19942450037869985;0.9996096498202603
Energetyczne;Prog_Energii_99.0%;793;25;0.28627677881451047;0.5350483892270964;1.7597772127929092;9.939677176221368
Energetyczne;Prog_Energii_99.9%;793;206;0.028806789302876064;0.16972562948145475;0.6789023136480568;3.153019426922489
Energetyczne;Prog_Energii_99.99%;793;1697;0.002895654461416124;0.053811285632440746;0.2536124404376503;0.9996606258296401
Energetyczne;Prog_Energii_99.0%;794;17;0.3628064561101347;0.6023341731216441;1.891240732081907;9.993853822276305
Energetyczne;Prog_Energii_99.9%;794;178;0.03606020921741118;0.1898952585437856;1.241036748467292;3.1507185547758927
Energetyczne;Prog_Energii_99.99%;794;1465;0.003631975980900044;0.06026587741749093;0.5727136676184577;0.999923956265374
Energetyczne;Prog_Energii_99.0%;795;53;0.3003236652379328;0.5480179424416073;2.105496438447326;9.910534354435917
Energetyczne;Prog_Energii_99.9%;795;470;0.03052364363533567;0.17471017038322545;0.6863533715394787;3.159515431078793
Energetyczne;Prog_Energii_99.99%;795;2514;0.0030552001399260817;0.05527386489043517;0.18415576794726185;0.9995905142421059
Energetyczne;Prog_Energii_99.0%;796;32;0.3401749731132245;0.5832452083928547;1.8787863202961095;9.541745110799313
Energetyczne;Prog_Energii_99.9%;796;293;0.03724739326197679;0.19299583742137236;1.198439526755953;3.1573634238579356
Energetyczne;Prog_Energii_99.99%;796;2056;0.0037316358640299883;0.0610871170053882;0.5060199120049358;0.9993698904533157
Energetyczne;Prog_Energii_99.0%;797;44;0.3559883988116997;0.5966476337099643;2.2194295824425936;9.873151428247052
Energetyczne;Prog_Energii_99.9%;797;451;0.03648241298814318;0.19100369888602467;0.7118895974261839;3.1606736303151624
Energetyczne;Prog_Energii_99.99%;797;2455;0.0036503566144928698;0.060418181158430034;0.22694644440453082;0.9997824811393037
Energetyczne;Prog_Energii_99.0%;798;44;0.2695637275144598;0.5191952691564704;1.868163267613368;9.801412035251229
Energetyczne;Prog_Energii_99.9%;798;409;0.028015546610564674;0.16737845324462966;1.315951159199972;3.159784542603825
Energetyczne;Prog_Energii_99.99%;798;2432;0.002804423808175393;0.05295681078176246;0.37148375353974306;0.9997231357446392
Energetyczne;Prog_Energii_99.0%;799;14;0.272774463159005;0.5222781473113776;1.7082831292849843;9.51614071861534
Energetyczne;Prog_Energii_99.9%;799;176;0.029865719124351847;0.1728170105179228;1.3423556845617188;3.1488029876894594
Energetyczne;Prog_Energii_99.99%;799;1479;0.0030108511798262066;0.05487122360423728;0.7569391960746685;0.9997781601787393
Energetyczne;Prog_Energii_99.0%;800;68;0.3020477829487343;0.5495887398307341;1.817070717907665;9.90671926418862
Energetyczne;Prog_Energii_99.9%;800;674;0.03073337523664947;0.17530937007658623;0.6361152237004206;3.1600733200345075
Energetyczne;Prog_Energii_99.99%;800;2854;0.0030754126297480233;0.055456402964382964;0.20441141602788981;0.9996402323291134
Energetyczne;Prog_Energii_99.0%;801;22;0.24500749551612544;0.4949823183873596;1.7938446867400204;9.71157279752756
Energetyczne;Prog_Energii_99.9%;801;197;0.025922046449100167;0.16100324980912703;1.0231674448239776;3.15889017259042
Energetyczne;Prog_Energii_99.99%;801;1592;0.0025961264831745497;0.05095219802103291;0.6140413080296225;0.9996841541480348
Energetyczne;Prog_Energii_99.0%;802;47;0.32163626263887635;0.5671298463657828;2.6824427784797784;9.977720410938984
Energetyczne;Prog_Energii_99.9%;802;451;0.032294617694834396;0.17970703295874205;1.5502427151788218;3.1616507969591994
Energetyczne;Prog_Energii_99.99%;802;2552;0.003228147798992621;0.056816791523216274;0.440562111662552;0.9995983531778793
Energetyczne;Prog_Energii_99.0%;803;23;0.3684014020789584;0.606960791220453;2.117262199191151;9.939653780642427
Energetyczne;Prog_Energii_99.9%;803;217;0.03713084012366379;0.19269364318436608;0.8497869144104442;3.155571375758919
Energetyczne;Prog_Energii_99.99%;803;1779;0.0037277662540553904;0.061055435909142364;0.3485631922687551;0.9998502426207928
Energetyczne;Prog_Energii_99.0%;804;11;0.44811293698091076;0.6694123818550944;3.2222973219826363;9.811781763646882
Energetyczne;Prog_Energii_99.9%;804;96;0.046025993497537436;0.21453669499071118;2.96341382418525;3.1445298721686825
Energetyczne;Prog_Energii_99.99%;804;983;0.004649568815034999;0.06818774681007578;2.267252552687909;0.9994486340410986
Energetyczne;Prog_Energii_99.0%;805;34;0.31217259977937034;0.5587240819755046;2.1044388720197746;9.841682489255984
Energetyczne;Prog_Energii_99.9%;805;345;0.032184408448579595;0.17940013502943522;0.7540317073972655;3.160055606063457
Energetyczne;Prog_Energii_99.99%;805;2253;0.003221355367535202;0.056756985187157376;0.21091979403305094;0.9997496891209663
Energetyczne;Prog_Energii_99.0%;806;20;0.30181708146054487;0.5493788141715559;1.7021700892807052;9.554552897505493
Energetyczne;Prog_Energii_99.9%;806;159;0.032844441622386304;0.1812303551350775;0.6624798128438076;3.151878030431441
Energetyczne;Prog_Energii_99.99%;806;1305;0.0033031683419346976;0.05747319672625403;0.21854414855378756;0.9995483701675021
Energetyczne;Prog_Energii_99.0%;807;22;0.3039561093625016;0.5513221466279961;2.140327372251762;9.757080539523907
Energetyczne;Prog_Energii_99.9%;807;191;0.03185023879612878;0.17846635199983435;0.6618641985725757;3.1584266670722996
Energetyczne;Prog_Energii_99.99%;807;1627;0.003189795721980104;0.05647827654930791;0.19975975742591956;0.9995301229880228
Energetyczne;Prog_Energii_99.0%;808;19;0.40595070926864996;0.6371426129750308;2.303971038328525;9.770449188885602
Energetyczne;Prog_Energii_99.9%;808;178;0.042371246369361695;0.20584277099126336;1.541909440447582;3.156555995334706
Energetyczne;Prog_Energii_99.99%;808;1487;0.004251076117057204;0.06520027697070929;0.8348652735767392;0.9998326595501912
Energetyczne;Prog_Energii_99.0%;809;41;0.3379627636491028;0.5813456490325724;1.9129305039936453;9.930923150368944
Energetyczne;Prog_Energii_99.9%;809;394;0.03413990505556178;0.18476987052969915;0.9324871872395324;3.1563586788472744
Energetyczne;Prog_Energii_99.99%;809;2340;0.003424636877426038;0.058520397105847104;0.3229253917204433;0.9996833507816941
Energetyczne;Prog_Energii_99.0%;810;84;0.2624271569509974;0.5122764458288097;2.353867565115496;9.938430344030731
Energetyczne;Prog_Energii_99.9%;810;797;0.02653182654517631;0.16288593108422933;1.4866347244695852;3.1600720534478306
Energetyczne;Prog_Energii_99.99%;810;3020;0.002652798548897382;0.051505325442107265;0.2664539730594928;0.9992301879600284
Energetyczne;Prog_Energii_99.0%;811;35;0.3441300820058095;0.5866260154526132;2.3729410747385806;9.974664057906276
Energetyczne;Prog_Energii_99.9%;811;392;0.03446536317567144;0.1856484935992518;0.6761595742199171;3.1566642251284276
Energetyczne;Prog_Energii_99.99%;811;2296;0.0034547299608430394;0.058776950931832446;0.23637351292706388;0.999410739465285
Energetyczne;Prog_Energii_99.0%;812;13;0.4602206123042449;0.6783956163657345;2.1740873065116535;9.97821486604653
Energetyczne;Prog_Energii_99.9%;812;151;0.046076951134367654;0.21465542419041653;0.8615916547580351;3.157269730321511
Energetyczne;Prog_Energii_99.99%;812;1276;0.004617603986565773;0.06795295421514633;0.29002464475559986;0.9994893268529089
Energetyczne;Prog_Energii_99.0%;813;25;0.46507688586274326;0.6819654579689086;2.0957622549625308;9.867443203135
Energetyczne;Prog_Energii_99.9%;813;276;0.04759111532358039;0.21815387991869498;0.8146839964996113;3.156495676558732
Energetyczne;Prog_Energii_99.99%;813;2027;0.004773853332290171;0.06909307731090121;0.2360297737023771;0.9997163465223715
Energetyczne;Prog_Energii_99.0%;814;41;0.24549900778592204;0.49547856440609217;1.8195469175621795;9.995464503367517
Energetyczne;Prog_Energii_99.9%;814;436;0.02450471403997646;0.1565398161490439;1.4646116591172844;3.1579331339125973
Energetyczne;Prog_Energii_99.99%;814;2526;0.0024556125930831406;0.04955413800161537;0.48281149646994215;0.9996731704909081
Energetyczne;Prog_Energii_99.0%;815;43;0.37555869178675794;0.6128284358503266;2.1834399886538427;9.976021269052367
Energetyczne;Prog_Energii_99.9%;815;499;0.0377177069856608;0.1942104708445474;0.7020973368498993;3.1614848046820554
Energetyczne;Prog_Energii_99.99%;815;2605;0.0037689950119702176;0.06139214128836212;0.22007205026353782;0.9993813462581382
Energetyczne;Prog_Energii_99.0%;816;18;0.3929977575181798;0.6268953321872638;2.2580800100993277;9.403228972816525
Energetyczne;Prog_Energii_99.9%;816;148;0.044238530368295004;0.21032957559101145;0.8318328761487681;3.1548761930273996
Energetyczne;Prog_Energii_99.99%;816;1351;0.004443875453763218;0.06666239909996653;0.32447758036565144;0.9999146116261327
Energetyczne;Prog_Energii_99.0%;817;17;0.43374736447607176;0.6585949927505308;2.1553469676114583;9.869420197067699
Energetyczne;Prog_Energii_99.9%;817;182;0.04422980868062921;0.2103088411851228;0.9336561244253634;3.151597488079568
Energetyczne;Prog_Energii_99.99%;817;1459;0.004451328451738381;0.06671827674437028;0.51969921575644;0.9998112880640475
Energetyczne;Prog_Energii_99.0%;818;24;0.37484685327227596;0.6122473791469228;2.851171777904795;9.661035643803435
Energetyczne;Prog_Energii_99.9%;818;253;0.04012570410835739;0.20031401375929092;1.2594615250545993;3.1608805407682037
Energetyczne;Prog_Energii_99.99%;818;1914;0.004011656543906669;0.06333763923534465;0.49204631299785717;0.9994443603819597
Energetyczne;Prog_Energii_99.0%;819;16;0.2700745138817996;0.519686938340574;1.5238420125743941;9.704540304819846
Energetyczne;Prog_Energii_99.9%;819;185;0.028588073747943504;0.16908008087277313;1.0869733346647061;3.157370983406759
Energetyczne;Prog_Energii_99.99%;819;1532;0.0028643026250387968;0.05351917997352722;0.4719544048864419;0.9994075294492581
Energetyczne;Prog_Energii_99.0%;820;23;0.3945556015094863;0.6281366105470102;2.69595534403584;9.905796499564037
Energetyczne;Prog_Energii_99.9%;820;250;0.039972844678938246;0.1999321001713788;1.5823024421605556;3.1529553679468414
Energetyczne;Prog_Energii_99.99%;820;1833;0.00402095156382234;0.06341097352842283;0.6240793383775642;0.9999993457868804
Energetyczne;Prog_Energii_99.0%;821;88;0.22417996395944775;0.4734764661094021;1.7019649040993516;9.917334218772279
Energetyczne;Prog_Energii_99.9%;821;816;0.02277662242378145;0.15091925796193623;1.0254514368613594;3.161121678456977
Energetyczne;Prog_Energii_99.99%;821;3112;0.0022754969322487766;0.047702169051823805;0.19054083453053883;0.9991591711719884
Energetyczne;Prog_Energii_99.0%;822;44;0.3415704285846032;0.584440269475507;1.9637118179683823;9.913130217652967
Energetyczne;Prog_Energii_99.9%;822;392;0.034640549216472964;0.1861197174306714;0.714792969743367;3.1569162689949493
Energetyczne;Prog_Energii_99.99%;822;2380;0.0034718767866301634;0.05892263390777913;0.2496383814292602;0.999431033763473
Energetyczne;Prog_Energii_99.0%;823;18;0.28306980876586574;0.5320430516094217;1.9361414106090873;9.681939290001726
Energetyczne;Prog_Energii_99.9%;823;210;0.03002610493646863;0.17328042283093792;0.7147159818766085;3.153298457558994
Energetyczne;Prog_Energii_99.99%;823;1652;0.0030157619295086697;0.05491595332422692;0.2756303966569362;0.9993419226684213
Energetyczne;Prog_Energii_99.0%;824;17;0.32957376738385363;0.5740851569095422;2.2576322817475933;9.808813686274807
Energetyczne;Prog_Energii_99.9%;824;183;0.03421532042824449;0.18497383714526897;2.044911225808475;3.160461272262384
Energetyczne;Prog_Energii_99.99%;824;1524;0.0034208759187152908;0.058488254536404924;1.115564182904457;0.9993297765638111
Energetyczne;Prog_Energii_99.0%;825;37;0.29222803559436156;0.5405812016657271;1.8236754197366833;9.900563828229947
Energetyczne;Prog_Energii_99.9%;825;398;0.029717012361646027;0.1723862301973276;0.6665352221922021;3.1571961250549507
Energetyczne;Prog_Energii_99.99%;825;2414;0.002979651155861865;0.05458618099722552;0.2306821785976192;0.999727640245481
Energetyczne;Prog_Energii_99.0%;826;22;0.38912196671945876;0.6237964144810859;2.4744218229951143;9.712874333380203
Energetyczne;Prog_Energii_99.9%;826;202;0.04096345280403988;0.20239430032498415;0.7337041303377063;3.151397409817252
Energetyczne;Prog_Energii_99.99%;826;1693;0.004121871151247064;0.06420180021811744;0.2693256078780424;0.9996595091270183
Energetyczne;Prog_Energii_99.0%;827;41;0.2943942972036049;0.5425811434279714;1.7841914807711579;9.996184418604525
Energetyczne;Prog_Energii_99.9%;827;487;0.029413349616931782;0.1715032058503041;0.6771621120346412;3.1596705761469597
Energetyczne;Prog_Energii_99.99%;827;2583;0.0029437943153131294;0.05425674442235849;0.1946612639073928;0.9995932032809159
Energetyczne;Prog_Energii_99.0%;828;33;0.2982728781505734;0.546143642415229;1.7258789332234181;9.914267059385786
Energetyczne;Prog_Energii_99.9%;828;308;0.030216398462634787;0.17382864684117744;0.7393597350983407;3.155550103510707
Energetyczne;Prog_Energii_99.99%;828;2079;0.0030321486507307142;0.05506494938461956;0.22289518729899171;0.9996062782977776
Energetyczne;Prog_Energii_99.0%;829;29;0.33240917446593315;0.5765493686285097;2.241059341442083;9.89550599366607
Energetyczne;Prog_Energii_99.9%;829;299;0.03388920144147529;0.1840901991999446;0.7571052371560945;3.1596004933482003
Energetyczne;Prog_Energii_99.99%;829;2060;0.003389082612102402;0.058215827848639254;0.22725054816992296;0.9991773553976895
Energetyczne;Prog_Energii_99.0%;830;44;0.2981212448041675;0.5460048029130948;2.2165353437316533;9.810949975730582
Energetyczne;Prog_Energii_99.9%;830;403;0.030949882383222018;0.17592578657838087;0.7216791734783641;3.1611426902343003
Energetyczne;Prog_Energii_99.99%;830;2446;0.003093366949396203;0.055618045177767646;0.24165029017631934;0.9993792290392236
Energetyczne;Prog_Energii_99.0%;831;30;0.30710223602890646;0.5541680575681952;2.2486963320540636;9.84809297668086
Energetyczne;Prog_Energii_99.9%;831;315;0.031552880240463065;0.17763130422440485;0.7460881544503151;3.156677068771241
Energetyczne;Prog_Energii_99.99%;831;2164;0.003164132705107082;0.0562506240419347;0.25030154640627034;0.9996270409236335
Energetyczne;Prog_Energii_99.0%;832;30;0.24291727244736935;0.4928663839697016;1.8057494696078489;9.693517128946969
Energetyczne;Prog_Energii_99.9%;832;277;0.025836729011819035;0.16073807579979;1.092441694400252;3.1613381267549054
Energetyczne;Prog_Energii_99.99%;832;2083;0.002584013711982523;0.050833194981060585;0.4339859234014405;0.999768826389067
Energetyczne;Prog_Energii_99.0%;833;20;0.3055265530601386;0.5527445640258605;2.448791253832243;9.255519925119412
Energetyczne;Prog_Energii_99.9%;833;202;0.035438451525566315;0.18825103326560075;0.8339699196208601;3.1521995922018107
Energetyczne;Prog_Energii_99.99%;833;1632;0.003564431709897647;0.05970286182334685;0.2179559075722617;0.9997041366955624
Energetyczne;Prog_Energii_99.0%;834;46;0.34776860451539576;0.5897190894954951;2.0685307219770905;9.82576052140163
Energetyczne;Prog_Energii_99.9%;834;554;0.035966714505539704;0.18964892434585465;0.7641396570201646;3.159885692962663
Energetyczne;Prog_Energii_99.99%;834;2721;0.003600785716435004;0.06000654727973444;0.21281844103492809;0.9998149522194482
Energetyczne;Prog_Energii_99.0%;835;45;0.28611249207809586;0.5348948420746791;1.9031407433032497;9.908390403781667
Energetyczne;Prog_Energii_99.9%;835;470;0.029078478303277474;0.17052412821438928;0.5904639290963116;3.15878842476629
Energetyczne;Prog_Energii_99.99%;835;2533;0.00291194821847088;0.053962470463006784;0.20118029532279902;0.9996006363160235
Energetyczne;Prog_Energii_99.0%;836;25;0.449427645334283;0.6703936495330807;2.2859743128300885;9.94720689613585
Energetyczne;Prog_Energii_99.9%;836;265;0.04530293574134727;0.21284486308423625;0.7841691181649288;3.158162210148041
Energetyczne;Prog_Energii_99.99%;836;1947;0.004539060650658643;0.06737255116632176;0.285762749699491;0.9996644598866112
Energetyczne;Prog_Energii_99.0%;837;38;0.26369821998778425;0.5135155498987195;2.3666505040029397;9.927520658943608
Energetyczne;Prog_Energii_99.9%;837;370;0.026670610477112312;0.16331139114315424;1.6599930426697007;3.1572115191725896
Energetyczne;Prog_Energii_99.99%;837;2276;0.0026731617432987228;0.051702628011530735;0.5610829698627806;0.9995391722945522
Energetyczne;Prog_Energii_99.0%;838;45;0.3760534328598389;0.6132319568155584;2.4314187901702615;9.9942973033341
Energetyczne;Prog_Energii_99.9%;838;374;0.03750327785244053;0.19365763050404322;1.380367545957053;3.1561824409270995
Energetyczne;Prog_Energii_99.99%;838;2356;0.003762773102836381;0.061341446859659095;0.3307030104873876;0.999727183357625
Energetyczne;Prog_Energii_99.0%;839;18;0.3748318873962437;0.6122351569423661;2.0671307620624004;9.6075805137041
Energetyczne;Prog_Energii_99.9%;839;143;0.04035784544936654;0.20089262168971397;1.3809338682309427;3.152533819084026
Energetyczne;Prog_Energii_99.99%;839;1270;0.004055966650452752;0.06368647148690805;0.7950285658762626;0.9994083082389686
Energetyczne;Prog_Energii_99.0%;840;44;0.36773235155702605;0.6064093927018496;1.9460171027732511;9.90645019883072
Energetyczne;Prog_Energii_99.9%;840;363;0.03739648668470767;0.1933817123843609;1.111183437701226;3.1591303270630124
Energetyczne;Prog_Energii_99.99%;840;2263;0.003746109870343038;0.06120547255224028;0.3602361350282264;0.999867371831392
Energetyczne;Prog_Energii_99.0%;841;31;0.18591234785620186;0.4311755418112232;1.4483349656929576;9.987878859730305
Energetyczne;Prog_Energii_99.9%;841;321;0.018616698171208482;0.13644302170213207;0.49962629747110654;3.1606068523550386
Energetyczne;Prog_Energii_99.99%;841;2153;0.001863448424191149;0.04316767800323697;0.18453192476876357;0.9999489691392159
Energetyczne;Prog_Energii_99.0%;842;50;0.32238278849347723;0.5677876262243456;2.3694278517353515;9.854507763155333
Energetyczne;Prog_Energii_99.9%;842;490;0.033074644400032514;0.18186435714573793;0.8196423789037222;3.156433209458137
Energetyczne;Prog_Energii_99.99%;842;2631;0.0033175249985114698;0.057597960020398895;0.21445990172584573;0.9996687457550547
Energetyczne;Prog_Energii_99.0%;843;30;0.27908093546514995;0.5282811140530673;2.0847979139599015;9.825321629125865
Energetyczne;Prog_Energii_99.9%;843;304;0.028806852028430772;0.16972581426651273;1.3173735345495912;3.1566729712132973
Energetyczne;Prog_Energii_99.99%;843;2087;0.0028908295728608336;0.05376643537431911;0.5264364885896224;0.999983732810916
Energetyczne;Prog_Energii_99.0%;844;21;0.2934235880038587;0.5416858757655203;2.13168615947258;9.82698018073131
Energetyczne;Prog_Energii_99.9%;844;206;0.030120175563427158;0.17355165099597053;0.8973352912612347;3.148482747977086
Energetyczne;Prog_Energii_99.99%;844;1610;0.0030347423724930806;0.05508849582710605;0.2736610904001697;0.9993865095969503
Energetyczne;Prog_Energii_99.0%;845;23;0.3983449049183483;0.6311457081517297;2.4768863257668965;9.953492257928344
Energetyczne;Prog_Energii_99.9%;845;282;0.03999970381706569;0.19999925954129352;0.7166188432262786;3.1540911325615753
Energetyczne;Prog_Energii_99.99%;845;1982;0.004018417607056234;0.06339098995169766;0.2815902867859901;0.9997084976690529
Energetyczne;Prog_Energii_99.0%;846;29;0.27590852955677436;0.5252699587419543;2.0493366226788687;9.994993752021104
Energetyczne;Prog_Energii_99.9%;846;354;0.02755372363421192;0.16599314333493392;0.8969238397265102;3.1585671384760516
Energetyczne;Prog_Energii_99.99%;846;2211;0.0027598215303578223;0.052534003563005;0.19527304015001246;0.9996327195990288
Energetyczne;Prog_Energii_99.0%;847;27;0.29842369771317107;0.5462817017923729;1.8216762086639586;9.911895841151019
Energetyczne;Prog_Energii_99.9%;847;208;0.030304101884097257;0.17408073381077316;1.4318831609027365;3.1585720257921523
Energetyczne;Prog_Energii_99.99%;847;1714;0.003035021298616267;0.05509102738755438;0.5803891323048909;0.9995878014141842
Energetyczne;Prog_Energii_99.0%;848;17;0.43962636643650793;0.6630432613612086;2.3032904612926712;9.707251275876802
Energetyczne;Prog_Energii_99.9%;848;181;0.046449559886264764;0.2155215995817235;0.8301671006799989;3.1553330596010105
Energetyczne;Prog_Energii_99.99%;848;1563;0.004662272929314849;0.06828083866880114;0.4540105850204803;0.999662159185374
Energetyczne;Prog_Energii_99.0%;849;46;0.372636612741238;0.6104396880456234;2.2010732501360204;9.905353621403123
Energetyczne;Prog_Energii_99.9%;849;443;0.03789834723368015;0.19467497844787385;0.688016173155714;3.1589107663345475
Energetyczne;Prog_Energii_99.99%;849;2529;0.003797193500298419;0.06162137210658668;0.24694608550884656;0.9999046479202522
Energetyczne;Prog_Energii_99.0%;850;12;0.3086713032132623;0.5555819500427118;1.8324903555482832;8.3265637052354
Energetyczne;Prog_Energii_99.9%;850;91;0.04442590089367485;0.2107745261972491;1.1520199752269393;3.1588994561239434
Energetyczne;Prog_Energii_99.99%;850;912;0.004448944338325183;0.0667004073325282;0.7838179976311359;0.9996458502238055
Energetyczne;Prog_Energii_99.0%;851;32;0.33308710871614655;0.5771369930234472;2.100352020514838;9.827543942944347
Energetyczne;Prog_Energii_99.9%;851;317;0.03448654477069583;0.18570553241811572;0.7672660623200755;3.1622115760179024
Energetyczne;Prog_Energii_99.99%;851;2197;0.0034470221551724544;0.05871134605144439;0.22527014059920303;0.9997424186020608
Energetyczne;Prog_Energii_99.0%;852;33;0.3345320448818041;0.578387452216768;3.780289972193547;9.911941549894367
Energetyczne;Prog_Energii_99.9%;852;380;0.03394670642736653;0.18424631998324018;3.1325392496195588;3.1574660678713578
Energetyczne;Prog_Energii_99.99%;852;2356;0.0034029046527248104;0.05833442082274247;1.0467557101379859;0.9996886469889457
Energetyczne;Prog_Energii_99.0%;853;20;0.2969247599531652;0.5449080288940191;2.046704457254118;9.902154958221058
Energetyczne;Prog_Energii_99.9%;853;177;0.030243751312770534;0.17390730666872664;1.1690144519734007;3.160271105742011
Energetyczne;Prog_Energii_99.99%;853;1557;0.0030255754609864786;0.05500523121473519;0.5815040746961939;0.9995637687823836
Energetyczne;Prog_Energii_99.0%;854;41;0.31332720441778145;0.5597563795239688;1.9110319562002176;9.858690815515587
Energetyczne;Prog_Energii_99.9%;854;391;0.03215332687365908;0.17931348770702965;0.7548000385784164;3.1581529019083976
Energetyczne;Prog_Energii_99.99%;854;2341;0.003223661240052573;0.05677729511039226;0.21900206056910942;0.9999882418681281
Energetyczne;Prog_Energii_99.0%;855;49;0.27593101121637215;0.5252913584063345;2.190066828351516;9.99260494159847
Energetyczne;Prog_Energii_99.9%;855;482;0.027526242220655313;0.16591034392302162;0.5763289821655406;3.1561085024837814
Energetyczne;Prog_Energii_99.99%;855;2511;0.0027617621294829613;0.052552470251006865;0.1854707684266228;0.9997043840900262
Energetyczne;Prog_Energii_99.0%;856;37;0.2992575126046663;0.5470443424482757;1.782474122414202;9.869142964384764
Energetyczne;Prog_Energii_99.9%;856;304;0.030636276641770075;0.17503221601113914;0.6209072589747793;3.1577293267599047
Energetyczne;Prog_Energii_99.99%;856;2015;0.003070039920479285;0.055407940951449235;0.2194807189120631;0.9996061528846643
Energetyczne;Prog_Energii_99.0%;857;29;0.3518777563611757;0.5931928492161513;1.9501790022938135;9.781982147639216
Energetyczne;Prog_Energii_99.9%;857;320;0.03669759464778906;0.19156616258564313;0.728508200200479;3.1590009639878347
Energetyczne;Prog_Energii_99.99%;857;2146;0.0036738108104073584;0.060611969200871196;0.23041756162739002;0.9995150842422468
Energetyczne;Prog_Energii_99.0%;858;39;0.18730634427196796;0.4327890297500249;1.5769767277435536;9.922876966096892
Energetyczne;Prog_Energii_99.9%;858;375;0.01897707096623454;0.13775729006566054;1.2844863497823544;3.158464162767731
Energetyczne;Prog_Energii_99.99%;858;2289;0.0019013570266121975;0.043604552819770985;0.4007437689279518;0.9997541135508319
Energetyczne;Prog_Energii_99.0%;859;27;0.4236643658115925;0.6508950497673127;2.8816840857332675;9.845501536799581
Energetyczne;Prog_Energii_99.9%;859;285;0.04367257603890735;0.20897984601130165;1.6973769270624404;3.161049382384989
Energetyczne;Prog_Energii_99.99%;859;1944;0.004367292283586498;0.06608549223230843;0.6255091171654694;0.9996155533306749
Energetyczne;Prog_Energii_99.0%;860;30;0.3131707966091369;0.5596166514759339;2.1731953308536562;9.757002432552166
Energetyczne;Prog_Energii_99.9%;860;271;0.03287907841402889;0.18132589008199818;1.1080286427554005;3.161444796091502
Energetyczne;Prog_Energii_99.99%;860;2030;0.003285977023200881;0.057323442178578925;0.42784575168092953;0.9994430353413291
Energetyczne;Prog_Energii_99.0%;861;12;0.3248513671113371;0.5699573379748146;1.9819156792654367;8.912793971195669
Energetyczne;Prog_Energii_99.9%;861;117;0.040714098975941845;0.20177735000723407;1.495214198466325;3.15532379152873
Energetyczne;Prog_Energii_99.99%;861;1056;0.004083713138805992;0.06390393680209375;1.0709151267951267;0.9993074651677493
Energetyczne;Prog_Energii_99.0%;862;44;0.30997919526483586;0.556757752765811;1.900401973038424;9.918628065138027
Energetyczne;Prog_Energii_99.9%;862;457;0.031444088023804294;0.177324809386065;0.8056884488090867;3.1590378800916095
Energetyczne;Prog_Energii_99.99%;862;2467;0.0031478637492786342;0.05610582633986094;0.22094997757621204;0.9995241574774849
Energetyczne;Prog_Energii_99.0%;863;26;0.2603301004236598;0.5102255387803121;1.96435070809666;9.875391712314705
Energetyczne;Prog_Energii_99.9%;863;241;0.02660622271816118;0.16311414015394612;1.8105682851737557;3.1570666409373684
Energetyczne;Prog_Energii_99.99%;863;1867;0.002667428487808051;0.05164715372417004;0.7312496348925297;0.999628272374501
Energetyczne;Prog_Energii_99.0%;864;45;0.31137404139777797;0.558008997595718;1.7794025322747347;9.968898007291152
Energetyczne;Prog_Energii_99.9%;864;505;0.03128932398864167;0.1768878853642659;0.6648115626649957;3.1601233949982954
Energetyczne;Prog_Energii_99.99%;864;2631;0.003130957290809481;0.05595495769643188;0.2192671153507586;0.999642064342048
Energetyczne;Prog_Energii_99.0%;865;44;0.27953057853683605;0.5287065145587257;2.191917706229404;9.838868582249722
Energetyczne;Prog_Energii_99.9%;865;444;0.028741923085965772;0.1695344303849981;0.6938861828373373;3.154920423321709
Energetyczne;Prog_Energii_99.99%;865;2474;0.0028857468943196385;0.05371914830225474;0.19531884772094532;0.9996768073444287
Energetyczne;Prog_Energii_99.0%;866;24;0.31326419980603926;0.5597000980936481;1.9385571451388914;9.796695165650778
Energetyczne;Prog_Energii_99.9%;866;227;0.032583725770798364;0.18050962791717887;0.7862889397935575;3.1595452728932023
Energetyczne;Prog_Energii_99.99%;866;1743;0.0032614900163124064;0.057109456452608676;0.300121215503113;0.9996137893272319
Energetyczne;Prog_Energii_99.0%;867;26;0.2543873562545994;0.5043682744330767;1.6373446947082129;9.756158149796406
Energetyczne;Prog_Energii_99.9%;867;248;0.026635729534309427;0.16320456346042972;1.2426745970375879;3.156918491112801
Energetyczne;Prog_Energii_99.99%;867;1948;0.0026711126989369576;0.05168280854343113;0.5473821040066991;0.9997172291261298
Energetyczne;Prog_Energii_99.0%;868;9;0.44734488981167453;0.6688384631670599;1.9635596431848459;9.770077129411508
Energetyczne;Prog_Energii_99.9%;868;57;0.046658015028425634;0.21600466436729007;1.5999137274782917;3.155294360895549
Energetyczne;Prog_Energii_99.99%;868;589;0.0046864151048641315;0.06845739627581618;1.1959063140167743;0.9999933893250894
Energetyczne;Prog_Energii_99.0%;869;41;0.3076990627651461;0.5547062851321825;2.0908557489629302;9.84961845295724
Energetyczne;Prog_Energii_99.9%;869;383;0.031713644025223156;0.17808325026577643;0.6621184385008911;3.1621276250050343
Energetyczne;Prog_Energii_99.99%;869;2379;0.0031709508391780175;0.056311196392707;0.1969300013888553;0.9998873529358666
Energetyczne;Prog_Energii_99.0%;870;29;0.27171036883983946;0.521258447259936;1.7606677236393278;9.923797797935329
Energetyczne;Prog_Energii_99.9%;870;367;0.02756198501296234;0.16601802616873368;0.6454817120817542;3.160676495836768
Energetyczne;Prog_Energii_99.99%;870;2239;0.00275770633364275;0.05251386801258073;0.22970729993632277;0.9997670262875178
Energetyczne;Prog_Energii_99.0%;871;17;0.33067725504547557;0.5750454373747135;1.9381830727849665;9.845227490761722
Energetyczne;Prog_Energii_99.9%;871;154;0.03380697628998673;0.18386673513712787;0.8117955308746971;3.147942262915616
Energetyczne;Prog_Energii_99.99%;871;1378;0.0034090331160358416;0.05838692589986085;0.2825491161508573;0.9996298215923464
Energetyczne;Prog_Energii_99.0%;872;33;0.31052743282965106;0.5572498836515366;2.08975874188503;9.93823330185537
Energetyczne;Prog_Energii_99.9%;872;353;0.031429030130421046;0.17728234579455746;1.0926811859249255;3.1617293506843636
Energetyczne;Prog_Energii_99.99%;872;2167;0.0031425285261090204;0.05605826010597386;0.33472865460177426;0.9997670412752242
Energetyczne;Prog_Energii_99.0%;873;21;0.2733451485087383;0.5228242042108784;2.069242415479563;9.868157039445915
Energetyczne;Prog_Energii_99.9%;873;274;0.027927721756020856;0.16711589318799352;1.0643393277030864;3.154264596941314
Energetyczne;Prog_Energii_99.99%;873;1991;0.0028046905133703426;0.05295932886064874;0.4177430846137584;0.9995921567735023
Energetyczne;Prog_Energii_99.0%;874;18;0.3322300272368326;0.5763939861213271;1.7452700690584786;9.544263882584572
Energetyczne;Prog_Energii_99.9%;874;139;0.036244678518459944;0.1903803522385121;1.1748156682116093;3.152427616483294
Energetyczne;Prog_Energii_99.99%;874;1270;0.0036449632618013317;0.060373531135766205;0.666432050531693;0.9996997306663397
Energetyczne;Prog_Energii_99.0%;875;20;0.3887135881234109;0.6234689953184608;3.1712201581270785;9.8083499729857
Energetyczne;Prog_Energii_99.9%;875;161;0.04011912573522138;0.2002975929341673;1.8756944999829726;3.1510610872340985
Energetyczne;Prog_Energii_99.99%;875;1387;0.004036732662919782;0.06353528675405332;1.0717688244027084;0.9995305825904721
Energetyczne;Prog_Energii_99.0%;876;21;0.3072207038452017;0.5542749352489266;1.9038173443384334;9.99222777795731
Energetyczne;Prog_Energii_99.9%;876;268;0.030630530133853796;0.17501579966921213;0.6102439001101816;3.155108816621345
Energetyczne;Prog_Energii_99.99%;876;1955;0.0030765763951907613;0.055466894587589466;0.1942092750263278;0.999933083039794
Energetyczne;Prog_Energii_99.0%;877;11;0.3386534597290171;0.581939395237182;1.7514324747011951;9.617697222256476
Energetyczne;Prog_Energii_99.9%;877;82;0.036200073350405634;0.1902631686648933;0.7685118991732365;3.1444744310878745
Energetyczne;Prog_Energii_99.99%;877;779;0.0036571710761475196;0.06047454899499061;0.4821699445197627;0.9994612955345291
Energetyczne;Prog_Energii_99.0%;878;14;0.28756878743239767;0.5362544055132765;1.7641163456849673;9.542191678893985
Energetyczne;Prog_Energii_99.9%;878;143;0.031442171664236636;0.1773194057745419;0.811230531012721;3.155248219674288
Energetyczne;Prog_Energii_99.99%;878;1354;0.0031565099012602067;0.05618282567885142;0.27088176669630926;0.9997256641208414
Energetyczne;Prog_Energii_99.0%;879;13;0.31477336576533127;0.5610466698638638;1.8308286192302257;9.862346836977204
Energetyczne;Prog_Energii_99.9%;879;114;0.03216386956649839;0.17934288267589096;1.0842546218877587;3.152575011490803
Energetyczne;Prog_Energii_99.99%;879;1008;0.0032311322694630975;0.05684304943845903;0.7828039957343229;0.9992143237737329
Energetyczne;Prog_Energii_99.0%;880;20;0.286486683696053;0.5352445083287198;1.8577213704827642;9.562839419174619
Energetyczne;Prog_Energii_99.9%;880;172;0.031226008809140393;0.1767088249328267;1.5133145956543839;3.157133030771517
Energetyczne;Prog_Energii_99.99%;880;1476;0.003130259608979916;0.055948723032611884;0.8193187857731679;0.9995967184032397
Energetyczne;Prog_Energii_99.0%;881;21;0.3191816928003491;0.5649616737446436;2.0027862671259564;9.979444248250111
Energetyczne;Prog_Energii_99.9%;881;185;0.03193350946954979;0.17869949487771303;0.7018918214220875;3.1565356186066444
Energetyczne;Prog_Energii_99.99%;881;1622;0.003202507732318449;0.05659070358564602;0.21454448988225128;0.9996143059740723
Energetyczne;Prog_Energii_99.0%;882;33;0.3199609381909163;0.5656508978079291;2.8762721098109365;9.849159399928444
Energetyczne;Prog_Energii_99.9%;882;379;0.03289136033984929;0.181359753914283;1.5867427212761553;3.1578507732522
Energetyczne;Prog_Energii_99.99%;882;2299;0.0032956985271046157;0.05740817474109951;0.5251824005431098;0.9995958038345201
Energetyczne;Prog_Energii_99.0%;883;37;0.24758089003160652;0.4975750094524508;1.457743592277371;9.970503083218361
Energetyczne;Prog_Energii_99.9%;883;361;0.02488748093693866;0.15775766522403487;0.8935538453332281;3.16117822968736
Energetyczne;Prog_Energii_99.99%;883;2336;0.002488835771184363;0.04988823279275748;0.2114301427912033;0.9996699380539072
Energetyczne;Prog_Energii_99.0%;884;62;0.2718484003437207;0.5213908326233985;1.772653516191101;9.912183712604053
Energetyczne;Prog_Energii_99.9%;884;677;0.027633189549749693;0.1662323360533374;0.9288134651809328;3.1602501441105497
Energetyczne;Prog_Energii_99.99%;884;2869;0.002766389551648272;0.05259647850995608;0.273614433134747;0.9999139321332964
Energetyczne;Prog_Energii_99.0%;885;23;0.37210517492527423;0.6100042417272803;2.391471733526477;9.888695254091152
Energetyczne;Prog_Energii_99.9%;885;245;0.037975392564338954;0.19487275993411432;2.014172725819291;3.159055633540426
Energetyczne;Prog_Energii_99.99%;885;1833;0.003804828821961796;0.06168329451287274;0.9103640060569758;0.9999394430094056
Energetyczne;Prog_Energii_99.0%;886;52;0.24306941298831794;0.49302070239323414;1.7009521320186805;9.865656357021871
Energetyczne;Prog_Energii_99.9%;886;451;0.024945286344428722;0.1579407684685266;0.6558848248635072;3.160494759977897
Energetyczne;Prog_Energii_99.99%;886;2557;0.0024949220165787055;0.04994919435365004;0.179849578819411;0.9995149988857165
Energetyczne;Prog_Energii_99.0%;887;28;0.286267779619869;0.5350399794593569;2.112469377666863;9.771224913846309
Energetyczne;Prog_Energii_99.9%;887;295;0.029886674327354357;0.17287762818639768;1.4178660517307664;3.1571961954852505
Energetyczne;Prog_Energii_99.99%;887;2017;0.002997006622557303;0.05474492325830134;0.5586248764841555;0.9997850227727753
Energetyczne;Prog_Energii_99.0%;888;35;0.40353135887357605;0.6352411816574678;2.619433058043123;9.883731772177134
Energetyczne;Prog_Energii_99.9%;888;422;0.0412193353669175;0.20302545497281246;1.097677065109382;3.1588776008503836
Energetyczne;Prog_Energii_99.99%;888;2481;0.00412839302687211;0.06425257214207156;0.3123602785728492;0.9997072089496992
Energetyczne;Prog_Energii_99.0%;889;27;0.3159386411364006;0.5620841939926798;1.796787284285517;9.868246289662364
Energetyczne;Prog_Energii_99.9%;889;252;0.032332227058924634;0.17981164327964036;1.6082919686040742;3.156867957855282
Energetyczne;Prog_Energii_99.99%;889;1871;0.003242507069701706;0.05694301598705241;0.6489713744135188;0.9997215937435392
Energetyczne;Prog_Energii_99.0%;890;32;0.3819584501430781;0.6180278716555412;2.6167575079896324;9.666416394693183
Energetyczne;Prog_Energii_99.9%;890;325;0.040836166347796674;0.20207960398762828;1.1825905594381405;3.160675572424408
Energetyczne;Prog_Energii_99.99%;890;2185;0.004084426386469096;0.06390951718225617;0.4077916173801164;0.9995924666190543
Energetyczne;Prog_Energii_99.0%;891;30;0.3820682968145921;0.6181167339706894;2.0281357220039737;9.811296774792941
Energetyczne;Prog_Energii_99.9%;891;342;0.039451743679538256;0.1986246300928922;0.8388075414041243;3.1527462136581517
Energetyczne;Prog_Energii_99.99%;891;2160;0.003963068330339895;0.0629529056544644;0.26823568938190245;0.9992443275945659
Energetyczne;Prog_Energii_99.0%;892;45;0.24775337258601662;0.49774830244413354;2.3403054073401544;9.964797456057514
Energetyczne;Prog_Energii_99.9%;892;451;0.024930755695417067;0.15789476145653808;2.0959032068104646;3.1610139292509465
Energetyczne;Prog_Energii_99.99%;892;2551;0.0024927738250173186;0.049927685956964986;0.5924417049463298;0.9995398790267979
Energetyczne;Prog_Energii_99.0%;893;20;0.3701451907676733;0.6083955873999033;2.501677225607425;9.811815656959205
Energetyczne;Prog_Energii_99.9%;893;196;0.03812800050694255;0.19526392525743855;0.7840944175343987;3.149091937481321
Energetyczne;Prog_Energii_99.99%;893;1688;0.0038427245665434745;0.06198971339297734;0.2312984253266972;0.9997305257242658
Energetyczne;Prog_Energii_99.0%;894;11;0.3083663290169514;0.5553074184782257;1.850825411725154;9.676059741534585
Energetyczne;Prog_Energii_99.9%;894;156;0.032664092017887836;0.18073210013134866;0.7845227004258497;3.149200856844868
Energetyczne;Prog_Energii_99.99%;894;1355;0.0032926697801285484;0.05738178962117292;0.3854464962678201;0.9998599081787877
Energetyczne;Prog_Energii_99.0%;895;41;0.28519431344179613;0.5340358728042491;1.9468606146521;9.908528378518321
Energetyczne;Prog_Energii_99.9%;895;421;0.02898182877773934;0.17024050275342628;0.7026250493266599;3.1586508296678772
Energetyczne;Prog_Energii_99.99%;895;2358;0.002904621462645486;0.05389454019328383;0.2082371662161453;0.9999620028298971
Energetyczne;Prog_Energii_99.0%;896;26;0.2956616080265306;0.5437477430082175;2.1309417777886885;9.541554922913784
Energetyczne;Prog_Energii_99.9%;896;313;0.03237305956300711;0.17992514989018937;1.4118761613916262;3.1572833575233648
Energetyczne;Prog_Energii_99.99%;896;1961;0.003244959275271018;0.05696454401881067;0.6453029180671912;0.9996001498915786
Energetyczne;Prog_Energii_99.0%;897;35;0.31660682491525327;0.5626782605674874;1.8273331020691392;9.85176746919748
Energetyczne;Prog_Energii_99.9%;897;282;0.03243531979799228;0.18009808382654235;0.6656503004483687;3.153284155171877
Energetyczne;Prog_Energii_99.99%;897;2018;0.0032599523670409896;0.05709599256551189;0.27297107404360244;0.9996768697108489
Energetyczne;Prog_Energii_99.0%;898;17;0.40185177405565053;0.6339177975539498;2.8734748751560035;9.971193397325848
Energetyczne;Prog_Energii_99.9%;898;151;0.04021276127594448;0.20053119776220477;2.812403960214181;3.154250224240106
Energetyczne;Prog_Energii_99.99%;898;1336;0.004036372312374478;0.0635324508607568;1.8131910624108896;0.9993320222008649
Energetyczne;Prog_Energii_99.0%;899;33;0.3341595902748665;0.5780653858127699;2.0415225407794706;9.977081330163799
Energetyczne;Prog_Energii_99.9%;899;356;0.033440624514695955;0.18286777877662308;0.6389743561183225;3.1561943446164142
Energetyczne;Prog_Energii_99.99%;899;2260;0.0033561645024234054;0.057932413228031554;0.26755959333885837;0.999880658164742
Energetyczne;Prog_Energii_99.0%;900;31;0.19693305107149367;0.44377139505774105;1.4302326891705661;9.973281692869389
Energetyczne;Prog_Energii_99.9%;900;304;0.019726380350265926;0.14045063314298703;0.5593814037402574;3.156475933052442
Energetyczne;Prog_Energii_99.99%;900;2105;0.0019797702998408328;0.044494609784116915;0.16423564320728534;0.9999681866235682
Energetyczne;Prog_Energii_99.0%;901;49;0.33565412641834874;0.579356648721967;2.257458694671053;9.926251878847605
Energetyczne;Prog_Energii_99.9%;901;415;0.03404909279118068;0.18452396264762114;0.7809686178207311;3.1614918633692133
Energetyczne;Prog_Energii_99.99%;901;2426;0.0034048054156717335;0.05835071049843124;0.24805368540621853;0.9997362608935989
Energetyczne;Prog_Energii_99.0%;902;24;0.2652575456130769;0.5150315967133249;1.8990502892253645;9.706436196801654
Energetyczne;Prog_Energii_99.9%;902;220;0.02800657181053158;0.16735164119461626;0.6071828366765626;3.1539580057837644
Energetyczne;Prog_Energii_99.99%;902;1703;0.0028132856804437886;0.05304041553800072;0.18963185954156003;0.9996151936247435
Energetyczne;Prog_Energii_99.0%;903;19;0.36334349162716434;0.6027798035992615;2.179795632691559;9.707929941332461
Energetyczne;Prog_Energii_99.9%;903;185;0.03844750642525654;0.19608035706122257;0.9051438289514042;3.1579265892048776
Energetyczne;Prog_Energii_99.99%;903;1621;0.003854520396949637;0.06208478394058915;0.46928436433210496;0.9998920490021881
Energetyczne;Prog_Energii_99.0%;904;48;0.32243896123336563;0.5678370903994963;2.0274828226549073;9.790741573895327
Energetyczne;Prog_Energii_99.9%;904;476;0.03358983436456074;0.1832752966565891;0.8542170347670321;3.1600631532914356
Energetyczne;Prog_Energii_99.99%;904;2541;0.0033610668798969216;0.05797470896776388;0.22732388650503843;0.9996095762709472
Energetyczne;Prog_Energii_99.0%;905;23;0.327723899831391;0.5724717458804329;2.087079051944153;9.864172099245938
Energetyczne;Prog_Energii_99.9%;905;259;0.03366069277225204;0.18346850621360616;0.9860081174568753;3.161317450347276
Energetyczne;Prog_Energii_99.99%;905;1854;0.0033660499177621006;0.05801766901351778;0.31828942448507913;0.999693480184362
Energetyczne;Prog_Energii_99.0%;906;17;0.296212641925299;0.5442542070809366;1.9271585822625776;9.693165727169118
Energetyczne;Prog_Energii_99.9%;906;187;0.03149593813785013;0.1774709501238164;1.5880577761694434;3.1607570670602025
Energetyczne;Prog_Energii_99.99%;906;1525;0.003152577325441394;0.05614781674688157;0.8114750108687918;0.9999924407847687
Energetyczne;Prog_Energii_99.0%;907;41;0.31156778438860266;0.5581825726306785;1.9413745653370444;9.99437597116158
Energetyczne;Prog_Energii_99.9%;907;372;0.03112041536372277;0.1764097938429802;0.6980950187240458;3.158654338404808
Energetyczne;Prog_Energii_99.99%;907;2262;0.0031176196300454293;0.05583564838027252;0.198572882680895;0.9997489887152954
Energetyczne;Prog_Energii_99.0%;908;40;0.3472665527461708;0.5892932654851664;3.475764371847027;9.904628652708812
Energetyczne;Prog_Energii_99.9%;908;403;0.03539467046980011;0.1881347136224469;3.156345215327156;3.1621004078163177
Energetyczne;Prog_Energii_99.99%;908;2388;0.0035362075970404518;0.059466020524669816;1.0615608094653681;0.9994834240406586
Energetyczne;Prog_Energii_99.0%;909;52;0.3096403621375241;0.556453378224559;2.1891868676137936;9.913506990704768
Energetyczne;Prog_Energii_99.9%;909;544;0.03144591782170235;0.17732996876360846;1.8682689325340265;3.159225828781037
Energetyczne;Prog_Energii_99.99%;909;2729;0.0031494872333672212;0.05612029252745589;0.4708810782316357;0.9998122647155782
Energetyczne;Prog_Energii_99.0%;910;33;0.3249496715827722;0.5700435698986283;1.9408263740358915;9.961106871962821
Energetyczne;Prog_Energii_99.9%;910;364;0.03264398619418412;0.18067646829120865;0.6537046965931061;3.157193072483181
Energetyczne;Prog_Energii_99.99%;910;2299;0.003274835659041252;0.05722617983966125;0.23547902812405663;0.9999868840874748
Energetyczne;Prog_Energii_99.0%;911;14;0.30534027394041874;0.5525760345331842;1.6500311822106362;9.717308744960603
Energetyczne;Prog_Energii_99.9%;911;151;0.032218583270778416;0.17949535724017604;0.753464260717065;3.1565100467364617
Energetyczne;Prog_Energii_99.99%;911;1333;0.003233451399245954;0.05686344519325182;0.2880596852408912;0.999970354689334
Energetyczne;Prog_Energii_99.0%;912;24;0.27589095945939124;0.5252532336496285;1.9212074181690948;9.849452060186643
Energetyczne;Prog_Energii_99.9%;912;305;0.0284137540680376;0.16856379821313233;0.6847510275477116;3.160877350620374
Energetyczne;Prog_Energii_99.99%;912;2032;0.0028410355256249884;0.053301365138474534;0.2739711914679219;0.9994973986663811
Energetyczne;Prog_Energii_99.0%;913;76;0.2663575330415701;0.5160983753525776;1.972950020548741;9.958944240960685
Energetyczne;Prog_Energii_99.9%;913;817;0.02685035954834685;0.16386079320065203;0.6439235035554036;3.1619562872098723
Energetyczne;Prog_Energii_99.99%;913;3084;0.00268542552660859;0.051821091522743806;0.16710615501578552;0.9999709079265336
Energetyczne;Prog_Energii_99.0%;914;37;0.2704882109345418;0.5200848112899874;1.9267154425042787;9.935467054585793
Energetyczne;Prog_Energii_99.9%;914;318;0.027323933059549516;0.16529952528531205;0.6622835004103296;3.157808018921676
Energetyczne;Prog_Energii_99.99%;914;2163;0.002739769989410345;0.05234281220387709;0.213732949843501;0.9999336164155423
Energetyczne;Prog_Energii_99.0%;915;17;0.3257634258636063;0.5707568885818254;1.8905182036519452;9.72131111144845
Energetyczne;Prog_Energii_99.9%;915;167;0.03441542568674527;0.18551395011358382;0.9343721588903371;3.1597320341571824
Energetyczne;Prog_Energii_99.99%;915;1462;0.003441915647617644;0.058667841681943986;0.4591346631778368;0.9992491595580919
Energetyczne;Prog_Energii_99.0%;916;14;0.3182668588086408;0.5641514502406608;1.9292628102612595;9.596243071484041
Energetyczne;Prog_Energii_99.9%;916;154;0.03407125432006845;0.18458400342410078;0.8273565536621259;3.1397827005668266
Energetyczne;Prog_Energii_99.99%;916;1306;0.0034529779775903874;0.058762045382971376;0.2485494922636704;0.9995451941708535
Energetyczne;Prog_Energii_99.0%;917;20;0.3423036994686605;0.5850672606364677;1.7284165104205584;9.803274751873406
Energetyczne;Prog_Energii_99.9%;917;245;0.035518006083944724;0.1884622139420651;0.8332341328953206;3.157836693187292
Energetyczne;Prog_Energii_99.99%;917;1819;0.003558729751556619;0.0596550899048574;0.24025390827688842;0.9995692393534943
Energetyczne;Prog_Energii_99.0%;918;26;0.3487492668075742;0.5905499697803516;2.1013430039274272;9.75008163442079
Energetyczne;Prog_Energii_99.9%;918;186;0.03651674511223098;0.1910935506819395;0.7140398197447269;3.1549874088609715
Energetyczne;Prog_Energii_99.99%;918;1570;0.0036653091043415387;0.06054179634220923;0.3354933373820206;0.9995554768220014
Energetyczne;Prog_Energii_99.0%;919;37;0.3569953325126442;0.5974908639574702;1.8627471493857373;9.869789391018076
Energetyczne;Prog_Energii_99.9%;919;295;0.036532329444155465;0.19113432304051375;0.9513524513321707;3.1572959983183333
Energetyczne;Prog_Energii_99.99%;919;2114;0.0036608845164530293;0.06050524371038455;0.35304192228566045;0.9994696965211233
Energetyczne;Prog_Energii_99.0%;920;18;0.33584050702070845;0.5795174777525769;1.7493352512532754;9.444336874935146
Energetyczne;Prog_Energii_99.9%;920;186;0.03739841312433852;0.19338669324526575;1.0789996430680873;3.1516030978410186
Energetyczne;Prog_Energii_99.99%;920;1485;0.003764833715504501;0.06135824081168316;0.5208064903486056;0.9999489549931061
Energetyczne;Prog_Energii_99.0%;921;29;0.2879905470369367;0.5366475072493458;1.6991359270158592;9.878587177022274
Energetyczne;Prog_Energii_99.9%;921;351;0.029488794810213097;0.17172301770645979;0.8750605653344543;3.16107086644195
Energetyczne;Prog_Energii_99.99%;921;2219;0.002948380449578618;0.05429899123905174;0.2629788296219484;0.9995337932877263
Energetyczne;Prog_Energii_99.0%;922;16;0.39603076948273536;0.6293097563861022;2.0632495553940657;9.737547301963627
Energetyczne;Prog_Energii_99.9%;922;128;0.041361481040291234;0.20337522228701124;0.9400969203767131;3.1469015488329934
Energetyczne;Prog_Energii_99.99%;922;1266;0.004172264523114795;0.06459306869250597;0.3975881237242298;0.9994729231344762
Energetyczne;Prog_Energii_99.0%;923;8;0.2586650500480976;0.5085912406324922;1.591084673766919;8.352294161858367
Energetyczne;Prog_Energii_99.9%;923;88;0.03670076764852453;0.19157444414254352;0.6739042841467606;3.146114174878701
Energetyczne;Prog_Energii_99.99%;923;872;0.0037034067744935568;0.06085562237372613;0.38697468315423134;0.9993960156219365
Energetyczne;Prog_Energii_99.0%;924;27;0.2178646876084831;0.466759775054024;1.674786376249421;9.916515514848987
Energetyczne;Prog_Energii_99.9%;924;267;0.02211121741815284;0.1486984109469662;0.8590539573823439;3.1591627599407217
Energetyczne;Prog_Energii_99.99%;924;1981;0.002213649010697627;0.04704943156614782;0.3733728126236713;0.9995857463007151
Energetyczne;Prog_Energii_99.0%;925;21;0.3790206838503218;0.6156465575720551;2.0593984895163224;9.85720892034892
Energetyczne;Prog_Energii_99.9%;925;218;0.03876893209910744;0.19689827855800934;0.645190379341372;3.1525677256405316
Energetyczne;Prog_Energii_99.99%;925;1721;0.0038994456927941143;0.062445541816803174;0.32890391690162524;0.9998248902099502
Energetyczne;Prog_Energii_99.0%;926;27;0.3072053598532605;0.5542610935770799;2.008723337144933;9.890639476795823
Energetyczne;Prog_Energii_99.9%;926;218;0.031212433913922588;0.17667041040854178;0.6219188438047474;3.1526357448097486
Energetyczne;Prog_Energii_99.99%;926;1782;0.003136226903093313;0.05600202588383132;0.20733230314144624;0.999341022499777
Energetyczne;Prog_Energii_99.0%;927;42;0.28560909045369537;0.5344240736098023;1.960490764185523;9.894800279523292
Energetyczne;Prog_Energii_99.9%;927;416;0.02907260434064616;0.17050690408498467;1.036778162125704;3.1569157257548595
Energetyczne;Prog_Energii_99.99%;927;2340;0.0029139211728131755;0.05398074816833475;0.3988385987574361;0.9994473461068245
Energetyczne;Prog_Energii_99.0%;928;27;0.2804850904382487;0.5296084312378804;1.720275620138585;9.950948712656874
Energetyczne;Prog_Energii_99.9%;928;249;0.028214031842547498;0.16797033024480096;0.7007085795796097;3.156037636348151
Energetyczne;Prog_Energii_99.99%;928;1919;0.002830497999711637;0.053202424754062075;0.26804635185888603;0.9996340105070285
Energetyczne;Prog_Energii_99.0%;929;50;0.2792473146393842;0.5284385627860482;2.307652167935494;9.851762073354513
Energetyczne;Prog_Energii_99.9%;929;520;0.02869391761481735;0.16939279091749257;0.9265255102949643;3.1580160695734225
Energetyczne;Prog_Energii_99.99%;929;2612;0.002873726113985993;0.053607146109320096;0.2690921218337401;0.9994063380162482
Energetyczne;Prog_Energii_99.0%;930;36;0.2381191558674929;0.48797454428227394;3.451488031215587;9.850629464032146
Energetyczne;Prog_Energii_99.9%;930;369;0.024495728153755645;0.15651111191783043;2.813892704902017;3.1594536816952927
Energetyczne;Prog_Energii_99.99%;930;2322;0.0024515673488569043;0.04951330476606166;0.9699952272915038;0.9995136519007303
Energetyczne;Prog_Energii_99.0%;931;45;0.33133619763418654;0.5756181005095189;1.980017603425177;9.910840099176175
Energetyczne;Prog_Energii_99.9%;931;374;0.0336022046663481;0.18330904142007862;1.0065640147793502;3.1561665566797417
Energetyczne;Prog_Energii_99.99%;931;2350;0.00336939780482447;0.0580465141487796;0.2546647285668979;0.9994295167818628
Energetyczne;Prog_Energii_99.0%;932;22;0.3162779028430643;0.5623859020664229;1.7533147945809384;9.863010159767924
Energetyczne;Prog_Energii_99.9%;932;248;0.03243756889839336;0.18010432781694435;0.5466326698859332;3.158633259741439
Energetyczne;Prog_Energii_99.99%;932;1860;0.0032476804304595276;0.056988423653050166;0.23843042735636022;0.9994514432419147
Energetyczne;Prog_Energii_99.0%;933;38;0.31064059146606143;0.5573514075213782;2.1033814149939447;9.866823323913197
Energetyczne;Prog_Energii_99.9%;933;296;0.031763840705556205;0.17822413053668182;0.7543807924419212;3.1551118097715256
Energetyczne;Prog_Energii_99.99%;933;2056;0.0031878674896560744;0.05646120340247872;0.20225085963903844;0.999535860338553
Energetyczne;Prog_Energii_99.0%;934;36;0.29570789503437633;0.5437903042850032;2.021763384164262;9.848530198088085
Energetyczne;Prog_Energii_99.9%;934;373;0.030463981470744854;0.1745393407537248;1.5587947281560073;3.161064025272748
Energetyczne;Prog_Energii_99.99%;934;2290;0.0030472825669937698;0.05520219712107272;0.5617975355632066;0.9997613070032978
Energetyczne;Prog_Energii_99.0%;935;46;0.3142712028493594;0.5605989679346185;2.0834341183222396;9.832071339665426
Energetyczne;Prog_Energii_99.9%;935;402;0.03244956350174293;0.18013762378177117;1.4785527621819616;3.1593457521076775
Energetyczne;Prog_Energii_99.99%;935;2425;0.0032493937518741516;0.05700345385916674;0.4774923001105744;0.9997557202353239
Energetyczne;Prog_Energii_99.0%;936;19;0.3169841434729551;0.5630134487496326;1.7860018285233934;9.942792626082474
Energetyczne;Prog_Energii_99.9%;936;214;0.031840434377093;0.17843888134902944;0.9293722506690676;3.1512227596405054
Energetyczne;Prog_Energii_99.99%;936;1688;0.003204847721168599;0.05661137448577449;0.3977572495544148;0.9997543718353664
Energetyczne;Prog_Energii_99.0%;937;45;0.2964586742522221;0.544480187198967;2.919018575963163;9.931527351300563
Energetyczne;Prog_Energii_99.9%;937;379;0.030019271327420778;0.1732607033560143;1.903096110104979;3.160341651985631
Energetyczne;Prog_Energii_99.99%;937;2384;0.003003704697954173;0.05480606442679654;0.5535857860535323;0.999683626087512
Energetyczne;Prog_Energii_99.0%;938;7;0.2815287029269344;0.5305927844655771;1.8190153434260976;9.485485554344175
Energetyczne;Prog_Energii_99.9%;938;85;0.030950254119921455;0.17592684309087528;0.6080071009870966;3.145070151002278
Energetyczne;Prog_Energii_99.99%;938;901;0.0031265191481914824;0.05591528546105691;0.3208648617547034;0.9996058145458921
Energetyczne;Prog_Energii_99.0%;939;45;0.36412602750338535;0.6034285603974885;2.11892080520688;9.968646345626142
Energetyczne;Prog_Energii_99.9%;939;436;0.036530283225226626;0.19112897013594413;0.7256538028283428;3.157452654269325
Energetyczne;Prog_Energii_99.99%;939;2566;0.003660251632809228;0.060500013494289635;0.2191773128231418;0.9994608774117495
Energetyczne;Prog_Energii_99.0%;940;44;0.261414084241925;0.5112866947632463;1.7841575071065705;9.895372117495457
Energetyczne;Prog_Energii_99.9%;940;365;0.02662568579510075;0.16317379015975803;0.6858340547317043;3.1580430118577647
Energetyczne;Prog_Energii_99.99%;940;2306;0.0026671253507793632;0.05164421894829433;0.29472804857630663;0.9995150850687032
Energetyczne;Prog_Energii_99.0%;941;64;0.3274180622278824;0.5722045632707611;2.4453349602720196;9.903404398411654
Energetyczne;Prog_Energii_99.9%;941;659;0.033353746774408666;0.1826300817894157;1.5715201074925615;3.160861816510438
Energetyczne;Prog_Energii_99.99%;941;2835;0.003335674497275488;0.05775529843465003;0.24288182594492813;0.9995971952405399
Energetyczne;Prog_Energii_99.0%;942;38;0.34795571200089304;0.589877709360926;2.0903958294658596;9.802317047589902
Energetyczne;Prog_Energii_99.9%;942;367;0.03614480875669227;0.19011788121240009;1.7391176087050115;3.1592916946785508
Energetyczne;Prog_Energii_99.99%;942;2286;0.003616709513174554;0.06013908473841745;0.5882995331763965;0.9993637091262704
Energetyczne;Prog_Energii_99.0%;943;9;0.2149584230301551;0.46363608900748343;1.5143180296375602;7.076812689406532
Energetyczne;Prog_Energii_99.9%;943;49;0.042407615614400956;0.2059310943359476;1.4049116096273302;3.1432751161795025
Energetyczne;Prog_Energii_99.99%;943;602;0.004284296571430943;0.06545453820348092;0.998152720115117;0.9990799196180818
Energetyczne;Prog_Energii_99.0%;944;33;0.3345983398979622;0.5784447595907168;2.083890416754552;9.895321055226075
Energetyczne;Prog_Energii_99.9%;944;341;0.0341349373766193;0.18475642715916354;1.354784363794482;3.160585576140387
Energetyczne;Prog_Energii_99.99%;944;2269;0.0034143875755653385;0.0584327611495926;0.4689679020738007;0.999595764559571
Energetyczne;Prog_Energii_99.0%;945;34;0.3176086941276912;0.5635678256675866;2.2563634510960773;9.828759354535494
Energetyczne;Prog_Energii_99.9%;945;322;0.03272257568607856;0.1808938243447757;0.7096535392725318;3.154832102241272
Energetyczne;Prog_Energii_99.99%;945;2176;0.0032842431740583754;0.057308316796590486;0.2118194247776337;0.9994709228475545
Energetyczne;Prog_Energii_99.0%;946;15;0.3609372457910831;0.6007805304693912;2.0215131808862994;9.96839992743095
Energetyczne;Prog_Energii_99.9%;946;151;0.03616640515646139;0.1901746701231828;0.641973748399578;3.155457062455063
Energetyczne;Prog_Energii_99.99%;946;1307;0.0036312706227530443;0.060260025080919474;0.31793529537475074;0.9998593482620012
Energetyczne;Prog_Energii_99.0%;947;17;0.385546498391804;0.6209239070866929;1.8338449839118036;9.880306536039434
Energetyczne;Prog_Energii_99.9%;947;123;0.03932484105786648;0.19830491939905698;1.5587377492035284;3.155480677914561
Energetyczne;Prog_Energii_99.99%;947;1180;0.0039456404497210055;0.06281433315510884;0.9220028795810089;0.9995183940352439
Energetyczne;Prog_Energii_99.0%;948;35;0.31773722287916206;0.5636818454404595;2.27469881479065;9.900845143229406
Energetyczne;Prog_Energii_99.9%;948;383;0.032408731400527455;0.1800242522565431;0.6725724918248939;3.1620536620705657
Energetyczne;Prog_Energii_99.99%;948;2347;0.003237626328849227;0.056900143487070634;0.22739155306294068;0.9994281594306305
Energetyczne;Prog_Energii_99.0%;949;15;0.38418144895754025;0.6198237241002802;2.171221958075164;9.860975006648706
Energetyczne;Prog_Energii_99.9%;949;138;0.039231685258650346;0.19806989993093435;1.5255125817164767;3.151157751542203
Energetyczne;Prog_Energii_99.99%;949;1279;0.0039489634524586675;0.0628407785793482;0.9636302090930648;0.9997541605378151
Energetyczne;Prog_Energii_99.0%;950;50;0.30025369701841415;0.5479541011968193;2.424919022628316;9.915393353723525
Energetyczne;Prog_Energii_99.9%;950;505;0.030510175416046604;0.17467162166776434;1.9969505015010602;3.1607352381993894
Energetyczne;Prog_Energii_99.99%;950;2640;0.0030522390032886593;0.05524707235038486;0.5125187810472132;0.9997122985286794
Energetyczne;Prog_Energii_99.0%;951;51;0.3654357929844283;0.6045128559298208;2.1160052611703444;9.94042051573824
Energetyczne;Prog_Energii_99.9%;951;445;0.036930112592207624;0.19217209108558825;0.969764371099628;3.160017819374988
Energetyczne;Prog_Energii_99.99%;951;2432;0.0036940329808015796;0.06077855691608332;0.2991917532099988;0.9994235989511158
Energetyczne;Prog_Energii_99.0%;952;43;0.2989652946935794;0.5467771892586407;1.8899435771311488;9.97767530478222
Energetyczne;Prog_Energii_99.9%;952;590;0.029971381475545247;0.17312244648093802;0.8001969096476049;3.159165365509145
Energetyczne;Prog_Energii_99.99%;952;2842;0.003001870041468503;0.054789324155974976;0.19842736459045796;0.999804120098707
Energetyczne;Prog_Energii_99.0%;953;29;0.3249283715211948;0.5700248867560037;1.9748173447394999;9.792440197101715
Energetyczne;Prog_Energii_99.9%;953;253;0.03379542661771038;0.1838353247276224;1.7405465403869056;3.158101453701234
Energetyczne;Prog_Energii_99.99%;953;2002;0.0033850342220366715;0.05818104693142494;0.7663512573640126;0.9994904361511131
Energetyczne;Prog_Energii_99.0%;954;18;0.32051291741642046;0.5661386026552336;2.324211505297792;9.686078579079041
Energetyczne;Prog_Energii_99.9%;954;175;0.03401322156956703;0.18442673767533554;0.7661996256706254;3.1553613635040527
Energetyczne;Prog_Energii_99.99%;954;1450;0.0034129884867351123;0.05842078813859936;0.28667676080440563;0.9995226291021955
Energetyczne;Prog_Energii_99.0%;955;17;0.3343630434985512;0.5782413367258962;2.2818087733766914;9.719476935281595
Energetyczne;Prog_Energii_99.9%;955;229;0.03530428425182046;0.18789434332044289;0.6352918025190064;3.1582569771185627
Energetyczne;Prog_Energii_99.99%;955;1741;0.00353939452065773;0.059492810663623295;0.29568606571590283;0.9999959607423642
Energetyczne;Prog_Energii_99.0%;956;47;0.3483029033573862;0.5901719269478904;2.44849339973854;9.941934480433437
Energetyczne;Prog_Energii_99.9%;956;316;0.035138623771173425;0.18745299083016367;1.4551359434037634;3.157800749067701
Energetyczne;Prog_Energii_99.99%;956;2176;0.00351932441353306;0.05932389411976476;0.5805946144135863;0.9993600873444255
Energetyczne;Prog_Energii_99.0%;957;18;0.33038350481307105;0.5747899658249708;1.968563787910929;9.521132871669986
Energetyczne;Prog_Energii_99.9%;957;149;0.036342843434622366;0.19063799053342534;0.9594510355644195;3.157831114278046
Energetyczne;Prog_Energii_99.99%;957;1309;0.0036413936373118697;0.060343961067466145;0.3966356955217085;0.9995701134093556
Energetyczne;Prog_Energii_99.0%;958;40;0.2706604885754048;0.5202504094908574;2.085492838738626;9.794930596841294
Energetyczne;Prog_Energii_99.9%;958;376;0.02811076970493183;0.16766266640171218;1.5748520142547378;3.156641784661556
Energetyczne;Prog_Energii_99.99%;958;2316;0.002817559776920016;0.05308069118728595;0.5156753154262401;0.999368144122466
Energetyczne;Prog_Energii_99.0%;959;31;0.25584753071777067;0.5058137312467611;1.5849488170051802;9.931468574290127
Energetyczne;Prog_Energii_99.9%;959;320;0.0258736742996413;0.16085295862880888;0.8418401967084881;3.158289316832054
Energetyczne;Prog_Energii_99.99%;959;2037;0.0025929784513089374;0.05092129663813499;0.2674695903465478;0.9998211319356732
Energetyczne;Prog_Energii_99.0%;960;20;0.30512349538435657;0.5523798470114171;2.2096610445155607;9.750353020483631
Energetyczne;Prog_Energii_99.9%;960;190;0.03189100935026918;0.17858054023400527;0.6652984726161337;3.152220920605459
Energetyczne;Prog_Energii_99.99%;960;1595;0.0032077749519512197;0.05663722231846491;0.206111270824076;0.9997339958950986
Energetyczne;Prog_Energii_99.0%;961;42;0.2901853686438201;0.5386885636838972;2.093869468252411;9.822627770907483
Energetyczne;Prog_Energii_99.9%;961;395;0.03007055724093506;0.17340864234788028;0.6510689104533443;3.1619912893513122
Energetyczne;Prog_Energii_99.99%;961;2427;0.0030051308052117297;0.05481907337060459;0.2214444121124819;0.9995893523024346
Energetyczne;Prog_Energii_99.0%;962;30;0.314362903604976;0.560680750164455;1.917478020536441;9.81733883515466
Energetyczne;Prog_Energii_99.9%;962;327;0.03251386607878874;0.18031601725523094;0.7626845385420511;3.157275219955326
Energetyczne;Prog_Energii_99.99%;962;2134;0.003258133476849698;0.05708006199059088;0.31181310564156295;0.9994534485603406
Energetyczne;Prog_Energii_99.0%;963;31;0.38759758319294924;0.6225733556722045;2.2793539437678003;9.982770304411458
Energetyczne;Prog_Energii_99.9%;963;384;0.03878407685512727;0.19693673312799537;1.1658638451073324;3.15781932105857
Energetyczne;Prog_Energii_99.99%;963;2338;0.003887131161688262;0.06234686168275242;0.2850543996159347;0.9997125538850248
Energetyczne;Prog_Energii_99.0%;964;57;0.3204614220144732;0.5660931213276427;1.7548066806936475;9.94861289467656
Energetyczne;Prog_Energii_99.9%;964;536;0.03231059754270281;0.17975148829064758;1.2059482497642207;3.1589819887788764
Energetyczne;Prog_Energii_99.99%;964;2687;0.00323575826181561;0.05688372580813963;0.3673362609355779;0.9996838801801381
Energetyczne;Prog_Energii_99.0%;965;28;0.3454046532852364;0.5877113690284002;2.120278939905404;9.790869678749837
Energetyczne;Prog_Energii_99.9%;965;382;0.03592156057593515;0.18952984085872904;0.8993124711455627;3.1574375958555603
Energetyczne;Prog_Energii_99.99%;965;2354;0.0035996540758005515;0.05999711722908486;0.23529191542051908;0.9995109620931295
Energetyczne;Prog_Energii_99.0%;966;18;0.2769745370989421;0.5262837040028335;1.8345672935019457;9.799771755604352
Energetyczne;Prog_Energii_99.9%;966;187;0.028725606481867907;0.16948630175287885;1.5062679153223444;3.155953832974384
Energetyczne;Prog_Energii_99.99%;966;1560;0.002881060006309871;0.05367550657711458;0.8008712444065917;0.999475585737177
Energetyczne;Prog_Energii_99.0%;967;46;0.3583681652109799;0.5986385931519784;3.0816491045663414;9.884580069473081
Energetyczne;Prog_Energii_99.9%;967;487;0.03662307364828949;0.19137155914160675;1.8816549442663053;3.1598823079468272
Energetyczne;Prog_Energii_99.99%;967;2611;0.0036659341319108607;0.06054695807314238;0.4175444096085794;0.999737173451941
Energetyczne;Prog_Energii_99.0%;968;27;0.31769966672362404;0.5636485311997398;2.07002321035219;9.878600717127947
Energetyczne;Prog_Energii_99.9%;968;218;0.03237623782570237;0.17993398185362977;1.5277212129810924;3.1535537906778712
Energetyczne;Prog_Energii_99.99%;968;1790;0.0032522559120336807;0.05702855348010925;0.7039355867496679;0.9994921979238482
Energetyczne;Prog_Energii_99.0%;969;22;0.36485412222431685;0.6040315573083221;1.7748604825010217;9.849976507657377
Energetyczne;Prog_Energii_99.9%;969;226;0.03726991952278602;0.1930541880477759;1.0302849409286559;3.1481454800958675
Energetyczne;Prog_Energii_99.99%;969;1787;0.0037570872910573727;0.061295083742967285;0.4620883023739708;0.9995423709210913
Energetyczne;Prog_Energii_99.0%;970;29;0.36460166770136004;0.6038225465328039;2.082299328888338;9.817462606777614
Energetyczne;Prog_Energii_99.9%;970;280;0.037762172502742414;0.19432491477611;0.7882532835130993;3.1595004117257868
Energetyczne;Prog_Energii_99.99%;970;1886;0.0037791720243368202;0.06147497071440392;0.23963491427717187;0.9995125715442652
Energetyczne;Prog_Energii_99.0%;971;36;0.37770827645931615;0.6145797559790886;1.799367445236796;9.802404764332826
Energetyczne;Prog_Energii_99.9%;971;321;0.039257576021425065;0.19813524679224812;0.72175633409715;3.1602112960009006
Energetyczne;Prog_Energii_99.99%;971;2205;0.0039280829542943305;0.06267442025495194;0.24397244284415986;0.9996424869709548
Energetyczne;Prog_Energii_99.0%;972;20;0.3411081711290575;0.5840446653545065;2.0725798405346785;9.771100176097608
Energetyczne;Prog_Energii_99.9%;972;223;0.035588124499945945;0.18864815000403778;0.8867680814190839;3.1560941843481882
Energetyczne;Prog_Energii_99.99%;972;1853;0.0035717812859002223;0.059764381414854635;0.41009175203177595;0.9998614702055251
Energetyczne;Prog_Energii_99.0%;973;21;0.3537634130772549;0.5947801384354179;1.961843923113281;9.907688988784855
Energetyczne;Prog_Energii_99.9%;973;186;0.03578904982684834;0.18917994033947771;0.7806321017594247;3.1513090143374667
Energetyczne;Prog_Energii_99.99%;973;1557;0.003600809292839079;0.0600067437280101;0.23652819220246357;0.9995763403444496
Energetyczne;Prog_Energii_99.0%;974;32;0.340337538143659;0.5833845542553034;1.8689258356705372;9.810011522876252
Energetyczne;Prog_Energii_99.9%;974;335;0.03529844605718802;0.1878788068335224;1.2550072769784384;3.1593110350578693
Energetyczne;Prog_Energii_99.99%;974;2177;0.0035337823210352254;0.059445624910797475;0.4035373602320238;0.999618966778981
Energetyczne;Prog_Energii_99.0%;975;43;0.385707548826105;0.6210535796741735;2.126726190109344;9.988231976510992
Energetyczne;Prog_Energii_99.9%;975;373;0.0386019599313144;0.19647381487443663;0.7306129187905306;3.1598337156441585
Energetyczne;Prog_Energii_99.99%;975;2297;0.0038625098279918943;0.06214909354119249;0.31636452508905855;0.9995265847191218
Energetyczne;Prog_Energii_99.0%;976;37;0.3697487873995174;0.6080697224821487;2.23832567662107;9.90240295950856
Energetyczne;Prog_Energii_99.9%;976;360;0.037569618882446955;0.1938288391402243;0.7763950974411049;3.1564986700955395
Energetyczne;Prog_Energii_99.99%;976;2253;0.0037675283248221896;0.06138019489071528;0.22124470579397393;0.9995752149275527
Energetyczne;Prog_Energii_99.0%;977;21;0.44733787372764955;0.6688332181700081;2.1135923696666223;9.875356211578353
Energetyczne;Prog_Energii_99.9%;977;220;0.04562457646228573;0.21359910220383824;0.9691431346854209;3.1538015209646204
Energetyczne;Prog_Energii_99.99%;977;1746;0.004582634752650557;0.06769516048175495;0.40569405623079025;0.9995224600034223
Energetyczne;Prog_Energii_99.0%;978;33;0.3663864299488239;0.6052986287352913;2.1020816161087814;9.92086982833104
Energetyczne;Prog_Energii_99.9%;978;367;0.0372239214842316;0.19293501881263442;1.3978099840125893;3.162213023621126
Energetyczne;Prog_Energii_99.99%;978;2300;0.0037188458431902903;0.06098234042073402;0.4178410745325474;0.9995031087467567
Energetyczne;Prog_Energii_99.0%;979;31;0.3280078792094799;0.5727197213380031;2.255503162364379;9.996738385359537
Energetyczne;Prog_Energii_99.9%;979;330;0.032678646714078045;0.18077236158793203;0.9892555307662594;3.155354947226716
Energetyczne;Prog_Energii_99.99%;979;2180;0.0032817575891414563;0.05728662661687679;0.2289006304786092;0.9999296303797305
Energetyczne;Prog_Energii_99.0%;980;26;0.30044669048122885;0.5481301765832901;2.041614565612739;9.774528496468578
Energetyczne;Prog_Energii_99.9%;980;270;0.03133671437295859;0.17702179067267;1.3093889978399598;3.1567401528804226
Energetyczne;Prog_Energii_99.99%;980;1889;0.003143746261724586;0.05606912039371213;0.4453641095887626;0.999852295081566
Energetyczne;Prog_Energii_99.0%;981;26;0.29162600971322045;0.540024082530789;1.7954935573366955;9.817767817303322
Energetyczne;Prog_Energii_99.9%;981;261;0.03016187427600645;0.17367174288296428;1.2692401297681748;3.157394092612769
Energetyczne;Prog_Energii_99.99%;981;1917;0.0030248550332647355;0.05499868210479898;0.5760066256500176;0.9998892801818813
Energetyczne;Prog_Energii_99.0%;982;23;0.35378813043651164;0.5948009166406115;2.2119599933323597;9.931798257466195
Energetyczne;Prog_Energii_99.9%;982;221;0.03573432443842528;0.18903524655054485;1.7143582141602582;3.1564509733679276
Energetyczne;Prog_Energii_99.99%;982;1723;0.0035845405588549157;0.05987103271912817;0.7790881253116257;0.9997076362809677
Energetyczne;Prog_Energii_99.0%;983;19;0.2640203122118045;0.5138290690607183;1.6878767215542063;9.72715272789636
Energetyczne;Prog_Energii_99.9%;983;223;0.027867632322516978;0.16693601265909336;0.717416572178112;3.1602184241724127
Energetyczne;Prog_Energii_99.99%;983;1694;0.002786971888741521;0.052791778609377435;0.19884637520562176;0.9993862243905577
Energetyczne;Prog_Energii_99.0%;984;39;0.30520774306882587;0.5524561005806939;2.399507583696722;9.924301942267096
Energetyczne;Prog_Energii_99.9%;984;383;0.030962923505271793;0.17596284694580214;0.6335318096971738;3.160990387970201
Energetyczne;Prog_Energii_99.99%;984;2303;0.003095844387673908;0.05564031261301385;0.2125014304636963;0.9995206170286943
Energetyczne;Prog_Energii_99.0%;985;25;0.34455398805240106;0.5869872128525467;1.9796301432962133;9.837648021902224
Energetyczne;Prog_Energii_99.9%;985;242;0.035397101201258156;0.18814117359381533;0.6169798854680231;3.1531634824701102
Energetyczne;Prog_Energii_99.99%;985;1865;0.0035576798572337013;0.059646289551267995;0.24807332676396232;0.9996456303814574
Energetyczne;Prog_Energii_99.0%;986;26;0.3855804039961715;0.620951209030284;1.9129380479478026;9.795411178556037
Energetyczne;Prog_Energii_99.9%;986;276;0.03998018845739793;0.19995046500920655;1.0809613311501218;3.1541882705524102
Energetyczne;Prog_Energii_99.99%;986;1985;0.004016487471330865;0.06337576406901037;0.44820222953925537;0.9997430696375984
Energetyczne;Prog_Energii_99.0%;987;33;0.23621331811845947;0.48601781666772204;1.7096244861211982;9.941554045836904
Energetyczne;Prog_Energii_99.9%;987;342;0.023827423004467854;0.15436133908614505;0.7056566687433588;3.1574801220956648
Energetyczne;Prog_Energii_99.99%;987;2195;0.0023887219595922554;0.04887455329302003;0.1863322880136984;0.99973498165168
Energetyczne;Prog_Energii_99.0%;988;19;0.40838415162489966;0.6390494125064975;2.3442584163866806;9.744201779803364
Energetyczne;Prog_Energii_99.9%;988;190;0.04286624440520979;0.20704164896273838;0.7668273780790171;3.1569633972484494
Energetyczne;Prog_Energii_99.99%;988;1536;0.004297738732204408;0.06555714097033524;0.25967537596788404;0.9996128581300677
Energetyczne;Prog_Energii_99.0%;989;25;0.2807883197904691;0.5298946308375554;2.080922212868228;9.845949796602621
Energetyczne;Prog_Energii_99.9%;989;268;0.02879337841860014;0.1696861173419916;1.0929691415827927;3.1529305928027926
Energetyczne;Prog_Energii_99.99%;989;1902;0.0028932941387245655;0.05378934967746464;0.47262787496310743;0.9994576387368167
Energetyczne;Prog_Energii_99.0%;990;18;0.31376211439975454;0.5601447262982617;1.7195512105165909;9.462327919965698
Energetyczne;Prog_Energii_99.9%;990;144;0.034689682488026265;0.1862516643899492;0.6752668728411235;3.14628388228131
Energetyczne;Prog_Energii_99.99%;990;1305;0.0035023712205065364;0.05918083490883291;0.33194004111246;0.9997210367139149
Energetyczne;Prog_Energii_99.0%;991;27;0.3267631301584073;0.571631988396737;2.0127941623957106;9.941906354857792
Energetyczne;Prog_Energii_99.9%;991;264;0.03290332669336508;0.18139274156747584;0.6743106250910103;3.154808839814499
Energetyczne;Prog_Energii_99.99%;991;1865;0.0033034587749859647;0.05747572335330774;0.235491031604667;0.9996261071025121
Energetyczne;Prog_Energii_99.0%;992;11;0.3369192815279024;0.5804474838673197;1.9413743004860367;9.738138592269971
Energetyczne;Prog_Energii_99.9%;992;136;0.03517416609717321;0.1875477701738232;0.6605294400280375;3.146479620267184
Energetyczne;Prog_Energii_99.99%;992;1301;0.0035499200207440877;0.0595812052642785;0.4077375148545235;0.9995909199093973
Energetyczne;Prog_Energii_99.0%;993;24;0.31734557450808387;0.563334336347505;2.029864276161555;9.664053508314796
Energetyczne;Prog_Energii_99.9%;993;211;0.033929599827041;0.18419989095284775;0.6891909183651599;3.1599664489401316
Energetyczne;Prog_Energii_99.99%;993;1690;0.003393639336417778;0.05825495117513856;0.214140583261214;0.9993691649101241
Energetyczne;Prog_Energii_99.0%;994;36;0.33960336869462354;0.5827549816986755;2.0948547074555783;9.820164818760018
Energetyczne;Prog_Energii_99.9%;994;346;0.035085111190743916;0.18731020044499422;0.7290267976179647;3.15641581517346
Energetyczne;Prog_Energii_99.99%;994;2232;0.003517625547122338;0.0593095738234759;0.30289795289602583;0.9994419757326151
Energetyczne;Prog_Energii_99.0%;995;31;0.3411509945034547;0.5840813252479955;2.5160149430573266;9.973583953078037
Energetyczne;Prog_Energii_99.9%;995;321;0.03423815656381325;0.1850355548639592;0.7413663532080728;3.1596073371400903
Energetyczne;Prog_Energii_99.99%;995;2181;0.0034266266008042253;0.058537394892531944;0.20795104351328453;0.9995656377256388
Energetyczne;Prog_Energii_99.0%;996;35;0.25770071888049545;0.507642313918467;1.748227084582207;9.891032856161035
Energetyczne;Prog_Energii_99.9%;996;369;0.02633701429223669;0.16228682722955887;0.6657903328266337;3.1620381048603963
Energetyczne;Prog_Energii_99.99%;996;2266;0.002632790947911585;0.051310729364447596;0.21881498435306224;0.9997513920773174
Energetyczne;Prog_Energii_99.0%;997;49;0.3406399393961031;0.5836436750244991;1.8780023670501427;9.975739716356271
Energetyczne;Prog_Energii_99.9%;997;404;0.03417549244569355;0.18486614737613144;0.7065788102146104;3.159764506164544
Energetyczne;Prog_Energii_99.99%;997;2378;0.0034186523915559776;0.05846924312453495;0.21828236871962403;0.9993665241009089
Energetyczne;Prog_Energii_99.0%;998;44;0.32131662301451225;0.566847971694803;2.0697390294143814;9.815216948767777
Energetyczne;Prog_Energii_99.9%;998;367;0.03329450747318802;0.1824678258575687;1.3544187988492342;3.159509050737661
Energetyczne;Prog_Energii_99.99%;998;2327;0.003332760462378072;0.0577300654977809;0.3720823180931232;0.9996209665055911
Energetyczne;Prog_Energii_99.0%;999;30;0.3593788045181922;0.5994821135932182;1.9545545331893592;9.70968595901028
Energetyczne;Prog_Energii_99.9%;999;310;0.03795865611389996;0.19482981320603876;1.1764852243446473;3.155617588562313
Energetyczne;Prog_Energii_99.99%;999;2069;0.0038096808522642142;0.06172261216332483;0.4286629059943383;0.9997081932661885
