Strategia;Konfiguracja;Indeks sygnału;Wymagane K;MSE;RMSE;Max Error;PRD
Fidelity (MAX_ERROR);Tolerancja_0.01;0;4851;7.2798165917098135e-06;0.002698113524614895;0.009972899629834497;0.04091490167565223
Fidelity (MAX_ERROR);Tolerancja_0.1;0;3735;0.0004764566430544524;0.02182788682063503;0.09989110785018607;0.3310038050311536
Fidelity (MAX_ERROR);Tolerancja_1.0;0;292;0.03227632519541033;0.17965613041421752;0.9957705879783365;2.7243527169135793
Fidelity (MAX_ERROR);Tolerancja_0.01;1;4776;7.591010872262508e-06;0.0027551789183758117;0.009920182993620408;0.05318285129622774
Fidelity (MAX_ERROR);Tolerancja_0.1;1;3105;0.0006762608877730551;0.026005016588594113;0.0993863800939705;0.5019713677986591
Fidelity (MAX_ERROR);Tolerancja_1.0;1;67;0.08809355040280269;0.2968055767717357;0.9957859495331185;5.729198473487022
Fidelity (MAX_ERROR);Tolerancja_0.01;2;4809;6.6557323447849735e-06;0.0025798706062097328;0.00986622057434694;0.04505306796745058
Fidelity (MAX_ERROR);Tolerancja_0.1;2;3216;0.0006983618348007022;0.026426536564610623;0.09967257292060694;0.4614946754011468
Fidelity (MAX_ERROR);Tolerancja_1.0;2;94;0.0750673022473881;0.27398412772894;0.9871256326438971;4.78466846316365
Fidelity (MAX_ERROR);Tolerancja_0.01;3;4862;7.728623112734414e-06;0.0027800401279000297;0.009932469462590632;0.05420699458151036
Fidelity (MAX_ERROR);Tolerancja_0.1;3;4542;7.550677636512852e-05;0.008689463525737854;0.09961176687228956;0.16943269902068187
Fidelity (MAX_ERROR);Tolerancja_1.0;3;3121;0.0011370006298173458;0.03371943993925976;0.999535558678966;0.6574831347703288
Fidelity (MAX_ERROR);Tolerancja_0.01;4;4840;7.695248021533748e-06;0.0027740310058710135;0.0099594253498001;0.0458417051702621
Fidelity (MAX_ERROR);Tolerancja_0.1;4;3594;0.0007594386714280106;0.0275579148599456;0.09973534652771887;0.45540291562824436
Fidelity (MAX_ERROR);Tolerancja_1.0;4;191;0.07347790263302352;0.2710680774879689;0.9932033694638216;4.479482335624271
Fidelity (MAX_ERROR);Tolerancja_0.01;5;4832;8.542341957693875e-06;0.002922728512485187;0.009897041652244809;0.04804965909913214
Fidelity (MAX_ERROR);Tolerancja_0.1;5;3564;0.0008515838499103684;0.029181909634401385;0.09923951503582806;0.4797506178917714
Fidelity (MAX_ERROR);Tolerancja_1.0;5;209;0.07204853783074468;0.26841858696957754;0.9900340557947409;4.412801785955931
Fidelity (MAX_ERROR);Tolerancja_0.01;6;4833;8.171517376419713e-06;0.002858586604673665;0.00997602425348898;0.051762075928545745
Fidelity (MAX_ERROR);Tolerancja_0.1;6;3355;0.0008607966135922592;0.029339335602434135;0.09975850204869552;0.531264266985415
Fidelity (MAX_ERROR);Tolerancja_1.0;6;132;0.08042281672381264;0.283589168911319;0.9996011985440307;5.135112600647146
Fidelity (MAX_ERROR);Tolerancja_0.01;7;4835;7.525146421971798e-06;0.002743200033167796;0.009840288556875798;0.05455862920845674
Fidelity (MAX_ERROR);Tolerancja_0.1;7;3766;0.00048483633275513344;0.02201899935862512;0.09997032593517696;0.4379288447883276
Fidelity (MAX_ERROR);Tolerancja_1.0;7;1225;0.007779671150638715;0.08820244413075363;0.9993960595386286;1.7542302371046437
Fidelity (MAX_ERROR);Tolerancja_0.01;8;4745;6.950128088535529e-06;0.002636309558556341;0.009859688628246932;0.04233013750519601
Fidelity (MAX_ERROR);Tolerancja_0.1;8;3367;0.00034927601907153936;0.018688927713262186;0.09969050257345913;0.3000804201310375
Fidelity (MAX_ERROR);Tolerancja_1.0;8;492;0.008668394655560754;0.09310421395168295;0.9982548853476327;1.4949360427332008
Fidelity (MAX_ERROR);Tolerancja_0.01;9;4805;9.182584462724277e-06;0.003030277951397244;0.009888762866798295;0.0659125611366717
Fidelity (MAX_ERROR);Tolerancja_0.1;9;3896;0.0003155399749802046;0.01776344490745544;0.0993404855638973;0.3863784666752076
Fidelity (MAX_ERROR);Tolerancja_1.0;9;1264;0.006117048222843153;0.07821156067259592;0.9977857166017419;1.7012050898004216
Fidelity (MAX_ERROR);Tolerancja_0.01;10;4872;7.250335322261986e-06;0.0026926446706281144;0.009860124300465678;0.046743027739652214
Fidelity (MAX_ERROR);Tolerancja_0.1;10;3890;0.0005781369748818248;0.024044479093584557;0.0996992644221093;0.4174006936439687
Fidelity (MAX_ERROR);Tolerancja_1.0;10;214;0.07530966303968738;0.27442606115252133;0.9863947414003995;4.763905586526396
Fidelity (MAX_ERROR);Tolerancja_0.01;11;4811;5.6346917374952055e-06;0.002373750563453373;0.00991337060315356;0.04382310483320079
Fidelity (MAX_ERROR);Tolerancja_0.1;11;3328;0.000600129627570793;0.024497543296640847;0.09986742861078746;0.4522625184689735
Fidelity (MAX_ERROR);Tolerancja_1.0;11;70;0.08660292273886118;0.2942837452848206;0.9863579533818347;5.432932852709558
Fidelity (MAX_ERROR);Tolerancja_0.01;12;4832;7.715054427588621e-06;0.0027775986800811633;0.00974816160090386;0.05161216515509488
Fidelity (MAX_ERROR);Tolerancja_0.1;12;3735;0.0005435672962321619;0.023314529723590004;0.09949059036068197;0.43322074107989367
Fidelity (MAX_ERROR);Tolerancja_1.0;12;170;0.07187385552018295;0.2680929978947286;0.9884362953202981;4.9815908192550395
Fidelity (MAX_ERROR);Tolerancja_0.01;13;4728;8.364516020716659e-06;0.002892147302734883;0.009968254933904852;0.05463664436850432
Fidelity (MAX_ERROR);Tolerancja_0.1;13;2774;0.000658125186546207;0.025653950700549166;0.09965047634946522;0.4846384483071169
Fidelity (MAX_ERROR);Tolerancja_1.0;13;52;0.0768620272888158;0.277240017473697;0.9758161581732017;5.237445625644484
Fidelity (MAX_ERROR);Tolerancja_0.01;14;4878;7.774490400553547e-06;0.0027882773177274793;0.009692780261517875;0.050523179887950985
Fidelity (MAX_ERROR);Tolerancja_0.1;14;3838;0.0007850181907852309;0.028018176078846227;0.09993291987572661;0.5076852797832743
Fidelity (MAX_ERROR);Tolerancja_1.0;14;750;0.02437432051653128;0.15612277385612672;0.9979939104684208;2.8289219791694764
Fidelity (MAX_ERROR);Tolerancja_0.01;15;4793;7.767608077827378e-06;0.0027870428912787435;0.009952892342398378;0.05231817173888691
Fidelity (MAX_ERROR);Tolerancja_0.1;15;3263;0.0006547705169636998;0.025588484069278113;0.09979355640924403;0.48034521042481176
Fidelity (MAX_ERROR);Tolerancja_1.0;15;83;0.08104315661325691;0.28468079775997696;0.9746817713786298;5.344007770593078
Fidelity (MAX_ERROR);Tolerancja_0.01;16;4842;6.577167483130594e-06;0.0025645988932249415;0.009817623880299386;0.038388947408048366
Fidelity (MAX_ERROR);Tolerancja_0.1;16;3738;0.000538369513953222;0.02320279108110104;0.0999058332375915;0.3473177536204276
Fidelity (MAX_ERROR);Tolerancja_1.0;16;541;0.02068170344145973;0.14381134670623083;0.9974575877703176;2.1526821367546605
Fidelity (MAX_ERROR);Tolerancja_0.01;17;4870;5.400988064507888e-06;0.002324002595632778;0.00979002038011867;0.03661579653506139
Fidelity (MAX_ERROR);Tolerancja_0.1;17;3686;0.0005861826411623002;0.02421120899836066;0.09952420343175561;0.381459428753539
Fidelity (MAX_ERROR);Tolerancja_1.0;17;210;0.051497039673174864;0.22692959188518114;0.9990515556151474;3.575386610955951
Fidelity (MAX_ERROR);Tolerancja_0.01;18;4822;7.206768695737905e-06;0.002684542548692031;0.009912716076033945;0.04523624218855364
Fidelity (MAX_ERROR);Tolerancja_0.1;18;3365;0.0007176007314000342;0.026788070692008302;0.09962252867422716;0.45139595726586457
Fidelity (MAX_ERROR);Tolerancja_1.0;18;136;0.06320703407514634;0.2514100914345849;0.9881510820639212;4.2364192701368815
Fidelity (MAX_ERROR);Tolerancja_0.01;19;4849;6.606840672881872e-06;0.0025703775350873793;0.009955744850656423;0.046236936254606516
Fidelity (MAX_ERROR);Tolerancja_0.1;19;3817;0.0004301013128802895;0.020738884079918318;0.09964572199064126;0.3730589954608592
Fidelity (MAX_ERROR);Tolerancja_1.0;19;710;0.014582750872391631;0.12075906124341822;0.9994544928511626;2.17226027720019
Fidelity (MAX_ERROR);Tolerancja_0.01;20;4815;7.4218404673593395e-06;0.002724305501840669;0.009940417587507078;0.04699206993728997
Fidelity (MAX_ERROR);Tolerancja_0.1;20;3285;0.0007774412428749042;0.027882633356175385;0.09956787488523888;0.4809529092181229
Fidelity (MAX_ERROR);Tolerancja_1.0;20;137;0.06983445897816223;0.26426210280356555;0.9906921263850783;4.558307872714763
Fidelity (MAX_ERROR);Tolerancja_0.01;21;4851;7.55368738035123e-06;0.002748397238455757;0.0097854507958397;0.050961188580184474
Fidelity (MAX_ERROR);Tolerancja_0.1;21;3768;0.0005938903633760967;0.024369865887527913;0.0996843109721568;0.45186966199468
Fidelity (MAX_ERROR);Tolerancja_1.0;21;196;0.06667324256450416;0.2582116236045623;0.9949503176295398;4.787798161047941
Fidelity (MAX_ERROR);Tolerancja_0.01;22;4870;6.939596986711174e-06;0.002634311482477191;0.009706185393776323;0.041773260770700926
Fidelity (MAX_ERROR);Tolerancja_0.1;22;3703;0.000699372864663322;0.026445658711087575;0.0991722992484263;0.4193586843999132
Fidelity (MAX_ERROR);Tolerancja_1.0;22;388;0.03657261036269958;0.1912396673357794;0.9928201955251117;3.032558809563166
Fidelity (MAX_ERROR);Tolerancja_0.01;23;4836;7.58349926353607e-06;0.002753815401136407;0.009913624614831917;0.04978713437612693
Fidelity (MAX_ERROR);Tolerancja_0.1;23;3438;0.0007910095561627001;0.02812489210935217;0.09971147659111157;0.5084791748148948
Fidelity (MAX_ERROR);Tolerancja_1.0;23;157;0.07162813641526411;0.26763433340149784;0.9892884236384232;4.838649139381985
Fidelity (MAX_ERROR);Tolerancja_0.01;24;4856;8.486999131433563e-06;0.002913245463642493;0.009955132965749236;0.0506663938818036
Fidelity (MAX_ERROR);Tolerancja_0.1;24;3863;0.0005877006518024242;0.024242538064369917;0.09932678820792162;0.42161980430177537
Fidelity (MAX_ERROR);Tolerancja_1.0;24;373;0.03711144017288761;0.19264329776269823;0.9969493763182902;3.3504012363347604
Fidelity (MAX_ERROR);Tolerancja_0.01;25;4865;6.722856799394863e-06;0.0025928472379596265;0.009914661625383125;0.043984113194164606
Fidelity (MAX_ERROR);Tolerancja_0.1;25;3806;0.0006116715150595734;0.024731993754236098;0.09975399447142941;0.41954450569934865
Fidelity (MAX_ERROR);Tolerancja_1.0;25;153;0.08419461126800817;0.29016307702395244;0.9920424897794708;4.922220421528497
Fidelity (MAX_ERROR);Tolerancja_0.01;26;4853;6.309716440963316e-06;0.002511914895246914;0.009876950261476836;0.04725623807024582
Fidelity (MAX_ERROR);Tolerancja_0.1;26;3415;0.0008017919017545307;0.02831593017639595;0.09925123476681907;0.5327028953601124
Fidelity (MAX_ERROR);Tolerancja_1.0;26;151;0.07009536130827314;0.26475528570412554;0.9870148369383145;4.98079725362681
Fidelity (MAX_ERROR);Tolerancja_0.01;27;4802;7.281285209629995e-06;0.002698385667325928;0.00997008370515573;0.04102122436664399
Fidelity (MAX_ERROR);Tolerancja_0.1;27;3282;0.000583594726899237;0.024157705331823983;0.09926150827294933;0.36724870821822625
Fidelity (MAX_ERROR);Tolerancja_1.0;27;102;0.06441139849176734;0.2537940079902742;0.9860842719597249;3.8582108816920924
Fidelity (MAX_ERROR);Tolerancja_0.01;28;4840;6.554415194980118e-06;0.0025601592128186323;0.009921821130926212;0.03995949076663673
Fidelity (MAX_ERROR);Tolerancja_0.1;28;3397;0.0007401198126450156;0.027205143128552284;0.09915224649459109;0.4246234609970051
Fidelity (MAX_ERROR);Tolerancja_1.0;28;114;0.08330370248721806;0.28862380790090425;0.9951379131313756;4.504899667607024
Fidelity (MAX_ERROR);Tolerancja_0.01;29;4812;6.943739619824993e-06;0.0026350976490113216;0.009800057685097396;0.04651620177041098
Fidelity (MAX_ERROR);Tolerancja_0.1;29;3498;0.0006160355628218901;0.02482006371510537;0.09911447602102186;0.43813749830465476
Fidelity (MAX_ERROR);Tolerancja_1.0;29;98;0.08682717955458694;0.2946645203525306;0.979017278441721;5.201581159029297
Fidelity (MAX_ERROR);Tolerancja_0.01;30;4835;8.446953751717692e-06;0.002906364352884492;0.009874209214971508;0.052330964046220826
Fidelity (MAX_ERROR);Tolerancja_0.1;30;3544;0.0007674783513913786;0.02770339963599014;0.09908080511987638;0.49881757215686034
Fidelity (MAX_ERROR);Tolerancja_1.0;30;160;0.07828839144644471;0.2798006280308261;0.9950516527567927;5.0379907085837745
Fidelity (MAX_ERROR);Tolerancja_0.01;31;4816;5.733382422116903e-06;0.002394448250039433;0.009884035962307358;0.04620079223883326
Fidelity (MAX_ERROR);Tolerancja_0.1;31;3102;0.0006870410783720672;0.02621146845127276;0.09949038085603945;0.5057493341825375
Fidelity (MAX_ERROR);Tolerancja_1.0;31;122;0.05124200823818158;0.22636697691620475;0.9892530426278356;4.3677426188125414
Fidelity (MAX_ERROR);Tolerancja_0.01;32;4874;6.76765950992956e-06;0.0026014725656692134;0.009681298352837153;0.04978550730319144
Fidelity (MAX_ERROR);Tolerancja_0.1;32;3681;0.000797388699961764;0.028238071817349074;0.09947404327516596;0.5404042115389484
Fidelity (MAX_ERROR);Tolerancja_1.0;32;204;0.07766045073661752;0.2786762471697535;0.9897517220168872;5.333148049219087
Fidelity (MAX_ERROR);Tolerancja_0.01;33;4826;6.642956584945761e-06;0.002577393370237799;0.009809106060645334;0.043727843549196704
Fidelity (MAX_ERROR);Tolerancja_0.1;33;4029;0.0002396345874705089;0.015480135253624527;0.09994041641863305;0.2626346991916269
Fidelity (MAX_ERROR);Tolerancja_1.0;33;1974;0.0033239257731040466;0.05765349749238156;0.9987367749894727;0.9781444879631485
Fidelity (MAX_ERROR);Tolerancja_0.01;34;4819;8.578325289955438e-06;0.0029288778209333754;0.009902185885999337;0.053361401339732745
Fidelity (MAX_ERROR);Tolerancja_0.1;34;3435;0.0007077500659377225;0.026603572428110525;0.0990251606738779;0.4846920876182723
Fidelity (MAX_ERROR);Tolerancja_1.0;34;410;0.02434319751167764;0.15602306724224352;0.9934067574608632;2.8425936547657895
Fidelity (MAX_ERROR);Tolerancja_0.01;35;4812;6.934248624544219e-06;0.0026332961520771298;0.009999085089487991;0.045438962044340184
Fidelity (MAX_ERROR);Tolerancja_0.1;35;3240;0.0007454827482885439;0.0273035299602184;0.09992778943194747;0.47113730848702895
Fidelity (MAX_ERROR);Tolerancja_1.0;35;104;0.07232922716004335;0.26894093619239773;0.9802544806170799;4.640722610017218
Fidelity (MAX_ERROR);Tolerancja_0.01;36;4806;6.4397228279100135e-06;0.002537660896950184;0.009902155708988225;0.03972554173448063
Fidelity (MAX_ERROR);Tolerancja_0.1;36;3164;0.0006850654515551118;0.026173755014424503;0.09994015091096564;0.40973425504692373
Fidelity (MAX_ERROR);Tolerancja_1.0;36;100;0.0731265016219109;0.2704191221454409;0.9802258906412709;4.233247293009461
Fidelity (MAX_ERROR);Tolerancja_0.01;37;4859;7.675068713853198e-06;0.0027703914369368813;0.00997363279152541;0.04381283913005245
Fidelity (MAX_ERROR);Tolerancja_0.1;37;3751;0.0007492982134183342;0.027373312065191058;0.09920277684819823;0.4329000234331375
Fidelity (MAX_ERROR);Tolerancja_1.0;37;233;0.0743324382290517;0.27263975907605936;0.9919882223095078;4.311709076773253
Fidelity (MAX_ERROR);Tolerancja_0.01;38;4794;7.3954175153426795e-06;0.002719451693879242;0.00980339798796237;0.04772663308033625
Fidelity (MAX_ERROR);Tolerancja_0.1;38;3257;0.0006251970617426268;0.02500394092423486;0.09925680421578598;0.43882151565305644
Fidelity (MAX_ERROR);Tolerancja_1.0;38;111;0.059585288597239494;0.2441009803283049;0.9983592557892056;4.283995170386986
Fidelity (MAX_ERROR);Tolerancja_0.01;39;4882;6.880666625453399e-06;0.0026231024809285283;0.009700839852580856;0.044697006073319584
Fidelity (MAX_ERROR);Tolerancja_0.1;39;3818;0.0007302985742743877;0.02702403697219177;0.09958873089869069;0.4604827883979955
Fidelity (MAX_ERROR);Tolerancja_1.0;39;254;0.07005431700575639;0.2646777606935581;0.9993458364123073;4.510042426175012
Fidelity (MAX_ERROR);Tolerancja_0.01;40;4774;7.867732119001693e-06;0.0028049477925625806;0.009920962403139555;0.052802461386832596
Fidelity (MAX_ERROR);Tolerancja_0.1;40;3124;0.0007214757810545204;0.026860301209303675;0.09936669120102426;0.5056386508168161
Fidelity (MAX_ERROR);Tolerancja_1.0;40;97;0.06768791490955955;0.26016901220083755;0.9884543067855645;4.897618507271595
Fidelity (MAX_ERROR);Tolerancja_0.01;41;4839;5.40687485808409e-06;0.0023252687711497115;0.009889354417051521;0.04133494999001507
Fidelity (MAX_ERROR);Tolerancja_0.1;41;3566;0.0005692927847433885;0.023859857181957073;0.09986075065588995;0.4241427982957237
Fidelity (MAX_ERROR);Tolerancja_1.0;41;106;0.0802081238554994;0.28321038797243897;0.9805796731391689;5.034466281377592
Fidelity (MAX_ERROR);Tolerancja_0.01;42;4829;6.421189432404743e-06;0.002534006596756359;0.009733659603040401;0.04932587262214506
Fidelity (MAX_ERROR);Tolerancja_0.1;42;3374;0.0007264284836786693;0.026952337258179842;0.09984541404450287;0.5246424994188356
Fidelity (MAX_ERROR);Tolerancja_1.0;42;150;0.06525789847647638;0.25545625550468787;0.9897081671161274;4.9726005984687305
Fidelity (MAX_ERROR);Tolerancja_0.01;43;4846;5.684542604893792e-06;0.00238422788443005;0.009898434260322109;0.04592184363783169
Fidelity (MAX_ERROR);Tolerancja_0.1;43;3580;0.0005249249330035673;0.02291124032006053;0.09981066229105373;0.4412860039081857
Fidelity (MAX_ERROR);Tolerancja_1.0;43;184;0.052246874924558054;0.2285757531422746;0.9990794359293727;4.402523795542458
Fidelity (MAX_ERROR);Tolerancja_0.01;44;4808;6.683086857240875e-06;0.0025851666981533076;0.009936547466225853;0.04468260857190692
Fidelity (MAX_ERROR);Tolerancja_0.1;44;3306;0.0006705100630600083;0.025894209064190554;0.09985400935966293;0.4475613927414657
Fidelity (MAX_ERROR);Tolerancja_1.0;44;99;0.07344848513569326;0.2710138098615885;0.9966263368934349;4.684264265154337
Fidelity (MAX_ERROR);Tolerancja_0.01;45;4892;6.257244177947469e-06;0.0025014484160077073;0.009864893027725863;0.041237530318031235
Fidelity (MAX_ERROR);Tolerancja_0.1;45;3777;0.0008590232194701293;0.029309097895877472;0.09963104452474436;0.48317399045324505
Fidelity (MAX_ERROR);Tolerancja_1.0;45;318;0.06620735106828396;0.2573078915779381;0.9919027715907376;4.241839212878346
Fidelity (MAX_ERROR);Tolerancja_0.01;46;4805;6.140876529348499e-06;0.0024780792015891054;0.009910278955560514;0.05141270152010071
Fidelity (MAX_ERROR);Tolerancja_0.1;46;3468;0.00044683647854931155;0.021138507008521476;0.09953818925903501;0.43856053943423295
Fidelity (MAX_ERROR);Tolerancja_1.0;46;545;0.01120214989265747;0.10584020924326194;0.9955989757620358;2.195866493354759
Fidelity (MAX_ERROR);Tolerancja_0.01;47;4765;6.692476168643828e-06;0.0025869820580444363;0.00994715411531466;0.0415825170114974
Fidelity (MAX_ERROR);Tolerancja_0.1;47;3159;0.0005353650158637975;0.02313795617300278;0.09931626681485817;0.37191384964705576
Fidelity (MAX_ERROR);Tolerancja_1.0;47;50;0.0941496073054316;0.30683807994678824;0.9643207728316903;4.932040266567384
Fidelity (MAX_ERROR);Tolerancja_0.01;48;4847;6.525824436604138e-06;0.0025545693250730423;0.009892604066184418;0.04002416728492365
Fidelity (MAX_ERROR);Tolerancja_0.1;48;3583;0.0007879529664097303;0.028070499931595987;0.09981619509243345;0.4397995286354234
Fidelity (MAX_ERROR);Tolerancja_1.0;48;166;0.08421686357835427;0.2902014189806009;0.9984934681368713;4.546782123154822
Fidelity (MAX_ERROR);Tolerancja_0.01;49;4831;7.630334024177622e-06;0.002762305925160648;0.009838462960785499;0.045708215969070126
Fidelity (MAX_ERROR);Tolerancja_0.1;49;3809;0.0004255705740877194;0.02062936194087736;0.09972667999722806;0.34135658990880957
Fidelity (MAX_ERROR);Tolerancja_1.0;49;1664;0.0048304075470013445;0.06950113342242228;0.9997097792684209;1.150043804935358
Fidelity (MAX_ERROR);Tolerancja_0.01;50;4838;8.219426407295902e-06;0.0028669542039062817;0.009977154080429429;0.043981629572607164
Fidelity (MAX_ERROR);Tolerancja_0.1;50;3725;0.0006722909836091981;0.02592857465440779;0.09998741785937426;0.39776741611081995
Fidelity (MAX_ERROR);Tolerancja_1.0;50;530;0.02498818641054377;0.15807652074404904;0.9981444493844283;2.4250345436346525
Fidelity (MAX_ERROR);Tolerancja_0.01;51;4826;7.0053464488407975e-06;0.00264676150207018;0.009931636765307728;0.04469164458260513
Fidelity (MAX_ERROR);Tolerancja_0.1;51;3252;0.000789538447777948;0.02809872679994501;0.09907827336984454;0.47445843170404645
Fidelity (MAX_ERROR);Tolerancja_1.0;51;107;0.07322629339014912;0.2706035723898506;0.9999057371405833;4.569251392908385
Fidelity (MAX_ERROR);Tolerancja_0.01;52;4873;6.633782677355035e-06;0.002575613068252884;0.009741517714637382;0.04992180986812171
Fidelity (MAX_ERROR);Tolerancja_0.1;52;3915;0.0006669492849506975;0.025825361274350016;0.09990509466057507;0.5005599603469131
Fidelity (MAX_ERROR);Tolerancja_1.0;52;312;0.06706475829139744;0.2589686434520547;0.9925063623360737;5.01945868328291
Fidelity (MAX_ERROR);Tolerancja_0.01;53;4835;7.65680263289384e-06;0.002767092812482776;0.00998923265661844;0.04612389633006546
Fidelity (MAX_ERROR);Tolerancja_0.1;53;3613;0.0006745393179206335;0.025971894769551057;0.09967659905470772;0.43291825140165907
Fidelity (MAX_ERROR);Tolerancja_1.0;53;174;0.07021368916417108;0.26497865794091996;0.9879977102647635;4.416855153326356
Fidelity (MAX_ERROR);Tolerancja_0.01;54;4859;7.009176219564947e-06;0.002647484885615959;0.009720494441455507;0.05041676453167364
Fidelity (MAX_ERROR);Tolerancja_0.1;54;3812;0.0005877087783016327;0.024242705672049742;0.09926067188060284;0.4616603441700241
Fidelity (MAX_ERROR);Tolerancja_1.0;54;1162;0.011293875761421877;0.10627264822813948;0.9986680719347447;2.0237785344821435
Fidelity (MAX_ERROR);Tolerancja_0.01;55;4782;7.02343549483905e-06;0.0026501765025822434;0.009907884585520943;0.04407291528217126
Fidelity (MAX_ERROR);Tolerancja_0.1;55;3281;0.0005512134456826919;0.023477935294286247;0.09924000224062102;0.3904423166597241
Fidelity (MAX_ERROR);Tolerancja_1.0;55;82;0.06993889479263815;0.2644596279068663;0.9823618989047347;4.398011515435715
Fidelity (MAX_ERROR);Tolerancja_0.01;56;4792;8.543704501416874e-06;0.002922961597663725;0.009893013586183663;0.04918526753530807
Fidelity (MAX_ERROR);Tolerancja_0.1;56;3570;0.00047356048188871956;0.021761444848371617;0.09991297858802817;0.3661842453481143
Fidelity (MAX_ERROR);Tolerancja_1.0;56;966;0.007328033800526386;0.08560393566026264;0.99999312778057;1.4404747845098829
Fidelity (MAX_ERROR);Tolerancja_0.01;57;4774;8.069400749123748e-06;0.0028406690671607185;0.009911978078165795;0.048128786311740585
Fidelity (MAX_ERROR);Tolerancja_0.1;57;3211;0.0005816982504740352;0.0241184213926624;0.09950835289385429;0.4086327276919252
Fidelity (MAX_ERROR);Tolerancja_1.0;57;73;0.08004727634272961;0.2829262736875627;0.9786162023549534;4.793553154678444
Fidelity (MAX_ERROR);Tolerancja_0.01;58;4864;6.44550790997529e-06;0.0025388004864453782;0.009894326028646816;0.04231831239926335
Fidelity (MAX_ERROR);Tolerancja_0.1;58;3585;0.0008430510662817268;0.029035341676683035;0.09926745289976324;0.4839792123301451
Fidelity (MAX_ERROR);Tolerancja_1.0;58;200;0.07042061350303919;0.26536882541670037;0.9968692278193041;4.423333347762501
Fidelity (MAX_ERROR);Tolerancja_0.01;59;4852;7.891815981546035e-06;0.002809237615714633;0.009757890206865127;0.04539283235578946
Fidelity (MAX_ERROR);Tolerancja_0.1;59;3641;0.0007222856457356142;0.026875372476220943;0.09941509283477412;0.43426347080368166
Fidelity (MAX_ERROR);Tolerancja_1.0;59;232;0.05725340412064256;0.23927683573769226;0.9892161862808297;3.8663348484680697
Fidelity (MAX_ERROR);Tolerancja_0.01;60;4886;5.372565774043675e-06;0.002317879585751528;0.009826025157567031;0.03998630795048591
Fidelity (MAX_ERROR);Tolerancja_0.1;60;3865;0.0005792406577256585;0.024067419008395114;0.0997492452180957;0.41519293493886844
Fidelity (MAX_ERROR);Tolerancja_1.0;60;236;0.07074901401013595;0.26598686811595784;0.9980485116640434;4.588604552475709
Fidelity (MAX_ERROR);Tolerancja_0.01;61;4842;5.730664325265983e-06;0.002393880599626051;0.009891439139337432;0.04192296565112746
Fidelity (MAX_ERROR);Tolerancja_0.1;61;3319;0.0008089347117010986;0.02844177757632421;0.09993759953000136;0.4980881939456405
Fidelity (MAX_ERROR);Tolerancja_1.0;61;121;0.08441389849266633;0.2905407002343498;0.9936469927160392;5.088109990983618
Fidelity (MAX_ERROR);Tolerancja_0.01;62;4825;7.91277419874236e-06;0.002812965374607793;0.009918214918440249;0.05630399490512304
Fidelity (MAX_ERROR);Tolerancja_0.1;62;3494;0.0007573897761403458;0.027520715400227984;0.09942420263522544;0.550851508400037
Fidelity (MAX_ERROR);Tolerancja_1.0;62;158;0.08425776854038965;0.29027188727189834;0.9995225537748129;5.810049071199874
Fidelity (MAX_ERROR);Tolerancja_0.01;63;4857;6.566579570311498e-06;0.002562533818374208;0.009748418154089222;0.04695409758701707
Fidelity (MAX_ERROR);Tolerancja_0.1;63;3634;0.0006962090355748838;0.026385773355633975;0.09945211300959045;0.4834746640867286
Fidelity (MAX_ERROR);Tolerancja_1.0;63;186;0.06593345441698036;0.25677510474534004;0.9905972404729777;4.70496944847289
Fidelity (MAX_ERROR);Tolerancja_0.01;64;4856;5.960277923292928e-06;0.002441368043391436;0.009828545273265377;0.038830168697480294
Fidelity (MAX_ERROR);Tolerancja_0.1;64;3396;0.0008392992392802537;0.028970661699040525;0.09999822021493188;0.46078086591510625
Fidelity (MAX_ERROR);Tolerancja_1.0;64;120;0.08414777573090094;0.2900823602546369;0.9819976909921904;4.613784888084079
Fidelity (MAX_ERROR);Tolerancja_0.01;65;4839;6.4078421074954205e-06;0.0025313715862147583;0.00998512197850232;0.05074420184778937
Fidelity (MAX_ERROR);Tolerancja_0.1;65;3918;0.0003427233471939808;0.01851278874707916;0.09936057874881676;0.37110975491038384
Fidelity (MAX_ERROR);Tolerancja_1.0;65;1459;0.006314656418214621;0.079464812453152;0.998551279143367;1.5929618965776642
Fidelity (MAX_ERROR);Tolerancja_0.01;66;4850;7.571467866686705e-06;0.002751630038120442;0.009969761147087475;0.044265916038576186
Fidelity (MAX_ERROR);Tolerancja_0.1;66;3537;0.0008515678892873989;0.02918163616535918;0.09980197766586851;0.46944968562940453
Fidelity (MAX_ERROR);Tolerancja_1.0;66;153;0.07504078606065231;0.2739357334497497;0.9893145743929912;4.406848307679957
Fidelity (MAX_ERROR);Tolerancja_0.01;67;4889;6.190174879165756e-06;0.0024880062056123887;0.009974291425601578;0.039848707929430446
Fidelity (MAX_ERROR);Tolerancja_0.1;67;4053;0.00037116780269516;0.019265715732750755;0.0997160298454407;0.30856590210829304
Fidelity (MAX_ERROR);Tolerancja_1.0;67;2198;0.004220764335198413;0.06496740979289857;0.9991934919770857;1.0405389391428868
Fidelity (MAX_ERROR);Tolerancja_0.01;68;4781;5.41101705565492e-06;0.002326159292837642;0.00993029819469804;0.04356118879808521
Fidelity (MAX_ERROR);Tolerancja_0.1;68;3177;0.0004994324950655114;0.02234798637608121;0.09964821981520355;0.41850309081711584
Fidelity (MAX_ERROR);Tolerancja_1.0;68;57;0.08572782911444231;0.2927931507300714;0.9782409511658283;5.48303710627657
Fidelity (MAX_ERROR);Tolerancja_0.01;69;4799;8.29532473562699e-06;0.002880160539905196;0.00990099509851472;0.05440710987880005
Fidelity (MAX_ERROR);Tolerancja_0.1;69;3283;0.0006770210093526419;0.02601962738689088;0.09929812678545602;0.4915186867641083
Fidelity (MAX_ERROR);Tolerancja_1.0;69;97;0.07092512208092376;0.26631770891347756;0.9903068875624506;5.0308226401861615
Fidelity (MAX_ERROR);Tolerancja_0.01;70;4820;6.852598391967102e-06;0.0026177468158641894;0.009969822806055184;0.043016256418735715
Fidelity (MAX_ERROR);Tolerancja_0.1;70;3736;0.00040361259295911987;0.02009011182047327;0.09997316818057644;0.33013177451435666
Fidelity (MAX_ERROR);Tolerancja_1.0;70;414;0.023014068746631637;0.15170388507428423;0.9988609264865858;2.492881733453471
Fidelity (MAX_ERROR);Tolerancja_0.01;71;4814;6.763010766195409e-06;0.0026005789290454943;0.009841760826445167;0.04182219378334929
Fidelity (MAX_ERROR);Tolerancja_0.1;71;3251;0.0007435535214025394;0.027268177815954982;0.09953384617122918;0.43852351643726845
Fidelity (MAX_ERROR);Tolerancja_1.0;71;98;0.07502300782563204;0.27390328188182056;0.985122647142183;4.404879238547597
Fidelity (MAX_ERROR);Tolerancja_0.01;72;4879;7.780779351298917e-06;0.0027894048381866187;0.009913848419376592;0.04427817547986091
Fidelity (MAX_ERROR);Tolerancja_0.1;72;3819;0.0007136326802704;0.026713904249854606;0.09970739983112553;0.4240485009326312
Fidelity (MAX_ERROR);Tolerancja_1.0;72;918;0.017125976913942558;0.13086625582610117;0.9995615299480187;2.0773316804123247
Fidelity (MAX_ERROR);Tolerancja_0.01;73;4719;8.609820921351704e-06;0.002934249635145535;0.009983696968549616;0.054166540586341065
Fidelity (MAX_ERROR);Tolerancja_0.1;73;2996;0.0005184157590606732;0.0227687452236761;0.09998845066170237;0.4203133051415172
Fidelity (MAX_ERROR);Tolerancja_1.0;73;63;0.0650930697128963;0.25513343511366027;0.9989943792014611;4.709788629600104
Fidelity (MAX_ERROR);Tolerancja_0.01;74;4819;7.487193732368255e-06;0.002736273694711159;0.009825037057364483;0.04875563146776783
Fidelity (MAX_ERROR);Tolerancja_0.1;74;3279;0.0008156275171884445;0.02855919321669372;0.09999319759416414;0.5088750815319584
Fidelity (MAX_ERROR);Tolerancja_1.0;74;108;0.0831017062575435;0.28827366556372;0.9800112269933763;5.136534633671187
Fidelity (MAX_ERROR);Tolerancja_0.01;75;4766;8.721170973037652e-06;0.002953162876144432;0.009929870885164505;0.053162723359236164
Fidelity (MAX_ERROR);Tolerancja_0.1;75;3296;0.0005178844177933631;0.022757074016519854;0.0999898384216662;0.4096719622811407
Fidelity (MAX_ERROR);Tolerancja_1.0;75;280;0.021033562146590103;0.14502952163814822;0.9953721376821028;2.6108158138021182
Fidelity (MAX_ERROR);Tolerancja_0.01;76;4845;8.375808417532578e-06;0.0028940988956033583;0.00986464309389401;0.05304714594734207
Fidelity (MAX_ERROR);Tolerancja_0.1;76;3864;0.0004356048654521084;0.020871149116713922;0.09997604833739238;0.38255599867890644
Fidelity (MAX_ERROR);Tolerancja_1.0;76;1697;0.00570552197132937;0.07553490564851041;0.9980692471555388;1.384510795447399
Fidelity (MAX_ERROR);Tolerancja_0.01;77;4766;6.286102664117793e-06;0.0025072101356124485;0.009982833631789312;0.042330990293129624
Fidelity (MAX_ERROR);Tolerancja_0.1;77;3348;0.0003417206082120824;0.018485686576702593;0.09988757891563527;0.3121068345749506
Fidelity (MAX_ERROR);Tolerancja_1.0;77;109;0.04101645703246187;0.20252520098116647;0.9886688741311422;3.4193752629967302
Fidelity (MAX_ERROR);Tolerancja_0.01;78;4798;7.434799281821343e-06;0.0027266828348418786;0.009969797628459176;0.04644828434248164
Fidelity (MAX_ERROR);Tolerancja_0.1;78;4007;0.00020500376216508638;0.014317952443177285;0.09984255509336037;0.24390234089011475
Fidelity (MAX_ERROR);Tolerancja_1.0;78;1838;0.0030598555183140265;0.055315960791746416;0.9994002772550425;0.942292019702981
Fidelity (MAX_ERROR);Tolerancja_0.01;79;4824;8.1390616718756e-06;0.0028529040768794874;0.009995723911043974;0.05311601200058475
Fidelity (MAX_ERROR);Tolerancja_0.1;79;3689;0.0005609792289091262;0.023685000082523246;0.0997697682725267;0.44097267721430594
Fidelity (MAX_ERROR);Tolerancja_1.0;79;1014;0.009947017711152093;0.09973473673275572;0.9978348621333266;1.8568838385083886
Fidelity (MAX_ERROR);Tolerancja_0.01;80;4818;5.643340165080874e-06;0.002375571544929951;0.009990782718100277;0.04254909061179958
Fidelity (MAX_ERROR);Tolerancja_0.1;80;3532;0.00044823974971236284;0.021171673285604112;0.09981021632206133;0.3792078781862783
Fidelity (MAX_ERROR);Tolerancja_1.0;80;916;0.007419716978739369;0.08613777904461764;0.9971012920925895;1.542822052019772
Fidelity (MAX_ERROR);Tolerancja_0.01;81;4737;7.288361337100921e-06;0.002699696526852772;0.009949181518575045;0.04510000876253065
Fidelity (MAX_ERROR);Tolerancja_0.1;81;2681;0.0007494433867976333;0.02737596366883974;0.09983470820930229;0.45733147747043973
Fidelity (MAX_ERROR);Tolerancja_1.0;81;67;0.07018594527728833;0.2649263015959124;0.9871467092381625;4.425748747889573
Fidelity (MAX_ERROR);Tolerancja_0.01;82;4868;4.623939322739482e-06;0.0021503347001663444;0.00989280552019256;0.04152676793979788
Fidelity (MAX_ERROR);Tolerancja_0.1;82;3734;0.0005498781889368861;0.023449481634716066;0.0998848541530375;0.452850982722865
Fidelity (MAX_ERROR);Tolerancja_1.0;82;165;0.06944023490934643;0.2635151511950431;0.9895376372098763;5.088943842765868
Fidelity (MAX_ERROR);Tolerancja_0.01;83;4802;6.500559317915697e-06;0.0025496194457047304;0.009827876339800312;0.04837033777595626
Fidelity (MAX_ERROR);Tolerancja_0.1;83;3084;0.000701558080063606;0.026486941689511947;0.09973963163400246;0.5024994292117284
Fidelity (MAX_ERROR);Tolerancja_1.0;83;76;0.07200600025566647;0.2683393378833347;0.9908470589962444;5.09082421451555
Fidelity (MAX_ERROR);Tolerancja_0.01;84;4823;7.30376189951531e-06;0.0027025472982938354;0.009991374847198475;0.04471857404942464
Fidelity (MAX_ERROR);Tolerancja_0.1;84;3420;0.0007072260531110292;0.026593722062002324;0.09912354430348547;0.44004163406511043
Fidelity (MAX_ERROR);Tolerancja_1.0;84;98;0.09308425594387577;0.3050971254270938;0.9814705650922324;5.048388386871701
Fidelity (MAX_ERROR);Tolerancja_0.01;85;4836;7.290254233562547e-06;0.002700047079878895;0.009887586146149374;0.04271616628325755
Fidelity (MAX_ERROR);Tolerancja_0.1;85;3676;0.0005928894104893514;0.02434932053444924;0.09998970534983131;0.38521906991359695
Fidelity (MAX_ERROR);Tolerancja_1.0;85;862;0.01374107422984689;0.11722232820519686;0.9959949563987642;1.8545189456283004
Fidelity (MAX_ERROR);Tolerancja_0.01;86;4830;6.005204387644901e-06;0.0024505518536943674;0.009977793308496352;0.04355736989602942
Fidelity (MAX_ERROR);Tolerancja_0.1;86;3471;0.0006090441133699975;0.024678819124301664;0.09935598206747631;0.43865403279423093
Fidelity (MAX_ERROR);Tolerancja_1.0;86;114;0.07382550522060467;0.2717084930961943;0.9827296913770331;4.82948659904576
Fidelity (MAX_ERROR);Tolerancja_0.01;87;4848;6.0444712300894004e-06;0.002458550636063736;0.009875531522633985;0.038286362502271555
Fidelity (MAX_ERROR);Tolerancja_0.1;87;3573;0.0005809284469408447;0.024102457280137324;0.09946691901727167;0.3753412287250239
Fidelity (MAX_ERROR);Tolerancja_1.0;87;1286;0.006770490697484354;0.08228299154433043;0.999487279381368;1.2813713884215117
Fidelity (MAX_ERROR);Tolerancja_0.01;88;4841;7.33838515384939e-06;0.0027089453951398487;0.00993436235365408;0.051635831079328225
Fidelity (MAX_ERROR);Tolerancja_0.1;88;3569;0.0006934431472105872;0.026333308702299208;0.09997708523046178;0.5019452523300233
Fidelity (MAX_ERROR);Tolerancja_1.0;88;130;0.08507108532725473;0.29166947959506273;0.9948830709041641;5.559579017866741
Fidelity (MAX_ERROR);Tolerancja_0.01;89;4847;6.548072165297965e-06;0.0025589201170216247;0.00988586715409312;0.04503944742165905
Fidelity (MAX_ERROR);Tolerancja_0.1;89;3734;0.0006395900948455395;0.025290118521777226;0.09987954328298465;0.4451303328588766
Fidelity (MAX_ERROR);Tolerancja_1.0;89;1182;0.010504130514643677;0.10248966052555583;0.9997558103247721;1.8039162871083279
Fidelity (MAX_ERROR);Tolerancja_0.01;90;4813;7.628994510976225e-06;0.0027620634516564288;0.009947012373430653;0.04560366704952954
Fidelity (MAX_ERROR);Tolerancja_0.1;90;3298;0.0007443817898450254;0.027283361043775847;0.0991346280527532;0.45046804130668694
Fidelity (MAX_ERROR);Tolerancja_1.0;90;92;0.07803735850303899;0.2793516753181176;0.9751908041964228;4.612298382680445
Fidelity (MAX_ERROR);Tolerancja_0.01;91;4833;7.216448885186853e-06;0.0026863448931935103;0.009986950984439247;0.047696629097688674
Fidelity (MAX_ERROR);Tolerancja_0.1;91;3596;0.0006628973574912773;0.025746793149658023;0.09924427995164109;0.457139828331674
Fidelity (MAX_ERROR);Tolerancja_1.0;91;172;0.06585541961192505;0.25662310810198885;0.9992139635966613;4.556398262951903
Fidelity (MAX_ERROR);Tolerancja_0.01;92;4816;7.690452621400059e-06;0.002773166533297281;0.009923671899403352;0.05023528548202808
Fidelity (MAX_ERROR);Tolerancja_0.1;92;3736;0.00038694612270340765;0.019670946156791942;0.09993262413474735;0.3563347473089221
Fidelity (MAX_ERROR);Tolerancja_1.0;92;363;0.023476238607981884;0.15321957645151577;0.9943394721449828;2.7755380255961737
Fidelity (MAX_ERROR);Tolerancja_0.01;93;4854;6.355192286898563e-06;0.0025209506712545095;0.009878659803319145;0.041995679356110156
Fidelity (MAX_ERROR);Tolerancja_0.1;93;3519;0.0006960190759309194;0.02638217344971637;0.09959053529229855;0.4394918589820024
Fidelity (MAX_ERROR);Tolerancja_1.0;93;150;0.06779700313426087;0.2603785765654711;0.992456396883699;4.337560166221892
Fidelity (MAX_ERROR);Tolerancja_0.01;94;4853;8.127758982415384e-06;0.002850922479201317;0.009865917394661139;0.05001778773798898
Fidelity (MAX_ERROR);Tolerancja_0.1;94;3715;0.000724901082419955;0.026923987119666266;0.09967817560348236;0.47236579831138975
Fidelity (MAX_ERROR);Tolerancja_1.0;94;367;0.046068497458427206;0.2146357320168923;0.9972818542058328;3.765659909495811
Fidelity (MAX_ERROR);Tolerancja_0.01;95;4802;7.56598135298719e-06;0.0027506329004407678;0.00984915236146433;0.049279535633665425
Fidelity (MAX_ERROR);Tolerancja_0.1;95;3478;0.0005768431727091576;0.02401755967431241;0.09927913401570443;0.43029158402573664
Fidelity (MAX_ERROR);Tolerancja_1.0;95;169;0.05361036288807452;0.23153911740367872;0.9988692354371973;4.1481871989728765
Fidelity (MAX_ERROR);Tolerancja_0.01;96;4877;6.4029034330168765e-06;0.0025303959044024864;0.009982793682476121;0.043902308886957314
Fidelity (MAX_ERROR);Tolerancja_0.1;96;3829;0.0006461274980263215;0.025419038101909392;0.09983498622029874;0.4410197077926739
Fidelity (MAX_ERROR);Tolerancja_1.0;96;209;0.07586614339600412;0.2754380935818503;0.9818212891047695;4.778844386614066
Fidelity (MAX_ERROR);Tolerancja_0.01;97;4834;7.991792939520375e-06;0.0028269759354335464;0.009911452762913164;0.050666542801503726
Fidelity (MAX_ERROR);Tolerancja_0.1;97;3647;0.0005393690502483937;0.023224320232213335;0.09934859894010195;0.41623842648692627
Fidelity (MAX_ERROR);Tolerancja_1.0;97;174;0.057225678849500444;0.239218893170043;0.99445781343411;4.2874062484262145
Fidelity (MAX_ERROR);Tolerancja_0.01;98;4786;7.253829530794628e-06;0.002693293435701841;0.009852832619767327;0.04970348914951314
Fidelity (MAX_ERROR);Tolerancja_0.1;98;3207;0.0006409275267036119;0.025316546500334755;0.09936013034992364;0.4672051985136293
Fidelity (MAX_ERROR);Tolerancja_1.0;98;95;0.07171479465826379;0.2677961811868567;0.9943611001612558;4.942055109726078
Fidelity (MAX_ERROR);Tolerancja_0.01;99;4848;7.2648560087154356e-06;0.0026953396833637564;0.0097722731384291;0.046109832706873986
Fidelity (MAX_ERROR);Tolerancja_0.1;99;3555;0.0007389163981905225;0.027183016723508126;0.09957075661437997;0.46502649047369105
Fidelity (MAX_ERROR);Tolerancja_1.0;99;149;0.07854598548847833;0.2802605671308012;0.9872509514520313;4.794485809895169
Fidelity (MAX_ERROR);Tolerancja_0.01;100;4836;7.427355963183715e-06;0.002725317589416638;0.009913124471357726;0.043169748396237745
Fidelity (MAX_ERROR);Tolerancja_0.1;100;3356;0.0008859314899003671;0.029764601289121395;0.09963669825937771;0.47147912366453676
Fidelity (MAX_ERROR);Tolerancja_1.0;100;135;0.08354413918046154;0.2890400304118126;0.9866704638356234;4.578470207573041
Fidelity (MAX_ERROR);Tolerancja_0.01;101;4862;5.777329391845879e-06;0.0024036075785880437;0.009887967321183133;0.03714940987630595
Fidelity (MAX_ERROR);Tolerancja_0.1;101;3688;0.0005463286582733962;0.023373674470938372;0.09957137482587619;0.36125623041441574
Fidelity (MAX_ERROR);Tolerancja_1.0;101;481;0.023324477681856935;0.15272353349060824;0.9941621971141732;2.3604473516983973
Fidelity (MAX_ERROR);Tolerancja_0.01;102;4867;6.816433588739583e-06;0.002610830057422272;0.009909128366441422;0.04527454480640874
Fidelity (MAX_ERROR);Tolerancja_0.1;102;3674;0.0008387523908518081;0.028961222191955367;0.0998731871018057;0.5022181156718504
Fidelity (MAX_ERROR);Tolerancja_1.0;102;327;0.05044854728854362;0.22460754058700616;0.991219846493701;3.8949314725615483
Fidelity (MAX_ERROR);Tolerancja_0.01;103;4762;5.860252582254612e-06;0.0024207958572037033;0.009970019172447664;0.04416191723249311
Fidelity (MAX_ERROR);Tolerancja_0.1;103;3745;0.00017437036358793496;0.013204937091403917;0.09960836944538976;0.24089405852027088
Fidelity (MAX_ERROR);Tolerancja_1.0;103;1268;0.002842245414735522;0.053312713443751124;0.9995228986889684;0.972569261276807
Fidelity (MAX_ERROR);Tolerancja_0.01;104;4860;7.180584145017087e-06;0.0026796611996700416;0.009991344612434006;0.04144756751126809
Fidelity (MAX_ERROR);Tolerancja_0.1;104;3806;0.0006168698057261923;0.024836863846431825;0.09965641587702212;0.3841633379510494
Fidelity (MAX_ERROR);Tolerancja_1.0;104;225;0.06975611967328771;0.2641138384736546;0.9915663651852782;4.0851717195236805
Fidelity (MAX_ERROR);Tolerancja_0.01;105;4871;6.530251452942039e-06;0.0025554356679325816;0.009967839606703333;0.0442345214296766
Fidelity (MAX_ERROR);Tolerancja_0.1;105;3736;0.0006015512343212798;0.024526541425999707;0.09968344058134271;0.42455376040906756
Fidelity (MAX_ERROR);Tolerancja_1.0;105;1332;0.00887145171881661;0.09418838420323712;0.9975780388553552;1.6303983511490316
Fidelity (MAX_ERROR);Tolerancja_0.01;106;4801;7.5446598006373015e-06;0.0027467544121448683;0.00991037876754497;0.04370340625729786
Fidelity (MAX_ERROR);Tolerancja_0.1;106;3263;0.0006925884047244502;0.026317074395237214;0.09982139438545445;0.41872902386655847
Fidelity (MAX_ERROR);Tolerancja_1.0;106;72;0.09097422789883045;0.3016193427133453;0.9773524693959121;4.799043049271801
Fidelity (MAX_ERROR);Tolerancja_0.01;107;4797;7.613190233979186e-06;0.002759201013695665;0.00989307673105122;0.04713810274272864
Fidelity (MAX_ERROR);Tolerancja_0.1;107;3860;0.0002903738290082474;0.017040358828623516;0.09997434483153889;0.2911169506134486
Fidelity (MAX_ERROR);Tolerancja_1.0;107;1494;0.004469456906141215;0.06685399693467262;0.9981228011848478;1.1421315665754006
Fidelity (MAX_ERROR);Tolerancja_0.01;108;4749;7.451123479946481e-06;0.002729674610635209;0.009875506514837262;0.040691310297640566
Fidelity (MAX_ERROR);Tolerancja_0.1;108;2867;0.0007433115258419872;0.027263740129373066;0.09992647037880253;0.4064210822623991
Fidelity (MAX_ERROR);Tolerancja_1.0;108;54;0.07653824846867392;0.2766554688934848;0.9677027261389801;4.124108231224074
Fidelity (MAX_ERROR);Tolerancja_0.01;109;4844;7.2549552819687625e-06;0.0026935024191503455;0.009859466327801769;0.04418779975090378
Fidelity (MAX_ERROR);Tolerancja_0.1;109;3692;0.0006579918040240418;0.025651350920059587;0.09900250832601643;0.4208189121112077
Fidelity (MAX_ERROR);Tolerancja_1.0;109;218;0.058954761897207324;0.24280601701194995;0.9857322489678206;3.9833131694097466
Fidelity (MAX_ERROR);Tolerancja_0.01;110;4827;7.25070771148761e-06;0.00269271381908431;0.009959329745390377;0.05057327872409425
Fidelity (MAX_ERROR);Tolerancja_0.1;110;3592;0.000504032510128963;0.02245066836708794;0.09970827643922897;0.42165784600795503
Fidelity (MAX_ERROR);Tolerancja_1.0;110;628;0.013300174558622865;0.11532638275183552;0.999558948057802;2.166005632612509
Fidelity (MAX_ERROR);Tolerancja_0.01;111;4820;6.495365691311267e-06;0.002548600732031455;0.009916101695960577;0.04563092143601443
Fidelity (MAX_ERROR);Tolerancja_0.1;111;3280;0.0006361376600744908;0.025221769566675746;0.0997884726019409;0.4515782213783169
Fidelity (MAX_ERROR);Tolerancja_1.0;111;85;0.07825029976521578;0.279732550421319;0.9761655224940231;5.008416528703099
Fidelity (MAX_ERROR);Tolerancja_0.01;112;4846;8.408860240650052e-06;0.0028998034831088215;0.009920997572616663;0.0436064338877699
Fidelity (MAX_ERROR);Tolerancja_0.1;112;3844;0.0005299078807127684;0.023019728076429755;0.099350112938418;0.3461642336545896
Fidelity (MAX_ERROR);Tolerancja_1.0;112;1423;0.00847370752021194;0.09205274314333028;0.9980820460389133;1.3842634100722122
Fidelity (MAX_ERROR);Tolerancja_0.01;113;4795;9.10916649243576e-06;0.003018139574710845;0.009902675895574475;0.053673065793079025
Fidelity (MAX_ERROR);Tolerancja_0.1;113;3550;0.0004683110536095768;0.021640495687704955;0.09958750539533101;0.38484361643623144
Fidelity (MAX_ERROR);Tolerancja_1.0;113;781;0.009103013866978654;0.09540971578921432;0.9999292447420993;1.6967180695558408
Fidelity (MAX_ERROR);Tolerancja_0.01;114;4863;7.729472246300177e-06;0.0027801928433653983;0.009994042208420595;0.04063602848811297
Fidelity (MAX_ERROR);Tolerancja_0.1;114;3731;0.0005994548021784014;0.024483766094667736;0.09962559845374397;0.35786115301083476
Fidelity (MAX_ERROR);Tolerancja_1.0;114;160;0.07618395366004178;0.27601440842833147;0.9970360366971285;4.034299056192917
Fidelity (MAX_ERROR);Tolerancja_0.01;115;4829;7.742940929380761e-06;0.0027826140460690484;0.009840048027332848;0.05080342183931699
Fidelity (MAX_ERROR);Tolerancja_0.1;115;3440;0.0008272094275204569;0.02876124871281595;0.09921903530221776;0.525106905518166
Fidelity (MAX_ERROR);Tolerancja_1.0;115;922;0.011487367028720968;0.10717913523032815;0.9996882295283704;1.9568171256706317
Fidelity (MAX_ERROR);Tolerancja_0.01;116;4905;7.268163218121771e-06;0.002695953118680251;0.009813936480588481;0.04528316437059032
Fidelity (MAX_ERROR);Tolerancja_0.1;116;3967;0.00078684788047933;0.02805080890953646;0.09965237191419263;0.47116152791276056
Fidelity (MAX_ERROR);Tolerancja_1.0;116;342;0.06834332856468033;0.2614255698371533;0.9962870493732874;4.391091583746156
Fidelity (MAX_ERROR);Tolerancja_0.01;117;4791;5.965574627378556e-06;0.0024424525844688482;0.009896969312051418;0.03730083513055198
Fidelity (MAX_ERROR);Tolerancja_0.1;117;4021;0.000157625556055461;0.012554901674464082;0.09948146086468546;0.19173691248598682
Fidelity (MAX_ERROR);Tolerancja_1.0;117;1894;0.0023936106098782326;0.04892453995571376;0.999423847599124;0.7471695501196568
Fidelity (MAX_ERROR);Tolerancja_0.01;118;4773;7.207516352328572e-06;0.002684681797220775;0.009949618672788318;0.04990328679669535
Fidelity (MAX_ERROR);Tolerancja_0.1;118;3385;0.0004636098612335327;0.02153160145538489;0.09965425312130716;0.40023278875453766
Fidelity (MAX_ERROR);Tolerancja_1.0;118;58;0.09464173151005618;0.30763896292579096;0.9918021537303892;5.718441348474335
Fidelity (MAX_ERROR);Tolerancja_0.01;119;4813;6.468422356685041e-06;0.002543309331694641;0.00981395583238509;0.04671986758972069
Fidelity (MAX_ERROR);Tolerancja_0.1;119;3471;0.00047435812524501946;0.021779764122804898;0.09990497228414341;0.4000880597857865
Fidelity (MAX_ERROR);Tolerancja_1.0;119;80;0.0776330726620148;0.2786271211889015;0.9980249343508367;5.1183008085677315
Fidelity (MAX_ERROR);Tolerancja_0.01;120;4850;7.102325565388662e-06;0.0026650188677359607;0.009913295397673494;0.0423927887922496
Fidelity (MAX_ERROR);Tolerancja_0.1;120;3632;0.0006230960618921963;0.024961892193745977;0.09935523158666104;0.3970719443811532
Fidelity (MAX_ERROR);Tolerancja_1.0;120;145;0.08004522865801228;0.28292265490414914;0.9852080650237465;4.500486093775161
Fidelity (MAX_ERROR);Tolerancja_0.01;121;4755;8.092318457973442e-06;0.00284470006467702;0.009987602927203465;0.04348238964597311
Fidelity (MAX_ERROR);Tolerancja_0.1;121;2934;0.0006754759162796342;0.02598991951275791;0.09963323612614872;0.397266418753194
Fidelity (MAX_ERROR);Tolerancja_1.0;121;69;0.07600299560362361;0.27568640808647715;0.9637800183099516;4.213978115079765
Fidelity (MAX_ERROR);Tolerancja_0.01;122;4852;7.229065372268161e-06;0.0026886921304359415;0.009913777495321519;0.043311031029330475
Fidelity (MAX_ERROR);Tolerancja_0.1;122;4138;0.0002552690693251466;0.015977142088782544;0.09988789731307968;0.25736918293247835
Fidelity (MAX_ERROR);Tolerancja_1.0;122;2099;0.0038347431153728366;0.06192530270715547;0.9995499450211485;0.9975291245470447
Fidelity (MAX_ERROR);Tolerancja_0.01;123;4832;7.451340138620724e-06;0.0027297142961527536;0.009811255866792656;0.046843069019781254
Fidelity (MAX_ERROR);Tolerancja_0.1;123;3613;0.0006080204909846852;0.02465807151795706;0.0992535840282045;0.42314309143572304
Fidelity (MAX_ERROR);Tolerancja_1.0;123;121;0.08809066992724401;0.2968007242700799;0.9869825865969011;5.093227826699417
Fidelity (MAX_ERROR);Tolerancja_0.01;124;4838;5.998669731698969e-06;0.002449218187850762;0.009741827666395864;0.03929303348563784
Fidelity (MAX_ERROR);Tolerancja_0.1;124;3360;0.0006530294103576095;0.025554440129997164;0.09922928755995031;0.40997224204668925
Fidelity (MAX_ERROR);Tolerancja_1.0;124;103;0.07544896118610916;0.27467974294823627;0.9944578942897708;4.40671247299634
Fidelity (MAX_ERROR);Tolerancja_0.01;125;4806;7.269968257377965e-06;0.0026962878661926965;0.009841547795485184;0.04689417150785589
Fidelity (MAX_ERROR);Tolerancja_0.1;125;3405;0.0006107555263737275;0.02471346852171357;0.09987666909262805;0.42981969616162974
Fidelity (MAX_ERROR);Tolerancja_1.0;125;506;0.014452744694099783;0.12021956868205684;0.9995769863244353;2.0908735832933982
Fidelity (MAX_ERROR);Tolerancja_0.01;126;4791;7.793951876959234e-06;0.002791765011056488;0.00994405816547106;0.05127914938034527
Fidelity (MAX_ERROR);Tolerancja_0.1;126;3265;0.0006534773408282803;0.02556320286717375;0.09938458792687044;0.4695449986923521
Fidelity (MAX_ERROR);Tolerancja_1.0;126;94;0.0825372902638823;0.2872930390104889;0.9932876484919131;5.2769995343473175
Fidelity (MAX_ERROR);Tolerancja_0.01;127;4858;7.51550155754429e-06;0.0027414415108742134;0.009996539800550153;0.050970453838912036
Fidelity (MAX_ERROR);Tolerancja_0.1;127;3844;0.0005886287248056216;0.02426167192931315;0.09950945247186072;0.45108692788909344
Fidelity (MAX_ERROR);Tolerancja_1.0;127;256;0.05672915398414489;0.23817882774114263;0.9962394196777211;4.428357452322505
Fidelity (MAX_ERROR);Tolerancja_0.01;128;4856;4.773021273607334e-06;0.002184724530371583;0.009968526214573004;0.03809166877145172
Fidelity (MAX_ERROR);Tolerancja_0.1;128;3266;0.0008716504796054469;0.029523727400269886;0.09984196235283038;0.5147596547737018
Fidelity (MAX_ERROR);Tolerancja_1.0;128;136;0.0720054274944094;0.26833827064809335;0.9806203147886094;4.678600153994174
Fidelity (MAX_ERROR);Tolerancja_0.01;129;4774;7.4307389403611e-06;0.0027259381761810192;0.009927553990027427;0.04636682558971433
Fidelity (MAX_ERROR);Tolerancja_0.1;129;3057;0.0007300369515408775;0.027019195982502468;0.09966464904468708;0.4595828176302003
Fidelity (MAX_ERROR);Tolerancja_1.0;129;81;0.08289760942331971;0.28791944953983173;0.9759319550972778;4.897363783724131
Fidelity (MAX_ERROR);Tolerancja_0.01;130;4823;6.859593859791138e-06;0.0026190826370680134;0.009988801645312684;0.056291211686553225
Fidelity (MAX_ERROR);Tolerancja_0.1;130;3281;0.0007510087882361404;0.02740453955526603;0.09982465930340512;0.5889981153878123
Fidelity (MAX_ERROR);Tolerancja_1.0;130;115;0.07479912861057043;0.27349429356125593;0.9868749402941415;5.878136472683278
Fidelity (MAX_ERROR);Tolerancja_0.01;131;4767;7.650855279303622e-06;0.00276601794630903;0.009774445749658689;0.05058681318739864
Fidelity (MAX_ERROR);Tolerancja_0.1;131;2909;0.0007934249013797337;0.028167799015537825;0.099914178652452;0.5151518227134474
Fidelity (MAX_ERROR);Tolerancja_1.0;131;98;0.049792417131690414;0.22314214557472198;0.9881167202536512;4.080974979748967
Fidelity (MAX_ERROR);Tolerancja_0.01;132;4803;6.923670378407143e-06;0.002631286829368312;0.009815037605544141;0.052930255263031405
Fidelity (MAX_ERROR);Tolerancja_0.1;132;3281;0.0006332852849471179;0.02516516014149558;0.09949324900084644;0.5062155653871436
Fidelity (MAX_ERROR);Tolerancja_1.0;132;112;0.06112811399594751;0.24724100387263337;0.9941715652065088;4.973433264821335
Fidelity (MAX_ERROR);Tolerancja_0.01;133;4809;8.114792228024343e-06;0.0028486474383511103;0.00990971295178511;0.0577779083701518
Fidelity (MAX_ERROR);Tolerancja_0.1;133;3765;0.0004408825061329505;0.0209972023406203;0.099952568355679;0.4258773537690298
Fidelity (MAX_ERROR);Tolerancja_1.0;133;1450;0.005886966207822976;0.07672656780948159;0.9991032979343557;1.556212448325472
Fidelity (MAX_ERROR);Tolerancja_0.01;134;4807;6.275160230107686e-06;0.0025050269918920408;0.009853638244223362;0.054772690355750456
Fidelity (MAX_ERROR);Tolerancja_0.1;134;3088;0.0006760584322203187;0.026001123672263062;0.09982889155828323;0.5685174253259362
Fidelity (MAX_ERROR);Tolerancja_1.0;134;65;0.07766238573378621;0.27867971891364146;0.9948964782035103;6.093362667104662
Fidelity (MAX_ERROR);Tolerancja_0.01;135;4838;6.931598594426699e-06;0.002632792926613618;0.00997851754121637;0.04601906313302913
Fidelity (MAX_ERROR);Tolerancja_0.1;135;3491;0.000701557674270541;0.026486934029263203;0.09964032612042839;0.4629699043064635
Fidelity (MAX_ERROR);Tolerancja_1.0;135;189;0.05490289781642969;0.23431367398517247;0.9894292421147455;4.095611032321087
Fidelity (MAX_ERROR);Tolerancja_0.01;136;4849;6.441576423451064e-06;0.002538026088016249;0.00985852706153878;0.0449832389274407
Fidelity (MAX_ERROR);Tolerancja_0.1;136;3635;0.0006409273062097709;0.02531654214559664;0.09944864741346437;0.4487030568870595
Fidelity (MAX_ERROR);Tolerancja_1.0;136;147;0.06425809648656203;0.2534918075334231;0.9946419123903598;4.492815341128906
Fidelity (MAX_ERROR);Tolerancja_0.01;137;4869;7.856930617010889e-06;0.002803021693995765;0.009924424234674767;0.046265522103515054
Fidelity (MAX_ERROR);Tolerancja_0.1;137;4098;0.00040971609217982873;0.020241444913341258;0.09996080370047622;0.33409695652776034
Fidelity (MAX_ERROR);Tolerancja_1.0;137;232;0.07101246164725673;0.26648163472790526;0.9979323223113239;4.398436154844599
Fidelity (MAX_ERROR);Tolerancja_0.01;138;4851;6.4153772240711186e-06;0.0025328594955249923;0.009897844948604906;0.05034755700099447
Fidelity (MAX_ERROR);Tolerancja_0.1;138;3578;0.0006673587382770407;0.025833287407471792;0.09965393079514717;0.5135077222280626
Fidelity (MAX_ERROR);Tolerancja_1.0;138;177;0.0616289441350267;0.24825177569360246;0.9979519212537813;4.9346876324622455
Fidelity (MAX_ERROR);Tolerancja_0.01;139;4849;7.762157967812521e-06;0.002786064961161624;0.009996117979450325;0.05298537221380425
Fidelity (MAX_ERROR);Tolerancja_0.1;139;3649;0.0007632761144678357;0.027627452189223595;0.09926610683531578;0.5254187744979048
Fidelity (MAX_ERROR);Tolerancja_1.0;139;187;0.07355620628416484;0.2712124744257993;0.9874304133966167;5.157917746643739
Fidelity (MAX_ERROR);Tolerancja_0.01;140;4812;6.930833459034258e-06;0.0026326476139115654;0.009941657678398386;0.04229948225357729
Fidelity (MAX_ERROR);Tolerancja_0.1;140;3727;0.0003289356873302415;0.01813658422444098;0.09981367171004152;0.29140554872909835
Fidelity (MAX_ERROR);Tolerancja_1.0;140;1420;0.004180732546113404;0.06465858447347424;0.9998490495818464;1.0388874804301955
Fidelity (MAX_ERROR);Tolerancja_0.01;141;4857;7.241997814980646e-06;0.0026910960248531907;0.00995146489743437;0.049867095983995385
Fidelity (MAX_ERROR);Tolerancja_0.1;141;3806;0.0006156829237016597;0.02481295878571638;0.09952024510407709;0.4597941455774483
Fidelity (MAX_ERROR);Tolerancja_1.0;141;1267;0.010358452840384632;0.10177648471225871;0.9986495797648516;1.8859593582643417
Fidelity (MAX_ERROR);Tolerancja_0.01;142;4855;7.066816342695344e-06;0.0026583484238706075;0.00997134938229216;0.044126652851061876
Fidelity (MAX_ERROR);Tolerancja_0.1;142;3869;0.0005395574496228965;0.023228375957498545;0.09972217228800151;0.3855741681438749
Fidelity (MAX_ERROR);Tolerancja_1.0;142;223;0.06440692323667035;0.25378519112956605;0.9894032392732157;4.212649826921195
Fidelity (MAX_ERROR);Tolerancja_0.01;143;4827;8.605303979079577e-06;0.0029334798412601333;0.009805936745467037;0.049586644722146175
Fidelity (MAX_ERROR);Tolerancja_0.1;143;3614;0.0007619550039327964;0.027603532453887063;0.09960509725592104;0.46660165773600465
Fidelity (MAX_ERROR);Tolerancja_1.0;143;399;0.032269602838585605;0.17963742048522519;0.9979320349212042;3.0365359335747835
Fidelity (MAX_ERROR);Tolerancja_0.01;144;4744;7.682263481660332e-06;0.002771689643820233;0.009949726033696926;0.05058401702695185
Fidelity (MAX_ERROR);Tolerancja_0.1;144;3155;0.0005436117102786264;0.02331548220128905;0.09975162701175133;0.42551327898171104
Fidelity (MAX_ERROR);Tolerancja_1.0;144;108;0.046875423741550494;0.21650732953309107;0.9925079885014667;3.951311961633201
Fidelity (MAX_ERROR);Tolerancja_0.01;145;4875;5.696163351880026e-06;0.00238666364447947;0.009955012577663958;0.04292964062871332
Fidelity (MAX_ERROR);Tolerancja_0.1;145;3745;0.0006983851822031481;0.026426978302544316;0.09957317882575278;0.47535004945301623
Fidelity (MAX_ERROR);Tolerancja_1.0;145;160;0.0758698037369724;0.2754447380818381;0.9890799798499055;4.95450779010058
Fidelity (MAX_ERROR);Tolerancja_0.01;146;4848;7.668571661241814e-06;0.0027692186012017567;0.009784740913234558;0.05354848088742431
Fidelity (MAX_ERROR);Tolerancja_0.1;146;3514;0.0006598825977367372;0.025688180117258933;0.09945049871068434;0.49673327394406525
Fidelity (MAX_ERROR);Tolerancja_1.0;146;141;0.06755222665474515;0.2599081119448663;0.9802928924991425;5.0258526209979815
Fidelity (MAX_ERROR);Tolerancja_0.01;147;4858;6.3219141133802e-06;0.002514341685885234;0.009874297915388297;0.04232487707870133
Fidelity (MAX_ERROR);Tolerancja_0.1;147;3591;0.0006922653941761253;0.026310936778764175;0.09983892553570417;0.44290208098530726
Fidelity (MAX_ERROR);Tolerancja_1.0;147;126;0.09379673342822654;0.30626252370838086;0.9829919089965165;5.1554344194895325
Fidelity (MAX_ERROR);Tolerancja_0.01;148;4773;7.636743255257438e-06;0.0027634658049734283;0.009983100869883188;0.05172551592971384
Fidelity (MAX_ERROR);Tolerancja_0.1;148;3110;0.0007078154941598864;0.026604802088342743;0.0999739188665516;0.4979787018716842
Fidelity (MAX_ERROR);Tolerancja_1.0;148;113;0.05080495998744923;0.22539955631599906;0.9866913356751628;4.218944312533567
Fidelity (MAX_ERROR);Tolerancja_0.01;149;4832;6.432408521246507e-06;0.0025362193361865427;0.009865157715692519;0.046677950192310524
Fidelity (MAX_ERROR);Tolerancja_0.1;149;3444;0.000703188552249323;0.026517702620123845;0.09975372670539073;0.4880461182737397
Fidelity (MAX_ERROR);Tolerancja_1.0;149;134;0.06744447350474138;0.2597007383600235;0.9819675822573997;4.779672624175527
Fidelity (MAX_ERROR);Tolerancja_0.01;150;4819;6.1266395921341696e-06;0.002475204959621358;0.009795728483192434;0.039827720346121136
Fidelity (MAX_ERROR);Tolerancja_0.1;150;3431;0.0005710648741329234;0.023896963701125786;0.09986838203710047;0.3845182936104978
Fidelity (MAX_ERROR);Tolerancja_1.0;150;549;0.015009907509794673;0.12251492770187097;0.9960810281407113;1.9713479725257987
Fidelity (MAX_ERROR);Tolerancja_0.01;151;4799;8.049394960589054e-06;0.0028371455656326576;0.009792991128880324;0.05002519181486508
Fidelity (MAX_ERROR);Tolerancja_0.1;151;3290;0.0007262807973368824;0.026949597350180994;0.09967765530674733;0.4751813911513407
Fidelity (MAX_ERROR);Tolerancja_1.0;151;116;0.0747891185436137;0.2734759926275316;0.9998887844002038;4.821990508231898
Fidelity (MAX_ERROR);Tolerancja_0.01;152;4858;7.813299691771685e-06;0.002795228021427176;0.009778189074485688;0.05128658313848299
Fidelity (MAX_ERROR);Tolerancja_0.1;152;3703;0.0006424636857253829;0.025346867374990995;0.09967225613545594;0.4650619595119301
Fidelity (MAX_ERROR);Tolerancja_1.0;152;193;0.06465344503273147;0.25427041714035764;0.9930794810362551;4.665329908100827
Fidelity (MAX_ERROR);Tolerancja_0.01;153;4842;7.80495359771346e-06;0.0027937347042468904;0.009878453758771943;0.05440246617676985
Fidelity (MAX_ERROR);Tolerancja_0.1;153;3710;0.0006023052949164903;0.024541908950130396;0.09916433058752361;0.4779052103777868
Fidelity (MAX_ERROR);Tolerancja_1.0;153;409;0.02954811256566983;0.17189564440575517;0.9936910022313343;3.347328207829619
Fidelity (MAX_ERROR);Tolerancja_0.01;154;4764;7.152016717826931e-06;0.0026743254696889327;0.00991230803604859;0.04406340940699594
Fidelity (MAX_ERROR);Tolerancja_0.1;154;3372;0.0004623551377841046;0.021502444925731227;0.09997188718159755;0.35428411565929696
Fidelity (MAX_ERROR);Tolerancja_1.0;154;58;0.08533788557147294;0.2921264889931636;0.9939734634301272;4.813209622025285
Fidelity (MAX_ERROR);Tolerancja_0.01;155;4843;6.107533178727647e-06;0.002471342383954042;0.009874843006273615;0.04192414710550638
Fidelity (MAX_ERROR);Tolerancja_0.1;155;3418;0.0006919172827923027;0.026304320610734327;0.09956859824709063;0.4462296337225515
Fidelity (MAX_ERROR);Tolerancja_1.0;155;354;0.02561787192945809;0.16005584003546416;0.9976616700310661;2.7152063697487994
Fidelity (MAX_ERROR);Tolerancja_0.01;156;4812;7.256696542215625e-06;0.0026938256332241744;0.009872053815762172;0.049706717182335894
Fidelity (MAX_ERROR);Tolerancja_0.1;156;3552;0.0005021658377125181;0.022409057046482748;0.09922244610626052;0.41349397199074545
Fidelity (MAX_ERROR);Tolerancja_1.0;156;955;0.008397796867249615;0.09163949403641214;0.999402548796108;1.690940332818946
Fidelity (MAX_ERROR);Tolerancja_0.01;157;4736;7.769040459997274e-06;0.0027872998511099005;0.009869158000044287;0.04393246571925775
Fidelity (MAX_ERROR);Tolerancja_0.1;157;2765;0.0006612423946171396;0.02571463386123045;0.09977220887189997;0.4053052527312132
Fidelity (MAX_ERROR);Tolerancja_1.0;157;43;0.09083807194795568;0.30139354994418127;0.9848410588522416;4.750461919500911
Fidelity (MAX_ERROR);Tolerancja_0.01;158;4811;5.774769067548226e-06;0.002403074919254126;0.009854031185255963;0.03894070028745789
Fidelity (MAX_ERROR);Tolerancja_0.1;158;3594;0.0003700599844225092;0.019236943219298364;0.09997249545673359;0.31172562883809335
Fidelity (MAX_ERROR);Tolerancja_1.0;158;658;0.009016070514646233;0.0949529910779341;0.9993361167702002;1.538668618834051
Fidelity (MAX_ERROR);Tolerancja_0.01;159;4747;6.743877003461096e-06;0.002596897572770458;0.009910652442209233;0.05032568874055505
Fidelity (MAX_ERROR);Tolerancja_0.1;159;3261;0.0005158680800577615;0.02271272947176894;0.0997668825059943;0.4401535762634058
Fidelity (MAX_ERROR);Tolerancja_1.0;159;77;0.06416575871387324;0.25330961038593314;0.9885028322985487;4.908926998485261
Fidelity (MAX_ERROR);Tolerancja_0.01;160;4862;6.950163442815529e-06;0.002636316263807423;0.00992485833569745;0.04133020991440186
Fidelity (MAX_ERROR);Tolerancja_0.1;160;3647;0.0007119873622928909;0.02668309131815298;0.09980441489950342;0.4183177035640268
Fidelity (MAX_ERROR);Tolerancja_1.0;160;215;0.06979079114518467;0.26417946768283235;0.989005182624763;4.141609640809007
Fidelity (MAX_ERROR);Tolerancja_0.01;161;4828;6.053994780400683e-06;0.0024604866958389928;0.009955512877810158;0.04206118936309211
Fidelity (MAX_ERROR);Tolerancja_0.1;161;3465;0.0005772261551565514;0.02402553131892303;0.0991719403973641;0.4107083464678278
Fidelity (MAX_ERROR);Tolerancja_1.0;161;118;0.05725353436084035;0.23927710789133247;0.9905788700386653;4.090361375369508
Fidelity (MAX_ERROR);Tolerancja_0.01;162;4860;4.685663559662395e-06;0.0021646393601850622;0.00977155035197974;0.03442351166831269
Fidelity (MAX_ERROR);Tolerancja_0.1;162;3570;0.0005667682812613108;0.02380689566619955;0.0995718152925189;0.3785928343655637
Fidelity (MAX_ERROR);Tolerancja_1.0;162;110;0.08469271414218713;0.29102012669605365;0.9942064916394773;4.627992501337024
Fidelity (MAX_ERROR);Tolerancja_0.01;163;4746;7.708609218439318e-06;0.0027764382252157744;0.009939693343711475;0.047714785228053475
Fidelity (MAX_ERROR);Tolerancja_0.1;163;2897;0.000680207635830983;0.026080790552262464;0.09986992834604846;0.4482143015021833
Fidelity (MAX_ERROR);Tolerancja_1.0;163;86;0.051846911043205796;0.22769916785795638;0.9911688390022668;3.9131491535723
Fidelity (MAX_ERROR);Tolerancja_0.01;164;4858;5.101860015111973e-06;0.002258729734853635;0.009905981888175042;0.03571351497839379
Fidelity (MAX_ERROR);Tolerancja_0.1;164;3630;0.0007234201971092247;0.026896471833852572;0.09962214350911225;0.4252689176939024
Fidelity (MAX_ERROR);Tolerancja_1.0;164;187;0.07551381836888175;0.27479777722696697;0.9947533279294594;4.344917579818618
Fidelity (MAX_ERROR);Tolerancja_0.01;165;4845;6.343708725306252e-06;0.002518672016223282;0.009961857812644581;0.0446225790751856
Fidelity (MAX_ERROR);Tolerancja_0.1;165;3495;0.0007218712564125443;0.02686766190818517;0.09974916173950277;0.4760065464423142
Fidelity (MAX_ERROR);Tolerancja_1.0;165;183;0.05016691322547903;0.22397971610277354;0.9972589956353719;3.9681834429638623
Fidelity (MAX_ERROR);Tolerancja_0.01;166;4847;7.077082224170128e-06;0.0026602785989760787;0.009925024998931775;0.04889882148538332
Fidelity (MAX_ERROR);Tolerancja_0.1;166;3736;0.0006436217829444628;0.025369702066529335;0.09909367171999506;0.46632278775841596
Fidelity (MAX_ERROR);Tolerancja_1.0;166;1526;0.00788844825488804;0.08881693675694992;0.9979167164133336;1.6325521458648276
Fidelity (MAX_ERROR);Tolerancja_0.01;167;4802;6.130711679717558e-06;0.0024760273988220644;0.009836426135742204;0.040193601113986156
Fidelity (MAX_ERROR);Tolerancja_0.1;167;3697;0.00028063857330115047;0.016752270690898904;0.09991543039100215;0.2719412904008417
Fidelity (MAX_ERROR);Tolerancja_1.0;167;1077;0.005051735092266201;0.07107555903590349;0.9996986017173084;1.1537766788048278
Fidelity (MAX_ERROR);Tolerancja_0.01;168;4827;7.864355051120425e-06;0.0028043457438626258;0.009955265986415718;0.043308553775201854
Fidelity (MAX_ERROR);Tolerancja_0.1;168;3671;0.0006876037162143922;0.02622219892027349;0.09961097268217411;0.40495916544102684
Fidelity (MAX_ERROR);Tolerancja_1.0;168;236;0.05643882476137583;0.23756856854680047;0.9995416095315566;3.6688597148636184
Fidelity (MAX_ERROR);Tolerancja_0.01;169;4839;8.134077540421367e-06;0.0028520304241752693;0.009715302974294016;0.04715779027122821
Fidelity (MAX_ERROR);Tolerancja_0.1;169;3609;0.000665485399976046;0.025797003701516306;0.09995049452205951;0.42654863702374124
Fidelity (MAX_ERROR);Tolerancja_1.0;169;372;0.03247718604142831;0.18021427812864416;0.9913035163478305;2.97980942273045
Fidelity (MAX_ERROR);Tolerancja_0.01;170;4812;6.743265425744646e-06;0.0025967798184953314;0.00991415216059277;0.04546668866938001
Fidelity (MAX_ERROR);Tolerancja_0.1;170;3142;0.0007588980569676471;0.027548104416958475;0.09975266728493537;0.482336268187412
Fidelity (MAX_ERROR);Tolerancja_1.0;170;77;0.07727033404339499;0.27797541985469687;0.9861423139106229;4.867036389553032
Fidelity (MAX_ERROR);Tolerancja_0.01;171;4862;7.163217029638519e-06;0.0026764186947558334;0.009733023307321176;0.0505819126234726
Fidelity (MAX_ERROR);Tolerancja_0.1;171;3661;0.0006634372090545289;0.025757274876324336;0.09958049054993179;0.48678939127342385
Fidelity (MAX_ERROR);Tolerancja_1.0;171;161;0.07423875108854006;0.272467890013741;0.9965368203089309;5.149398721650426
Fidelity (MAX_ERROR);Tolerancja_0.01;172;4828;7.681895770578833e-06;0.002771623309647044;0.009851309474431247;0.04760625166049354
Fidelity (MAX_ERROR);Tolerancja_0.1;172;3701;0.0005469055800587974;0.02338601248735657;0.09981534350844523;0.4016853199110664
Fidelity (MAX_ERROR);Tolerancja_1.0;172;171;0.06835482407813266;0.2614475551198226;0.9911798620180012;4.49070335847336
Fidelity (MAX_ERROR);Tolerancja_0.01;173;4790;6.530061029751838e-06;0.002555398409201946;0.009962194040713968;0.04851568737381221
Fidelity (MAX_ERROR);Tolerancja_0.1;173;4069;0.00016280736899825296;0.012759599092379547;0.09987621436911809;0.2422482217848728
Fidelity (MAX_ERROR);Tolerancja_1.0;173;2071;0.002225486686568686;0.04717506424551731;0.9989386434711509;0.8956453367636702
Fidelity (MAX_ERROR);Tolerancja_0.01;174;4814;7.1725591319840835e-06;0.002678163387843259;0.009935202200582971;0.05773546367094255
Fidelity (MAX_ERROR);Tolerancja_0.1;174;3643;0.00046362884408822006;0.021532042264685903;0.09997033376644993;0.46418469073878965
Fidelity (MAX_ERROR);Tolerancja_1.0;174;1305;0.005779111016415516;0.07602046445803601;0.9994981463177415;1.6388383113173934
Fidelity (MAX_ERROR);Tolerancja_0.01;175;4813;7.594579233442376e-06;0.0027558264156950047;0.009824589738948397;0.04857411158480369
Fidelity (MAX_ERROR);Tolerancja_0.1;175;3251;0.0007294853746483633;0.027008986923769712;0.09999943226769936;0.4760595722415376
Fidelity (MAX_ERROR);Tolerancja_1.0;175;118;0.06205035985423864;0.24909909645407918;0.9851081359259553;4.3906130073808445
Fidelity (MAX_ERROR);Tolerancja_0.01;176;4791;6.445119762608283e-06;0.002538724042232295;0.009936557644524058;0.050872587931043656
Fidelity (MAX_ERROR);Tolerancja_0.1;176;2813;0.0007728201345032314;0.027799642704596606;0.09924272158784442;0.5570671504326438
Fidelity (MAX_ERROR);Tolerancja_1.0;176;58;0.0783655353022002;0.2799384491315907;0.9784118442298719;5.609586994025782
Fidelity (MAX_ERROR);Tolerancja_0.01;177;4775;6.202755058069296e-06;0.002490533087125986;0.009942553565378986;0.03765527085551121
Fidelity (MAX_ERROR);Tolerancja_0.1;177;2917;0.0007606314327843234;0.02757954736365924;0.09918603450802088;0.41698515527429103
Fidelity (MAX_ERROR);Tolerancja_1.0;177;70;0.08263748060576771;0.28746735572194576;0.9986983177186;4.346322961048813
Fidelity (MAX_ERROR);Tolerancja_0.01;178;4803;7.024984124785252e-06;0.002650468661347508;0.009962410793441734;0.051491373157540626
Fidelity (MAX_ERROR);Tolerancja_0.1;178;3466;0.0005645708670234368;0.023760700053311493;0.09956425650831946;0.4616055608472805
Fidelity (MAX_ERROR);Tolerancja_1.0;178;97;0.07679051623083041;0.2771110178806148;0.996800353409828;5.383510862000655
Fidelity (MAX_ERROR);Tolerancja_0.01;179;4857;7.754256459353978e-06;0.002784646559144262;0.009978923671605244;0.057459329977108405
Fidelity (MAX_ERROR);Tolerancja_0.1;179;3845;0.0005634433972542894;0.023736962679632993;0.09976775243234659;0.48979643997709954
Fidelity (MAX_ERROR);Tolerancja_1.0;179;248;0.05963828179130558;0.24420950389226373;0.990056070083801;5.039100715174305
Fidelity (MAX_ERROR);Tolerancja_0.01;180;4886;6.06124020133344e-06;0.002461958610808362;0.009866190874013636;0.04611969005954761
Fidelity (MAX_ERROR);Tolerancja_0.1;180;3871;0.0006475833718554049;0.025447659457313653;0.09996205614353748;0.4767091379033654
Fidelity (MAX_ERROR);Tolerancja_1.0;180;237;0.07305896954384976;0.27029422772943146;0.9989285674219373;5.063401940649642
Fidelity (MAX_ERROR);Tolerancja_0.01;181;4876;5.859480385593833e-06;0.0024206363596364143;0.009743453312154315;0.042215225459380466
Fidelity (MAX_ERROR);Tolerancja_0.1;181;3672;0.0006655236701236922;0.02579774544652482;0.09975605920644615;0.4499055118433114
Fidelity (MAX_ERROR);Tolerancja_1.0;181;542;0.02249513255148646;0.14998377429404308;0.9966200193175005;2.6156753458098443
Fidelity (MAX_ERROR);Tolerancja_0.01;182;4829;7.738556481216004e-06;0.0027818261054954538;0.009780559326675764;0.045881825330523915
Fidelity (MAX_ERROR);Tolerancja_0.1;182;3550;0.000759274508134304;0.027554936184544215;0.09991296916871306;0.45447512571524284
Fidelity (MAX_ERROR);Tolerancja_1.0;182;202;0.059371252685129806;0.24366216917102623;0.9852431779248363;4.018822407150592
Fidelity (MAX_ERROR);Tolerancja_0.01;183;4854;5.574191923679662e-06;0.0023609726647463884;0.009878223905504413;0.03560576207877948
Fidelity (MAX_ERROR);Tolerancja_0.1;183;3751;0.0005499152311171812;0.023450271450820803;0.09992342530969811;0.3536528814705319
Fidelity (MAX_ERROR);Tolerancja_1.0;183;237;0.05052619139200326;0.22478031807078497;0.9958692496126664;3.389905628611107
Fidelity (MAX_ERROR);Tolerancja_0.01;184;4815;6.18860393245553e-06;0.002487690481642668;0.009903572403245242;0.04440339657007045
Fidelity (MAX_ERROR);Tolerancja_0.1;184;3504;0.0004940121035897129;0.022226383052348236;0.09978454912423995;0.3967241536977806
Fidelity (MAX_ERROR);Tolerancja_1.0;184;177;0.03913463386768075;0.1978247554470389;0.9985041886207968;3.531022501517864
Fidelity (MAX_ERROR);Tolerancja_0.01;185;4861;7.957996591822467e-06;0.002820992128989811;0.00977840243082806;0.05072503182999498
Fidelity (MAX_ERROR);Tolerancja_0.1;185;3626;0.0007413486591677043;0.027227718581763406;0.09949397976610985;0.48958906248798073
Fidelity (MAX_ERROR);Tolerancja_1.0;185;227;0.058630932191977334;0.2421382501629541;0.9961604819634693;4.353954171142423
Fidelity (MAX_ERROR);Tolerancja_0.01;186;4859;6.110283474858849e-06;0.002471898759022879;0.009817193498679266;0.04641038303343743
Fidelity (MAX_ERROR);Tolerancja_0.1;186;3515;0.0007669687253895608;0.027694200212130354;0.09988641081457938;0.5199640296586182
Fidelity (MAX_ERROR);Tolerancja_1.0;186;436;0.027178542407671695;0.16485915930779124;0.9955473879418664;3.0952629844231647
Fidelity (MAX_ERROR);Tolerancja_0.01;187;4860;7.584462744820161e-06;0.0027539903312866153;0.009974908288628903;0.049276736590125346
Fidelity (MAX_ERROR);Tolerancja_0.1;187;3822;0.0006624249307045245;0.025737617036247246;0.09998954157595463;0.4605193274444674
Fidelity (MAX_ERROR);Tolerancja_1.0;187;726;0.021440706793230884;0.14642645523685563;0.9979468439906038;2.619986636322503
Fidelity (MAX_ERROR);Tolerancja_0.01;188;4848;6.084928452762353e-06;0.0024667647745097937;0.009880998818697861;0.03960174871023218
Fidelity (MAX_ERROR);Tolerancja_0.1;188;3782;0.00040325205913068575;0.020081136898360257;0.09975724208605996;0.3223850711191825
Fidelity (MAX_ERROR);Tolerancja_1.0;188;907;0.009770884514955273;0.09884778457282324;0.9973241726906306;1.5869146363961788
Fidelity (MAX_ERROR);Tolerancja_0.01;189;4757;6.085291564124683e-06;0.0024668383741389874;0.009823501842409321;0.04571865040771901
Fidelity (MAX_ERROR);Tolerancja_0.1;189;3063;0.00041972364615279343;0.02048715807897214;0.0997265037285393;0.3796946033755152
Fidelity (MAX_ERROR);Tolerancja_1.0;189;34;0.09372307815589115;0.3061422515039228;0.9702634135154677;5.67382554052617
Fidelity (MAX_ERROR);Tolerancja_0.01;190;4866;7.193828722113698e-06;0.0026821313767438197;0.009912600480258327;0.046547907555168085
Fidelity (MAX_ERROR);Tolerancja_0.1;190;3745;0.0007057638124499471;0.02656621562153607;0.09988596819170414;0.46105189311911754
Fidelity (MAX_ERROR);Tolerancja_1.0;190;345;0.046247181007355934;0.21505157755142354;0.9998950065478622;3.7321814428081357
Fidelity (MAX_ERROR);Tolerancja_0.01;191;4840;7.931123511392189e-06;0.0028162250462972927;0.00984169642562227;0.06058858578098082
Fidelity (MAX_ERROR);Tolerancja_0.1;191;3790;0.0004772089949236415;0.021845113753964328;0.0994045522710243;0.4699782605504285
Fidelity (MAX_ERROR);Tolerancja_1.0;191;814;0.011850572671793385;0.10886033562227054;0.9996485566883591;2.3420336352977777
Fidelity (MAX_ERROR);Tolerancja_0.01;192;4856;5.799529646662646e-06;0.0024082212619820974;0.009966103805520987;0.04266388721313675
Fidelity (MAX_ERROR);Tolerancja_0.1;192;3578;0.000680799854068237;0.026092141615211215;0.09900462034104773;0.4622466401215748
Fidelity (MAX_ERROR);Tolerancja_1.0;192;153;0.06993172084587994;0.2644460641527492;0.9916299438157856;4.684908830048644
Fidelity (MAX_ERROR);Tolerancja_0.01;193;4805;7.832628657368559e-06;0.0027986833792639993;0.009944179376083717;0.04702492216968337
Fidelity (MAX_ERROR);Tolerancja_0.1;193;3168;0.0008152952919650087;0.02855337619205492;0.09984771486789423;0.4797685594095974
Fidelity (MAX_ERROR);Tolerancja_1.0;193;70;0.09957145032213971;0.3155494419613822;0.996518939519965;5.30202453727485
Fidelity (MAX_ERROR);Tolerancja_0.01;194;4861;7.182994857040756e-06;0.0026801109784933825;0.009893749420853304;0.05669856820850512
Fidelity (MAX_ERROR);Tolerancja_0.1;194;3752;0.0006994915772679908;0.026447903078845227;0.09899846148680869;0.5595134860910914
Fidelity (MAX_ERROR);Tolerancja_1.0;194;215;0.0739925436876345;0.2720157048547648;0.995052506092458;5.754575507974832
Fidelity (MAX_ERROR);Tolerancja_0.01;195;4763;7.383297948503996e-06;0.0027172224694536878;0.009816776665704019;0.04680776999116075
Fidelity (MAX_ERROR);Tolerancja_0.1;195;3162;0.0005686709449952349;0.023846822534569146;0.09993868719155863;0.41079322608522495
Fidelity (MAX_ERROR);Tolerancja_1.0;195;72;0.075735430796372;0.27520071002156227;0.9742966902807422;4.740698150741892
Fidelity (MAX_ERROR);Tolerancja_0.01;196;4781;6.216950335394957e-06;0.0024933813056560276;0.009781944692542233;0.04084508410420897
Fidelity (MAX_ERROR);Tolerancja_0.1;196;3926;0.00018370276447465087;0.013553699291140071;0.09975018665067914;0.22202861079208938
Fidelity (MAX_ERROR);Tolerancja_1.0;196;1837;0.0021927126470940596;0.04682640971817143;0.9986218592964216;0.7670822905819585
Fidelity (MAX_ERROR);Tolerancja_0.01;197;4871;6.783374899841197e-06;0.0026044912938693416;0.009843084403447833;0.04674292835125011
Fidelity (MAX_ERROR);Tolerancja_0.1;197;3868;0.0006321765276542912;0.025143120881352243;0.09974465009884348;0.45124477883657965
Fidelity (MAX_ERROR);Tolerancja_1.0;197;197;0.07960130829638735;0.28213703815058977;0.9898687122613756;5.063526758776153
Fidelity (MAX_ERROR);Tolerancja_0.01;198;4857;6.563427588361535e-06;0.002561918731802696;0.009997672766890453;0.049725004514598686
Fidelity (MAX_ERROR);Tolerancja_0.1;198;3689;0.0006982337686496683;0.026424113393823986;0.09975998677230002;0.5128730827763656
Fidelity (MAX_ERROR);Tolerancja_1.0;198;197;0.06876636806599072;0.26223342286213386;0.9941413208885095;5.089762596225282
Fidelity (MAX_ERROR);Tolerancja_0.01;199;4845;6.074972077732409e-06;0.0024647458444497696;0.009865309874633077;0.04402734510370225
Fidelity (MAX_ERROR);Tolerancja_0.1;199;3547;0.0007555252775996551;0.027486820070711255;0.09985549207381084;0.49099249554743973
Fidelity (MAX_ERROR);Tolerancja_1.0;199;172;0.07064753261859062;0.26579603574656757;0.9899386662874381;4.7478703815900065
Fidelity (MAX_ERROR);Tolerancja_0.01;200;4862;7.503649464941326e-06;0.002739279004581557;0.009952191148638878;0.04731442049350975
Fidelity (MAX_ERROR);Tolerancja_0.1;200;3696;0.0006700444326305958;0.025885216487999397;0.09922510825318209;0.4471045174406478
Fidelity (MAX_ERROR);Tolerancja_1.0;200;164;0.07701577333364704;0.2775171586292405;0.9994577705068837;4.793437804468447
Fidelity (MAX_ERROR);Tolerancja_0.01;201;4807;7.407629371387406e-06;0.0027216960468405367;0.009982235577735032;0.04097711810236859
Fidelity (MAX_ERROR);Tolerancja_0.1;201;3308;0.0007463262778781103;0.027318972855473727;0.0998084755359292;0.41130705187805894
Fidelity (MAX_ERROR);Tolerancja_1.0;201;195;0.044415078096796214;0.21074885076032138;0.9969271280441969;3.1729775841681693
Fidelity (MAX_ERROR);Tolerancja_0.01;202;4824;9.270675761182481e-06;0.0030447784420516515;0.009969355911179978;0.05816795124629396
Fidelity (MAX_ERROR);Tolerancja_0.1;202;3645;0.00059743207973727;0.02444242376969334;0.09937384714037201;0.46695210874481746
Fidelity (MAX_ERROR);Tolerancja_1.0;202;1038;0.010093645922908633;0.10046713852254693;0.998883141493728;1.919340840936969
Fidelity (MAX_ERROR);Tolerancja_0.01;203;4787;8.331930910329916e-06;0.0028865084289379644;0.009976735779819279;0.04973211283765609
Fidelity (MAX_ERROR);Tolerancja_0.1;203;3270;0.0006766055920587601;0.026011643394041065;0.09927625677167118;0.4481587413348667
Fidelity (MAX_ERROR);Tolerancja_1.0;203;95;0.07365582456574439;0.27139606586268783;0.9916806004762995;4.675925985826805
Fidelity (MAX_ERROR);Tolerancja_0.01;204;4858;6.936101086804084e-06;0.0026336478668956644;0.009983346751878841;0.04686533814713265
Fidelity (MAX_ERROR);Tolerancja_0.1;204;3664;0.000738792727936549;0.027180741857729878;0.09992558848153621;0.4836769084676186
Fidelity (MAX_ERROR);Tolerancja_1.0;204;182;0.07534476620573062;0.27449001112195437;0.9946021717426259;4.8845053854537275
Fidelity (MAX_ERROR);Tolerancja_0.01;205;4904;5.2766729849302184e-06;0.002297100995805413;0.009835651534581658;0.04255992747358368
Fidelity (MAX_ERROR);Tolerancja_0.1;205;3882;0.0006663497850955117;0.025813751860113473;0.0995188835157812;0.4782686564472589
Fidelity (MAX_ERROR);Tolerancja_1.0;205;317;0.06218781767828508;0.2493748537408796;0.9972560894709801;4.620334808233408
Fidelity (MAX_ERROR);Tolerancja_0.01;206;4815;7.1612731326381e-06;0.002676055517480551;0.00983303338367758;0.04898965073677143
Fidelity (MAX_ERROR);Tolerancja_0.1;206;3252;0.0007297667994944092;0.02701419625853061;0.0998820083470977;0.4945398296093573
Fidelity (MAX_ERROR);Tolerancja_1.0;206;76;0.0977049807596941;0.3125779594912189;0.9941460228721821;5.722259857263516
Fidelity (MAX_ERROR);Tolerancja_0.01;207;4858;7.907386484298145e-06;0.0028120075540969203;0.009850671284503676;0.05048895559626552
Fidelity (MAX_ERROR);Tolerancja_0.1;207;3664;0.0008042552728915493;0.028359394790643;0.09908228657396556;0.5091864786193911
Fidelity (MAX_ERROR);Tolerancja_1.0;207;235;0.06588721769215794;0.2566850554515357;0.9979161003021124;4.608721746865854
Fidelity (MAX_ERROR);Tolerancja_0.01;208;4790;7.266367817727942e-06;0.0026956201174735176;0.009982300108427822;0.04190996127400011
Fidelity (MAX_ERROR);Tolerancja_0.1;208;3237;0.0006143090028668323;0.024785257772854254;0.09953902169424111;0.3853470252329191
Fidelity (MAX_ERROR);Tolerancja_1.0;208;103;0.059638588816913196;0.24421013250255033;0.9847010594945846;3.796839595296153
Fidelity (MAX_ERROR);Tolerancja_0.01;209;4811;6.860829681477693e-06;0.0026193185528831145;0.00982291471654051;0.048568232529667646
Fidelity (MAX_ERROR);Tolerancja_0.1;209;4014;0.0002164267491246116;0.014711449592905915;0.0996771093988027;0.27278434839102345
Fidelity (MAX_ERROR);Tolerancja_1.0;209;1797;0.003396957954555795;0.05828342778659981;0.998807862940521;1.0807097404207908
Fidelity (MAX_ERROR);Tolerancja_0.01;210;4871;8.301949575408526e-06;0.002881310392062703;0.009931940860478328;0.04857948864407363
Fidelity (MAX_ERROR);Tolerancja_0.1;210;3718;0.0007743269290516917;0.027826730477217256;0.09992754737218501;0.4691644263469742
Fidelity (MAX_ERROR);Tolerancja_1.0;210;272;0.05596175905882424;0.23656237879008624;0.9958993859104717;3.9884905929280903
Fidelity (MAX_ERROR);Tolerancja_0.01;211;4815;6.358102922860527e-06;0.002521527894523582;0.009792175517107538;0.0398097346924166
Fidelity (MAX_ERROR);Tolerancja_0.1;211;3185;0.0006362342596575645;0.025223684498057862;0.09927009610217574;0.39823005329973915
Fidelity (MAX_ERROR);Tolerancja_1.0;211;98;0.06785350486655904;0.26048705316494913;0.9942247445800563;4.112554336530685
Fidelity (MAX_ERROR);Tolerancja_0.01;212;4867;6.317841139294922e-06;0.002513531606981484;0.009976946323685176;0.043671413500980104
Fidelity (MAX_ERROR);Tolerancja_0.1;212;3505;0.0007868689893361398;0.028051185168119722;0.09997397291704369;0.48737597063307614
Fidelity (MAX_ERROR);Tolerancja_1.0;212;157;0.07614518261144287;0.27594416574996267;0.9982046380784286;4.794398340636575
Fidelity (MAX_ERROR);Tolerancja_0.01;213;4813;7.338504961001666e-06;0.002708967508295673;0.009869526170628973;0.049641222577019126
Fidelity (MAX_ERROR);Tolerancja_0.1;213;3263;0.000797296176268216;0.028236433490584748;0.09903999159555532;0.5174263166298286
Fidelity (MAX_ERROR);Tolerancja_1.0;213;116;0.07932934265699691;0.28165465140309137;0.9982135256500966;5.161258375132769
Fidelity (MAX_ERROR);Tolerancja_0.01;214;4854;7.0981778975983016e-06;0.002664240585532452;0.009903545591203322;0.045499262941987105
Fidelity (MAX_ERROR);Tolerancja_0.1;214;3540;0.00074959603406179;0.02737875150662992;0.09938434821782938;0.46756776418317453
Fidelity (MAX_ERROR);Tolerancja_1.0;214;142;0.08129533033579946;0.28512335985639525;0.9802948310138682;4.869268485532168
Fidelity (MAX_ERROR);Tolerancja_0.01;215;4794;7.1663204399808265e-06;0.0026769984011913092;0.00998137425338319;0.042470950946429054
Fidelity (MAX_ERROR);Tolerancja_0.1;215;3353;0.0006108918950498103;0.02471622736280378;0.0994891350085636;0.3921263753610324
Fidelity (MAX_ERROR);Tolerancja_1.0;215;157;0.047025747357491605;0.2168542076084566;0.988345473825599;3.4404220823467417
Fidelity (MAX_ERROR);Tolerancja_0.01;216;4901;6.472346431219775e-06;0.0025440806652344524;0.00973470308399449;0.04291237714837592
Fidelity (MAX_ERROR);Tolerancja_0.1;216;4015;0.0006675493919616945;0.025836977221836428;0.09934436463994922;0.4358061935961715
Fidelity (MAX_ERROR);Tolerancja_1.0;216;405;0.05687513190697298;0.23848507690623533;0.9946226772053843;4.022656083319073
Fidelity (MAX_ERROR);Tolerancja_0.01;217;4850;5.657766583971919e-06;0.002378606016971268;0.009816020819797266;0.04108967691747301
Fidelity (MAX_ERROR);Tolerancja_0.1;217;3741;0.0005931918906404499;0.024355531007154204;0.09936804551627798;0.42073420024042213
Fidelity (MAX_ERROR);Tolerancja_1.0;217;226;0.058093791245056876;0.24102653639186056;0.9995474355386147;4.163658225959466
Fidelity (MAX_ERROR);Tolerancja_0.01;218;4807;7.463923889793669e-06;0.0027320182813798427;0.009938512087160234;0.045522833657619485
Fidelity (MAX_ERROR);Tolerancja_0.1;218;3324;0.0007634311385587526;0.027630257663633046;0.09999119080579622;0.46039502448111747
Fidelity (MAX_ERROR);Tolerancja_1.0;218;144;0.0639105173297013;0.252805295296007;0.9866509330441704;4.212421814290723
Fidelity (MAX_ERROR);Tolerancja_0.01;219;4835;9.113443115666966e-06;0.0030188479782305975;0.009930240113469324;0.05200193010252453
Fidelity (MAX_ERROR);Tolerancja_0.1;219;3891;0.0004836308930075074;0.02199160960474488;0.09938005941894446;0.3788220386566929
Fidelity (MAX_ERROR);Tolerancja_1.0;219;132;0.09704255152096858;0.3115165349078096;0.9920969867939755;5.366106935782623
Fidelity (MAX_ERROR);Tolerancja_0.01;220;4827;5.5961425139336624e-06;0.002365616730143254;0.009796156594271466;0.03847046525352489
Fidelity (MAX_ERROR);Tolerancja_0.1;220;3247;0.0006377424212357349;0.025253562545425844;0.09970292546363346;0.41068203824069616
Fidelity (MAX_ERROR);Tolerancja_1.0;220;115;0.059982399138517155;0.24491304403505573;0.9870907312290278;3.9828593662824927
Fidelity (MAX_ERROR);Tolerancja_0.01;221;4865;6.932442234101971e-06;0.0026329531393668917;0.00980463232210571;0.043518438503979365
Fidelity (MAX_ERROR);Tolerancja_0.1;221;3687;0.000745440308599913;0.02730275276597422;0.09947870981183193;0.45127015345252386
Fidelity (MAX_ERROR);Tolerancja_1.0;221;823;0.017542320905965015;0.13244742695109263;0.9980945953761644;2.1891408238915284
Fidelity (MAX_ERROR);Tolerancja_0.01;222;4880;7.507309816771762e-06;0.002739947046344466;0.00993410703977693;0.04781886940504131
Fidelity (MAX_ERROR);Tolerancja_0.1;222;3926;0.0005870887758473483;0.024229914895586166;0.099901061951579;0.4228720907701933
Fidelity (MAX_ERROR);Tolerancja_1.0;222;1772;0.007394166740672029;0.08598934085496893;0.9986895546804755;1.500727200569552
Fidelity (MAX_ERROR);Tolerancja_0.01;223;4857;7.2078944450319985e-06;0.002684752212967148;0.009865481807390886;0.04900427554935035
Fidelity (MAX_ERROR);Tolerancja_0.1;223;3826;0.0006537829935074896;0.025569180540398428;0.09969227201992181;0.466709427678607
Fidelity (MAX_ERROR);Tolerancja_1.0;223;714;0.023008704636955916;0.15168620450441733;0.99695512125228;2.7686996686947256
Fidelity (MAX_ERROR);Tolerancja_0.01;224;4830;7.730175482007508e-06;0.0027803193129580473;0.00976591747526756;0.050808860786051256
Fidelity (MAX_ERROR);Tolerancja_0.1;224;3612;0.000596469021431542;0.024422715275569627;0.0995217509552937;0.4463121680558238
Fidelity (MAX_ERROR);Tolerancja_1.0;224;311;0.034960629394393615;0.18697761736206187;0.9978527888602065;3.4169167859173553
Fidelity (MAX_ERROR);Tolerancja_0.01;225;4862;6.431153099484167e-06;0.0025359718254515697;0.009867869615339586;0.04572377489833884
Fidelity (MAX_ERROR);Tolerancja_0.1;225;3553;0.0008943827008855905;0.029906231806859095;0.09955040111168056;0.5392117520670304
Fidelity (MAX_ERROR);Tolerancja_1.0;225;208;0.06858338498618015;0.2618842969446243;0.9926971166419749;4.721794825450598
Fidelity (MAX_ERROR);Tolerancja_0.01;226;4865;4.981080101210825e-06;0.002231833349784617;0.009772084999911002;0.04431215564707904
Fidelity (MAX_ERROR);Tolerancja_0.1;226;3840;0.00040748233082184325;0.020186191587861325;0.0994540549747871;0.4007887343602028
Fidelity (MAX_ERROR);Tolerancja_1.0;226;1624;0.005143998682731721;0.07172167512496987;0.999001166009152;1.4240050816131087
Fidelity (MAX_ERROR);Tolerancja_0.01;227;4841;5.852166227263851e-06;0.002419125095414425;0.009778803456353735;0.04870369835178488
Fidelity (MAX_ERROR);Tolerancja_0.1;227;3425;0.0007066141202822834;0.026582214360024326;0.09993661703557954;0.5351737089442742
Fidelity (MAX_ERROR);Tolerancja_1.0;227;134;0.07396652257126421;0.27196787047602555;0.9917153417465849;5.475467618499687
Fidelity (MAX_ERROR);Tolerancja_0.01;228;4693;7.148427162630859e-06;0.0026736542713355553;0.009941464931308097;0.04805929665519759
Fidelity (MAX_ERROR);Tolerancja_0.1;228;3235;0.0002725793640082251;0.016509977710712546;0.09965224973178;0.2967690793370538
Fidelity (MAX_ERROR);Tolerancja_1.0;228;46;0.06355374710377741;0.2520986852480144;0.9787549494887804;4.531507918062841
Fidelity (MAX_ERROR);Tolerancja_0.01;229;4830;7.5587350595248025e-06;0.002749315380149175;0.009821381816434105;0.04402704084566288
Fidelity (MAX_ERROR);Tolerancja_0.1;229;3416;0.0008021216836904454;0.02832175283576999;0.09986943353507272;0.4535394440100783
Fidelity (MAX_ERROR);Tolerancja_1.0;229;762;0.012980863568024676;0.11393359279872059;0.9993398616427376;1.8245120149039513
Fidelity (MAX_ERROR);Tolerancja_0.01;230;4865;6.453463646953275e-06;0.0025403668331469916;0.009737591663309342;0.04585907407197042
Fidelity (MAX_ERROR);Tolerancja_0.1;230;3693;0.0006618233985904543;0.025725928527274858;0.09918659915678596;0.4644082289647223
Fidelity (MAX_ERROR);Tolerancja_1.0;230;204;0.06608148715236432;0.25706319680647466;0.9956558319280195;4.6405424719397255
Fidelity (MAX_ERROR);Tolerancja_0.01;231;4833;6.07356069763177e-06;0.0024644595143016187;0.009822704522804315;0.05119605041982645
Fidelity (MAX_ERROR);Tolerancja_0.1;231;3519;0.0006402831099167036;0.025303816113715013;0.09916277990728117;0.5256549917148379
Fidelity (MAX_ERROR);Tolerancja_1.0;231;142;0.0694328576277531;0.2635011529913163;0.9890876449151778;5.47390542873199
Fidelity (MAX_ERROR);Tolerancja_0.01;232;4871;5.6186535784902636e-06;0.0023703699243979334;0.009963577090051245;0.0400786223563256
Fidelity (MAX_ERROR);Tolerancja_0.1;232;3519;0.0008078650076680724;0.028422966201085916;0.09954105888150533;0.48058040093015036
Fidelity (MAX_ERROR);Tolerancja_1.0;232;180;0.06844065261723539;0.2616116446514478;0.9856667136449051;4.423374681766514
Fidelity (MAX_ERROR);Tolerancja_0.01;233;4822;7.849367569790545e-06;0.002801672280940536;0.009843016505912239;0.047203586230304004
Fidelity (MAX_ERROR);Tolerancja_0.1;233;3561;0.0005950729054693822;0.02439411620594979;0.09982694198419839;0.4110008781801725
Fidelity (MAX_ERROR);Tolerancja_1.0;233;299;0.03273183528699741;0.18091941655609386;0.9982937235838083;3.0481956573717928
Fidelity (MAX_ERROR);Tolerancja_0.01;234;4880;7.03810194639556e-06;0.0026529421302387206;0.009727138863936169;0.04405571034374064
Fidelity (MAX_ERROR);Tolerancja_0.1;234;3747;0.000753703401216596;0.02745365915896451;0.09990094550299933;0.4559053294065969
Fidelity (MAX_ERROR);Tolerancja_1.0;234;592;0.02711730285031972;0.16467332161075673;0.9973381142229822;2.7346243536689334
Fidelity (MAX_ERROR);Tolerancja_0.01;235;4884;5.5855252900932035e-06;0.0023633715937391654;0.009720503682308923;0.04017235412536174
Fidelity (MAX_ERROR);Tolerancja_0.1;235;3675;0.000655999703630009;0.02561249116407869;0.09909337706954657;0.43535856477321455
Fidelity (MAX_ERROR);Tolerancja_1.0;235;1304;0.009169284125843061;0.09575637903473096;0.9977740966016757;1.6276573597381259
Fidelity (MAX_ERROR);Tolerancja_0.01;236;4832;6.4147407055050285e-06;0.002532733840241613;0.009985799860666944;0.03753072845613695
Fidelity (MAX_ERROR);Tolerancja_0.1;236;3280;0.000719602406564667;0.026825405990677325;0.09990935372277043;0.39750605135267486
Fidelity (MAX_ERROR);Tolerancja_1.0;236;175;0.04791898302492516;0.21890404981389713;0.9938830004819401;3.243778845206376
Fidelity (MAX_ERROR);Tolerancja_0.01;237;4862;7.924870074210116e-06;0.002815114575680733;0.009933852468811288;0.04913585108741983
Fidelity (MAX_ERROR);Tolerancja_0.1;237;3587;0.0007646399820772943;0.027652124368252328;0.09907841617854363;0.48264844242821076
Fidelity (MAX_ERROR);Tolerancja_1.0;237;183;0.06779850317901352;0.2603814570567834;0.9877310326936932;4.544775765218624
Fidelity (MAX_ERROR);Tolerancja_0.01;238;4864;7.1352391913947685e-06;0.0026711868507078964;0.009931537078599284;0.05147656492516326
Fidelity (MAX_ERROR);Tolerancja_0.1;238;3745;0.0006655218627744875;0.025797710417292605;0.09923536257683452;0.4971488665663332
Fidelity (MAX_ERROR);Tolerancja_1.0;238;181;0.07734197084675445;0.2781042445680297;0.9956053294083329;5.3593597159539
Fidelity (MAX_ERROR);Tolerancja_0.01;239;4785;8.483805264384084e-06;0.002912697249008912;0.009966672271445987;0.0519401788886471
Fidelity (MAX_ERROR);Tolerancja_0.1;239;3827;0.00025722725288173607;0.016038305798360877;0.09976180623696784;0.2860003635877849
Fidelity (MAX_ERROR);Tolerancja_1.0;239;1355;0.004176999055765893;0.06462970722327227;0.9990216214093484;1.1524982748687238
Fidelity (MAX_ERROR);Tolerancja_0.01;240;4811;6.271666846310698e-06;0.0025043296201400283;0.00980532039494264;0.0418760010222683
Fidelity (MAX_ERROR);Tolerancja_0.1;240;3168;0.0006170473150701673;0.024840437094990245;0.09952798313763278;0.41536791355973324
Fidelity (MAX_ERROR);Tolerancja_1.0;240;89;0.06677215872468557;0.25840309348900137;0.9880674153367468;4.32087218874074
Fidelity (MAX_ERROR);Tolerancja_0.01;241;4843;7.1131818099661685e-06;0.002667054894441839;0.009971130470611378;0.045519515613415586
Fidelity (MAX_ERROR);Tolerancja_0.1;241;3560;0.0007865946486446951;0.02804629474003108;0.09985064457108717;0.47867546857691434
Fidelity (MAX_ERROR);Tolerancja_1.0;241;1022;0.011476283982580607;0.10712741937795668;0.9991376087952943;1.8283794042493258
Fidelity (MAX_ERROR);Tolerancja_0.01;242;4846;7.413862320413764e-06;0.002722840854771678;0.009840554581137084;0.0449154052503199
Fidelity (MAX_ERROR);Tolerancja_0.1;242;3831;0.0003518007138925527;0.018756351294762868;0.09993275124118783;0.3094007929054229
Fidelity (MAX_ERROR);Tolerancja_1.0;242;1136;0.006854185811881825;0.08279001033869862;0.999872932738473;1.3656864515324891
Fidelity (MAX_ERROR);Tolerancja_0.01;243;4844;6.381229662056016e-06;0.002526109590270386;0.009917248498719111;0.03996106430233037
Fidelity (MAX_ERROR);Tolerancja_0.1;243;3407;0.0007154270681752863;0.026747468444233865;0.09992035108937003;0.42312388605047613
Fidelity (MAX_ERROR);Tolerancja_1.0;243;132;0.06725040238455166;0.25932682542411933;0.9838720641076764;4.102346147612391
Fidelity (MAX_ERROR);Tolerancja_0.01;244;4803;6.964000407533174e-06;0.0026389392580226574;0.009971961833663556;0.046666116254481936
Fidelity (MAX_ERROR);Tolerancja_0.1;244;3904;0.00023607940405430422;0.015364875660229217;0.09975860415027338;0.27170730497721834
Fidelity (MAX_ERROR);Tolerancja_1.0;244;1507;0.0036445380808461424;0.06037000978007327;0.9989598865526181;1.0675629937735087
Fidelity (MAX_ERROR);Tolerancja_0.01;245;4796;7.5393180781727885e-06;0.0027457818701005347;0.009848965738421533;0.04554885557373789
Fidelity (MAX_ERROR);Tolerancja_0.1;245;3334;0.000625400262440653;0.02500800396754313;0.0997232163028654;0.41484939984084734
Fidelity (MAX_ERROR);Tolerancja_1.0;245;99;0.0793137031402356;0.2816268863944556;0.9903084633341015;4.671814070064084
Fidelity (MAX_ERROR);Tolerancja_0.01;246;4838;6.003696071089101e-06;0.0024502440839820634;0.00997084917041402;0.0445400209549678
Fidelity (MAX_ERROR);Tolerancja_0.1;246;3404;0.0007407608217198788;0.027216921606233846;0.09971339927810519;0.49474346927154766
Fidelity (MAX_ERROR);Tolerancja_1.0;246;142;0.06995902379709237;0.26449768202593454;0.9887232970401776;4.807983162571233
Fidelity (MAX_ERROR);Tolerancja_0.01;247;4808;7.977731124075563e-06;0.0028244877631307883;0.009787387077132337;0.05140989283436082
Fidelity (MAX_ERROR);Tolerancja_0.1;247;3301;0.0006688418556616349;0.025861977025386805;0.09997214189482362;0.47072658083888885
Fidelity (MAX_ERROR);Tolerancja_1.0;247;124;0.06486087344053323;0.2546779798893757;0.9946168849754349;4.635519340636645
Fidelity (MAX_ERROR);Tolerancja_0.01;248;4806;6.198217241902805e-06;0.002489621907419439;0.00994054383155607;0.0439557190102462
Fidelity (MAX_ERROR);Tolerancja_0.1;248;3402;0.0005532735739072883;0.023521768086334164;0.09973505566309271;0.4152904605899629
Fidelity (MAX_ERROR);Tolerancja_1.0;248;178;0.041164471253933715;0.20289029364149908;0.9930857032140201;3.5821458313146106
Fidelity (MAX_ERROR);Tolerancja_0.01;249;4868;6.332041993143284e-06;0.00251635490206435;0.009917193232506172;0.04431959517486025
Fidelity (MAX_ERROR);Tolerancja_0.1;249;3752;0.0006588899768071092;0.025668852268987588;0.09935381860969628;0.45209566434032783
Fidelity (MAX_ERROR);Tolerancja_1.0;249;167;0.0905720097607438;0.3009518396035216;0.9962650085735758;5.300549492210086
Fidelity (MAX_ERROR);Tolerancja_0.01;250;4718;8.186364160490065e-06;0.002861182301163291;0.009981170253380967;0.05607929045548706
Fidelity (MAX_ERROR);Tolerancja_0.1;250;3848;0.00014565340652833761;0.012068695311769935;0.09990999559407943;0.23654692311368916
Fidelity (MAX_ERROR);Tolerancja_1.0;250;927;0.003800383898292299;0.06164725377737681;0.9992970609709939;1.20828870252659
Fidelity (MAX_ERROR);Tolerancja_0.01;251;4858;7.1077175089882775e-06;0.002666030290335854;0.00979648948938383;0.04183682076626955
Fidelity (MAX_ERROR);Tolerancja_0.1;251;3685;0.0006697556260311238;0.025879637285540224;0.0996859015978977;0.4061175713329262
Fidelity (MAX_ERROR);Tolerancja_1.0;251;191;0.06504971585142111;0.25504845784952535;0.9859227395000634;4.002361359675264
Fidelity (MAX_ERROR);Tolerancja_0.01;252;4851;6.321830477970897e-06;0.0025143250541588484;0.00997760095673872;0.04301293270789311
Fidelity (MAX_ERROR);Tolerancja_0.1;252;3581;0.0006839281890258253;0.026152020744596875;0.09951128254143526;0.4473865089965823
Fidelity (MAX_ERROR);Tolerancja_1.0;252;334;0.03507551324408854;0.18728457823346945;0.9988249547295389;3.2039051384616344
Fidelity (MAX_ERROR);Tolerancja_0.01;253;4769;7.128554272941895e-06;0.002669935256320253;0.009886808515261691;0.047612184080022255
Fidelity (MAX_ERROR);Tolerancja_0.1;253;3426;0.0004235603901414436;0.020580582842607824;0.09963600671866946;0.36700758808919076
Fidelity (MAX_ERROR);Tolerancja_1.0;253;711;0.008191113728794002;0.09050477185648281;0.9977422191589751;1.6139454496324332
Fidelity (MAX_ERROR);Tolerancja_0.01;254;4805;7.46961367009418e-06;0.0027330593974691036;0.009801403367529549;0.04633159350754548
Fidelity (MAX_ERROR);Tolerancja_0.1;254;3363;0.0005114549240396942;0.02261536919972111;0.09989007669884131;0.3833821152057079
Fidelity (MAX_ERROR);Tolerancja_1.0;254;479;0.013655905962172546;0.11685848690691039;0.9973786450336206;1.9810180189612965
Fidelity (MAX_ERROR);Tolerancja_0.01;255;4840;7.367870920669345e-06;0.002714382235549987;0.009868997023717796;0.046829487436055146
Fidelity (MAX_ERROR);Tolerancja_0.1;255;3603;0.0006881652276136278;0.026232903529987448;0.09999564230700608;0.45257937890235306
Fidelity (MAX_ERROR);Tolerancja_1.0;255;214;0.05580039175594678;0.23622106543648216;0.9951382614110251;4.075369810157891
Fidelity (MAX_ERROR);Tolerancja_0.01;256;4881;8.077421784554614e-06;0.0028420805380134136;0.00982447651698326;0.04581109154603288
Fidelity (MAX_ERROR);Tolerancja_0.1;256;3933;0.0006560357567984825;0.025613194974436173;0.09943315068796643;0.4128554430693431
Fidelity (MAX_ERROR);Tolerancja_1.0;256;982;0.018268635563427584;0.13516151657712186;0.9984194499175532;2.1786492418484538
Fidelity (MAX_ERROR);Tolerancja_0.01;257;4864;8.043130835170359e-06;0.0028360414022313494;0.00994885358249853;0.052096356500804
Fidelity (MAX_ERROR);Tolerancja_0.1;257;3720;0.0007641133709803627;0.027642600655154767;0.09946042877118622;0.5077777698193233
Fidelity (MAX_ERROR);Tolerancja_1.0;257;194;0.08422845116863457;0.29022138303135864;0.9939944176210256;5.3311903777787935
Fidelity (MAX_ERROR);Tolerancja_0.01;258;4822;7.619137552860032e-06;0.0027602785281308174;0.009849426585049947;0.05058795871664447
Fidelity (MAX_ERROR);Tolerancja_0.1;258;3613;0.0005961626024371095;0.024416441232028668;0.09975401990630672;0.44748307406849613
Fidelity (MAX_ERROR);Tolerancja_1.0;258;155;0.06946254313910001;0.26355747596890516;0.9977084620480037;4.8302497657026695
Fidelity (MAX_ERROR);Tolerancja_0.01;259;4884;6.88151495276571e-06;0.002623264178988786;0.009705184655058652;0.04608123692144384
Fidelity (MAX_ERROR);Tolerancja_0.1;259;3979;0.0006355304405126168;0.02520972908447484;0.09934816115289902;0.44284350313314924
Fidelity (MAX_ERROR);Tolerancja_1.0;259;551;0.039188147915281524;0.1979599654356444;0.9952164047481213;3.477438582536204
Fidelity (MAX_ERROR);Tolerancja_0.01;260;4804;5.6166534748687606e-06;0.002369947989907956;0.009790589926607307;0.04051247492066419
Fidelity (MAX_ERROR);Tolerancja_0.1;260;3152;0.0006123469798958867;0.024745645675469587;0.09986208223795501;0.42300816477497444
Fidelity (MAX_ERROR);Tolerancja_1.0;260;111;0.05301733296919922;0.23025493039064163;0.9936707079178349;3.9360345174378435
Fidelity (MAX_ERROR);Tolerancja_0.01;261;4826;6.73592992110916e-06;0.002595367010869399;0.009914155927702062;0.04363724724716072
Fidelity (MAX_ERROR);Tolerancja_0.1;261;3485;0.0006039757430605911;0.02457591794950071;0.09964556452470497;0.4132076131803244
Fidelity (MAX_ERROR);Tolerancja_1.0;261;137;0.06921954147579111;0.2630960689098017;0.9923066175433335;4.423570215962328
Fidelity (MAX_ERROR);Tolerancja_0.01;262;4869;6.388423407685521e-06;0.0025275330675750855;0.009933575784262239;0.04463233196559111
Fidelity (MAX_ERROR);Tolerancja_0.1;262;3682;0.000768839664081641;0.027727958166472357;0.09999591825652043;0.4896329347735638
Fidelity (MAX_ERROR);Tolerancja_1.0;262;223;0.07729874539034853;0.2780265192213659;0.995679091597105;4.90951911186308
Fidelity (MAX_ERROR);Tolerancja_0.01;263;4812;8.510618042969731e-06;0.002917296358440419;0.009983267139464846;0.05011984862234763
Fidelity (MAX_ERROR);Tolerancja_0.1;263;3563;0.0006265939449765017;0.025031858600122;0.09958413072381056;0.43005331293966587
Fidelity (MAX_ERROR);Tolerancja_1.0;263;638;0.015008621926868323;0.12250968095162244;0.9986971310270825;2.104745596484391
Fidelity (MAX_ERROR);Tolerancja_0.01;264;4846;8.012021395451915e-06;0.0028305514295719684;0.00988777289816678;0.048873286952019396
Fidelity (MAX_ERROR);Tolerancja_0.1;264;3794;0.0005900650821986092;0.024291255261896395;0.0996653123259077;0.41942127475102575
Fidelity (MAX_ERROR);Tolerancja_1.0;264;275;0.05028207593979874;0.22423665164240822;0.9870434445884779;3.871748135852334
Fidelity (MAX_ERROR);Tolerancja_0.01;265;4812;7.132711210559471e-06;0.0026707136144782486;0.009758146828288794;0.04108593049413493
Fidelity (MAX_ERROR);Tolerancja_0.1;265;3263;0.000773246790134494;0.02780731540682225;0.09974156211460272;0.4277843276941482
Fidelity (MAX_ERROR);Tolerancja_1.0;265;119;0.06879760701877356;0.2622929793547162;0.9876864383137995;4.035083005697991
Fidelity (MAX_ERROR);Tolerancja_0.01;266;4806;6.551589874614216e-06;0.002559607367276125;0.009885043514258562;0.04715980894212534
Fidelity (MAX_ERROR);Tolerancja_0.1;266;3795;0.0002830539163492791;0.01682420626208794;0.09957585029497995;0.3099797113677329
Fidelity (MAX_ERROR);Tolerancja_1.0;266;1621;0.003281299983739926;0.05728263247913739;0.999134580252214;1.0554110907615142
Fidelity (MAX_ERROR);Tolerancja_0.01;267;4864;7.383261555990027e-06;0.002717215772806795;0.00995459429754586;0.047157318127169834
Fidelity (MAX_ERROR);Tolerancja_0.1;267;3674;0.0007168682746126617;0.026774395877641417;0.09963189140835027;0.46467001873777863
Fidelity (MAX_ERROR);Tolerancja_1.0;267;192;0.07811979937863621;0.27949919387832983;0.9946527952679536;4.850712458655047
Fidelity (MAX_ERROR);Tolerancja_0.01;268;4796;7.351610458166588e-06;0.002711385339299191;0.009738560122431128;0.06186769329140125
Fidelity (MAX_ERROR);Tolerancja_0.1;268;3218;0.0006483043974017698;0.02546182235036938;0.09957441747428897;0.5809813134934023
Fidelity (MAX_ERROR);Tolerancja_1.0;268;91;0.07834131896442037;0.2798951928212065;0.9965712384770891;6.386576519468748
Fidelity (MAX_ERROR);Tolerancja_0.01;269;4841;7.581583858543063e-06;0.002753467606227294;0.009842578951889891;0.04725156202227184
Fidelity (MAX_ERROR);Tolerancja_0.1;269;3540;0.0007013630912152813;0.026483260585042797;0.09914174679748022;0.45447254482166516
Fidelity (MAX_ERROR);Tolerancja_1.0;269;201;0.05291329115581352;0.2300288920023168;0.9950590875201542;3.947467706821719
Fidelity (MAX_ERROR);Tolerancja_0.01;270;4859;5.625150058759037e-06;0.002371739880079398;0.009952347048193033;0.04035295626111875
Fidelity (MAX_ERROR);Tolerancja_0.1;270;3503;0.000734530258567947;0.027102218701942963;0.09936743912784962;0.46111913664923787
Fidelity (MAX_ERROR);Tolerancja_1.0;270;213;0.052076126887552115;0.22820194321598603;0.9912744667692364;3.8826445980192035
Fidelity (MAX_ERROR);Tolerancja_0.01;271;4827;4.607317855230032e-06;0.0021464663648028664;0.009917981405101806;0.03955612317056964
Fidelity (MAX_ERROR);Tolerancja_0.1;271;3712;0.00038296524581225486;0.019569497842618622;0.09929428992429212;0.3606361971201503
Fidelity (MAX_ERROR);Tolerancja_1.0;271;1293;0.005356507950111547;0.07318816810189709;0.9988163432197377;1.3487470568088218
Fidelity (MAX_ERROR);Tolerancja_0.01;272;4822;6.848784662754331e-06;0.0026170182771150705;0.00996999491440187;0.041698948969820904
Fidelity (MAX_ERROR);Tolerancja_0.1;272;3509;0.000527088007176141;0.022958397312881858;0.09928234767995314;0.3658136614292509
Fidelity (MAX_ERROR);Tolerancja_1.0;272;446;0.01687105180964838;0.1298886130869384;0.9974870116544743;2.0696143761149988
Fidelity (MAX_ERROR);Tolerancja_0.01;273;4895;6.476766910345594e-06;0.0025449492942582557;0.00987979140752504;0.04171886086706893
Fidelity (MAX_ERROR);Tolerancja_0.1;273;3986;0.0006034531290036376;0.02456528300271824;0.09948696844574112;0.40269392638302887
Fidelity (MAX_ERROR);Tolerancja_1.0;273;228;0.08167867282402647;0.28579480895220344;0.9947712672303197;4.684978949524641
Fidelity (MAX_ERROR);Tolerancja_0.01;274;4837;6.751762232930965e-06;0.00259841533110682;0.009858505060765133;0.04291560352756891
Fidelity (MAX_ERROR);Tolerancja_0.1;274;3337;0.0007407846945501144;0.027217360168651818;0.09998671839585249;0.44952376322663
Fidelity (MAX_ERROR);Tolerancja_1.0;274;117;0.07537687098065646;0.27454848566447504;0.9805810700163411;4.53446137683163
Fidelity (MAX_ERROR);Tolerancja_0.01;275;4821;7.364814197596915e-06;0.0027138191165950827;0.00976106855153569;0.051253672082818454
Fidelity (MAX_ERROR);Tolerancja_0.1;275;3617;0.0004892008041007198;0.022117884259140155;0.09990062562715663;0.41772230877568994
Fidelity (MAX_ERROR);Tolerancja_1.0;275;793;0.010020495351228056;0.10010242430245161;0.9985140731287498;1.89055224739156
Fidelity (MAX_ERROR);Tolerancja_0.01;276;4850;7.174828363155422e-06;0.0026785870086960817;0.009915088018332519;0.04917964732008355
Fidelity (MAX_ERROR);Tolerancja_0.1;276;3645;0.0007062576149285216;0.026575507801893862;0.09964658688168093;0.48793415961704945
Fidelity (MAX_ERROR);Tolerancja_1.0;276;255;0.05502086541998363;0.23456526899774321;0.9885613137547047;4.306687505538641
Fidelity (MAX_ERROR);Tolerancja_0.01;277;4705;7.538454515445364e-06;0.0027456246129879745;0.009914809075083575;0.04417663587181671
Fidelity (MAX_ERROR);Tolerancja_0.1;277;3081;0.00037027667607838046;0.019242574569905673;0.09939892359558211;0.30960977184929034
Fidelity (MAX_ERROR);Tolerancja_1.0;277;63;0.04699450525259311;0.2167821608264691;0.9896038526046258;3.487988320411549
Fidelity (MAX_ERROR);Tolerancja_0.01;278;4833;7.227501420533067e-06;0.002688401275950647;0.009936833623235497;0.05544713291729374
Fidelity (MAX_ERROR);Tolerancja_0.1;278;3494;0.0008638178126799744;0.029390777680761943;0.09981766177493423;0.6061722895260796
Fidelity (MAX_ERROR);Tolerancja_1.0;278;288;0.044921858749530995;0.21194777363664616;0.99742458062684;4.371332688123356
Fidelity (MAX_ERROR);Tolerancja_0.01;279;4794;7.24639121469815e-06;0.0026919121855473204;0.009869374256270547;0.05608726991379178
Fidelity (MAX_ERROR);Tolerancja_0.1;279;3799;0.00030488428047030145;0.01746093584176694;0.09967617366642134;0.36380689784851383
Fidelity (MAX_ERROR);Tolerancja_1.0;279;1226;0.005215579428604275;0.07221896862046892;0.9995972164477376;1.504716538547983
Fidelity (MAX_ERROR);Tolerancja_0.01;280;4819;6.046147941469128e-06;0.002458891608320531;0.009974631159943126;0.04646848601249817
Fidelity (MAX_ERROR);Tolerancja_0.1;280;3399;0.0006420432443879587;0.025338572264197497;0.09989832796267972;0.4788519700710812
Fidelity (MAX_ERROR);Tolerancja_1.0;280;201;0.03919907495313929;0.19798756262235082;0.9912367852214183;3.741597333218446
Fidelity (MAX_ERROR);Tolerancja_0.01;281;4739;7.134646801784087e-06;0.0026710759633121793;0.009898669677969707;0.04756720895818425
Fidelity (MAX_ERROR);Tolerancja_0.1;281;2791;0.0007559547388902152;0.02749463109209169;0.09940635672781761;0.4896314744878944
Fidelity (MAX_ERROR);Tolerancja_1.0;281;68;0.07495964340362553;0.27378758811097614;0.9884659827640547;4.875679910534239
Fidelity (MAX_ERROR);Tolerancja_0.01;282;4838;6.670614874861772e-06;0.0025827533515343217;0.009798139283653029;0.04237351170608559
Fidelity (MAX_ERROR);Tolerancja_0.1;282;3382;0.0006426495576337834;0.025350533675522164;0.09946183382905804;0.4159092988175262
Fidelity (MAX_ERROR);Tolerancja_1.0;282;323;0.026217475745994447;0.16191811432324194;0.9968796154904132;2.656482512597379
Fidelity (MAX_ERROR);Tolerancja_0.01;283;4874;8.04783500173849e-06;0.002836870635354825;0.009975099405318488;0.04629215411433099
Fidelity (MAX_ERROR);Tolerancja_0.1;283;3745;0.0008403192013734177;0.028988259716192306;0.09947081831816718;0.4730314345547813
Fidelity (MAX_ERROR);Tolerancja_1.0;283;240;0.07587963467512304;0.27546258307640087;0.9977320797191318;4.49500805203601
Fidelity (MAX_ERROR);Tolerancja_0.01;284;4844;8.10035616833803e-06;0.002846112465862519;0.00998172699778177;0.049716521762889675
Fidelity (MAX_ERROR);Tolerancja_0.1;284;3625;0.0006184363358187159;0.024868380241155955;0.0990554149712004;0.43440636387239945
Fidelity (MAX_ERROR);Tolerancja_1.0;284;170;0.06500614114457076;0.2549630191705667;0.9956917238682292;4.453750385258965
Fidelity (MAX_ERROR);Tolerancja_0.01;285;4766;7.697324368619349e-06;0.002774405227903694;0.00997878088715165;0.04148089592451307
Fidelity (MAX_ERROR);Tolerancja_0.1;285;3794;0.000230017044201504;0.015166312808375805;0.09985929206777211;0.22675571572440975
Fidelity (MAX_ERROR);Tolerancja_1.0;285;1005;0.004924044606533498;0.07017153701133742;0.9995076730387114;1.049153957163551
Fidelity (MAX_ERROR);Tolerancja_0.01;286;4832;7.39699677660113e-06;0.002719742042290248;0.009865854838809085;0.0415031051065163
Fidelity (MAX_ERROR);Tolerancja_0.1;286;3428;0.0005920723726471489;0.0243325373244787;0.09955325363831147;0.3713131018983224
Fidelity (MAX_ERROR);Tolerancja_1.0;286;126;0.06828461227931601;0.26131324551066293;0.9923795729193756;3.9876249017429957
Fidelity (MAX_ERROR);Tolerancja_0.01;287;4786;6.711045455618475e-06;0.002590568558370628;0.009847924691536392;0.04794118127647419
Fidelity (MAX_ERROR);Tolerancja_0.1;287;3598;0.00039035846735032374;0.01975749142351639;0.09963984170297024;0.3656330479433193
Fidelity (MAX_ERROR);Tolerancja_1.0;287;153;0.04649386155506786;0.21562435288034573;0.9957675949786244;3.9903542238468552
Fidelity (MAX_ERROR);Tolerancja_0.01;288;4818;7.631689581438702e-06;0.002762551281232387;0.009782134388371944;0.04320441758623953
Fidelity (MAX_ERROR);Tolerancja_0.1;288;3968;0.00025759825553811676;0.01604986777322844;0.09990682259110972;0.2510089836845127
Fidelity (MAX_ERROR);Tolerancja_1.0;288;1839;0.0034319226184872575;0.05858261361946271;0.9999259621669829;0.9161921153476242
Fidelity (MAX_ERROR);Tolerancja_0.01;289;4800;7.687158314062215e-06;0.0027725725083507223;0.009827479568455644;0.051065254188721466
Fidelity (MAX_ERROR);Tolerancja_0.1;289;3467;0.0005695648251061561;0.023865557297204607;0.09947978955656556;0.43955595248334906
Fidelity (MAX_ERROR);Tolerancja_1.0;289;119;0.0752875335189901;0.27438573854883586;0.9993621310488185;5.053637891364373
Fidelity (MAX_ERROR);Tolerancja_0.01;290;4848;8.869604292110584e-06;0.002978188088773203;0.009990858408523984;0.05176250815832981
Fidelity (MAX_ERROR);Tolerancja_0.1;290;3881;0.0005191914630781759;0.02278577326048374;0.09944624367935484;0.3960289743739759
Fidelity (MAX_ERROR);Tolerancja_1.0;290;792;0.016566113561848863;0.12870941520280815;0.9995851311166568;2.2370387483597822
Fidelity (MAX_ERROR);Tolerancja_0.01;291;4796;7.288547639694578e-06;0.002699731030990787;0.009808615719098635;0.046385008037277
Fidelity (MAX_ERROR);Tolerancja_0.1;291;3466;0.00039426694728179006;0.019856156407567657;0.09961900258958334;0.3411554573332598
Fidelity (MAX_ERROR);Tolerancja_1.0;291;620;0.008974157367873308;0.09473202926082239;0.9992027741881628;1.6276235996139872
Fidelity (MAX_ERROR);Tolerancja_0.01;292;4823;6.56461663378643e-06;0.0025621507827968343;0.009950890830876524;0.0484891420398394
Fidelity (MAX_ERROR);Tolerancja_0.1;292;3296;0.0006806660265659376;0.0260895769717705;0.09947418501214234;0.49374970904817983
Fidelity (MAX_ERROR);Tolerancja_1.0;292;88;0.0810974527866694;0.2847761450449623;0.9949925440880527;5.389437280334346
Fidelity (MAX_ERROR);Tolerancja_0.01;293;4795;7.320465885503788e-06;0.0027056359484423967;0.009849862842252755;0.04575008767359064
Fidelity (MAX_ERROR);Tolerancja_0.1;293;3085;0.0007887200502856565;0.028084160131391797;0.0998020903857677;0.4748801437939234
Fidelity (MAX_ERROR);Tolerancja_1.0;293;337;0.019762057499741366;0.14057758533899126;0.9938923119738448;2.3770518195188175
Fidelity (MAX_ERROR);Tolerancja_0.01;294;4850;7.848425342921322e-06;0.002801504121524957;0.009963117455848547;0.04379246171961962
Fidelity (MAX_ERROR);Tolerancja_0.1;294;3717;0.0006502210455441874;0.025499432259252115;0.09954438571088442;0.39860120229895724
Fidelity (MAX_ERROR);Tolerancja_1.0;294;1161;0.009771786164020484;0.09885234526312708;0.9977605248864698;1.5452369006238316
Fidelity (MAX_ERROR);Tolerancja_0.01;295;4841;5.710271239524733e-06;0.0023896173834998635;0.009913384224436328;0.04384713153074617
Fidelity (MAX_ERROR);Tolerancja_0.1;295;3586;0.0005438832548874752;0.023321304742391132;0.09942457674302574;0.42792303218457767
Fidelity (MAX_ERROR);Tolerancja_1.0;295;142;0.07334206792982405;0.2708174069919141;0.9810608517026354;4.969233379026745
Fidelity (MAX_ERROR);Tolerancja_0.01;296;4805;7.948985047862891e-06;0.002819394447015687;0.009911782460308327;0.051891656968917635
Fidelity (MAX_ERROR);Tolerancja_0.1;296;3350;0.0006470414356914144;0.025437009173474273;0.09974084927746985;0.4681744889376218
Fidelity (MAX_ERROR);Tolerancja_1.0;296;137;0.055046400651357234;0.23461969365625987;0.9972158156456699;4.318233893895244
Fidelity (MAX_ERROR);Tolerancja_0.01;297;4826;9.100547954238352e-06;0.003016711446963125;0.00995989086516147;0.054733288323333455
Fidelity (MAX_ERROR);Tolerancja_0.1;297;3383;0.0008615480766957628;0.029352139218390246;0.0998059274294727;0.5325464920962374
Fidelity (MAX_ERROR);Tolerancja_1.0;297;158;0.07260490392857595;0.26945297164547277;0.9945989827814854;4.888782850443743
Fidelity (MAX_ERROR);Tolerancja_0.01;298;4761;7.042561138888883e-06;0.0026537824211658504;0.009863631592232025;0.04475623756940981
Fidelity (MAX_ERROR);Tolerancja_0.1;298;3657;0.0002642032833022849;0.01625433121670298;0.09977388479674332;0.2741305028115445
Fidelity (MAX_ERROR);Tolerancja_1.0;298;1129;0.0036532021130926792;0.060441724934788874;0.9992390021128656;1.0193541786662061
Fidelity (MAX_ERROR);Tolerancja_0.01;299;4749;8.493860693139803e-06;0.0029144228747969643;0.009962464581023234;0.047692057016807836
Fidelity (MAX_ERROR);Tolerancja_0.1;299;2978;0.0007624103285631848;0.02761177880114182;0.09916036694333652;0.4518433273041346
Fidelity (MAX_ERROR);Tolerancja_1.0;299;74;0.0800437027076354;0.2829199581288591;0.9940544973283658;4.629745014341626
Fidelity (MAX_ERROR);Tolerancja_0.01;300;4807;7.614554114493477e-06;0.0027594481539781604;0.009969338010080264;0.04640399350396574
Fidelity (MAX_ERROR);Tolerancja_0.1;300;3237;0.0006387905329216098;0.025274305785156787;0.09976428059928377;0.42502292343519843
Fidelity (MAX_ERROR);Tolerancja_1.0;300;134;0.049168908015730615;0.22174063230659963;0.9965104316651177;3.72887993792767
Fidelity (MAX_ERROR);Tolerancja_0.01;301;4840;7.772808468923775e-06;0.0027879756937469477;0.009798827751247075;0.03892228764354563
Fidelity (MAX_ERROR);Tolerancja_0.1;301;3555;0.0007267171679535362;0.02695769218522862;0.09921538198072977;0.37635014243236325
Fidelity (MAX_ERROR);Tolerancja_1.0;301;232;0.04782733833389144;0.21869462346818552;0.9905661663387786;3.0531453555413335
Fidelity (MAX_ERROR);Tolerancja_0.01;302;4807;7.829054835709374e-06;0.002798044823749143;0.009911969291653833;0.045149370047358924
Fidelity (MAX_ERROR);Tolerancja_0.1;302;3847;0.000282159822692662;0.016797613601123883;0.09955537989585794;0.2710470060924533
Fidelity (MAX_ERROR);Tolerancja_1.0;302;1419;0.0045586425519548186;0.06751772028108487;0.9992855000003735;1.0894688004462334
Fidelity (MAX_ERROR);Tolerancja_0.01;303;4784;7.560568885927421e-06;0.0027496488659331433;0.009927759656825685;0.053514727902594365
Fidelity (MAX_ERROR);Tolerancja_0.1;303;3630;0.00033523570744268833;0.018309443122134773;0.09966534482091216;0.356345451547883
Fidelity (MAX_ERROR);Tolerancja_1.0;303;665;0.009046784288818594;0.09511458504781796;0.9970526663343771;1.8511567791310524
Fidelity (MAX_ERROR);Tolerancja_0.01;304;4816;6.9195450401661086e-06;0.002630502811282685;0.009998464269905583;0.04350194693114351
Fidelity (MAX_ERROR);Tolerancja_0.1;304;3443;0.0006621609622575246;0.02573248845831908;0.0997719006928861;0.4255510933190038
Fidelity (MAX_ERROR);Tolerancja_1.0;304;621;0.014068860258004159;0.11861222642714435;0.9998922622263025;1.9615499961782443
Fidelity (MAX_ERROR);Tolerancja_0.01;305;4826;7.573922217696338e-06;0.0027520759832708724;0.009888651131846782;0.05173885847283064
Fidelity (MAX_ERROR);Tolerancja_0.1;305;3428;0.0007990063107021424;0.028266699678281198;0.09954101838430685;0.5314122077437763
Fidelity (MAX_ERROR);Tolerancja_1.0;305;440;0.023741440453697155;0.15408257673629797;0.9934683909196309;2.8967429240138607
Fidelity (MAX_ERROR);Tolerancja_0.01;306;4834;7.143593934795805e-06;0.0026727502567198093;0.009837364860914022;0.044099406830117545
Fidelity (MAX_ERROR);Tolerancja_0.1;306;3410;0.0007965192380866594;0.028222672412205392;0.09973181108975737;0.4656638267678802
Fidelity (MAX_ERROR);Tolerancja_1.0;306;118;0.07883670094292035;0.28077874019042176;0.9854183381370669;4.632747059615506
Fidelity (MAX_ERROR);Tolerancja_0.01;307;4871;6.568579557636021e-06;0.0025629240249441694;0.009888638009662998;0.03911269631997211
Fidelity (MAX_ERROR);Tolerancja_0.1;307;3621;0.0007387249038403059;0.02717949417925775;0.09992449109976498;0.41478533566242387
Fidelity (MAX_ERROR);Tolerancja_1.0;307;304;0.04433969775097122;0.21056993553442338;0.9914931043269082;3.2135006198060894
Fidelity (MAX_ERROR);Tolerancja_0.01;308;4831;7.16123925612499e-06;0.0026760491879120963;0.009998129005214906;0.046829780736391095
Fidelity (MAX_ERROR);Tolerancja_0.1;308;3436;0.000675040625234873;0.025981543934779416;0.09994404292257997;0.45466653272092206
Fidelity (MAX_ERROR);Tolerancja_1.0;308;158;0.06805459823716126;0.2608727625436608;0.9993484555332666;4.565168056401792
Fidelity (MAX_ERROR);Tolerancja_0.01;309;4797;7.3236178309693675e-06;0.0027062183635045726;0.009947655143760947;0.049782716393791594
Fidelity (MAX_ERROR);Tolerancja_0.1;309;3733;0.00029840851930587034;0.01727450489321967;0.09977989313862423;0.317776196311317
Fidelity (MAX_ERROR);Tolerancja_1.0;309;1425;0.0037391535981792655;0.061148618939263585;0.9998375105400141;1.124870186226659
Fidelity (MAX_ERROR);Tolerancja_0.01;310;4816;7.840058743478175e-06;0.002800010489887167;0.009923887262694109;0.0458104399223663
Fidelity (MAX_ERROR);Tolerancja_0.1;310;3378;0.0007058711450191943;0.026568235639936544;0.0999935356589452;0.4346778581803206
Fidelity (MAX_ERROR);Tolerancja_1.0;310;109;0.08700073605944351;0.2949588718100263;0.9772615738404467;4.825766091028701
Fidelity (MAX_ERROR);Tolerancja_0.01;311;4880;7.107041422105795e-06;0.0026659034907711484;0.009884263154352535;0.04009125254705925
Fidelity (MAX_ERROR);Tolerancja_0.1;311;3604;0.0008378839226551113;0.028946224670155368;0.09994306173135126;0.4353084826785791
Fidelity (MAX_ERROR);Tolerancja_1.0;311;222;0.06093500611701654;0.24685016936801268;0.9902628387412777;3.7122620963876836
Fidelity (MAX_ERROR);Tolerancja_0.01;312;4766;8.690806392278472e-06;0.002948017366346147;0.00987942600423164;0.05757224437361475
Fidelity (MAX_ERROR);Tolerancja_0.1;312;3056;0.0007930050644074266;0.028160345601704297;0.09970588542431091;0.5499473365166073
Fidelity (MAX_ERROR);Tolerancja_1.0;312;80;0.08755118190486377;0.29589048971682713;0.9998788447448499;5.778486848915499
Fidelity (MAX_ERROR);Tolerancja_0.01;313;4827;7.414212667096204e-06;0.0027229051887820484;0.00998267461561575;0.04915806648400672
Fidelity (MAX_ERROR);Tolerancja_0.1;313;3478;0.0006977445908078496;0.02641485549473723;0.09990666129968329;0.4768815410559855
Fidelity (MAX_ERROR);Tolerancja_1.0;313;129;0.07872204522541895;0.28057449140187163;0.9937047942129498;5.065361643465427
Fidelity (MAX_ERROR);Tolerancja_0.01;314;4763;6.188511749581415e-06;0.0024876719537715204;0.009971348178183348;0.0424734451921683
Fidelity (MAX_ERROR);Tolerancja_0.1;314;3884;0.00019284010259235202;0.013886687963382487;0.0997096186462274;0.2370953610741397
Fidelity (MAX_ERROR);Tolerancja_1.0;314;1696;0.0026513531618827546;0.05149129209762321;0.9998749680080508;0.8791402618285874
Fidelity (MAX_ERROR);Tolerancja_0.01;315;4779;7.151154456224664e-06;0.0026741642537855942;0.009990163268549956;0.04575375858348428
Fidelity (MAX_ERROR);Tolerancja_0.1;315;3146;0.0006496178000597798;0.025487600908280478;0.09959540792396737;0.43608149244341743
Fidelity (MAX_ERROR);Tolerancja_1.0;315;93;0.06685893766824716;0.25857095287028503;0.9963406393827556;4.424033765906831
Fidelity (MAX_ERROR);Tolerancja_0.01;316;4863;5.488500457408647e-06;0.002342754886326917;0.009853837004088817;0.040616097223749516
Fidelity (MAX_ERROR);Tolerancja_0.1;316;3555;0.0006894613592612525;0.026257596220165557;0.09915611117792533;0.45522520822154033
Fidelity (MAX_ERROR);Tolerancja_1.0;316;151;0.06943535325251184;0.26350588845889544;0.9851563117621822;4.568374116789062
Fidelity (MAX_ERROR);Tolerancja_0.01;317;4807;5.1057134639917565e-06;0.0022595825862295354;0.009991658434606698;0.03909404038911834
Fidelity (MAX_ERROR);Tolerancja_0.1;317;3356;0.0004255289829660803;0.020628353859823142;0.09972329844842465;0.3569002982549228
Fidelity (MAX_ERROR);Tolerancja_1.0;317;354;0.015310843547462998;0.12373699344764684;0.9938110513089056;2.140828597702328
Fidelity (MAX_ERROR);Tolerancja_0.01;318;4873;5.779823996811184e-06;0.0024041264519178655;0.009850066374703204;0.03896650897556046
Fidelity (MAX_ERROR);Tolerancja_0.1;318;3545;0.000780983269290703;0.027946077887437137;0.09910624890459552;0.4529549990866014
Fidelity (MAX_ERROR);Tolerancja_1.0;318;259;0.04736268742565279;0.21762970253541403;0.9957926951696106;3.5273809122767745
Fidelity (MAX_ERROR);Tolerancja_0.01;319;4890;6.593860204613761e-06;0.002567851281638748;0.009999680245750042;0.04755349818236344
Fidelity (MAX_ERROR);Tolerancja_0.1;319;4025;0.0005218781319397058;0.022844652151864906;0.09958833373280385;0.42305531178859856
Fidelity (MAX_ERROR);Tolerancja_1.0;319;249;0.07475546268948577;0.2734144522322947;0.9998448932349375;5.063304775564277
Fidelity (MAX_ERROR);Tolerancja_0.01;320;4862;5.477847904511025e-06;0.002340480272190096;0.009811564847336918;0.04185392587632777
Fidelity (MAX_ERROR);Tolerancja_0.1;320;3555;0.0008346649037960239;0.02889056773059373;0.0992058274147265;0.5166391251782728
Fidelity (MAX_ERROR);Tolerancja_1.0;320;1344;0.008637606144727299;0.09293872252579814;0.9994254369987656;1.6619881183597571
Fidelity (MAX_ERROR);Tolerancja_0.01;321;4849;8.029377330391652e-06;0.0028336155932644873;0.009976485923373524;0.04468963013073793
Fidelity (MAX_ERROR);Tolerancja_0.1;321;3653;0.0006819301989897106;0.02611379327079294;0.0996262803468122;0.4118468875440584
Fidelity (MAX_ERROR);Tolerancja_1.0;321;167;0.08211141554012444;0.2865508952003543;0.9993698919238208;4.51926279294031
Fidelity (MAX_ERROR);Tolerancja_0.01;322;4813;5.617194346875159e-06;0.002370062097683341;0.009948371905785791;0.0425849812992762
Fidelity (MAX_ERROR);Tolerancja_0.1;322;3196;0.0006766581817218564;0.02601265426137549;0.09962553684090114;0.4673921397873924
Fidelity (MAX_ERROR);Tolerancja_1.0;322;254;0.028157513267204667;0.16780200614773552;0.9904420688626603;3.015045597652137
Fidelity (MAX_ERROR);Tolerancja_0.01;323;4811;7.3609099122374e-06;0.0027130996871175595;0.009797336000660017;0.05000183043697187
Fidelity (MAX_ERROR);Tolerancja_0.1;323;3229;0.0008493179879786588;0.02914306071741022;0.09911922737333967;0.5371001984650556
Fidelity (MAX_ERROR);Tolerancja_1.0;323;110;0.0876815520962658;0.2961107091887522;0.9987525466891283;5.457255235305302
Fidelity (MAX_ERROR);Tolerancja_0.01;324;4826;6.823769039978408e-06;0.0026122344917672317;0.00984260076002652;0.04861270375151056
Fidelity (MAX_ERROR);Tolerancja_0.1;324;3329;0.000665932149642089;0.025805661193662312;0.09995838665496226;0.4802336722346371
Fidelity (MAX_ERROR);Tolerancja_1.0;324;116;0.0736139203291241;0.27131885361899216;0.9937025651217422;5.049142063910397
Fidelity (MAX_ERROR);Tolerancja_0.01;325;4824;7.778179577728058e-06;0.0027889387906026297;0.009897302819472653;0.04920730600799075
Fidelity (MAX_ERROR);Tolerancja_0.1;325;3812;0.0004444076755638487;0.021080978999179538;0.0996978183729258;0.37194727544970885
Fidelity (MAX_ERROR);Tolerancja_1.0;325;1680;0.0051583447465501095;0.07182161754339782;0.9985417253981379;1.267201820403954
Fidelity (MAX_ERROR);Tolerancja_0.01;326;4869;7.161310006336415e-06;0.002676062407033217;0.009749385944946454;0.05066364689311017
Fidelity (MAX_ERROR);Tolerancja_0.1;326;3901;0.000682586191111725;0.026126350512685942;0.09920522757677341;0.4946282992136209
Fidelity (MAX_ERROR);Tolerancja_1.0;326;412;0.0498158817023862;0.2231947170127156;0.998729293092576;4.225558530107745
Fidelity (MAX_ERROR);Tolerancja_0.01;327;4732;7.408264098401314e-06;0.0027218126493940235;0.009919822082656182;0.04624336198952307
Fidelity (MAX_ERROR);Tolerancja_0.1;327;2768;0.000668416081991389;0.025853744061380916;0.09980385253049606;0.4392528801279165
Fidelity (MAX_ERROR);Tolerancja_1.0;327;32;0.08987585379477346;0.29979301825555155;0.9443299449463023;5.093457504582354
Fidelity (MAX_ERROR);Tolerancja_0.01;328;4728;7.164177955103684e-06;0.002676598205764863;0.009978661944328504;0.04258463290432977
Fidelity (MAX_ERROR);Tolerancja_0.1;328;3457;0.0003307930098896504;0.018187715906337727;0.09952370955473722;0.2893662573528872
Fidelity (MAX_ERROR);Tolerancja_1.0;328;425;0.010623692290706116;0.10307129712342868;0.998598654020832;1.6398626217116665
Fidelity (MAX_ERROR);Tolerancja_0.01;329;4823;7.2528842075635315e-06;0.002693117934209999;0.009960793349426567;0.040494913513098654
Fidelity (MAX_ERROR);Tolerancja_0.1;329;4063;0.00023645325593227943;0.015377036643393923;0.09957922882566095;0.23121593044704392
Fidelity (MAX_ERROR);Tolerancja_1.0;329;2316;0.002595448507661833;0.050945544531998406;0.9996694410143174;0.7660397613839233
Fidelity (MAX_ERROR);Tolerancja_0.01;330;4832;6.857573375471168e-06;0.002618696884992833;0.009791722161268446;0.05357147965861554
Fidelity (MAX_ERROR);Tolerancja_0.1;330;3852;0.0004039455465903778;0.020098396617401544;0.09945237848722233;0.4111590202479126
Fidelity (MAX_ERROR);Tolerancja_1.0;330;977;0.010239352746247602;0.10118968695597196;0.998266496445452;2.070068241761536
Fidelity (MAX_ERROR);Tolerancja_0.01;331;4885;5.536280273753831e-06;0.00235293014638213;0.009853912577010071;0.0423303646516064
Fidelity (MAX_ERROR);Tolerancja_0.1;331;4029;0.0004378631998169709;0.020925180998427967;0.09952697667024157;0.3764542451148768
Fidelity (MAX_ERROR);Tolerancja_1.0;331;261;0.06417717544541914;0.25333214451667824;0.9890865538731024;4.557569238446425
Fidelity (MAX_ERROR);Tolerancja_0.01;332;4841;8.375524264100501e-06;0.002894049803320686;0.0098595995744164;0.04663388607928738
Fidelity (MAX_ERROR);Tolerancja_0.1;332;3577;0.0007334333098034092;0.02708197389045727;0.0998656487729761;0.436391137346946
Fidelity (MAX_ERROR);Tolerancja_1.0;332;1101;0.010042595112619117;0.10021274925187472;0.9995361306501014;1.6147994160093153
Fidelity (MAX_ERROR);Tolerancja_0.01;333;4857;7.631708376723397e-06;0.002762554683028627;0.009790409491431618;0.04740940921587081
Fidelity (MAX_ERROR);Tolerancja_0.1;333;3719;0.0007221367357605844;0.02687260195367364;0.0997971430968203;0.4611724758042449
Fidelity (MAX_ERROR);Tolerancja_1.0;333;193;0.07178044755883323;0.2679187331241196;0.9845167802897725;4.597870562820437
Fidelity (MAX_ERROR);Tolerancja_0.01;334;4913;5.454849626918074e-06;0.0023355619509912544;0.009668358270468858;0.0371863321704549
Fidelity (MAX_ERROR);Tolerancja_0.1;334;3999;0.0006536106223314074;0.025565809635749996;0.09961907610507303;0.40705350972091425
Fidelity (MAX_ERROR);Tolerancja_1.0;334;1648;0.010822191145997487;0.10402976086677065;0.9994763375988143;1.656340240327545
Fidelity (MAX_ERROR);Tolerancja_0.01;335;4855;5.448290120532344e-06;0.0023341572613113162;0.00991260646644232;0.04705538546103911
Fidelity (MAX_ERROR);Tolerancja_0.1;335;3466;0.0007433123904409942;0.027263755985575323;0.09945424683050597;0.5496230131024802
Fidelity (MAX_ERROR);Tolerancja_1.0;335;585;0.016503737616367756;0.1284668736148263;0.9980367763222167;2.5898247547914433
Fidelity (MAX_ERROR);Tolerancja_0.01;336;4792;5.293506265355358e-06;0.002300762105337133;0.009980282996777667;0.039682790056106226
Fidelity (MAX_ERROR);Tolerancja_0.1;336;2851;0.0007063295799576174;0.026576861740198323;0.09965910757138818;0.4583889930818875
Fidelity (MAX_ERROR);Tolerancja_1.0;336;75;0.058968970353387724;0.242835274112695;0.9931319961929681;4.18834314876681
Fidelity (MAX_ERROR);Tolerancja_0.01;337;4807;7.649716435445402e-06;0.002765812075222285;0.009776558725528517;0.04714217805682073
Fidelity (MAX_ERROR);Tolerancja_0.1;337;3393;0.0007002324585503188;0.02646190579966452;0.09964955909958206;0.45103276759334576
Fidelity (MAX_ERROR);Tolerancja_1.0;337;158;0.054524950128687376;0.23350578178856166;0.9917551899487842;3.980014130746321
Fidelity (MAX_ERROR);Tolerancja_0.01;338;4808;8.11976262160396e-06;0.0028495197177075228;0.009782260458887748;0.04772711807046399
Fidelity (MAX_ERROR);Tolerancja_0.1;338;3523;0.0006010481854478634;0.024516284087272758;0.0995122404972113;0.4106276499899635
Fidelity (MAX_ERROR);Tolerancja_1.0;338;550;0.016073834382929874;0.1267826265027266;0.9962620604401335;2.123505005695225
Fidelity (MAX_ERROR);Tolerancja_0.01;339;4876;7.185794534492607e-06;0.0026806332338633362;0.0099572897459419;0.05662357317260287
Fidelity (MAX_ERROR);Tolerancja_0.1;339;3804;0.0005219851273068034;0.022846993835224875;0.09949355482399458;0.4826018012685792
Fidelity (MAX_ERROR);Tolerancja_1.0;339;153;0.07472734475463624;0.27336302740977286;0.9878820658604401;5.77430406729437
Fidelity (MAX_ERROR);Tolerancja_0.01;340;4827;7.228627975672257e-06;0.0026886107891757514;0.009969492824787096;0.051327582744930114
Fidelity (MAX_ERROR);Tolerancja_0.1;340;3590;0.0005343768756840567;0.02311659308124916;0.09994581620544452;0.4413129817583031
Fidelity (MAX_ERROR);Tolerancja_1.0;340;1065;0.007538642204886732;0.08682535461998835;0.9977818398888445;1.6575606969804633
Fidelity (MAX_ERROR);Tolerancja_0.01;341;4826;6.7011187192492495e-06;0.0025886519115650235;0.009697380239390263;0.04271606583024407
Fidelity (MAX_ERROR);Tolerancja_0.1;341;3359;0.000764353781538484;0.027646948864901603;0.09996484229026237;0.45620999966911313
Fidelity (MAX_ERROR);Tolerancja_1.0;341;133;0.06800865260917642;0.2607846863011255;0.9850641397209419;4.303280706761262
Fidelity (MAX_ERROR);Tolerancja_0.01;342;4857;5.789647684689149e-06;0.00240616867336626;0.009907887749081468;0.043617962481617756
Fidelity (MAX_ERROR);Tolerancja_0.1;342;3433;0.0008175229424064164;0.02859235811202735;0.0994822805480009;0.5183096335663879
Fidelity (MAX_ERROR);Tolerancja_1.0;342;150;0.06473492634751263;0.2544305923970477;0.9870934327500187;4.612205352097916
Fidelity (MAX_ERROR);Tolerancja_0.01;343;4847;8.704248213134679e-06;0.002950296292431436;0.009881256543453176;0.04609250348419604
Fidelity (MAX_ERROR);Tolerancja_0.1;343;3808;0.0005777574582893184;0.024036585828468203;0.09935478897075889;0.3755237800654203
Fidelity (MAX_ERROR);Tolerancja_1.0;343;212;0.0672585511786032;0.25934253638499644;0.990054818924035;4.0517106002510035
Fidelity (MAX_ERROR);Tolerancja_0.01;344;4755;8.090838490805653e-06;0.002844439925680564;0.009830555155744491;0.04802574946604468
Fidelity (MAX_ERROR);Tolerancja_0.1;344;3052;0.0006969943789618276;0.026400651108672065;0.0998290512656208;0.44575068871675233
Fidelity (MAX_ERROR);Tolerancja_1.0;344;102;0.06173744344189887;0.24847020634655348;0.9828257707946104;4.195190684830831
Fidelity (MAX_ERROR);Tolerancja_0.01;345;4845;6.780678201146992e-06;0.002603973540792416;0.009875503764550153;0.04993888494752647
Fidelity (MAX_ERROR);Tolerancja_0.1;345;3943;0.00034067500636615687;0.018457383518964893;0.09977399730386294;0.3539748532565595
Fidelity (MAX_ERROR);Tolerancja_1.0;345;1897;0.004024237698720502;0.06343687964205445;0.9997302041604392;1.2165895636983302
Fidelity (MAX_ERROR);Tolerancja_0.01;346;4867;6.639508588056074e-06;0.0025767243911710997;0.009930249131347102;0.0436972665730297
Fidelity (MAX_ERROR);Tolerancja_0.1;346;3460;0.0008418750803363263;0.029015083669297358;0.09910144218096129;0.4920510125492337
Fidelity (MAX_ERROR);Tolerancja_1.0;346;179;0.07143622508895928;0.26727556021634163;0.9958964173798135;4.532580761546341
Fidelity (MAX_ERROR);Tolerancja_0.01;347;4834;7.113535196879397e-06;0.002667121144020158;0.009946744432865806;0.045649405165962484
Fidelity (MAX_ERROR);Tolerancja_0.1;347;3538;0.0007070897470444732;0.026591159189559097;0.09957437976165906;0.4551239085627433
Fidelity (MAX_ERROR);Tolerancja_1.0;347;136;0.086234185187272;0.29365657695218067;0.9850334989454606;5.026111427669901
Fidelity (MAX_ERROR);Tolerancja_0.01;348;4832;8.077041805532391e-06;0.002842013688484345;0.009893543951103645;0.05167191876162169
Fidelity (MAX_ERROR);Tolerancja_0.1;348;3789;0.0004951914101927915;0.022252896669710025;0.09966335388746828;0.4045898419093248
Fidelity (MAX_ERROR);Tolerancja_1.0;348;1704;0.0054747355836643665;0.07399145615315572;0.9987066535057698;1.3452716737050352
Fidelity (MAX_ERROR);Tolerancja_0.01;349;4875;6.660604878682854e-06;0.002580814770316315;0.009717476050377982;0.04304080741089004
Fidelity (MAX_ERROR);Tolerancja_0.1;349;3720;0.0006943009368850085;0.02634959082955575;0.09986196910153744;0.43943783850542
Fidelity (MAX_ERROR);Tolerancja_1.0;349;201;0.065499631019818;0.2559289569779434;0.9915013237529662;4.268182697515923
Fidelity (MAX_ERROR);Tolerancja_0.01;350;4883;6.358691083485955e-06;0.0025216445196510067;0.009792264705381193;0.0434976990299838
Fidelity (MAX_ERROR);Tolerancja_0.1;350;3933;0.0005180198813757414;0.02276005011804107;0.0994733561848955;0.3926048268210756
Fidelity (MAX_ERROR);Tolerancja_1.0;350;892;0.01649294290570454;0.12842485314651733;0.9994688134459953;2.2152946486327902
Fidelity (MAX_ERROR);Tolerancja_0.01;351;4811;6.322234982133038e-06;0.0025144054927821484;0.009950441684726918;0.046003109930732755
Fidelity (MAX_ERROR);Tolerancja_0.1;351;3248;0.0006493825162965979;0.025482984838840955;0.09988814401506385;0.46623209990178227
Fidelity (MAX_ERROR);Tolerancja_1.0;351;97;0.07526978319410393;0.2743533910745481;0.9838930712254914;5.019520218875558
Fidelity (MAX_ERROR);Tolerancja_0.01;352;4854;7.451468692980101e-06;0.002729737843269954;0.009976883191236574;0.04368266980980403
Fidelity (MAX_ERROR);Tolerancja_0.1;352;3683;0.0007298685957517776;0.02701608031805831;0.09954950522995087;0.43232522089930914
Fidelity (MAX_ERROR);Tolerancja_1.0;352;458;0.03293703601104113;0.18148563582565186;0.9936210853649907;2.904226544882275
Fidelity (MAX_ERROR);Tolerancja_0.01;353;4855;7.1464442690652455e-06;0.002673283424754144;0.009750850560539703;0.04374839216187736
Fidelity (MAX_ERROR);Tolerancja_0.1;353;3759;0.0005096954109116484;0.022576434858312955;0.09965269842546842;0.3694642762726845
Fidelity (MAX_ERROR);Tolerancja_1.0;353;1197;0.008951884116953081;0.09461439698562307;0.9981992019879184;1.54836846148001
Fidelity (MAX_ERROR);Tolerancja_0.01;354;4845;5.280860023765956e-06;0.002298012189646947;0.009828864989283481;0.042139094839270495
Fidelity (MAX_ERROR);Tolerancja_0.1;354;3228;0.0008037653657549459;0.028350755999707412;0.09931172002500244;0.5198733066860844
Fidelity (MAX_ERROR);Tolerancja_1.0;354;112;0.06493609969049685;0.2548256260474932;0.9979137107138571;4.672786885930981
Fidelity (MAX_ERROR);Tolerancja_0.01;355;4845;8.15278100153925e-06;0.002855307514356247;0.009788730299043813;0.05480630554001362
Fidelity (MAX_ERROR);Tolerancja_0.1;355;3514;0.0007310583006053038;0.0270380898105858;0.09931697458433586;0.518983613473028
Fidelity (MAX_ERROR);Tolerancja_1.0;355;147;0.06985444306237946;0.26429991120388113;0.9910400965433819;5.073114407049853
Fidelity (MAX_ERROR);Tolerancja_0.01;356;4819;8.241732754050968e-06;0.002870841819754437;0.009798750308169346;0.05443241452569652
Fidelity (MAX_ERROR);Tolerancja_0.1;356;4164;0.00020326302737824374;0.014257034312164775;0.09999005979672448;0.2703195962406637
Fidelity (MAX_ERROR);Tolerancja_1.0;356;2284;0.0028828769711658152;0.05369242936546842;0.9998197703982719;1.0180319068790937
Fidelity (MAX_ERROR);Tolerancja_0.01;357;4759;7.143238026791532e-06;0.002672683675033679;0.009918318465420128;0.04589886024284894
Fidelity (MAX_ERROR);Tolerancja_0.1;357;3783;0.00023918359049926962;0.01546556143498417;0.09976241232186567;0.26559508314151237
Fidelity (MAX_ERROR);Tolerancja_1.0;357;1348;0.003813423171969609;0.06175292035175024;0.9998039198997875;1.0605028523538422
Fidelity (MAX_ERROR);Tolerancja_0.01;358;4772;7.557999010700123e-06;0.002749181516506344;0.009997328265049177;0.05373197303999578
Fidelity (MAX_ERROR);Tolerancja_0.1;358;3636;0.000276100844783465;0.016616282519970133;0.0997202195340825;0.3247605292802164
Fidelity (MAX_ERROR);Tolerancja_1.0;358;534;0.009310733390168737;0.09649214159800132;0.9965179331478295;1.8859115412299108
Fidelity (MAX_ERROR);Tolerancja_0.01;359;4857;6.8781870023853734e-06;0.0026226297875196515;0.009799948180547524;0.04335281905716268
Fidelity (MAX_ERROR);Tolerancja_0.1;359;3741;0.0006941182924752977;0.026346124809453433;0.099540906058174;0.43550896400131
Fidelity (MAX_ERROR);Tolerancja_1.0;359;233;0.07437940719848098;0.2727258828906435;0.9985255715463124;4.508236697923348
Fidelity (MAX_ERROR);Tolerancja_0.01;360;4837;7.737379125952799e-06;0.0027816144819066495;0.009805967934751969;0.048232790048820175
Fidelity (MAX_ERROR);Tolerancja_0.1;360;3495;0.000721168332276845;0.02685457749205608;0.09987193936680239;0.4656544630642968
Fidelity (MAX_ERROR);Tolerancja_1.0;360;438;0.02449911290210437;0.15652192466905193;0.9970450577279681;2.714067380546874
Fidelity (MAX_ERROR);Tolerancja_0.01;361;4696;6.94387700233628e-06;0.0026351237167040716;0.009908970186326194;0.049604742547202665
Fidelity (MAX_ERROR);Tolerancja_0.1;361;2853;0.0004235507937136454;0.020580349698526637;0.09998490553505857;0.3874136693679421
Fidelity (MAX_ERROR);Tolerancja_1.0;361;52;0.0564133877722483;0.23751502641358987;0.9774481551164467;4.471088648192411
Fidelity (MAX_ERROR);Tolerancja_0.01;362;4819;6.062287967662559e-06;0.002462171392828403;0.009958313210521208;0.04052777795512687
Fidelity (MAX_ERROR);Tolerancja_0.1;362;3750;0.00045032615491307285;0.021220889588164604;0.09985091078003938;0.34929960755146233
Fidelity (MAX_ERROR);Tolerancja_1.0;362;127;0.0802645761044211;0.28331003530482485;0.9801610253673587;4.663333444916402
Fidelity (MAX_ERROR);Tolerancja_0.01;363;4842;8.715984413930524e-06;0.0029522846092357906;0.009801773161494776;0.05407801830847157
Fidelity (MAX_ERROR);Tolerancja_0.1;363;3571;0.0008187475710525469;0.02861376541199265;0.09984701358073123;0.5241282378342896
Fidelity (MAX_ERROR);Tolerancja_1.0;363;238;0.05750408052726627;0.23980008450220835;0.997803318998832;4.392501088653591
Fidelity (MAX_ERROR);Tolerancja_0.01;364;4857;6.844982608287939e-06;0.002616291766659051;0.009939814125726087;0.04524159836574261
Fidelity (MAX_ERROR);Tolerancja_0.1;364;3526;0.0009420978976611607;0.030693613304092444;0.09994937242237523;0.5307619521619383
Fidelity (MAX_ERROR);Tolerancja_1.0;364;162;0.08773525762097967;0.29620138018074743;0.9968058147315553;5.121991380429377
Fidelity (MAX_ERROR);Tolerancja_0.01;365;4885;4.636533926570721e-06;0.0021532612304527104;0.009933656946837566;0.030797424166688733
Fidelity (MAX_ERROR);Tolerancja_0.1;365;3743;0.0006015193241340413;0.024525890893788982;0.09906051262266224;0.35078617226723735
Fidelity (MAX_ERROR);Tolerancja_1.0;365;172;0.0800913209870324;0.2830041006540937;0.9998607597954781;4.047719433895139
Fidelity (MAX_ERROR);Tolerancja_0.01;366;4733;7.1608748409239085e-06;0.0026759810987605852;0.009929366322260158;0.054435625683476686
Fidelity (MAX_ERROR);Tolerancja_0.1;366;3729;0.00018823539546038344;0.013719890504679089;0.09956545516280979;0.279094207457934
Fidelity (MAX_ERROR);Tolerancja_1.0;366;1278;0.0027756629003682846;0.05268456036039671;0.9994401753069759;1.0717254349836034
Fidelity (MAX_ERROR);Tolerancja_0.01;367;4809;6.455558672338674e-06;0.0025407791467065123;0.009842574548327043;0.054257555685117566
Fidelity (MAX_ERROR);Tolerancja_0.1;367;3007;0.0008337874196676296;0.02887537739437581;0.09947699071408067;0.616624785721725
Fidelity (MAX_ERROR);Tolerancja_1.0;367;117;0.05409883923615149;0.2325915717220886;0.9934175638781668;4.966921336299037
Fidelity (MAX_ERROR);Tolerancja_0.01;368;4787;6.57442368951438e-06;0.0025640639012150966;0.00989977355563365;0.04305186693192867
Fidelity (MAX_ERROR);Tolerancja_0.1;368;3038;0.0007828241131084342;0.02797899414039815;0.09977865334265168;0.4697807773241549
Fidelity (MAX_ERROR);Tolerancja_1.0;368;71;0.08234480712511515;0.28695784903904464;0.9931848933850704;4.818160392198843
Fidelity (MAX_ERROR);Tolerancja_0.01;369;4780;8.060919530387759e-06;0.002839175854079447;0.009841215670490122;0.04573348448159119
Fidelity (MAX_ERROR);Tolerancja_0.1;369;3354;0.0006241344031257078;0.024982682064296213;0.0998278548817142;0.4024213931146113
Fidelity (MAX_ERROR);Tolerancja_1.0;369;459;0.016835971736015722;0.1297535037523678;0.9979591626849;2.090071258447997
Fidelity (MAX_ERROR);Tolerancja_0.01;370;4800;6.827748531766706e-06;0.0026129960833814326;0.009950352612347224;0.043718622443261614
Fidelity (MAX_ERROR);Tolerancja_0.1;370;3106;0.0007107927054326729;0.02666069589175558;0.0994055787589394;0.44606607150284583
Fidelity (MAX_ERROR);Tolerancja_1.0;370;126;0.054761710526833644;0.23401220166229292;0.9975439248641385;3.915310534392697
Fidelity (MAX_ERROR);Tolerancja_0.01;371;4838;7.3988526495146565e-06;0.0027200832063587056;0.009747660875278896;0.04507317369290918
Fidelity (MAX_ERROR);Tolerancja_0.1;371;3536;0.0007095624268738319;0.026637613010062143;0.09908093140858831;0.4413989083717375
Fidelity (MAX_ERROR);Tolerancja_1.0;371;600;0.017555157067850918;0.13249587566355006;0.995697904998206;2.1955246087386575
Fidelity (MAX_ERROR);Tolerancja_0.01;372;4865;5.0243287231423655e-06;0.0022415014439304665;0.009875619711037231;0.04007997023066445
Fidelity (MAX_ERROR);Tolerancja_0.1;372;4031;0.0002670108543298075;0.01634046677209092;0.09986550193277388;0.29218157478951073
Fidelity (MAX_ERROR);Tolerancja_1.0;372;1788;0.0043955635396042084;0.06629904629483148;0.9989115795066557;1.1854838679732396
Fidelity (MAX_ERROR);Tolerancja_0.01;373;4855;6.3585136772363854e-06;0.0025216093427088155;0.009956472977497022;0.049252485775120584
Fidelity (MAX_ERROR);Tolerancja_0.1;373;3689;0.0007337659632512171;0.027088114796921862;0.09980507625831159;0.5290894850813891
Fidelity (MAX_ERROR);Tolerancja_1.0;373;171;0.07745594588083735;0.27830908336027654;0.991451223123466;5.435978498780387
Fidelity (MAX_ERROR);Tolerancja_0.01;374;4862;6.681829046357988e-06;0.0025849234120874816;0.009845532151429914;0.040102905002822944
Fidelity (MAX_ERROR);Tolerancja_0.1;374;3535;0.0007221324476851673;0.026872522168288695;0.0992525183442492;0.4169045004048513
Fidelity (MAX_ERROR);Tolerancja_1.0;374;145;0.08417872856456726;0.2901357071519589;0.9839669164818776;4.501210615151523
Fidelity (MAX_ERROR);Tolerancja_0.01;375;4834;8.416742509511956e-06;0.0029011622687316126;0.00975507485167526;0.05165319027213332
Fidelity (MAX_ERROR);Tolerancja_0.1;375;3524;0.0007631115316201844;0.027624473417970963;0.09952818375131844;0.49183466812760535
Fidelity (MAX_ERROR);Tolerancja_1.0;375;431;0.02672909282248571;0.16349034473780313;0.9940233776527974;2.9108326602118946
Fidelity (MAX_ERROR);Tolerancja_0.01;376;4853;8.245129784837553e-06;0.00287143340247298;0.009685952332807446;0.04878240118063936
Fidelity (MAX_ERROR);Tolerancja_0.1;376;3763;0.0006908720506528539;0.02628444503224015;0.09946721491443089;0.44654295003635136
Fidelity (MAX_ERROR);Tolerancja_1.0;376;1115;0.01218173258566543;0.11037088649487885;0.9997361660569393;1.8750763500274688
Fidelity (MAX_ERROR);Tolerancja_0.01;377;4838;7.878167251251644e-06;0.0028068073056858826;0.009785825080308008;0.04969886791012346
Fidelity (MAX_ERROR);Tolerancja_0.1;377;3498;0.0006958701273113967;0.026379350395932737;0.0990271540739025;0.46708723047233086
Fidelity (MAX_ERROR);Tolerancja_1.0;377;198;0.051588114023037646;0.22713016977723952;0.986332283346333;4.021691223083279
Fidelity (MAX_ERROR);Tolerancja_0.01;378;4799;8.412790765846795e-06;0.0029004811266144788;0.009917018369891117;0.048279679944863166
Fidelity (MAX_ERROR);Tolerancja_0.1;378;3297;0.0007128735929542822;0.026699692750185015;0.09989880164813947;0.4444271706431456
Fidelity (MAX_ERROR);Tolerancja_1.0;378;102;0.07933602301172805;0.28166651027718587;0.998590378496532;4.688452837216666
Fidelity (MAX_ERROR);Tolerancja_0.01;379;4820;7.604387869899953e-06;0.002757605459433955;0.009855041670263631;0.049465000462762934
Fidelity (MAX_ERROR);Tolerancja_0.1;379;3455;0.0005936731366054536;0.024365408607397776;0.09940305658629889;0.4370585153569191
Fidelity (MAX_ERROR);Tolerancja_1.0;379;148;0.053677035629129156;0.23168304993919853;0.9903613675597942;4.155852728406327
Fidelity (MAX_ERROR);Tolerancja_0.01;380;4806;7.77629260430095e-06;0.002788600474126932;0.009837021325191486;0.04478306861917761
Fidelity (MAX_ERROR);Tolerancja_0.1;380;3100;0.0010091312119721607;0.031766825651489965;0.09985833223658247;0.5101540884624305
Fidelity (MAX_ERROR);Tolerancja_1.0;380;152;0.06254753753515879;0.2500950569986516;0.9890342340901466;4.0163602505282885
Fidelity (MAX_ERROR);Tolerancja_0.01;381;4799;7.746362359190534e-06;0.002783228765155774;0.009842284092922426;0.046333144432246426
Fidelity (MAX_ERROR);Tolerancja_0.1;381;3405;0.0006297924346641567;0.02509566565493246;0.09995334965402236;0.4177741750769357
Fidelity (MAX_ERROR);Tolerancja_1.0;381;322;0.02396338096668127;0.1548011013096524;0.9972458132496316;2.577014823590868
Fidelity (MAX_ERROR);Tolerancja_0.01;382;4839;6.28784207787759e-06;0.002507556993944024;0.009944040284588063;0.03902997009846018
Fidelity (MAX_ERROR);Tolerancja_0.1;382;3486;0.0006287021501869478;0.02507393367995831;0.09959645640494452;0.39027423270658973
Fidelity (MAX_ERROR);Tolerancja_1.0;382;967;0.008981178224855172;0.09476907842147232;0.9999663070064226;1.4750748660874753
Fidelity (MAX_ERROR);Tolerancja_0.01;383;4836;7.805896066692925e-06;0.002793903374616403;0.009737236988357711;0.05331633793451807
Fidelity (MAX_ERROR);Tolerancja_0.1;383;3453;0.0006966809621526485;0.026394714663217113;0.09982841278705212;0.503692983606664
Fidelity (MAX_ERROR);Tolerancja_1.0;383;626;0.013909811655883982;0.11793986457463813;0.9992681271404322;2.25065824850727
Fidelity (MAX_ERROR);Tolerancja_0.01;384;4851;6.988791021270518e-06;0.0026436321645173177;0.009932656122591865;0.042544053306037555
Fidelity (MAX_ERROR);Tolerancja_0.1;384;3783;0.0005407224359896869;0.02325343922927718;0.0998851537717309;0.3742183089604305
Fidelity (MAX_ERROR);Tolerancja_1.0;384;780;0.016268197799735987;0.127546845510722;0.9998784031882417;2.0526152871255654
Fidelity (MAX_ERROR);Tolerancja_0.01;385;4825;7.436184253407146e-06;0.0027269367894043944;0.009856112216993118;0.044628527129448314
Fidelity (MAX_ERROR);Tolerancja_0.1;385;3398;0.0007363459566737102;0.02713569524949951;0.09999893811554328;0.4440976103018647
Fidelity (MAX_ERROR);Tolerancja_1.0;385;473;0.01972272666390457;0.14043762552786404;0.9964981806602538;2.298375380470227
Fidelity (MAX_ERROR);Tolerancja_0.01;386;4814;7.77471981490922e-06;0.0027883184565090876;0.009991032050228554;0.05654102319565807
Fidelity (MAX_ERROR);Tolerancja_0.1;386;3413;0.000616867896158339;0.024836825404192443;0.09922275958358417;0.5036367054870433
Fidelity (MAX_ERROR);Tolerancja_1.0;386;224;0.039686703089564755;0.1992152180170098;0.9976163131580402;4.039650577405674
Fidelity (MAX_ERROR);Tolerancja_0.01;387;4867;6.921433126076831e-06;0.002630861669886281;0.009919497472179017;0.03983485639860086
Fidelity (MAX_ERROR);Tolerancja_0.1;387;3717;0.0006643700585395962;0.02577537698152243;0.0998657438823205;0.3902745828225661
Fidelity (MAX_ERROR);Tolerancja_1.0;387;196;0.0729646324922075;0.27011966328315956;0.9879111453624958;4.089982426855681
Fidelity (MAX_ERROR);Tolerancja_0.01;388;4857;6.0783226303053935e-06;0.0024654254461056804;0.009959406936659754;0.05120099186582313
Fidelity (MAX_ERROR);Tolerancja_0.1;388;3525;0.0006493404100915862;0.025482158662318743;0.09939171926120238;0.5292035094607642
Fidelity (MAX_ERROR);Tolerancja_1.0;388;136;0.08334162456959827;0.2886894950800917;0.9953972904113944;5.995390577594762
Fidelity (MAX_ERROR);Tolerancja_0.01;389;4874;7.7885007056223e-06;0.002790788545487153;0.009711127090318072;0.045647914859567054
Fidelity (MAX_ERROR);Tolerancja_0.1;389;3890;0.0006753353736299069;0.02598721558054858;0.0991979794567115;0.425063448886639
Fidelity (MAX_ERROR);Tolerancja_1.0;389;1113;0.016806347997310876;0.12963929958662565;0.9968145093756888;2.120462949281313
Fidelity (MAX_ERROR);Tolerancja_0.01;390;4825;7.036646221870274e-06;0.002652667755650955;0.009969117193938892;0.04569479299258546
Fidelity (MAX_ERROR);Tolerancja_0.1;390;3367;0.0006559974909990194;0.025612447969669345;0.09918259413608332;0.4411994323503984
Fidelity (MAX_ERROR);Tolerancja_1.0;390;117;0.06862207890348818;0.26195816250593945;0.9910591051636191;4.512485207741194
Fidelity (MAX_ERROR);Tolerancja_0.01;391;4851;6.939277838232577e-06;0.0026342509064689675;0.009753466436905;0.04519497991570729
Fidelity (MAX_ERROR);Tolerancja_0.1;391;3560;0.0007789422669764729;0.027909537204627254;0.09925666857777227;0.4788347876514904
Fidelity (MAX_ERROR);Tolerancja_1.0;391;134;0.09177315427126176;0.30294084285758127;0.9857116092781757;5.197456808299333
Fidelity (MAX_ERROR);Tolerancja_0.01;392;4839;7.218033399349122e-06;0.002686639797097691;0.009736037551806298;0.05047779247684415
Fidelity (MAX_ERROR);Tolerancja_0.1;392;3541;0.0006574542199480428;0.025640870109027946;0.09951561942211473;0.4817521581000262
Fidelity (MAX_ERROR);Tolerancja_1.0;392;129;0.06942826213296367;0.2634924327812161;0.9824056793601361;4.950613906455657
Fidelity (MAX_ERROR);Tolerancja_0.01;393;4852;6.5158104007468205e-06;0.00255260854827896;0.009953251952179443;0.04119810920256582
Fidelity (MAX_ERROR);Tolerancja_0.1;393;3761;0.000504463774685518;0.02246027102876361;0.09971666429491943;0.36250003910161066
Fidelity (MAX_ERROR);Tolerancja_1.0;393;155;0.07887296833039828;0.2808433163356363;0.9961150277973374;4.532701899399045
Fidelity (MAX_ERROR);Tolerancja_0.01;394;4835;6.031632398984962e-06;0.002455938191198012;0.009972940942763131;0.04289356589648888
Fidelity (MAX_ERROR);Tolerancja_0.1;394;3362;0.0008112264797713052;0.02848203784442583;0.09949334366546214;0.49744581175726715
Fidelity (MAX_ERROR);Tolerancja_1.0;394;266;0.034271769386039715;0.18512636059200135;0.9992715859508978;3.2332775212704625
Fidelity (MAX_ERROR);Tolerancja_0.01;395;4843;7.314668399869041e-06;0.0027045643641572005;0.00988818829740934;0.046345980640610136
Fidelity (MAX_ERROR);Tolerancja_0.1;395;3635;0.0006507739204076599;0.025510270880719003;0.09980230672650947;0.437149337632034
Fidelity (MAX_ERROR);Tolerancja_1.0;395;182;0.0617011611456448;0.2483971842546626;0.9987852873767116;4.2565861050365905
Fidelity (MAX_ERROR);Tolerancja_0.01;396;4803;7.044080039616401e-06;0.0026540685823121454;0.009949533995847304;0.05007751174544244
Fidelity (MAX_ERROR);Tolerancja_0.1;396;3173;0.0007690939902790785;0.0277325438840197;0.0992365405317539;0.5232633404194602
Fidelity (MAX_ERROR);Tolerancja_1.0;396;82;0.08633558410474111;0.29382917504009215;0.981951069182915;5.544029292342278
Fidelity (MAX_ERROR);Tolerancja_0.01;397;4858;7.981459605029332e-06;0.0028251477138424696;0.009878423400697223;0.04598468287807699
Fidelity (MAX_ERROR);Tolerancja_0.1;397;4021;0.00047957805133260807;0.021899270566222248;0.09947433915723192;0.3564525165586042
Fidelity (MAX_ERROR);Tolerancja_1.0;397;1152;0.014192426047469738;0.11913196904051296;0.9961916656523435;1.9391006672419049
Fidelity (MAX_ERROR);Tolerancja_0.01;398;4860;8.35432185993693e-06;0.0028903843792715406;0.00990298446572968;0.04647133524557549
Fidelity (MAX_ERROR);Tolerancja_0.1;398;3629;0.000814380131595004;0.028537346260558354;0.09987798784267365;0.4588208387106319
Fidelity (MAX_ERROR);Tolerancja_1.0;398;314;0.04702649531219747;0.21685593215818993;0.9947637938182501;3.4865898098490478
Fidelity (MAX_ERROR);Tolerancja_0.01;399;4846;5.467916682464759e-06;0.0023383576891623657;0.009776185545529614;0.036642165776033915
Fidelity (MAX_ERROR);Tolerancja_0.1;399;4060;0.00024705684280147667;0.015718041951893264;0.09994417947586087;0.24630239485826486
Fidelity (MAX_ERROR);Tolerancja_1.0;399;2223;0.0028014966994601197;0.052929166812449635;0.9996347154798857;0.8294023252806407
Fidelity (MAX_ERROR);Tolerancja_0.01;400;4676;7.060929914138725e-06;0.0026572410342569084;0.00997847183441758;0.05838865616063513
Fidelity (MAX_ERROR);Tolerancja_0.1;400;2473;0.0007598168855716524;0.027564776174887624;0.09947719561027935;0.605692226437586
Fidelity (MAX_ERROR);Tolerancja_1.0;400;36;0.08848177126202246;0.29745885641887093;0.9851756970184473;6.536186467643561
Fidelity (MAX_ERROR);Tolerancja_0.01;401;4836;6.806167190545478e-06;0.0026088631988943917;0.009932774443269565;0.04408595542749856
Fidelity (MAX_ERROR);Tolerancja_0.1;401;3487;0.0006601351916210933;0.025693096185961967;0.09997847212358835;0.4341755802790965
Fidelity (MAX_ERROR);Tolerancja_1.0;401;133;0.07591763587560729;0.27553155150655123;0.9958354376930751;4.656078442033733
Fidelity (MAX_ERROR);Tolerancja_0.01;402;4746;9.108154833837207e-06;0.003017971973666622;0.009989250316179366;0.04993607076970227
Fidelity (MAX_ERROR);Tolerancja_0.1;402;3487;0.000495099511118191;0.022250831694976953;0.09932278621008539;0.3681674700428621
Fidelity (MAX_ERROR);Tolerancja_1.0;402;550;0.013005930560774646;0.11404354677391723;0.9996625763202593;1.8869912219931249
Fidelity (MAX_ERROR);Tolerancja_0.01;403;4848;7.92434651714142e-06;0.0028150215837789627;0.009808462274764729;0.048591192810095864
Fidelity (MAX_ERROR);Tolerancja_0.1;403;3584;0.0008687711940758451;0.02947492483579636;0.09954058004097543;0.5087782502316057
Fidelity (MAX_ERROR);Tolerancja_1.0;403;248;0.05819101931322711;0.24122814784603208;0.9896376116239738;4.16393377256934
Fidelity (MAX_ERROR);Tolerancja_0.01;404;4782;5.90793762606233e-06;0.002430624945577234;0.00990093053534391;0.04711204819770677
Fidelity (MAX_ERROR);Tolerancja_0.1;404;2893;0.000698298066632438;0.02642533001936661;0.09978762235867578;0.512193962206313
Fidelity (MAX_ERROR);Tolerancja_1.0;404;75;0.07074775664589293;0.26598450452214867;0.9791330673773544;5.155495017728741
Fidelity (MAX_ERROR);Tolerancja_0.01;405;4869;6.268555124638035e-06;0.002503708274667405;0.009828871643625448;0.038692199226350914
Fidelity (MAX_ERROR);Tolerancja_0.1;405;3854;0.0004670955859998764;0.02161239426810173;0.0998694265118587;0.33399700485909134
Fidelity (MAX_ERROR);Tolerancja_1.0;405;602;0.021560978938784614;0.14683657221136912;0.9982539674109177;2.2692060265972804
Fidelity (MAX_ERROR);Tolerancja_0.01;406;4861;8.934051023325313e-06;0.0029889882942770642;0.009892121388183739;0.04801334603244986
Fidelity (MAX_ERROR);Tolerancja_0.1;406;3723;0.00069356406974189;0.02633560460179128;0.09997913780639056;0.42303962820483854
Fidelity (MAX_ERROR);Tolerancja_1.0;406;289;0.045961260271844266;0.21438577441575798;0.9963757593909444;3.44376670566659
Fidelity (MAX_ERROR);Tolerancja_0.01;407;4767;6.253255906509999e-06;0.002500651096516665;0.009990215122559043;0.04068220656313211
Fidelity (MAX_ERROR);Tolerancja_0.1;407;2693;0.0008447580920746267;0.02906472246684332;0.09947929918524334;0.4728436704917769
Fidelity (MAX_ERROR);Tolerancja_1.0;407;63;0.07838817360706399;0.2799788806447086;0.9658627106533064;4.55487719641045
Fidelity (MAX_ERROR);Tolerancja_0.01;408;4850;7.942593847675642e-06;0.002818260784185105;0.009807616938640074;0.04880753624832634
Fidelity (MAX_ERROR);Tolerancja_0.1;408;3769;0.000648663713474497;0.02546887735010118;0.09921926806069692;0.4410781150718362
Fidelity (MAX_ERROR);Tolerancja_1.0;408;197;0.07102795621226467;0.26651070562411683;0.9897363123867158;4.615517129681552
Fidelity (MAX_ERROR);Tolerancja_0.01;409;4813;6.487277082410356e-06;0.002547013365180944;0.00986197124804633;0.04756578558325936
Fidelity (MAX_ERROR);Tolerancja_0.1;409;3449;0.0005564328220796484;0.02358882833206534;0.09974408949555968;0.44052424928034223
Fidelity (MAX_ERROR);Tolerancja_1.0;409;104;0.07892117718982593;0.2809291319707266;0.9889608753846337;5.246385840798857
Fidelity (MAX_ERROR);Tolerancja_0.01;410;4766;7.4179476145994265e-06;0.0027235909411289037;0.009961350205083264;0.043795462215601384
Fidelity (MAX_ERROR);Tolerancja_0.1;410;2829;0.0008050726686866593;0.02837380250665496;0.09953504137044433;0.45625199321528015
Fidelity (MAX_ERROR);Tolerancja_1.0;410;68;0.07421115709422832;0.27241724815846063;0.988133188125004;4.38048134117263
Fidelity (MAX_ERROR);Tolerancja_0.01;411;4839;6.816187840838012e-06;0.002610782993823503;0.009714600716279165;0.05000059077267077
Fidelity (MAX_ERROR);Tolerancja_0.1;411;3633;0.000645854945715727;0.02541367635183322;0.09999231398837871;0.48671177738758353
Fidelity (MAX_ERROR);Tolerancja_1.0;411;149;0.07459485801195283;0.27312059243483056;0.987075110488417;5.230687884144601
Fidelity (MAX_ERROR);Tolerancja_0.01;412;4844;7.365309472781521e-06;0.0027139103656498163;0.009960754681817896;0.04515615026945061
Fidelity (MAX_ERROR);Tolerancja_0.1;412;3592;0.0007904825409962026;0.02811552135380389;0.09969819202085706;0.46780789934170375
Fidelity (MAX_ERROR);Tolerancja_1.0;412;156;0.08901650154607556;0.298356333175744;0.995447788505996;4.964284592907066
Fidelity (MAX_ERROR);Tolerancja_0.01;413;4815;8.26997088083742e-06;0.0028757557060427475;0.009871142228520036;0.04933993275651517
Fidelity (MAX_ERROR);Tolerancja_0.1;413;3771;0.00045496742505283;0.02132996542549542;0.09980240592650524;0.3659626085697467
Fidelity (MAX_ERROR);Tolerancja_1.0;413;152;0.06921144611723026;0.26308068366421405;0.998787536319651;4.513729457010216
Fidelity (MAX_ERROR);Tolerancja_0.01;414;4889;7.988541870015535e-06;0.0028264008685987088;0.009941678250402708;0.050617636172041514
Fidelity (MAX_ERROR);Tolerancja_0.1;414;3959;0.0006939454271717658;0.026342843946160516;0.09962896858368264;0.4717704786386891
Fidelity (MAX_ERROR);Tolerancja_1.0;414;267;0.07324506737760443;0.27063825926428886;0.9961262602186263;4.8468244875916096
Fidelity (MAX_ERROR);Tolerancja_0.01;415;4847;6.557891586191652e-06;0.0025608380632503205;0.00996553132138267;0.042146956941031016
Fidelity (MAX_ERROR);Tolerancja_0.1;415;3681;0.0007441638589843564;0.027279366909522595;0.09969711536793646;0.44897110794070866
Fidelity (MAX_ERROR);Tolerancja_1.0;415;163;0.08665921339989695;0.2943793698612336;0.9853238640348359;4.844974308965688
Fidelity (MAX_ERROR);Tolerancja_0.01;416;4823;5.617056810582115e-06;0.0023700330821703978;0.00989320001679328;0.03703930086889759
Fidelity (MAX_ERROR);Tolerancja_0.1;416;3382;0.0005518224044519253;0.023490900460644868;0.09924199589003457;0.3671199935514629
Fidelity (MAX_ERROR);Tolerancja_1.0;416;244;0.028173140421244823;0.16784856395347808;0.9974774689744121;2.62316737578699
Fidelity (MAX_ERROR);Tolerancja_0.01;417;4764;8.045867771149363e-06;0.0028365238886971077;0.0098590208853917;0.04757198425791995
Fidelity (MAX_ERROR);Tolerancja_0.1;417;3226;0.0006454584551855578;0.025405874422769977;0.09972378754582323;0.42608767122135915
Fidelity (MAX_ERROR);Tolerancja_1.0;417;494;0.013695862904859519;0.11702932497822723;0.9954959239936061;1.962725301825835
Fidelity (MAX_ERROR);Tolerancja_0.01;418;4849;6.641839586132122e-06;0.002577176669561503;0.009970610769205912;0.04366712011134446
Fidelity (MAX_ERROR);Tolerancja_0.1;418;3542;0.0006731268676228254;0.025944688620656547;0.0996622706155259;0.43960115254434806
Fidelity (MAX_ERROR);Tolerancja_1.0;418;131;0.07317416073744694;0.27050722862327903;0.988760417223089;4.583415558115172
Fidelity (MAX_ERROR);Tolerancja_0.01;419;4829;7.122080556274975e-06;0.002668722645063547;0.009809927247298234;0.04584475393599992
Fidelity (MAX_ERROR);Tolerancja_0.1;419;3706;0.0005785232906530608;0.024052511109093386;0.09938154719794401;0.4131869811870368
Fidelity (MAX_ERROR);Tolerancja_1.0;419;453;0.028056574323267306;0.1675009681263583;0.9946427078736226;2.8774217815399137
Fidelity (MAX_ERROR);Tolerancja_0.01;420;4827;7.5154990075942205e-06;0.0027414410457994934;0.009803203072086042;0.042995732564683836
Fidelity (MAX_ERROR);Tolerancja_0.1;420;3401;0.0007485015805430427;0.02735875692612957;0.09983021494772437;0.42908447653850906
Fidelity (MAX_ERROR);Tolerancja_1.0;420;117;0.08768578654494379;0.2961178592130907;0.9826174298637929;4.644201377906975
Fidelity (MAX_ERROR);Tolerancja_0.01;421;4833;6.834186813605326e-06;0.002614227766206557;0.009968930264753872;0.04175361180005683
Fidelity (MAX_ERROR);Tolerancja_0.1;421;3458;0.0006796958420064414;0.026070977005214848;0.0995894891614828;0.4163973266581619
Fidelity (MAX_ERROR);Tolerancja_1.0;421;137;0.07000149384682446;0.2645779541965363;0.9799698176564933;4.225754669573244
Fidelity (MAX_ERROR);Tolerancja_0.01;422;4811;5.687662328655028e-06;0.0023848820366330547;0.009823171858082347;0.04018389314047978
Fidelity (MAX_ERROR);Tolerancja_0.1;422;3367;0.0004815402065986165;0.021944024393866692;0.09971836689945546;0.36974421282493675
Fidelity (MAX_ERROR);Tolerancja_1.0;422;128;0.044629577631493396;0.21125713628536527;0.9999894815207631;3.559561462268272
Fidelity (MAX_ERROR);Tolerancja_0.01;423;4801;6.6620304921699885e-06;0.002581090949999629;0.009862870614669283;0.04956811004206499
Fidelity (MAX_ERROR);Tolerancja_0.1;423;3215;0.0007187607550011617;0.026809713817964594;0.09991161063543652;0.5148624633801959
Fidelity (MAX_ERROR);Tolerancja_1.0;423;97;0.06917942361948126;0.26301981602054486;0.9852519176770169;5.051118087780644
Fidelity (MAX_ERROR);Tolerancja_0.01;424;4826;4.620380336848786e-06;0.002149506998557759;0.009887487454713906;0.03480307536707833
Fidelity (MAX_ERROR);Tolerancja_0.1;424;3243;0.0005938473807898546;0.024368983991743576;0.09933093036040486;0.3945628402479414
Fidelity (MAX_ERROR);Tolerancja_1.0;424;57;0.09270098176079684;0.30446835921126;0.9862388226293817;4.929704932168159
Fidelity (MAX_ERROR);Tolerancja_0.01;425;4860;7.368999878633878e-06;0.002714590186130105;0.009898073205664382;0.04357125639341373
Fidelity (MAX_ERROR);Tolerancja_0.1;425;3572;0.0007922772996065611;0.028147420834004688;0.09962673779404341;0.4517877122808377
Fidelity (MAX_ERROR);Tolerancja_1.0;425;231;0.05413083491156274;0.23266034236964997;0.9847650791685334;3.7343771011045632
Fidelity (MAX_ERROR);Tolerancja_0.01;426;4826;7.070608135867004e-06;0.002659061514118657;0.009875255640186431;0.04627906773666107
Fidelity (MAX_ERROR);Tolerancja_0.1;426;3542;0.0005566228672906036;0.023592856276648734;0.0993482670451904;0.41061682399259225
Fidelity (MAX_ERROR);Tolerancja_1.0;426;128;0.0695561132832714;0.26373492996429465;0.9838741575032826;4.590118214089765
Fidelity (MAX_ERROR);Tolerancja_0.01;427;4831;6.727478773722771e-06;0.0025937383780410025;0.009886615976091306;0.0431629594049474
Fidelity (MAX_ERROR);Tolerancja_0.1;427;3477;0.0006763102511370519;0.026005965683609057;0.09992211103657489;0.4327708802827947
Fidelity (MAX_ERROR);Tolerancja_1.0;427;135;0.07315882026078596;0.2704788721153391;0.9967741876853458;4.501097210053999
Fidelity (MAX_ERROR);Tolerancja_0.01;428;4845;5.4102731038764e-06;0.0023259993774454022;0.009913407579935196;0.04337460121759531
Fidelity (MAX_ERROR);Tolerancja_0.1;428;3493;0.0006530784690244794;0.025555399997348495;0.09952692454819623;0.47655012060171775
Fidelity (MAX_ERROR);Tolerancja_1.0;428;137;0.07142569032775795;0.26725585181200046;0.9968575288876558;4.98371414361497
Fidelity (MAX_ERROR);Tolerancja_0.01;429;4825;6.0327243973360546e-06;0.0024561604990993675;0.009910503152766204;0.038594710194568164
Fidelity (MAX_ERROR);Tolerancja_0.1;429;3857;0.0003656636348900162;0.01912233340599458;0.09971678378116566;0.3004774795127965
Fidelity (MAX_ERROR);Tolerancja_1.0;429;1428;0.006189853755643296;0.07867562364317995;0.998137973329861;1.236264036897778
Fidelity (MAX_ERROR);Tolerancja_0.01;430;4850;8.235139128831961e-06;0.0028696932116224483;0.009944138852651108;0.0497490450562076
Fidelity (MAX_ERROR);Tolerancja_0.1;430;3829;0.0005099674043238044;0.02258245788933978;0.0993245745818534;0.3914898325948589
Fidelity (MAX_ERROR);Tolerancja_1.0;430;1425;0.00831020487024831;0.09116032508854008;0.9984478068331999;1.5803567788363917
Fidelity (MAX_ERROR);Tolerancja_0.01;431;4880;4.856294218339516e-06;0.0022037001198755507;0.009872745118046922;0.04069512819083984
Fidelity (MAX_ERROR);Tolerancja_0.1;431;3579;0.0008253886406086185;0.028729577800737316;0.09901641730056543;0.5305412659939127
Fidelity (MAX_ERROR);Tolerancja_1.0;431;181;0.07305005590417375;0.27027773845467506;0.9974480282624913;4.991145171859604
Fidelity (MAX_ERROR);Tolerancja_0.01;432;4902;4.39408019926574e-06;0.00209620614426772;0.00973410285203169;0.038917068601219025
Fidelity (MAX_ERROR);Tolerancja_0.1;432;3750;0.000809146796345321;0.02844550573193103;0.09997389787191846;0.5281044047090365
Fidelity (MAX_ERROR);Tolerancja_1.0;432;264;0.06791651739859067;0.2606079764677027;0.9959492140025468;4.838311597336462
Fidelity (MAX_ERROR);Tolerancja_0.01;433;4850;6.6228940696999805e-06;0.002573498410665913;0.009760924384882408;0.05012750103864056
Fidelity (MAX_ERROR);Tolerancja_0.1;433;3430;0.000797734281475852;0.028244190225174663;0.0995473935275566;0.5501502036994275
Fidelity (MAX_ERROR);Tolerancja_1.0;433;198;0.05193522912683488;0.22789302123328586;0.9925309047760011;4.438979877051682
Fidelity (MAX_ERROR);Tolerancja_0.01;434;4773;6.842861246815596e-06;0.0026158863214626885;0.009856862456040894;0.05170022795606546
Fidelity (MAX_ERROR);Tolerancja_0.1;434;3674;0.00024745028957469465;0.015730552742185974;0.0996068691491212;0.31089774657760316
Fidelity (MAX_ERROR);Tolerancja_1.0;434;807;0.005650174677006649;0.07516764381704837;0.9985757938247861;1.485609022218042
Fidelity (MAX_ERROR);Tolerancja_0.01;435;4853;6.015645752295684e-06;0.002452681339329609;0.009947034211439387;0.04021481804607504
Fidelity (MAX_ERROR);Tolerancja_0.1;435;3719;0.0005197317578207587;0.02279762614442036;0.09911629797540833;0.37379596467713067
Fidelity (MAX_ERROR);Tolerancja_1.0;435;581;0.017815180836824124;0.13347352110746208;0.9969834352651574;2.188467486270627
Fidelity (MAX_ERROR);Tolerancja_0.01;436;4841;8.05509073687567e-06;0.0028381491745282997;0.009925886457637922;0.05400474363755107
Fidelity (MAX_ERROR);Tolerancja_0.1;436;3726;0.000629604830702792;0.025091927600381602;0.09991108322534892;0.47745309851650597
Fidelity (MAX_ERROR);Tolerancja_1.0;436;283;0.04585920947940094;0.2141476347742392;0.9991455034466568;4.074834480288657
Fidelity (MAX_ERROR);Tolerancja_0.01;437;4865;6.274003008560161e-06;0.002504796001386173;0.009906437588651507;0.04620727235266669
Fidelity (MAX_ERROR);Tolerancja_0.1;437;3627;0.0008171455432185674;0.028585757698871082;0.0999606594162481;0.5273363142819197
Fidelity (MAX_ERROR);Tolerancja_1.0;437;203;0.07996358804583087;0.2827783372994312;0.9910310868303815;5.216558809499061
Fidelity (MAX_ERROR);Tolerancja_0.01;438;4896;8.775853084490418e-06;0.0029624066372614037;0.009979675062823823;0.05477834037116324
Fidelity (MAX_ERROR);Tolerancja_0.1;438;3986;0.0007132578980328186;0.0267068885876438;0.09999733089340612;0.4938413973650556
Fidelity (MAX_ERROR);Tolerancja_1.0;438;391;0.058851459921274524;0.24259319842335755;0.9921820384219524;4.485830077415941
Fidelity (MAX_ERROR);Tolerancja_0.01;439;4871;7.714941085813723e-06;0.0027775782771712705;0.009953288705776941;0.04769404252620549
Fidelity (MAX_ERROR);Tolerancja_0.1;439;3879;0.0006944028053492744;0.02635152377661061;0.09986719734811;0.45248434795217995
Fidelity (MAX_ERROR);Tolerancja_1.0;439;760;0.023924236523881398;0.15467461499509672;0.998284605915285;2.6559315090891036
Fidelity (MAX_ERROR);Tolerancja_0.01;440;4737;7.0730556890232415e-06;0.002659521703055503;0.009967254099992218;0.04638749592024314
Fidelity (MAX_ERROR);Tolerancja_0.1;440;2898;0.0006545049556527005;0.025583294464409788;0.09956198578551412;0.4462249607629621
Fidelity (MAX_ERROR);Tolerancja_1.0;440;70;0.07734494940073061;0.2781095996198812;0.9943797814815465;4.85080001525314
Fidelity (MAX_ERROR);Tolerancja_0.01;441;4814;7.573913657492625e-06;0.002752074428043803;0.009743826316478632;0.04199910604822196
Fidelity (MAX_ERROR);Tolerancja_0.1;441;4134;0.00018318513305456144;0.013534590243319575;0.0996407474642389;0.20654989747223568
Fidelity (MAX_ERROR);Tolerancja_1.0;441;2057;0.0028514405387159193;0.05339888143693573;0.9997003509529474;0.8149144737776689
Fidelity (MAX_ERROR);Tolerancja_0.01;442;4837;7.581369627473017e-06;0.002753428703902285;0.009980553924320956;0.051860125793747255
Fidelity (MAX_ERROR);Tolerancja_0.1;442;3743;0.000491942808778057;0.022179783785647167;0.09993286633286047;0.4177505579031685
Fidelity (MAX_ERROR);Tolerancja_1.0;442;140;0.07849862255469038;0.2801760563550897;0.9933260505521191;5.277044401541408
Fidelity (MAX_ERROR);Tolerancja_0.01;443;4806;7.368764288782502e-06;0.0027145467925203466;0.009869557034384524;0.04963953765677625
Fidelity (MAX_ERROR);Tolerancja_0.1;443;3164;0.0008141697015157828;0.028533659097910714;0.09967316992803399;0.5217805230615632
Fidelity (MAX_ERROR);Tolerancja_1.0;443;245;0.030055557489836793;0.17336538723123712;0.9935657013973564;3.1702447316653086
Fidelity (MAX_ERROR);Tolerancja_0.01;444;4831;6.821735191380147e-06;0.0026118451698713204;0.009986939753043655;0.04190421457024462
Fidelity (MAX_ERROR);Tolerancja_0.1;444;3617;0.0004589207038918477;0.02142243459301131;0.09988473982842017;0.343699659596133
Fidelity (MAX_ERROR);Tolerancja_1.0;444;107;0.07949784438585593;0.2819536209837638;0.9950772305427718;4.523639137898501
Fidelity (MAX_ERROR);Tolerancja_0.01;445;4840;7.620747241272724e-06;0.0027605700935264665;0.00971952853984126;0.05008159414027252
Fidelity (MAX_ERROR);Tolerancja_0.1;445;3533;0.0007382577346547008;0.027170898672195236;0.09942979134966068;0.4929278640373365
Fidelity (MAX_ERROR);Tolerancja_1.0;445;180;0.06407378484350233;0.25312800090764814;0.9931827968556419;4.592186895280451
Fidelity (MAX_ERROR);Tolerancja_0.01;446;4786;7.079329177878493e-06;0.0026607008809481935;0.009968647744386772;0.04225777320058985
Fidelity (MAX_ERROR);Tolerancja_0.1;446;3995;0.0001807008818260698;0.01344250281108655;0.09984728841552748;0.2134964659525166
Fidelity (MAX_ERROR);Tolerancja_1.0;446;1411;0.0039709799325804256;0.06301571179142886;0.999379690466859;1.0008278931403058
Fidelity (MAX_ERROR);Tolerancja_0.01;447;4870;6.830593724079834e-06;0.00261354045770863;0.009779441215319373;0.043595859430771086
Fidelity (MAX_ERROR);Tolerancja_0.1;447;3590;0.0009301653189711319;0.03049861175481815;0.09991671486020604;0.50874023662998
Fidelity (MAX_ERROR);Tolerancja_1.0;447;204;0.07711515668811743;0.2776961589365568;0.9994382733706715;4.632184925148337
Fidelity (MAX_ERROR);Tolerancja_0.01;448;4837;6.727794158291456e-06;0.0025937991746261806;0.009913588093073855;0.045425758853271644
Fidelity (MAX_ERROR);Tolerancja_0.1;448;3674;0.000553566971062971;0.02352800397532632;0.09949649623462697;0.4120509580453632
Fidelity (MAX_ERROR);Tolerancja_1.0;448;123;0.08129342079628335;0.2851200112168266;0.9799685270378937;4.993367644063767
Fidelity (MAX_ERROR);Tolerancja_0.01;449;4842;6.316048753200289e-06;0.0025131750343341166;0.00991428629491864;0.0415509199060774
Fidelity (MAX_ERROR);Tolerancja_0.1;449;3517;0.0007169854064357657;0.02677658317328344;0.09976814747810137;0.44270361100666783
Fidelity (MAX_ERROR);Tolerancja_1.0;449;318;0.034996087544835644;0.18707241257020138;0.9962163999355065;3.092912640444331
Fidelity (MAX_ERROR);Tolerancja_0.01;450;4817;6.719185519731186e-06;0.0025921391783102978;0.009831923825652567;0.04637706004899127
Fidelity (MAX_ERROR);Tolerancja_0.1;450;3297;0.0006979160793707708;0.026418101358174302;0.09947106510915127;0.4726574418997971
Fidelity (MAX_ERROR);Tolerancja_1.0;450;153;0.04685452642125926;0.21645906407738913;0.9869555363865272;3.8727608057717555
Fidelity (MAX_ERROR);Tolerancja_0.01;451;4855;6.73436224363333e-06;0.0025950649786919268;0.009912706522884562;0.048373235434713696
Fidelity (MAX_ERROR);Tolerancja_0.1;451;3515;0.0007676494117999263;0.027706486818070714;0.09979889953037269;0.5164619849306804
Fidelity (MAX_ERROR);Tolerancja_1.0;451;134;0.08069657294273319;0.2840714222563283;0.9864872174243287;5.295225322645248
Fidelity (MAX_ERROR);Tolerancja_0.01;452;4884;5.047014168578082e-06;0.0022465560684251976;0.009819955000430092;0.04027767129668423
Fidelity (MAX_ERROR);Tolerancja_0.1;452;3670;0.0007080911624346757;0.02660998238320867;0.09912840982595039;0.47708051390533257
Fidelity (MAX_ERROR);Tolerancja_1.0;452;472;0.030001814248270354;0.17321031796134534;0.9980931600891125;3.1054236082038478
Fidelity (MAX_ERROR);Tolerancja_0.01;453;4827;7.93830163252427e-06;0.002817499180572067;0.00973492239920315;0.04927870195971554
Fidelity (MAX_ERROR);Tolerancja_0.1;453;3719;0.0005592393930156154;0.023648242916031105;0.09975849307008389;0.41361315118233194
Fidelity (MAX_ERROR);Tolerancja_1.0;453;151;0.08030347019615248;0.28337866926808813;0.9929345993817167;4.956357425370235
Fidelity (MAX_ERROR);Tolerancja_0.01;454;4874;7.1406603357564825e-06;0.0026722014025436936;0.009967592962093264;0.04910921870825409
Fidelity (MAX_ERROR);Tolerancja_0.1;454;3912;0.0006593000974302569;0.025676839708777575;0.09891563109082568;0.47188416853415793
Fidelity (MAX_ERROR);Tolerancja_1.0;454;261;0.07999435757862473;0.28283273781269513;0.9977320933446014;5.197847275237638
Fidelity (MAX_ERROR);Tolerancja_0.01;455;4846;6.574690278797893e-06;0.002564115886382262;0.00976451695591063;0.04120723192564949
Fidelity (MAX_ERROR);Tolerancja_0.1;455;3363;0.0008246720273029302;0.02871710339332521;0.0992219505798948;0.461505014670461
Fidelity (MAX_ERROR);Tolerancja_1.0;455;164;0.061617474901127865;0.24822867461501677;0.9956378566114878;3.98921773379343
Fidelity (MAX_ERROR);Tolerancja_0.01;456;4864;6.230145632568463e-06;0.00249602596792751;0.009866845306315764;0.042682841809247286
Fidelity (MAX_ERROR);Tolerancja_0.1;456;3816;0.00046658167758658475;0.021600501790157208;0.0998593880487606;0.36937548437253237
Fidelity (MAX_ERROR);Tolerancja_1.0;456;136;0.07666393024443383;0.27688252065530217;0.984022016141576;4.734779597941719
Fidelity (MAX_ERROR);Tolerancja_0.01;457;4857;7.649808236434632e-06;0.002765828670838928;0.00995550684734603;0.045448396974390445
Fidelity (MAX_ERROR);Tolerancja_0.1;457;3766;0.0006572314354614063;0.02563652541709594;0.0996444900464839;0.42126216872530226
Fidelity (MAX_ERROR);Tolerancja_1.0;457;209;0.07051738781235309;0.2655511020733167;0.9837278551199846;4.3635645371895935
Fidelity (MAX_ERROR);Tolerancja_0.01;458;4844;6.810795756299623e-06;0.002609750132924534;0.009925745044692569;0.04427824262176374
Fidelity (MAX_ERROR);Tolerancja_0.1;458;3909;0.0003575403611344914;0.0189087376927835;0.09976586992695413;0.3208144966331025
Fidelity (MAX_ERROR);Tolerancja_1.0;458;1824;0.0043865527392690125;0.06623105570100037;0.999298895800353;1.1237070999353194
Fidelity (MAX_ERROR);Tolerancja_0.01;459;4825;5.475436724319954e-06;0.002339965111774095;0.00995529339916068;0.03749826353239571
Fidelity (MAX_ERROR);Tolerancja_0.1;459;3380;0.000595238324841996;0.02439750652919261;0.09941292229122656;0.390973405869024
Fidelity (MAX_ERROR);Tolerancja_1.0;459;80;0.0756735972288652;0.2750883444075107;0.993106082442563;4.40832864617476
Fidelity (MAX_ERROR);Tolerancja_0.01;460;4820;6.859428856210989e-06;0.0026190511366162724;0.009917867628597143;0.04629768167567032
Fidelity (MAX_ERROR);Tolerancja_0.1;460;3240;0.0007740602841367885;0.027821938899666724;0.09990204547120296;0.49181600647969426
Fidelity (MAX_ERROR);Tolerancja_1.0;460;102;0.06507784604453634;0.25510359865069787;0.9969280093035975;4.509535930599283
Fidelity (MAX_ERROR);Tolerancja_0.01;461;4803;6.522698224827567e-06;0.0025539573655070217;0.009896715640561382;0.04571475468840422
Fidelity (MAX_ERROR);Tolerancja_0.1;461;3675;0.0002886977926748649;0.016991109224381584;0.09997783961826556;0.3041336557011334
Fidelity (MAX_ERROR);Tolerancja_1.0;461;1327;0.003551554247623575;0.05959491796809167;0.9984549003959602;1.0667237802718883
Fidelity (MAX_ERROR);Tolerancja_0.01;462;4743;7.587982807006602e-06;0.002754629341128603;0.00997828223733066;0.04737047810453672
Fidelity (MAX_ERROR);Tolerancja_0.1;462;3515;0.00033639457560916684;0.018341062553984346;0.09971475433669141;0.31540537565445603
Fidelity (MAX_ERROR);Tolerancja_1.0;462;198;0.02844626581180069;0.16866020814584776;0.9957940851880451;2.9003955551443052
Fidelity (MAX_ERROR);Tolerancja_0.01;463;4858;6.307317197037861e-06;0.00251143727714587;0.009931548250231792;0.04115338231044898
Fidelity (MAX_ERROR);Tolerancja_0.1;463;3630;0.0006710872787714471;0.02590535231899862;0.09983786595382327;0.4244951198152918
Fidelity (MAX_ERROR);Tolerancja_1.0;463;194;0.06532783445073462;0.25559310329258617;0.9854297369617617;4.188247419687772
Fidelity (MAX_ERROR);Tolerancja_0.01;464;4868;8.931678437841701e-06;0.002988591380206016;0.00975185142197832;0.06023257576601786
Fidelity (MAX_ERROR);Tolerancja_0.1;464;3970;0.00046628299109619756;0.021593586804794555;0.09958578147002228;0.4352007979057388
Fidelity (MAX_ERROR);Tolerancja_1.0;464;1822;0.006268187792915077;0.07917188764274272;0.9984509110060475;1.5956436040618658
Fidelity (MAX_ERROR);Tolerancja_0.01;465;4861;6.503231999969278e-06;0.002550143525366617;0.0098477446304015;0.04343262829167516
Fidelity (MAX_ERROR);Tolerancja_0.1;465;3535;0.0007646283644160718;0.027651914299304338;0.09926323492208677;0.4709520477449533
Fidelity (MAX_ERROR);Tolerancja_1.0;465;184;0.06834015839796218;0.2614195065368347;0.9982818783624587;4.452351854970664
Fidelity (MAX_ERROR);Tolerancja_0.01;466;4869;6.010694668566687e-06;0.0024516718109418084;0.009938796355789314;0.03907790849242689
Fidelity (MAX_ERROR);Tolerancja_0.1;466;3705;0.0006033404478858642;0.024562989392292303;0.09902955201294894;0.39151661633035517
Fidelity (MAX_ERROR);Tolerancja_1.0;466;137;0.07997400177543224;0.2827967499378878;0.9854193527457618;4.507579467491301
Fidelity (MAX_ERROR);Tolerancja_0.01;467;4762;7.013479947693832e-06;0.0026482975564867768;0.009984601226832979;0.04698227999400072
Fidelity (MAX_ERROR);Tolerancja_0.1;467;3772;0.00021812729584903736;0.014769133212515802;0.0996418337265732;0.26201268439775394
Fidelity (MAX_ERROR);Tolerancja_1.0;467;254;0.0184888129659092;0.13597357451324577;0.9984368233698735;2.412247269540661
Fidelity (MAX_ERROR);Tolerancja_0.01;468;4797;7.4038880430592045e-06;0.002721008644429342;0.00996060239911234;0.05590517436536662
Fidelity (MAX_ERROR);Tolerancja_0.1;468;2958;0.0007543261567881732;0.027464998758204472;0.09964469192307046;0.5642891093585684
Fidelity (MAX_ERROR);Tolerancja_1.0;468;58;0.08737558262826703;0.2955936106012223;0.9891617839460465;6.0731936209689374
Fidelity (MAX_ERROR);Tolerancja_0.01;469;4789;6.7118600641505915e-06;0.0025907257794198506;0.009753514840320499;0.04605975693020095
Fidelity (MAX_ERROR);Tolerancja_0.1;469;3381;0.00046942402934223483;0.021666195543801288;0.09949305679591713;0.38519696228643785
Fidelity (MAX_ERROR);Tolerancja_1.0;469;322;0.018101160299736574;0.13454055262164108;0.9931615641279832;2.391957188303963
Fidelity (MAX_ERROR);Tolerancja_0.01;470;4834;7.190141600532083e-06;0.0026814439394721797;0.009834010292621542;0.052266243884875954
Fidelity (MAX_ERROR);Tolerancja_0.1;470;3685;0.0005546653471209385;0.023551334295978613;0.09940630649276905;0.45905855573104465
Fidelity (MAX_ERROR);Tolerancja_1.0;470;121;0.08731945794483209;0.2954986598020913;0.9947868162983187;5.759809031812255
Fidelity (MAX_ERROR);Tolerancja_0.01;471;4816;6.705531327882741e-06;0.002589504069871824;0.00992927117775011;0.053045025086369636
Fidelity (MAX_ERROR);Tolerancja_0.1;471;3509;0.000563624602379266;0.023740779312804078;0.09987328683332919;0.4863210098294969
Fidelity (MAX_ERROR);Tolerancja_1.0;471;115;0.059500220029599656;0.24392666936929971;0.9967889008968918;4.996746846808222
Fidelity (MAX_ERROR);Tolerancja_0.01;472;4840;7.828453031836453e-06;0.002797937281612376;0.009944657185880779;0.054873289010337535
Fidelity (MAX_ERROR);Tolerancja_0.1;472;3749;0.0005683736500987445;0.02384058829179231;0.09918995299918709;0.46756283641858537
Fidelity (MAX_ERROR);Tolerancja_1.0;472;375;0.03356099823794569;0.18319661088007522;0.999478457099336;3.592861298428988
Fidelity (MAX_ERROR);Tolerancja_0.01;473;4898;4.987345228585044e-06;0.002233236491862213;0.009860254366920174;0.04291673163018599
Fidelity (MAX_ERROR);Tolerancja_0.1;473;3824;0.000627100263974876;0.025041970049795925;0.0996285774547907;0.48123855759766765
Fidelity (MAX_ERROR);Tolerancja_1.0;473;166;0.08182668535581983;0.28605364069667044;0.9844513975584537;5.49717299280729
Fidelity (MAX_ERROR);Tolerancja_0.01;474;4818;6.091431784245045e-06;0.002468082612929528;0.0098851483417417;0.04482527670271409
Fidelity (MAX_ERROR);Tolerancja_0.1;474;3708;0.00037035213938343373;0.019244535312223927;0.09970652378552103;0.3495189406815133
Fidelity (MAX_ERROR);Tolerancja_1.0;474;1314;0.0053529426142436345;0.07316380672329478;0.9979166884281705;1.3287998804476104
Fidelity (MAX_ERROR);Tolerancja_0.01;475;4841;7.128019044922893e-06;0.002669835022042166;0.009979876835480184;0.0494284928559796
Fidelity (MAX_ERROR);Tolerancja_0.1;475;3487;0.0007179830236339194;0.026795205235898446;0.09995931479204145;0.4960780721065078
Fidelity (MAX_ERROR);Tolerancja_1.0;475;429;0.02425659710263199;0.15574529560353337;0.9979612190567644;2.883419824646415
Fidelity (MAX_ERROR);Tolerancja_0.01;476;4856;8.07078144874283e-06;0.0028409120804317105;0.009887633333796941;0.04626984067987004
Fidelity (MAX_ERROR);Tolerancja_0.1;476;3813;0.0006410679750440145;0.025319320193165032;0.09937050742012499;0.41237492688697913
Fidelity (MAX_ERROR);Tolerancja_1.0;476;187;0.0801660735869654;0.28313613966953316;0.9937417995007678;4.611428901112607
Fidelity (MAX_ERROR);Tolerancja_0.01;477;4819;7.755976371849162e-06;0.0027849553626313585;0.009988305822690613;0.04712894977967873
Fidelity (MAX_ERROR);Tolerancja_0.1;477;3990;0.0002563475874830129;0.01601085842430108;0.09955034976814403;0.270946871441226
Fidelity (MAX_ERROR);Tolerancja_1.0;477;1505;0.005092023393332614;0.07135841501415663;0.9995704925291897;1.207576682443518
Fidelity (MAX_ERROR);Tolerancja_0.01;478;4826;6.6452891776235464e-06;0.002577845840546627;0.009946739887885414;0.050436222166500566
Fidelity (MAX_ERROR);Tolerancja_0.1;478;3554;0.0005523137336392223;0.02350135599575527;0.09938528844082217;0.4598101226893336
Fidelity (MAX_ERROR);Tolerancja_1.0;478;277;0.03209043024941731;0.17913802011135802;0.9992970355738766;3.504881804292702
Fidelity (MAX_ERROR);Tolerancja_0.01;479;4788;7.4218477613177125e-06;0.002724306840522505;0.009905004050687616;0.041960881074840965
Fidelity (MAX_ERROR);Tolerancja_0.1;479;3378;0.0005918890563173922;0.024328770135734198;0.09990249305836585;0.3747216044749539
Fidelity (MAX_ERROR);Tolerancja_1.0;479;134;0.05850111092974054;0.24187002900264543;0.9897133519751105;3.72538047902189
Fidelity (MAX_ERROR);Tolerancja_0.01;480;4826;6.9896526797110835e-06;0.0026437951281653963;0.009913931390423292;0.04458803500185447
Fidelity (MAX_ERROR);Tolerancja_0.1;480;3363;0.0007543907893982727;0.0274661753689565;0.09899727923828872;0.46322151655069194
Fidelity (MAX_ERROR);Tolerancja_1.0;480;118;0.07391039629031529;0.2718646653949632;0.9841935839321572;4.585041816311163
Fidelity (MAX_ERROR);Tolerancja_0.01;481;4826;5.301652132252601e-06;0.002302531678881444;0.009816101703384206;0.03986865529303508
Fidelity (MAX_ERROR);Tolerancja_0.1;481;3374;0.0005591338158012751;0.02364601056840826;0.09983924195980443;0.40943395179053865
Fidelity (MAX_ERROR);Tolerancja_1.0;481;108;0.07590175980324422;0.2755027401011544;0.991503068754326;4.770368146559217
Fidelity (MAX_ERROR);Tolerancja_0.01;482;4872;7.151093241767772e-06;0.0026741528082306312;0.009982400345212028;0.04800830886137549
Fidelity (MAX_ERROR);Tolerancja_0.1;482;3849;0.0005161685321304585;0.022719342687024607;0.09964775464246278;0.4078739320688967
Fidelity (MAX_ERROR);Tolerancja_1.0;482;1194;0.00940772210824941;0.09699341270544824;0.9987816821513538;1.741295299337443
Fidelity (MAX_ERROR);Tolerancja_0.01;483;4815;7.283988278031844e-06;0.0026988864885414956;0.009824884235067444;0.04556389214447754
Fidelity (MAX_ERROR);Tolerancja_0.1;483;3839;0.0003257802206342059;0.018049382832501668;0.09982114522417795;0.30471831110574926
Fidelity (MAX_ERROR);Tolerancja_1.0;483;1696;0.003526920190647529;0.0593878791559989;0.998656373686039;1.0026145716174666
Fidelity (MAX_ERROR);Tolerancja_0.01;484;4839;7.462099674180517e-06;0.002731684402375303;0.009949705254081564;0.04384017833162607
Fidelity (MAX_ERROR);Tolerancja_0.1;484;3604;0.000652321893607301;0.025540593055121116;0.09950278308127558;0.4098951376880779
Fidelity (MAX_ERROR);Tolerancja_1.0;484;160;0.07412717450859381;0.2722630612268102;0.9984997158863278;4.369487612448542
Fidelity (MAX_ERROR);Tolerancja_0.01;485;4822;8.88290099675478e-06;0.002980419600786906;0.00987076292267286;0.04766871326267674
Fidelity (MAX_ERROR);Tolerancja_0.1;485;3554;0.0007310146546751095;0.02703728267920261;0.09941535713183303;0.43243323023931307
Fidelity (MAX_ERROR);Tolerancja_1.0;485;164;0.07333183542755901;0.2707985144485823;0.9963639434529505;4.331140733942326
Fidelity (MAX_ERROR);Tolerancja_0.01;486;4886;6.425458695262688e-06;0.0025348488505752545;0.009860055425165548;0.04343672844386434
Fidelity (MAX_ERROR);Tolerancja_0.1;486;3691;0.0007889912335819829;0.02808898776356996;0.09911587389149723;0.48132800244572005
Fidelity (MAX_ERROR);Tolerancja_1.0;486;166;0.08867402033255418;0.29778183344951414;0.9997119497897238;5.102737637444226
Fidelity (MAX_ERROR);Tolerancja_0.01;487;4831;7.07127551428762e-06;0.0026591870025042654;0.009790611262120663;0.044281517593115785
Fidelity (MAX_ERROR);Tolerancja_0.1;487;3481;0.0006802477560314771;0.026081559693229183;0.09939159396070307;0.4343173471154837
Fidelity (MAX_ERROR);Tolerancja_1.0;487;175;0.057039971496167914;0.23883042414267056;0.9839723887657321;3.977070291967181
Fidelity (MAX_ERROR);Tolerancja_0.01;488;4808;5.991291205978564e-06;0.002447711422120378;0.009899068727596383;0.03915700128613897
Fidelity (MAX_ERROR);Tolerancja_0.1;488;3749;0.0003096140562158169;0.017595853381288926;0.09954797644217095;0.2814877796684801
Fidelity (MAX_ERROR);Tolerancja_1.0;488;1112;0.0050057161655771495;0.07075108596747579;0.9982181527371514;1.1318329191863084
Fidelity (MAX_ERROR);Tolerancja_0.01;489;4834;5.596479828148315e-06;0.0023656880242644666;0.009979795101645372;0.037459455450682216
Fidelity (MAX_ERROR);Tolerancja_0.1;489;3624;0.0004791709178747761;0.021889972998493535;0.09977260859179982;0.3466164853282602
Fidelity (MAX_ERROR);Tolerancja_1.0;489;575;0.014474695485445053;0.12031082862920134;0.9958875507985008;1.905060210410232
Fidelity (MAX_ERROR);Tolerancja_0.01;490;4848;7.33276709897131e-06;0.002707908251579309;0.009960115042824569;0.04031980666051539
Fidelity (MAX_ERROR);Tolerancja_0.1;490;3687;0.0005866896187275677;0.02422167662915942;0.09916758542630255;0.3606522924518032
Fidelity (MAX_ERROR);Tolerancja_1.0;490;187;0.06167997295558764;0.24835453077322275;0.9910063050726619;3.697912090706624
Fidelity (MAX_ERROR);Tolerancja_0.01;491;4811;7.45267649013113e-06;0.0027299590638196628;0.009972373523529754;0.05636990674817801
Fidelity (MAX_ERROR);Tolerancja_0.1;491;3383;0.0006541186985688359;0.025575744340465164;0.09942265181831544;0.5281040080762543
Fidelity (MAX_ERROR);Tolerancja_1.0;491;85;0.09921154213909385;0.31497863759165295;0.993577975503178;6.503876436838222
Fidelity (MAX_ERROR);Tolerancja_0.01;492;4849;8.080158465805445e-06;0.002842561954611622;0.009892833712472182;0.05183542605535459
Fidelity (MAX_ERROR);Tolerancja_0.1;492;3635;0.0008106044259725978;0.02847111564327253;0.09933180463427349;0.5191839028331546
Fidelity (MAX_ERROR);Tolerancja_1.0;492;955;0.015244142825970218;0.12346717307029516;0.9999656382477131;2.2514807494577114
Fidelity (MAX_ERROR);Tolerancja_0.01;493;4719;5.707328528716727e-06;0.0023890015757041115;0.009992815017168866;0.0351373742474894
Fidelity (MAX_ERROR);Tolerancja_0.1;493;2303;0.000789841954669337;0.028104127004220162;0.09979942243792195;0.4133547832237026
Fidelity (MAX_ERROR);Tolerancja_1.0;493;29;0.10490594542385591;0.3238918730438538;0.9849495903373944;4.763793408343807
Fidelity (MAX_ERROR);Tolerancja_0.01;494;4865;6.2735732411637325e-06;0.002504710211015185;0.009795263803199283;0.040357288175263316
Fidelity (MAX_ERROR);Tolerancja_0.1;494;3778;0.0005823784422481994;0.024132518356943175;0.09976632531503249;0.3888365981193675
Fidelity (MAX_ERROR);Tolerancja_1.0;494;263;0.056626819781164316;0.23796390436611245;0.9967359087100354;3.8342071755764393
Fidelity (MAX_ERROR);Tolerancja_0.01;495;4854;6.930886341612644e-06;0.0026326576575036575;0.009755308187818557;0.04400224097384265
Fidelity (MAX_ERROR);Tolerancja_0.1;495;3633;0.0006963268950844995;0.0263880066523506;0.09970442113298095;0.44104915207133455
Fidelity (MAX_ERROR);Tolerancja_1.0;495;186;0.06500828751022703;0.25496722830635904;0.9834834368502801;4.261522339751301
Fidelity (MAX_ERROR);Tolerancja_0.01;496;4787;6.800649211032739e-06;0.0026078054396432146;0.009821401637487348;0.05698512691332408
Fidelity (MAX_ERROR);Tolerancja_0.1;496;2809;0.0008244966355623233;0.028714049445564507;0.09969103891993347;0.6274523885013533
Fidelity (MAX_ERROR);Tolerancja_1.0;496;66;0.07869436952838768;0.28052516737075067;0.9744706720507712;6.129967374863208
Fidelity (MAX_ERROR);Tolerancja_0.01;497;4765;6.701542989723766e-06;0.0025887338584187763;0.009869870731518127;0.04345687618228764
Fidelity (MAX_ERROR);Tolerancja_0.1;497;3282;0.00047395345700409434;0.021770472135534735;0.09924322111482997;0.3654592413766894
Fidelity (MAX_ERROR);Tolerancja_1.0;497;169;0.02893225289359805;0.17009483499976727;0.9949138786074982;2.8553689131823337
Fidelity (MAX_ERROR);Tolerancja_0.01;498;4848;8.433699220664488e-06;0.0029040831979584344;0.009794895399369619;0.05051370355674318
Fidelity (MAX_ERROR);Tolerancja_0.1;498;3814;0.0006987298130689715;0.026433497934798024;0.0993158841672459;0.4597849949976818
Fidelity (MAX_ERROR);Tolerancja_1.0;498;203;0.09107023942716154;0.3017784608403349;0.9822038949738952;5.249142903831191
Fidelity (MAX_ERROR);Tolerancja_0.01;499;4862;5.872053957067335e-06;0.002423232130248222;0.009994154374092457;0.043779423674915156
Fidelity (MAX_ERROR);Tolerancja_0.1;499;3572;0.0007390309224971749;0.027185123183409984;0.09937845854347138;0.4911411542646358
Fidelity (MAX_ERROR);Tolerancja_1.0;499;156;0.07779197493266814;0.27891212761848155;0.9963428983188596;5.038977508865701
Fidelity (MAX_ERROR);Tolerancja_0.01;500;4803;6.820543142593016e-06;0.0026116169593937426;0.009988198218715993;0.03912611749097144
Fidelity (MAX_ERROR);Tolerancja_0.1;500;3357;0.0005095254732656553;0.02257267093778792;0.0995986409807692;0.33817400825959837
Fidelity (MAX_ERROR);Tolerancja_1.0;500;650;0.009455247236829525;0.09723809560470384;0.9976605366402875;1.456779157273944
Fidelity (MAX_ERROR);Tolerancja_0.01;501;4855;7.184664335041338e-06;0.002680422417277049;0.009922283533912335;0.05022225072542778
Fidelity (MAX_ERROR);Tolerancja_0.1;501;3689;0.0006412974895859115;0.02532385218693853;0.09959265517520688;0.47448523250230823
Fidelity (MAX_ERROR);Tolerancja_1.0;501;356;0.03482712290759393;0.1866202639254214;0.9969211562391544;3.4966465079892948
Fidelity (MAX_ERROR);Tolerancja_0.01;502;4862;7.28601763831821e-06;0.002699262424870581;0.009931981074259078;0.04398891017251838
Fidelity (MAX_ERROR);Tolerancja_0.1;502;3568;0.0009161487889066116;0.030267949862959196;0.09950381556756582;0.4932659067751961
Fidelity (MAX_ERROR);Tolerancja_1.0;502;247;0.05721808544182013;0.23920302138940497;0.9887675070514605;3.898205718696665
Fidelity (MAX_ERROR);Tolerancja_0.01;503;4848;7.772389870724683e-06;0.002787900620668657;0.009841660345048187;0.0429224109290683
Fidelity (MAX_ERROR);Tolerancja_0.1;503;3780;0.0006002032512970554;0.0244990459262612;0.09967835198695152;0.3771863705690096
Fidelity (MAX_ERROR);Tolerancja_1.0;503;194;0.06805631264595856;0.2608760484328881;0.9909530907476629;4.01643762671222
Fidelity (MAX_ERROR);Tolerancja_0.01;504;4871;5.621724482703356e-06;0.002371017604891064;0.009983439615899314;0.03875617687811856
Fidelity (MAX_ERROR);Tolerancja_0.1;504;3723;0.0005841338672942271;0.02416886152250923;0.0995505315782399;0.3950593492755436
Fidelity (MAX_ERROR);Tolerancja_1.0;504;1525;0.006675363667342879;0.08170289876952273;0.9981955830241942;1.3354991500841777
Fidelity (MAX_ERROR);Tolerancja_0.01;505;4823;8.364482179579726e-06;0.002892141452207987;0.009894401645906825;0.046759208868952414
Fidelity (MAX_ERROR);Tolerancja_0.1;505;3445;0.000752821464711088;0.027437592181368393;0.09971709598010747;0.4436021283434365
Fidelity (MAX_ERROR);Tolerancja_1.0;505;188;0.06199414134536026;0.24898622722022248;0.998514144079639;4.02552890184348
Fidelity (MAX_ERROR);Tolerancja_0.01;506;4899;5.1748208473535066e-06;0.0022748232562890477;0.00975226459335854;0.03970299151771996
Fidelity (MAX_ERROR);Tolerancja_0.1;506;3868;0.0006315320203302243;0.025130300840424183;0.09919709248057007;0.43860467768065325
Fidelity (MAX_ERROR);Tolerancja_1.0;506;264;0.06422249443925787;0.2534215745339332;0.9982408889493;4.423022578264656
Fidelity (MAX_ERROR);Tolerancja_0.01;507;4807;8.255462563315655e-06;0.002873232076132322;0.009923393311122908;0.05041692073992341
Fidelity (MAX_ERROR);Tolerancja_0.1;507;3350;0.000678464663874663;0.026047354258631777;0.09958398704673721;0.45705580348034036
Fidelity (MAX_ERROR);Tolerancja_1.0;507;103;0.0824805956389153;0.2871943516835164;0.9961385841311898;5.039431024754684
Fidelity (MAX_ERROR);Tolerancja_0.01;508;4845;6.77417227209351e-06;0.002602724009973687;0.009889286736101788;0.05141243578687761
Fidelity (MAX_ERROR);Tolerancja_0.1;508;3563;0.0006900698130062232;0.026269179907378593;0.09903348036307502;0.5189034718958508
Fidelity (MAX_ERROR);Tolerancja_1.0;508;145;0.07224802717317878;0.26878993130915224;0.9849362007401954;5.30949306597081
Fidelity (MAX_ERROR);Tolerancja_0.01;509;4812;7.357845503290608e-06;0.002712534885174863;0.009832378879052861;0.045539013987860595
Fidelity (MAX_ERROR);Tolerancja_0.1;509;3440;0.0005205245729584338;0.02281500762564926;0.09985904024381664;0.38302657675520013
Fidelity (MAX_ERROR);Tolerancja_1.0;509;119;0.05852565053747501;0.24192075259777737;0.9996468187658714;4.061452848667694
Fidelity (MAX_ERROR);Tolerancja_0.01;510;4781;6.757207585940897e-06;0.0025994629418287342;0.009962115370004021;0.04136303317857056
Fidelity (MAX_ERROR);Tolerancja_0.1;510;2877;0.0008570156536046136;0.029274829693861817;0.09928449432048714;0.46582535663014235
Fidelity (MAX_ERROR);Tolerancja_1.0;510;57;0.08347818036217904;0.288925908084026;0.9758107292236167;4.59743115776858
Fidelity (MAX_ERROR);Tolerancja_0.01;511;4838;5.766506476367677e-06;0.002401355133329445;0.009785512204867786;0.04501986971218632
Fidelity (MAX_ERROR);Tolerancja_0.1;511;3373;0.0006705416211641233;0.025894818423076907;0.09996545679416169;0.4854681156682164
Fidelity (MAX_ERROR);Tolerancja_1.0;511;113;0.07447473885321267;0.27290060251529796;0.987842363349833;5.116256816450787
Fidelity (MAX_ERROR);Tolerancja_0.01;512;4769;6.646446666919309e-06;0.0025780703378533542;0.009957199028685082;0.044628782685182826
Fidelity (MAX_ERROR);Tolerancja_0.1;512;3424;0.0003570351106286882;0.018895372730610215;0.09955351080853081;0.3270963832787018
Fidelity (MAX_ERROR);Tolerancja_1.0;512;676;0.0067265758478825205;0.0820157048856042;0.9986267078394073;1.4197677295179834
Fidelity (MAX_ERROR);Tolerancja_0.01;513;4847;6.1034715080936756e-06;0.0024705204933563444;0.009875739932471816;0.03938408275035226
Fidelity (MAX_ERROR);Tolerancja_0.1;513;3542;0.0005824342798048779;0.024133675223738257;0.0999646724896257;0.38472972178852405
Fidelity (MAX_ERROR);Tolerancja_1.0;513;367;0.0257273147842578;0.16039736526594756;0.9983691832476591;2.556992797088846
Fidelity (MAX_ERROR);Tolerancja_0.01;514;4862;8.320581424693015e-06;0.002884541804982728;0.00976050496886316;0.05257997031888075
Fidelity (MAX_ERROR);Tolerancja_0.1;514;3836;0.0006686806808545787;0.025858860780293064;0.09943301972622454;0.4713601758030405
Fidelity (MAX_ERROR);Tolerancja_1.0;514;218;0.08089489553612632;0.2844202797553759;0.9926369143301006;5.184466330767902
Fidelity (MAX_ERROR);Tolerancja_0.01;515;4783;7.667095343343161e-06;0.0027689520298017373;0.009968321500869237;0.04551604289041402
Fidelity (MAX_ERROR);Tolerancja_0.1;515;3049;0.0008319011312313213;0.028842696323875847;0.09950467761343074;0.47411634034220496
Fidelity (MAX_ERROR);Tolerancja_1.0;515;105;0.06640824102110314;0.25769796472052925;0.9940272053081545;4.236040021188759
Fidelity (MAX_ERROR);Tolerancja_0.01;516;4769;5.911345975075648e-06;0.0024313259705509766;0.00986276849757517;0.039782421269250794
Fidelity (MAX_ERROR);Tolerancja_0.1;516;3483;0.00030446969310290865;0.017449059948974575;0.099743036015008;0.285509167446276
Fidelity (MAX_ERROR);Tolerancja_1.0;516;732;0.006047759428638594;0.07776734165855609;0.9977722812845862;1.2724633324873906
Fidelity (MAX_ERROR);Tolerancja_0.01;517;4880;7.20697957526322e-06;0.0026845818250266127;0.00986759276903193;0.04940517196549839
Fidelity (MAX_ERROR);Tolerancja_0.1;517;3736;0.0007677816673237602;0.02770887344017725;0.09992868092117035;0.5099347855670657
Fidelity (MAX_ERROR);Tolerancja_1.0;517;410;0.041564991086564876;0.20387493981989271;0.9994627710640045;3.7519722317115742
Fidelity (MAX_ERROR);Tolerancja_0.01;518;4850;6.887192529469435e-06;0.002624346114648263;0.009859430599729713;0.049078296707190536
Fidelity (MAX_ERROR);Tolerancja_0.1;518;3581;0.0006265490363548713;0.025030961554739987;0.09956342222044245;0.4681078273909229
Fidelity (MAX_ERROR);Tolerancja_1.0;518;174;0.05523499448299986;0.23502126389541833;0.9940478235570147;4.395168479331549
Fidelity (MAX_ERROR);Tolerancja_0.01;519;4878;6.5539313959234045e-06;0.0025600647249480637;0.009943826508389542;0.04640298502475453
Fidelity (MAX_ERROR);Tolerancja_0.1;519;3636;0.0008070776490351888;0.02840911207755689;0.09990676018082922;0.5149352629465997
Fidelity (MAX_ERROR);Tolerancja_1.0;519;183;0.08016981973644269;0.28314275504847847;0.9981282081456895;5.132162829456913
Fidelity (MAX_ERROR);Tolerancja_0.01;520;4796;7.994021488416474e-06;0.0028273700657000093;0.00990461891678951;0.04606034285384268
Fidelity (MAX_ERROR);Tolerancja_0.1;520;3379;0.0006132568422072226;0.024764023142599883;0.09912595966244186;0.4034276977839624
Fidelity (MAX_ERROR);Tolerancja_1.0;520;179;0.041960610321052354;0.20484289180016071;0.9998473028161712;3.337070708199643
Fidelity (MAX_ERROR);Tolerancja_0.01;521;4765;7.091996643267739e-06;0.0026630802923058366;0.009932611309985795;0.04834343829101501
Fidelity (MAX_ERROR);Tolerancja_0.1;521;3275;0.00046316358008603677;0.02152123556132493;0.09991007168083232;0.3906793671641296
Fidelity (MAX_ERROR);Tolerancja_1.0;521;481;0.011346589929890533;0.10652037330900851;0.9967195924565866;1.9336860058925118
Fidelity (MAX_ERROR);Tolerancja_0.01;522;4787;5.832798956889941e-06;0.0024151188287307814;0.009832280520095438;0.03985262183598043
Fidelity (MAX_ERROR);Tolerancja_0.1;522;2940;0.0007082755397898584;0.026613446597347334;0.0995950288685421;0.43915670333849754
Fidelity (MAX_ERROR);Tolerancja_1.0;522;76;0.0658991964695034;0.2567083879998926;0.9931198501396805;4.2360244089771335
Fidelity (MAX_ERROR);Tolerancja_0.01;523;4865;6.336043518800095e-06;0.0025171498800826493;0.009908127300579217;0.038195956705276465
Fidelity (MAX_ERROR);Tolerancja_0.1;523;3601;0.0007618956631315463;0.027602457556013853;0.09990374742282704;0.41884763482344517
Fidelity (MAX_ERROR);Tolerancja_1.0;523;158;0.08006411700781187;0.2829560337010184;0.9955426291796634;4.293656288907985
Fidelity (MAX_ERROR);Tolerancja_0.01;524;4871;7.024184490685822e-06;0.0026503178093741555;0.009991994302826157;0.04692134912579594
Fidelity (MAX_ERROR);Tolerancja_0.1;524;3796;0.000670425655984172;0.02589257916825151;0.099475116072826;0.45840341962903275
Fidelity (MAX_ERROR);Tolerancja_1.0;524;230;0.06735496709386048;0.2595283550864153;0.9900847477445023;4.59470200667323
Fidelity (MAX_ERROR);Tolerancja_0.01;525;4856;6.100380809813736e-06;0.0024698948985359148;0.009989556108339848;0.04105805000750135
Fidelity (MAX_ERROR);Tolerancja_0.1;525;3919;0.00048515891550351763;0.02202632324069357;0.09995298039164702;0.3661523741896322
Fidelity (MAX_ERROR);Tolerancja_1.0;525;285;0.05769528843275319;0.24019843553352546;0.9903317124459372;3.9929145906998094
Fidelity (MAX_ERROR);Tolerancja_0.01;526;4848;7.3541483518080374e-06;0.002711853305731716;0.009831335048646306;0.052858877611589666
Fidelity (MAX_ERROR);Tolerancja_0.1;526;3716;0.000631965447622623;0.025138922960672418;0.09970562013536632;0.4900026300304698
Fidelity (MAX_ERROR);Tolerancja_1.0;526;212;0.05878245769226288;0.24245093873248436;0.9883124133708847;4.7258030034989185
Fidelity (MAX_ERROR);Tolerancja_0.01;527;4853;6.335311820944046e-06;0.0025170045333578655;0.009988824474461921;0.052827392576735036
Fidelity (MAX_ERROR);Tolerancja_0.1;527;3511;0.0007874130704253437;0.02806088149765334;0.09962929991891567;0.5889473710832643
Fidelity (MAX_ERROR);Tolerancja_1.0;527;176;0.07069805831929364;0.26589106476016383;0.9902545039234254;5.580574637262347
Fidelity (MAX_ERROR);Tolerancja_0.01;528;4841;7.015495833983318e-06;0.002648678129555065;0.00991340595957757;0.04933304100029095
Fidelity (MAX_ERROR);Tolerancja_0.1;528;3848;0.00039747420196684536;0.019936755051082042;0.09977165650859465;0.37133268228140914
Fidelity (MAX_ERROR);Tolerancja_1.0;528;1587;0.005289523910409444;0.07272911322441271;0.9989854014325577;1.3546184734864224
Fidelity (MAX_ERROR);Tolerancja_0.01;529;4866;5.7031421869490284e-06;0.00238812524523925;0.009967985031831716;0.037501946940103795
Fidelity (MAX_ERROR);Tolerancja_0.1;529;3670;0.0006463965543616743;0.0254243299687853;0.09974208702665788;0.3992512014928079
Fidelity (MAX_ERROR);Tolerancja_1.0;529;171;0.06617767560362893;0.2572502198320323;0.9843585138864812;4.039731213303431
Fidelity (MAX_ERROR);Tolerancja_0.01;530;4872;7.359638708554091e-06;0.002712865405536016;0.009731515865032847;0.04176046898487853
Fidelity (MAX_ERROR);Tolerancja_0.1;530;3681;0.0007987546452078018;0.028262247702682847;0.099924878438582;0.43505465336480464
Fidelity (MAX_ERROR);Tolerancja_1.0;530;196;0.08467762638124302;0.2909942033464636;0.9932049903321811;4.4794166267266
Fidelity (MAX_ERROR);Tolerancja_0.01;531;4818;6.032379598681475e-06;0.002456090307517514;0.009971475263419682;0.039172958297874635
Fidelity (MAX_ERROR);Tolerancja_0.1;531;3776;0.00030713634752811144;0.01752530591824609;0.09984047605428792;0.2795166268079311
Fidelity (MAX_ERROR);Tolerancja_1.0;531;1191;0.005130516126877914;0.07162762125659286;0.9982971038213293;1.1424115033035949
Fidelity (MAX_ERROR);Tolerancja_0.01;532;4871;6.412675559451035e-06;0.0025323261163308006;0.009905934039997177;0.047783235352524135
Fidelity (MAX_ERROR);Tolerancja_0.1;532;3749;0.0007187908205245083;0.026810274532807536;0.09895399560565821;0.5058912632165807
Fidelity (MAX_ERROR);Tolerancja_1.0;532;237;0.06815504036530788;0.2610652032832179;0.9850409038545807;4.9261191006912926
Fidelity (MAX_ERROR);Tolerancja_0.01;533;4871;7.277136375437604e-06;0.0026976167955137;0.009766655350802012;0.053022680056454705
Fidelity (MAX_ERROR);Tolerancja_0.1;533;3908;0.0005966568644169964;0.0244265606342153;0.09947631435728521;0.4801133028017624
Fidelity (MAX_ERROR);Tolerancja_1.0;533;250;0.07092659359081459;0.2663204715954344;0.9913591380279891;5.234629759635605
Fidelity (MAX_ERROR);Tolerancja_0.01;534;4834;6.285120927964477e-06;0.0025070143453846602;0.009892177635684618;0.044130021462618664
Fidelity (MAX_ERROR);Tolerancja_0.1;534;3312;0.0008395246017177385;0.028974550932115213;0.09985254000696742;0.5100280167354982
Fidelity (MAX_ERROR);Tolerancja_1.0;534;218;0.04234057479908769;0.20576825508101995;0.9858265891034845;3.6220604520145807
Fidelity (MAX_ERROR);Tolerancja_0.01;535;4808;6.869742496960936e-06;0.002621019362187341;0.009982206608176725;0.04603589428920738
Fidelity (MAX_ERROR);Tolerancja_0.1;535;4071;0.00015933447179307926;0.012622775914713818;0.09985979993748906;0.221707930139504
Fidelity (MAX_ERROR);Tolerancja_1.0;535;2072;0.0021884549201211527;0.046780924746323185;0.9996306781629034;0.8216656990186583
Fidelity (MAX_ERROR);Tolerancja_0.01;536;4821;7.0062924548788485e-06;0.0026469402061396947;0.009999843924286544;0.048944079899960344
Fidelity (MAX_ERROR);Tolerancja_0.1;536;3388;0.0007291314030091588;0.027002433279413148;0.0999846599680021;0.49929698028516645
Fidelity (MAX_ERROR);Tolerancja_1.0;536;132;0.07152400500475047;0.2674397221894131;0.9996483496116566;4.945178248038981
Fidelity (MAX_ERROR);Tolerancja_0.01;537;4848;5.432732714211738e-06;0.0023308223257493777;0.009840917246873637;0.0449345155265923
Fidelity (MAX_ERROR);Tolerancja_0.1;537;3440;0.0007777709652051503;0.027888545412142782;0.09944778277662314;0.5376464190307186
Fidelity (MAX_ERROR);Tolerancja_1.0;537;130;0.08194201693202224;0.2862551605334343;0.9960712247391204;5.518540308052568
Fidelity (MAX_ERROR);Tolerancja_0.01;538;4833;7.500613786086854e-06;0.0027387248467282826;0.009953041524817685;0.05516667504183679
Fidelity (MAX_ERROR);Tolerancja_0.1;538;3642;0.0005664113096180413;0.023799397253250792;0.09969301485015247;0.4793959553951239
Fidelity (MAX_ERROR);Tolerancja_1.0;538;187;0.055289427823792155;0.23513704051848605;0.9899181921042519;4.736411808611855
Fidelity (MAX_ERROR);Tolerancja_0.01;539;4817;8.138714777696462e-06;0.002852843279554007;0.009838126980278972;0.05571909429747047
Fidelity (MAX_ERROR);Tolerancja_0.1;539;3458;0.0007081466948705329;0.02661102581394661;0.09983487667694302;0.5197419245937382
Fidelity (MAX_ERROR);Tolerancja_1.0;539;164;0.06803692391934132;0.2608388849833194;0.9814984425869304;5.094463664721435
Fidelity (MAX_ERROR);Tolerancja_0.01;540;4765;6.714815157384868e-06;0.002591296038160223;0.009975857151223622;0.052788701269486316
Fidelity (MAX_ERROR);Tolerancja_0.1;540;3085;0.0006610406981884944;0.025710711740216264;0.09983173248194976;0.5237668955970639
Fidelity (MAX_ERROR);Tolerancja_1.0;540;86;0.057981791089556874;0.2407940844156203;0.9956807407259349;4.90534728664209
Fidelity (MAX_ERROR);Tolerancja_0.01;541;4838;8.453451592395701e-06;0.0029074820020759716;0.0098554433379614;0.05576950505903704
Fidelity (MAX_ERROR);Tolerancja_0.1;541;3727;0.0006443599708171504;0.025384246508753226;0.09910919229390558;0.4869047729543832
Fidelity (MAX_ERROR);Tolerancja_1.0;541;154;0.08184189879429767;0.2860802313937432;0.9978892118031295;5.487412441628921
Fidelity (MAX_ERROR);Tolerancja_0.01;542;4790;5.705789579141059e-06;0.002388679463456966;0.009823009540603778;0.045546662115064966
Fidelity (MAX_ERROR);Tolerancja_0.1;542;3015;0.0005895907701905566;0.02428149027944036;0.09928091031266062;0.4629925656945846
Fidelity (MAX_ERROR);Tolerancja_1.0;542;61;0.08499550633992918;0.29153988807696485;0.9926779451646253;5.558999848430103
Fidelity (MAX_ERROR);Tolerancja_0.01;543;4849;8.114843863218666e-06;0.0028486565014439113;0.00990469551010209;0.04599069400668912
Fidelity (MAX_ERROR);Tolerancja_0.1;543;3558;0.0007853306788588564;0.02802375204819755;0.09961882764908747;0.4524349652949399
Fidelity (MAX_ERROR);Tolerancja_1.0;543;268;0.0478400487380591;0.21872368124658817;0.9994669087213088;3.531227401804908
Fidelity (MAX_ERROR);Tolerancja_0.01;544;4863;7.171898273843055e-06;0.002678040006019898;0.009979455738410081;0.05879577090441661
Fidelity (MAX_ERROR);Tolerancja_0.1;544;3840;0.0005107962766812465;0.022600802567193195;0.0998950131204932;0.4961955784863538
Fidelity (MAX_ERROR);Tolerancja_1.0;544;1752;0.0056056856322346015;0.07487112682626462;0.999894177848681;1.643778886923718
Fidelity (MAX_ERROR);Tolerancja_0.01;545;4879;7.245601712577485e-06;0.002691765538188177;0.009957017656696543;0.04556614536259703
Fidelity (MAX_ERROR);Tolerancja_0.1;545;3696;0.0007492291133901922;0.027372049857294068;0.09982029885191634;0.463353432895656
Fidelity (MAX_ERROR);Tolerancja_1.0;545;212;0.07264498341298017;0.2695273333318537;0.9910499774065302;4.562552523820083
Fidelity (MAX_ERROR);Tolerancja_0.01;546;4828;6.10385484416227e-06;0.0024705980741841172;0.009930979505055504;0.044692766341628984
Fidelity (MAX_ERROR);Tolerancja_0.1;546;3373;0.0007060846164415803;0.02657225275435977;0.09997133236911449;0.48068825760478817
Fidelity (MAX_ERROR);Tolerancja_1.0;546;133;0.06993039826971197;0.264443563487017;0.981145201321092;4.7837462989102155
Fidelity (MAX_ERROR);Tolerancja_0.01;547;4854;7.899711680508936e-06;0.0028106425743073303;0.009747308337604288;0.04587206032901887
Fidelity (MAX_ERROR);Tolerancja_0.1;547;3671;0.0006874556832235723;0.026219376102866603;0.09953140199149946;0.42792235959648534
Fidelity (MAX_ERROR);Tolerancja_1.0;547;971;0.012397963357843857;0.11134614208783282;0.9961716123823887;1.8172630678645922
Fidelity (MAX_ERROR);Tolerancja_0.01;548;4832;5.395888538793205e-06;0.0023229051936730447;0.009972678452965233;0.050359043065435684
Fidelity (MAX_ERROR);Tolerancja_0.1;548;3534;0.00066952853833918;0.025875249531921038;0.09953563087384554;0.5609582384404082
Fidelity (MAX_ERROR);Tolerancja_1.0;548;134;0.08380048293199907;0.2894831306518552;0.9959306059532063;6.275802164858317
Fidelity (MAX_ERROR);Tolerancja_0.01;549;4808;6.319020624827726e-06;0.002513766223185387;0.009812333414145336;0.04045409926276081
Fidelity (MAX_ERROR);Tolerancja_0.1;549;3681;0.0003280497056921679;0.018112142493149946;0.09975989535974605;0.291479137368105
Fidelity (MAX_ERROR);Tolerancja_1.0;549;1237;0.004623234972690338;0.06799437456650614;0.9992730056136763;1.0942350774915006
Fidelity (MAX_ERROR);Tolerancja_0.01;550;4877;8.464219376324134e-06;0.0029093331497654466;0.009768328455930453;0.05047093969796733
Fidelity (MAX_ERROR);Tolerancja_0.1;550;3846;0.0007368088351682601;0.027144222869116368;0.0994124030108825;0.47089637557864705
Fidelity (MAX_ERROR);Tolerancja_1.0;550;339;0.05640502352787796;0.23749741793939141;0.9900732650617501;4.12009118316627
Fidelity (MAX_ERROR);Tolerancja_0.01;551;4883;4.3445556580562554e-06;0.002084359771741974;0.009824563468827208;0.03411345393029365
Fidelity (MAX_ERROR);Tolerancja_0.1;551;3682;0.0007366058467594428;0.027140483539528967;0.09989273992742209;0.444191855659277
Fidelity (MAX_ERROR);Tolerancja_1.0;551;201;0.0688015353203036;0.26230046763264375;0.9940812800917009;4.292912883749685
Fidelity (MAX_ERROR);Tolerancja_0.01;552;4854;6.46857333244029e-06;0.0025433390124873817;0.009893870172920316;0.04600176874745295
Fidelity (MAX_ERROR);Tolerancja_0.1;552;3458;0.000717354787109349;0.02678347974235889;0.09950576835644354;0.48443696861123703
Fidelity (MAX_ERROR);Tolerancja_1.0;552;148;0.06928117502062782;0.2632131741015784;0.9971715045971141;4.760777665444612
Fidelity (MAX_ERROR);Tolerancja_0.01;553;4708;7.194394487298995e-06;0.0026822368439977473;0.009996261370402326;0.05318892473063497
Fidelity (MAX_ERROR);Tolerancja_0.1;553;2596;0.0007376416179475364;0.027159558500600416;0.09922614475680014;0.538575747342514
Fidelity (MAX_ERROR);Tolerancja_1.0;553;42;0.0739077161803702;0.27185973622508025;0.9991778587004267;5.390995608655585
Fidelity (MAX_ERROR);Tolerancja_0.01;554;4796;6.617219687194348e-06;0.002572395709682775;0.009855627748716067;0.04872056323910821
Fidelity (MAX_ERROR);Tolerancja_0.1;554;3400;0.0005267003471439445;0.022949953096770035;0.09969608815026465;0.4346666560579977
Fidelity (MAX_ERROR);Tolerancja_1.0;554;134;0.05393513329520313;0.23223938790653736;0.9816576814311571;4.398558799690879
Fidelity (MAX_ERROR);Tolerancja_0.01;555;4835;7.551842871945588e-06;0.0027480616572314364;0.009900054659291335;0.04501409076867191
Fidelity (MAX_ERROR);Tolerancja_0.1;555;3680;0.0005247165255545279;0.02290669171998715;0.09942593747624517;0.3752186191238167
Fidelity (MAX_ERROR);Tolerancja_1.0;555;286;0.03133681512662633;0.17702207525228691;0.9992158295697431;2.8996757559992483
Fidelity (MAX_ERROR);Tolerancja_0.01;556;4822;7.4456375206259955e-06;0.002728669551379572;0.00976896094878743;0.051794104923671445
Fidelity (MAX_ERROR);Tolerancja_0.1;556;3405;0.0006975918485399955;0.026411964117422155;0.09947301518178175;0.5013373788872227
Fidelity (MAX_ERROR);Tolerancja_1.0;556;198;0.047082533528864684;0.21698509978536473;0.9873419440461952;4.118691843603585
Fidelity (MAX_ERROR);Tolerancja_0.01;557;4856;6.16941171562595e-06;0.002483830049666432;0.009957345091804903;0.042930719707407056
Fidelity (MAX_ERROR);Tolerancja_0.1;557;3751;0.0005819037146563479;0.02412268050313538;0.09934071083604223;0.4169383631583471
Fidelity (MAX_ERROR);Tolerancja_1.0;557;809;0.015018152944794088;0.12254857381787064;0.9967741549654883;2.1181394732799976
Fidelity (MAX_ERROR);Tolerancja_0.01;558;4777;6.9060890639898525e-06;0.002627943885243719;0.009795724921927373;0.04588460314394652
Fidelity (MAX_ERROR);Tolerancja_0.1;558;2964;0.0007324053370720704;0.02706298832487038;0.09983508030889676;0.47252701480753706
Fidelity (MAX_ERROR);Tolerancja_1.0;558;54;0.08656556202714942;0.29422026107518395;0.9711310662182377;5.137164454746768
Fidelity (MAX_ERROR);Tolerancja_0.01;559;4839;5.873342154683633e-06;0.002423497917202248;0.009974999000336382;0.0434231333095856
Fidelity (MAX_ERROR);Tolerancja_0.1;559;3632;0.0005157807734949002;0.022710807416181842;0.09941156319906241;0.40692191687115464
Fidelity (MAX_ERROR);Tolerancja_1.0;559;131;0.0801585901949981;0.2831229241778173;0.9917306026218133;5.072867771954055
Fidelity (MAX_ERROR);Tolerancja_0.01;560;4864;5.680624062469546e-06;0.00238340597936431;0.0098157302959061;0.039014443753422626
Fidelity (MAX_ERROR);Tolerancja_0.1;560;3603;0.0008019797953690345;0.028319247789604766;0.09972667405532842;0.4635633667082835
Fidelity (MAX_ERROR);Tolerancja_1.0;560;156;0.08212081251043905;0.2865672914176338;0.9918055372240406;4.6908766569285385
Fidelity (MAX_ERROR);Tolerancja_0.01;561;4814;8.799020517893511e-06;0.0029663142985687663;0.009753460005914594;0.04892382722644558
Fidelity (MAX_ERROR);Tolerancja_0.1;561;3500;0.0007829791628632829;0.02798176482753157;0.09908552242649904;0.4615070724547668
Fidelity (MAX_ERROR);Tolerancja_1.0;561;169;0.05872728295768825;0.2423371266597181;0.9833738984551115;3.9968993578913077
Fidelity (MAX_ERROR);Tolerancja_0.01;562;4824;7.2884202084108525e-06;0.002699707430150692;0.009776421250069056;0.04295903312603924
Fidelity (MAX_ERROR);Tolerancja_0.1;562;3969;0.000321791428886762;0.01793854589666515;0.09998677868396566;0.28544670389146537
Fidelity (MAX_ERROR);Tolerancja_1.0;562;2041;0.0037852220647491505;0.06152415838310306;0.9996912194835348;0.9790017720119701
Fidelity (MAX_ERROR);Tolerancja_0.01;563;4838;7.119359632072022e-06;0.0026682128161134413;0.009784039817340329;0.04705428266237641
Fidelity (MAX_ERROR);Tolerancja_0.1;563;3535;0.0006450193775604466;0.02539723169088408;0.0997493050399183;0.44788350899440205
Fidelity (MAX_ERROR);Tolerancja_1.0;563;131;0.08412883556652015;0.29004971223312764;0.9874095209309544;5.1150646841725775
Fidelity (MAX_ERROR);Tolerancja_0.01;564;4852;7.397138076138738e-06;0.0027197680188094605;0.009903021202567253;0.04324418186816586
Fidelity (MAX_ERROR);Tolerancja_0.1;564;3838;0.0004651734385996555;0.02156787978915998;0.09992323952031779;0.34292826066887955
Fidelity (MAX_ERROR);Tolerancja_1.0;564;1416;0.006979715407242986;0.08354469107754835;0.9990418624020632;1.3283566061853669
Fidelity (MAX_ERROR);Tolerancja_0.01;565;4846;6.8002569023396726e-06;0.0026077302203908427;0.009828172303995686;0.04767309573238258
Fidelity (MAX_ERROR);Tolerancja_0.1;565;3679;0.000607642783656172;0.024650411429754514;0.09991791513813464;0.45064532164572346
Fidelity (MAX_ERROR);Tolerancja_1.0;565;775;0.015006593403990446;0.12250140164092183;0.9992228153694338;2.2395035353401784
Fidelity (MAX_ERROR);Tolerancja_0.01;566;4829;7.02368456695425e-06;0.002650223493774487;0.009987030025719434;0.04385537964406702
Fidelity (MAX_ERROR);Tolerancja_0.1;566;3689;0.00047777642683089605;0.021858097511697948;0.09974529483608663;0.36170351931614075
Fidelity (MAX_ERROR);Tolerancja_1.0;566;1348;0.006153980739360601;0.07844731186828903;0.9990908389798925;1.298130762225099
Fidelity (MAX_ERROR);Tolerancja_0.01;567;4838;7.4846614477421916e-06;0.0027358109305546303;0.009829687610527493;0.04592906984306266
Fidelity (MAX_ERROR);Tolerancja_0.1;567;3620;0.0006808086685998232;0.02609231052628002;0.09910664814061576;0.4380403408525909
Fidelity (MAX_ERROR);Tolerancja_1.0;567;146;0.07807884702989336;0.2794259240476684;0.9794654933169227;4.691030596528064
Fidelity (MAX_ERROR);Tolerancja_0.01;568;4809;7.722761903015618e-06;0.002778985768768098;0.00996567662030401;0.042123981446495304
Fidelity (MAX_ERROR);Tolerancja_0.1;568;3345;0.0007201989279610308;0.026836522277691476;0.09973884676078981;0.40678911681331054
Fidelity (MAX_ERROR);Tolerancja_1.0;568;124;0.07069509257110941;0.26588548770308884;0.9924756745053323;4.030303241121745
Fidelity (MAX_ERROR);Tolerancja_0.01;569;4781;8.32331051413889e-06;0.002885014820436611;0.009891259531304097;0.05186166540801144
Fidelity (MAX_ERROR);Tolerancja_0.1;569;3129;0.0007755317311453396;0.027848370349902694;0.09948240862801061;0.5006084734866176
Fidelity (MAX_ERROR);Tolerancja_1.0;569;86;0.08011869059997005;0.28305245202960183;0.9978319420038209;5.088213570374258
Fidelity (MAX_ERROR);Tolerancja_0.01;570;4827;7.176577842551075e-06;0.00267891355637898;0.009808948174339083;0.05154795044125044
Fidelity (MAX_ERROR);Tolerancja_0.1;570;3310;0.0007340220343118922;0.02709284101588263;0.09978205493641834;0.5213234382549908
Fidelity (MAX_ERROR);Tolerancja_1.0;570;176;0.05195419142056601;0.2279346209345259;0.9890221764714733;4.3859431431821685
Fidelity (MAX_ERROR);Tolerancja_0.01;571;4724;6.4003349233222834e-06;0.0025298883223024457;0.009910214441440246;0.04736494840607652
Fidelity (MAX_ERROR);Tolerancja_0.1;571;3027;0.0004058417452693883;0.02014551427165334;0.09993139238772741;0.37716733805163827
Fidelity (MAX_ERROR);Tolerancja_1.0;571;31;0.09059943889871175;0.3009974067973207;0.9701053037784426;5.635318570245387
Fidelity (MAX_ERROR);Tolerancja_0.01;572;4829;7.3783897081686365e-06;0.002716319146964995;0.009909847058000132;0.04552743168673504
Fidelity (MAX_ERROR);Tolerancja_0.1;572;3313;0.000777434499592161;0.02788251243328264;0.0994350268398545;0.4673306453990013
Fidelity (MAX_ERROR);Tolerancja_1.0;572;117;0.07360283044351315;0.27129841585146264;0.9904719633447394;4.547153491958975
Fidelity (MAX_ERROR);Tolerancja_0.01;573;4840;7.432973521452189e-06;0.00272634801913699;0.00992624939143294;0.04481930084632588
Fidelity (MAX_ERROR);Tolerancja_0.1;573;3642;0.0006441952439852593;0.025381001634790918;0.09921751640647525;0.4172463456851231
Fidelity (MAX_ERROR);Tolerancja_1.0;573;1107;0.010438039990703262;0.10216672643626819;0.9995816260521799;1.6795512592265638
Fidelity (MAX_ERROR);Tolerancja_0.01;574;4850;9.24784331884203e-06;0.0030410266882817767;0.009809448755428107;0.053094588480822325
Fidelity (MAX_ERROR);Tolerancja_0.1;574;3954;0.0004736040629196473;0.021762446161211917;0.09977161082408426;0.3799598759583574
Fidelity (MAX_ERROR);Tolerancja_1.0;574;225;0.06408827038579096;0.25315661236829456;0.9951471602307507;4.4199698104222005
Fidelity (MAX_ERROR);Tolerancja_0.01;575;4741;6.950699953412623e-06;0.0026364180156820015;0.00981439872015799;0.049355109414274366
Fidelity (MAX_ERROR);Tolerancja_0.1;575;2672;0.0007124804257635706;0.026692328968517726;0.09990186836373027;0.49969420969163175
Fidelity (MAX_ERROR);Tolerancja_1.0;575;51;0.0694645461792843;0.2635612759478985;0.9882682853444074;4.934003460149051
Fidelity (MAX_ERROR);Tolerancja_0.01;576;4815;5.985345975417169e-06;0.00244649667390274;0.009881493532737373;0.03704626367597155
Fidelity (MAX_ERROR);Tolerancja_0.1;576;3139;0.0007516255616890843;0.027415790371409763;0.0995194080039763;0.4151457101162546
Fidelity (MAX_ERROR);Tolerancja_1.0;576;118;0.059784162540020995;0.2445080009734262;0.9929300700003205;3.7024811730058205
Fidelity (MAX_ERROR);Tolerancja_0.01;577;4803;7.801494240234493e-06;0.0027931155078575777;0.009804046534016564;0.05026427487458899
Fidelity (MAX_ERROR);Tolerancja_0.1;577;3256;0.0008533485214675075;0.029212129697567542;0.09975467106696101;0.5256948782318492
Fidelity (MAX_ERROR);Tolerancja_1.0;577;96;0.08762727597717093;0.29601904664593953;0.9820599066414757;5.327091803710676
Fidelity (MAX_ERROR);Tolerancja_0.01;578;4834;6.228290156000511e-06;0.0024956542540986145;0.009853221473238971;0.04809164250101253
Fidelity (MAX_ERROR);Tolerancja_0.1;578;3472;0.0006956778000960926;0.026375704731743048;0.09972516393964259;0.508263899371507
Fidelity (MAX_ERROR);Tolerancja_1.0;578;123;0.08248948855933397;0.28720983367450004;0.9979660363726754;5.534577805064634
Fidelity (MAX_ERROR);Tolerancja_0.01;579;4822;7.011255123446172e-06;0.0026478774751574462;0.009784864601403598;0.043251520781928975
Fidelity (MAX_ERROR);Tolerancja_0.1;579;3480;0.0006056343785273548;0.024609639951193005;0.09928745548882034;0.401983990487144
Fidelity (MAX_ERROR);Tolerancja_1.0;579;207;0.04628752829188124;0.2151453654901291;0.9919250491163591;3.514272972951181
Fidelity (MAX_ERROR);Tolerancja_0.01;580;4768;6.45760867876147e-06;0.002541182535506151;0.00992409298993735;0.046100418360774637
Fidelity (MAX_ERROR);Tolerancja_0.1;580;4071;0.00012539798859476399;0.011198124333778581;0.0999023639228902;0.20314881336941792
Fidelity (MAX_ERROR);Tolerancja_1.0;580;1989;0.0018142977587822361;0.04259457428807378;0.9993116222104295;0.7727220170699709
Fidelity (MAX_ERROR);Tolerancja_0.01;581;4847;5.847733014971837e-06;0.002418208637601776;0.009833445912184047;0.03857183601143537
Fidelity (MAX_ERROR);Tolerancja_0.1;581;3374;0.0008234794550844622;0.028696331735684654;0.09999923972754754;0.45772320246788123
Fidelity (MAX_ERROR);Tolerancja_1.0;581;109;0.08933256989201564;0.29888554647559595;0.988582008255591;4.7673985220225745
Fidelity (MAX_ERROR);Tolerancja_0.01;582;4772;5.397910969775171e-06;0.0023233404765068705;0.009843983770070786;0.03788777196010978
Fidelity (MAX_ERROR);Tolerancja_0.1;582;3140;0.000419957653069196;0.020492868346554026;0.09979879542966952;0.3341865432870811
Fidelity (MAX_ERROR);Tolerancja_1.0;582;139;0.029374481927937256;0.17138985363182166;0.9941637795792744;2.7949324502115647
Fidelity (MAX_ERROR);Tolerancja_0.01;583;4799;6.788784416562151e-06;0.002605529584664536;0.009902223362180163;0.04867708584662134
Fidelity (MAX_ERROR);Tolerancja_0.1;583;3170;0.0006423426409487644;0.02534447949650504;0.0995153750063853;0.47349122859725634
Fidelity (MAX_ERROR);Tolerancja_1.0;583;83;0.08106434311546674;0.28471800630705946;0.9918518474902571;5.319165407546887
Fidelity (MAX_ERROR);Tolerancja_0.01;584;4758;6.182617648805353e-06;0.0024864870095790475;0.009957779316379423;0.04108879736064426
Fidelity (MAX_ERROR);Tolerancja_0.1;584;3245;0.00038295697724225717;0.019569286579797875;0.09981641219480863;0.3233793089093264
Fidelity (MAX_ERROR);Tolerancja_1.0;584;85;0.04492614140407193;0.2119578764850977;0.9765676810894863;3.5025697710614874
Fidelity (MAX_ERROR);Tolerancja_0.01;585;4752;6.964176893683456e-06;0.0026389726966536534;0.009927379166745354;0.051102188740885124
Fidelity (MAX_ERROR);Tolerancja_0.1;585;3357;0.00035302673473987126;0.018789005687898208;0.09946639004431646;0.36383829060985257
Fidelity (MAX_ERROR);Tolerancja_1.0;585;74;0.05764247581943278;0.24008847498252134;0.9966136848062934;4.649175256199442
Fidelity (MAX_ERROR);Tolerancja_0.01;586;4808;6.983728473213579e-06;0.002642674492481732;0.009864641725632062;0.04975013502346794
Fidelity (MAX_ERROR);Tolerancja_0.1;586;3247;0.0006558386633641634;0.02560934718738772;0.0997626781917722;0.4821132848786579
Fidelity (MAX_ERROR);Tolerancja_1.0;586;115;0.054839812133841155;0.23417901727917717;0.9824423910844464;4.408578416466716
Fidelity (MAX_ERROR);Tolerancja_0.01;587;4783;8.265206671566652e-06;0.002874927246308444;0.009754596002908844;0.051609755116573945
Fidelity (MAX_ERROR);Tolerancja_0.1;587;3808;0.0002902147134112472;0.017035689402288574;0.0995091064663427;0.3058191331356561
Fidelity (MAX_ERROR);Tolerancja_1.0;587;1165;0.00553404656626869;0.07439117263673621;0.9990664284224886;1.3354460386942335
Fidelity (MAX_ERROR);Tolerancja_0.01;588;4795;7.244362296746701e-06;0.0026915353047557637;0.009987384989511128;0.042874089251878605
Fidelity (MAX_ERROR);Tolerancja_0.1;588;2970;0.0007308351608692802;0.027033963099576803;0.09957733603205465;0.4306302595084942
Fidelity (MAX_ERROR);Tolerancja_1.0;588;74;0.07589261621282535;0.2754861452284404;0.9845452422130765;4.388282612273564
Fidelity (MAX_ERROR);Tolerancja_0.01;589;4768;7.264264269183864e-06;0.0026952299102644033;0.009883431674117649;0.04465609841790978
Fidelity (MAX_ERROR);Tolerancja_0.1;589;3489;0.0003766490340693176;0.019407447902012195;0.09950915140491379;0.32155360856309784
Fidelity (MAX_ERROR);Tolerancja_1.0;589;63;0.08146438761315808;0.2854196692821959;0.9687980139901091;4.728995026855664
Fidelity (MAX_ERROR);Tolerancja_0.01;590;4806;8.204778330530279e-06;0.002864398423845796;0.009916584506441062;0.04532101112705707
Fidelity (MAX_ERROR);Tolerancja_0.1;590;3604;0.0005342396157830529;0.02311362402962921;0.09961077508701432;0.36570778810407306
Fidelity (MAX_ERROR);Tolerancja_1.0;590;316;0.026813711076487737;0.16374892694759174;0.9949507450152559;2.5908640636212636
Fidelity (MAX_ERROR);Tolerancja_0.01;591;4815;8.824618634077793e-06;0.0029706259667076555;0.009939930464634816;0.05097378461601566
Fidelity (MAX_ERROR);Tolerancja_0.1;591;3523;0.0006208218013931402;0.024916295900336796;0.0999640400967623;0.42754554591748517
Fidelity (MAX_ERROR);Tolerancja_1.0;591;151;0.06373596677871891;0.25245983201039907;0.9858218985378695;4.332027406114713
Fidelity (MAX_ERROR);Tolerancja_0.01;592;4862;5.868653160522442e-06;0.0024225303218994893;0.009930038573075173;0.03761251343542858
Fidelity (MAX_ERROR);Tolerancja_0.1;592;3642;0.0007845299131915647;0.028009461137115166;0.09977289906187536;0.43487845077324444
Fidelity (MAX_ERROR);Tolerancja_1.0;592;344;0.04562699952021042;0.2136047741044437;0.993878628239516;3.316454850222682
Fidelity (MAX_ERROR);Tolerancja_0.01;593;4851;7.201662836208426e-06;0.0026835914063449424;0.009870740209470874;0.04297423786381158
Fidelity (MAX_ERROR);Tolerancja_0.1;593;3465;0.0007785197921683834;0.027901967532207892;0.09967734027964159;0.4468138431068313
Fidelity (MAX_ERROR);Tolerancja_1.0;593;250;0.04217034602930487;0.2053541965222646;0.9888973164828583;3.288481274315637
Fidelity (MAX_ERROR);Tolerancja_0.01;594;4829;5.606099714592624e-06;0.0023677203624145786;0.009879609396263866;0.041606817167563453
Fidelity (MAX_ERROR);Tolerancja_0.1;594;3306;0.0006137897496712995;0.024774780517116585;0.09946219809810142;0.43535536531475494
Fidelity (MAX_ERROR);Tolerancja_1.0;594;101;0.07921557474073333;0.2814526154448264;0.9854620424677165;4.945832159082897
Fidelity (MAX_ERROR);Tolerancja_0.01;595;4845;8.256860018859986e-06;0.0028734752511305863;0.00986091721162552;0.05243521415683973
Fidelity (MAX_ERROR);Tolerancja_0.1;595;3831;0.0005490801109469157;0.023432458491308924;0.0995403358133764;0.42759581058845275
Fidelity (MAX_ERROR);Tolerancja_1.0;595;242;0.06417759051772765;0.2533329637408595;0.9989964879967994;4.62282325261454
Fidelity (MAX_ERROR);Tolerancja_0.01;596;4886;6.434794706049479e-06;0.0025366897141845075;0.009723661659382543;0.040828643459105085
Fidelity (MAX_ERROR);Tolerancja_0.1;596;3719;0.0006881156495257998;0.026231958552990278;0.09939635945591618;0.42220981029142984
Fidelity (MAX_ERROR);Tolerancja_1.0;596;152;0.08879100447417108;0.297978194628686;0.9857069078838032;4.796032167061304
Fidelity (MAX_ERROR);Tolerancja_0.01;597;4884;6.372775211593998e-06;0.0025244356223904775;0.009932427246159392;0.039453785605488206
Fidelity (MAX_ERROR);Tolerancja_0.1;597;3932;0.0005143526511296918;0.022679344151224738;0.09904047707948838;0.354449911053069
Fidelity (MAX_ERROR);Tolerancja_1.0;597;231;0.06643593037914172;0.25775168356218686;0.9898038936918612;4.0283378876925005
Fidelity (MAX_ERROR);Tolerancja_0.01;598;4723;8.661196043114126e-06;0.002942991002893846;0.009745025433479881;0.05086725843197147
Fidelity (MAX_ERROR);Tolerancja_0.1;598;2972;0.000618003381898159;0.024859673809166503;0.09999647553240276;0.429679686734332
Fidelity (MAX_ERROR);Tolerancja_1.0;598;50;0.09914347585890906;0.31487057001077295;0.9622718527493284;5.442287333400277
Fidelity (MAX_ERROR);Tolerancja_0.01;599;4756;8.507504362052763e-06;0.0029167626509630095;0.009919930442378266;0.062369208054957465
Fidelity (MAX_ERROR);Tolerancja_0.1;599;2891;0.0007714721861858539;0.027775388137447402;0.09998396498271056;0.5939218129317797
Fidelity (MAX_ERROR);Tolerancja_1.0;599;49;0.08304715900397154;0.28817903984150467;0.9983845486619964;6.162139551196764
Fidelity (MAX_ERROR);Tolerancja_0.01;600;4821;7.309902849430587e-06;0.0027036832006414116;0.009947571059816696;0.04651518989624664
Fidelity (MAX_ERROR);Tolerancja_0.1;600;3563;0.0005886261994622795;0.024261619885372027;0.09985917444695591;0.41740609842562343
Fidelity (MAX_ERROR);Tolerancja_1.0;600;166;0.059007074532338444;0.2429137182876637;0.9992909627094848;4.17917962129345
Fidelity (MAX_ERROR);Tolerancja_0.01;601;4829;7.718718783055189e-06;0.002778258228288938;0.009755954866180083;0.057711801814814924
Fidelity (MAX_ERROR);Tolerancja_0.1;601;3658;0.0005532062217424924;0.02352033634416167;0.09929632679785905;0.4885798504583346
Fidelity (MAX_ERROR);Tolerancja_1.0;601;221;0.047951057145438264;0.2189772982421654;0.9990406633378077;4.5487400377029195
Fidelity (MAX_ERROR);Tolerancja_0.01;602;4839;6.752931078484858e-06;0.0025986402364476806;0.009975883112751216;0.04388585018675407
Fidelity (MAX_ERROR);Tolerancja_0.1;602;3416;0.0007827111471247834;0.02797697530335943;0.09997827281057603;0.4724753082866652
Fidelity (MAX_ERROR);Tolerancja_1.0;602;161;0.06592001299084282;0.25674892987282893;0.986489455677312;4.33597729842403
Fidelity (MAX_ERROR);Tolerancja_0.01;603;4797;6.541712200917523e-06;0.002557677110371347;0.009979478128772534;0.04437088850128124
Fidelity (MAX_ERROR);Tolerancja_0.1;603;3029;0.0007767446780506968;0.027870139541284984;0.09948031607642704;0.4834945150374988
Fidelity (MAX_ERROR);Tolerancja_1.0;603;132;0.05094332383956499;0.22570627780273414;0.9984760307520597;3.9155795099445867
Fidelity (MAX_ERROR);Tolerancja_0.01;604;4843;6.603440552830062e-06;0.0025697160451750426;0.009970526311622763;0.03893226855626087
Fidelity (MAX_ERROR);Tolerancja_0.1;604;3468;0.0007455099427145797;0.027304027957694807;0.09954318205840984;0.4136673976537434
Fidelity (MAX_ERROR);Tolerancja_1.0;604;138;0.06930119226162433;0.26325119612572384;0.987392536513708;3.98836528439291
Fidelity (MAX_ERROR);Tolerancja_0.01;605;4770;7.632567521635922e-06;0.002762710176916124;0.009957261572094644;0.05298185128772923
Fidelity (MAX_ERROR);Tolerancja_0.1;605;3800;0.00023841235713722487;0.015440607408299225;0.0999564558347954;0.2961121193001478
Fidelity (MAX_ERROR);Tolerancja_1.0;605;1072;0.0050441627391052376;0.07102226931818806;0.9992936315934893;1.3620289752338854
Fidelity (MAX_ERROR);Tolerancja_0.01;606;4785;9.315787677211851e-06;0.003052177530421822;0.00994365294160815;0.061897372890872555
Fidelity (MAX_ERROR);Tolerancja_0.1;606;3404;0.0006042311272442339;0.024581113222232918;0.09968462153344193;0.4984986345073549
Fidelity (MAX_ERROR);Tolerancja_1.0;606;94;0.07494261095118841;0.2737564811126641;0.9931487261979859;5.551710810996583
Fidelity (MAX_ERROR);Tolerancja_0.01;607;4867;6.330215629355057e-06;0.0025159919772040325;0.009985200797085092;0.040920227521635315
Fidelity (MAX_ERROR);Tolerancja_0.1;607;3959;0.0005222313610499141;0.02285238195571556;0.09937522912309138;0.3716723572697469
Fidelity (MAX_ERROR);Tolerancja_1.0;607;394;0.04379908172915066;0.2092823015191458;0.9993972702994167;3.403778498503713
Fidelity (MAX_ERROR);Tolerancja_0.01;608;4823;8.445296852316523e-06;0.002906079292159201;0.00994889750473682;0.048963445295840104
Fidelity (MAX_ERROR);Tolerancja_0.1;608;3608;0.0006824912862105066;0.02612453418169416;0.09967608269576633;0.4401625254121293
Fidelity (MAX_ERROR);Tolerancja_1.0;608;147;0.09360934120329796;0.30595643677376355;0.9966144970035824;5.154945804576368
Fidelity (MAX_ERROR);Tolerancja_0.01;609;4841;6.496614839447343e-06;0.0025488457857326995;0.009994368558849054;0.043061253026093385
Fidelity (MAX_ERROR);Tolerancja_0.1;609;3715;0.0005410966215069988;0.023261483648017785;0.09985748873092204;0.39298910853552665
Fidelity (MAX_ERROR);Tolerancja_1.0;609;785;0.01425958984767978;0.11941352455932193;0.9999609680523376;2.0174213852284573
Fidelity (MAX_ERROR);Tolerancja_0.01;610;4853;6.975084875540077e-06;0.0026410385978891102;0.009874608278134467;0.05105094977784476
Fidelity (MAX_ERROR);Tolerancja_0.1;610;3608;0.0006985270418980494;0.026429662160119438;0.09944437583283605;0.5108821039798803
Fidelity (MAX_ERROR);Tolerancja_1.0;610;174;0.07993093050512957;0.28272058733868244;0.9944390009340323;5.464954021090705
Fidelity (MAX_ERROR);Tolerancja_0.01;611;4864;7.094028628115251e-06;0.0026634617752307336;0.009987446169373193;0.0453593956542118
Fidelity (MAX_ERROR);Tolerancja_0.1;611;3730;0.0006779731286781753;0.026037917134021593;0.09935094694789992;0.44343200126885673
Fidelity (MAX_ERROR);Tolerancja_1.0;611;153;0.08855270628952515;0.2975780675545917;0.9999896956275531;5.0678261763509544
Fidelity (MAX_ERROR);Tolerancja_0.01;612;4862;8.384297835792268e-06;0.0028955652014403454;0.009978799273154593;0.05232349560367148
Fidelity (MAX_ERROR);Tolerancja_0.1;612;4005;0.00046670851174520955;0.02160343749835219;0.09977823472807046;0.3903788339516382
Fidelity (MAX_ERROR);Tolerancja_1.0;612;1627;0.008839933601776673;0.09402092108555772;0.9989601889641957;1.6989785789061862
Fidelity (MAX_ERROR);Tolerancja_0.01;613;4816;6.34526587700342e-06;0.0025189811188263043;0.009928881266258571;0.03983109428875165
Fidelity (MAX_ERROR);Tolerancja_0.1;613;3384;0.000598608777957876;0.024466482745950143;0.09964298015300077;0.3868733965033161
Fidelity (MAX_ERROR);Tolerancja_1.0;613;94;0.0808531719859397;0.2843469218858184;0.9976477315242303;4.496202441417071
Fidelity (MAX_ERROR);Tolerancja_0.01;614;4865;5.83160111897517e-06;0.002414870828631455;0.009801593483725668;0.04075875525630189
Fidelity (MAX_ERROR);Tolerancja_0.1;614;3532;0.0008307411068639272;0.028822579809307965;0.0993698052695926;0.48647425045445336
Fidelity (MAX_ERROR);Tolerancja_1.0;614;544;0.022638299796003805;0.15046029308759107;0.9974418026514229;2.539504055057057
Fidelity (MAX_ERROR);Tolerancja_0.01;615;4836;8.423494939285047e-06;0.0029023257810392423;0.009999892106532737;0.054611797200034416
Fidelity (MAX_ERROR);Tolerancja_0.1;615;3362;0.0008211983507120569;0.028656558598548727;0.09972220516553065;0.5392179530150704
Fidelity (MAX_ERROR);Tolerancja_1.0;615;120;0.07877994961604903;0.2806776614126052;0.9754654371843436;5.281389023859505
Fidelity (MAX_ERROR);Tolerancja_0.01;616;4873;5.7397267116771515e-06;0.0023957726752922848;0.009932411870071434;0.03929664824156021
Fidelity (MAX_ERROR);Tolerancja_0.1;616;3798;0.0005589125506052709;0.023641331405089495;0.09965362096967745;0.3877768094481715
Fidelity (MAX_ERROR);Tolerancja_1.0;616;1015;0.012267674118449567;0.11075953285586558;0.9990341867128745;1.8167326336608614
Fidelity (MAX_ERROR);Tolerancja_0.01;617;4781;6.6397042564888154e-06;0.0025767623593356092;0.009855504258922565;0.051240406201299805
Fidelity (MAX_ERROR);Tolerancja_0.1;617;2889;0.0007152195375779353;0.026743588719129213;0.09999585399862054;0.5318116916307373
Fidelity (MAX_ERROR);Tolerancja_1.0;617;56;0.07818214517403914;0.2796107028960786;0.998831933431273;5.56022015096502
Fidelity (MAX_ERROR);Tolerancja_0.01;618;4823;6.4283942311752495e-06;0.0025354278201469766;0.00987453191209653;0.039594889448743203
Fidelity (MAX_ERROR);Tolerancja_0.1;618;3307;0.0006890609172287812;0.026249969851959473;0.09992317060865386;0.4099365977063887
Fidelity (MAX_ERROR);Tolerancja_1.0;618;128;0.06654317373609023;0.2579596358659436;0.9998961311736405;4.028465406582941
Fidelity (MAX_ERROR);Tolerancja_0.01;619;4848;5.5846287756505515e-06;0.0023631819175955436;0.009927595921240595;0.04165530240642131
Fidelity (MAX_ERROR);Tolerancja_0.1;619;3928;0.0003166391121023901;0.017794356186791083;0.09936693579112221;0.3136573120204524
Fidelity (MAX_ERROR);Tolerancja_1.0;619;1967;0.0034645780514526324;0.05886066642039175;0.9995869111597178;1.037524382413855
Fidelity (MAX_ERROR);Tolerancja_0.01;620;4833;7.179605879580961e-06;0.0026794786581685924;0.009772982405772623;0.04738683574352625
Fidelity (MAX_ERROR);Tolerancja_0.1;620;3471;0.0007739794032517276;0.02782048531661027;0.09961973713391603;0.49200793743379234
Fidelity (MAX_ERROR);Tolerancja_1.0;620;319;0.035307295488691146;0.18790235626167956;0.999570592292609;3.3230710999876587
Fidelity (MAX_ERROR);Tolerancja_0.01;621;4853;6.136390806751595e-06;0.002477173955690556;0.009980236854134183;0.04878598210961994
Fidelity (MAX_ERROR);Tolerancja_0.1;621;3687;0.0005303577804487741;0.023029498050300058;0.09913591999910754;0.4535477523871616
Fidelity (MAX_ERROR);Tolerancja_1.0;621;1463;0.005980740499860949;0.07733524746104424;0.9995131023388737;1.5230565420771103
Fidelity (MAX_ERROR);Tolerancja_0.01;622;4802;7.72239533108407e-06;0.0027789198137197248;0.009983811859259006;0.04388456100038969
Fidelity (MAX_ERROR);Tolerancja_0.1;622;3568;0.0004730657894562314;0.021750075619552025;0.09944870571144282;0.3434760929685419
Fidelity (MAX_ERROR);Tolerancja_1.0;622;1251;0.005511906959908655;0.07424221817745383;0.9984132802836916;1.172429350543799
Fidelity (MAX_ERROR);Tolerancja_0.01;623;4774;7.514736478835205e-06;0.002741301967831199;0.009906781990800972;0.042277754267544806
Fidelity (MAX_ERROR);Tolerancja_0.1;623;3308;0.0006071719661049055;0.0246408596868069;0.09998618130228332;0.38002388026010475
Fidelity (MAX_ERROR);Tolerancja_1.0;623;814;0.00833129042144896;0.09127590274244873;0.9990454472639549;1.407703431427
Fidelity (MAX_ERROR);Tolerancja_0.01;624;4820;8.589627965046431e-06;0.002930806708919309;0.009895510971529742;0.05995104940558898
Fidelity (MAX_ERROR);Tolerancja_0.1;624;3598;0.0006581922635568033;0.025655258009944146;0.09931027145175442;0.5247905417257729
Fidelity (MAX_ERROR);Tolerancja_1.0;624;153;0.07440237946915042;0.27276799568342036;0.9922154805937611;5.579599478776284
Fidelity (MAX_ERROR);Tolerancja_0.01;625;4855;6.504806186814724e-06;0.0025504521534062785;0.009865271365211647;0.04536421450827214
Fidelity (MAX_ERROR);Tolerancja_0.1;625;3642;0.0007397685220596247;0.02719868603553533;0.09932505381618739;0.48377579873878274
Fidelity (MAX_ERROR);Tolerancja_1.0;625;187;0.0695738780156962;0.26376860695635523;0.9960956355894215;4.691582098701748
Fidelity (MAX_ERROR);Tolerancja_0.01;626;4883;4.722599701416205e-06;0.0021731543206629862;0.00991252486269456;0.03802942581168999
Fidelity (MAX_ERROR);Tolerancja_0.1;626;3831;0.0007058923573171162;0.026568634841051132;0.09995278115377637;0.4649416371394122
Fidelity (MAX_ERROR);Tolerancja_1.0;626;282;0.07455694476512566;0.2730511760918192;0.9972649503924851;4.7782982300173655
Fidelity (MAX_ERROR);Tolerancja_0.01;627;4810;6.642062253916023e-06;0.002577219869145049;0.009899401671460417;0.05071131502856717
Fidelity (MAX_ERROR);Tolerancja_0.1;627;3192;0.0007544164920390868;0.027466643261219358;0.09932631635434319;0.5404543150829536
Fidelity (MAX_ERROR);Tolerancja_1.0;627;121;0.07072147278697345;0.2659350913042005;0.9929761069841989;5.232738717303084
Fidelity (MAX_ERROR);Tolerancja_0.01;628;4743;6.368127102986171e-06;0.0025235148311405207;0.009988222730386909;0.047042561342622066
Fidelity (MAX_ERROR);Tolerancja_0.1;628;3346;0.00035151119317572335;0.01874863176809773;0.09961010951798688;0.3495060338687811
Fidelity (MAX_ERROR);Tolerancja_1.0;628;81;0.05531384719001094;0.2351889606040448;0.9957080219803358;4.384317845012585
Fidelity (MAX_ERROR);Tolerancja_0.01;629;4866;6.842200624949399e-06;0.0026157600472805982;0.009995148733656478;0.05089722270319394
Fidelity (MAX_ERROR);Tolerancja_0.1;629;3745;0.0005359724801033849;0.023151079458707424;0.09966535549491873;0.4504716127361084
Fidelity (MAX_ERROR);Tolerancja_1.0;629;1127;0.010121540294433542;0.10060586610349091;0.997933424471138;1.9575798543297322
Fidelity (MAX_ERROR);Tolerancja_0.01;630;4837;6.525052664650281e-06;0.002554418263450659;0.009870129090734814;0.047469379486447
Fidelity (MAX_ERROR);Tolerancja_0.1;630;3968;0.00029000185797284296;0.01702944091780006;0.09977499331917716;0.3164622665503009
Fidelity (MAX_ERROR);Tolerancja_1.0;630;1680;0.004762176833015437;0.06900852724856137;0.9999183960937408;1.2824023436700784
Fidelity (MAX_ERROR);Tolerancja_0.01;631;4693;7.322780396795313e-06;0.0027060636350232626;0.009842968360596949;0.049401199508103615
Fidelity (MAX_ERROR);Tolerancja_0.1;631;3201;0.0003592956854029526;0.018955096554830644;0.09946866810826194;0.346039351950608
Fidelity (MAX_ERROR);Tolerancja_1.0;631;65;0.06383309642615136;0.25265212531493053;0.98833432064683;4.612352010976263
Fidelity (MAX_ERROR);Tolerancja_0.01;632;4752;6.729731122966873e-06;0.0025941725314571644;0.009991118854831171;0.03815826347495747
Fidelity (MAX_ERROR);Tolerancja_0.1;632;3122;0.0006088053652896812;0.02467398154513538;0.09945091127008343;0.3629351083471144
Fidelity (MAX_ERROR);Tolerancja_1.0;632;145;0.04020353608440635;0.2005081945567471;0.9948770583123112;2.9493198405299377
Fidelity (MAX_ERROR);Tolerancja_0.01;633;4899;6.383696515891441e-06;0.0025265978144317787;0.009799851772898993;0.04323567033306653
Fidelity (MAX_ERROR);Tolerancja_0.1;633;3960;0.000768006374223726;0.02771292792585666;0.09963429568729598;0.474229419863501
Fidelity (MAX_ERROR);Tolerancja_1.0;633;1282;0.01593773190631137;0.12624473021204238;0.9997745225068346;2.160326232199458
Fidelity (MAX_ERROR);Tolerancja_0.01;634;4812;6.661245022308669e-06;0.002580938787013103;0.009839091101819797;0.048679290497945275
Fidelity (MAX_ERROR);Tolerancja_0.1;634;3157;0.0007263197617248476;0.026950320252732574;0.09968500916231626;0.508312120844099
Fidelity (MAX_ERROR);Tolerancja_1.0;634;89;0.06757701845674519;0.25995580096767446;0.9775326848202681;4.903046912854669
Fidelity (MAX_ERROR);Tolerancja_0.01;635;4874;6.823037658522607e-06;0.0026120944964764595;0.009852566526977746;0.04257720371831075
Fidelity (MAX_ERROR);Tolerancja_0.1;635;3924;0.0006227829807826299;0.024955620224362887;0.0999582387673561;0.40677721561865027
Fidelity (MAX_ERROR);Tolerancja_1.0;635;254;0.07446281564663065;0.2728787563124522;0.9989203354438851;4.447930353816456
Fidelity (MAX_ERROR);Tolerancja_0.01;636;4877;6.0094640902023144e-06;0.0024514208309065;0.009830290453090917;0.03992554144978479
Fidelity (MAX_ERROR);Tolerancja_0.1;636;3859;0.0005059162347674845;0.02249258177194171;0.09934475735155868;0.36632980128354975
Fidelity (MAX_ERROR);Tolerancja_1.0;636;557;0.023551172271407326;0.15346391195133574;0.9951264958346244;2.4994198060205988
Fidelity (MAX_ERROR);Tolerancja_0.01;637;4757;7.20605424517036e-06;0.002684409477924402;0.009933516464815995;0.0460030401244845
Fidelity (MAX_ERROR);Tolerancja_0.1;637;3438;0.000342439101366251;0.01850511014196487;0.09949660158349216;0.3171242432905718
Fidelity (MAX_ERROR);Tolerancja_1.0;637;259;0.020194053294029526;0.14210578205699276;0.9953110657800495;2.4352834571809656
Fidelity (MAX_ERROR);Tolerancja_0.01;638;4835;6.440809012139924e-06;0.0025378749008057753;0.00996999600659354;0.0365728322573708
Fidelity (MAX_ERROR);Tolerancja_0.1;638;3607;0.0005796017788654762;0.024074920121684232;0.09982299385593318;0.3469390926008226
Fidelity (MAX_ERROR);Tolerancja_1.0;638;210;0.046995255354702684;0.21678389090221323;0.9986042351183801;3.124031399478969
Fidelity (MAX_ERROR);Tolerancja_0.01;639;4842;6.9025331248422e-06;0.0026272672351403846;0.00993904648852606;0.0408560101534959
Fidelity (MAX_ERROR);Tolerancja_0.1;639;3625;0.0007368749156082188;0.027145440051843307;0.09909668217776169;0.42213230521255435
Fidelity (MAX_ERROR);Tolerancja_1.0;639;149;0.08282535126996729;0.2877939389041529;0.9950973576443092;4.475415341353493
Fidelity (MAX_ERROR);Tolerancja_0.01;640;4881;4.579313734412996e-06;0.002139933114471804;0.009937865216933517;0.03737511675707343
Fidelity (MAX_ERROR);Tolerancja_0.1;640;3853;0.0003804151694371809;0.019504234653971452;0.0998880916946181;0.34065225801670534
Fidelity (MAX_ERROR);Tolerancja_1.0;640;1681;0.004480188659552931;0.06693421142848349;0.9996480814107027;1.1690430650678039
Fidelity (MAX_ERROR);Tolerancja_0.01;641;4792;7.456857714625517e-06;0.0027307247599539426;0.009890216844458344;0.052598003806881045
Fidelity (MAX_ERROR);Tolerancja_0.1;641;3685;0.00032453678735850755;0.018014904589214665;0.09953141880501448;0.34699506667969476
Fidelity (MAX_ERROR);Tolerancja_1.0;641;1207;0.004662171823146019;0.06828009829478879;0.9997760668373736;1.315180835033732
Fidelity (MAX_ERROR);Tolerancja_0.01;642;4848;8.236905885157434e-06;0.002870001025288568;0.009860123304748392;0.051913203838890976
Fidelity (MAX_ERROR);Tolerancja_0.1;642;3724;0.0007182494207588503;0.026800175759849977;0.09992098007701866;0.48476741815773666
Fidelity (MAX_ERROR);Tolerancja_1.0;642;174;0.07894327325095475;0.2809684559714039;0.9883463327310946;5.082218646829713
Fidelity (MAX_ERROR);Tolerancja_0.01;643;4817;7.894010859605425e-06;0.002809628242242277;0.00992480560954867;0.05001731331465188
Fidelity (MAX_ERROR);Tolerancja_0.1;643;3408;0.0006407865742173237;0.025313762545645477;0.09952891079967863;0.45063840595786203
Fidelity (MAX_ERROR);Tolerancja_1.0;643;110;0.07576924672290379;0.27526214182648473;0.9824836756065043;4.9002471517049235
Fidelity (MAX_ERROR);Tolerancja_0.01;644;4805;7.1015488277991145e-06;0.0026648731354042194;0.009837678241275682;0.045268752509019586
Fidelity (MAX_ERROR);Tolerancja_0.1;644;3522;0.00048471106644171956;0.022016154669735576;0.09978540824642224;0.3739929843952517
Fidelity (MAX_ERROR);Tolerancja_1.0;644;170;0.037391059574488884;0.1933676797566979;0.9979712962381253;3.2847768705588094
Fidelity (MAX_ERROR);Tolerancja_0.01;645;4859;5.722971302182157e-06;0.002392273249898965;0.009958524509194433;0.04373966547063701
Fidelity (MAX_ERROR);Tolerancja_0.1;645;3677;0.0005964510521483778;0.02442234739226305;0.0992065163455571;0.44653147586312936
Fidelity (MAX_ERROR);Tolerancja_1.0;645;205;0.06119869282510207;0.2473836955522778;0.9949549815847591;4.523095380848962
Fidelity (MAX_ERROR);Tolerancja_0.01;646;4845;8.232710267663127e-06;0.0028692699886317995;0.009806048470901274;0.050401420383327546
Fidelity (MAX_ERROR);Tolerancja_0.1;646;3841;0.0007022896170624653;0.026500747481202586;0.09939954081340208;0.46551050251963627
Fidelity (MAX_ERROR);Tolerancja_1.0;646;289;0.060222804419196106;0.24540335046448755;0.9919241172796589;4.310740181036659
Fidelity (MAX_ERROR);Tolerancja_0.01;647;4829;7.099860871874083e-06;0.0026645564118393298;0.009955705651428559;0.0418309959864411
Fidelity (MAX_ERROR);Tolerancja_0.1;647;3436;0.0006302134192979869;0.0251040518502091;0.0998598570969853;0.39410968652174583
Fidelity (MAX_ERROR);Tolerancja_1.0;647;122;0.0726567022137535;0.26954907199571937;0.9983390975438153;4.231663513934928
Fidelity (MAX_ERROR);Tolerancja_0.01;648;4860;5.23124152632628e-06;0.002287190749877736;0.009857369376509162;0.03614938917895891
Fidelity (MAX_ERROR);Tolerancja_0.1;648;3623;0.0006066031712872517;0.024629315282550013;0.09950644198085978;0.3892699825791856
Fidelity (MAX_ERROR);Tolerancja_1.0;648;176;0.06483527339855871;0.25462771529933403;0.9835257570422122;4.024428822386947
Fidelity (MAX_ERROR);Tolerancja_0.01;649;4822;7.281338135879624e-06;0.002698395474329073;0.009976334439830481;0.051224592339645394
Fidelity (MAX_ERROR);Tolerancja_0.1;649;3283;0.0006784790951157049;0.02604763127648472;0.0997964994292726;0.4944713650185323
Fidelity (MAX_ERROR);Tolerancja_1.0;649;104;0.06386054539619786;0.2527064411450525;0.9860823270207204;4.797215438732709
Fidelity (MAX_ERROR);Tolerancja_0.01;650;4867;8.131147166236405e-06;0.002851516643163144;0.00980868301131288;0.05138850123945925
Fidelity (MAX_ERROR);Tolerancja_0.1;650;3867;0.0007512566473147031;0.02740906140886081;0.09986634374898617;0.49395138182297926
Fidelity (MAX_ERROR);Tolerancja_1.0;650;339;0.059331696525319944;0.24358098555782212;0.9912575683777276;4.3896856812175695
Fidelity (MAX_ERROR);Tolerancja_0.01;651;4846;7.215631828287883e-06;0.002686192812939511;0.00986425995591489;0.04446319219834457
Fidelity (MAX_ERROR);Tolerancja_0.1;651;3498;0.0007267288786212243;0.02695790938892006;0.09969025353199612;0.44622065126942234
Fidelity (MAX_ERROR);Tolerancja_1.0;651;162;0.06668496580261787;0.2582343234402001;0.9978091171474928;4.274422260391049
Fidelity (MAX_ERROR);Tolerancja_0.01;652;4786;6.7568696638092115e-06;0.002599397942564626;0.009864522034393808;0.05090400868727617
Fidelity (MAX_ERROR);Tolerancja_0.1;652;3535;0.00030613868874720224;0.017496819389454823;0.09944253972591399;0.3426402058785068
Fidelity (MAX_ERROR);Tolerancja_1.0;652;143;0.030711040004483294;0.1752456561643777;0.997837579506931;3.431835602284704
Fidelity (MAX_ERROR);Tolerancja_0.01;653;4847;7.085705601973319e-06;0.0026618988714775245;0.009814786497218009;0.05189191785233578
Fidelity (MAX_ERROR);Tolerancja_0.1;653;3648;0.0006549594993692887;0.025592176526612363;0.09966407712538228;0.4989021695043977
Fidelity (MAX_ERROR);Tolerancja_1.0;653;151;0.08008205726587807;0.28298773341945066;0.9982405803763292;5.5166544353617155
Fidelity (MAX_ERROR);Tolerancja_0.01;654;4783;7.080579542071174e-06;0.0026609358395254805;0.009845504839939512;0.04646652214644321
Fidelity (MAX_ERROR);Tolerancja_0.1;654;3519;0.0003988697027261683;0.019971722577839107;0.09959733451648756;0.34875568049445044
Fidelity (MAX_ERROR);Tolerancja_1.0;654;250;0.024003621207271356;0.15493102080368332;0.9964707586883135;2.7054788779233427
Fidelity (MAX_ERROR);Tolerancja_0.01;655;4844;6.128342207492029e-06;0.0024755488699462246;0.009920812594308437;0.048359653558451884
Fidelity (MAX_ERROR);Tolerancja_0.1;655;3714;0.0005998219215289538;0.024491262146507552;0.09935904352356051;0.4784348905380567
Fidelity (MAX_ERROR);Tolerancja_1.0;655;234;0.054755384857801764;0.2339986855899019;0.9923805229142815;4.571146021652394
Fidelity (MAX_ERROR);Tolerancja_0.01;656;4811;6.209195665038383e-06;0.002491825769398491;0.009942306054832706;0.044222733911371055
Fidelity (MAX_ERROR);Tolerancja_0.1;656;3139;0.000665380586747343;0.025794972121468616;0.0997980715520006;0.45778649630640256
Fidelity (MAX_ERROR);Tolerancja_1.0;656;97;0.061999380068417875;0.24899674710408945;0.9809858870787176;4.4189754465213475
Fidelity (MAX_ERROR);Tolerancja_0.01;657;4812;6.586980895582834e-06;0.002566511425180654;0.009970392128876737;0.04958124244346661
Fidelity (MAX_ERROR);Tolerancja_0.1;657;3203;0.0007282627117012239;0.02698634305905904;0.09933982350710124;0.5213366302390751
Fidelity (MAX_ERROR);Tolerancja_1.0;657;84;0.07821788959144409;0.27967461377723235;0.9918661088231207;5.40290399447405
Fidelity (MAX_ERROR);Tolerancja_0.01;658;4820;5.825995214787933e-06;0.0024137098447800085;0.009881899230617108;0.04018730737339455
Fidelity (MAX_ERROR);Tolerancja_0.1;658;3400;0.0006831648878367624;0.02613742312923679;0.09907063873425281;0.4351776828166546
Fidelity (MAX_ERROR);Tolerancja_1.0;658;135;0.06594773913786066;0.2568029188655391;0.9987131988142943;4.275666297319566
Fidelity (MAX_ERROR);Tolerancja_0.01;659;4789;8.865304379974686e-06;0.0029774661005584407;0.0098824839519569;0.048233687611208345
Fidelity (MAX_ERROR);Tolerancja_0.1;659;2929;0.0008273030807921112;0.028762876782271123;0.0998853492113021;0.4659464009533271
Fidelity (MAX_ERROR);Tolerancja_1.0;659;73;0.07833250030124543;0.27987943886831956;0.9843627631541967;4.533928168197407
Fidelity (MAX_ERROR);Tolerancja_0.01;660;4835;6.501270392647965e-06;0.0025497588891202957;0.009929523564301768;0.04538171883820717
Fidelity (MAX_ERROR);Tolerancja_0.1;660;3594;0.0006389795223550151;0.02527804427472614;0.09962743459082724;0.4499096377113373
Fidelity (MAX_ERROR);Tolerancja_1.0;660;131;0.07986336381457723;0.28260106831818105;0.9810535421143882;5.029856854511234
Fidelity (MAX_ERROR);Tolerancja_0.01;661;4910;6.73305199411604e-06;0.0025948125161783923;0.00972229910277811;0.04326545463306721
Fidelity (MAX_ERROR);Tolerancja_0.1;661;4067;0.0005773151501310434;0.024027383339245315;0.09999949828392474;0.40062842973583224
Fidelity (MAX_ERROR);Tolerancja_1.0;661;397;0.053060145469314195;0.23034787923771774;0.9979915997682394;3.8407806563461
Fidelity (MAX_ERROR);Tolerancja_0.01;662;4818;7.045266706753858e-06;0.0026542921291285663;0.009846350923163882;0.042360895416086994
Fidelity (MAX_ERROR);Tolerancja_0.1;662;3452;0.0007231922446733435;0.026892233910059304;0.09966123338940491;0.42918377207522196
Fidelity (MAX_ERROR);Tolerancja_1.0;662;130;0.08408103271399542;0.2899672959386893;0.9991152902141582;4.627702490824587
Fidelity (MAX_ERROR);Tolerancja_0.01;663;4793;7.661015501625562e-06;0.002767853952365544;0.009908185046572093;0.051009888072505324
Fidelity (MAX_ERROR);Tolerancja_0.1;663;3170;0.0006599015614937853;0.025688549229058954;0.0997504348064524;0.4734245532714736
Fidelity (MAX_ERROR);Tolerancja_1.0;663;97;0.06223474361658714;0.24946892314792865;0.9914441805834691;4.597562612170536
Fidelity (MAX_ERROR);Tolerancja_0.01;664;4871;7.932937075615623e-06;0.0028165470128537927;0.009818159398855997;0.06051478452109315
Fidelity (MAX_ERROR);Tolerancja_0.1;664;3896;0.0006440671473256749;0.025378478034068057;0.09957280389657353;0.5452680614582898
Fidelity (MAX_ERROR);Tolerancja_1.0;664;217;0.08549152733770166;0.292389342038491;0.987481374028977;6.282117056443387
Fidelity (MAX_ERROR);Tolerancja_0.01;665;4821;7.546627895382777e-06;0.002747112647013729;0.009911283863126563;0.04626973816581679
Fidelity (MAX_ERROR);Tolerancja_0.1;665;3401;0.0006791237934525195;0.026060003711675092;0.09932303378427498;0.4389297794723429
Fidelity (MAX_ERROR);Tolerancja_1.0;665;142;0.06631975018125506;0.257526212610008;0.993604397613316;4.337525234450275
Fidelity (MAX_ERROR);Tolerancja_0.01;666;4870;6.349093902512935e-06;0.0025197408403470653;0.009945096472787185;0.03892203650358608
Fidelity (MAX_ERROR);Tolerancja_0.1;666;3554;0.000821497246930266;0.02866177326911693;0.0995625021908797;0.4427338588060586
Fidelity (MAX_ERROR);Tolerancja_1.0;666;199;0.07069044332662622;0.26587674461416555;0.9833572005735283;4.106955839911618
Fidelity (MAX_ERROR);Tolerancja_0.01;667;4627;9.345474075586216e-06;0.003057036812926239;0.009936432567056563;0.053101103725011964
Fidelity (MAX_ERROR);Tolerancja_0.1;667;3555;0.00016067268226452945;0.012675672852536447;0.09962440756369428;0.22017798937872873
Fidelity (MAX_ERROR);Tolerancja_1.0;667;470;0.005095049004227154;0.07137961196467206;0.9990424242781191;1.2398725990999737
Fidelity (MAX_ERROR);Tolerancja_0.01;668;4858;7.20881103697059e-06;0.0026849229108059304;0.009828940263842512;0.04722115900440996
Fidelity (MAX_ERROR);Tolerancja_0.1;668;3577;0.0006562121655478523;0.02561663845136306;0.09929880380154721;0.4505333663778073
Fidelity (MAX_ERROR);Tolerancja_1.0;668;183;0.06811068593094219;0.2609802404990504;0.9830957937824136;4.5899974945335
Fidelity (MAX_ERROR);Tolerancja_0.01;669;4860;5.241299325063368e-06;0.00228938841725544;0.009809629959960375;0.04042936684449202
Fidelity (MAX_ERROR);Tolerancja_0.1;669;3550;0.0006263293432674098;0.025026572743134644;0.09919027727264673;0.4419558003641556
Fidelity (MAX_ERROR);Tolerancja_1.0;669;685;0.013484299168614825;0.11612191510914219;0.9978638692062889;2.05065050091439
Fidelity (MAX_ERROR);Tolerancja_0.01;670;4837;6.748771782880609e-06;0.002597839830105122;0.009831062801341606;0.04718208841701182
Fidelity (MAX_ERROR);Tolerancja_0.1;670;3953;0.0002861690870993234;0.016916532951504082;0.09998240291183524;0.30723886214142077
Fidelity (MAX_ERROR);Tolerancja_1.0;670;2011;0.0032689149342452276;0.057174425526149604;0.9994776179984806;1.0384045887299713
Fidelity (MAX_ERROR);Tolerancja_0.01;671;4744;6.673759357735962e-06;0.0025833620260691226;0.009900200784334956;0.04832013478991166
Fidelity (MAX_ERROR);Tolerancja_0.1;671;3394;0.00034859949862953545;0.01867081944183317;0.09963958265596773;0.349225738771211
Fidelity (MAX_ERROR);Tolerancja_1.0;671;71;0.06298581119322247;0.25096974158894625;0.9953921716712033;4.694228536067637
Fidelity (MAX_ERROR);Tolerancja_0.01;672;4799;6.53813440265974e-06;0.0025569775913487666;0.00982261232679349;0.0423003208227313
Fidelity (MAX_ERROR);Tolerancja_0.1;672;3403;0.00048004990560132963;0.021910041204920853;0.09984126055613274;0.3624598726805974
Fidelity (MAX_ERROR);Tolerancja_1.0;672;81;0.06316818320461307;0.25133281362490867;0.9884623469920548;4.1578223781012635
Fidelity (MAX_ERROR);Tolerancja_0.01;673;4820;6.585482218844213e-06;0.002566219440898267;0.009851001559711747;0.048258173272953724
Fidelity (MAX_ERROR);Tolerancja_0.1;673;3412;0.0006318425146636642;0.02513647776964116;0.09944737071940768;0.4726955459640995
Fidelity (MAX_ERROR);Tolerancja_1.0;673;476;0.016761853009663732;0.12946757512853838;0.996919511540181;2.4346587724373197
Fidelity (MAX_ERROR);Tolerancja_0.01;674;4900;4.825487797815556e-06;0.002196699296174958;0.009754064370872229;0.03720072054331705
Fidelity (MAX_ERROR);Tolerancja_0.1;674;3891;0.0006986493984175421;0.026431976816302296;0.09979959533068428;0.4476209304855088
Fidelity (MAX_ERROR);Tolerancja_1.0;674;296;0.06803267799230919;0.26083074587231697;0.9885919790490201;4.417123319152828
Fidelity (MAX_ERROR);Tolerancja_0.01;675;4826;7.029573553057147e-06;0.002651334296737616;0.009881268560359757;0.04767369727735883
Fidelity (MAX_ERROR);Tolerancja_0.1;675;3616;0.0004904156870653234;0.022145331044383224;0.0992925100772668;0.39819565930101297
Fidelity (MAX_ERROR);Tolerancja_1.0;675;1194;0.006254160433983301;0.07908325002162785;0.9978214912790468;1.4219975677453687
Fidelity (MAX_ERROR);Tolerancja_0.01;676;4842;7.108416953412847e-06;0.002666161464242713;0.009770572059129456;0.053234858271538635
Fidelity (MAX_ERROR);Tolerancja_0.1;676;3711;0.0005855800524422759;0.02419876138239881;0.09963642247314475;0.4831731497944682
Fidelity (MAX_ERROR);Tolerancja_1.0;676;334;0.03334038505813247;0.18259349675750358;0.997051400514676;3.6458177989423772
Fidelity (MAX_ERROR);Tolerancja_0.01;677;4833;6.230301859031229e-06;0.0024960572627708744;0.009966099439553844;0.04835430097145283
Fidelity (MAX_ERROR);Tolerancja_0.1;677;3457;0.0006357710235997288;0.025214500264723248;0.09921513547113747;0.4884621650433363
Fidelity (MAX_ERROR);Tolerancja_1.0;677;131;0.07079238301907646;0.26606838034437025;0.9902241451209064;5.15434911452176
Fidelity (MAX_ERROR);Tolerancja_0.01;678;4862;6.783951225823492e-06;0.0026046019323158563;0.009827424154536857;0.04130198276258689
Fidelity (MAX_ERROR);Tolerancja_0.1;678;3705;0.0007379845189598457;0.027165870480436397;0.09960100877439881;0.43077765565351983
Fidelity (MAX_ERROR);Tolerancja_1.0;678;198;0.06435202740155203;0.2536770139400731;0.9931229198144615;4.022635292949187
Fidelity (MAX_ERROR);Tolerancja_0.01;679;4831;8.307719139267215e-06;0.002882311423019243;0.009979369074706312;0.055834140299117596
Fidelity (MAX_ERROR);Tolerancja_0.1;679;3661;0.0005531733948999131;0.023519638494243766;0.09965028562890987;0.45560614477131955
Fidelity (MAX_ERROR);Tolerancja_1.0;679;125;0.07665629210595198;0.27686872720831435;0.9769846406846243;5.36330919550463
Fidelity (MAX_ERROR);Tolerancja_0.01;680;4856;6.406262410645957e-06;0.002531059543085851;0.009896365164491883;0.04253074513674085
Fidelity (MAX_ERROR);Tolerancja_0.1;680;3637;0.0005828493985342667;0.024142274096163076;0.0996526196444063;0.4056755240745533
Fidelity (MAX_ERROR);Tolerancja_1.0;680;1304;0.0071664578011413245;0.08465493370820938;0.9998166120497727;1.422502058454901
Fidelity (MAX_ERROR);Tolerancja_0.01;681;4869;7.799953549884316e-06;0.002792839692836722;0.009986912484808208;0.05216110716770252
Fidelity (MAX_ERROR);Tolerancja_0.1;681;3826;0.0007361612251663468;0.027132291189030586;0.09975121576616619;0.506742421359261
Fidelity (MAX_ERROR);Tolerancja_1.0;681;265;0.07138495036945824;0.26717962192026967;0.991326368027373;4.9900411139796095
Fidelity (MAX_ERROR);Tolerancja_0.01;682;4788;6.298358028990816e-06;0.0025096529698328445;0.009936732249417268;0.041047529584063804
Fidelity (MAX_ERROR);Tolerancja_0.1;682;3015;0.0006734388722985834;0.025950700805538632;0.09985402275949973;0.42444599785184
Fidelity (MAX_ERROR);Tolerancja_1.0;682;54;0.08534226454299164;0.29213398388922784;0.9987033248584485;4.778102187969911
Fidelity (MAX_ERROR);Tolerancja_0.01;683;4817;8.279447240902551e-06;0.002877402863851802;0.009811593141783703;0.04667639500636452
Fidelity (MAX_ERROR);Tolerancja_0.1;683;3268;0.0008349650479991777;0.028895761765338143;0.09984088658200196;0.4687386695525978
Fidelity (MAX_ERROR);Tolerancja_1.0;683;136;0.07126751193518063;0.2669597571454931;0.993809215629772;4.330543780249729
Fidelity (MAX_ERROR);Tolerancja_0.01;684;4745;8.399645978053936e-06;0.0028982142740063125;0.009976525476715459;0.049954959878394295
Fidelity (MAX_ERROR);Tolerancja_0.1;684;3073;0.0006706564010568066;0.025897034599675822;0.09978420468914972;0.44637324990049265
Fidelity (MAX_ERROR);Tolerancja_1.0;684;75;0.07237184849603864;0.26902016373506027;0.9830562557942919;4.6369557994367705
Fidelity (MAX_ERROR);Tolerancja_0.01;685;4771;7.127158247556799e-06;0.0026696738092053117;0.009800784434278675;0.043385249108668776
Fidelity (MAX_ERROR);Tolerancja_0.1;685;3097;0.0006746932898737173;0.025974858803730145;0.09981433218640845;0.4221211280106858
Fidelity (MAX_ERROR);Tolerancja_1.0;685;391;0.013765603504082947;0.11732690869567368;0.9954750309854381;1.906696295015558
Fidelity (MAX_ERROR);Tolerancja_0.01;686;4894;5.498599900186964e-06;0.0023449093586292336;0.009977680926398058;0.04560792018376171
Fidelity (MAX_ERROR);Tolerancja_0.1;686;3732;0.0007045591071635138;0.02654353230381205;0.0996753132660757;0.5162652868659451
Fidelity (MAX_ERROR);Tolerancja_1.0;686;195;0.07094095403673176;0.26634743106839187;0.9879563224261649;5.180393149361773
Fidelity (MAX_ERROR);Tolerancja_0.01;687;4814;7.88406634726584e-06;0.002807857964225726;0.009885876234311475;0.045838904164306124
Fidelity (MAX_ERROR);Tolerancja_0.1;687;3725;0.0004212403486446557;0.020524140631087474;0.09975952276793887;0.3350611489005959
Fidelity (MAX_ERROR);Tolerancja_1.0;687;922;0.009530748603284884;0.09762555302422048;0.9989036822789226;1.5937588104812255
Fidelity (MAX_ERROR);Tolerancja_0.01;688;4819;6.788624551089915e-06;0.0026054989063689733;0.009922974263603557;0.04822511892677365
Fidelity (MAX_ERROR);Tolerancja_0.1;688;3345;0.0007669201451043274;0.027693323114143006;0.09968554446201328;0.5125750762713963
Fidelity (MAX_ERROR);Tolerancja_1.0;688;218;0.046410902587132166;0.2154318977940179;0.9905403882162318;3.9874240078709153
Fidelity (MAX_ERROR);Tolerancja_0.01;689;4886;6.133827582278854e-06;0.0024766565329651293;0.009838054303145327;0.039488130476981485
Fidelity (MAX_ERROR);Tolerancja_0.1;689;3906;0.0006154933118229433;0.024809137667862285;0.09929810818906226;0.3955600836087898
Fidelity (MAX_ERROR);Tolerancja_1.0;689;237;0.069481245656658;0.26359295448979286;0.9961392001197806;4.202759987572542
Fidelity (MAX_ERROR);Tolerancja_0.01;690;4821;6.876104273684179e-06;0.002622232688699494;0.009921638499749363;0.047369916054118916
Fidelity (MAX_ERROR);Tolerancja_0.1;690;3660;0.0005094828498317138;0.022571726780016496;0.09990771175504065;0.40775206844674533
Fidelity (MAX_ERROR);Tolerancja_1.0;690;889;0.010654506030914963;0.10322066668509249;0.9984828208904384;1.864653101532348
Fidelity (MAX_ERROR);Tolerancja_0.01;691;4834;6.6956851064490605e-06;0.0025876021924648813;0.00998209374923853;0.0425759060171819
Fidelity (MAX_ERROR);Tolerancja_0.1;691;3629;0.0005240671155177497;0.022892512215083552;0.09995482344400308;0.3766689684391331
Fidelity (MAX_ERROR);Tolerancja_1.0;691;135;0.0793943450866843;0.28177002162523307;0.9851643849151417;4.636189439825593
Fidelity (MAX_ERROR);Tolerancja_0.01;692;4755;7.93877506500891e-06;0.0028175831957564113;0.009931151455853104;0.05225222353875096
Fidelity (MAX_ERROR);Tolerancja_0.1;692;3164;0.0006185823637074374;0.02487131608313958;0.09996400152149043;0.4612398205797272
Fidelity (MAX_ERROR);Tolerancja_1.0;692;65;0.08310515280893073;0.28827964341751694;0.9933210679107987;5.34616063589903
Fidelity (MAX_ERROR);Tolerancja_0.01;693;4826;6.858119582301128e-06;0.0026188011727317382;0.009890979299600033;0.043530309991629816
Fidelity (MAX_ERROR);Tolerancja_0.1;693;3847;0.00034416838817289113;0.018551775876527055;0.09969951305797586;0.30837184709141985
Fidelity (MAX_ERROR);Tolerancja_1.0;693;1451;0.005492992382653041;0.07411472446587818;0.9986995492368713;1.2319518429031928
Fidelity (MAX_ERROR);Tolerancja_0.01;694;4825;7.293401940242417e-06;0.0027006299154535072;0.009985018485375363;0.048632054475836885
Fidelity (MAX_ERROR);Tolerancja_0.1;694;3757;0.0004190498987399799;0.02047070831065647;0.09936541972016144;0.3686297763444704
Fidelity (MAX_ERROR);Tolerancja_1.0;694;320;0.02581431907830842;0.16066835120305561;0.996207991490258;2.893262776783607
Fidelity (MAX_ERROR);Tolerancja_0.01;695;4730;6.784362307828455e-06;0.0026046808456754267;0.009893760895633541;0.045630764114554134
Fidelity (MAX_ERROR);Tolerancja_0.1;695;3283;0.0003895935822753229;0.01973812509523949;0.09978266757172083;0.3457873665327625
Fidelity (MAX_ERROR);Tolerancja_1.0;695;633;0.0066046522958421805;0.08126901190393655;0.9983239111027098;1.4237318626458413
Fidelity (MAX_ERROR);Tolerancja_0.01;696;4847;7.56681105611073e-06;0.0027507837167088816;0.009983941767654159;0.05364907786911606
Fidelity (MAX_ERROR);Tolerancja_0.1;696;3699;0.0005652647802477206;0.023775297689991613;0.09970647967178259;0.46369432441524266
Fidelity (MAX_ERROR);Tolerancja_1.0;696;1058;0.009333587109758056;0.0966104917167802;0.9979642414404495;1.8842134921782594
Fidelity (MAX_ERROR);Tolerancja_0.01;697;4821;6.879655056170289e-06;0.0026229096545955007;0.009994633359739602;0.045757470668993626
Fidelity (MAX_ERROR);Tolerancja_0.1;697;3354;0.0006637533569231981;0.025763411205102442;0.09954103471153797;0.44945068179731085
Fidelity (MAX_ERROR);Tolerancja_1.0;697;149;0.059441194292381205;0.24380564860638732;0.9871351592247848;4.2532649935143025
Fidelity (MAX_ERROR);Tolerancja_0.01;698;4775;7.600097420395596e-06;0.0027568274194072428;0.009983211030410999;0.04549554949228193
Fidelity (MAX_ERROR);Tolerancja_0.1;698;3361;0.00047647063289717726;0.021828207276301397;0.09982471895719947;0.360227948066581
Fidelity (MAX_ERROR);Tolerancja_1.0;698;186;0.03150212028054078;0.17748836660621106;0.9962069661548858;2.9290664734368392
Fidelity (MAX_ERROR);Tolerancja_0.01;699;4879;4.815165925350363e-06;0.0021943486335016054;0.00985195619989021;0.04244318042906909
Fidelity (MAX_ERROR);Tolerancja_0.1;699;3767;0.0005554333510766154;0.023567633548504937;0.0997656535733551;0.45584612568568167
Fidelity (MAX_ERROR);Tolerancja_1.0;699;613;0.01899167288707873;0.1378102785973482;0.9994436308061498;2.665532008081089
Fidelity (MAX_ERROR);Tolerancja_0.01;700;4836;9.22268321436476e-06;0.0030368870927916895;0.009997077236766572;0.05488480102763197
Fidelity (MAX_ERROR);Tolerancja_0.1;700;3585;0.0007107474451080061;0.026659847057100797;0.09968928141646494;0.48181587146560545
Fidelity (MAX_ERROR);Tolerancja_1.0;700;957;0.011721456948259885;0.1082656776095725;0.997456663987796;1.9566549536291
Fidelity (MAX_ERROR);Tolerancja_0.01;701;4766;8.022228740086095e-06;0.0028323539221089752;0.009874200585977988;0.0449273468530222
Fidelity (MAX_ERROR);Tolerancja_0.1;701;3153;0.0006400092100572293;0.02529840331043106;0.09991939995467547;0.4012881764116098
Fidelity (MAX_ERROR);Tolerancja_1.0;701;158;0.037224893743419966;0.192937538450712;0.9923826648922098;3.0604126282668482
Fidelity (MAX_ERROR);Tolerancja_0.01;702;4855;6.219190803279317e-06;0.002493830548228832;0.009986721537920573;0.04436599648181373
Fidelity (MAX_ERROR);Tolerancja_0.1;702;3508;0.0006305801151741611;0.025111354307845706;0.09979736617913648;0.44673855553927255
Fidelity (MAX_ERROR);Tolerancja_1.0;702;149;0.06576880379172675;0.256454291817717;0.9959374489690624;4.562399083855814
Fidelity (MAX_ERROR);Tolerancja_0.01;703;4782;7.486103965961602e-06;0.0027360745541672657;0.009836622820885488;0.04741415548301535
Fidelity (MAX_ERROR);Tolerancja_0.1;703;3445;0.0004282112722923784;0.020693266351457868;0.09930768760249897;0.35859905452689356
Fidelity (MAX_ERROR);Tolerancja_1.0;703;105;0.06222474577563811;0.24944888409379207;0.990443364287124;4.3227653126168
Fidelity (MAX_ERROR);Tolerancja_0.01;704;4868;7.760895119558723e-06;0.002785838315401438;0.009950080374930614;0.04441826198853829
Fidelity (MAX_ERROR);Tolerancja_0.1;704;3685;0.0007490125369140918;0.02736809341028512;0.09986060937950425;0.4363652895805833
Fidelity (MAX_ERROR);Tolerancja_1.0;704;233;0.06154570233984555;0.24808406305090527;0.9873134610239012;3.9555285196758683
Fidelity (MAX_ERROR);Tolerancja_0.01;705;4784;6.5291751960141695e-06;0.0025552250773687567;0.00989860169687029;0.049939012931502866
Fidelity (MAX_ERROR);Tolerancja_0.1;705;3663;0.0002471327051079873;0.015720454990488898;0.09941677018388617;0.3072386898564543
Fidelity (MAX_ERROR);Tolerancja_1.0;705;889;0.005304366728526546;0.07283108353255872;0.9991198443775362;1.423401975255007
Fidelity (MAX_ERROR);Tolerancja_0.01;706;4849;6.159597372611975e-06;0.002481853616273928;0.009987096494175063;0.051176550888583056
Fidelity (MAX_ERROR);Tolerancja_0.1;706;3342;0.000993749759015841;0.03152379671003861;0.09923225555950843;0.6500299517884928
Fidelity (MAX_ERROR);Tolerancja_1.0;706;166;0.07511930700884405;0.2740790159951032;0.9899372818990613;5.651589851066397
Fidelity (MAX_ERROR);Tolerancja_0.01;707;4865;6.975227167314718e-06;0.002641065536353598;0.009976627223225343;0.04362759094809905
Fidelity (MAX_ERROR);Tolerancja_0.1;707;3644;0.0007214281099983615;0.026859413805933322;0.09900962733371088;0.4436889211953639
Fidelity (MAX_ERROR);Tolerancja_1.0;707;165;0.0760869052263909;0.27583854920295475;0.9850261266468614;4.556559171552649
Fidelity (MAX_ERROR);Tolerancja_0.01;708;4810;7.3353685798169994e-06;0.002708388557762161;0.00994286328339733;0.04630697859861807
Fidelity (MAX_ERROR);Tolerancja_0.1;708;3615;0.0004553700553774682;0.021339401476551965;0.09980982357542523;0.36485282167138255
Fidelity (MAX_ERROR);Tolerancja_1.0;708;1393;0.005180571794565776;0.07197618908059648;0.998826100166609;1.2306210044393335
Fidelity (MAX_ERROR);Tolerancja_0.01;709;4817;7.84461427880807e-06;0.002800823857154903;0.009928487888688942;0.04703684444905639
Fidelity (MAX_ERROR);Tolerancja_0.1;709;3909;0.0003406479291924442;0.018456649999185774;0.09940956253270627;0.3099597187608375
Fidelity (MAX_ERROR);Tolerancja_1.0;709;1418;0.006302229736051075;0.07938658410620195;0.9981263404513463;1.3332128682088822
Fidelity (MAX_ERROR);Tolerancja_0.01;710;4838;8.528587472938162e-06;0.0029203745432629293;0.00996270220706963;0.04885697390681119
Fidelity (MAX_ERROR);Tolerancja_0.1;710;3961;0.000382251233923071;0.01955124635216566;0.09961999102064212;0.3270863783814987
Fidelity (MAX_ERROR);Tolerancja_1.0;710;1888;0.004991473328843043;0.07065035972196491;0.9996804525239766;1.1819589337969696
Fidelity (MAX_ERROR);Tolerancja_0.01;711;4819;5.346861554305972e-06;0.002312328167519907;0.009959890085094791;0.039752135559164
Fidelity (MAX_ERROR);Tolerancja_0.1;711;3020;0.0007712986197910461;0.02777226349779661;0.09956771048235602;0.4774438156558625
Fidelity (MAX_ERROR);Tolerancja_1.0;711;78;0.08428693278456542;0.290322119006743;0.976204245005845;4.991040801513063
Fidelity (MAX_ERROR);Tolerancja_0.01;712;4795;7.6168705175474835e-06;0.0027598678442178138;0.009808000779344184;0.05022206053783341
Fidelity (MAX_ERROR);Tolerancja_0.1;712;3255;0.0006842529573004773;0.026158229246271186;0.09944790548004656;0.47600836232833565
Fidelity (MAX_ERROR);Tolerancja_1.0;712;93;0.08219057907431038;0.2866889936399903;0.9862703416913345;5.216957045346771
Fidelity (MAX_ERROR);Tolerancja_0.01;713;4774;6.370149755632405e-06;0.0025239155603213837;0.009933686358137628;0.04681154371043271
Fidelity (MAX_ERROR);Tolerancja_0.1;713;3651;0.00022173161588080395;0.014890655320730648;0.09995370166441209;0.2761798268459545
Fidelity (MAX_ERROR);Tolerancja_1.0;713;864;0.0044613162708988605;0.06679308550216004;0.9997589702526817;1.238824107546964
Fidelity (MAX_ERROR);Tolerancja_0.01;714;4864;7.422273110050591e-06;0.0027243849049006625;0.009943397450619784;0.04611816198594918
Fidelity (MAX_ERROR);Tolerancja_0.1;714;3824;0.0006646550552572503;0.025780904857224275;0.09984211764895434;0.4364170217692371
Fidelity (MAX_ERROR);Tolerancja_1.0;714;316;0.054878512854773784;0.23426163333925124;0.9949131094390014;3.96556152326301
Fidelity (MAX_ERROR);Tolerancja_0.01;715;4843;6.807578845029118e-06;0.0026091337346002635;0.009714463274654861;0.04357090952812436
Fidelity (MAX_ERROR);Tolerancja_0.1;715;3670;0.0006154165808996217;0.024807591195027817;0.09980342604656034;0.4142713335216798
Fidelity (MAX_ERROR);Tolerancja_1.0;715;456;0.025342246958890206;0.15919248398994912;0.9973316392723239;2.6584154064245866
Fidelity (MAX_ERROR);Tolerancja_0.01;716;4831;7.0408822729813095e-06;0.0026534660866461644;0.009902779592508182;0.049240884006644135
Fidelity (MAX_ERROR);Tolerancja_0.1;716;3407;0.0007743745829654648;0.02782758672550433;0.09973655151861927;0.5164019156043996
Fidelity (MAX_ERROR);Tolerancja_1.0;716;163;0.05839571917130463;0.2416520622119841;0.9944603858514194;4.484384113756113
Fidelity (MAX_ERROR);Tolerancja_0.01;717;4848;5.785872363243853e-06;0.0024053840365404968;0.009908017044758743;0.05128083065864922
Fidelity (MAX_ERROR);Tolerancja_0.1;717;3493;0.0007776771697365733;0.02788686374866441;0.09987395269436128;0.5945252466017217
Fidelity (MAX_ERROR);Tolerancja_1.0;717;167;0.06565792047016616;0.2562380152712828;0.9967984002679415;5.462786012471237
Fidelity (MAX_ERROR);Tolerancja_0.01;718;4818;6.044573744667122e-06;0.0024585714845550295;0.009775242362226377;0.04662942341358938
Fidelity (MAX_ERROR);Tolerancja_0.1;718;3186;0.0006356798505748009;0.02521269225161805;0.09991315523972855;0.4781855275645975
Fidelity (MAX_ERROR);Tolerancja_1.0;718;74;0.0967699027832692;0.3110786119026334;0.9814607444107031;5.899936772407834
Fidelity (MAX_ERROR);Tolerancja_0.01;719;4853;7.973732187754553e-06;0.0028237797696977988;0.009887398083695764;0.04217083675470741
Fidelity (MAX_ERROR);Tolerancja_0.1;719;3659;0.0007234690950622179;0.02689738082160079;0.09954099363518054;0.4016903399935881
Fidelity (MAX_ERROR);Tolerancja_1.0;719;182;0.07078675655946647;0.26605780680045166;0.9955469083231856;3.9733553084765116
Fidelity (MAX_ERROR);Tolerancja_0.01;720;4827;6.724554670501256e-06;0.0025931746317017015;0.00983466043073733;0.051806749109583
Fidelity (MAX_ERROR);Tolerancja_0.1;720;3820;0.00035382516025689694;0.018810240834633056;0.09959085851001515;0.3757932133445174
Fidelity (MAX_ERROR);Tolerancja_1.0;720;343;0.024503790147286868;0.15653686513817397;0.998913624058682;3.127311982568739
Fidelity (MAX_ERROR);Tolerancja_0.01;721;4834;7.27730165112431e-06;0.0026976474289877672;0.009789885283534971;0.04510727564670771
Fidelity (MAX_ERROR);Tolerancja_0.1;721;3444;0.0006907230943367753;0.02628161133448205;0.09945637857117084;0.43945397540291226
Fidelity (MAX_ERROR);Tolerancja_1.0;721;95;0.09797980827771707;0.31301726514318196;0.9975263176399451;5.233951593996878
Fidelity (MAX_ERROR);Tolerancja_0.01;722;4846;6.090544690959493e-06;0.0024679028933407192;0.009984125115082065;0.04586918832010778
Fidelity (MAX_ERROR);Tolerancja_0.1;722;3432;0.0006486473455083648;0.025468556015376387;0.09956769426188927;0.4733662719318464
Fidelity (MAX_ERROR);Tolerancja_1.0;722;118;0.07886706893902601;0.28083281314516295;0.9824676750990591;5.219643458168548
Fidelity (MAX_ERROR);Tolerancja_0.01;723;4794;7.502327336170948e-06;0.0027390376660737887;0.009949787357693918;0.048615152611054875
Fidelity (MAX_ERROR);Tolerancja_0.1;723;3665;0.00032836153798071585;0.01812074882505455;0.09988764016173857;0.32162499277324214
Fidelity (MAX_ERROR);Tolerancja_1.0;723;587;0.011475031190158684;0.10712157201123723;0.9996746513684016;1.9012997286478748
Fidelity (MAX_ERROR);Tolerancja_0.01;724;4821;6.832783760866646e-06;0.002613959403063989;0.00991233085401344;0.040719428462550535
Fidelity (MAX_ERROR);Tolerancja_0.1;724;3604;0.0005807553397489016;0.024098865943211967;0.09912510936906838;0.37540447133684623
Fidelity (MAX_ERROR);Tolerancja_1.0;724;693;0.013258178418069599;0.11514416363007549;0.9982687687227711;1.7936791705025175
Fidelity (MAX_ERROR);Tolerancja_0.01;725;4854;6.67047268697799e-06;0.002582725824972134;0.009952928422555019;0.053900041061064635
Fidelity (MAX_ERROR);Tolerancja_0.1;725;3549;0.0007850457010705646;0.028018667010951192;0.09983368766142497;0.5847338837767888
Fidelity (MAX_ERROR);Tolerancja_1.0;725;287;0.043756242565524905;0.20917992868706334;0.9904011708943106;4.365467923992643
Fidelity (MAX_ERROR);Tolerancja_0.01;726;4820;7.207453654249613e-06;0.002684670120191606;0.009916515808826798;0.04732653010691142
Fidelity (MAX_ERROR);Tolerancja_0.1;726;3440;0.0005987640085221486;0.024469654850899483;0.09967056098432447;0.43136169628325655
Fidelity (MAX_ERROR);Tolerancja_1.0;726;198;0.041830632169291296;0.20452538270173531;0.9970692213304146;3.6054622164791073
Fidelity (MAX_ERROR);Tolerancja_0.01;727;4861;6.507493995558908e-06;0.002550979026875546;0.009893679903687946;0.04145613195493543
Fidelity (MAX_ERROR);Tolerancja_0.1;727;3777;0.0005860429464836233;0.024208323909011613;0.09966731544917273;0.3934111020932221
Fidelity (MAX_ERROR);Tolerancja_1.0;727;248;0.05207122356029276;0.22819119956802184;0.9955058770314178;3.708350551134671
Fidelity (MAX_ERROR);Tolerancja_0.01;728;4848;6.201945223379169e-06;0.002490370499218775;0.009752291301992955;0.042183727997130466
Fidelity (MAX_ERROR);Tolerancja_0.1;728;3523;0.0006498922736982207;0.02549298479382555;0.0999535509624101;0.4318189348593183
Fidelity (MAX_ERROR);Tolerancja_1.0;728;855;0.011987630627142552;0.10948803874004938;0.9992640504514849;1.854588964412475
Fidelity (MAX_ERROR);Tolerancja_0.01;729;4863;8.490218445485364e-06;0.002913797941773822;0.009666726259269787;0.04652503043963799
Fidelity (MAX_ERROR);Tolerancja_0.1;729;3855;0.0007294661455298864;0.02700863094512357;0.09962512581176153;0.43125069135365657
Fidelity (MAX_ERROR);Tolerancja_1.0;729;317;0.06498276697889743;0.254917176704312;0.9898591965862438;4.070299191211146
Fidelity (MAX_ERROR);Tolerancja_0.01;730;4848;4.410718070602868e-06;0.002100170962232091;0.009811688198531954;0.03780976603182002
Fidelity (MAX_ERROR);Tolerancja_0.1;730;3301;0.0007409636565499232;0.02722064761444744;0.09964069986967417;0.4900583505082952
Fidelity (MAX_ERROR);Tolerancja_1.0;730;120;0.06717628830249733;0.25918388897170547;0.9936802344617988;4.666135461097015
Fidelity (MAX_ERROR);Tolerancja_0.01;731;4839;6.28536581368544e-06;0.002507063185020561;0.009740317802404697;0.048090902370156625
Fidelity (MAX_ERROR);Tolerancja_0.1;731;3875;0.000338151520908046;0.018388896674570936;0.0996985111099864;0.35273886990783443
Fidelity (MAX_ERROR);Tolerancja_1.0;731;1347;0.006514567320742893;0.08071286961038428;0.997828663377188;1.5482476690815186
Fidelity (MAX_ERROR);Tolerancja_0.01;732;4806;7.329392762219404e-06;0.0027072851276175925;0.00987578955412971;0.04670164723539237
Fidelity (MAX_ERROR);Tolerancja_0.1;732;3341;0.0005878294822559334;0.02424519503439668;0.0998578111570998;0.4182383798806204
Fidelity (MAX_ERROR);Tolerancja_1.0;732;143;0.048908631082826795;0.22115295856675035;0.9980036700148593;3.814968490273698
Fidelity (MAX_ERROR);Tolerancja_0.01;733;4826;7.146543618184728e-06;0.002673302006542607;0.00972770885900509;0.04145541715706247
Fidelity (MAX_ERROR);Tolerancja_0.1;733;3595;0.0006301023774328277;0.025101840120453873;0.09976515608703673;0.3892591450784584
Fidelity (MAX_ERROR);Tolerancja_1.0;733;154;0.0667515457869465;0.25836320517238226;0.9998590267429597;4.006488762677747
Fidelity (MAX_ERROR);Tolerancja_0.01;734;4856;8.003216760214706e-06;0.0028289957158353397;0.009919772673929295;0.04969750655991185
Fidelity (MAX_ERROR);Tolerancja_0.1;734;3816;0.0006181191905354099;0.02486200294697533;0.09938177807303106;0.4367555410684016
Fidelity (MAX_ERROR);Tolerancja_1.0;734;194;0.0843274466123072;0.29039188454966713;0.9870186729934991;5.101369544877825
Fidelity (MAX_ERROR);Tolerancja_0.01;735;4788;7.013376439258013e-06;0.0026482780139664365;0.009878478289517822;0.05092019046450489
Fidelity (MAX_ERROR);Tolerancja_0.1;735;3096;0.0006942798046942092;0.026349189829939917;0.0999185700680183;0.5066332755285035
Fidelity (MAX_ERROR);Tolerancja_1.0;735;74;0.0900557642085607;0.3000929259555458;0.9646531905395364;5.77008488765886
Fidelity (MAX_ERROR);Tolerancja_0.01;736;4868;7.0147136757366735e-06;0.002648530474760801;0.00982554554665871;0.04757503100238983
Fidelity (MAX_ERROR);Tolerancja_0.1;736;3728;0.0006989925994868589;0.026438468175876962;0.09954312394652698;0.4749089939154433
Fidelity (MAX_ERROR);Tolerancja_1.0;736;214;0.07138833552254194;0.26718595682135304;0.9946326449508192;4.799408691088244
Fidelity (MAX_ERROR);Tolerancja_0.01;737;4840;6.898077466562585e-06;0.0026264191338327145;0.009855996264610312;0.04474828783457451
Fidelity (MAX_ERROR);Tolerancja_0.1;737;3504;0.0007559713875741658;0.02749493385287853;0.09908621384798089;0.46845196876317025
Fidelity (MAX_ERROR);Tolerancja_1.0;737;147;0.07377945154015368;0.2716237315481725;0.9908445632058074;4.627858808004326
Fidelity (MAX_ERROR);Tolerancja_0.01;738;4779;8.348713090725371e-06;0.00288941397012013;0.009854786816839933;0.05802482997352952
Fidelity (MAX_ERROR);Tolerancja_0.1;738;3581;0.00039425741415519047;0.019855916351435167;0.09987334006332826;0.3987438913824969
Fidelity (MAX_ERROR);Tolerancja_1.0;738;88;0.07341806085802023;0.2709576735544137;0.9957661724614217;5.441336236553291
Fidelity (MAX_ERROR);Tolerancja_0.01;739;4760;8.03349882119874e-06;0.0028343427494215904;0.009929667501207717;0.05461206561562029
Fidelity (MAX_ERROR);Tolerancja_0.1;739;3688;0.0003028843315671406;0.01740357237946108;0.0995917265103703;0.3353317226462059
Fidelity (MAX_ERROR);Tolerancja_1.0;739;1350;0.0041699352469634346;0.06457503578755056;0.9999376108478522;1.2442306394596823
Fidelity (MAX_ERROR);Tolerancja_0.01;740;4858;8.448269081593913e-06;0.0029065906284844985;0.00996431703556011;0.05038992379941924
Fidelity (MAX_ERROR);Tolerancja_0.1;740;3632;0.0007421858602220694;0.027243088301844;0.09999061342254967;0.4722980698202201
Fidelity (MAX_ERROR);Tolerancja_1.0;740;179;0.0650345583574054;0.255018741188575;0.9890329487258045;4.4211162074159445
Fidelity (MAX_ERROR);Tolerancja_0.01;741;4883;7.098379855625081e-06;0.0026642784868750264;0.009708177675553209;0.044842949333375334
Fidelity (MAX_ERROR);Tolerancja_0.1;741;3851;0.0006479973258143245;0.02545579159669415;0.09941740252921072;0.42845099655870256
Fidelity (MAX_ERROR);Tolerancja_1.0;741;958;0.015414507685356882;0.12415517582991407;0.9978367602147262;2.0896780447855248
Fidelity (MAX_ERROR);Tolerancja_0.01;742;4810;7.915618113021163e-06;0.0028134708303128295;0.009858863061343648;0.04632435845233986
Fidelity (MAX_ERROR);Tolerancja_0.1;742;3732;0.00035170969943023505;0.01875392490734233;0.09945550644313883;0.3087871146328512
Fidelity (MAX_ERROR);Tolerancja_1.0;742;1154;0.00581603096110823;0.07626290684932112;0.9999467044544623;1.2556839742008417
Fidelity (MAX_ERROR);Tolerancja_0.01;743;4814;7.027389606232559e-06;0.0026509224066789583;0.009853900521187064;0.047329676274983974
Fidelity (MAX_ERROR);Tolerancja_0.1;743;3202;0.000761544064632538;0.02759608785013807;0.0992806737373293;0.4927016728638754
Fidelity (MAX_ERROR);Tolerancja_1.0;743;109;0.07374361845463534;0.2715577626484563;0.9974077256849201;4.848403319436318
Fidelity (MAX_ERROR);Tolerancja_0.01;744;4805;7.175222007039646e-06;0.002678660487452571;0.009886467805904964;0.04353564505191976
Fidelity (MAX_ERROR);Tolerancja_0.1;744;3360;0.000635232840457728;0.02520382590912991;0.09977442517445745;0.40963191261829773
Fidelity (MAX_ERROR);Tolerancja_1.0;744;194;0.039367353287624564;0.1984120794901978;0.9970231980946442;3.224745318475709
Fidelity (MAX_ERROR);Tolerancja_0.01;745;4830;7.429524705538523e-06;0.002725715448380209;0.009927239787039355;0.054783227421179546
Fidelity (MAX_ERROR);Tolerancja_0.1;745;3577;0.0005844672938416724;0.02417575839227536;0.09914982193109978;0.48590034255797615
Fidelity (MAX_ERROR);Tolerancja_1.0;745;1059;0.008448604493878352;0.09191629068820364;0.9994668027067144;1.8473942536721875
Fidelity (MAX_ERROR);Tolerancja_0.01;746;4874;8.197006381640758e-06;0.002863041456500544;0.009984593361558325;0.0499853259067101
Fidelity (MAX_ERROR);Tolerancja_0.1;746;3607;0.0008552682119266484;0.029244969001977903;0.09971603175246013;0.5105826544622448
Fidelity (MAX_ERROR);Tolerancja_1.0;746;220;0.0690281863898367;0.26273215712934095;0.9938438572465582;4.586993482216305
Fidelity (MAX_ERROR);Tolerancja_0.01;747;4838;7.2552782366597125e-06;0.0026935623691794687;0.009856637160862824;0.04782256526482297
Fidelity (MAX_ERROR);Tolerancja_0.1;747;3497;0.0007387587876332715;0.02718011750587682;0.09949392893123399;0.4825664919451307
Fidelity (MAX_ERROR);Tolerancja_1.0;747;204;0.054504923081622476;0.23346289444282678;0.9898199237428607;4.144992012866461
Fidelity (MAX_ERROR);Tolerancja_0.01;748;4774;7.275619292023548e-06;0.0026973355912869924;0.009976547719980022;0.049139568200558766
Fidelity (MAX_ERROR);Tolerancja_0.1;748;3566;0.0003259034625758996;0.018052796530618174;0.09995711400338836;0.32888255699167684
Fidelity (MAX_ERROR);Tolerancja_1.0;748;588;0.008826278891899797;0.09394827774844942;0.9975162695113502;1.7115326015263228
Fidelity (MAX_ERROR);Tolerancja_0.01;749;4797;9.13589242606079e-06;0.003022563882875065;0.009851143836984377;0.058765949664144564
Fidelity (MAX_ERROR);Tolerancja_0.1;749;3504;0.0006475250820411407;0.02544651414322089;0.09907483146658436;0.49474175806204856
Fidelity (MAX_ERROR);Tolerancja_1.0;749;161;0.06224394463921284;0.24948736368644572;0.9814413142289644;4.850637546258212
Fidelity (MAX_ERROR);Tolerancja_0.01;750;4790;6.740957074278977e-06;0.002596335316225348;0.009972020134969561;0.0447677832228783
Fidelity (MAX_ERROR);Tolerancja_0.1;750;3272;0.0005379853422484798;0.023194511037063915;0.09958906875328921;0.39993556902255334
Fidelity (MAX_ERROR);Tolerancja_1.0;750;109;0.06276920423901523;0.2505378299559075;0.9972458251259932;4.319944034387168
Fidelity (MAX_ERROR);Tolerancja_0.01;751;4817;6.918616774072911e-06;0.002630326362654055;0.009910889956661784;0.04061540996093302
Fidelity (MAX_ERROR);Tolerancja_0.1;751;3377;0.0006186929513921262;0.024873539181068025;0.09959291844265827;0.384077430604104
Fidelity (MAX_ERROR);Tolerancja_1.0;751;119;0.06887450996073782;0.26243953581870594;0.9963533893344501;4.052382810199438
Fidelity (MAX_ERROR);Tolerancja_0.01;752;4781;8.712988867469662e-06;0.002951777238795242;0.009979468103943123;0.05167540608477626
Fidelity (MAX_ERROR);Tolerancja_0.1;752;3507;0.0006243369397278326;0.024986735275498332;0.09988460552085066;0.43743127873063314
Fidelity (MAX_ERROR);Tolerancja_1.0;752;114;0.07519651108907378;0.27421982256772354;0.9844684127984058;4.80064027238926
Fidelity (MAX_ERROR);Tolerancja_0.01;753;4815;5.742505971049115e-06;0.0023963526391266197;0.009978341276537961;0.039096441365299224
Fidelity (MAX_ERROR);Tolerancja_0.1;753;3264;0.000674350891822283;0.025968267016154217;0.09973378444763625;0.4236717134943602
Fidelity (MAX_ERROR);Tolerancja_1.0;753;159;0.05563237700865036;0.23586516700998977;0.9858840888992435;3.8481350872814195
Fidelity (MAX_ERROR);Tolerancja_0.01;754;4849;6.742743676402646e-06;0.0025966793557161898;0.009985924111684419;0.04404264440658177
Fidelity (MAX_ERROR);Tolerancja_0.1;754;3652;0.0006254225399525531;0.025008449371213583;0.09938159790571843;0.42417183330383723
Fidelity (MAX_ERROR);Tolerancja_1.0;754;175;0.0659777500005846;0.2568613439203817;0.9895152313632272;4.356661444232062
Fidelity (MAX_ERROR);Tolerancja_0.01;755;4822;6.107568954667801e-06;0.00247134962210283;0.009918142903717175;0.049003314271036366
Fidelity (MAX_ERROR);Tolerancja_0.1;755;3817;0.0002885854714514341;0.016987803608808118;0.09990087127807179;0.33684375192076005
Fidelity (MAX_ERROR);Tolerancja_1.0;755;1025;0.00640413793460355;0.0800258579123245;0.9995042223856432;1.586797849245698
Fidelity (MAX_ERROR);Tolerancja_0.01;756;4860;5.956199889838239e-06;0.0024405327061603247;0.009985721477920428;0.044403828333339355
Fidelity (MAX_ERROR);Tolerancja_0.1;756;3544;0.0007947649747239201;0.028191576307895948;0.09896734867951285;0.5129265064394567
Fidelity (MAX_ERROR);Tolerancja_1.0;756;171;0.06803818587417988;0.2608413040033727;0.9880981548137218;4.74582965267144
Fidelity (MAX_ERROR);Tolerancja_0.01;757;4726;7.230690149948851e-06;0.0026889942636511613;0.00976797310270694;0.04515172804840964
Fidelity (MAX_ERROR);Tolerancja_0.1;757;3399;0.0002896567341465313;0.017019304749211445;0.0998222588517752;0.28577636999715506
Fidelity (MAX_ERROR);Tolerancja_1.0;757;51;0.07107608513550538;0.2666009848734723;0.9754558282405812;4.4765789682646915
Fidelity (MAX_ERROR);Tolerancja_0.01;758;4852;7.505349543033715e-06;0.002739589301890653;0.009909757902341276;0.04454495610938231
Fidelity (MAX_ERROR);Tolerancja_0.1;758;3893;0.0006025494928870929;0.024546883567717774;0.09976654233021964;0.39912546394873805
Fidelity (MAX_ERROR);Tolerancja_1.0;758;259;0.061550619805907585;0.24809397373960454;0.9879266142913572;4.033938650441566
Fidelity (MAX_ERROR);Tolerancja_0.01;759;4810;7.693947507649284e-06;0.0027737965872877707;0.009775710762778722;0.04594456504995983
Fidelity (MAX_ERROR);Tolerancja_0.1;759;4035;0.0001974390569529959;0.014051300898955794;0.09965081985039959;0.23274270043712358
Fidelity (MAX_ERROR);Tolerancja_1.0;759;1777;0.003259514011822904;0.05709215368001897;0.9995317531647823;0.9456620505683103
Fidelity (MAX_ERROR);Tolerancja_0.01;760;4825;7.689010936355256e-06;0.0027729065863016837;0.009872452761623407;0.04454199912467417
Fidelity (MAX_ERROR);Tolerancja_0.1;760;3402;0.0008039147152007939;0.02835338983615176;0.09929751311509172;0.455448687489978
Fidelity (MAX_ERROR);Tolerancja_1.0;760;141;0.07506608903308078;0.273981913697019;0.9876863511298666;4.401050587263256
Fidelity (MAX_ERROR);Tolerancja_0.01;761;4872;5.77142029840729e-06;0.002402378050683799;0.009735992053194309;0.03952456115340111
Fidelity (MAX_ERROR);Tolerancja_0.1;761;3712;0.0005675785504258155;0.02382390711923247;0.09963519125971665;0.39195724152534267
Fidelity (MAX_ERROR);Tolerancja_1.0;761;314;0.03689326806674956;0.19207620380138077;0.9982972719769734;3.160088671764189
Fidelity (MAX_ERROR);Tolerancja_0.01;762;4815;8.914020924607919e-06;0.0029856357655628253;0.00992454940384846;0.05109158484488346
Fidelity (MAX_ERROR);Tolerancja_0.1;762;3632;0.0005450408508625977;0.023346109972811266;0.09916008212432281;0.39950946871411575
Fidelity (MAX_ERROR);Tolerancja_1.0;762;1107;0.008815745804876584;0.09389220311014426;0.9986218856797375;1.6067269547096474
Fidelity (MAX_ERROR);Tolerancja_0.01;763;4859;6.42896673891728e-06;0.002535540719238656;0.00986194236757365;0.04197336866506562
Fidelity (MAX_ERROR);Tolerancja_0.1;763;3849;0.0005179478292304491;0.022758467198615313;0.09998729327327549;0.37674391372666083
Fidelity (MAX_ERROR);Tolerancja_1.0;763;1096;0.010903650474008587;0.10442054622538893;0.9974913855136123;1.7285788588091848
Fidelity (MAX_ERROR);Tolerancja_0.01;764;4810;6.6010863300055315e-06;0.0025692579337243527;0.00982567477366425;0.0440249093591068
Fidelity (MAX_ERROR);Tolerancja_0.1;764;3564;0.0003707121625701248;0.019253886947058894;0.09990913451350636;0.3299204087407516
Fidelity (MAX_ERROR);Tolerancja_1.0;764;197;0.03021806420281235;0.17383343810329574;0.9954776825708551;2.9786816090457044
Fidelity (MAX_ERROR);Tolerancja_0.01;765;4842;7.860785046126534e-06;0.002803709158619441;0.009963687187092063;0.04768462537454459
Fidelity (MAX_ERROR);Tolerancja_0.1;765;3781;0.0004845497683066029;0.022012491188109603;0.09938603573007487;0.37438169812960426
Fidelity (MAX_ERROR);Tolerancja_1.0;765;144;0.07367991647841644;0.2714404473884031;0.9972465821982301;4.616575868942211
Fidelity (MAX_ERROR);Tolerancja_0.01;766;4843;6.66167204013184e-06;0.002581021510978132;0.009919724008118802;0.04489648266148344
Fidelity (MAX_ERROR);Tolerancja_0.1;766;3505;0.0005771680076508122;0.024024321169406896;0.09960400803563907;0.4178994689693328
Fidelity (MAX_ERROR);Tolerancja_1.0;766;159;0.054655320947041876;0.23378477484011204;0.9831546043077615;4.066651147804723
Fidelity (MAX_ERROR);Tolerancja_0.01;767;4815;6.96250262072714e-06;0.0026386554569945543;0.009822158263437686;0.04042721363590597
Fidelity (MAX_ERROR);Tolerancja_0.1;767;3397;0.0006081635335398824;0.024660971869329935;0.09943936231859851;0.3778342396267336
Fidelity (MAX_ERROR);Tolerancja_1.0;767;110;0.06928142968196496;0.2632136578560561;0.9982887719800377;4.032733697697387
Fidelity (MAX_ERROR);Tolerancja_0.01;768;4807;7.164271783310093e-06;0.0026766157332179926;0.009883935153832901;0.04529621763564771
Fidelity (MAX_ERROR);Tolerancja_0.1;768;3266;0.0005688487049105911;0.02385054936286775;0.09991853719485455;0.4036215065400386
Fidelity (MAX_ERROR);Tolerancja_1.0;768;130;0.051552373040607155;0.22705147663163777;0.9971261421719575;3.8423793794401315
Fidelity (MAX_ERROR);Tolerancja_0.01;769;4756;6.612148040261379e-06;0.002571409737918362;0.009941823023679852;0.048696987516288814
Fidelity (MAX_ERROR);Tolerancja_0.1;769;3613;0.00024127801178586185;0.015533126272127638;0.09978633312578555;0.2941641096743612
Fidelity (MAX_ERROR);Tolerancja_1.0;769;939;0.004227793078380258;0.06502148166860132;0.9987342596238236;1.2313674613637196
Fidelity (MAX_ERROR);Tolerancja_0.01;770;4760;7.747350354738995e-06;0.002783406250395187;0.009879801474446559;0.04926205814120942
Fidelity (MAX_ERROR);Tolerancja_0.1;770;3065;0.0006589706347465049;0.025670423345681405;0.0994412404147571;0.4543274583740238
Fidelity (MAX_ERROR);Tolerancja_1.0;770;81;0.07161180916390626;0.26760382875419825;0.9893459498251316;4.736180846410001
Fidelity (MAX_ERROR);Tolerancja_0.01;771;4861;6.1886227112723146e-06;0.002487694255987322;0.009862980879195682;0.04284447403489336
Fidelity (MAX_ERROR);Tolerancja_0.1;771;3734;0.0007355908124572082;0.027121777457556284;0.09964188627628445;0.46710655349374586
Fidelity (MAX_ERROR);Tolerancja_1.0;771;325;0.04790529949852144;0.21887279296093756;0.9917619776907101;3.7695507285069167
Fidelity (MAX_ERROR);Tolerancja_0.01;772;4831;5.917561049423808e-06;0.002432603759230798;0.00999303402673224;0.043863741287044886
Fidelity (MAX_ERROR);Tolerancja_0.1;772;3504;0.0005522379310050309;0.02349974321147001;0.09922953546566937;0.423738001977704
Fidelity (MAX_ERROR);Tolerancja_1.0;772;112;0.07498037620584198;0.2738254484262593;0.9927113869473465;4.937511332045476
Fidelity (MAX_ERROR);Tolerancja_0.01;773;4846;7.2082555326127565e-06;0.002684819459966118;0.009763315115060678;0.046260615102925826
Fidelity (MAX_ERROR);Tolerancja_0.1;773;3659;0.0007301483379171836;0.027021257149088818;0.0998563034498634;0.4655880945480616
Fidelity (MAX_ERROR);Tolerancja_1.0;773;256;0.05542934195742331;0.2354343686835533;0.9935275940870376;4.0566372801125485
Fidelity (MAX_ERROR);Tolerancja_0.01;774;4812;7.498881208734626e-06;0.002738408517503301;0.009894839102747355;0.047274919818116094
Fidelity (MAX_ERROR);Tolerancja_0.1;774;3503;0.0005977082379840586;0.024448072275417926;0.09987745710453222;0.42206290593255
Fidelity (MAX_ERROR);Tolerancja_1.0;774;112;0.07234591387573391;0.2689719574151438;0.9904330833598731;4.643437105474651
Fidelity (MAX_ERROR);Tolerancja_0.01;775;4845;6.782114142487727e-06;0.0026042492473816185;0.00979956968500506;0.04356300270396382
Fidelity (MAX_ERROR);Tolerancja_0.1;775;3701;0.000548804160957104;0.023426569551624584;0.09974642841515191;0.3918717510422967
Fidelity (MAX_ERROR);Tolerancja_1.0;775;559;0.01967525629069601;0.14026851496574708;0.9974253400129385;2.3463643899974267
Fidelity (MAX_ERROR);Tolerancja_0.01;776;4853;5.696952425785766e-06;0.002386828947743379;0.009846409442597626;0.039302683227088304
Fidelity (MAX_ERROR);Tolerancja_0.1;776;3417;0.000790613867382605;0.028117856735224416;0.09966533203223094;0.46300226806533296
Fidelity (MAX_ERROR);Tolerancja_1.0;776;108;0.09030866591532338;0.30051400286063773;0.9821314539755317;4.948409340729103
Fidelity (MAX_ERROR);Tolerancja_0.01;777;4803;8.147290241702081e-06;0.00285434585180249;0.009878351761357429;0.04820593637091252
Fidelity (MAX_ERROR);Tolerancja_0.1;777;3236;0.0008388426293508355;0.02896278006944146;0.09928838537679052;0.48914112221914396
Fidelity (MAX_ERROR);Tolerancja_1.0;777;169;0.05729917230153478;0.2393724551855012;0.9880022025987065;4.042668247905036
Fidelity (MAX_ERROR);Tolerancja_0.01;778;4790;7.703642242330826e-06;0.0027755435940245697;0.00989848183426112;0.04356706534422681
Fidelity (MAX_ERROR);Tolerancja_0.1;778;3449;0.000558001601121705;0.023622057512454435;0.09958049939831604;0.3707899690085271
Fidelity (MAX_ERROR);Tolerancja_1.0;778;95;0.07380735801493087;0.27167509642021087;0.9783841792336885;4.264421104255107
Fidelity (MAX_ERROR);Tolerancja_0.01;779;4834;7.247542825043993e-06;0.002692126078965098;0.009736649512463558;0.04579465184083625
Fidelity (MAX_ERROR);Tolerancja_0.1;779;3511;0.0006835599123476765;0.026144978721499783;0.09955430119229369;0.4447415027447075
Fidelity (MAX_ERROR);Tolerancja_1.0;779;118;0.0780438403719895;0.2793632767061367;0.9900874239880393;4.752134045219279
Fidelity (MAX_ERROR);Tolerancja_0.01;780;4844;6.933750680484938e-06;0.002633201602704384;0.009909662676242714;0.052751833805790536
Fidelity (MAX_ERROR);Tolerancja_0.1;780;3712;0.0005175623370612639;0.022749996418928595;0.09967562671600838;0.45575850665634754
Fidelity (MAX_ERROR);Tolerancja_1.0;780;1216;0.007808786681553691;0.0883673394504649;0.9979323759605432;1.7702933188872623
Fidelity (MAX_ERROR);Tolerancja_0.01;781;4813;6.163271345484519e-06;0.002482593673053349;0.009988780308908929;0.0477705404962805
Fidelity (MAX_ERROR);Tolerancja_0.1;781;3783;0.000286567345894506;0.01692830014781478;0.09983698907994576;0.32573757700340333
Fidelity (MAX_ERROR);Tolerancja_1.0;781;1705;0.003061406366954408;0.05532997710965013;0.9996522849163814;1.0646699622512155
Fidelity (MAX_ERROR);Tolerancja_0.01;782;4890;4.215410886790963e-06;0.0020531465819056765;0.009963254562209478;0.03207862680920482
Fidelity (MAX_ERROR);Tolerancja_0.1;782;3612;0.0008369481215755361;0.028930055678749327;0.09944447961943315;0.4520069184864226
Fidelity (MAX_ERROR);Tolerancja_1.0;782;216;0.07172978883624273;0.2678241752274106;0.997848418360169;4.184519431451817
Fidelity (MAX_ERROR);Tolerancja_0.01;783;4840;6.483387313566472e-06;0.0025462496565667853;0.009807597223660203;0.04769192717022546
Fidelity (MAX_ERROR);Tolerancja_0.1;783;3530;0.0006555088731511448;0.02560290751362323;0.09956514541642303;0.47954920576489457
Fidelity (MAX_ERROR);Tolerancja_1.0;783;214;0.048549979383456766;0.22034059858196076;0.9966151061192434;4.127037485547966
Fidelity (MAX_ERROR);Tolerancja_0.01;784;4794;7.672199691610387e-06;0.0027698735876589002;0.00990222015523301;0.050213189452168246
Fidelity (MAX_ERROR);Tolerancja_0.1;784;3242;0.0007879056989951057;0.02806965797787899;0.099914434451291;0.5088560937151239
Fidelity (MAX_ERROR);Tolerancja_1.0;784;185;0.045127551944440736;0.21243246443150052;0.9936324629098809;3.851046354539815
Fidelity (MAX_ERROR);Tolerancja_0.01;785;4813;6.842848221748893e-06;0.002615883831852801;0.009977834475104252;0.04243960886633796
Fidelity (MAX_ERROR);Tolerancja_0.1;785;3351;0.0006636480478604825;0.025761367352306486;0.09975873975204586;0.4179475942246113
Fidelity (MAX_ERROR);Tolerancja_1.0;785;176;0.04192074526883187;0.20474556226895826;0.9998393987053165;3.321753616886911
Fidelity (MAX_ERROR);Tolerancja_0.01;786;4855;7.316856055673411e-06;0.0027049687716632536;0.009765383485164314;0.0488607940424051
Fidelity (MAX_ERROR);Tolerancja_0.1;786;3612;0.0006757424287023488;0.025995046233895196;0.0996353534053176;0.469557583607946
Fidelity (MAX_ERROR);Tolerancja_1.0;786;879;0.014222617830236374;0.11925861742547737;0.9980022741940582;2.1542099875057836
Fidelity (MAX_ERROR);Tolerancja_0.01;787;4768;7.936973232644107e-06;0.002817263429756633;0.009815855559652142;0.051454576451949986
Fidelity (MAX_ERROR);Tolerancja_0.1;787;3189;0.0005641512858525193;0.02375186910229423;0.09957973913632667;0.43380478789883026
Fidelity (MAX_ERROR);Tolerancja_1.0;787;67;0.08531739505580854;0.2920914155804798;0.9760162147180913;5.334765615170889
Fidelity (MAX_ERROR);Tolerancja_0.01;788;4667;9.25104558474353e-06;0.003041553153364828;0.009966179078153559;0.052753422237296975
Fidelity (MAX_ERROR);Tolerancja_0.1;788;3349;0.00028171190603843127;0.016784275558940017;0.09977348228083427;0.2911104724664666
Fidelity (MAX_ERROR);Tolerancja_1.0;788;34;0.08624144995066214;0.2936689461803242;0.9587438821423335;5.09346413975835
Fidelity (MAX_ERROR);Tolerancja_0.01;789;4804;5.902389566594481e-06;0.002429483395002831;0.009871130860030775;0.039354092193380465
Fidelity (MAX_ERROR);Tolerancja_0.1;789;3374;0.0005651551643890253;0.02377299233140467;0.09984645436342543;0.38508784783093203
Fidelity (MAX_ERROR);Tolerancja_1.0;789;136;0.053068121078656647;0.2303651906835246;0.9958943352387433;3.7315805372255006
Fidelity (MAX_ERROR);Tolerancja_0.01;790;4775;6.644301330215932e-06;0.002577654230151114;0.00982201935629412;0.04801153827217921
Fidelity (MAX_ERROR);Tolerancja_0.1;790;3513;0.0003082172443837795;0.017556117007578285;0.09995202188533847;0.3270012609762585
Fidelity (MAX_ERROR);Tolerancja_1.0;790;673;0.006700436981238303;0.08185619696295635;0.9976784649686903;1.5246583065066956
Fidelity (MAX_ERROR);Tolerancja_0.01;791;4809;5.938404458805763e-06;0.0024368841701660265;0.009994193646924998;0.03903975777374098
Fidelity (MAX_ERROR);Tolerancja_0.1;791;3104;0.0006305718109055118;0.02511118895842074;0.09972084696558348;0.40229024684443426
Fidelity (MAX_ERROR);Tolerancja_1.0;791;64;0.0772076321301565;0.27786261376830906;0.9847036754211844;4.451458657205801
Fidelity (MAX_ERROR);Tolerancja_0.01;792;4793;6.642511710005855e-06;0.002577307065525149;0.009769580698579361;0.04642899298417651
Fidelity (MAX_ERROR);Tolerancja_0.1;792;3244;0.0007195107485558267;0.026823697518347966;0.09918722211550479;0.48321648613309093
Fidelity (MAX_ERROR);Tolerancja_1.0;792;129;0.06056008549083747;0.24608958834302086;0.9849201018726177;4.433189946006265
Fidelity (MAX_ERROR);Tolerancja_0.01;793;4792;7.822460919799903e-06;0.002796866267771826;0.009927458551497459;0.051957819827984995
Fidelity (MAX_ERROR);Tolerancja_0.1;793;3051;0.0007368793270827065;0.02714552130799308;0.09973522351745956;0.5042865729797907
Fidelity (MAX_ERROR);Tolerancja_1.0;793;85;0.07092626425040718;0.2663198532787355;0.995231965498728;4.947465351747313
Fidelity (MAX_ERROR);Tolerancja_0.01;794;4807;7.078231780358253e-06;0.0026604946495639215;0.00979603003442353;0.044142596932351646
Fidelity (MAX_ERROR);Tolerancja_0.1;794;3510;0.0004167519511791781;0.020414503451692823;0.09969004549123373;0.33871490686511396
Fidelity (MAX_ERROR);Tolerancja_1.0;794;512;0.011899192763800082;0.10908342112255226;0.9960522293863079;1.8098985808537735
Fidelity (MAX_ERROR);Tolerancja_0.01;795;4874;5.828930201314054e-06;0.002414317750693569;0.009740805011899667;0.04366130587653627
Fidelity (MAX_ERROR);Tolerancja_0.1;795;3554;0.0008561527031217867;0.029260087202908108;0.0997022999407946;0.5291489146253819
Fidelity (MAX_ERROR);Tolerancja_1.0;795;242;0.05912908176729573;0.24316472146940996;0.9907434448252395;4.3974697528561455
Fidelity (MAX_ERROR);Tolerancja_0.01;796;4864;5.756931597556776e-06;0.002399360664334726;0.009944537279563015;0.03925293780131557
Fidelity (MAX_ERROR);Tolerancja_0.1;796;3577;0.0006580326200501224;0.025652146499856934;0.09975656114506748;0.41966267347652375
Fidelity (MAX_ERROR);Tolerancja_1.0;796;801;0.012969027539149454;0.11388163828795866;0.9966165222040546;1.8630749978009726
Fidelity (MAX_ERROR);Tolerancja_0.01;797;4849;6.707072863064266e-06;0.0025898017034252383;0.00995429684309812;0.04285528499972079
Fidelity (MAX_ERROR);Tolerancja_0.1;797;3698;0.0007650718977041005;0.02765993307483047;0.09956165215713719;0.4577085239488809
Fidelity (MAX_ERROR);Tolerancja_1.0;797;264;0.06163303631666263;0.248260017555511;0.99494709788745;4.108134531036014
Fidelity (MAX_ERROR);Tolerancja_0.01;798;4856;7.006970887614812e-06;0.002647068357185891;0.009705120506618314;0.04997157947222245
Fidelity (MAX_ERROR);Tolerancja_0.1;798;3614;0.0006790452938213162;0.02605849753576204;0.09905240933423975;0.49193451200459476
Fidelity (MAX_ERROR);Tolerancja_1.0;798;1118;0.00984698907441843;0.09923199622308537;0.9969760792726552;1.8733099853608948
Fidelity (MAX_ERROR);Tolerancja_0.01;799;4789;6.537604193824315e-06;0.002556873910427402;0.009933886086162858;0.046587382712907514
Fidelity (MAX_ERROR);Tolerancja_0.1;799;3682;0.0002851996711126352;0.01688785572867779;0.09999332099828973;0.3077042613731259
Fidelity (MAX_ERROR);Tolerancja_1.0;799;947;0.005146944885587799;0.07174221132351441;0.9990039203286729;1.3071750788994376
Fidelity (MAX_ERROR);Tolerancja_0.01;800;4893;7.742566637661024e-06;0.0027825467898421807;0.009751819048881671;0.05015734109640904
Fidelity (MAX_ERROR);Tolerancja_0.1;800;3907;0.0006537903979392973;0.025569325332110295;0.09897006682345966;0.46090487210116177
Fidelity (MAX_ERROR);Tolerancja_1.0;800;311;0.0664160801089571;0.2577131741082654;0.9894412303487488;4.645459198017533
Fidelity (MAX_ERROR);Tolerancja_0.01;801;4765;6.807222515075157e-06;0.002609065448599394;0.009821322394667042;0.051189967997519445
Fidelity (MAX_ERROR);Tolerancja_0.1;801;3542;0.00031425674911459084;0.017727288261733403;0.09931361282597351;0.34781010161630094
Fidelity (MAX_ERROR);Tolerancja_1.0;801;479;0.010333687706477942;0.10165474758454689;0.9982516241508534;1.9944701956182582
Fidelity (MAX_ERROR);Tolerancja_0.01;802;4884;6.202103952128504e-06;0.0024904023675158403;0.009727070484919054;0.043814549160205836
Fidelity (MAX_ERROR);Tolerancja_0.1;802;3911;0.0005557682905149103;0.02357473839759225;0.09990652524785215;0.4147588951622403
Fidelity (MAX_ERROR);Tolerancja_1.0;802;1196;0.011404322363249775;0.10679102192249017;0.9986631064430176;1.8788130548393414
Fidelity (MAX_ERROR);Tolerancja_0.01;803;4808;8.07186103728815e-06;0.002841102081462078;0.009886622386189536;0.046526186623047895
Fidelity (MAX_ERROR);Tolerancja_0.1;803;3360;0.000694521537385735;0.02635377652985877;0.09972245612520769;0.43157221736267803
Fidelity (MAX_ERROR);Tolerancja_1.0;803;198;0.040717228476307106;0.20178510469384778;0.9929791122706355;3.304454106029816
Fidelity (MAX_ERROR);Tolerancja_0.01;804;4853;4.311110476764313e-06;0.0020763213808956244;0.009837439686708471;0.030433276725604027
Fidelity (MAX_ERROR);Tolerancja_0.1;804;4400;6.509307780942333e-05;0.008068028123985644;0.09984518456358726;0.11825555272242995
Fidelity (MAX_ERROR);Tolerancja_1.0;804;2619;0.0010655700276717;0.03264307013244465;0.9990776968445934;0.47845945028291714
Fidelity (MAX_ERROR);Tolerancja_0.01;805;4834;8.10855154904525e-06;0.0028475518518624467;0.009923455888286803;0.050158391416806246
Fidelity (MAX_ERROR);Tolerancja_0.1;805;3586;0.0007065129990372094;0.026580312244915586;0.09905246842608761;0.4682006772552375
Fidelity (MAX_ERROR);Tolerancja_1.0;805;217;0.05096316262880481;0.22575022176911547;0.9942418632958736;3.9764922905688618
Fidelity (MAX_ERROR);Tolerancja_0.01;806;4751;7.406587439488691e-06;0.002721504627864647;0.00997973836538879;0.04733120254546041
Fidelity (MAX_ERROR);Tolerancja_0.1;806;2868;0.0007424186767426647;0.027247360913355716;0.09968863793288119;0.47387402726233424
Fidelity (MAX_ERROR);Tolerancja_1.0;806;63;0.08367993730927333;0.28927484734984016;0.9969528291646057;5.030939962782742
Fidelity (MAX_ERROR);Tolerancja_0.01;807;4785;6.626444749859051e-06;0.0025741881729700825;0.009940988880293489;0.045556960628513186
Fidelity (MAX_ERROR);Tolerancja_0.1;807;3083;0.0007659756978952645;0.02767626596734582;0.09982368270331854;0.4898035707948561
Fidelity (MAX_ERROR);Tolerancja_1.0;807;77;0.07952971488336212;0.2820101325898807;0.9993993192889619;4.990903400980041
Fidelity (MAX_ERROR);Tolerancja_0.01;808;4815;6.536043876393628e-06;0.0025565687701279674;0.009811898201415481;0.039204449298709775
Fidelity (MAX_ERROR);Tolerancja_0.1;808;3751;0.00033473290646738566;0.018295707323505852;0.0995166701509298;0.28056085896430455
Fidelity (MAX_ERROR);Tolerancja_1.0;808;1144;0.005969787181691595;0.0772643978925067;0.9994979938979038;1.1848334397124385
Fidelity (MAX_ERROR);Tolerancja_0.01;809;4854;7.150306974045071e-06;0.0026740057916999865;0.009913849758934834;0.04567909997297692
Fidelity (MAX_ERROR);Tolerancja_0.1;809;3865;0.0004984923393156661;0.022326942005471015;0.09988484311890655;0.3814032935621983
Fidelity (MAX_ERROR);Tolerancja_1.0;809;324;0.04154925623139333;0.2038363466886937;0.9982162078706116;3.482064581692533
Fidelity (MAX_ERROR);Tolerancja_0.01;810;4882;7.234722800414167e-06;0.0026897440027657217;0.009958639030048566;0.05218243710485696
Fidelity (MAX_ERROR);Tolerancja_0.1;810;4100;0.00048320969958183524;0.021982031288801208;0.09966898918073408;0.4264628767590481
Fidelity (MAX_ERROR);Tolerancja_1.0;810;1437;0.012455364411043687;0.11160360393393973;0.9981115550349813;2.16516814870483
Fidelity (MAX_ERROR);Tolerancja_0.01;811;4875;5.851580544757628e-06;0.0024190040398390468;0.009892830738616354;0.0411314057278827
Fidelity (MAX_ERROR);Tolerancja_0.1;811;3579;0.0007543966461960647;0.027466281987121314;0.0998524173255877;0.46702145579049614
Fidelity (MAX_ERROR);Tolerancja_1.0;811;156;0.08708545634622926;0.29510245059339857;0.9924954439516815;5.01775872497392
Fidelity (MAX_ERROR);Tolerancja_0.01;812;4782;7.118594132166367e-06;0.0026680693641969594;0.009929921463523783;0.039243427804110005
Fidelity (MAX_ERROR);Tolerancja_0.1;812;3159;0.0006778799401446929;0.026036127595030198;0.09974099452085627;0.38295364703971674
Fidelity (MAX_ERROR);Tolerancja_1.0;812;89;0.08236243628187757;0.2869885647231917;0.9693692313927524;4.221185240328078
Fidelity (MAX_ERROR);Tolerancja_0.01;813;4862;6.733782052642674e-06;0.002594953188911637;0.00991543656736571;0.037546701093396154
Fidelity (MAX_ERROR);Tolerancja_0.1;813;3704;0.0006244871012448764;0.024989739919512494;0.0995489844878632;0.3615796613091025
Fidelity (MAX_ERROR);Tolerancja_1.0;813;120;0.10199164114817895;0.31936130189517165;0.9866509224450226;4.620878478384056
Fidelity (MAX_ERROR);Tolerancja_0.01;814;4842;7.738630787791406e-06;0.002781839461182368;0.00985312534338778;0.056119032357423784
Fidelity (MAX_ERROR);Tolerancja_0.1;814;3785;0.0004820708254527155;0.02195611134633625;0.0995546920595829;0.44292840772505954
Fidelity (MAX_ERROR);Tolerancja_1.0;814;1488;0.0064986872512884306;0.08061443574998482;0.9995232335768192;1.6262635538306793
Fidelity (MAX_ERROR);Tolerancja_0.01;815;4880;7.322012117078489e-06;0.0027059216760797955;0.009706397106783449;0.04404875918576793
Fidelity (MAX_ERROR);Tolerancja_0.1;815;3909;0.0006236151787332853;0.024972288215806042;0.09927206626130314;0.4065152068737087
Fidelity (MAX_ERROR);Tolerancja_1.0;815;299;0.0635803388167929;0.2521514204139903;0.9943735973600294;4.104685399562782
Fidelity (MAX_ERROR);Tolerancja_0.01;816;4765;8.389029647113802e-06;0.0028963821652388693;0.009847231055914119;0.04344480377210331
Fidelity (MAX_ERROR);Tolerancja_0.1;816;3193;0.0006340060535701498;0.02517947683273324;0.09980363248042234;0.3776840788522462
Fidelity (MAX_ERROR);Tolerancja_1.0;816;97;0.07198826178936558;0.268306283544321;0.994859001062955;4.024508222465182
Fidelity (MAX_ERROR);Tolerancja_0.01;817;4827;6.537540059729364e-06;0.0025568613688914314;0.00996218153835926;0.03831602048756834
Fidelity (MAX_ERROR);Tolerancja_0.1;817;3241;0.0007418375131789004;0.02723669424102162;0.09940468733086005;0.40815733979550456
Fidelity (MAX_ERROR);Tolerancja_1.0;817;135;0.05932014902857277;0.24355728079565342;0.9982131401486156;3.6498442482663007
Fidelity (MAX_ERROR);Tolerancja_0.01;818;4816;8.273230270569106e-06;0.0028763223516443887;0.009855380484070864;0.04538729557490931
Fidelity (MAX_ERROR);Tolerancja_0.1;818;3662;0.000545721958383342;0.02336069259211597;0.09979877751922572;0.3686230296499286
Fidelity (MAX_ERROR);Tolerancja_1.0;818;668;0.015572206811077667;0.12478864856659706;0.9984654336041139;1.9691184034528075
Fidelity (MAX_ERROR);Tolerancja_0.01;819;4795;6.590574142780317e-06;0.002567211355299816;0.00989079314120378;0.047939642562598424
Fidelity (MAX_ERROR);Tolerancja_0.1;819;3413;0.0004170763045388921;0.020422446095874316;0.09951403453673713;0.38136508085669835
Fidelity (MAX_ERROR);Tolerancja_1.0;819;293;0.017940423841976538;0.1339418673976757;0.9988390031765935;2.5012063124275277
Fidelity (MAX_ERROR);Tolerancja_0.01;820;4815;7.670069546222149e-06;0.002769489040639473;0.009932544169370061;0.043675204380232945
Fidelity (MAX_ERROR);Tolerancja_0.1;820;3479;0.0006610234856542;0.025710377003346333;0.09942420435585753;0.40545600789043523
Fidelity (MAX_ERROR);Tolerancja_1.0;820;1092;0.008413742677276185;0.09172645571085904;0.9975426214993712;1.4465382030618656
Fidelity (MAX_ERROR);Tolerancja_0.01;821;4894;6.599471961473974e-06;0.0025689437443186594;0.009980711982485957;0.05380853226133875
Fidelity (MAX_ERROR);Tolerancja_0.1;821;3808;0.0008342731922790005;0.028883787706583782;0.09965158039882827;0.604993482662494
Fidelity (MAX_ERROR);Tolerancja_1.0;821;947;0.019385254483005234;0.13923093938850387;0.9976777643574652;2.916300721038095
Fidelity (MAX_ERROR);Tolerancja_0.01;822;4867;5.86193570397982e-06;0.002421143470342024;0.00980480605698908;0.041066832233617234
Fidelity (MAX_ERROR);Tolerancja_0.1;822;3768;0.0006014128357642758;0.02452371985984744;0.09962117564003314;0.41596522534301195
Fidelity (MAX_ERROR);Tolerancja_1.0;822;242;0.057192101522077016;0.23914870169431615;0.9996205991136433;4.056380686098075
Fidelity (MAX_ERROR);Tolerancja_0.01;823;4791;6.729922408518202e-06;0.002594209399512345;0.009867561602386221;0.04720854418764027
Fidelity (MAX_ERROR);Tolerancja_0.1;823;3206;0.0006348970491721221;0.02519716351441412;0.09989635549169629;0.45852944924068983
Fidelity (MAX_ERROR);Tolerancja_1.0;823;75;0.08386829144748376;0.2896002269465336;0.9790892496391512;5.270046864037285
Fidelity (MAX_ERROR);Tolerancja_0.01;824;4786;7.310672689048078e-06;0.002703825565573356;0.009963736960413527;0.046197538629403345
Fidelity (MAX_ERROR);Tolerancja_0.1;824;3937;0.00019894445424096228;0.014104767075033968;0.09994202671011454;0.2409939199126712
Fidelity (MAX_ERROR);Tolerancja_1.0;824;1728;0.002857278253836029;0.05345351488757338;0.999510469737241;0.9133062614460518
Fidelity (MAX_ERROR);Tolerancja_0.01;825;4861;6.563734043791655e-06;0.0025619785408530758;0.009910119656511007;0.04692177972913675
Fidelity (MAX_ERROR);Tolerancja_0.1;825;3592;0.0007239143354737495;0.026905656198534713;0.09923566309259257;0.4927680905536235
Fidelity (MAX_ERROR);Tolerancja_1.0;825;156;0.08382701645944529;0.28952895616750546;0.9830261465493209;5.3026259548509085
Fidelity (MAX_ERROR);Tolerancja_0.01;826;4834;6.388589242566886e-06;0.002527565873042063;0.0099000766469306;0.0393556761858277
Fidelity (MAX_ERROR);Tolerancja_0.1;826;3427;0.0006587048829333099;0.025665246597944658;0.09988424149808228;0.3996228723892557
Fidelity (MAX_ERROR);Tolerancja_1.0;826;135;0.06173210112303407;0.24845945569254166;0.9896602034379525;3.868658770809392
Fidelity (MAX_ERROR);Tolerancja_0.01;827;4881;6.613546570651774e-06;0.0025716816619970237;0.009786300971540207;0.04737909614191797
Fidelity (MAX_ERROR);Tolerancja_0.1;827;3703;0.000716532187417391;0.026768118862135065;0.099846305970968;0.4931595134222538
Fidelity (MAX_ERROR);Tolerancja_1.0;827;252;0.05823195057582814;0.24131297224937606;0.9884309839806775;4.4458031806381495
Fidelity (MAX_ERROR);Tolerancja_0.01;828;4821;5.9788960597677564e-06;0.002445178124343451;0.009832367850393098;0.04438786255077903
Fidelity (MAX_ERROR);Tolerancja_0.1;828;3700;0.0004452017506040908;0.02109980451577907;0.09954414118711252;0.3830294461456405
Fidelity (MAX_ERROR);Tolerancja_1.0;828;148;0.06452295595585163;0.2540136924574178;0.9819385082962571;4.611167077998939
Fidelity (MAX_ERROR);Tolerancja_0.01;829;4831;7.198465259178018e-06;0.0026829955756911;0.009875230288588277;0.04604913342180353
Fidelity (MAX_ERROR);Tolerancja_0.1;829;3364;0.0008014583618683656;0.02831003994819445;0.09967226584046784;0.48589450484471713
Fidelity (MAX_ERROR);Tolerancja_1.0;829;189;0.05333406729019862;0.23094169673360984;0.9843480517404992;3.9637281186363325
Fidelity (MAX_ERROR);Tolerancja_0.01;830;4895;4.380812428335065e-06;0.002093039041283049;0.009819839388150342;0.03760901226824467
Fidelity (MAX_ERROR);Tolerancja_0.1;830;3698;0.0006703645307586974;0.025891398779492338;0.09988909302736282;0.46523257098110604
Fidelity (MAX_ERROR);Tolerancja_1.0;830;185;0.06824678164880203;0.26124084988531565;0.9988218621076388;4.694136198377214
Fidelity (MAX_ERROR);Tolerancja_0.01;831;4852;6.1823779111983865e-06;0.002486438801016101;0.009920800335514457;0.04418638021232421
Fidelity (MAX_ERROR);Tolerancja_0.1;831;3466;0.0007472658316141186;0.027336163439921825;0.09936126734880268;0.4857896002946105
Fidelity (MAX_ERROR);Tolerancja_1.0;831;164;0.06256448764901575;0.25012894204592906;0.9924812427554945;4.4450289831510155
Fidelity (MAX_ERROR);Tolerancja_0.01;832;4788;8.207845439695263e-06;0.0028649337583433344;0.00997543899041009;0.05634647718540028
Fidelity (MAX_ERROR);Tolerancja_0.1;832;3371;0.0006475144804137087;0.02544630583038938;0.09913822977221454;0.5004687060387263
Fidelity (MAX_ERROR);Tolerancja_1.0;832;664;0.011046725159372363;0.10510340222548632;0.9990900825181326;2.0671355623352583
Fidelity (MAX_ERROR);Tolerancja_0.01;833;4826;7.143061260882588e-06;0.002672650605837319;0.009971926085601268;0.04475262633980866
Fidelity (MAX_ERROR);Tolerancja_0.1;833;3221;0.0007286983046295621;0.026994412470538454;0.09990385974379556;0.45201226524639576
Fidelity (MAX_ERROR);Tolerancja_1.0;833;119;0.06322827665977893;0.25145233476700696;0.9991886276322042;4.210483912682938
Fidelity (MAX_ERROR);Tolerancja_0.01;834;4870;8.499818295947818e-06;0.0029154447852682477;0.009852544739304747;0.04857645408413361
Fidelity (MAX_ERROR);Tolerancja_0.1;834;3941;0.0006556853122251959;0.025606352966113622;0.09936160994932663;0.4266470198323752
Fidelity (MAX_ERROR);Tolerancja_1.0;834;307;0.061850808352142066;0.24869822748090117;0.9921760467065246;4.1437512687862
Fidelity (MAX_ERROR);Tolerancja_0.01;835;4867;5.785942404711584e-06;0.0024053985958072694;0.009810824430536602;0.04455759616511524
Fidelity (MAX_ERROR);Tolerancja_0.1;835;3532;0.0008317261979962906;0.02883966362488111;0.09935393139729154;0.5342258399813989
Fidelity (MAX_ERROR);Tolerancja_1.0;835;172;0.07587709005246177;0.2754579642204265;0.9929250327516002;5.102582479091939
Fidelity (MAX_ERROR);Tolerancja_0.01;836;4847;7.106405577018765e-06;0.002665784233020138;0.009756527867899933;0.03955453236285414
Fidelity (MAX_ERROR);Tolerancja_0.1;836;3636;0.0006544350689519822;0.025581928562013894;0.09934760434119383;0.37958106611802334
Fidelity (MAX_ERROR);Tolerancja_1.0;836;178;0.06452408503189475;0.2540159149185238;0.9999965530158317;3.769052499774783
Fidelity (MAX_ERROR);Tolerancja_0.01;837;4814;6.425475122061375e-06;0.002534852090766121;0.00994313519367207;0.04900493568969881
Fidelity (MAX_ERROR);Tolerancja_0.1;837;3678;0.00045790761398734433;0.02139877599273716;0.09975542644938518;0.4136910572345931
Fidelity (MAX_ERROR);Tolerancja_1.0;837;1494;0.005632956839365717;0.07505302685012588;0.9994067878735238;1.4509599070910861
Fidelity (MAX_ERROR);Tolerancja_0.01;838;4876;5.748296601388776e-06;0.002397560552183985;0.009922193862913709;0.03907482755090606
Fidelity (MAX_ERROR);Tolerancja_0.1;838;3818;0.0005936760867539814;0.024365469147011747;0.09988886963646326;0.3971021729770875
Fidelity (MAX_ERROR);Tolerancja_1.0;838;793;0.01751399575855126;0.13234045397591493;0.9991332921944682;2.1568508092139598
Fidelity (MAX_ERROR);Tolerancja_0.01;839;4796;6.87425647898603e-06;0.0026218803326975145;0.009934250655522447;0.04114420106073713
Fidelity (MAX_ERROR);Tolerancja_0.1;839;3710;0.00029869796513842117;0.017282880695602257;0.09954698500728476;0.2712138724947024
Fidelity (MAX_ERROR);Tolerancja_1.0;839;934;0.005942802431947918;0.07708957408072714;0.9996266532231284;1.209738253919751
Fidelity (MAX_ERROR);Tolerancja_0.01;840;4870;6.680597652624405e-06;0.002584685213449484;0.009958467972501328;0.04222404147239286
Fidelity (MAX_ERROR);Tolerancja_0.1;840;3534;0.0008459614328544204;0.029085416154052537;0.09936423129271121;0.47514637818951644
Fidelity (MAX_ERROR);Tolerancja_1.0;840;572;0.023495029820788098;0.15328088537318701;0.9951372573628348;2.504033538492264
Fidelity (MAX_ERROR);Tolerancja_0.01;841;4805;5.741096148541978e-06;0.0023960584610025646;0.00997893788238624;0.0555030128768369
Fidelity (MAX_ERROR);Tolerancja_0.1;841;3154;0.0006480216889515765;0.02545627013039374;0.09983816165162995;0.5896766342889201
Fidelity (MAX_ERROR);Tolerancja_1.0;841;64;0.08558323506374953;0.2925461246773738;0.9707659076846795;6.776625691446195
Fidelity (MAX_ERROR);Tolerancja_0.01;842;4875;7.878764748832919e-06;0.0028069137408963814;0.009895061269364014;0.048716724304311246
Fidelity (MAX_ERROR);Tolerancja_0.1;842;3777;0.0008021218498424311;0.028321755769062606;0.09941863284275865;0.49155168094864277
Fidelity (MAX_ERROR);Tolerancja_1.0;842;230;0.0704115962632043;0.26535183485931335;0.9906981651469815;4.605439773277843
Fidelity (MAX_ERROR);Tolerancja_0.01;843;4811;7.471542734787087e-06;0.0027334122877434876;0.009947003824254175;0.05083780994182328
Fidelity (MAX_ERROR);Tolerancja_0.1;843;3868;0.0003133159405295767;0.01770073276815332;0.09982985290380153;0.32920993745925103
Fidelity (MAX_ERROR);Tolerancja_1.0;843;1173;0.006778164320996166;0.08232960780300223;0.9983627597400702;1.531220508827483
Fidelity (MAX_ERROR);Tolerancja_0.01;844;4794;6.417373353755887e-06;0.0025332535115451605;0.009949141214462998;0.04595695247829991
Fidelity (MAX_ERROR);Tolerancja_0.1;844;3083;0.000705638574060095;0.02656385841816085;0.0998173299864753;0.4819075443495905
Fidelity (MAX_ERROR);Tolerancja_1.0;844;166;0.03685177682087664;0.1919681661653219;0.9960384864507841;3.4825854773709266
Fidelity (MAX_ERROR);Tolerancja_0.01;845;4836;7.599232644993903e-06;0.002756670572446752;0.009884902255217654;0.04347411199366237
Fidelity (MAX_ERROR);Tolerancja_0.1;845;3630;0.0005945427874562002;0.02438324809077331;0.09994924981949538;0.38453635659725127
Fidelity (MAX_ERROR);Tolerancja_1.0;845;193;0.05998220326715507;0.24491264415532954;0.995678253076683;3.8623982956448963
Fidelity (MAX_ERROR);Tolerancja_0.01;846;4821;6.96332829390966e-06;0.002638811909536119;0.009976043595771866;0.05021210162435619
Fidelity (MAX_ERROR);Tolerancja_0.1;846;3573;0.0005624434476106912;0.023715890192246444;0.09991692342829417;0.4512730460787134
Fidelity (MAX_ERROR);Tolerancja_1.0;846;147;0.06388987809157524;0.2527644715769509;0.9979284421279271;4.809677903901711
Fidelity (MAX_ERROR);Tolerancja_0.01;847;4786;8.051758797929227e-06;0.0028375621223030918;0.009910563938841932;0.05148556158257241
Fidelity (MAX_ERROR);Tolerancja_0.1;847;3598;0.000392333009229759;0.01980739784095223;0.09970507431651576;0.359391251143128
Fidelity (MAX_ERROR);Tolerancja_1.0;847;876;0.007047183824646618;0.08394750636348061;0.9981500946775723;1.5231682417131975
Fidelity (MAX_ERROR);Tolerancja_0.01;848;4825;6.99484332916199e-06;0.002644776612336473;0.009855662094228279;0.038720717999313314
Fidelity (MAX_ERROR);Tolerancja_0.1;848;3348;0.0007502311249499441;0.027390347295168496;0.09990047415778136;0.4010069918844797
Fidelity (MAX_ERROR);Tolerancja_1.0;848;146;0.0587512748427636;0.24238662265637434;0.9829978000304305;3.5486490688497567
Fidelity (MAX_ERROR);Tolerancja_0.01;849;4888;6.626622509001115e-06;0.002574222699962285;0.009863013887294159;0.04177085245719445
Fidelity (MAX_ERROR);Tolerancja_0.1;849;3801;0.0007471399160127491;0.027333860247186988;0.09997220551802322;0.44353530232157007
Fidelity (MAX_ERROR);Tolerancja_1.0;849;261;0.066595708343569;0.2580614429618826;0.9930795081476305;4.18745684241283
Fidelity (MAX_ERROR);Tolerancja_0.01;850;4726;7.296464418191208e-06;0.0027011968492116987;0.009846781709287988;0.040483114405738416
Fidelity (MAX_ERROR);Tolerancja_0.1;850;3464;0.0003085321053800154;0.017565081991838677;0.09944492087904422;0.26324968653406394
Fidelity (MAX_ERROR);Tolerancja_1.0;850;472;0.00886572283539218;0.0941579674557187;0.9961262098828474;1.4111551217876142
Fidelity (MAX_ERROR);Tolerancja_0.01;851;4866;5.903984897423746e-06;0.0024298116999931798;0.009801026225695786;0.04137506613406975
Fidelity (MAX_ERROR);Tolerancja_0.1;851;3516;0.0007812235233163248;0.027950376085418328;0.09964968780577;0.47594167852988395
Fidelity (MAX_ERROR);Tolerancja_1.0;851;145;0.0715395462860295;0.26746877628244664;0.9869719085151036;4.554483916394015
Fidelity (MAX_ERROR);Tolerancja_0.01;852;4889;5.265831117961185e-06;0.0022947398802394105;0.00978739588233557;0.03932541668732493
Fidelity (MAX_ERROR);Tolerancja_0.1;852;4278;0.00020150482302370914;0.014195239449326283;0.09980994031104551;0.24326666003768072
Fidelity (MAX_ERROR);Tolerancja_1.0;852;2406;0.0032474517434478985;0.056986417183815814;0.999155970292648;0.9765876387860941
Fidelity (MAX_ERROR);Tolerancja_0.01;853;4787;6.738378048627677e-06;0.00259583860219153;0.009785269942885755;0.04717198999178595
Fidelity (MAX_ERROR);Tolerancja_0.1;853;3453;0.00041415540215188973;0.02035080839062394;0.0992820163188064;0.3698181115408325
Fidelity (MAX_ERROR);Tolerancja_1.0;853;464;0.011573813125435647;0.10758165794147088;0.9968915019731757;1.9549909179370333
Fidelity (MAX_ERROR);Tolerancja_0.01;854;4864;5.944384742469939e-06;0.0024381108962616815;0.009969686850808124;0.042941147934079535
Fidelity (MAX_ERROR);Tolerancja_0.1;854;3674;0.000630966664764663;0.025119049838014634;0.09914827858688025;0.4424084387267071
Fidelity (MAX_ERROR);Tolerancja_1.0;854;133;0.08535855192150496;0.29216185911495185;0.9970629130126518;5.145691130041329
Fidelity (MAX_ERROR);Tolerancja_0.01;855;4849;6.73573663560324e-06;0.002595329773959995;0.009768187472131817;0.04937089618803359
Fidelity (MAX_ERROR);Tolerancja_0.1;855;3530;0.0007869514187639572;0.028052654397827618;0.09991569565679992;0.5336449733556211
Fidelity (MAX_ERROR);Tolerancja_1.0;855;192;0.07176528074732355;0.26789042675564867;0.9974160889356907;5.096073177991837
Fidelity (MAX_ERROR);Tolerancja_0.01;856;4800;8.070461457210955e-06;0.0028408557614231235;0.009949550924387651;0.051251442479421844
Fidelity (MAX_ERROR);Tolerancja_0.1;856;3228;0.0008271219486626944;0.028759727896186613;0.09977850856714454;0.5188498339165394
Fidelity (MAX_ERROR);Tolerancja_1.0;856;150;0.06249622564986885;0.24999245118576852;0.999443058261912;4.510075416788739
Fidelity (MAX_ERROR);Tolerancja_0.01;857;4857;6.6034885890013e-06;0.00256972539174934;0.009954130639187042;0.04237577701694049
Fidelity (MAX_ERROR);Tolerancja_0.1;857;3716;0.0006118824480991389;0.02473625776262729;0.0999930592340128;0.40791056762259065
Fidelity (MAX_ERROR);Tolerancja_1.0;857;148;0.07636721265031576;0.27634618262302046;0.9898306372459711;4.557056661351658
Fidelity (MAX_ERROR);Tolerancja_0.01;858;4807;7.061578515458277e-06;0.002657363075580429;0.009926055561352065;0.06092734575195622
Fidelity (MAX_ERROR);Tolerancja_0.1;858;3731;0.0003344476818456894;0.018287910811399136;0.09974480665506658;0.41930057481651395
Fidelity (MAX_ERROR);Tolerancja_1.0;858;841;0.00817068823606326;0.09039185934620031;0.9996979774958277;2.072481595818521
Fidelity (MAX_ERROR);Tolerancja_0.01;859;4821;8.367496736611288e-06;0.0028926625687437668;0.009837418074683413;0.0437546940573454
Fidelity (MAX_ERROR);Tolerancja_0.1;859;3742;0.0005259419785544109;0.022933424919850304;0.09916941563285686;0.3468932055531558
Fidelity (MAX_ERROR);Tolerancja_1.0;859;1294;0.008045762990024187;0.08969817718339759;0.9991351091346576;1.3567833118764205
Fidelity (MAX_ERROR);Tolerancja_0.01;860;4838;6.456060143371485e-06;0.002540877829288824;0.00999467177627622;0.04430059594510666
Fidelity (MAX_ERROR);Tolerancja_0.1;860;3599;0.000553017010813677;0.02351631371651767;0.09980735921418171;0.410010548348721
Fidelity (MAX_ERROR);Tolerancja_1.0;860;705;0.012784200948995109;0.11306724083037982;0.9987811689634873;1.971344742717006
Fidelity (MAX_ERROR);Tolerancja_0.01;861;4722;7.856796643272153e-06;0.0028029977958022286;0.009869615328422343;0.04383230145692902
Fidelity (MAX_ERROR);Tolerancja_0.1;861;3782;0.00019848949503037652;0.014088629991250977;0.0998079941618144;0.2203130797378678
Fidelity (MAX_ERROR);Tolerancja_1.0;861;1240;0.003364351783263955;0.05800303253506626;0.9989850979327066;0.9070311832926146
Fidelity (MAX_ERROR);Tolerancja_0.01;862;4851;7.726164928887996e-06;0.0027795979797244053;0.00990654955598913;0.04951848159192519
Fidelity (MAX_ERROR);Tolerancja_0.1;862;3730;0.0006764539686759214;0.026008728701647863;0.09981245660674798;0.46334497392663293
Fidelity (MAX_ERROR);Tolerancja_1.0;862;181;0.07918098337193291;0.2813911572383413;0.9890149794445859;5.012977754869026
Fidelity (MAX_ERROR);Tolerancja_0.01;863;4818;6.3364134431742895e-06;0.0025172233598102275;0.009913334173285548;0.04872074174283592
Fidelity (MAX_ERROR);Tolerancja_0.1;863;3753;0.00029640734341710947;0.017216484641677274;0.09990903655115257;0.3332242642186096
Fidelity (MAX_ERROR);Tolerancja_1.0;863;1447;0.003931315930414473;0.06270020678127364;0.9999670108463765;1.213559603245992
Fidelity (MAX_ERROR);Tolerancja_0.01;864;4878;6.569952215797375e-06;0.0025631918023818223;0.009922403754165643;0.045791730529732316
Fidelity (MAX_ERROR);Tolerancja_0.1;864;3624;0.0009157812550010171;0.03026187791596908;0.09961849506773568;0.5406320968895203
Fidelity (MAX_ERROR);Tolerancja_1.0;864;199;0.07874602719061645;0.2806172253989702;0.9866776562847983;5.013260558780698
Fidelity (MAX_ERROR);Tolerancja_0.01;865;4878;6.124080512718099e-06;0.0024746879626971357;0.00991228755411555;0.04605225957424431
Fidelity (MAX_ERROR);Tolerancja_0.1;865;3639;0.0007105268800394962;0.02665571008319786;0.09918187355012154;0.4960446320469954
Fidelity (MAX_ERROR);Tolerancja_1.0;865;158;0.08082971975522786;0.28430568013183954;0.9813021478054997;5.290735307732987
Fidelity (MAX_ERROR);Tolerancja_0.01;866;4814;7.602348225504313e-06;0.0027572356129834667;0.009986551769301855;0.04826119718806217
Fidelity (MAX_ERROR);Tolerancja_0.1;866;3326;0.0005956996753148003;0.02440695956719723;0.0999347137329325;0.4272065408146275
Fidelity (MAX_ERROR);Tolerancja_1.0;866;110;0.07007339381009;0.2647137960327909;0.9872602000070598;4.63341059740461
Fidelity (MAX_ERROR);Tolerancja_0.01;867;4838;5.610281648930597e-06;0.0023686033118550257;0.009953161975010172;0.04581665754168162
Fidelity (MAX_ERROR);Tolerancja_0.1;867;3398;0.000558961245223418;0.023642361244668817;0.09952875326297317;0.4573218162797269
Fidelity (MAX_ERROR);Tolerancja_1.0;867;776;0.008774008772426388;0.09366967904517656;0.9987252568450806;1.8118828025664608
Fidelity (MAX_ERROR);Tolerancja_0.01;868;4684;7.842054184478832e-06;0.0028003667946322375;0.009993323345078409;0.040906438670776646
Fidelity (MAX_ERROR);Tolerancja_0.1;868;3715;0.0001364452689371945;0.011680978937451882;0.09979880168199706;0.17063023652309106
Fidelity (MAX_ERROR);Tolerancja_1.0;868;1016;0.002583352283993423;0.05082668869790184;0.9988705303588183;0.7424523201905857
Fidelity (MAX_ERROR);Tolerancja_0.01;869;4854;7.190116254903322e-06;0.0026814392133522854;0.009856126282560496;0.047612860831429425
Fidelity (MAX_ERROR);Tolerancja_0.1;869;3607;0.000748924289966782;0.02736648113964932;0.09955588137748439;0.4859317531644059
Fidelity (MAX_ERROR);Tolerancja_1.0;869;252;0.0489458015402588;0.2212369804988732;0.9970328013842433;3.928384992210749
Fidelity (MAX_ERROR);Tolerancja_0.01;870;4853;5.4955084483080425e-06;0.0023442500822881593;0.009919983575828795;0.0446301905066681
Fidelity (MAX_ERROR);Tolerancja_0.1;870;3511;0.0006430833469721926;0.02535908805482154;0.09969091296200672;0.48279018502042925
Fidelity (MAX_ERROR);Tolerancja_1.0;870;247;0.04065493489406915;0.20163068936565473;0.9882135378365815;3.8386758078286967
Fidelity (MAX_ERROR);Tolerancja_0.01;871;4766;8.067026228280259e-06;0.0028402510854289376;0.009962401935215581;0.04862731925079075
Fidelity (MAX_ERROR);Tolerancja_0.1;871;3002;0.0006774638078905511;0.02602813492915985;0.0992775254407059;0.4456220202488788
Fidelity (MAX_ERROR);Tolerancja_1.0;871;72;0.08129652008557489;0.2851254462259987;0.9966864495260577;4.881570566519799
Fidelity (MAX_ERROR);Tolerancja_0.01;872;4835;6.274710656536442e-06;0.0025049372560079107;0.009874516089514174;0.044674124817374254
Fidelity (MAX_ERROR);Tolerancja_0.1;872;3498;0.0006769071737189684;0.026017439799468516;0.09993378132937725;0.46400617430327623
Fidelity (MAX_ERROR);Tolerancja_1.0;872;444;0.024229899330840358;0.1556595622852652;0.9999187923265391;2.7760993605213953
Fidelity (MAX_ERROR);Tolerancja_0.01;873;4814;7.775684897732584e-06;0.002788491509352787;0.009862493692380347;0.052631978198078834
Fidelity (MAX_ERROR);Tolerancja_0.1;873;3421;0.0005942622871722776;0.024377495506558454;0.0993875187949671;0.46011824232620446
Fidelity (MAX_ERROR);Tolerancja_1.0;873;454;0.016774114251131088;0.1295149190291647;0.9978732792026634;2.444556984235211
Fidelity (MAX_ERROR);Tolerancja_0.01;874;4786;6.807793358306201e-06;0.002609174842417848;0.009885161225704486;0.04320422109087571
Fidelity (MAX_ERROR);Tolerancja_0.1;874;3355;0.00043154380767738303;0.020773632510405662;0.09991807652468321;0.34398178199835544
Fidelity (MAX_ERROR);Tolerancja_1.0;874;427;0.01196378740763894;0.109379099500951;0.9984343411300154;1.811162180753232
Fidelity (MAX_ERROR);Tolerancja_0.01;875;4795;6.389250762732299e-06;0.002527696730767419;0.009906028280385115;0.03976546443704857
Fidelity (MAX_ERROR);Tolerancja_0.1;875;3946;0.0001936465019819932;0.013915692651894594;0.09956622536589954;0.21892024249990188
Fidelity (MAX_ERROR);Tolerancja_1.0;875;1515;0.0035695067557746114;0.05974534923970745;0.9988556613113495;0.9399076762461652
Fidelity (MAX_ERROR);Tolerancja_0.01;876;4830;5.219237987161933e-06;0.0022845651636935055;0.009883833513728568;0.041185148447962484
Fidelity (MAX_ERROR);Tolerancja_0.1;876;3283;0.0007542055582015065;0.027462803174503263;0.09947614859975662;0.49508748689421667
Fidelity (MAX_ERROR);Tolerancja_1.0;876;138;0.057584663606121855;0.23996804705235622;0.9826502812261175;4.326039719804134
Fidelity (MAX_ERROR);Tolerancja_0.01;877;4712;7.271271353761591e-06;0.0026965295017413755;0.009830002063047516;0.044565472815361704
Fidelity (MAX_ERROR);Tolerancja_0.1;877;3027;0.00037429898362676886;0.01934680809918703;0.09962984178176626;0.3197441933609643
Fidelity (MAX_ERROR);Tolerancja_1.0;877;43;0.08206311407487929;0.28646660202348073;0.9831592624297256;4.734426067559081
Fidelity (MAX_ERROR);Tolerancja_0.01;878;4802;5.210052711269256e-06;0.0022825539886866327;0.009983737904052603;0.04061610954342569
Fidelity (MAX_ERROR);Tolerancja_0.1;878;2894;0.0007222070897942621;0.026873910950850864;0.09962652962704155;0.47819842003740565
Fidelity (MAX_ERROR);Tolerancja_1.0;878;47;0.08650755290003033;0.2941216634320402;0.9938900584653503;5.233645188793114
Fidelity (MAX_ERROR);Tolerancja_0.01;879;4725;6.787332631498244e-06;0.0026052509728427785;0.009961348797966174;0.045796348274881146
Fidelity (MAX_ERROR);Tolerancja_0.1;879;3446;0.0002578693397312686;0.0160583106126164;0.09961109431463289;0.28228066823026243
Fidelity (MAX_ERROR);Tolerancja_1.0;879;258;0.01405037352971828;0.1185342715408429;0.9965497342991032;2.0836521465993014
Fidelity (MAX_ERROR);Tolerancja_0.01;880;4791;5.7576761710955885e-06;0.0023995158201386355;0.00984014276039602;0.04287047155963062
Fidelity (MAX_ERROR);Tolerancja_0.1;880;3751;0.0002434234788320225;0.01560203444529022;0.09998013653860749;0.2787506414192122
Fidelity (MAX_ERROR);Tolerancja_1.0;880;1102;0.004542382808083783;0.06739720178229792;0.9990995871586827;1.2041386841282644
Fidelity (MAX_ERROR);Tolerancja_0.01;881;4782;8.228848041386888e-06;0.00286859687676517;0.00991623888062465;0.0506706984433806
Fidelity (MAX_ERROR);Tolerancja_0.1;881;3271;0.0005814835303780937;0.024113969610540974;0.09929292799212286;0.42594750496501743
Fidelity (MAX_ERROR);Tolerancja_1.0;881;78;0.07802160443827517;0.27932347634646676;0.9927135336279751;4.933950724393545
Fidelity (MAX_ERROR);Tolerancja_0.01;882;4828;6.942200308413722e-06;0.0026348055541944118;0.009952130679257376;0.04587744842559993
Fidelity (MAX_ERROR);Tolerancja_0.1;882;3805;0.0005112736491254038;0.022611361063089586;0.09995422376886864;0.39371085632984393
Fidelity (MAX_ERROR);Tolerancja_1.0;882;1431;0.007233838337949794;0.08505197433304999;0.9986632974308227;1.4809318887871297
Fidelity (MAX_ERROR);Tolerancja_0.01;883;4826;7.152622135159452e-06;0.0026744386579541234;0.009854510910223269;0.053590912683403505
Fidelity (MAX_ERROR);Tolerancja_0.1;883;3343;0.0008378350199547324;0.028945379941447174;0.09938847679324248;0.5800130522405288
Fidelity (MAX_ERROR);Tolerancja_1.0;883;314;0.02871694315914542;0.16946074223590968;0.9996643091243955;3.3956867223032665
Fidelity (MAX_ERROR);Tolerancja_0.01;884;4879;6.289798740278467e-06;0.002507947116722852;0.009988994035065701;0.047678691313716326
Fidelity (MAX_ERROR);Tolerancja_0.1;884;3867;0.0006681548452371575;0.025848691364112757;0.09905165165193885;0.49141059163300155
Fidelity (MAX_ERROR);Tolerancja_1.0;884;608;0.03112727097048761;0.17642922368612182;0.9946562688873852;3.3541036167625036
Fidelity (MAX_ERROR);Tolerancja_0.01;885;4839;7.5464328872931e-06;0.002747077153502082;0.009878291213766488;0.04453249166520248
Fidelity (MAX_ERROR);Tolerancja_0.1;885;3887;0.00032852981418930553;0.01812539142168537;0.0993282355775067;0.2938282390014877
Fidelity (MAX_ERROR);Tolerancja_1.0;885;1721;0.004201364677232377;0.06481793484239047;0.9987713000961227;1.050754668264254
Fidelity (MAX_ERROR);Tolerancja_0.01;886;4858;6.267164417142832e-06;0.002503430529721732;0.009739919118194607;0.05009522967295739
Fidelity (MAX_ERROR);Tolerancja_0.1;886;3571;0.0007242098138949609;0.026911146647717578;0.0989768968619158;0.5385090802699043
Fidelity (MAX_ERROR);Tolerancja_1.0;886;206;0.05754956578326201;0.23989490570510663;0.9941468491523966;4.800448926380067
Fidelity (MAX_ERROR);Tolerancja_0.01;887;4816;6.851957369374156e-06;0.002617624375148993;0.00984017101010437;0.04780464543115539
Fidelity (MAX_ERROR);Tolerancja_0.1;887;3568;0.0005261650721228908;0.022938288343354887;0.09931583973941205;0.41891294696905096
Fidelity (MAX_ERROR);Tolerancja_1.0;887;1141;0.00676940255649921;0.08227637909205296;0.9982234425628418;1.5025811828448628
Fidelity (MAX_ERROR);Tolerancja_0.01;888;4869;8.009167134938558e-06;0.0028300471965920565;0.009888222394792923;0.044032767713098886
Fidelity (MAX_ERROR);Tolerancja_0.1;888;3996;0.000523195105797497;0.022873458544730333;0.09952574137704406;0.35588865376809126
Fidelity (MAX_ERROR);Tolerancja_1.0;888;862;0.01997427980258603;0.14133039235276335;0.9959438609451974;2.198962739831441
Fidelity (MAX_ERROR);Tolerancja_0.01;889;4794;8.613666476587842e-06;0.0029349048496651203;0.009930641289343178;0.051526736034845845
Fidelity (MAX_ERROR);Tolerancja_0.1;889;3770;0.00036364682330918214;0.019069526037874724;0.09988170883914727;0.3347946474569036
Fidelity (MAX_ERROR);Tolerancja_1.0;889;1206;0.006057805292264874;0.07783190407708701;0.9986646480431665;1.3664579200675293
Fidelity (MAX_ERROR);Tolerancja_0.01;890;4846;6.848799006103741e-06;0.0026170210175128017;0.009976527210220354;0.040932158611516195
Fidelity (MAX_ERROR);Tolerancja_0.1;890;3589;0.0007788662296303597;0.027908174960580272;0.09991854149735957;0.43650465028748225
Fidelity (MAX_ERROR);Tolerancja_1.0;890;997;0.012833289029823077;0.11328410757834957;0.9996542619698428;1.7718478485770837
Fidelity (MAX_ERROR);Tolerancja_0.01;891;4827;9.184446339480133e-06;0.003030585148033319;0.009957215791771334;0.04810413414571081
Fidelity (MAX_ERROR);Tolerancja_0.1;891;3664;0.0006706638719675798;0.025897178841865764;0.09982604658615113;0.41106298096029553
Fidelity (MAX_ERROR);Tolerancja_1.0;891;226;0.06097882263577584;0.24693890466221768;0.9908137754502517;3.9196332112215626
Fidelity (MAX_ERROR);Tolerancja_0.01;892;4848;7.066472123257794e-06;0.00265828367998184;0.009907057816522347;0.05321817939245581
Fidelity (MAX_ERROR);Tolerancja_0.1;892;3908;0.0004292917988364901;0.020719358070087263;0.09965426050905979;0.414796405279802
Fidelity (MAX_ERROR);Tolerancja_1.0;892;1773;0.0050034716692059075;0.07073522226731112;0.9987850844537984;1.4161015907875998
Fidelity (MAX_ERROR);Tolerancja_0.01;893;4844;5.3437590745530185e-06;0.0023116572138950488;0.009793521155950557;0.03728093187156757
Fidelity (MAX_ERROR);Tolerancja_0.1;893;3541;0.0005263240666100473;0.022941753782351675;0.09914169903340397;0.3699899598578466
Fidelity (MAX_ERROR);Tolerancja_1.0;893;108;0.06853243088520432;0.2617869952560752;0.9765310141249834;4.221933544619051
Fidelity (MAX_ERROR);Tolerancja_0.01;894;4756;7.376096437005678e-06;0.0027158969857131324;0.009912629068987044;0.04732366363415404
Fidelity (MAX_ERROR);Tolerancja_0.1;894;3199;0.0005475152240335141;0.023399043229019305;0.09937914879455789;0.4077210796124434
Fidelity (MAX_ERROR);Tolerancja_1.0;894;56;0.09541102152286225;0.30888674546322353;0.9769783357936177;5.382255851472174
Fidelity (MAX_ERROR);Tolerancja_0.01;895;4850;7.452847435540522e-06;0.0027299903727926443;0.00995258202867877;0.050652378350270436
Fidelity (MAX_ERROR);Tolerancja_0.1;895;3594;0.0006683264656836251;0.02585201086344397;0.09973013560251953;0.47965950664908286
Fidelity (MAX_ERROR);Tolerancja_1.0;895;183;0.06716568920323086;0.25916344110084444;0.9951162678772487;4.808531489350815
Fidelity (MAX_ERROR);Tolerancja_0.01;896;4821;7.750125161068874e-06;0.0027839046609158284;0.00986098312843886;0.0488512909963152
Fidelity (MAX_ERROR);Tolerancja_0.1;896;3797;0.0003664599319122775;0.01914314320879091;0.0992485719107643;0.33591928366150847
Fidelity (MAX_ERROR);Tolerancja_1.0;896;1118;0.007379341019310848;0.0859030908600549;0.9986499007931124;1.5074068261040665
Fidelity (MAX_ERROR);Tolerancja_0.01;897;4821;8.761284086489455e-06;0.002959946635750289;0.009882188686319182;0.051824831382743096
Fidelity (MAX_ERROR);Tolerancja_0.1;897;3617;0.0005442822993947578;0.023329858537821394;0.09985047790350521;0.40847560233104285
Fidelity (MAX_ERROR);Tolerancja_1.0;897;162;0.05730491714265309;0.23938445468044303;0.9957734776533949;4.191311711374543
Fidelity (MAX_ERROR);Tolerancja_0.01;898;4799;6.805851380144667e-06;0.002608802671752823;0.009903068083309208;0.04103509331317354
Fidelity (MAX_ERROR);Tolerancja_0.1;898;4222;0.0001110759191402388;0.010539256099945517;0.09975121736712333;0.1657769528509874
Fidelity (MAX_ERROR);Tolerancja_1.0;898;2403;0.0015680732217687005;0.03959890430010281;0.9995385083254513;0.6228699282810711
Fidelity (MAX_ERROR);Tolerancja_0.01;899;4855;5.797531873034957e-06;0.002407806444263109;0.009989344186427829;0.04155737622644359
Fidelity (MAX_ERROR);Tolerancja_0.1;899;3767;0.0005213799926902799;0.022833746794827168;0.09982355912980179;0.39409754404174707
Fidelity (MAX_ERROR);Tolerancja_1.0;899;135;0.0789069480882591;0.280903805756097;0.986929874783109;4.84824067443618
Fidelity (MAX_ERROR);Tolerancja_0.01;900;4815;5.496497885686615e-06;0.0023444611077359794;0.009872316471462472;0.052689225366554314
Fidelity (MAX_ERROR);Tolerancja_0.1;900;3065;0.0007214281052967917;0.026859413718411496;0.0998104662107624;0.603636246279875
Fidelity (MAX_ERROR);Tolerancja_1.0;900;80;0.07371494822774753;0.2715049690664013;0.9870049022182332;6.101780258190563
Fidelity (MAX_ERROR);Tolerancja_0.01;901;4857;6.07281130602826e-06;0.0024643074698641526;0.009899668911628634;0.04222155162412956
Fidelity (MAX_ERROR);Tolerancja_0.1;901;3661;0.0007176613115846096;0.02678920139878398;0.09924632451944326;0.45898560291679585
Fidelity (MAX_ERROR);Tolerancja_1.0;901;198;0.07495285367565697;0.27377518820312585;0.9930518282552763;4.690653817951247
Fidelity (MAX_ERROR);Tolerancja_0.01;902;4802;7.2015641496239915e-06;0.002683573019245795;0.009851906024697321;0.05057540247431925
Fidelity (MAX_ERROR);Tolerancja_0.1;902;2950;0.0008263117822873028;0.028745639361254478;0.09991546208796098;0.5417487318774983
Fidelity (MAX_ERROR);Tolerancja_1.0;902;96;0.0738714366535902;0.27179300331978784;0.9875004379544343;5.122290481391676
Fidelity (MAX_ERROR);Tolerancja_0.01;903;4797;7.99672808273196e-06;0.002827848666872391;0.009975273544710284;0.04554325904545153
Fidelity (MAX_ERROR);Tolerancja_0.1;903;3239;0.0007324065392737886;0.027063010536039565;0.09998673629623234;0.43585702227687606
Fidelity (MAX_ERROR);Tolerancja_1.0;903;109;0.06548645274071298;0.25590320971162706;0.9865604205092984;4.1213896298592365
Fidelity (MAX_ERROR);Tolerancja_0.01;904;4867;7.075835365284308e-06;0.002660044241226884;0.009966861787588321;0.045864925312747766
Fidelity (MAX_ERROR);Tolerancja_0.1;904;3626;0.0008832908058219115;0.029720208710941307;0.09983433194271552;0.5124407826307029
Fidelity (MAX_ERROR);Tolerancja_1.0;904;320;0.05020476682639061;0.2240642024652546;0.9955971084310153;3.863352252588631
Fidelity (MAX_ERROR);Tolerancja_0.01;905;4804;8.138276403805784e-06;0.002852766447469155;0.009820545207168685;0.04915557737004471
Fidelity (MAX_ERROR);Tolerancja_0.1;905;3393;0.0006672707114165886;0.02583158360257049;0.0998074411649128;0.4451000212419811
Fidelity (MAX_ERROR);Tolerancja_1.0;905;128;0.06403570192175202;0.25305276509406494;0.98591973993154;4.3603130513261386
Fidelity (MAX_ERROR);Tolerancja_0.01;906;4797;5.7713640970895306e-06;0.0024023663536374986;0.009918967219758379;0.04278613725023587
Fidelity (MAX_ERROR);Tolerancja_0.1;906;3736;0.00027626399703722015;0.016621191203918573;0.09948939765476439;0.2960233633960485
Fidelity (MAX_ERROR);Tolerancja_1.0;906;1192;0.004345774211148132;0.06592248638475443;0.999098028428901;1.174079276486784
Fidelity (MAX_ERROR);Tolerancja_0.01;907;4854;5.6704634637776545e-06;0.0023812734962153454;0.009934666125126057;0.04263720112072616
Fidelity (MAX_ERROR);Tolerancja_0.1;907;3590;0.0006767714022716044;0.02601483042942245;0.09990188660014354;0.4658009921597699
Fidelity (MAX_ERROR);Tolerancja_1.0;907;131;0.09150972258085473;0.3025057397486116;0.9987095809224282;5.41642868252425
Fidelity (MAX_ERROR);Tolerancja_0.01;908;4869;6.363491730519836e-06;0.00252259622819821;0.009921702238795405;0.04239888752242341
Fidelity (MAX_ERROR);Tolerancja_0.1;908;4269;0.00021296990299142092;0.014593488376375982;0.09953817595698089;0.24528208887068131
Fidelity (MAX_ERROR);Tolerancja_1.0;908;2445;0.003349584107776134;0.0578755916408302;0.9996311752131759;0.9727520690165952
Fidelity (MAX_ERROR);Tolerancja_0.01;909;4881;7.2617697932781306e-06;0.002694767112994763;0.009948330852939336;0.04800868079592125
Fidelity (MAX_ERROR);Tolerancja_0.1;909;4006;0.0005141631296026457;0.02267516548126266;0.09946863704490694;0.40396989273586503
Fidelity (MAX_ERROR);Tolerancja_1.0;909;1734;0.008074901132719386;0.08986045366410847;0.9979464742593906;1.6009108228066904
Fidelity (MAX_ERROR);Tolerancja_0.01;910;4830;7.792256077036708e-06;0.0027914612798741645;0.009945628321321287;0.04877880500032211
Fidelity (MAX_ERROR);Tolerancja_0.1;910;3586;0.0007227683939845559;0.02688435221433754;0.09942759919603095;0.46978497738011415
Fidelity (MAX_ERROR);Tolerancja_1.0;910;147;0.07832816663447492;0.27987169673704937;0.984999429341145;4.89055929905688
Fidelity (MAX_ERROR);Tolerancja_0.01;911;4757;7.520414021626171e-06;0.00274233732819764;0.009831169703515386;0.04822528816950802
Fidelity (MAX_ERROR);Tolerancja_0.1;911;2902;0.0007070806953288411;0.026590988987415288;0.09920523099692069;0.4676150134575629
Fidelity (MAX_ERROR);Tolerancja_1.0;911;44;0.0867285952137105;0.2944971905022364;0.9697450566225756;5.178871224575074
Fidelity (MAX_ERROR);Tolerancja_0.01;912;4809;7.484567342556147e-06;0.0027357937317268907;0.009806701477143243;0.05130110103268317
Fidelity (MAX_ERROR);Tolerancja_0.1;912;3359;0.0006777059993212676;0.02603278700641304;0.09938133183662767;0.4881620353502727
Fidelity (MAX_ERROR);Tolerancja_1.0;912;136;0.07013554087021608;0.26483115539946595;0.9857460373041924;4.966065132101303
Fidelity (MAX_ERROR);Tolerancja_0.01;913;4891;7.2492779636480336e-06;0.0026924483214442636;0.009926570780725896;0.051955100007074054
Fidelity (MAX_ERROR);Tolerancja_0.1;913;4052;0.000566519107301984;0.02380166186008834;0.0995297300839133;0.45929116352068455
Fidelity (MAX_ERROR);Tolerancja_1.0;913;376;0.05856516254882247;0.24200240194845685;0.9938322932515655;4.669823704708937
Fidelity (MAX_ERROR);Tolerancja_0.01;914;4830;6.667176272836331e-06;0.0025820875803962058;0.009813525352021735;0.049327043455567134
Fidelity (MAX_ERROR);Tolerancja_0.1;914;3271;0.0008411260597588964;0.029002173362679157;0.09929366466857736;0.5540445167809726
Fidelity (MAX_ERROR);Tolerancja_1.0;914;165;0.05467198499154925;0.23382041183683955;0.9886271251500247;4.466800314226607
Fidelity (MAX_ERROR);Tolerancja_0.01;915;4779;7.71468358034305e-06;0.002777531922470568;0.009967481508552645;0.04730779861002926
Fidelity (MAX_ERROR);Tolerancja_0.1;915;3211;0.0005907837121405576;0.02430604270835871;0.09982500446553466;0.41398817567180934
Fidelity (MAX_ERROR);Tolerancja_1.0;915;82;0.07318656849117103;0.2705301618880435;0.9931123394006276;4.607754932715374
Fidelity (MAX_ERROR);Tolerancja_0.01;916;4765;6.969642879065699e-06;0.0026400081210226794;0.009910522322461368;0.04490666403359987
Fidelity (MAX_ERROR);Tolerancja_0.1;916;3115;0.0005547565487763977;0.023553270447570496;0.09978162770256382;0.4006422535063401
Fidelity (MAX_ERROR);Tolerancja_1.0;916;58;0.09666495187188046;0.31090987741125314;0.9961742184495037;5.2885918412350685
Fidelity (MAX_ERROR);Tolerancja_0.01;917;4835;6.560279565075669e-06;0.0025613042703036414;0.0097725220071041;0.04291672286980836
Fidelity (MAX_ERROR);Tolerancja_0.1;917;3223;0.0008142793478856064;0.02853558038459366;0.09934556727331234;0.47813670929052227
Fidelity (MAX_ERROR);Tolerancja_1.0;917;92;0.08521373362756467;0.29191391475495765;0.9897195736914695;4.891253540874389
Fidelity (MAX_ERROR);Tolerancja_0.01;918;4773;8.013518977378051e-06;0.0028308159561119565;0.009967289216459285;0.046737258617383856
Fidelity (MAX_ERROR);Tolerancja_0.1;918;3126;0.0007655945596628628;0.02766937945930235;0.09948172218020535;0.45682621675910806
Fidelity (MAX_ERROR);Tolerancja_1.0;918;105;0.07394397882734915;0.27192642171614945;0.9822959078646933;4.489552020931462
Fidelity (MAX_ERROR);Tolerancja_0.01;919;4841;7.574132775649542e-06;0.002752114237390872;0.00993853331825445;0.045461428017757426
Fidelity (MAX_ERROR);Tolerancja_0.1;919;3585;0.0007146566271914582;0.026733062435707926;0.09949286355281539;0.44159620160510915
Fidelity (MAX_ERROR);Tolerancja_1.0;919;245;0.043618978397926826;0.2088515702548746;0.9917951420101216;3.4499623956522183
Fidelity (MAX_ERROR);Tolerancja_0.01;920;4808;5.700741835543721e-06;0.002387622632566487;0.009840354930457984;0.038910841066651734
Fidelity (MAX_ERROR);Tolerancja_0.1;920;3285;0.0005966470878789188;0.024426360512342375;0.09986937532565676;0.398073891061604
Fidelity (MAX_ERROR);Tolerancja_1.0;920;275;0.026088030609937755;0.16151789563369676;0.9925168785924896;2.632240572986697
Fidelity (MAX_ERROR);Tolerancja_0.01;921;4827;7.876523773647925e-06;0.0028065145240400813;0.009960133946695038;0.05166221405073509
Fidelity (MAX_ERROR);Tolerancja_0.1;921;3611;0.0005655773920370139;0.02378187107939604;0.09970216943401189;0.43777579047126924
Fidelity (MAX_ERROR);Tolerancja_1.0;921;184;0.05442261273364597;0.23328654640515809;0.994821066499342;4.294329992702329
Fidelity (MAX_ERROR);Tolerancja_0.01;922;4802;5.868839522840352e-06;0.0024225687859873767;0.009995635807429792;0.03748532087168137
Fidelity (MAX_ERROR);Tolerancja_0.1;922;3032;0.0007544827497763617;0.027467849383895376;0.09916137620446897;0.4250203972601251
Fidelity (MAX_ERROR);Tolerancja_1.0;922;101;0.051387997321015726;0.2266892086558505;0.9965525969465654;3.5076476563899575
Fidelity (MAX_ERROR);Tolerancja_0.01;923;4690;8.378130195725781e-06;0.002894499990624595;0.009916929183416912;0.047534667217484124
Fidelity (MAX_ERROR);Tolerancja_0.1;923;2571;0.0006708826442412595;0.025901402360514372;0.09930085594987759;0.42536346369361305
Fidelity (MAX_ERROR);Tolerancja_1.0;923;34;0.10226510484746748;0.31978915686349885;0.9597875958013367;5.251708827259679
Fidelity (MAX_ERROR);Tolerancja_0.01;924;4848;4.6060598496149e-06;0.0021461733037233736;0.009920632173145982;0.04559639026620115
Fidelity (MAX_ERROR);Tolerancja_0.1;924;3260;0.0005873524527109309;0.024235355427782174;0.09989718444387297;0.5148907231341112
Fidelity (MAX_ERROR);Tolerancja_1.0;924;224;0.02628252393191426;0.16211885742230686;0.9955222644466493;3.444286013489107
Fidelity (MAX_ERROR);Tolerancja_0.01;925;4818;7.862079210610676e-06;0.002803939944187585;0.009981401425326997;0.04489430094268602
Fidelity (MAX_ERROR);Tolerancja_0.1;925;3352;0.0007187413273849057;0.026809351491315594;0.09992681619326582;0.4292485281021589
Fidelity (MAX_ERROR);Tolerancja_1.0;925;125;0.06962677355217013;0.26386885673032756;0.9929652733985721;4.224843648313642
Fidelity (MAX_ERROR);Tolerancja_0.01;926;4802;7.773928606309104e-06;0.0027881765737322135;0.009983460696200375;0.04975425770995074
Fidelity (MAX_ERROR);Tolerancja_0.1;926;3183;0.0007788885892866379;0.027908575551013667;0.09941544324562201;0.4980209909819463
Fidelity (MAX_ERROR);Tolerancja_1.0;926;109;0.06301373551807615;0.2510253682759497;0.9913802111738681;4.479479880364433
Fidelity (MAX_ERROR);Tolerancja_0.01;927;4854;6.204729959867437e-06;0.0024909295373148226;0.009907546463627348;0.04611927399829516
Fidelity (MAX_ERROR);Tolerancja_0.1;927;3630;0.0006156875213261651;0.024813051431175594;0.09969834316144155;0.4594107944626071
Fidelity (MAX_ERROR);Tolerancja_1.0;927;805;0.014220177478641318;0.11924838564375334;0.9981301558335671;2.207870150067412
Fidelity (MAX_ERROR);Tolerancja_0.01;928;4820;6.341021591573696e-06;0.002518138517153831;0.009860061139370213;0.04731395075602289
Fidelity (MAX_ERROR);Tolerancja_0.1;928;3349;0.0006183983586377239;0.024867616665811058;0.09972388230526885;0.4672440305927626
Fidelity (MAX_ERROR);Tolerancja_1.0;928;107;0.07473420042689742;0.27337556662382506;0.9994868566237893;5.136523669777677
Fidelity (MAX_ERROR);Tolerancja_0.01;929;4870;5.717370022369376e-06;0.002391102260960283;0.009761417862993227;0.04457769025001723
Fidelity (MAX_ERROR);Tolerancja_0.1;929;3681;0.0007293273256961777;0.027006060906696067;0.09942835251469351;0.5034781814343295
Fidelity (MAX_ERROR);Tolerancja_1.0;929;218;0.06500578573605308;0.2549623221890895;0.9907921167669747;4.753302110720188
Fidelity (MAX_ERROR);Tolerancja_0.01;930;4826;7.304773872096692e-06;0.0027027345175019857;0.009884918261036546;0.054559477709478735
Fidelity (MAX_ERROR);Tolerancja_0.1;930;4176;0.00018091981533548034;0.013450643677366534;0.09935611393025745;0.2715250384901636
Fidelity (MAX_ERROR);Tolerancja_1.0;930;2278;0.0025543818238741643;0.05054089259079388;0.9992015882109619;1.0202573300736895
Fidelity (MAX_ERROR);Tolerancja_0.01;931;4838;7.805458713059522e-06;0.00279382510423604;0.009798553957531375;0.04810334117123497
Fidelity (MAX_ERROR);Tolerancja_0.1;931;3627;0.0007217983684393123;0.026866305448261997;0.09906852961627921;0.46257693619720913
Fidelity (MAX_ERROR);Tolerancja_1.0;931;526;0.023627012712514914;0.15371080870425122;0.9992838866851184;2.6465520198798878
Fidelity (MAX_ERROR);Tolerancja_0.01;932;4813;8.073518039428234e-06;0.0028413936790645947;0.009890150783732565;0.04983178742842043
Fidelity (MAX_ERROR);Tolerancja_0.1;932;3357;0.0006824477087913502;0.026123700135917773;0.09935536652781618;0.4581521672299244
Fidelity (MAX_ERROR);Tolerancja_1.0;932;82;0.09081133726409385;0.3013491948953802;0.9987401751082441;5.285001206413553
Fidelity (MAX_ERROR);Tolerancja_0.01;933;4856;6.1941731502441345e-06;0.002488809584971123;0.009893704857938168;0.04405953610304624
Fidelity (MAX_ERROR);Tolerancja_0.1;933;3384;0.0007303028132052955;0.027024115400976503;0.09911484237632262;0.47840943531886443
Fidelity (MAX_ERROR);Tolerancja_1.0;933;144;0.06890266135018366;0.26249316438753917;0.9928529418788496;4.646931257004872
Fidelity (MAX_ERROR);Tolerancja_0.01;934;4866;5.897515318855718e-06;0.002428480042918969;0.009841623736082994;0.04398195195772876
Fidelity (MAX_ERROR);Tolerancja_0.1;934;3849;0.000427541863257532;0.020677085463322243;0.09929355197383849;0.3744805653747903
Fidelity (MAX_ERROR);Tolerancja_1.0;934;1227;0.008217669194352795;0.09065136068671444;0.9976485348432922;1.6417774575711637
Fidelity (MAX_ERROR);Tolerancja_0.01;935;4861;7.067517112137988e-06;0.0026584802260197437;0.00974838825476354;0.04662578551226382
Fidelity (MAX_ERROR);Tolerancja_0.1;935;3786;0.0005898098567844635;0.024286001251430083;0.09964197311984524;0.4259403076302363
Fidelity (MAX_ERROR);Tolerancja_1.0;935;1229;0.009917569935807322;0.09958699682090691;0.9984080669172783;1.7466076701025721
Fidelity (MAX_ERROR);Tolerancja_0.01;936;4781;7.488628913120873e-06;0.002736535933095137;0.009848964868338861;0.048327103654476976
Fidelity (MAX_ERROR);Tolerancja_0.1;936;3201;0.0006780220127828123;0.026038855827067598;0.09957868908055278;0.4598450432826563
Fidelity (MAX_ERROR);Tolerancja_1.0;936;132;0.051179727566690855;0.2262293693725261;0.9898528511815057;3.9952006663356086
Fidelity (MAX_ERROR);Tolerancja_0.01;937;4887;6.60909921899186e-06;0.0025708168388650053;0.009916535460263276;0.04689268471222031
Fidelity (MAX_ERROR);Tolerancja_0.1;937;3902;0.00043184713332124696;0.020780931964694146;0.09922432012784266;0.37905216579984974
Fidelity (MAX_ERROR);Tolerancja_1.0;937;1646;0.005910330945255059;0.07687867679178056;0.9985625898265589;1.4022965375787928
Fidelity (MAX_ERROR);Tolerancja_0.01;938;4690;7.161822405039518e-06;0.0026761581427560514;0.009824806419645782;0.04784207427513542
Fidelity (MAX_ERROR);Tolerancja_0.1;938;2783;0.00047151033067990546;0.021714288629377326;0.0999153088060174;0.38818954412332607
Fidelity (MAX_ERROR);Tolerancja_1.0;938;44;0.06387296369141023;0.25273101054561986;0.9708413910462497;4.518109593367094
Fidelity (MAX_ERROR);Tolerancja_0.01;939;4888;6.5165900694117655e-06;0.0025527612636930554;0.00999051135298501;0.04217164369185145
Fidelity (MAX_ERROR);Tolerancja_0.1;939;3724;0.0008249975602837757;0.028722770762650594;0.09952687550181327;0.47450048372046855
Fidelity (MAX_ERROR);Tolerancja_1.0;939;283;0.054863167223570326;0.23422887786003316;0.9969747329808207;3.869463596123896
Fidelity (MAX_ERROR);Tolerancja_0.01;940;4839;7.047209119909534e-06;0.0026546580043217494;0.009939943267015305;0.05137788459293954
Fidelity (MAX_ERROR);Tolerancja_0.1;940;3351;0.0008451854585123367;0.029072073515873213;0.09975878788423387;0.5626568980050636
Fidelity (MAX_ERROR);Tolerancja_1.0;940;161;0.056996148310885224;0.2387386611147956;0.9952683225103036;4.620515094095045
Fidelity (MAX_ERROR);Tolerancja_0.01;941;4897;7.008863186396263e-06;0.0026474257659840554;0.009702441049604271;0.04582020077828096
Fidelity (MAX_ERROR);Tolerancja_0.1;941;3851;0.0008007248150516521;0.028297081387515074;0.09999376393201143;0.48975044636741916
Fidelity (MAX_ERROR);Tolerancja_1.0;941;1640;0.0108395159116848;0.10411299588276576;0.9991889156514029;1.8019309308956073
Fidelity (MAX_ERROR);Tolerancja_0.01;942;4850;8.237005755569038e-06;0.002870018424256025;0.00990077564864933;0.04769264896864992
Fidelity (MAX_ERROR);Tolerancja_0.1;942;4008;0.00038228626211990246;0.019552142136346658;0.09951362438712286;0.3249085244934112
Fidelity (MAX_ERROR);Tolerancja_1.0;942;1523;0.007244274983621819;0.08511330673650166;0.9997512460058253;1.4143738682783051
Fidelity (MAX_ERROR);Tolerancja_0.01;943;4719;6.491676485346579e-06;0.0025478768583561055;0.009946809105406018;0.03889008580168725
Fidelity (MAX_ERROR);Tolerancja_0.1;943;3489;0.000190601459596602;0.013805848745970021;0.09974566475086988;0.21072864669068272
Fidelity (MAX_ERROR);Tolerancja_1.0;943;601;0.0042953712823650915;0.06553908209889037;0.997720641910381;1.0003703741923282
Fidelity (MAX_ERROR);Tolerancja_0.01;944;4853;8.203898624889869e-06;0.0028642448611963796;0.00990416755246315;0.04899797605976009
Fidelity (MAX_ERROR);Tolerancja_0.1;944;3737;0.0005920316852032073;0.02433170123939564;0.09955113274544214;0.4162367997836488
Fidelity (MAX_ERROR);Tolerancja_1.0;944;1095;0.010418130050262757;0.10206924145041324;0.9999857353404673;1.746074966138283
Fidelity (MAX_ERROR);Tolerancja_0.01;945;4834;6.821042999355119e-06;0.0026117126563531294;0.009916164866272226;0.0455489011851976
Fidelity (MAX_ERROR);Tolerancja_0.1;945;3639;0.000602911975012991;0.024554265922910237;0.09951553832811122;0.42823234381358444
Fidelity (MAX_ERROR);Tolerancja_1.0;945;151;0.07071423305175072;0.265921479109437;0.9948139531130806;4.637734991831204
Fidelity (MAX_ERROR);Tolerancja_0.01;946;4806;5.394866840758267e-06;0.0023226852651098183;0.009884883130446553;0.03853895799531952
Fidelity (MAX_ERROR);Tolerancja_0.1;946;3131;0.0006193507612252073;0.024886758752903266;0.09988044423240083;0.4129314309713167
Fidelity (MAX_ERROR);Tolerancja_1.0;946;67;0.0964474351939705;0.3105598737666708;0.9842483360951277;5.152938329575864
Fidelity (MAX_ERROR);Tolerancja_0.01;947;4750;7.384773124404456e-06;0.00271749390512738;0.009779331395500357;0.043241486575147516
Fidelity (MAX_ERROR);Tolerancja_0.1;947;3638;0.0002525289806091131;0.01589116045508046;0.09977360104741351;0.2528643763231061
Fidelity (MAX_ERROR);Tolerancja_1.0;947;919;0.005283982219175212;0.0726910050774868;0.9985493632718638;1.1566786274152796
Fidelity (MAX_ERROR);Tolerancja_0.01;948;4833;8.05921469576757e-06;0.0028388756041375905;0.009887847966024932;0.049863709404185545
Fidelity (MAX_ERROR);Tolerancja_0.1;948;3609;0.0006969023695382854;0.026398908491418453;0.09991674541851481;0.4636862212931177
Fidelity (MAX_ERROR);Tolerancja_1.0;948;168;0.07386219128820665;0.271775994687181;0.9998912724316265;4.773636154526714
Fidelity (MAX_ERROR);Tolerancja_0.01;949;4783;6.389019493749759e-06;0.0025276509833736457;0.00989488083473411;0.040213212569039966
Fidelity (MAX_ERROR);Tolerancja_0.1;949;3918;0.00017763212337590896;0.013327870174034145;0.09994162352651692;0.21203737380137175
Fidelity (MAX_ERROR);Tolerancja_1.0;949;1236;0.004119309002662175;0.06418184324762086;0.9990116163520568;1.0210895897283194
Fidelity (MAX_ERROR);Tolerancja_0.01;950;4863;8.604876259241544e-06;0.002933406937204851;0.009977135395744963;0.053080875908035445
Fidelity (MAX_ERROR);Tolerancja_0.1;950;4004;0.00044381454796137094;0.021066906463963118;0.0995749649045381;0.38121197355773634
Fidelity (MAX_ERROR);Tolerancja_1.0;950;1770;0.006899850577692298;0.08306533920771225;0.9997824683995797;1.503092157730019
Fidelity (MAX_ERROR);Tolerancja_0.01;951;4854;7.52845810056915e-06;0.0027438035827240166;0.009884531231198146;0.045118248780522646
Fidelity (MAX_ERROR);Tolerancja_0.1;951;3833;0.0006145886857157618;0.024790899251857765;0.09951552635944694;0.4076538010886827
Fidelity (MAX_ERROR);Tolerancja_1.0;951;708;0.022630124682967743;0.1504331236229832;0.9975558384240157;2.473675280252583
Fidelity (MAX_ERROR);Tolerancja_0.01;952;4888;7.225833085158652e-06;0.002688090974122463;0.009707655840291096;0.04905270273962115
Fidelity (MAX_ERROR);Tolerancja_0.1;952;3906;0.000670641351203696;0.02589674402707213;0.09936532608994231;0.4725678181701885
Fidelity (MAX_ERROR);Tolerancja_1.0;952;238;0.07680775661467099;0.277142123493833;0.9968139273467633;5.0573326316860845
Fidelity (MAX_ERROR);Tolerancja_0.01;953;4838;6.8873534691552425e-06;0.002624376777285465;0.009928090289163638;0.045084088858791865
Fidelity (MAX_ERROR);Tolerancja_0.1;953;3885;0.00034355158149769433;0.01853514449627233;0.09972271775999397;0.31841468371200743
Fidelity (MAX_ERROR);Tolerancja_1.0;953;1649;0.004681528052831526;0.06842169285271686;0.9995386709755336;1.1754141810504644
Fidelity (MAX_ERROR);Tolerancja_0.01;954;4784;7.968657935462538e-06;0.002822881140866993;0.009883852950800742;0.048296739387844005
Fidelity (MAX_ERROR);Tolerancja_0.1;954;3028;0.0007133206730313784;0.02670806382034045;0.09938881755215379;0.45694888786168175
Fidelity (MAX_ERROR);Tolerancja_1.0;954;96;0.058640644129653356;0.2421583038626868;0.9883068128840589;4.143092078140595
Fidelity (MAX_ERROR);Tolerancja_0.01;955;4823;6.346102156504925e-06;0.002519147108944796;0.009813487499992668;0.04234355219328912
Fidelity (MAX_ERROR);Tolerancja_0.1;955;3312;0.0006688894967403363;0.025862898073115016;0.09987090651854835;0.434721327127014
Fidelity (MAX_ERROR);Tolerancja_1.0;955;90;0.08364500698973447;0.28921446538811724;0.9943225718117459;4.8613150723641665
Fidelity (MAX_ERROR);Tolerancja_0.01;956;4836;6.658999669063836e-06;0.0025805037626525245;0.009980654953142931;0.0434707212650401
Fidelity (MAX_ERROR);Tolerancja_0.1;956;3929;0.00040094951471107335;0.020023723797312862;0.0997681279551701;0.3373161971236183
Fidelity (MAX_ERROR);Tolerancja_1.0;956;1184;0.008715787601896816;0.09335838260111845;0.9992063685769002;1.5726992095669592
Fidelity (MAX_ERROR);Tolerancja_0.01;957;4767;7.112332757837106e-06;0.0026668957155909015;0.00985528501491828;0.04417590767539678
Fidelity (MAX_ERROR);Tolerancja_0.1;957;2978;0.0006630128098062279;0.025749035123791102;0.09914400058153916;0.426520989069538
Fidelity (MAX_ERROR);Tolerancja_1.0;957;159;0.03417148778938883;0.18485531582669953;0.9959160758187915;3.062043752789646
Fidelity (MAX_ERROR);Tolerancja_0.01;958;4846;7.412942411849088e-06;0.0027226719251222846;0.009790911065856278;0.05126066612929732
Fidelity (MAX_ERROR);Tolerancja_0.1;958;3725;0.0004768838931405066;0.02183767142212069;0.09941657190208808;0.41114523328415675
Fidelity (MAX_ERROR);Tolerancja_1.0;958;1317;0.00735724847138946;0.0857744045236658;0.9996332494445181;1.614903753976691
Fidelity (MAX_ERROR);Tolerancja_0.01;959;4815;6.329976142276157e-06;0.002515944383780404;0.009922245929038453;0.04939965255705348
Fidelity (MAX_ERROR);Tolerancja_0.1;959;3379;0.0006045008484847275;0.024586598961318897;0.09927773104738158;0.482748924848561
Fidelity (MAX_ERROR);Tolerancja_1.0;959;94;0.08162321769635403;0.2856977733486105;0.9822050441121379;5.609571829461001
Fidelity (MAX_ERROR);Tolerancja_0.01;960;4787;6.8228142233509255e-06;0.00261205172677551;0.009926268255004977;0.046106726343509555
Fidelity (MAX_ERROR);Tolerancja_0.1;960;3036;0.0007693166430061193;0.027736557879558872;0.0998651828559236;0.48959286324793483
Fidelity (MAX_ERROR);Tolerancja_1.0;960;69;0.09028442261318557;0.30047366375971385;0.9722906888414529;5.3038218372126
Fidelity (MAX_ERROR);Tolerancja_0.01;961;4884;4.839001971425907e-06;0.002199773163629811;0.009817579409399535;0.040111400953086726
Fidelity (MAX_ERROR);Tolerancja_0.1;961;3620;0.000748425458774043;0.027357365713351185;0.09975604471509403;0.49884337316750865
Fidelity (MAX_ERROR);Tolerancja_1.0;961;151;0.07718248011890758;0.27781735028415266;0.9843410211793744;5.065814654536398
Fidelity (MAX_ERROR);Tolerancja_0.01;962;4824;7.824115607321683e-06;0.0027971620631135554;0.009848792948864649;0.04897740424006257
Fidelity (MAX_ERROR);Tolerancja_0.1;962;3421;0.0007895112139427933;0.028098242185994365;0.09968310398545643;0.49199114492736384
Fidelity (MAX_ERROR);Tolerancja_1.0;962;117;0.08180454042206514;0.2860149304180905;0.977209460793107;5.00802904862345
Fidelity (MAX_ERROR);Tolerancja_0.01;963;4887;6.771414179537373e-06;0.002602194108735429;0.009701518440386359;0.041725373947220236
Fidelity (MAX_ERROR);Tolerancja_0.1;963;3655;0.0007750035941066407;0.027838886366136142;0.09922136487171951;0.4463878924334707
Fidelity (MAX_ERROR);Tolerancja_1.0;963;683;0.02088326072812356;0.144510417368865;0.9991047491666389;2.317179638422516
Fidelity (MAX_ERROR);Tolerancja_0.01;964;4881;7.541958762517775e-06;0.0027462626900057784;0.009776223258084471;0.04826326867545085
Fidelity (MAX_ERROR);Tolerancja_0.1;964;3828;0.0007280121633638437;0.026981700527651028;0.09950949456808633;0.47418080820368846
Fidelity (MAX_ERROR);Tolerancja_1.0;964;813;0.021007900719629585;0.14494102497095013;0.9983098918777804;2.547217225695725
Fidelity (MAX_ERROR);Tolerancja_0.01;965;4848;6.712747968147126e-06;0.0025908971357711456;0.009876977229665407;0.04316257527792641
Fidelity (MAX_ERROR);Tolerancja_0.1;965;3613;0.0008028164613139289;0.028334015975747754;0.09946344683452146;0.4720253384799786
Fidelity (MAX_ERROR);Tolerancja_1.0;965;193;0.06980397316806061;0.2642044154969039;0.9967406319974081;4.401464965629169
Fidelity (MAX_ERROR);Tolerancja_0.01;966;4768;7.3305374813373735e-06;0.002707496533947435;0.00989301602809789;0.05041548476604911
Fidelity (MAX_ERROR);Tolerancja_0.1;966;3777;0.00023318404319071567;0.01527036486763547;0.09961797608857204;0.28434490596885625
Fidelity (MAX_ERROR);Tolerancja_1.0;966;1165;0.004205173461569973;0.06484730882288002;0.9990001798323869;1.2075023805525071
Fidelity (MAX_ERROR);Tolerancja_0.01;967;4873;8.105286723720656e-06;0.002846978525335352;0.00984811641701544;0.04700864179433782
Fidelity (MAX_ERROR);Tolerancja_0.1;967;3867;0.0006627475241309124;0.025743883237206316;0.0991745441702836;0.42507696307633347
Fidelity (MAX_ERROR);Tolerancja_1.0;967;1571;0.00962555690526387;0.09810992256272487;0.9995534209254524;1.619968034594885
Fidelity (MAX_ERROR);Tolerancja_0.01;968;4832;5.924985591292288e-06;0.002434129329204241;0.0099055748929473;0.04266096761731485
Fidelity (MAX_ERROR);Tolerancja_0.1;968;3740;0.0003509718338593124;0.018734242281429808;0.0995874007454054;0.3283395396103653
Fidelity (MAX_ERROR);Tolerancja_1.0;968;1015;0.006867238461788117;0.08286880270516835;0.9995280896516663;1.452372832567027
Fidelity (MAX_ERROR);Tolerancja_0.01;969;4792;8.948658211550337e-06;0.0029914307967175736;0.009921115998447139;0.04878142990285935
Fidelity (MAX_ERROR);Tolerancja_0.1;969;3508;0.0005646447141723851;0.023762253979207972;0.09916671726245951;0.38749240934892754
Fidelity (MAX_ERROR);Tolerancja_1.0;969;277;0.030194378155987953;0.17376529617846007;0.992529176059036;2.833600437750467
Fidelity (MAX_ERROR);Tolerancja_0.01;970;4837;6.3429026866012855e-06;0.0025185119985025456;0.009806712102744086;0.040948118800787844
Fidelity (MAX_ERROR);Tolerancja_0.1;970;3453;0.0006958272028826547;0.026378536784337655;0.0999529417384819;0.4288847774710805
Fidelity (MAX_ERROR);Tolerancja_1.0;970;142;0.0721510588026687;0.2686094912743567;0.9946725317355201;4.367282493099636
Fidelity (MAX_ERROR);Tolerancja_0.01;971;4876;6.3761109910099785e-06;0.002525096234009702;0.00973135812662207;0.040274700091972725
Fidelity (MAX_ERROR);Tolerancja_0.1;971;3745;0.0006278624765370392;0.025057184130245744;0.09978856186527807;0.3996562833537965
Fidelity (MAX_ERROR);Tolerancja_1.0;971;193;0.06591372089025188;0.2567366761688947;0.9951515960754747;4.094890521813049
Fidelity (MAX_ERROR);Tolerancja_0.01;972;4831;5.7026697675471026e-06;0.0023880263330933148;0.009799354261064153;0.03995181517435937
Fidelity (MAX_ERROR);Tolerancja_0.1;972;3466;0.0006296510638439309;0.0250928488586675;0.09946727887022089;0.41980477598043486
Fidelity (MAX_ERROR);Tolerancja_1.0;972;129;0.058472745492854014;0.2418113841258389;0.9894582633323061;4.045518088210306
Fidelity (MAX_ERROR);Tolerancja_0.01;973;4813;6.498622121262904e-06;0.002549239518221641;0.009806740858654628;0.04246455231490923
Fidelity (MAX_ERROR);Tolerancja_0.1;973;3217;0.0006931294102063429;0.026327350991057624;0.09948398418419568;0.4385539944291505
Fidelity (MAX_ERROR);Tolerancja_1.0;973;109;0.06009289965516499;0.2451385315595347;0.9965685798381827;4.083452309366259
Fidelity (MAX_ERROR);Tolerancja_0.01;974;4840;6.372679300916542e-06;0.0025244166258596343;0.009722635691995052;0.04244979749221441
Fidelity (MAX_ERROR);Tolerancja_0.1;974;3667;0.0005980690164327011;0.02445544962646774;0.09993461678684668;0.41123516363749757
Fidelity (MAX_ERROR);Tolerancja_1.0;974;836;0.01376249631137114;0.11731366634527769;0.9986926236985054;1.972709785069823
Fidelity (MAX_ERROR);Tolerancja_0.01;975;4885;6.4003260305296185e-06;0.0025298865647553487;0.009694644671482067;0.04068746193571893
Fidelity (MAX_ERROR);Tolerancja_0.1;975;3668;0.0007330222360424365;0.027074383391730947;0.09945505172371494;0.43542977737843447
Fidelity (MAX_ERROR);Tolerancja_1.0;975;211;0.07056367465783199;0.26563824020240756;0.9866137103930495;4.2721859301830065
Fidelity (MAX_ERROR);Tolerancja_0.01;976;4875;5.5701576134211735e-06;0.0023601181354799116;0.009937775921740055;0.03843447543180742
Fidelity (MAX_ERROR);Tolerancja_0.1;976;3733;0.0006497916387016364;0.025491010939184745;0.09935237531761576;0.41512059034062254
Fidelity (MAX_ERROR);Tolerancja_1.0;976;180;0.07794879376811813;0.2791931119639561;0.9968274539682982;4.546654102264477
Fidelity (MAX_ERROR);Tolerancja_0.01;977;4829;7.622533913046807e-06;0.0027608936801417775;0.009874102746544544;0.040764734485369394
Fidelity (MAX_ERROR);Tolerancja_0.1;977;3419;0.0007822194856634738;0.027968187028541442;0.0999354648932993;0.4129516925827788
Fidelity (MAX_ERROR);Tolerancja_1.0;977;143;0.0727471215129959;0.2697167431083875;0.9872202436000581;3.9823813202786535
Fidelity (MAX_ERROR);Tolerancja_0.01;978;4877;6.822021735405864e-06;0.0026119000240066356;0.009828588203988353;0.042809150578988854
Fidelity (MAX_ERROR);Tolerancja_0.1;978;3731;0.000682799529087144;0.026130433006116525;0.09978531942978819;0.4282788893033759
Fidelity (MAX_ERROR);Tolerancja_1.0;978;1046;0.011897124719318879;0.10907394152279856;0.9994912587380629;1.7877264611876453
Fidelity (MAX_ERROR);Tolerancja_0.01;979;4849;7.745337787979353e-06;0.002783044697445471;0.00998034816764104;0.048577635304975074
Fidelity (MAX_ERROR);Tolerancja_0.1;979;3630;0.0006157388227024211;0.02481408516754992;0.09993026336577415;0.4331262019622843
Fidelity (MAX_ERROR);Tolerancja_1.0;979;138;0.08370820352778116;0.28932370025247006;0.9944981604108696;5.0501025760926685
Fidelity (MAX_ERROR);Tolerancja_0.01;980;4787;8.087733193527758e-06;0.0028438940193909754;0.009856464940230403;0.050713725171541796
Fidelity (MAX_ERROR);Tolerancja_0.1;980;3432;0.0005568695214899259;0.023598083004556236;0.09948110767639484;0.42081269129873605
Fidelity (MAX_ERROR);Tolerancja_1.0;980;595;0.014051219678374659;0.11853784070234559;0.9970513857507748;2.113825422050758
Fidelity (MAX_ERROR);Tolerancja_0.01;981;4815;6.6302135769363684e-06;0.0025749201107872002;0.009902954552932108;0.046812667459830114
Fidelity (MAX_ERROR);Tolerancja_0.1;981;3543;0.0004903355464268485;0.022143521545292845;0.09964238238512557;0.4025745521760948
Fidelity (MAX_ERROR);Tolerancja_1.0;981;970;0.007560409932669164;0.08695061778198683;0.9990739757745644;1.5807831623989868
Fidelity (MAX_ERROR);Tolerancja_0.01;982;4799;8.225060752528032e-06;0.002867936671638346;0.009756321674467827;0.04788790272680679
Fidelity (MAX_ERROR);Tolerancja_0.1;982;3690;0.0004100323186642992;0.020249254768121696;0.09949230037342449;0.3381156746645281
Fidelity (MAX_ERROR);Tolerancja_1.0;982;1425;0.004703966496470629;0.06858546855180497;0.9997127141953601;1.1452185395031889
Fidelity (MAX_ERROR);Tolerancja_0.01;983;4769;7.4243741726374934e-06;0.0027247704807263112;0.009956332394967404;0.05158185904689727
Fidelity (MAX_ERROR);Tolerancja_0.1;983;3139;0.0006576855676870925;0.02564538102050918;0.09976587745944787;0.48548545221000244
Fidelity (MAX_ERROR);Tolerancja_1.0;983;76;0.07921885122074218;0.2814584360447243;0.9848130197982927;5.328210019270753
Fidelity (MAX_ERROR);Tolerancja_0.01;984;4858;5.993137029888075e-06;0.002448088444049372;0.0098970015903177;0.04397737462684079
Fidelity (MAX_ERROR);Tolerancja_0.1;984;3555;0.0007094294107169774;0.026635116119832807;0.09920704210812925;0.4784722883188734
Fidelity (MAX_ERROR);Tolerancja_1.0;984;206;0.058947584177072375;0.24279123579131182;0.9927088293307209;4.361493212576441
Fidelity (MAX_ERROR);Tolerancja_0.01;985;4848;5.085791585219957e-06;0.0022551699681442987;0.009985760329630722;0.03779565873054402
Fidelity (MAX_ERROR);Tolerancja_0.1;985;3419;0.000646914383115608;0.02543451165474989;0.09990408478111235;0.42627125053106457
Fidelity (MAX_ERROR);Tolerancja_1.0;985;129;0.06555648079912318;0.2560399984360318;0.9971650623873987;4.291117981772485
Fidelity (MAX_ERROR);Tolerancja_0.01;986;4841;7.3813871077360895e-06;0.0027168708301529704;0.009976538317083339;0.04285822543438402
Fidelity (MAX_ERROR);Tolerancja_0.1;986;3720;0.000548139780642307;0.023412385197632193;0.09996022070508559;0.36932682688497925
Fidelity (MAX_ERROR);Tolerancja_1.0;986;523;0.02079223700752848;0.1441951351728916;0.9978256691125615;2.274656395583337
Fidelity (MAX_ERROR);Tolerancja_0.01;987;4824;5.807300800291993e-06;0.002409834185227688;0.009890055180623136;0.049293453804236824
Fidelity (MAX_ERROR);Tolerancja_0.1;987;3403;0.0005994437360779848;0.02448354010509887;0.09969134405203128;0.5008138155450896
Fidelity (MAX_ERROR);Tolerancja_1.0;987;124;0.06103626652189127;0.247055189222755;0.9907437190046622;5.053544194742274
Fidelity (MAX_ERROR);Tolerancja_0.01;988;4775;6.6639363460075904e-06;0.0025814601190038925;0.00991521564464648;0.03936200831079455
Fidelity (MAX_ERROR);Tolerancja_0.1;988;3370;0.0006310295748889642;0.025120302046133205;0.09982287199621442;0.38303343546949975
Fidelity (MAX_ERROR);Tolerancja_1.0;988;93;0.08782463147686186;0.29635220848993493;0.9826744645480661;4.518767502015223
Fidelity (MAX_ERROR);Tolerancja_0.01;989;4802;7.4798553632750495e-06;0.0027349324238955244;0.009838856777395044;0.050817664070710526
Fidelity (MAX_ERROR);Tolerancja_0.1;989;3515;0.00047592376939306966;0.021815677147250544;0.09994264754575877;0.4053561773804194
Fidelity (MAX_ERROR);Tolerancja_1.0;989;323;0.023655190554180673;0.15380244001374188;0.99971407600927;2.8577966539814263
Fidelity (MAX_ERROR);Tolerancja_0.01;990;4767;6.6938264708796825e-06;0.0025872430250905467;0.00978837612164618;0.043705386773587415
Fidelity (MAX_ERROR);Tolerancja_0.1;990;3128;0.0005719901140966928;0.023916314810118484;0.0998811815334717;0.40400989734565956
Fidelity (MAX_ERROR);Tolerancja_1.0;990;69;0.0713949274311608;0.2671982923432723;0.9840396530571374;4.513686808256483
Fidelity (MAX_ERROR);Tolerancja_0.01;991;4809;7.932213347027253e-06;0.0028164185319350626;0.009940673472036643;0.048983559123620735
Fidelity (MAX_ERROR);Tolerancja_0.1;991;3557;0.0005005318325547832;0.022372568751817104;0.09931797318801205;0.3891069568587722
Fidelity (MAX_ERROR);Tolerancja_1.0;991;104;0.08205465417131068;0.28645183569198973;0.9995415724070309;4.982011824800686
Fidelity (MAX_ERROR);Tolerancja_0.01;992;4766;7.4329572561761665e-06;0.0027263450361566795;0.009763810357295455;0.04573975518948031
Fidelity (MAX_ERROR);Tolerancja_0.1;992;2965;0.0007101763184240375;0.02664913353983648;0.09945101453162053;0.44709118910429774
Fidelity (MAX_ERROR);Tolerancja_1.0;992;66;0.07117988215186222;0.26679558120752717;0.9753928273868464;4.4760162078642
Fidelity (MAX_ERROR);Tolerancja_0.01;993;4781;7.3625689517964915e-06;0.002713405416040237;0.009847062115905914;0.04654872504378662
Fidelity (MAX_ERROR);Tolerancja_0.1;993;3315;0.0006287994921548728;0.025075874703684272;0.09998255171555748;0.4301789883347585
Fidelity (MAX_ERROR);Tolerancja_1.0;993;74;0.08569997281435802;0.29274557693389325;0.9998416833361743;5.022077898099989
Fidelity (MAX_ERROR);Tolerancja_0.01;994;4865;5.908181094690221e-06;0.0024306750286062968;0.009882194621961382;0.04095997486315836
Fidelity (MAX_ERROR);Tolerancja_0.1;994;3658;0.0006529624135348269;0.025553129231756077;0.09950185568142533;0.43060282377932624
Fidelity (MAX_ERROR);Tolerancja_1.0;994;199;0.058850928578711;0.24259210329009268;0.9936176770475953;4.087986397120455
Fidelity (MAX_ERROR);Tolerancja_0.01;995;4856;6.992391033714218e-06;0.0026443129606221385;0.009952104567138242;0.04515343355615656
Fidelity (MAX_ERROR);Tolerancja_0.1;995;3796;0.0005086592954455855;0.022553476349458534;0.09968293112171;0.3851158735636303
Fidelity (MAX_ERROR);Tolerancja_1.0;995;153;0.07821247294080888;0.27966492976561946;0.9807318241135876;4.775467961699998
Fidelity (MAX_ERROR);Tolerancja_0.01;996;4801;8.063814624830168e-06;0.0028396856559890866;0.009745841911850128;0.05532916259039116
Fidelity (MAX_ERROR);Tolerancja_0.1;996;3357;0.0007679419621383814;0.027711765770848697;0.09920710349125716;0.5399431415122861
Fidelity (MAX_ERROR);Tolerancja_1.0;996;153;0.06751302271034249;0.25983268214438016;0.9897441167356673;5.062646524393715
Fidelity (MAX_ERROR);Tolerancja_0.01;997;4848;8.366698875751313e-06;0.002892524654303108;0.009717302483607249;0.049439537014189315
Fidelity (MAX_ERROR);Tolerancja_0.1;997;3709;0.0006946597754117891;0.02635639913591743;0.09940417030191906;0.4504881812165154
Fidelity (MAX_ERROR);Tolerancja_1.0;997;237;0.061194210824190895;0.24737463658223108;0.9895070739014811;4.228170530365081
Fidelity (MAX_ERROR);Tolerancja_0.01;998;4853;7.453346703809424e-06;0.002730081812658629;0.009931848174212554;0.04727254328706863
Fidelity (MAX_ERROR);Tolerancja_0.1;998;3713;0.0006260770071176664;0.025021530870785392;0.09936091393455015;0.4332585916339455
Fidelity (MAX_ERROR);Tolerancja_1.0;998;1035;0.01109672065290271;0.10534097328628927;0.9979885446196222;1.8240243557861167
Fidelity (MAX_ERROR);Tolerancja_0.01;999;4840;6.290605913016359e-06;0.002508108034558392;0.009787186598697595;0.04062329936895716
Fidelity (MAX_ERROR);Tolerancja_0.1;999;3470;0.0007748168338387076;0.027835531858376762;0.09999493893021327;0.4508462666665317
Fidelity (MAX_ERROR);Tolerancja_1.0;999;408;0.0285869557942195;0.16907677485160255;0.9996362494138067;2.7385010320513414
