Strategia;Konfiguracja;Indeks sygnału;Wymagane K;MSE;RMSE;Max Error;PRD
Fidelity (MSE);Tolerancja_0.01;0;896;0.009986806136103147;0.09993400890639356;0.8051291325980188;1.5154255412742295
Fidelity (MSE);Tolerancja_0.1;0;96;0.09874414462321097;0.3142358105359906;1.2638081634443408;4.76515431013379
Fidelity (MSE);Tolerancja_1.0;0;10;0.9053253515939841;0.9514858651572203;3.813567096541094;14.428581400864918
Fidelity (MSE);Tolerancja_0.01;1;572;0.009989096444687437;0.09994546735439;0.4350230187550075;1.929234029989583
Fidelity (MSE);Tolerancja_0.1;1;60;0.09866681517723506;0.3141127427807332;1.0740658587060414;6.063276391286367
Fidelity (MSE);Tolerancja_1.0;1;7;0.9207910341884901;0.9595785711386484;3.267510534174929;18.522617212096574
Fidelity (MSE);Tolerancja_0.01;2;706;0.009982150731123551;0.09991071379548618;0.4987411725073265;1.744771295300616
Fidelity (MSE);Tolerancja_0.1;2;71;0.09964243546709542;0.3156619005630794;1.1383077206844083;5.512500133367887
Fidelity (MSE);Tolerancja_1.0;2;10;0.9149656125904941;0.9565383487296755;3.419252234703012;16.704321191559625
Fidelity (MSE);Tolerancja_0.01;3;814;0.009988534365239533;0.09994265538417285;3.2132544406497336;1.94874560424562
Fidelity (MSE);Tolerancja_0.1;3;82;0.09978796921541848;0.31589233801315675;3.9731280816019856;6.1594701756893455
Fidelity (MSE);Tolerancja_1.0;3;8;0.9238352806819367;0.9611635036152468;4.809223710432186;18.741378697930354
Fidelity (MSE);Tolerancja_0.01;4;1185;0.009996699385314077;0.09998349556458844;0.35631308876319157;1.6522576409072736
Fidelity (MSE);Tolerancja_0.1;4;142;0.09909762011397791;0.3147977447726999;1.2451087773470597;5.202128373328114
Fidelity (MSE);Tolerancja_1.0;4;7;0.9745924106782561;0.9872144704562713;2.964676205353359;16.31401905699431
Fidelity (MSE);Tolerancja_0.01;5;1276;0.009990451173692195;0.0999522444655056;0.34304164073793064;1.6432149795113764
Fidelity (MSE);Tolerancja_0.1;5;144;0.09924177876807111;0.31502663183939084;1.1779035712705888;5.179038081152347
Fidelity (MSE);Tolerancja_1.0;5;12;0.9640400492020537;0.9818554115561281;3.333538452857878;16.141703756738902
Fidelity (MSE);Tolerancja_0.01;6;1040;0.009983757237372753;0.09991875318163629;0.6692812528826009;1.809286477596124
Fidelity (MSE);Tolerancja_0.1;6;103;0.09968248549100363;0.3157253323555201;1.282416247176239;5.7170206420306915
Fidelity (MSE);Tolerancja_1.0;6;8;0.9833165877359359;0.9916232085504735;3.026565297317063;17.95589321295284
Fidelity (MSE);Tolerancja_0.01;7;982;0.009993176357479816;0.0999658759651503;1.1247378180519685;1.9881893753052473
Fidelity (MSE);Tolerancja_0.1;7;101;0.09981954053244067;0.3159423057022289;1.6097524394328682;6.283675597716945
Fidelity (MSE);Tolerancja_1.0;7;8;0.9133977896288732;0.9557184677659385;2.83419806327447;19.00797932344104
Fidelity (MSE);Tolerancja_0.01;8;430;0.009979111064653183;0.0998955007227712;0.9710396233160665;1.6039809391962732
Fidelity (MSE);Tolerancja_0.1;8;38;0.09952543659652259;0.3154765230512765;1.6208756241124407;5.065476683904486
Fidelity (MSE);Tolerancja_1.0;8;5;0.925922194024639;0.962248509494631;2.8216244553962126;15.450428265860703
Fidelity (MSE);Tolerancja_0.01;9;814;0.009996613469290252;0.09998306591263469;1.2619968900273317;2.17476418015045
Fidelity (MSE);Tolerancja_0.1;9;86;0.0984715137892019;0.3138017109405267;1.9255569969890205;6.82560305981919
Fidelity (MSE);Tolerancja_1.0;9;10;0.9343457645766906;0.9666156240081631;2.8065426672463705;21.025170771454423
Fidelity (MSE);Tolerancja_0.01;10;1356;0.009984697537396212;0.09992345839389373;0.5514861849138679;1.7346235983146698
Fidelity (MSE);Tolerancja_0.1;10;166;0.09936264927976972;0.3152184151977319;1.130858110802067;5.472041404631279
Fidelity (MSE);Tolerancja_1.0;10;14;0.9706725312630544;0.9852271470392269;2.8741297440741915;17.103073556738664
Fidelity (MSE);Tolerancja_0.01;11;667;0.009994029213741016;0.09997014161108814;0.5498196910856432;1.8456033517014054
Fidelity (MSE);Tolerancja_0.1;11;60;0.09914150064364365;0.3148674334440506;1.001543942183301;5.812939555159181
Fidelity (MSE);Tolerancja_1.0;11;5;0.9063761638532007;0.9520379004289696;3.137829718445772;17.576091337491803
Fidelity (MSE);Tolerancja_0.01;12;1120;0.009989088999032936;0.09994543010579791;0.5501521776317855;1.8571437559031037
Fidelity (MSE);Tolerancja_0.1;12;117;0.09992484314528059;0.3161089102592342;1.0842457404449366;5.873802216387835
Fidelity (MSE);Tolerancja_1.0;12;15;0.9817924247631221;0.9908543913023357;2.9839414588857673;18.41163766936007
Fidelity (MSE);Tolerancja_0.01;13;403;0.009995903922756271;0.09997951751612062;0.4068518149753313;1.888750734617638
Fidelity (MSE);Tolerancja_0.1;13;40;0.09838584308282179;0.31366517671367633;1.1214418993910478;5.925567032731515
Fidelity (MSE);Tolerancja_1.0;13;3;0.849134707937269;0.9214850557319251;2.92676639815107;17.408121375182862
Fidelity (MSE);Tolerancja_0.01;14;1592;0.009995325129654896;0.09997662291583416;0.5247485109025689;1.8115618816148975
Fidelity (MSE);Tolerancja_0.1;14;184;0.09931783012039036;0.31514731495031073;1.3522921658258031;5.710423559094312
Fidelity (MSE);Tolerancja_1.0;14;15;0.9733147384216787;0.9865671484605996;3.197811424524347;17.8764533916025
Fidelity (MSE);Tolerancja_0.01;15;658;0.009995952506956408;0.09997976048659253;0.4138446419165469;1.8768129819309542
Fidelity (MSE);Tolerancja_0.1;15;68;0.09961681253169606;0.315621311909852;1.178440605018948;5.924820910587457
Fidelity (MSE);Tolerancja_1.0;15;8;0.9193410389838824;0.9588227359548179;2.8397986571149834;17.99895248250648
Fidelity (MSE);Tolerancja_0.01;16;1060;0.009998766893157995;0.0999938342757092;0.8880630458731913;1.496786907020869
Fidelity (MSE);Tolerancja_0.1;16;116;0.09888268684340963;0.3144561763480082;1.5901287669168145;4.707029098331933
Fidelity (MSE);Tolerancja_1.0;16;6;0.886135563066368;0.9413477375902956;3.753014215802425;14.090838488040147
Fidelity (MSE);Tolerancja_0.01;17;1084;0.009992871449111825;0.09996435089126435;0.5401674622484638;1.5749871966031095
Fidelity (MSE);Tolerancja_0.1;17;106;0.09923405625237701;0.31501437467578686;1.1394012608783912;4.963205407095339
Fidelity (MSE);Tolerancja_1.0;17;6;0.9389545078151168;0.9689966500536092;2.813201000435334;15.267015728895265
Fidelity (MSE);Tolerancja_0.01;18;802;0.009985597497295108;0.09992796153877606;0.5569980216101795;1.6838494408587306
Fidelity (MSE);Tolerancja_0.1;18;94;0.09932346509120064;0.3151562550405761;1.1193793048867535;5.310582500247261
Fidelity (MSE);Tolerancja_1.0;18;10;0.9727212027731579;0.9862662940469769;3.0232986615649864;16.619211702065858
Fidelity (MSE);Tolerancja_0.01;19;1006;0.009987108214193845;0.09993552028279958;0.8762715946728106;1.797678441322691
Fidelity (MSE);Tolerancja_0.1;19;107;0.09958735543611119;0.31557464320840356;1.1558809829635042;5.67667763292256
Fidelity (MSE);Tolerancja_1.0;19;10;0.9264487644309429;0.9625220851652927;3.0500345194845258;17.3142161756116
Fidelity (MSE);Tolerancja_0.01;20;824;0.009993359325986101;0.09996679111578055;0.4244390329432566;1.7243464201592908
Fidelity (MSE);Tolerancja_0.1;20;96;0.09868258027773409;0.31413783643129345;1.4517594187602878;5.418624001439783
Fidelity (MSE);Tolerancja_1.0;20;6;0.9938074911826156;0.9968989372963618;3.4308822177811207;17.195701638523687
Fidelity (MSE);Tolerancja_0.01;21;1192;0.009988871464467359;0.09994434183317913;0.4078475814684861;1.8531827861043935
Fidelity (MSE);Tolerancja_0.1;21;141;0.0999693007904238;0.3161792225786252;1.1081539730793146;5.86264196511083
Fidelity (MSE);Tolerancja_1.0;21;15;0.9956306594516711;0.9978129381059714;3.278770998259291;18.501595255254042
Fidelity (MSE);Tolerancja_0.01;22;1254;0.009996000836409568;0.09998000218248432;0.6112941743382834;1.5854202249070322
Fidelity (MSE);Tolerancja_0.1;22;136;0.09937956861866915;0.3152452515402399;1.2795232899887692;4.998961659208298
Fidelity (MSE);Tolerancja_1.0;22;13;0.9901977766760414;0.9950868186625935;3.1430911147581604;15.779463226721754
Fidelity (MSE);Tolerancja_0.01;23;1084;0.009999774186295296;0.09999887092510243;0.37882296900236945;1.8079124774138902
Fidelity (MSE);Tolerancja_0.1;23;114;0.09895364721123506;0.31456898641035014;1.3157822185861745;5.687196168091434
Fidelity (MSE);Tolerancja_1.0;23;11;0.9881364482219056;0.9940505259904577;3.6712698872452716;17.971766405883027
Fidelity (MSE);Tolerancja_0.01;24;1336;0.009990002994220584;0.09995000247233905;0.7238563352888274;1.7383039832898302
Fidelity (MSE);Tolerancja_0.1;24;140;0.09947430611635662;0.3153954757385664;1.2927871125177433;5.48527461957461
Fidelity (MSE);Tolerancja_1.0;24;16;0.9407982043950113;0.9699475266193586;3.831399670444105;16.86907060928952
Fidelity (MSE);Tolerancja_0.01;25;1274;0.009995034362190765;0.09997516872799347;0.35532030986400276;1.6959422342976622
Fidelity (MSE);Tolerancja_0.1;25;128;0.09980556176021546;0.3159201825781561;1.0778929681324039;5.359154549256609
Fidelity (MSE);Tolerancja_1.0;25;8;0.9835070693358708;0.9917192492514557;3.477328295208869;16.823162999079543
Fidelity (MSE);Tolerancja_0.01;26;1017;0.009995903366504721;0.09997951473429305;0.3590793725571215;1.8808980190258326
Fidelity (MSE);Tolerancja_0.1;26;104;0.09955033608284582;0.3155159838785443;1.1097873270529135;5.935749844608773
Fidelity (MSE);Tolerancja_1.0;26;6;0.965960195544292;0.9828327403705536;3.132268954803796;18.489869242810304
Fidelity (MSE);Tolerancja_0.01;27;612;0.009991567621196;0.0999578292141041;0.4926092723794788;1.5195724573566576
Fidelity (MSE);Tolerancja_0.1;27;68;0.09940596321233942;0.3152871123473642;1.2793127070956078;4.793037382358113
Fidelity (MSE);Tolerancja_1.0;27;6;0.7630208663278608;0.8735106561043551;2.839785135535947;13.279227296749156
Fidelity (MSE);Tolerancja_0.01;28;904;0.009988650320969244;0.0999432354938004;0.3852061910570219;1.5599345446588204
Fidelity (MSE);Tolerancja_0.1;28;96;0.09859715498407397;0.31400183914122853;1.1261338482588652;4.901005191023547
Fidelity (MSE);Tolerancja_1.0;28;6;0.9220222739162633;0.9602199091438707;4.295297715983169;14.987309539679583
Fidelity (MSE);Tolerancja_0.01;29;816;0.00998726714938594;0.09993631546833183;0.4895303542610474;1.7641311380853477
Fidelity (MSE);Tolerancja_0.1;29;88;0.09828833108874024;0.31350969855610566;1.0502221746057865;5.534246672220335
Fidelity (MSE);Tolerancja_1.0;29;10;0.9129181403899888;0.9554674983430828;3.622336550397783;16.866440966494025
Fidelity (MSE);Tolerancja_0.01;30;1110;0.009990584191066233;0.09995290986792847;0.39705314019207627;1.7997165866084364
Fidelity (MSE);Tolerancja_0.1;30;129;0.0996252853502626;0.31563473406813547;1.1064006074623673;5.683206891752888
Fidelity (MSE);Tolerancja_1.0;30;9;0.9940474613340777;0.9970192883460569;3.188325424309794;17.951975112839463
Fidelity (MSE);Tolerancja_0.01;31;622;0.009977051447554827;0.09988519133262361;0.733594995881437;1.9272811481386802
Fidelity (MSE);Tolerancja_0.1;31;64;0.09967379943827682;0.31571157634505076;1.2133816938485147;6.0916434280306655
Fidelity (MSE);Tolerancja_1.0;31;7;0.8628613585109796;0.9289033095597085;2.9550498496588573;17.923155705798173
Fidelity (MSE);Tolerancja_0.01;32;1356;0.009991732788294619;0.09995865539459112;0.42753784921353777;1.9129520848452375
Fidelity (MSE);Tolerancja_0.1;32;158;0.0993233682315069;0.31515610137122035;1.2232005400419093;6.031278820127021
Fidelity (MSE);Tolerancja_1.0;32;9;0.990229229526002;0.9951026226103526;3.5869241901456426;19.04370991229283
Fidelity (MSE);Tolerancja_0.01;33;856;0.009983304248121966;0.09991648636797616;1.8355384382584736;1.695174874870263
Fidelity (MSE);Tolerancja_0.1;33;102;0.09864290239155231;0.31407467645697307;2.594914678443483;5.328565081863295
Fidelity (MSE);Tolerancja_1.0;33;10;0.9099101236605729;0.9538920922518296;3.5741231651244476;16.18365463901052
Fidelity (MSE);Tolerancja_0.01;34;930;0.009993622331054719;0.099968106569319;0.7042014275236563;1.8213249517245567
Fidelity (MSE);Tolerancja_0.1;34;108;0.09996699534725058;0.31617557677222724;1.2869148412361167;5.7604218671667455
Fidelity (MSE);Tolerancja_1.0;34;12;0.8831882926896635;0.9397809812342786;3.1075213631878644;17.12192627246875
Fidelity (MSE);Tolerancja_0.01;35;768;0.009998401472532456;0.09999200704322549;0.4385890804479704;1.7254166452909618
Fidelity (MSE);Tolerancja_0.1;35;80;0.09887323303385229;0.3144411439901787;1.3143003904348305;5.4258535241766985
Fidelity (MSE);Tolerancja_1.0;35;10;0.8835821277062649;0.9399904934127072;2.70672279707697;16.220048898992793
Fidelity (MSE);Tolerancja_0.01;36;619;0.009995646324517502;0.09997822925276033;0.7089624029653772;1.5650985218290059
Fidelity (MSE);Tolerancja_0.1;36;76;0.09942206948502826;0.3153126535441105;1.174299339879151;4.936028290001382
Fidelity (MSE);Tolerancja_1.0;36;6;0.9148941488781315;0.9565009926174314;3.4701860281357613;14.97344272710438
Fidelity (MSE);Tolerancja_0.01;37;1500;0.009995656855980459;0.09997828192152763;0.3699922317350257;1.5811239971092645
Fidelity (MSE);Tolerancja_0.1;37;170;0.09938436520389773;0.31525285915261375;1.3448420934180128;4.985621388800602
Fidelity (MSE);Tolerancja_1.0;37;15;0.9944630499914594;0.9972276821225228;3.048447675305037;15.770831309375218
Fidelity (MSE);Tolerancja_0.01;38;626;0.009981952767820289;0.0999097230894986;0.4749122763232201;1.7534250399750757
Fidelity (MSE);Tolerancja_0.1;38;58;0.09920563015501778;0.314969252713686;1.179180757484617;5.527740018213138
Fidelity (MSE);Tolerancja_1.0;38;8;0.8917789810599431;0.9443405005928439;2.8961573016843962;16.573264631299267
Fidelity (MSE);Tolerancja_0.01;39;1504;0.009997746462197234;0.09998873167611055;0.43021027824907954;1.7037828218623867
Fidelity (MSE);Tolerancja_0.1;39;176;0.09992395042608375;0.3161074982123704;1.354615360077628;5.386392209281416
Fidelity (MSE);Tolerancja_1.0;39;14;0.9839453707364341;0.9919402052222877;3.24838924982265;16.902411438189826
Fidelity (MSE);Tolerancja_0.01;40;647;0.009999599522894283;0.09999799759442328;0.3788589355098013;1.8824380335137054
Fidelity (MSE);Tolerancja_0.1;40;66;0.09968624534557542;0.31573128661185196;1.173523072143786;5.943564837157423
Fidelity (MSE);Tolerancja_1.0;40;8;0.950651797206918;0.9750137420605506;2.893787191032807;18.354397042002965
Fidelity (MSE);Tolerancja_0.01;41;834;0.009998330400802356;0.0999916516555375;0.3705743247638371;1.77749341146359
Fidelity (MSE);Tolerancja_0.1;41;85;0.09962109322475714;0.3156280932121809;1.099716856434135;5.610736965223414
Fidelity (MSE);Tolerancja_1.0;41;10;0.9407081007083296;0.9699010777952201;2.754377087285979;17.24136712424196
Fidelity (MSE);Tolerancja_0.01;42;906;0.009983343709265282;0.0999166838384125;0.39181209355043745;1.9449348025176203
Fidelity (MSE);Tolerancja_0.1;42;86;0.09908889625360193;0.31478388817346087;1.0644109294420394;6.127446547070132
Fidelity (MSE);Tolerancja_1.0;42;8;0.9920686253879362;0.9960264180170806;3.330957378847345;19.388217965292732
Fidelity (MSE);Tolerancja_0.01;43;872;0.00998830931401304;0.09994152947605435;0.6192205824541794;1.9249415374664303
Fidelity (MSE);Tolerancja_0.1;43;88;0.09859293325839241;0.3139951166155175;1.0939699129323643;6.04775858147781
Fidelity (MSE);Tolerancja_1.0;43;7;0.9401366620919838;0.9696064470144491;3.079789000977822;18.67527678071555
Fidelity (MSE);Tolerancja_0.01;44;764;0.009987676884212779;0.09993836542696093;0.4093695044455927;1.72735741446731
Fidelity (MSE);Tolerancja_0.1;44;74;0.09941357903459436;0.3152991897144589;1.3559534119688061;5.449702832360679
Fidelity (MSE);Tolerancja_1.0;44;12;0.9589133013080658;0.9792411864847526;3.3912078145757745;16.925427155024067
Fidelity (MSE);Tolerancja_0.01;45;1661;0.00999808872498559;0.09999044316826278;0.41804869219224905;1.6483885517197534
Fidelity (MSE);Tolerancja_0.1;45;215;0.0998670192033451;0.3160174349673529;1.1436096459802765;5.209693101043953
Fidelity (MSE);Tolerancja_1.0;45;14;0.9601462953225824;0.9798705502884463;3.752342412263154;16.153617746695623
Fidelity (MSE);Tolerancja_0.01;46;604;0.009996834901553488;0.0999841732553382;0.9165271978915;2.0743713328510016
Fidelity (MSE);Tolerancja_0.1;46;54;0.09984289359334338;0.3159792613342581;1.3020466837260072;6.555620756230285
Fidelity (MSE);Tolerancja_1.0;46;7;0.963956262436751;0.981812743060891;2.6947627136047947;20.369665939349865
Fidelity (MSE);Tolerancja_0.01;47;528;0.009993784348284856;0.09996891691063206;0.5348965105874202;1.606875925223724
Fidelity (MSE);Tolerancja_0.1;47;47;0.09983604748042599;0.31596842798043284;1.0320205813965815;5.078799248234584
Fidelity (MSE);Tolerancja_1.0;47;6;0.937695089429435;0.9683465750594851;2.632545933822183;15.564966059669763
Fidelity (MSE);Tolerancja_0.01;48;1242;0.009991183362670193;0.09995590709242848;0.38070374000747087;1.5660768753923926
Fidelity (MSE);Tolerancja_0.1;48;144;0.09921557445363108;0.31498503845997367;1.2080083233186185;4.935083870236962
Fidelity (MSE);Tolerancja_1.0;48;12;0.9645173920871691;0.982098463539766;3.373551884785675;15.387201595657682
Fidelity (MSE);Tolerancja_0.01;49;964;0.009986612357813117;0.09993303937043603;1.5026686248708663;1.6536042964625033
Fidelity (MSE);Tolerancja_0.1;49;106;0.09987661630325424;0.3160326190494491;2.249161378608825;5.229430626494779
Fidelity (MSE);Tolerancja_1.0;49;10;0.9368091760057847;0.9678890308324528;2.953968353698232;16.015778865192427
Fidelity (MSE);Tolerancja_0.01;50;1266;0.00998552754314241;0.09992761151524843;0.6050472456904297;1.5329785134868232
Fidelity (MSE);Tolerancja_0.1;50;138;0.09975123684784226;0.31583419201828394;1.3486681399814966;4.845177652571227
Fidelity (MSE);Tolerancja_1.0;50;6;0.9846582763845044;0.9922994892594194;3.186637672731452;15.222757483265928
Fidelity (MSE);Tolerancja_0.01;51;800;0.00998220871242667;0.09991100396065826;0.5985422728634999;1.687037942560567
Fidelity (MSE);Tolerancja_0.1;51;78;0.09906852615699291;0.3147515308254956;1.0787118508821756;5.314707629108829
Fidelity (MSE);Tolerancja_1.0;51;10;0.8326323125777413;0.9124868835099721;3.0101195598095796;15.407712199312233
Fidelity (MSE);Tolerancja_0.01;52;1650;0.00999754081913278;0.09998770333962462;0.5898843791470076;1.938011255183151
Fidelity (MSE);Tolerancja_0.1;52;216;0.09985529190273566;0.3159988795909499;1.4475355152178215;6.1248470043599
Fidelity (MSE);Tolerancja_1.0;52;19;0.9964671515695842;0.9982320128955914;3.045824789985832;19.348227948637383
Fidelity (MSE);Tolerancja_0.01;53;1128;0.009985142622108001;0.09992568549731345;0.4063816309421897;1.6656333093697049
Fidelity (MSE);Tolerancja_0.1;53;122;0.09991819358344728;0.31609839225065234;1.15537954499416;5.26895570994159
Fidelity (MSE);Tolerancja_1.0;53;16;0.91361668233241;0.9558329782615842;2.995596677548587;15.932512635395904
Fidelity (MSE);Tolerancja_0.01;54;1284;0.00998843509772767;0.09994215876059347;0.9506219714754947;1.9032253261939494
Fidelity (MSE);Tolerancja_0.1;54;140;0.09998885327784349;0.3162101410104418;1.6526741391555615;6.0216744988675
Fidelity (MSE);Tolerancja_1.0;54;16;0.9323562142091943;0.9655859434608576;3.5432402526602482;18.387912018328212
Fidelity (MSE);Tolerancja_0.01;55;590;0.009988904894074226;0.09994450907415688;0.7148707203754903;1.6620952895218786
Fidelity (MSE);Tolerancja_0.1;55;54;0.09868701988081509;0.3141449026815732;1.1508782458578457;5.224286634765848
Fidelity (MSE);Tolerancja_1.0;55;6;0.7897546268535727;0.8886813978325262;2.732913679398748;14.778932618771492
Fidelity (MSE);Tolerancja_0.01;56;723;0.00999483831502847;0.09997418824390858;1.1462102442256867;1.682285938799941
Fidelity (MSE);Tolerancja_0.1;56;78;0.09824606443934605;0.3134422824689516;1.401578919119598;5.274356848353853
Fidelity (MSE);Tolerancja_1.0;56;5;0.8437184518900412;0.9185414807672222;3.2350561324686584;15.456483762880927
Fidelity (MSE);Tolerancja_0.01;57;568;0.009986175450303482;0.09993085334521808;0.5977372817505895;1.693104889338302
Fidelity (MSE);Tolerancja_0.1;57;58;0.09981167386185862;0.3159298559203587;1.12449405461044;5.3527250677910985
Fidelity (MSE);Tolerancja_1.0;57;6;0.9293852222323002;0.9640462759807229;2.9478280127129732;16.33360877818873
Fidelity (MSE);Tolerancja_0.01;58;1342;0.009997865237798114;0.09998932561927855;0.36177655468697534;1.6666845389149618
Fidelity (MSE);Tolerancja_0.1;58;146;0.09956609058693829;0.3155409491443833;1.2033582978426374;5.259633646654955
Fidelity (MSE);Tolerancja_1.0;58;16;0.9907836543154812;0.9953811603177354;3.224252843784033;16.59163495657122
Fidelity (MSE);Tolerancja_0.01;59;1198;0.009995723101603241;0.09997861322104463;0.4288499859288386;1.6154961060325643
Fidelity (MSE);Tolerancja_0.1;59;138;0.09980676137888123;0.3159220811828151;1.563792738034424;5.104800672041256
Fidelity (MSE);Tolerancja_1.0;59;8;0.945643556136723;0.972442057984291;3.3005981642691102;15.713124111279814
Fidelity (MSE);Tolerancja_0.01;60;1386;0.009996883684794275;0.09998441720985463;0.43499552690105503;1.7248556488351112
Fidelity (MSE);Tolerancja_0.1;60;168;0.0993879379357545;0.3152585255560181;1.1686377633509366;5.438601972419464
Fidelity (MSE);Tolerancja_1.0;60;12;0.986563052209825;0.9932588042448076;3.4765811976854524;17.134950695977107
Fidelity (MSE);Tolerancja_0.01;61;882;0.009987585428092348;0.09993790786329454;0.3449880831602634;1.7501681074874456
Fidelity (MSE);Tolerancja_0.1;61;103;0.09987976685635168;0.3160376035479824;1.138959868689509;5.5346259124520945
Fidelity (MSE);Tolerancja_1.0;61;9;0.9903220607332268;0.995149265554282;2.861804156599207;17.427606240718067
Fidelity (MSE);Tolerancja_0.01;62;1065;0.009995706742403934;0.09997853140751735;0.5708111248110663;2.0011589100258336
Fidelity (MSE);Tolerancja_0.1;62;134;0.09986006646118126;0.31600643420851615;1.1701727087815863;6.325148834845919
Fidelity (MSE);Tolerancja_1.0;62;6;0.9293215984222848;0.9640132770985496;2.8493559645156;19.29558007794375
Fidelity (MSE);Tolerancja_0.01;63;1119;0.009998513604097113;0.09999256774429344;0.3765382941901745;1.832194662242833
Fidelity (MSE);Tolerancja_0.1;63;117;0.09980102594237264;0.3159130037563706;1.1008036120466471;5.788571413584438
Fidelity (MSE);Tolerancja_1.0;63;16;0.9904618062318539;0.9952194764130442;3.2272481111432088;18.235713449294334
Fidelity (MSE);Tolerancja_0.01;64;1026;0.009989968694002297;0.09994983088531113;0.38987286998990633;1.5897106563129482
Fidelity (MSE);Tolerancja_0.1;64;104;0.09847410210884214;0.31380583504588017;1.169278924685564;4.991108794951773
Fidelity (MSE);Tolerancja_1.0;64;13;0.9948287295597056;0.997411013353926;2.759476848625099;15.863907948699243
Fidelity (MSE);Tolerancja_0.01;65;1030;0.009997407053401967;0.09998703442647935;1.3035727960344996;2.004353009542188
Fidelity (MSE);Tolerancja_0.1;65;128;0.09954782298142956;0.3155120013270962;2.0839240744011036;6.324794339926614
Fidelity (MSE);Tolerancja_1.0;65;10;0.9431054728543515;0.9711361762669288;3.4654870377296763;19.467521251539633
Fidelity (MSE);Tolerancja_0.01;66;1118;0.009993509510350987;0.09996754228423838;0.5380438941840557;1.6081939694042604
Fidelity (MSE);Tolerancja_0.1;66;114;0.0998073850559408;0.3159230682554549;1.0874147184476062;5.082305331859885
Fidelity (MSE);Tolerancja_1.0;66;16;0.9422362986621374;0.9706885693476242;2.959047706864315;15.615623508637825
Fidelity (MSE);Tolerancja_0.01;67;1273;0.009995147673559432;0.0999757354239489;1.7994423612113897;1.6012435467211261
Fidelity (MSE);Tolerancja_0.1;67;154;0.09942064958656341;0.31531040196378457;2.7420644250761272;5.050112852059197
Fidelity (MSE);Tolerancja_1.0;67;12;0.9807220514381847;0.9903141175597694;3.243814947264978;15.861189550095062
Fidelity (MSE);Tolerancja_0.01;68;478;0.009987016729859563;0.09993506256494546;0.4127492766795351;1.8714497073970981
Fidelity (MSE);Tolerancja_0.1;68;48;0.09925527936145782;0.3150480588123942;1.0531187178780987;5.899797151748557
Fidelity (MSE);Tolerancja_1.0;68;4;0.9700186695526205;0.9848952581633341;2.660157281569015;18.44379635534546
Fidelity (MSE);Tolerancja_0.01;69;726;0.009992601749900788;0.09996300190520885;0.3859402940801502;1.8883315541328878
Fidelity (MSE);Tolerancja_0.1;69;67;0.09939001678839317;0.31526182259892044;1.2500045022414668;5.955391855793852
Fidelity (MSE);Tolerancja_1.0;69;7;0.9082351261592015;0.9530137072252431;2.858056062147859;18.002719211864875
Fidelity (MSE);Tolerancja_0.01;70;866;0.009996485275469372;0.09998242483291438;0.743185382907189;1.642966232607098
Fidelity (MSE);Tolerancja_0.1;70;94;0.09969178371148803;0.3157400571854766;1.3888433581201651;5.1884143948707155
Fidelity (MSE);Tolerancja_1.0;70;8;0.8721446793588715;0.9338868664666355;3.1797157399749025;15.346142977068784
Fidelity (MSE);Tolerancja_0.01;71;735;0.00999854467326586;0.09999272310156304;0.36943069744537116;1.6080708013785492
Fidelity (MSE);Tolerancja_0.1;71;78;0.0988103766575866;0.31434117874943873;1.202858018681436;5.055196573699334
Fidelity (MSE);Tolerancja_1.0;71;12;0.9291328824486398;0.9639153917479686;3.0255372699540684;15.501569998197642
Fidelity (MSE);Tolerancja_0.01;72;1434;0.009990358301422015;0.0999517798812108;0.7613263529274876;1.586604564714888
Fidelity (MSE);Tolerancja_0.1;72;166;0.0995188961413986;0.3154661568875473;1.5512640147667236;5.007615123269401
Fidelity (MSE);Tolerancja_1.0;72;15;0.9857745480407795;0.99286179704971;3.290559994264895;15.760390272211868
Fidelity (MSE);Tolerancja_0.01;73;392;0.00998546129153595;0.09992728001669988;0.4084059528904307;1.8446675442591578
Fidelity (MSE);Tolerancja_0.1;73;42;0.09785053609922263;0.3128107033002909;1.1175759701807477;5.774516746362894
Fidelity (MSE);Tolerancja_1.0;73;3;0.9422717620395706;0.9707068363000081;2.813737655402369;17.919344903752616
Fidelity (MSE);Tolerancja_0.01;74;828;0.009992347167307424;0.09996172851300353;0.4226808691741102;1.7811438986097212
Fidelity (MSE);Tolerancja_0.1;74;90;0.09973660600688015;0.31581102895066876;1.210084917053953;5.627202487359632
Fidelity (MSE);Tolerancja_1.0;74;10;0.8878008622380428;0.9422318516363384;2.7276963489033434;16.788930509534847
Fidelity (MSE);Tolerancja_0.01;75;596;0.009979104132697845;0.09989546602673138;0.8754733806371542;1.7983142982464344
Fidelity (MSE);Tolerancja_0.1;75;68;0.09887862427552557;0.31444971660907184;1.063998611820221;5.660711581307549
Fidelity (MSE);Tolerancja_1.0;75;7;0.9364277531393551;0.967691972240834;3.4323105455582033;17.420353287238417
Fidelity (MSE);Tolerancja_0.01;76;1126;0.00999338208675983;0.09996690495738993;1.3508790845613454;1.8323351027274355
Fidelity (MSE);Tolerancja_0.1;76;132;0.09947555287706634;0.3153974522361687;2.3822509987937623;5.781051471879245
Fidelity (MSE);Tolerancja_1.0;76;8;0.9296035483313942;0.9641595035736537;3.089357604528243;17.672481745626612
Fidelity (MSE);Tolerancja_0.01;77;432;0.00997075094127766;0.09985364761127988;0.7618880104853041;1.6858992901024419
Fidelity (MSE);Tolerancja_0.1;77;47;0.09989153586518262;0.3160562226332249;1.1451342668341473;5.3361992687948785
Fidelity (MSE);Tolerancja_1.0;77;4;0.8596120519040916;0.9271526583600413;3.0557877029124123;15.6537697514138
Fidelity (MSE);Tolerancja_0.01;78;706;0.009997158648402999;0.09998579223271174;1.6583588772665356;1.7032301844899407
Fidelity (MSE);Tolerancja_0.1;78;74;0.09984994049425201;0.3159904120289918;2.4187577515429144;5.382808854727573
Fidelity (MSE);Tolerancja_1.0;78;10;0.8766791352827342;0.9363114520728315;3.4048832044047455;15.949805383772386
Fidelity (MSE);Tolerancja_0.01;79;1010;0.009992900250556885;0.09996449494974145;1.0098492633071485;1.8611615288484002
Fidelity (MSE);Tolerancja_0.1;79;97;0.0998473630460933;0.31598633363817064;1.6138405855576687;5.883104877435681
Fidelity (MSE);Tolerancja_1.0;79;9;0.954523502630843;0.9769971866033407;2.722128023274683;18.189954127347516
Fidelity (MSE);Tolerancja_0.01;80;697;0.009995730637714908;0.09997865090965626;1.055071994818542;1.7907272403053982
Fidelity (MSE);Tolerancja_0.1;80;66;0.09977456580268101;0.31587112214110524;1.5523148218008114;5.657598074163246
Fidelity (MSE);Tolerancja_1.0;80;9;0.9756945489362774;0.9877725188201367;3.0779721308450805;17.692088666756117
Fidelity (MSE);Tolerancja_0.01;81;388;0.00999936694455643;0.09999683467268566;0.34954347799305463;1.6705055827963424
Fidelity (MSE);Tolerancja_0.1;81;46;0.09977096840615472;0.31586542768425085;1.1849641431268445;5.276716628941711
Fidelity (MSE);Tolerancja_1.0;81;6;0.7418647621840303;0.8613157157419283;2.605236822412629;14.388782569036046
Fidelity (MSE);Tolerancja_0.01;82;1104;0.009984018772320524;0.09992006191111234;0.3839400550832033;1.9296331976561676
Fidelity (MSE);Tolerancja_0.1;82;112;0.09990537640129123;0.3160781175616104;1.053991449739395;6.104027730108145
Fidelity (MSE);Tolerancja_1.0;82;8;0.8722581108767641;0.9339475953589496;3.0340437811225947;18.03618062685922
Fidelity (MSE);Tolerancja_0.01;83;570;0.009969340462928645;0.09984658463326948;0.40567359800067937;1.8942485838908847
Fidelity (MSE);Tolerancja_0.1;83;55;0.09896460608056322;0.31458640479296496;1.057556619480133;5.968204660971843
Fidelity (MSE);Tolerancja_1.0;83;7;0.9558347187378328;0.9776680002627849;3.080316153510136;18.547917605948175
Fidelity (MSE);Tolerancja_0.01;84;894;0.009995298047329612;0.0999764874724533;0.4240272877917626;1.654293325804427
Fidelity (MSE);Tolerancja_0.1;84;92;0.09892000914952205;0.3145155149583595;1.006128487965558;5.2042328192507865
Fidelity (MSE);Tolerancja_1.0;84;7;0.9581985934482143;0.9788761890291409;3.33113405134727;16.197291855707196
Fidelity (MSE);Tolerancja_0.01;85;1106;0.009989430131949872;0.0999471366871001;0.8567418725472518;1.5812163210328658
Fidelity (MSE);Tolerancja_0.1;85;122;0.09894486309885862;0.3145550239606079;1.4241857287005346;4.976426081184504
Fidelity (MSE);Tolerancja_1.0;85;12;0.9673363902732913;0.9835326076309272;3.813825107362808;15.560003647956014
Fidelity (MSE);Tolerancja_0.01;86;810;0.009997721271598146;0.09998860570884137;0.40267103636856305;1.7772489399407863
Fidelity (MSE);Tolerancja_0.1;86;85;0.09976630255509573;0.31585804177683324;1.288294666633789;5.6142234001570035
Fidelity (MSE);Tolerancja_1.0;86;5;0.8953423728068824;0.946225328770522;3.6826665672593144;16.818695996216213
Fidelity (MSE);Tolerancja_0.01;87;928;0.009983809856764413;0.09991901649217937;1.2195608661100623;1.556012566987396
Fidelity (MSE);Tolerancja_0.1;87;98;0.09964863763587781;0.3156717244795261;1.8520619661761257;4.915872749519814
Fidelity (MSE);Tolerancja_1.0;87;8;0.9780454173190248;0.9889617875929407;2.750978328683522;15.400841839604976
Fidelity (MSE);Tolerancja_0.01;88;1010;0.00999869371439912;0.0999934683586839;0.3820267997140281;1.9059984931658625
Fidelity (MSE);Tolerancja_0.1;88;111;0.09980457730522842;0.31591862449882313;1.157785497122771;6.021797544794296
Fidelity (MSE);Tolerancja_1.0;88;12;0.946744929227306;0.973008185591111;3.5819721331807384;18.546732761806933
Fidelity (MSE);Tolerancja_0.01;89;1236;0.009992650973168756;0.09996324811233755;0.9784794778289294;1.7594490064403359
Fidelity (MSE);Tolerancja_0.1;89;142;0.09900768538358644;0.31465486709025564;1.540928384190817;5.538227335824616
Fidelity (MSE);Tolerancja_1.0;89;18;0.9272115896480273;0.9629182673768462;3.5224308467300443;16.948284702749085
Fidelity (MSE);Tolerancja_0.01;90;786;0.00998778826334414;0.09993892266451615;0.3636960853554241;1.6500639591563555
Fidelity (MSE);Tolerancja_0.1;90;69;0.09941369978410644;0.3152993811984198;1.1901597948787899;5.205821029372934
Fidelity (MSE);Tolerancja_1.0;90;8;0.9704102244440906;0.985094018073448;3.02556070856427;16.264615349717467
Fidelity (MSE);Tolerancja_0.01;91;1020;0.009983759315993318;0.0999187635831895;0.5211039991486421;1.774079053885554
Fidelity (MSE);Tolerancja_0.1;91;113;0.09990938921037096;0.31608446531009865;1.2492249882130473;5.612147399105766
Fidelity (MSE);Tolerancja_1.0;91;8;0.9225406524275716;0.9604897981902627;3.2616154700321855;17.053702140953924
Fidelity (MSE);Tolerancja_0.01;92;814;0.009979271437843025;0.09989630342431609;0.7707361044967191;1.8095989767888412
Fidelity (MSE);Tolerancja_0.1;92;83;0.09995819074294714;0.3161616528659779;1.4280901829838113;5.72719694237334
Fidelity (MSE);Tolerancja_1.0;92;10;0.9044472967440595;0.9510243407737047;2.9575648517574935;17.227591161761353
Fidelity (MSE);Tolerancja_0.01;93;1008;0.009989267321722761;0.09994632220208385;0.3671640068164592;1.6649725628833756
Fidelity (MSE);Tolerancja_0.1;93;100;0.09966195933860565;0.3156928243381621;1.05533920081605;5.2590218353351466
Fidelity (MSE);Tolerancja_1.0;93;8;0.9970182167325993;0.998507995327328;3.2021832437529496;16.63381282483069
Fidelity (MSE);Tolerancja_0.01;94;1429;0.009999236544882535;0.09999618265155193;0.39725963650322615;1.7543752504542636
Fidelity (MSE);Tolerancja_0.1;94;164;0.09964294782341673;0.31566271212073294;1.1158503468934953;5.538119905693102
Fidelity (MSE);Tolerancja_1.0;94;13;0.9888711237619642;0.9944199936455241;3.356353808047602;17.446524248708585
Fidelity (MSE);Tolerancja_0.01;95;818;0.009982164275642691;0.09991078157857985;0.3974044213606813;1.789972380611032
Fidelity (MSE);Tolerancja_0.1;95;98;0.09874690875693928;0.3142402086890525;1.1453661751040105;5.629835794933295
Fidelity (MSE);Tolerancja_1.0;95;9;0.9755984223775688;0.9877238593744553;2.9571195732713558;17.69577216809458
Fidelity (MSE);Tolerancja_0.01;96;1390;0.009986775409244112;0.09993385517052823;0.4255291866000306;1.7338500154571608
Fidelity (MSE);Tolerancja_0.1;96;160;0.0993401050657739;0.31518265349757735;1.174816914975768;5.468411557885811
Fidelity (MSE);Tolerancja_1.0;96;15;0.977834166663394;0.9888549775692055;3.222171630334592;17.156610392119575
Fidelity (MSE);Tolerancja_0.01;97;895;0.009996179767321244;0.09998089701198547;0.7694759762593426;1.791909982075465
Fidelity (MSE);Tolerancja_0.1;97;102;0.09920520105928554;0.31496857154212315;1.294785592638442;5.645031643582097
Fidelity (MSE);Tolerancja_1.0;97;8;0.9559962222769707;0.9777505930844382;2.935693262849843;17.523758038679933
Fidelity (MSE);Tolerancja_0.01;98;625;0.009991774846070526;0.09995886577022833;0.45963315262847537;1.84469480166891
Fidelity (MSE);Tolerancja_0.1;98;68;0.09986800971880758;0.31601900214830053;1.06528003800896;5.831985047045161
Fidelity (MSE);Tolerancja_1.0;98;6;0.9851210450800256;0.9925326418209255;3.394758438991369;18.31673249536902
Fidelity (MSE);Tolerancja_0.01;99;1090;0.009998114772000716;0.09999057341570113;0.38143558690565094;1.7105631030180442
Fidelity (MSE);Tolerancja_0.1;99;119;0.09963889744922204;0.3156562963877357;1.1023431022768229;5.400009174778893
Fidelity (MSE);Tolerancja_1.0;99;11;0.9827580661451873;0.9913415486829892;3.463126717897641;16.959121422536118
Fidelity (MSE);Tolerancja_0.01;100;1031;0.009997607336865956;0.09998803596863955;0.37482719695008004;1.5838368240686727
Fidelity (MSE);Tolerancja_0.1;100;115;0.09975472623031849;0.3158397160433097;1.165619875449373;5.002984286336845
Fidelity (MSE);Tolerancja_1.0;100;6;0.9906664634573904;0.9953222912491162;2.727640132513436;15.766167236160022
Fidelity (MSE);Tolerancja_0.01;101;1029;0.009999433642661107;0.09999716817320932;0.782152706467917;1.545525076567891
Fidelity (MSE);Tolerancja_0.1;101;103;0.09967034593732307;0.3157061069053354;1.331869189286846;4.879455228198585
Fidelity (MSE);Tolerancja_1.0;101;6;0.8749551204502987;0.9353903572574921;2.8401015141606725;14.457101935298283
Fidelity (MSE);Tolerancja_0.01;102;1404;0.00999316329717259;0.09996581064130171;0.38406782553078944;1.7335125126669904
Fidelity (MSE);Tolerancja_0.1;102;173;0.09991247978200544;0.3160893541105196;1.2018005682859796;5.4813225337365985
Fidelity (MSE);Tolerancja_1.0;102;16;0.9919571961842394;0.9959704795746906;3.3745057009546953;17.27117779082302
Fidelity (MSE);Tolerancja_0.01;103;415;0.009995620319759093;0.09997809920057038;1.4770252345295098;1.8238731402397828
Fidelity (MSE);Tolerancja_0.1;103;40;0.09948868145125027;0.31541826429560205;1.7532530586797161;5.75408919343127
Fidelity (MSE);Tolerancja_1.0;103;4;0.8814262821640244;0.9388430551290372;2.6547394494157484;17.127057273966855
Fidelity (MSE);Tolerancja_0.01;104;1326;0.009999078355821664;0.09999539167292493;0.3884482718333411;1.5466752840581446
Fidelity (MSE);Tolerancja_0.1;104;162;0.09990226223573304;0.3160731912638796;1.1747702098374306;4.888851223066826
Fidelity (MSE);Tolerancja_1.0;104;12;0.9526429381211369;0.9760342914678443;3.7100474918592345;15.096776858920634
Fidelity (MSE);Tolerancja_0.01;105;1214;0.009988599825236652;0.0999429828714185;1.1037188519610863;1.7300102965018949
Fidelity (MSE);Tolerancja_0.1;105;120;0.09933954368257635;0.3151817629282766;2.1700740438399135;5.455787684834772
Fidelity (MSE);Tolerancja_1.0;105;12;0.9611916251190314;0.9804038071728565;3.7135380305194996;16.97076305317829
Fidelity (MSE);Tolerancja_0.01;106;726;0.009984535164069384;0.09992264590206458;0.42484369318726234;1.589861827054281
Fidelity (MSE);Tolerancja_0.1;106;65;0.09944429573624652;0.3153478963561459;1.0720689834301158;5.017477050696744
Fidelity (MSE);Tolerancja_1.0;106;6;0.8628615560412555;0.9289034158841571;3.2859986377880945;14.779713533426708
Fidelity (MSE);Tolerancja_0.01;107;740;0.009988612461537821;0.09994304608894919;1.4472705100895351;1.7074238345005839
Fidelity (MSE);Tolerancja_0.1;107;66;0.099652703811534;0.3156781649267716;1.863843912321343;5.393035773070894
Fidelity (MSE);Tolerancja_1.0;107;8;0.8480686942977751;0.9209064525226084;2.739072638223366;15.732736672675232
Fidelity (MSE);Tolerancja_0.01;108;496;0.009992076156715862;0.09996037293205674;0.37293153808384893;1.4901111424045008
Fidelity (MSE);Tolerancja_0.1;108;37;0.09951107433226888;0.31545375942009135;1.1178879531537946;4.702475071244166
Fidelity (MSE);Tolerancja_1.0;108;6;0.8988243605967029;0.9480634792020537;3.3925809426114464;14.13279995489799
Fidelity (MSE);Tolerancja_0.01;109;1214;0.009989388540641363;0.09994692862035012;0.4967814730494693;1.6396624841298835
Fidelity (MSE);Tolerancja_0.1;109;122;0.09956163123585528;0.3155338828649869;1.287501310377687;5.176437909070584
Fidelity (MSE);Tolerancja_1.0;109;10;0.9163687298631219;0.9572715026903924;3.1082021564275166;15.704356219391514
Fidelity (MSE);Tolerancja_0.01;110;825;0.00999807227773461;0.09999036092411413;0.9278616753344182;1.8779717164513408
Fidelity (MSE);Tolerancja_0.1;110;86;0.0994552320892975;0.315365236018965;1.638510848186228;5.923040862359653
Fidelity (MSE);Tolerancja_1.0;110;7;0.9667303477291979;0.9832244645701194;3.1830875853925544;18.466457349694345
Fidelity (MSE);Tolerancja_0.01;111;706;0.009990699825156466;0.09995348830909538;0.5342805412491023;1.7895976074104127
Fidelity (MSE);Tolerancja_0.1;111;64;0.09973793910177858;0.31581313953314005;1.1395826979416714;5.654414352698977
Fidelity (MSE);Tolerancja_1.0;111;8;0.8353038998832013;0.9139496156152161;2.8632929734988393;16.363631455670006
Fidelity (MSE);Tolerancja_0.01;112;1250;0.009988503936223973;0.09994250315168203;1.1280620529641352;1.5029074148120503
Fidelity (MSE);Tolerancja_0.1;112;132;0.09936837745385879;0.3152275011065164;2.1436416986224565;4.740303012489476
Fidelity (MSE);Tolerancja_1.0;112;15;0.9716725313918898;0.9857345136454794;3.3847522674280386;14.823199968741307
Fidelity (MSE);Tolerancja_0.01;113;719;0.009999905909098338;0.09999952954438505;1.0517171044834805;1.7783409930691971
Fidelity (MSE);Tolerancja_0.1;113;77;0.09997239319895405;0.31618411281870895;1.993591840943048;5.622858144879123
Fidelity (MSE);Tolerancja_1.0;113;10;0.9313247126346738;0.9650516631946052;2.926782436224108;17.16199007043167
Fidelity (MSE);Tolerancja_0.01;114;1152;0.00999634337896792;0.09998171522317428;0.38113791185265633;1.4613589980978634
Fidelity (MSE);Tolerancja_0.1;114;126;0.0997476846170939;0.3158285683992091;1.0707538278641202;4.6162332708168305
Fidelity (MSE);Tolerancja_1.0;114;14;0.9352323049066841;0.9670740948379726;2.792415107241575;14.13500885801216
Fidelity (MSE);Tolerancja_0.01;115;1036;0.009999655989897487;0.0999982799346943;0.966714921119336;1.8257130578008733
Fidelity (MSE);Tolerancja_0.1;115;109;0.09973915981929442;0.31581507218512295;1.595549953921073;5.7659761899430215
Fidelity (MSE);Tolerancja_1.0;115;9;0.9940877794782942;0.9970395074811701;2.968747289697456;18.203393589774837
Fidelity (MSE);Tolerancja_0.01;116;1891;0.009996552569396147;0.09998276136112738;0.3561414311831621;1.6793822509635483
Fidelity (MSE);Tolerancja_0.1;116;242;0.09992954760040387;0.31611635136513244;1.2046537450622155;5.309717220196347
Fidelity (MSE);Tolerancja_1.0;116;16;0.9571978949197113;0.9783649088758812;3.6920955519736447;16.433319509922338
Fidelity (MSE);Tolerancja_0.01;117;601;0.00999182570274933;0.09995912015793922;1.8933134079881033;1.5265633750745518
Fidelity (MSE);Tolerancja_0.1;117;56;0.09805863964486441;0.31314316158087246;2.4340729176126934;4.7822838063110416
Fidelity (MSE);Tolerancja_1.0;117;8;0.6884100460609591;0.8297047945269204;2.6290331433171663;12.671149460372217
Fidelity (MSE);Tolerancja_0.01;118;616;0.009980587178999006;0.09990288874201289;0.4484584002403347;1.8570105827335166
Fidelity (MSE);Tolerancja_0.1;118;56;0.09864940173610144;0.3140850231005952;1.053376415735889;5.838261727166895
Fidelity (MSE);Tolerancja_1.0;118;5;0.9414506889394976;0.9702838187558822;2.665252917896836;18.035787977440403
Fidelity (MSE);Tolerancja_0.01;119;626;0.00999997110736876;0.09999985553673944;0.36940408851101125;1.836968846630489
Fidelity (MSE);Tolerancja_0.1;119;65;0.09956767077351891;0.3155434530671155;1.208710571969668;5.796443304156003
Fidelity (MSE);Tolerancja_1.0;119;8;0.9549027174284817;0.9771912389233142;2.932954195193429;17.950724563225787
Fidelity (MSE);Tolerancja_0.01;120;1020;0.009993678342737898;0.09996838671669107;0.5206177474262166;1.5902096436498825
Fidelity (MSE);Tolerancja_0.1;120;116;0.09941770026650386;0.3153057250772714;1.062660122274374;5.0156076454135645
Fidelity (MSE);Tolerancja_1.0;120;7;0.9651205707853528;0.9824055022165505;3.4514046450086173;15.627247321963925
Fidelity (MSE);Tolerancja_0.01;121;486;0.009986467698458788;0.09993231558639472;0.5292166574515864;1.5275058128299799
Fidelity (MSE);Tolerancja_0.1;121;56;0.09733410416280273;0.3119841408834794;1.2754437078922312;4.768803623871627
Fidelity (MSE);Tolerancja_1.0;121;6;0.96880845945089;0.9842806812342149;2.902622904154149;15.045127826961
Fidelity (MSE);Tolerancja_0.01;122;1074;0.009994078803063718;0.09997038963144896;1.8470497943388864;1.610381716198913
Fidelity (MSE);Tolerancja_0.1;122;122;0.0992648448926695;0.31506323951338644;2.6339025367382662;5.075223595999129
Fidelity (MSE);Tolerancja_1.0;122;9;0.956114117978425;0.9778108804766007;3.2423685782812592;15.751151612242204
Fidelity (MSE);Tolerancja_0.01;123;964;0.009992467396036998;0.09996232988499718;0.3674499680182519;1.7153964884825557
Fidelity (MSE);Tolerancja_0.1;123;108;0.0989110425274493;0.31450125997752265;1.1651963852043217;5.396976617186187
Fidelity (MSE);Tolerancja_1.0;123;12;0.979150854795153;0.9895205176221223;3.480121292459044;16.98059682245548
Fidelity (MSE);Tolerancja_0.01;124;758;0.009993698026930155;0.09996848516872782;0.36914634286834414;1.6038036360861212
Fidelity (MSE);Tolerancja_0.1;124;76;0.09969360307311315;0.31574293827908984;1.1924250194931239;5.0654931064107895
Fidelity (MSE);Tolerancja_1.0;124;8;0.9226269910330142;0.9605347422311252;3.290286299256125;15.409947540739832
Fidelity (MSE);Tolerancja_0.01;125;724;0.009983187775295646;0.09991590351538461;0.895656375593179;1.7377497316074662
Fidelity (MSE);Tolerancja_0.1;125;84;0.09800228508882831;0.31305316655294885;1.1285137996461465;5.444659328657228
Fidelity (MSE);Tolerancja_1.0;125;10;0.8925996761408638;0.9447749341196896;2.51267856309285;16.431642315511443
Fidelity (MSE);Tolerancja_0.01;126;730;0.009996193043295023;0.09998096340451527;0.6209149350273391;1.83645068166779
Fidelity (MSE);Tolerancja_0.1;126;79;0.09998699762697172;0.31620720679164116;1.113726510680766;5.8080950681712675
Fidelity (MSE);Tolerancja_1.0;126;6;0.9447275751690071;0.9719709744478006;3.1827524437373738;17.85316622089438
Fidelity (MSE);Tolerancja_0.01;127;1320;0.009990370323076075;0.09995184001846126;0.3344738480500915;1.8583619703601464
Fidelity (MSE);Tolerancja_0.1;127;141;0.09986392983080931;0.3160125469515559;1.2850322845288504;5.87548662738928
Fidelity (MSE);Tolerancja_1.0;127;16;0.9598862262614312;0.9797378354750985;3.244992312669445;18.2158480927775
Fidelity (MSE);Tolerancja_0.01;128;888;0.009982538425399807;0.0999126539803633;0.3935210602520298;1.742022698325889
Fidelity (MSE);Tolerancja_0.1;128;100;0.09861331299460298;0.3140275672526267;1.2903988108024382;5.475213881933819
Fidelity (MSE);Tolerancja_1.0;128;10;0.938544380484;0.9687850021981141;3.544849657933943;16.89120843450419
Fidelity (MSE);Tolerancja_0.01;129;628;0.009991445419520174;0.09995721794608017;0.41746236528582337;1.7002215719477822
Fidelity (MSE);Tolerancja_0.1;129;68;0.09957886662777883;0.31556119315875775;1.112944583304432;5.36753582085005
Fidelity (MSE);Tolerancja_1.0;129;7;0.9492577902522685;0.9742986145182947;2.757691290445109;16.572325200331388
Fidelity (MSE);Tolerancja_0.01;130;772;0.009994361948996229;0.09997180577040823;0.3538110068071161;2.148666102268882
Fidelity (MSE);Tolerancja_0.1;130;88;0.09979311396784449;0.31590048111366414;1.2335908878464243;6.789560818959184
Fidelity (MSE);Tolerancja_1.0;130;8;0.9758386225414626;0.9878454446630114;3.623487816230062;21.231486266265087
Fidelity (MSE);Tolerancja_0.01;131;536;0.009997107529377868;0.09998553660093978;0.39667343627928986;1.8286033422967733
Fidelity (MSE);Tolerancja_0.1;131;48;0.09828453986792426;0.3135036520806803;1.3233692603839815;5.7335675289218635
Fidelity (MSE);Tolerancja_1.0;131;4;0.9958145804638104;0.9979050959203538;2.804857901058021;18.250365560150325
Fidelity (MSE);Tolerancja_0.01;132;650;0.009987485681368492;0.09993740881856249;0.5441514911027099;2.0103139270310297
Fidelity (MSE);Tolerancja_0.1;132;71;0.09940287936488651;0.31528222177104515;1.1020905372870775;6.342132029081507
Fidelity (MSE);Tolerancja_1.0;132;7;0.9968533522408576;0.9984254364953137;2.9594451007048357;20.08405644909771
Fidelity (MSE);Tolerancja_0.01;133;942;0.00999820148276243;0.09999100700944276;1.248154492960961;2.0280752061669176
Fidelity (MSE);Tolerancja_0.1;133;102;0.09943164960373412;0.3153278446375044;1.90015131923849;6.395660996423246
Fidelity (MSE);Tolerancja_1.0;133;8;0.8992082262091888;0.9482659048015957;3.3190632117058323;19.23327535045166
Fidelity (MSE);Tolerancja_0.01;134;588;0.009979886843245345;0.0998993835979249;0.5854469869671792;2.184310996348455
Fidelity (MSE);Tolerancja_0.1;134;51;0.09978865722160819;0.31589342699968953;1.2625314251716553;6.907044482344059
Fidelity (MSE);Tolerancja_1.0;134;7;0.9807619472885224;0.9903342603830902;4.033866890604763;21.653767391817336
Fidelity (MSE);Tolerancja_0.01;135;974;0.009987086746099733;0.0999354128730138;0.387608821517464;1.7467891332205339
Fidelity (MSE);Tolerancja_0.1;135;100;0.09928825677771608;0.315100391586104;1.3644496330326974;5.507696661998514
Fidelity (MSE);Tolerancja_1.0;135;10;0.9638845152284834;0.9817762042484445;2.9972836141095875;17.160643615040154
Fidelity (MSE);Tolerancja_0.01;136;1054;0.009990303198986574;0.09995150423573712;0.42856086594241116;1.77151149762511
Fidelity (MSE);Tolerancja_0.1;136;97;0.09981908279109467;0.3159415812948569;1.226132703300837;5.599657034892145
Fidelity (MSE);Tolerancja_1.0;136;8;0.970390859522593;0.9850841890531961;3.2122735436174086;17.4593467139887
Fidelity (MSE);Tolerancja_0.01;137;1516;0.009998187147159377;0.09999093532495522;0.4702784325743705;1.6504092131492614
Fidelity (MSE);Tolerancja_0.1;137;171;0.09976045468474497;0.3158487845231401;1.2365199003652192;5.213270005375056
Fidelity (MSE);Tolerancja_1.0;137;18;0.9590755227070349;0.9793240131371409;3.628585729895642;16.16431898238741
Fidelity (MSE);Tolerancja_0.01;138;1045;0.009998633811978646;0.09999316882656857;0.40544935079060407;1.987639573415117
Fidelity (MSE);Tolerancja_0.1;138;112;0.09933074276618098;0.31516780096669295;1.366419161194818;6.264827895934932
Fidelity (MSE);Tolerancja_1.0;138;8;0.8968296284959446;0.9470108914346997;3.0622669221471783;18.824449173477912
Fidelity (MSE);Tolerancja_0.01;139;1289;0.009996442177816988;0.09998220930654107;0.3685810297304912;1.9014612540322027
Fidelity (MSE);Tolerancja_0.1;139;140;0.09918176954683937;0.31493137275736655;1.220439618240027;5.9893635790875495
Fidelity (MSE);Tolerancja_1.0;139;11;0.9766175549357087;0.9882396242489514;3.861409103373897;18.79433719500524
Fidelity (MSE);Tolerancja_0.01;140;648;0.009998759745678643;0.09999379853610245;1.4330883973693043;1.6066282035981327
Fidelity (MSE);Tolerancja_0.1;140;72;0.0994562679875172;0.3153668783932726;1.9131575883463707;5.067087446672006
Fidelity (MSE);Tolerancja_1.0;140;8;0.9449722168782897;0.9720968145603038;3.515371109035594;15.618950192562247
Fidelity (MSE);Tolerancja_0.01;141;1302;0.009994465760333535;0.09997232497213183;0.9810765366203849;1.8525275497742397
Fidelity (MSE);Tolerancja_0.1;141;154;0.09929334753608154;0.3151084694769113;1.6923532957045078;5.839087177735417
Fidelity (MSE);Tolerancja_1.0;141;11;0.999998170548378;0.9999990852737707;4.055015894036041;18.530386841909568
Fidelity (MSE);Tolerancja_0.01;142;1324;0.009997469059410726;0.09998734449624476;0.3682453952586515;1.659717289301457
Fidelity (MSE);Tolerancja_0.1;142;140;0.09982449248250527;0.3159501423998813;1.5548612047546762;5.2445428623022865
Fidelity (MSE);Tolerancja_1.0;142;14;0.9818429625696481;0.9908798931099814;3.4292055010268823;16.447886465047397
Fidelity (MSE);Tolerancja_0.01;143;1216;0.009990769734612447;0.09995383801841952;0.5250937633374972;1.6895890623557885
Fidelity (MSE);Tolerancja_0.1;143;144;0.09931274178034169;0.3151392418921225;1.4294178588293347;5.327017218907635
Fidelity (MSE);Tolerancja_1.0;143;13;0.9914019869436008;0.9956917128025123;3.7811890176778835;16.830867736358552
Fidelity (MSE);Tolerancja_0.01;144;536;0.009989127163841573;0.09994562103384806;0.7900039941383685;1.8240321413393241
Fidelity (MSE);Tolerancja_0.1;144;52;0.09992005406164724;0.3161013351152558;1.0879198748249612;5.7689270345844585
Fidelity (MSE);Tolerancja_1.0;144;3;0.7635594308745531;0.8738188776139785;2.650136781769106;15.947409221031913
Fidelity (MSE);Tolerancja_0.01;145;1278;0.009990634047869353;0.0999531592690764;0.396403074424005;1.7978876986085948
Fidelity (MSE);Tolerancja_0.1;145;116;0.09980222272614535;0.3159148979173748;1.2119730935689308;5.682456792024183
Fidelity (MSE);Tolerancja_1.0;145;10;0.9946796871331389;0.9973362959068215;3.5895956547693975;17.93938951904131
Fidelity (MSE);Tolerancja_0.01;146;965;0.009998868525637488;0.0999943424681491;0.3297210562067727;1.9335942399717139
Fidelity (MSE);Tolerancja_0.1;146;94;0.09906078778849453;0.3147392377643667;1.3050013104140064;6.086124096751931
Fidelity (MSE);Tolerancja_1.0;146;9;0.954514050000771;0.9769923489980723;3.326631285480353;18.892136613837316
Fidelity (MSE);Tolerancja_0.01;147;1085;0.00999490905162796;0.09997454201759547;0.3672334951560394;1.6829097754088345
Fidelity (MSE);Tolerancja_0.1;147;118;0.09991783322598484;0.3160978222417624;1.0284143825783003;5.320995768527559
Fidelity (MSE);Tolerancja_1.0;147;8;0.9983389528570482;0.9991691312570902;3.8194080433219466;16.819396861886748
Fidelity (MSE);Tolerancja_0.01;148;597;0.009996810780583672;0.09998405263132552;0.5010637151249737;1.8714639775138102
Fidelity (MSE);Tolerancja_0.1;148;56;0.09974301520211815;0.31582117598748527;1.009396331014254;5.911422258267713
Fidelity (MSE);Tolerancja_1.0;148;6;0.805894917586283;0.8977165017901158;3.286402715005508;16.80312060679112
Fidelity (MSE);Tolerancja_0.01;149;893;0.009994076297335584;0.09997037709909663;0.6258455041841389;1.8399088029801662
Fidelity (MSE);Tolerancja_0.1;149;90;0.09859692388097559;0.314001471144604;1.1861976594135855;5.77905263211116
Fidelity (MSE);Tolerancja_1.0;149;6;0.9101797070783272;0.9540333888697644;2.621154482420639;17.558545655764476
Fidelity (MSE);Tolerancja_0.01;150;793;0.009993054244857346;0.09996526519175221;0.8600584158697338;1.608508665477138
Fidelity (MSE);Tolerancja_0.1;150;82;0.0994535548561658;0.31536257681621926;1.3593242519646402;5.074396957813912
Fidelity (MSE);Tolerancja_1.0;150;10;0.8698547882136838;0.9326600603723115;2.883778428851376;15.007130588566373
Fidelity (MSE);Tolerancja_0.01;151;755;0.009997071688017774;0.09998535736805553;0.4397650094217136;1.7629644180415742
Fidelity (MSE);Tolerancja_0.1;151;83;0.09980497113117576;0.3159192478010413;1.1045801471146968;5.570359575727604
Fidelity (MSE);Tolerancja_1.0;151;8;0.940564587781864;0.9698270916930832;3.1215139869710615;17.100210463956454
Fidelity (MSE);Tolerancja_0.01;152;1178;0.009988484354478414;0.0999424051865794;0.41513835610858507;1.8337339327488562
Fidelity (MSE);Tolerancja_0.1;152;125;0.09967451032367511;0.3157127021893087;1.4350212357030907;5.79266722592454
Fidelity (MSE);Tolerancja_1.0;152;14;0.9694293509782678;0.9845960344112035;3.152854336836011;18.065276245645435
Fidelity (MSE);Tolerancja_0.01;153;1142;0.009989474935342045;0.09994736082229508;0.8478676011186446;1.946277471632039
Fidelity (MSE);Tolerancja_0.1;153;116;0.0996988118782572;0.315751186661677;1.318069789633852;6.148630801100858
Fidelity (MSE);Tolerancja_1.0;153;11;0.9812762658475945;0.990593895523082;3.686688440711545;19.289859847532135
Fidelity (MSE);Tolerancja_0.01;154;590;0.009990366089373566;0.09995181883974681;0.32733621639410715;1.646851875146646
Fidelity (MSE);Tolerancja_0.1;154;48;0.09913521247659168;0.3148574478658424;1.050112585208348;5.187735295273626
Fidelity (MSE);Tolerancja_1.0;154;6;0.8757058645225873;0.9357915710897311;2.82393910285259;15.41852986253725
Fidelity (MSE);Tolerancja_0.01;155;850;0.009991362759511634;0.09995680446828838;0.6250426961766662;1.6956791587979292
Fidelity (MSE);Tolerancja_0.1;155;92;0.09808758956860382;0.31318938291168785;1.1878105006554507;5.312982064453819
Fidelity (MSE);Tolerancja_1.0;155;10;0.9053467588012337;0.9514971144471399;2.938997171197104;16.14131059117892
Fidelity (MSE);Tolerancja_0.01;156;826;0.009997380401093395;0.0999869011475673;1.084925537604593;1.8449674529720048
Fidelity (MSE);Tolerancja_0.1;156;80;0.09997733753243063;0.3161919314790158;1.922641081446483;5.834402464480537
Fidelity (MSE);Tolerancja_1.0;156;6;0.9804699863631188;0.9901868441678665;3.509286187562024;18.271018292231815
Fidelity (MSE);Tolerancja_0.01;157;408;0.009985945194469159;0.09992970126278353;0.35306777389878174;1.5750577295495307
Fidelity (MSE);Tolerancja_0.1;157;40;0.09737348149246737;0.3120472424048438;1.1195486440041185;4.918381771620588
Fidelity (MSE);Tolerancja_1.0;157;3;0.9100537180692969;0.953967356920192;3.598587308201769;15.036106785747744
Fidelity (MSE);Tolerancja_0.01;158;600;0.009982250140049128;0.09991121128306436;1.0340353057636404;1.6190142482691596
Fidelity (MSE);Tolerancja_0.1;158;66;0.09803552884570299;0.3131062580749593;1.3225654314829054;5.073739838959661
Fidelity (MSE);Tolerancja_1.0;158;6;0.841924244577193;0.9175642999687776;3.1180699912643846;14.868698480131219
Fidelity (MSE);Tolerancja_0.01;159;562;0.009987371251312693;0.09993683630830372;0.6009495142002845;1.936691755001323
Fidelity (MSE);Tolerancja_0.1;159;49;0.09995828849187616;0.31616180745288663;1.0905073553630542;6.126949665000001
Fidelity (MSE);Tolerancja_1.0;159;8;0.9007833477244963;0.9490960687541048;3.2246002147871584;18.392682808065995
Fidelity (MSE);Tolerancja_0.01;160;1190;0.009988702389323312;0.09994349598309693;0.43459817043637283;1.5668399597076232
Fidelity (MSE);Tolerancja_0.1;160;154;0.09952315103995911;0.3154729006427638;1.2347430696739132;4.945750016744997
Fidelity (MSE);Tolerancja_1.0;160;20;0.9705710093048223;0.9851756235843548;3.141085550948039;15.444852305575829
Fidelity (MSE);Tolerancja_0.01;161;749;0.00999914907205681;0.09999574526977041;0.4042236170710378;1.7093935051175586
Fidelity (MSE);Tolerancja_0.1;161;71;0.09996935909101284;0.3161793147740896;1.2669552519996827;5.404978638533526
Fidelity (MSE);Tolerancja_1.0;161;8;0.8548532198479714;0.9245827274224688;2.994864326134328;15.805429570388311
Fidelity (MSE);Tolerancja_0.01;162;858;0.009998413942198288;0.09999206939651908;0.3543801887226312;1.590139323400057
Fidelity (MSE);Tolerancja_0.1;162;94;0.09996038888510096;0.3161651291415626;1.0579054534042251;5.027864785378245
Fidelity (MSE);Tolerancja_1.0;162;9;0.9732646874069525;0.9865417818860752;2.8264817782252667;15.688633018818402
Fidelity (MSE);Tolerancja_0.01;163;447;0.009990696894841857;0.0999534736507034;0.5660355448291079;1.7177614415212015
Fidelity (MSE);Tolerancja_0.1;163;46;0.09745000209812006;0.312169828936302;1.1345842292447994;5.364829012616065
Fidelity (MSE);Tolerancja_1.0;163;3;0.8202143508433332;0.9056568615338445;2.5256203273614997;15.564265844611755
Fidelity (MSE);Tolerancja_0.01;164;1234;0.009989922304095317;0.09994959881908139;0.3927410085747596;1.5803358141654869
Fidelity (MSE);Tolerancja_0.1;164;137;0.09962925647098572;0.3156410246957542;1.3021952162533026;4.990703530981695
Fidelity (MSE);Tolerancja_1.0;164;11;0.9766775731836428;0.9882699900248124;3.3228041627489393;15.625860211086874
Fidelity (MSE);Tolerancja_0.01;165;928;0.009992585310544363;0.0999629196779704;0.48873559780898557;1.7710139546495147
Fidelity (MSE);Tolerancja_0.1;165;87;0.09937534993690464;0.3152385603585079;1.2250341062018064;5.584989826598432
Fidelity (MSE);Tolerancja_1.0;165;9;0.9965883944108304;0.9982927398367827;3.3335363995675653;17.68646192780087
Fidelity (MSE);Tolerancja_0.01;166;1278;0.009996833122748029;0.09998416435990266;1.213688034288431;1.8378179662392826
Fidelity (MSE);Tolerancja_0.1;166;140;0.09912085316106885;0.31483464415637114;2.086920252583695;5.787004063387199
Fidelity (MSE);Tolerancja_1.0;166;17;0.9866254738531574;0.993290226395668;3.574065325289647;18.257757470361284
Fidelity (MSE);Tolerancja_0.01;167;576;0.00998133048916076;0.09990660883625647;1.232557579423661;1.6217940020073711
Fidelity (MSE);Tolerancja_0.1;167;55;0.09976965961321384;0.3158633559202679;1.7679224599215937;5.127441538176872
Fidelity (MSE);Tolerancja_1.0;167;6;0.7746484316829676;0.8801411430463683;3.16774334366161;14.28741945442252
Fidelity (MSE);Tolerancja_0.01;168;1236;0.00998438250323831;0.09992188200408512;0.5618936410368578;1.5431307675111265
Fidelity (MSE);Tolerancja_0.1;168;128;0.09959201044299068;0.31558201856726675;1.2212233690350844;4.873650423282734
Fidelity (MSE);Tolerancja_1.0;168;11;0.9929253107084806;0.9964563767212695;3.337352118475618;15.388646236050521
Fidelity (MSE);Tolerancja_0.01;169;1080;0.0099934524495393;0.0999672568871393;0.5769287885778311;1.6529399175806265
Fidelity (MSE);Tolerancja_0.1;169;132;0.09932798739982197;0.31516342966756467;1.3178603311110235;5.211168433352813
Fidelity (MSE);Tolerancja_1.0;169;18;0.9866410698547626;0.9932980770417119;3.420062232938273;16.423998144231827
Fidelity (MSE);Tolerancja_0.01;170;669;0.009995736246711701;0.0999786789606249;0.34200915376394914;1.7505140164377007
Fidelity (MSE);Tolerancja_0.1;170;58;0.09871646999046647;0.3141917726333178;1.16664620090262;5.501143919501458
Fidelity (MSE);Tolerancja_1.0;170;7;0.9529855561773732;0.9762097910681767;2.8544968893034444;17.09233348563822
Fidelity (MSE);Tolerancja_0.01;171;1149;0.009995145973274904;0.09997572692046257;0.43811594738749093;1.8894515620697143
Fidelity (MSE);Tolerancja_0.1;171;119;0.09985295574672928;0.3159951831068462;1.0724083687940542;5.972025517781287
Fidelity (MSE);Tolerancja_1.0;171;6;0.9241338688195702;0.9613188174687782;3.33026327764395;18.16806336160411
Fidelity (MSE);Tolerancja_0.01;172;1062;0.00999996409333549;0.09999982046651629;0.3573039478206592;1.717627573185403
Fidelity (MSE);Tolerancja_0.1;172;114;0.09958948076927615;0.3155780105921136;1.2702063232176024;5.420464656389125
Fidelity (MSE);Tolerancja_1.0;172;10;0.8940616328847482;0.945548323928898;2.75182824002042;16.241027887678342
Fidelity (MSE);Tolerancja_0.01;173;650;0.009978480918601557;0.0998923466467855;2.0752567215770568;1.8965128269237057
Fidelity (MSE);Tolerancja_0.1;173;62;0.09844602062615739;0.3137610884513205;2.556337466960494;5.956932125556602
Fidelity (MSE);Tolerancja_1.0;173;8;0.8535504845087416;0.9238779597483325;3.2505520996103217;17.54034678322575
Fidelity (MSE);Tolerancja_0.01;174;812;0.009990716232746886;0.09995357038518878;1.2901161349074757;2.154784789438249
Fidelity (MSE);Tolerancja_0.1;174;72;0.09923037068720607;0.31500852478497476;2.042744886393562;6.790908770284679
Fidelity (MSE);Tolerancja_1.0;174;10;0.9494665622892752;0.9744057482841915;3.332540409519631;21.0060999027114
Fidelity (MSE);Tolerancja_0.01;175;748;0.009985295182312543;0.09992644886271373;0.4212766294326138;1.761300512139305
Fidelity (MSE);Tolerancja_0.1;175;76;0.09859030537072992;0.31399093198805905;1.2100946148546932;5.5343945032757285
Fidelity (MSE);Tolerancja_1.0;175;8;0.9981524207917111;0.9990757833076083;3.4933284733121166;17.60967900723896
Fidelity (MSE);Tolerancja_0.01;176;452;0.009990847535972321;0.0999542272041174;0.4446526449353181;2.002947200220237
Fidelity (MSE);Tolerancja_0.1;176;44;0.09959307513008592;0.3155837054254955;1.1838198999330019;6.323869604097008
Fidelity (MSE);Tolerancja_1.0;176;7;0.9603090572459796;0.9799535995372329;2.9893809308312806;19.636941562567465
Fidelity (MSE);Tolerancja_0.01;177;538;0.009976135698284136;0.09988060721823899;0.42625359042570654;1.5101310387953346
Fidelity (MSE);Tolerancja_0.1;177;58;0.09788879748422505;0.31287185473325185;1.1944657526030786;4.730422773319609
Fidelity (MSE);Tolerancja_1.0;177;6;0.9037234894891543;0.9506437237415257;2.9856712089123834;14.373126416034681
Fidelity (MSE);Tolerancja_0.01;178;760;0.009999435431534578;0.09999717711782957;0.393443130069262;1.9426722665179819
Fidelity (MSE);Tolerancja_0.1;178;72;0.09847701238613227;0.313810472078502;1.2964369385287542;6.096481106976405
Fidelity (MSE);Tolerancja_1.0;178;7;0.9685581612492606;0.9841535252435265;3.4129482020425543;19.119417313487467
Fidelity (MSE);Tolerancja_0.01;179;1309;0.009997809933992602;0.09998904907034871;0.40262846111076644;2.0632075355358617
Fidelity (MSE);Tolerancja_0.1;179;146;0.09918972818115274;0.31494400800960276;1.1997636635844726;6.49866016967625
Fidelity (MSE);Tolerancja_1.0;179;10;0.9478021087922188;0.9735512871914961;3.6075678358303636;20.088583406278087
Fidelity (MSE);Tolerancja_0.01;180;1446;0.009995857269219704;0.09997928420037674;0.4084925642126809;1.8729045969553548
Fidelity (MSE);Tolerancja_0.1;180;176;0.09919135617717914;0.31494659257908975;1.267562926760287;5.8998714159085734
Fidelity (MSE);Tolerancja_1.0;180;15;0.9736648360522245;0.9867445647442019;3.6506357806918093;18.484613548805168
Fidelity (MSE);Tolerancja_0.01;181;1120;0.00999360896430162;0.09996803971420877;0.7075492522235933;1.7434148332389352
Fidelity (MSE);Tolerancja_0.1;181;120;0.09980486508685742;0.31591907996646457;1.1756350469498615;5.509540966205901
Fidelity (MSE);Tolerancja_1.0;181;7;0.9830869484931977;0.991507412223024;2.963475828640245;17.291613746531027
Fidelity (MSE);Tolerancja_0.01;182;1130;0.009994652643895952;0.09997325964424664;0.4155990072610489;1.6489009243456951
Fidelity (MSE);Tolerancja_0.1;182;122;0.09934071082539152;0.31518361446209653;1.1782261161100909;5.198455617777557
Fidelity (MSE);Tolerancja_1.0;182;8;0.9281509540377734;0.963405913433052;2.9846854362478266;15.889858016360964
Fidelity (MSE);Tolerancja_0.01;183;1108;0.009986475012300869;0.09993235218036683;0.5963980455753948;1.5070769809565558
Fidelity (MSE);Tolerancja_0.1;183;122;0.09929263885265668;0.3151073449678009;1.1502467895816038;4.752124970241705
Fidelity (MSE);Tolerancja_1.0;183;10;0.9771077823669319;0.9884876237803546;3.6082570451723535;14.907353937501883
Fidelity (MSE);Tolerancja_0.01;184;670;0.009980793452966862;0.0999039211090679;0.6810608930213959;1.783209551447796
Fidelity (MSE);Tolerancja_0.1;184;76;0.09930571131209381;0.3151280871520243;1.2278359877204155;5.6247983933030845
Fidelity (MSE);Tolerancja_1.0;184;8;0.8845773356146804;0.9405197156969547;2.6905386838293865;16.78756671146862
Fidelity (MSE);Tolerancja_0.01;185;1158;0.009998190202646902;0.09999095060377665;0.5299006780976914;1.7979646593003114
Fidelity (MSE);Tolerancja_0.1;185;139;0.09978605854819067;0.3158893137606758;1.3271054765248476;5.680092237975693
Fidelity (MSE);Tolerancja_1.0;185;10;0.9762968646583322;0.988077357628608;2.9984915924068405;17.7668894929375
Fidelity (MSE);Tolerancja_0.01;186;1124;0.009987576214508473;0.0999378617667422;0.7210632049120784;1.876352915833273
Fidelity (MSE);Tolerancja_0.1;186;128;0.0996024993741367;0.3155986365213524;1.2297841816705333;5.925426173835865
Fidelity (MSE);Tolerancja_1.0;186;9;0.9898523495531001;0.9949132371986514;3.3407393950254862;18.679690766008118
Fidelity (MSE);Tolerancja_0.01;187;1390;0.009997981166877428;0.09998990532487481;0.7223366731793344;1.7891044025791982
Fidelity (MSE);Tolerancja_0.1;187;158;0.09995384035925832;0.3161547727921537;1.3421219777429299;5.656910005675879
Fidelity (MSE);Tolerancja_1.0;187;12;0.9981538411732442;0.9990764941550994;3.24518629581696;17.876326099106812
Fidelity (MSE);Tolerancja_0.01;188;889;0.009996955478212171;0.09998477623224533;1.0146520915673385;1.6051680420096148
Fidelity (MSE);Tolerancja_0.1;188;89;0.09992556578721602;0.31611005328400427;1.2874156806987802;5.074870139338265
Fidelity (MSE);Tolerancja_1.0;188;7;0.9735840305111316;0.9867036183733855;3.340948553955621;15.840662697181912
Fidelity (MSE);Tolerancja_0.01;189;344;0.009995594240203274;0.0999779687741418;0.6529330399894349;1.8529214766468947
Fidelity (MSE);Tolerancja_0.1;189;32;0.0996496639356181;0.3156733500560636;1.0130719068306941;5.850468229108852
Fidelity (MSE);Tolerancja_1.0;189;4;0.9209212380254481;0.9596464130217172;3.124593911438643;17.785412831221617
Fidelity (MSE);Tolerancja_0.01;190;1371;0.009997414243805545;0.09998707038315277;0.36343194048620475;1.735257619840155
Fidelity (MSE);Tolerancja_0.1;190;158;0.09937738121821532;0.31524178215810056;1.432058849150729;5.470964420555768
Fidelity (MSE);Tolerancja_1.0;190;18;0.952209090469117;0.9758120159483162;3.532995050588797;16.93504199810226
Fidelity (MSE);Tolerancja_0.01;191;953;0.009998590509265637;0.09999295229797767;0.8926864580357847;2.1512597424573823
Fidelity (MSE);Tolerancja_0.1;191;110;0.09966732031086552;0.31570131502872384;1.3794301024039752;6.792033978937583
Fidelity (MSE);Tolerancja_1.0;191;6;0.8154233243921719;0.903007931522294;3.3476320578380134;19.4274152883764
Fidelity (MSE);Tolerancja_0.01;192;1080;0.009998942868549118;0.09999471420304734;0.3693281717011261;1.7714996856880878
Fidelity (MSE);Tolerancja_0.1;192;102;0.09957246681188106;0.31555105262363026;1.179393678358509;5.590281396336755
Fidelity (MSE);Tolerancja_1.0;192;9;0.9871617768631191;0.9935601526143846;2.882096379753988;17.601845378492538
Fidelity (MSE);Tolerancja_0.01;193;736;0.009985153841552725;0.09992574163624068;0.45119521985604205;1.679003869465168
Fidelity (MSE);Tolerancja_0.1;193;70;0.09957145032213971;0.3155494419613822;0.996518939519965;5.30202453727485
Fidelity (MSE);Tolerancja_1.0;193;7;0.9260480021069721;0.9623138792031278;3.0349541165064284;16.16929432161554
Fidelity (MSE);Tolerancja_0.01;194;1415;0.009998559748997594;0.09999279848567892;0.3708604404327014;2.1153782626145734
Fidelity (MSE);Tolerancja_0.1;194;158;0.09972874305804937;0.3157985798860555;1.1654218674795986;6.68081563244967
Fidelity (MSE);Tolerancja_1.0;194;13;0.9693307709732664;0.9845459719958568;3.2213323214393497;20.828371435199468
Fidelity (MSE);Tolerancja_0.01;195;534;0.00998950586269507;0.09994751554038285;0.5596685563436097;1.7217288503958261
Fidelity (MSE);Tolerancja_0.1;195;53;0.09975608209933914;0.31584186248713003;1.0089539594226657;5.440796040469141
Fidelity (MSE);Tolerancja_1.0;195;7;0.9674247887581979;0.9835775458794278;2.765828103764358;16.943431041644164
Fidelity (MSE);Tolerancja_0.01;196;528;0.009985311318868467;0.09992652960484752;1.8442018067879555;1.636936756000041
Fidelity (MSE);Tolerancja_0.1;196;53;0.09934814972203217;0.3151954151348528;2.3443147837461398;5.1633431321716055
Fidelity (MSE);Tolerancja_1.0;196;6;0.664550280703389;0.8151995342880104;2.7823640353623356;13.354112130452947
Fidelity (MSE);Tolerancja_0.01;197;1484;0.009985971636242468;0.09992983356456904;0.4067769233634726;1.7934454461245464
Fidelity (MSE);Tolerancja_0.1;197;159;0.09994404085713261;0.31613927446164075;1.2276065741446782;5.673766500951871
Fidelity (MSE);Tolerancja_1.0;197;17;0.9934796524941965;0.9967344944839606;2.7682532085448686;17.88844108273703
Fidelity (MSE);Tolerancja_0.01;198;1278;0.009995043274983682;0.09997521330301667;0.3794674769463575;1.940447162171469
Fidelity (MSE);Tolerancja_0.1;198;136;0.09961940335883969;0.31562541621174883;1.1262068285814237;6.1260628806159945
Fidelity (MSE);Tolerancja_1.0;198;10;0.9920619165097483;0.9960230501899784;3.566317001014129;19.332092799247828
Fidelity (MSE);Tolerancja_0.01;199;1111;0.009994842265287084;0.09997420800029917;0.3523602690821681;1.785822650643761
Fidelity (MSE);Tolerancja_0.1;199;122;0.09960389370024716;0.31560084553157836;1.1114936237343516;5.637525415664495
Fidelity (MSE);Tolerancja_1.0;199;10;0.9371279821032844;0.9680537082741248;3.102787809374748;17.292182392387108
Fidelity (MSE);Tolerancja_0.01;200;1148;0.009999592558220131;0.09999796277034913;0.4519051937641194;1.727222984988846
Fidelity (MSE);Tolerancja_0.1;200;125;0.09987442106397623;0.31602914590900666;1.2737077722754782;5.458639252421685
Fidelity (MSE);Tolerancja_1.0;200;14;0.8942854210135536;0.9456666542781096;3.2559468534962885;16.33410457728817
Fidelity (MSE);Tolerancja_0.01;201;800;0.009998952521971416;0.09999476247269862;0.39241390834363;1.505494045236469
Fidelity (MSE);Tolerancja_0.1;201;86;0.09898956996909283;0.31462607960735367;1.2802041648139806;4.73692499098931
Fidelity (MSE);Tolerancja_1.0;201;7;0.975934829922139;0.9878941390261099;3.152637224589947;14.873466438143529
Fidelity (MSE);Tolerancja_0.01;202;1047;0.009995493962839413;0.09997746727557871;0.9855184464114215;1.9099860803977533
Fidelity (MSE);Tolerancja_0.1;202;116;0.09994214690046554;0.31613627900079033;1.4716777025759007;6.039519792353682
Fidelity (MSE);Tolerancja_1.0;202;14;0.9314922132101032;0.9651384425097278;3.1750975668347126;18.438164529305208
Fidelity (MSE);Tolerancja_0.01;203;688;0.009983779566867303;0.09991886491983035;0.392955300284783;1.721518016364093
Fidelity (MSE);Tolerancja_0.1;203;70;0.09889652627022322;0.3144781809127991;1.1616533395952704;5.418194598479127
Fidelity (MSE);Tolerancja_1.0;203;5;0.9528375720587708;0.9761339928814952;3.096947674275571;16.81796782298522
Fidelity (MSE);Tolerancja_0.01;204;1283;0.009997024462300472;0.0999851212046096;0.3870489166802886;1.7792190724644465
Fidelity (MSE);Tolerancja_0.1;204;136;0.09973236989234135;0.3158043221558903;1.125247103741029;5.619686873176106
Fidelity (MSE);Tolerancja_1.0;204;11;0.9656408606711407;0.9826702705745914;3.2521363560359964;17.486458647904364
Fidelity (MSE);Tolerancja_0.01;205;1574;0.00998816723160719;0.09994081864587256;0.3713073240840252;1.8516704319861899
Fidelity (MSE);Tolerancja_0.1;205;192;0.09952809114425433;0.31548073022651374;1.1148714005656988;5.8451226229371365
Fidelity (MSE);Tolerancja_1.0;205;22;0.9617699234306077;0.9806986914596184;3.0087204453801757;18.170060984769794
Fidelity (MSE);Tolerancja_0.01;206;728;0.009985330484390223;0.09992662550286696;0.45138833232306297;1.829323214975187
Fidelity (MSE);Tolerancja_0.1;206;75;0.09980052159174077;0.31591220551245053;1.031519510012246;5.783298780777476
Fidelity (MSE);Tolerancja_1.0;206;9;0.9867913550014297;0.9933737237321257;2.824914058094302;18.185359555821172
Fidelity (MSE);Tolerancja_0.01;207;1296;0.009988993477743752;0.09994495223743795;0.3627340401791397;1.7944888690768288
Fidelity (MSE);Tolerancja_0.1;207;158;0.09899223945367128;0.3146303218916945;1.527299406714759;5.649115816948823
Fidelity (MSE);Tolerancja_1.0;207;14;0.9251762661215849;0.9618608351116001;3.161734459263722;17.269992366479478
Fidelity (MSE);Tolerancja_0.01;208;600;0.009982018416189639;0.09991005162739952;0.803647198468175;1.5533443927967723
Fidelity (MSE);Tolerancja_0.1;208;66;0.09818804512721702;0.3133497169732518;1.0863420606360883;4.871782347386675
Fidelity (MSE);Tolerancja_1.0;208;5;0.8450615311621054;0.9192722834732402;3.2405999646065613;14.292320179274535
Fidelity (MSE);Tolerancja_0.01;209;738;0.009991352436062948;0.09995675282872563;1.7492207652665384;1.8534297055821676
Fidelity (MSE);Tolerancja_0.1;209;85;0.09946438601950831;0.3153797489052021;2.440707716758877;5.847870990382582
Fidelity (MSE);Tolerancja_1.0;209;6;0.8847732879748877;0.9406238823115687;3.400398854690615;17.44134534105506
Fidelity (MSE);Tolerancja_0.01;210;1360;0.00998623802201563;0.09993116641976932;0.347150459299729;1.684860116997964
Fidelity (MSE);Tolerancja_0.1;210;150;0.09953081464225078;0.3154850466222619;1.4288368888487621;5.3191430822520305
Fidelity (MSE);Tolerancja_1.0;210;16;0.9950027517293963;0.9974982464793591;2.897380594942925;16.81802657249877
Fidelity (MSE);Tolerancja_0.01;211;606;0.009972841036129538;0.09986411285406555;0.5012675075402644;1.5766487638896591
Fidelity (MSE);Tolerancja_0.1;211;66;0.09985038226115894;0.3159911110476985;1.151270010706968;4.988849151061092
Fidelity (MSE);Tolerancja_1.0;211;8;0.882181537759154;0.9392451957604862;3.4216313119999437;14.82874813146437
Fidelity (MSE);Tolerancja_0.01;212;1071;0.0099956410444035;0.09997820284643798;0.478198892092236;1.737073616048554
Fidelity (MSE);Tolerancja_0.1;212;120;0.09901497557033913;0.3146664512946036;1.1093779240522776;5.467179593526343
Fidelity (MSE);Tolerancja_1.0;212;8;0.951993130474865;0.9757013531172666;3.301254095362288;16.952345905298113
Fidelity (MSE);Tolerancja_0.01;213;822;0.009997252505122059;0.09998626158188963;0.3710012310545938;1.832225839044246
Fidelity (MSE);Tolerancja_0.1;213;94;0.0992040664874256;0.3149667704495596;1.066353410304444;5.7716954922387895
Fidelity (MSE);Tolerancja_1.0;213;10;0.9708431639031876;0.9853137388178385;3.1482165627786567;18.055653479440938
Fidelity (MSE);Tolerancja_0.01;214;1080;0.009991017643625396;0.09995507812825417;0.44539116424215663;1.7070088965840902
Fidelity (MSE);Tolerancja_0.1;214;115;0.09975258698587572;0.3158363294269292;1.0970363159827956;5.393777227650777
Fidelity (MSE);Tolerancja_1.0;214;9;0.9613478172283332;0.9804834609662384;3.8292181304383863;16.74446183389884
Fidelity (MSE);Tolerancja_0.01;215;752;0.009978586631108012;0.09989287577754488;0.3767964889047031;1.5848143297948314
Fidelity (MSE);Tolerancja_0.1;215;72;0.09882131430035582;0.3143585759930144;1.0806937927615694;4.987342411055284
Fidelity (MSE);Tolerancja_1.0;215;6;0.9334178392113892;0.9661355180363618;2.8661017109626723;15.327874000920175
Fidelity (MSE);Tolerancja_0.01;216;1779;0.009997901903102558;0.09998950896520374;0.3728099367682427;1.686576836273513
Fidelity (MSE);Tolerancja_0.1;216;240;0.09961985312452191;0.3156261287100957;1.3059905453319394;5.32383570150724
Fidelity (MSE);Tolerancja_1.0;216;16;0.9939247723648983;0.9969577585659777;3.726433358317121;16.816222819192774
Fidelity (MSE);Tolerancja_0.01;217;1188;0.009988032284521628;0.09994014350861033;0.5541327431745007;1.7264348019616946
Fidelity (MSE);Tolerancja_0.1;217;141;0.09974974595602766;0.31583183176498797;1.2030045504722535;5.455896367403247
Fidelity (MSE);Tolerancja_1.0;217;8;0.9786935175297231;0.989289400291807;3.6168074933791257;17.08966577307788
Fidelity (MSE);Tolerancja_0.01;218;842;0.009996975858604748;0.09998487814967195;0.4502077176838748;1.6660192237022753
Fidelity (MSE);Tolerancja_0.1;218;91;0.09957999028814533;0.31556297356969076;1.1343355653983922;5.258134929851717
Fidelity (MSE);Tolerancja_1.0;218;9;0.9986517348431843;0.999325640040915;3.999998863588715;16.651475281636944
Fidelity (MSE);Tolerancja_0.01;219;1266;0.00999564588991266;0.09997822707926292;0.3693385060001484;1.7222002611066958
Fidelity (MSE);Tolerancja_0.1;219;128;0.09949318388880378;0.31542540146412396;1.0607188927774214;5.43344010621961
Fidelity (MSE);Tolerancja_1.0;219;10;0.9645237725697325;0.9821017119268923;3.218105638563533;16.91744166830345
Fidelity (MSE);Tolerancja_0.01;220;657;0.009993444426423116;0.09996721675841093;0.34434176679669015;1.6257009386990386
Fidelity (MSE);Tolerancja_0.1;220;70;0.09886151185656249;0.31442250532772376;1.4315712633989817;5.1132459083530195
Fidelity (MSE);Tolerancja_1.0;220;6;0.9804700758306033;0.9901868893449374;2.9076761033006115;16.102756560541202
Fidelity (MSE);Tolerancja_0.01;221;1326;0.009991762157203078;0.09995880229976287;0.7664837393909512;1.6521566319481307
Fidelity (MSE);Tolerancja_0.1;221;166;0.09974230115121463;0.31582004551835313;1.6170039641031;5.219992343851297
Fidelity (MSE);Tolerancja_1.0;221;12;0.9791766031004452;0.9895335280324994;2.9578661496783463;16.355381849926427
Fidelity (MSE);Tolerancja_0.01;222;1447;0.009996638074736544;0.0999831889606275;1.2061211611750045;1.7449545464707266
Fidelity (MSE);Tolerancja_0.1;222;182;0.09930361047330921;0.3151247538250672;2.6226652520873976;5.499708277049023
Fidelity (MSE);Tolerancja_1.0;222;12;0.9820153962873924;0.9909668996931191;3.7148158006637644;17.294829410796744
Fidelity (MSE);Tolerancja_0.01;223;1447;0.009999156381688253;0.09999578181947603;0.6075573400397039;1.8252041370472212
Fidelity (MSE);Tolerancja_0.1;223;178;0.09938578204331587;0.31525510629221515;1.5399006191410014;5.754291968721242
Fidelity (MSE);Tolerancja_1.0;223;10;0.9319981838253909;0.9654005302595348;3.2804376676796068;17.62127371450874
Fidelity (MSE);Tolerancja_0.01;224;988;0.009987119557804854;0.09993557703743373;0.763222431248094;1.8262696653595805
Fidelity (MSE);Tolerancja_0.1;224;106;0.0990846218295233;0.3147770986420761;1.1546619533303444;5.752384522526854
Fidelity (MSE);Tolerancja_1.0;224;8;0.965491892834849;0.9825944701833249;3.2984253186896995;17.95639278265937
Fidelity (MSE);Tolerancja_0.01;225;1276;0.009997363476888347;0.0999868165154204;0.43420140117613615;1.8027703010219818
Fidelity (MSE);Tolerancja_0.1;225;148;0.09923231606335865;0.315011612584931;1.2985673650720448;5.67968457679191
Fidelity (MSE);Tolerancja_1.0;225;14;0.9972242058140386;0.9986111384388012;2.788859456994632;18.00503871797515
Fidelity (MSE);Tolerancja_0.01;226;980;0.009983077517496722;0.09991535176086166;1.3798838125531256;1.9837792186353103
Fidelity (MSE);Tolerancja_0.1;226;94;0.09933454090240552;0.3151738264869174;1.9305915019910191;6.25764986284552
Fidelity (MSE);Tolerancja_1.0;226;10;0.9570118414368626;0.9782698203649454;3.0309768982638206;19.42315475706774
Fidelity (MSE);Tolerancja_0.01;227;919;0.009995760375555468;0.09997879963049901;0.3941729059151857;2.0128505582482865
Fidelity (MSE);Tolerancja_0.1;227;100;0.09998412794019;0.31620266909086964;1.1746313134651905;6.366036813318544
Fidelity (MSE);Tolerancja_1.0;227;8;0.9965219169685992;0.998259443716211;3.6268930429216173;20.097731578964055
Fidelity (MSE);Tolerancja_0.01;228;259;0.009990322285436006;0.09995159971424172;0.9190114992786826;1.796643505231059
Fidelity (MSE);Tolerancja_0.1;228;29;0.09942077982101077;0.3153106084815587;1.3417104183658477;5.667750776160185
Fidelity (MSE);Tolerancja_1.0;228;5;0.9502935866012833;0.9748300295955615;2.738645432618453;17.522701451345686
Fidelity (MSE);Tolerancja_0.01;229;966;0.009988482337294212;0.09994239509484557;0.885301638960784;1.6004594972350517
Fidelity (MSE);Tolerancja_0.1;229;100;0.09909433549026334;0.3147925276912769;1.2364289704559912;5.041030787024992
Fidelity (MSE);Tolerancja_1.0;229;7;0.9819841224440362;0.9909511201083715;2.988049725565226;15.86891258677621
Fidelity (MSE);Tolerancja_0.01;230;1211;0.009995473106287235;0.09997736296926038;0.3595895500836246;1.8048059965606915
Fidelity (MSE);Tolerancja_0.1;230;129;0.09970366186553767;0.3157588666459545;1.148252900431829;5.700125299014399
Fidelity (MSE);Tolerancja_1.0;230;10;0.99064696939834;0.9953124983633733;2.918780850825221;17.96752696958345
Fidelity (MSE);Tolerancja_0.01;231;910;0.00999468472468375;0.09997342009096093;0.4426981473537559;2.0768222102726406
Fidelity (MSE);Tolerancja_0.1;231;96;0.09895588330792641;0.314572540613332;1.1936584267088177;6.534849347889112
Fidelity (MSE);Tolerancja_1.0;231;8;0.8983500253519618;0.9478132861233598;2.8169917274662337;19.689630323955146
Fidelity (MSE);Tolerancja_0.01;232;1128;0.009989882479176367;0.09994939959387633;0.3753742930703625;1.6899616384062597
Fidelity (MSE);Tolerancja_0.1;232;132;0.0990099009880476;0.3146583877605166;1.1897955174889567;5.320298137644985
Fidelity (MSE);Tolerancja_1.0;232;10;0.9367225328027707;0.9678442709458845;3.2314874695710296;16.364477390517806
Fidelity (MSE);Tolerancja_0.01;233;914;0.009987819969832959;0.09993908129372092;0.8280278450898875;1.6838097281106104
Fidelity (MSE);Tolerancja_0.1;233;94;0.09932944768231086;0.3151657463657985;1.3325946906144663;5.310026296302515
Fidelity (MSE);Tolerancja_1.0;233;12;0.9140464255082672;0.9560577521825065;2.950382937780424;16.10800622660528
Fidelity (MSE);Tolerancja_0.01;234;1408;0.00999274869868208;0.09996373691835495;0.653033905126426;1.6600337370180986
Fidelity (MSE);Tolerancja_0.1;234;182;0.09940766336827175;0.31528980853854405;1.3803879684997926;5.235815859299443
Fidelity (MSE);Tolerancja_1.0;234;18;0.9877721737162461;0.9938672817415041;3.2603881519448032;16.504517224649977
Fidelity (MSE);Tolerancja_0.01;235;1219;0.009996431321599502;0.0999821550157802;1.069063936343384;1.6994866774869173
Fidelity (MSE);Tolerancja_0.1;235;144;0.09983957339753137;0.31597400747139215;1.5097927014057468;5.37089459659105
Fidelity (MSE);Tolerancja_1.0;235;10;0.9510260246025849;0.9752056319579911;3.763796266878306;16.576447857732575
Fidelity (MSE);Tolerancja_0.01;236;748;0.009996617248863358;0.09998308481369915;0.5805118560337101;1.4815761319759857
Fidelity (MSE);Tolerancja_0.1;236;84;0.09873955242135767;0.3142285035151294;1.2468894568517985;4.656322133509128
Fidelity (MSE);Tolerancja_1.0;236;9;0.9562495109703252;0.9778801107346059;2.8700874503095823;14.490489413264418
Fidelity (MSE);Tolerancja_0.01;237;1124;0.009991749631226728;0.09995873964404878;0.5930834337214712;1.74470971393712
Fidelity (MSE);Tolerancja_0.1;237;120;0.09901688052316536;0.3146694782198702;1.183570252437609;5.492335110313874
Fidelity (MSE);Tolerancja_1.0;237;9;0.9764353514441068;0.9881474340624008;3.0851356155344583;17.247420617246185
Fidelity (MSE);Tolerancja_0.01;238;1198;0.009994318865050193;0.09997159028969277;0.36549611677133687;1.9265571245438669
Fidelity (MSE);Tolerancja_0.1;238;138;0.09933849762586688;0.31518010347397707;1.2444080143770306;6.073850301897901
Fidelity (MSE);Tolerancja_1.0;238;12;0.9641771047309511;0.9819252032262697;2.925407799498665;18.92272585204434
Fidelity (MSE);Tolerancja_0.01;239;613;0.009999978760666509;0.09999989380327616;1.3736315338190401;1.7832311184264735
Fidelity (MSE);Tolerancja_0.1;239;65;0.09957484546628287;0.3155548216495556;1.847604901597673;5.627077751122255
Fidelity (MSE);Tolerancja_1.0;239;6;0.9212768903889422;0.9598316989915171;3.3715864220946177;17.11603571760744
Fidelity (MSE);Tolerancja_0.01;240;566;0.009988089282793022;0.09994042867024847;0.362047871364477;1.6711480228098923
Fidelity (MSE);Tolerancja_0.1;240;60;0.09868255938933101;0.3141378031840979;1.1500734161866069;5.252836871583563
Fidelity (MSE);Tolerancja_1.0;240;7;0.9451876027977775;0.9722075924398953;3.082834293226168;16.256712298356977
Fidelity (MSE);Tolerancja_0.01;241;1152;0.009986875109103673;0.09993435399853082;0.9176410873169649;1.705612957810803
Fidelity (MSE);Tolerancja_0.1;241;130;0.09971098666861505;0.31577046516198287;1.6036309527378165;5.389359870001669
Fidelity (MSE);Tolerancja_1.0;241;10;0.966718511500663;0.9832184454640093;4.124724690278381;16.780917210578682
Fidelity (MSE);Tolerancja_0.01;242;804;0.009989750996689344;0.09994874184645519;1.1402177642433768;1.6487332472722074
Fidelity (MSE);Tolerancja_0.1;242;88;0.09992316994004968;0.3161062636836696;2.019246840047859;5.214421882437588
Fidelity (MSE);Tolerancja_1.0;242;6;0.8900105373372816;0.9434036979667196;3.472198244553015;15.56218731424125
Fidelity (MSE);Tolerancja_0.01;243;824;0.009996953068862497;0.09998476418366199;0.48921002989119433;1.5816802272497572
Fidelity (MSE);Tolerancja_0.1;243;87;0.09962351857291661;0.315631935286841;1.1471877827713444;4.993048643038635
Fidelity (MSE);Tolerancja_1.0;243;6;0.8157075307856463;0.9031652843115962;2.617010632835786;14.287363517805687
Fidelity (MSE);Tolerancja_0.01;244;627;0.00999463494367368;0.09997317111942423;1.5683644073977874;1.7678920087323247
Fidelity (MSE);Tolerancja_0.1;244;67;0.09935483389803673;0.31520601818181826;2.1441591921414975;5.573997447598236
Fidelity (MSE);Tolerancja_1.0;244;8;0.8699747796835076;0.9327243857021792;2.9138104257292596;16.49398502987234
Fidelity (MSE);Tolerancja_0.01;245;751;0.009993501853665708;0.09996750398837469;0.37949307787511444;1.6583274333684874
Fidelity (MSE);Tolerancja_0.1;245;77;0.099422458796901;0.3153132708861157;1.1192296765650633;5.2306262170595215
Fidelity (MSE);Tolerancja_1.0;245;9;0.9980461725803949;0.9990226086432653;2.912153634577302;16.5724513704087
Fidelity (MSE);Tolerancja_0.01;246;878;0.00998737284068326;0.09993684426017894;0.3728984227822387;1.816630908985926
Fidelity (MSE);Tolerancja_0.1;246;99;0.09962337088638239;0.3156317013330289;1.128446921823567;5.7374865970814675
Fidelity (MSE);Tolerancja_1.0;246;7;0.9597160774840966;0.9796509977967136;2.911552023352634;17.80788953054366
Fidelity (MSE);Tolerancja_0.01;247;724;0.00999750495314141;0.0999875239874526;0.6260709948770282;1.819922167858936
Fidelity (MSE);Tolerancja_0.1;247;84;0.09952205162704292;0.3154711581540267;1.162827914656603;5.742045918815764
Fidelity (MSE);Tolerancja_1.0;247;5;0.8608005650403686;0.9277933848871572;3.021403730340883;16.887224335717182
Fidelity (MSE);Tolerancja_0.01;248;706;0.009985969298045782;0.09992982186537601;0.7902947851101896;1.7643189745270829
Fidelity (MSE);Tolerancja_0.1;248;76;0.09986638304427838;0.31601642844048217;1.6484627821560354;5.579453365892626
Fidelity (MSE);Tolerancja_1.0;248;8;0.7990708547015636;0.8939076320859799;3.242683514287454;15.782457802122035
Fidelity (MSE);Tolerancja_0.01;249;1262;0.009994020569737392;0.09997009837815202;0.3977109429006833;1.760735056122599
Fidelity (MSE);Tolerancja_0.1;249;153;0.09963792312341109;0.3156547530505617;1.1906754742635801;5.55950627582167
Fidelity (MSE);Tolerancja_1.0;249;16;0.9569412828200173;0.9782337567371192;3.0516973132833445;17.22925651282521
Fidelity (MSE);Tolerancja_0.01;250;364;0.009977569033525443;0.09988778220345791;1.1711489641190758;1.9578046281303545
Fidelity (MSE);Tolerancja_0.1;250;39;0.09969131697977074;0.3157393180770661;1.6756407112619929;6.188503584501476
Fidelity (MSE);Tolerancja_1.0;250;5;0.7059970525921835;0.8402363075898253;2.6026278723934686;16.468666091432876
Fidelity (MSE);Tolerancja_0.01;251;1174;0.009993108777936117;0.09996553795151665;0.696039513000013;1.568714470064952
Fidelity (MSE);Tolerancja_0.1;251;125;0.099991608954157;0.3162144983301003;1.440071791845761;4.96221267188441
Fidelity (MSE);Tolerancja_1.0;251;12;0.9503213036663468;0.9748442458497393;3.28767654948283;15.297794678659457
Fidelity (MSE);Tolerancja_0.01;252;1068;0.009994853848548983;0.09997426593153351;0.6281474464632177;1.710274638484506
Fidelity (MSE);Tolerancja_0.1;252;116;0.09953811712072752;0.3154966198245672;1.358717935970816;5.397247605529567
Fidelity (MSE);Tolerancja_1.0;252;14;0.942531890890321;0.9708408164525846;2.9178510226953316;16.608318259836587
Fidelity (MSE);Tolerancja_0.01;253;588;0.00999093106842084;0.09995464505674981;1.0635815004365918;1.7824623083386182
Fidelity (MSE);Tolerancja_0.1;253;64;0.09853914227714598;0.3139094491683007;1.3932856354762748;5.597856518385475
Fidelity (MSE);Tolerancja_1.0;253;7;0.9714253093488001;0.9856091057558266;3.1184256422438326;17.57608243986713
Fidelity (MSE);Tolerancja_0.01;254;638;0.009983619246821115;0.09991806266547162;0.9685591748207729;1.6938391707714144
Fidelity (MSE);Tolerancja_0.1;254;64;0.09871570450727554;0.31419055445266897;1.2074486008668948;5.326246866896333
Fidelity (MSE);Tolerancja_1.0;254;8;0.9430307898331591;0.9710977241416845;2.9035149375450833;16.462322426179064
Fidelity (MSE);Tolerancja_0.01;255;1112;0.009994130928956646;0.09997065033776986;0.457644088218645;1.7247292045507652
Fidelity (MSE);Tolerancja_0.1;255;118;0.09957839128657424;0.31556043998982863;1.4165945350162517;5.444160909351625
Fidelity (MSE);Tolerancja_1.0;255;10;0.8733363491737136;0.934524664828978;3.1357344744901297;16.122751791228463
Fidelity (MSE);Tolerancja_0.01;256;1573;0.009998438639765841;0.0999921928940747;0.6341696644684971;1.611759920695609
Fidelity (MSE);Tolerancja_0.1;256;191;0.09992648720949483;0.31611151071970606;1.5723559051535885;5.095356434359729
Fidelity (MSE);Tolerancja_1.0;256;11;0.9872581551379006;0.9936086529101388;2.873308446095737;16.015836409482475
Fidelity (MSE);Tolerancja_0.01;257;1436;0.009990803122717983;0.0999540050359063;0.37611472085838304;1.8360943094613378
Fidelity (MSE);Tolerancja_0.1;257;160;0.099812210409978;0.3159307050762524;1.0962078614892414;5.803454994787198
Fidelity (MSE);Tolerancja_1.0;257;15;0.9933681560671406;0.9966785620585709;3.3601338280901665;18.30837929406095
Fidelity (MSE);Tolerancja_0.01;258;1020;0.00998627857332551;0.09993136931577347;0.4935250742328936;1.8314543021379157
Fidelity (MSE);Tolerancja_0.1;258;111;0.09997655256432918;0.31619069019237295;1.3982237892185418;5.794865054024365
Fidelity (MSE);Tolerancja_1.0;258;13;0.9801653847240827;0.9900330220371857;3.262275208466507;18.14445503832804
Fidelity (MSE);Tolerancja_0.01;259;1707;0.00999758506773031;0.09998792460957628;0.655160645601236;1.7564251744532535
Fidelity (MSE);Tolerancja_0.1;259;220;0.09992623766928936;0.3161111160166459;1.1082255082427173;5.5529257584267695
Fidelity (MSE);Tolerancja_1.0;259;16;0.9508645522667062;0.9751228395780227;3.5088626606683393;17.129371474674503
Fidelity (MSE);Tolerancja_0.01;260;548;0.009998990349319272;0.09999495161916562;0.5094581761844879;1.7093383428308109
Fidelity (MSE);Tolerancja_0.1;260;55;0.09957897701969293;0.31556136807234964;1.1475723119185908;5.39428378361082
Fidelity (MSE);Tolerancja_1.0;260;6;0.9672242856741489;0.9834756151904067;3.0581272379350444;16.81177450524286
Fidelity (MSE);Tolerancja_0.01;261;875;0.009995519011975392;0.09997759254940775;0.3615812674189067;1.6809749476598923
Fidelity (MSE);Tolerancja_0.1;261;96;0.09843389963703217;0.31374177222204913;1.1626262826429894;5.275102607407254
Fidelity (MSE);Tolerancja_1.0;261;8;0.9057481382206075;0.9517080110099986;2.8167379127154613;16.00155878132824
Fidelity (MSE);Tolerancja_0.01;262;1328;0.009990740641200205;0.09995369248407086;0.4375204490789715;1.7650279006698424
Fidelity (MSE);Tolerancja_0.1;262;174;0.09989694586574815;0.3160647811220797;1.1419021065465218;5.581216093527326
Fidelity (MSE);Tolerancja_1.0;262;16;0.94419937428731;0.9716992200713707;3.3647256498248046;17.158708116345156
Fidelity (MSE);Tolerancja_0.01;263;926;0.009991220323760977;0.09995609197923344;0.7894442231813423;1.7172695480135785
Fidelity (MSE);Tolerancja_0.1;263;96;0.09963086054601492;0.3156435656654748;1.667996838208314;5.422831891590536
Fidelity (MSE);Tolerancja_1.0;263;9;0.9714056935355737;0.985599154593577;3.0977582613874484;16.93282901739609
Fidelity (MSE);Tolerancja_0.01;264;1212;0.009986600339507797;0.0999329792386267;0.5565958399392912;1.725477629296479
Fidelity (MSE);Tolerancja_0.1;264;150;0.09890341758988831;0.314489137475189;1.0829546725770376;5.430078993986777
Fidelity (MSE);Tolerancja_1.0;264;10;0.914014193351535;0.9560408952296627;2.872437441542986;16.507335115790664
Fidelity (MSE);Tolerancja_0.01;265;852;0.00999934417395514;0.09999672081601046;0.3524629436576825;1.5383372813975975
Fidelity (MSE);Tolerancja_0.1;265;81;0.09967298503797402;0.31571028655711236;1.187764129481053;4.856848304307239
Fidelity (MSE);Tolerancja_1.0;265;9;0.940999970184589;0.97005152965427;2.96593871783328;14.92315368710575
Fidelity (MSE);Tolerancja_0.01;266;631;0.009996689558018716;0.09998344641998852;1.5941671167171734;1.8421576257454246
Fidelity (MSE);Tolerancja_0.1;266;68;0.09924397741866911;0.3150301214466152;2.1456664895097948;5.804312227092522
Fidelity (MSE);Tolerancja_1.0;266;4;0.9967297473797331;0.9983635346804955;3.4337876300899772;18.394474930903698
Fidelity (MSE);Tolerancja_0.01;267;1270;0.00999646649044968;0.09998233089126138;0.34865929648289296;1.735194765215439
Fidelity (MSE);Tolerancja_0.1;267;148;0.09922122857213767;0.31499401354968265;1.2163925732852796;5.466725555538953
Fidelity (MSE);Tolerancja_1.0;267;12;0.9433251572981484;0.971249276601094;3.652228998466706;16.856044917680535
Fidelity (MSE);Tolerancja_0.01;268;640;0.009987140587605197;0.09993568225416384;0.6351437940874796;2.280306693760319
Fidelity (MSE);Tolerancja_0.1;268;73;0.09966242936852748;0.3156935687791683;1.196991913393695;7.203414654571265
Fidelity (MSE);Tolerancja_1.0;268;8;0.9067807017564421;0.9522503356557256;2.8571736442950084;21.72820323584461
Fidelity (MSE);Tolerancja_0.01;269;1034;0.00999286128965388;0.09996430007584647;0.6365064838694048;1.7154621010845261
Fidelity (MSE);Tolerancja_0.1;269;108;0.09980820081814452;0.3159243593301164;1.126462921528402;5.421498123120181
Fidelity (MSE);Tolerancja_1.0;269;8;0.957913738877584;0.9787306773967923;3.480431698904443;16.795749912409573
Fidelity (MSE);Tolerancja_0.01;270;1040;0.009990620402072785;0.09995309100809632;0.46687437708394697;1.700609220889058
Fidelity (MSE);Tolerancja_0.1;270;112;0.09931991509568609;0.31515062287053486;1.3970621015858193;5.361995810406194
Fidelity (MSE);Tolerancja_1.0;270;10;0.9610696553886863;0.9803416013761154;2.777521847548321;16.67960390325821
Fidelity (MSE);Tolerancja_0.01;271;751;0.009994774781886682;0.09997387049567844;1.2780128470919898;1.8423669711352901
Fidelity (MSE);Tolerancja_0.1;271;76;0.09912852900261855;0.31484683419500753;1.5907304862008154;5.802150155949652
Fidelity (MSE);Tolerancja_1.0;271;5;0.8784755313012899;0.9372702552099313;3.0802582225706;17.272470823273427
Fidelity (MSE);Tolerancja_0.01;272;748;0.009990174118197241;0.09995085851655923;0.8582103041265192;1.5925932903175257
Fidelity (MSE);Tolerancja_0.1;272;77;0.09926461379497416;0.3150628727650628;1.2746863433937792;5.020137141800276
Fidelity (MSE);Tolerancja_1.0;272;4;0.9939042725831001;0.9969474773442681;3.676956603954829;15.885124818156712
Fidelity (MSE);Tolerancja_0.01;273;1613;0.009999116866659918;0.09999558423580472;0.4415841231845832;1.6392082449213123
Fidelity (MSE);Tolerancja_0.1;273;184;0.09981431185456516;0.3159340308586037;1.1365603147481291;5.17904537677788
Fidelity (MSE);Tolerancja_1.0;273;11;0.9881401065791077;0.9940523661151397;2.806950971155146;16.295307906566805
Fidelity (MSE);Tolerancja_0.01;274;833;0.009997769213322481;0.09998884544449187;0.4401474294403638;1.6514225408481367
Fidelity (MSE);Tolerancja_0.1;274;88;0.09969985714174949;0.3157528418585484;1.3621566170639392;5.214995313367616
Fidelity (MSE);Tolerancja_1.0;274;7;0.9610945925960958;0.9803543199252481;3.010228141681174;16.191598320246293
Fidelity (MSE);Tolerancja_0.01;275;795;0.00999495931717512;0.09997479340901445;0.996983764440424;1.8881417875639819
Fidelity (MSE);Tolerancja_0.1;275;84;0.0993113705108637;0.31513706622811555;1.7054589794475894;5.9517348650202
Fidelity (MSE);Tolerancja_1.0;275;9;0.9308535359603469;0.9648075123880135;3.7920414573463033;18.221526836695674
Fidelity (MSE);Tolerancja_0.01;276;1189;0.009996193504339793;0.09998096571017802;0.4572108718360788;1.8356800120304841
Fidelity (MSE);Tolerancja_0.1;276;146;0.09998691787953992;0.31620708069165676;1.1911108437636577;5.805655242126699
Fidelity (MSE);Tolerancja_1.0;276;12;0.9891591330111492;0.9945647957831351;3.1526353487599046;18.260502919931547
Fidelity (MSE);Tolerancja_0.01;277;320;0.009996415937254626;0.0999820780802971;0.7931048562805882;1.6086947342208204
Fidelity (MSE);Tolerancja_0.1;277;24;0.09959378250737017;0.31558482616781525;1.0797093098716921;5.077706503043798
Fidelity (MSE);Tolerancja_1.0;277;3;0.8377077364784636;0.9152637524115459;2.9108234471203023;14.726439049858037
Fidelity (MSE);Tolerancja_0.01;278;1169;0.009999020914959977;0.09999510445496808;0.5093096876243504;2.0623565006428266
Fidelity (MSE);Tolerancja_0.1;278;143;0.09990159572709434;0.3160721369040529;1.1170702806412773;6.518853395564974
Fidelity (MSE);Tolerancja_1.0;278;11;0.9888113908396826;0.9943899591406193;2.9689486019839038;20.508869985041763
Fidelity (MSE);Tolerancja_0.01;279;666;0.009979395667372255;0.09989692521480456;1.3421807479706724;2.081399920161743
Fidelity (MSE);Tolerancja_0.1;279;58;0.09915319412545068;0.3148860017934279;1.7258362778838783;6.560799519941196
Fidelity (MSE);Tolerancja_1.0;279;8;0.8879060675641235;0.9422876777100099;2.5113576857413262;19.633011656142052
Fidelity (MSE);Tolerancja_0.01;280;792;0.009987997606820573;0.09993997001610803;0.776144130684207;1.888679876359
Fidelity (MSE);Tolerancja_0.1;280;73;0.0997427660890492;0.3158207815978062;1.5151445119796243;5.968426392799675
Fidelity (MSE);Tolerancja_1.0;280;10;0.9738296906699364;0.9868280958049058;3.3477459618623575;18.649218782755234
Fidelity (MSE);Tolerancja_0.01;281;454;0.009975536013338743;0.09987760516421458;0.5394488101616908;1.7786461262591806
Fidelity (MSE);Tolerancja_0.1;281;49;0.09988506338358152;0.3160459830207964;1.3019438018270684;5.628228294976409
Fidelity (MSE);Tolerancja_1.0;281;5;0.8973246006927077;0.947272189337736;2.493410485007751;16.869267212689348
Fidelity (MSE);Tolerancja_0.01;282;806;0.009993950199821003;0.09996974642271032;0.7466218198480643;1.6401369560824017
Fidelity (MSE);Tolerancja_0.1;282;90;0.09845988241564908;0.31378317739427825;1.2797544228840945;5.14803131804686
Fidelity (MSE);Tolerancja_1.0;282;10;0.9987723566002589;0.999385989795864;3.312109261975944;16.39625940756435
Fidelity (MSE);Tolerancja_0.01;283;1502;0.00999695683663795;0.09998478302540817;0.3844286863860269;1.6315551816909775
Fidelity (MSE);Tolerancja_0.1;283;184;0.09923131577752908;0.31501002488417584;1.2394013518764497;5.1403445887738135
Fidelity (MSE);Tolerancja_1.0;283;17;0.9804109062860252;0.9901570109260578;2.9629381301450004;16.157416688632797
Fidelity (MSE);Tolerancja_0.01;284;1014;0.009998109476708457;0.09999054693674025;0.6383536152874676;1.746656979472933
Fidelity (MSE);Tolerancja_0.1;284;106;0.09909996371098348;0.31480146713600854;1.3418148819073235;5.4990216232069935
Fidelity (MSE);Tolerancja_1.0;284;8;0.9456883955712132;0.972465112778455;3.5156981001532364;16.987235579409614
Fidelity (MSE);Tolerancja_0.01;285;524;0.009974626808131742;0.09987305346354312;1.1998329600642332;1.4932295018470778
Fidelity (MSE);Tolerancja_0.1;285;57;0.0999879181952388;0.31620866242916057;1.5518007603097042;4.727722715028276
Fidelity (MSE);Tolerancja_1.0;285;8;0.9848761141743336;0.9924092473240733;3.0573194732856788;14.837783712611719
Fidelity (MSE);Tolerancja_0.01;286;754;0.009994152586821226;0.09997075865882596;0.3556178697298309;1.5255479525924251
Fidelity (MSE);Tolerancja_0.1;286;86;0.09849370606199974;0.31383706929233157;1.5330143938597196;4.7891353924846385
Fidelity (MSE);Tolerancja_1.0;286;8;0.8655508421275379;0.9303498493188129;3.081400906034588;14.197084496144146
Fidelity (MSE);Tolerancja_0.01;287;620;0.009992052090872006;0.09996025255506313;0.6390141660368904;1.8498690461983176
Fidelity (MSE);Tolerancja_0.1;287;72;0.09824302438053761;0.31343743295997306;1.1345946413474781;5.800487597138887
Fidelity (MSE);Tolerancja_1.0;287;9;0.94715794776544;0.9732204004054992;2.895412896299944;18.010461636710577
Fidelity (MSE);Tolerancja_0.01;288;788;0.009997023771050604;0.09998511774784588;1.7135831259198435;1.5636990375288817
Fidelity (MSE);Tolerancja_0.1;288;88;0.09989702799749234;0.3160649110507086;2.601812616649701;4.943039607684941
Fidelity (MSE);Tolerancja_1.0;288;6;0.8631284247503384;0.9290470519571861;2.9398561133733137;14.529662150603361
Fidelity (MSE);Tolerancja_0.01;289;806;0.009999021548493204;0.09999510762278925;0.3857501507327896;1.8417103873773113
Fidelity (MSE);Tolerancja_0.1;289;88;0.09849106554297575;0.31383286243313613;1.0811837090740726;5.780175214409548
Fidelity (MSE);Tolerancja_1.0;289;9;0.9492332037586231;0.9742859969016403;3.187897512458731;17.944404315647443
Fidelity (MSE);Tolerancja_0.01;290;1248;0.009990792114531624;0.09995394996963164;0.829852430363502;1.7372533219994193
Fidelity (MSE);Tolerancja_0.1;290;134;0.0994420979738623;0.3153444116737481;1.4880733183378423;5.4808552030271525
Fidelity (MSE);Tolerancja_1.0;290;12;0.9519712442248245;0.9756901374026615;3.316562184112046;16.958018497116228
Fidelity (MSE);Tolerancja_0.01;291;562;0.009976815075380684;0.0998840081063064;1.0344411372332587;1.7161415213670868
Fidelity (MSE);Tolerancja_0.1;291;61;0.09963616855320799;0.3156519737831652;1.4855572437515452;5.423325202711436
Fidelity (MSE);Tolerancja_1.0;291;6;0.9830658344973544;0.9914967647437658;2.7934706528957216;17.035247168565313
Fidelity (MSE);Tolerancja_0.01;292;738;0.009989539024810484;0.09994768143789272;0.6692800449872571;1.8915269758262676
Fidelity (MSE);Tolerancja_0.1;292;72;0.09969994389449076;0.3157529792329611;1.0316014680665098;5.975679168583719
Fidelity (MSE);Tolerancja_1.0;292;8;0.8497409142728982;0.9218139260571507;3.7866681805041127;17.44548630588207
Fidelity (MSE);Tolerancja_0.01;293;654;0.00998028895013546;0.09990139613706837;0.7757944456781365;1.6892507784043047
Fidelity (MSE);Tolerancja_0.1;293;58;0.09976038464643723;0.3158486736499573;1.115924771600799;5.340742356484294
Fidelity (MSE);Tolerancja_1.0;293;6;0.9305182644322744;0.9646337462644952;2.8741364924822723;16.31116650778948
Fidelity (MSE);Tolerancja_0.01;294;1139;0.009998473317183605;0.09999236629455073;1.0136673426477572;1.5630574445932637
Fidelity (MSE);Tolerancja_0.1;294;132;0.09962456054512032;0.31563358589529145;1.6026269749690751;4.933910902198431
Fidelity (MSE);Tolerancja_1.0;294;12;0.9219976956167808;0.9602071107926564;3.310172459079907;15.009734527681065
Fidelity (MSE);Tolerancja_0.01;295;872;0.009985669786680966;0.09992832324561923;0.4757051692229375;1.833586566306395
Fidelity (MSE);Tolerancja_0.1;295;105;0.09986737414328256;0.31601799654969426;1.1635186278941951;5.798619794313245
Fidelity (MSE);Tolerancja_1.0;295;10;0.9074572184578507;0.9526054894119866;3.4024331791683573;17.47937493239306
Fidelity (MSE);Tolerancja_0.01;296;726;0.009986249419398302;0.09993122344591955;0.3998851513575943;1.8392590554432147
Fidelity (MSE);Tolerancja_0.1;296;74;0.09895484049020788;0.31457088309347364;1.048609660671759;5.789755447370789
Fidelity (MSE);Tolerancja_1.0;296;6;0.8481953019613869;0.9209751907415242;3.0085540251244725;16.950777754928577
Fidelity (MSE);Tolerancja_0.01;297;1040;0.009996494951227026;0.09998247322019507;0.37731632730402076;1.814018221580274
Fidelity (MSE);Tolerancja_0.1;297;111;0.099884545349079;0.31604516346414635;1.1262108726574607;5.734121860575026
Fidelity (MSE);Tolerancja_1.0;297;10;0.9892152326445041;0.9945929984895853;3.1722350652438145;18.045260976319238
Fidelity (MSE);Tolerancja_0.01;298;455;0.00999673097953194;0.09998365356162947;1.252538731622014;1.686231740843306
Fidelity (MSE);Tolerancja_0.1;298;52;0.0976634056576908;0.3125114488425837;1.9242838915262475;5.270528787893052
Fidelity (MSE);Tolerancja_1.0;298;6;0.7704029610240679;0.8777260170600322;2.894460512262344;14.802914446593048
Fidelity (MSE);Tolerancja_0.01;299;586;0.009981964503325062;0.09990978182002531;0.37281486866216973;1.634938790901931
Fidelity (MSE);Tolerancja_0.1;299;60;0.09819321743444649;0.31335797011476585;1.1036711293586592;5.127837249227504
Fidelity (MSE);Tolerancja_1.0;299;6;0.9504013616864633;0.9748853069394693;2.9716671349693637;15.953170710219752
Fidelity (MSE);Tolerancja_0.01;300;683;0.009998553599610376;0.0999927677365237;0.6144563615691032;1.6815187260539215
Fidelity (MSE);Tolerancja_0.1;300;63;0.09961906949209343;0.3156248873141873;1.3155459254355204;5.30767544934761
Fidelity (MSE);Tolerancja_1.0;300;6;0.8424373792910025;0.9178438752266109;3.020631627490987;15.434832925658759
Fidelity (MSE);Tolerancja_0.01;301;1003;0.009998303702766673;0.09999151815412481;0.5211024655191805;1.3959585947031974
Fidelity (MSE);Tolerancja_0.1;301;116;0.09919954186516095;0.31495958766984844;1.1548859491785173;4.397078387330825
Fidelity (MSE);Tolerancja_1.0;301;8;0.9689047012435614;0.9843295694245711;3.629571131810853;13.74199879974564
Fidelity (MSE);Tolerancja_0.01;302;749;0.009993015487575412;0.09996507133781984;1.2729026614444847;1.6130406344221253
Fidelity (MSE);Tolerancja_0.1;302;77;0.09962091292611337;0.3156278075932369;1.8357075697603515;5.092983701086435
Fidelity (MSE);Tolerancja_1.0;302;8;0.8379044415745287;0.9153712042524217;3.6784617651669294;14.770468607473042
Fidelity (MSE);Tolerancja_0.01;303;609;0.009997899207348889;0.09998949548502027;1.026997465929182;1.9460341683237503
Fidelity (MSE);Tolerancja_0.1;303;56;0.09991313503240565;0.31609039060434224;1.4256870068476069;6.151873228393317
Fidelity (MSE);Tolerancja_1.0;303;3;0.9246019928888319;0.961562266776745;2.9618232111898104;18.714296107221763
Fidelity (MSE);Tolerancja_0.01;304;842;0.009984778287318929;0.09992386245196354;0.8728779662322701;1.6524911294128501
Fidelity (MSE);Tolerancja_0.1;304;109;0.09983769687483948;0.315971038031715;1.548913165199452;5.225371844986354
Fidelity (MSE);Tolerancja_1.0;304;10;0.9853025917460192;0.9926240938774452;3.3089534955331747;16.415523476812062
Fidelity (MSE);Tolerancja_0.01;305;1004;0.009992210443317967;0.09996104462898518;0.8030282511456015;1.879261463816325
Fidelity (MSE);Tolerancja_0.1;305;110;0.09910694163717944;0.3148125499994869;1.3718418277356568;5.918456492082699
Fidelity (MSE);Tolerancja_1.0;305;11;0.9800634235985405;0.9899815268976186;3.8616196193045846;18.611591548426844
Fidelity (MSE);Tolerancja_0.01;306;929;0.009998906412508977;0.09999453191304501;0.4036326944714137;1.649873396339112
Fidelity (MSE);Tolerancja_0.1;306;95;0.09987925535366744;0.31603679430355486;1.2524262557790964;5.21449212482096
Fidelity (MSE);Tolerancja_1.0;306;6;0.9902423559656085;0.9951092181090518;3.808539785602144;16.418940056018744
Fidelity (MSE);Tolerancja_0.01;307;1204;0.009992761954745058;0.09996380322269185;0.40226054875710293;1.5255441988857892
Fidelity (MSE);Tolerancja_0.1;307;132;0.099158155366977;0.31489387953241804;1.21401905901996;4.8055847786739
Fidelity (MSE);Tolerancja_1.0;307;14;0.9711472595899273;0.9854680408769873;3.5408148243568434;15.039194233117817
Fidelity (MSE);Tolerancja_0.01;308;930;0.009992909388002024;0.09996454065318373;0.3339467289047713;1.74933911579372
Fidelity (MSE);Tolerancja_0.1;308;102;0.09988691916262578;0.31604891893918224;1.3296465063272862;5.530728524255182
Fidelity (MSE);Tolerancja_1.0;308;9;0.9727437688306007;0.9862777341249273;2.9805491036564637;17.259462286001952
Fidelity (MSE);Tolerancja_0.01;309;592;0.00997780644982084;0.09988897061147863;1.4397887407059873;1.837525146484958
Fidelity (MSE);Tolerancja_0.1;309;58;0.09736346705893067;0.3120311956502597;1.980323872411251;5.740024799386937
Fidelity (MSE);Tolerancja_1.0;309;6;0.9630479304579698;0.9813500550048233;3.4178346040087657;18.052597724623475
Fidelity (MSE);Tolerancja_0.01;310;822;0.009986961144245757;0.09993478445589282;0.7062582164786315;1.6350140315566413
Fidelity (MSE);Tolerancja_0.1;310;94;0.0994629896171083;0.31537753505458865;1.1174403538515154;5.159831963009682
Fidelity (MSE);Tolerancja_1.0;310;10;0.9141395041111815;0.9561064292803294;3.6055418992406256;15.642675731439743
Fidelity (MSE);Tolerancja_0.01;311;1250;0.00999743185255989;0.09998715843827091;0.8441301841229558;1.503659241337353
Fidelity (MSE);Tolerancja_0.1;311;133;0.09991604635932963;0.31609499578343475;1.234595902983763;4.753602052244427
Fidelity (MSE);Tolerancja_1.0;311;12;0.9582217592781411;0.978888021827901;2.9980474027545583;14.721030612792937
Fidelity (MSE);Tolerancja_0.01;312;654;0.009988745058829306;0.09994370945101701;0.38665275882241046;1.9518147110683903
Fidelity (MSE);Tolerancja_0.1;312;72;0.09799543043638788;0.3130422182971298;1.0457815106992978;6.113445360533422
Fidelity (MSE);Tolerancja_1.0;312;5;0.9943994475066346;0.997195791961957;3.5125458702721204;19.474376399054456
Fidelity (MSE);Tolerancja_0.01;313;965;0.009997474193341606;0.0999873701691449;0.5764221271936698;1.8051255734447256
Fidelity (MSE);Tolerancja_0.1;313;100;0.09913079967564953;0.314850440170646;1.0064644269276108;5.684163713886207
Fidelity (MSE);Tolerancja_1.0;313;8;0.9704875227130695;0.9851332512472968;3.274204053761748;17.785138483680267
Fidelity (MSE);Tolerancja_0.01;314;570;0.009993430661437088;0.09996714791088665;1.7242630287571439;1.7067962563846926
Fidelity (MSE);Tolerancja_0.1;314;52;0.09912440686651539;0.3148402878707161;2.6188895897460016;5.375448193999107
Fidelity (MSE);Tolerancja_1.0;314;6;0.9660984593723712;0.9829030773033377;3.283685316783095;16.78166605519047
Fidelity (MSE);Tolerancja_0.01;315;616;0.009989541806461806;0.09994769535342876;0.4305561191661553;1.710060523658118
Fidelity (MSE);Tolerancja_0.1;315;60;0.09928876077340255;0.3151011913233629;1.226815831021585;5.391240951922975
Fidelity (MSE);Tolerancja_1.0;315;8;0.7412715600561073;0.8609712887524805;3.0922975615326713;14.730835040191478
Fidelity (MSE);Tolerancja_0.01;316;1016;0.009983950041815655;0.09991971798306706;0.44756178474916375;1.7322977336876915
Fidelity (MSE);Tolerancja_0.1;316;110;0.09976134074235711;0.31585018718113356;1.4931548866348732;5.47586176665784
Fidelity (MSE);Tolerancja_1.0;316;14;0.9257248762210698;0.9621459744867562;3.2416775852381834;16.680624452548948
Fidelity (MSE);Tolerancja_0.01;317;520;0.009983580794888815;0.09991787024796323;0.8943583576941521;1.728723384077167
Fidelity (MSE);Tolerancja_0.1;317;54;0.09797759082974128;0.3130137230693589;1.8009969483220867;5.415589236081477
Fidelity (MSE);Tolerancja_1.0;317;7;0.9515722372197626;0.9754856417291659;2.8094618492608845;16.87730968948576
Fidelity (MSE);Tolerancja_0.01;318;1192;0.0099922928343174;0.09996145674367396;0.4706791632221936;1.6201930635991124
Fidelity (MSE);Tolerancja_0.1;318;128;0.09917433154520004;0.3149195636114086;1.1545774156043822;5.104272278296439
Fidelity (MSE);Tolerancja_1.0;318;10;0.9639720916022936;0.9818208042215716;3.105802699278123;15.913526158148569
Fidelity (MSE);Tolerancja_0.01;319;1546;0.00999502652107391;0.09997512951266385;0.4001038668354351;1.8514184110101588
Fidelity (MSE);Tolerancja_0.1;319;188;0.09927637898868247;0.31508154339580485;1.0876008064723504;5.834928879372912
Fidelity (MSE);Tolerancja_1.0;319;16;0.943239860512971;0.9712053647468032;2.9687469839888605;17.985548025084594
Fidelity (MSE);Tolerancja_0.01;320;1194;0.009988170735679168;0.09994083617660585;1.1192616541526075;1.7872042755736322
Fidelity (MSE);Tolerancja_0.1;320;137;0.09975219173427904;0.3158357037041237;1.997555200023096;5.647970755831501
Fidelity (MSE);Tolerancja_1.0;320;16;0.9354856816064763;0.967205087665732;3.0073149523425524;17.29616375210392
Fidelity (MSE);Tolerancja_0.01;321;1123;0.009999213080974099;0.09999606532746226;0.3653704079229181;1.5770618938700491
Fidelity (MSE);Tolerancja_0.1;321;137;0.09991236891046744;0.31608917873041376;1.0994848769213892;4.985118136478438
Fidelity (MSE);Tolerancja_1.0;321;10;0.8882309506814501;0.9424600525653329;3.420669071211213;14.863763194363985
Fidelity (MSE);Tolerancja_0.01;322;680;0.009985840706831896;0.0999291784557038;0.6305893648991261;1.7955150626423573
Fidelity (MSE);Tolerancja_0.1;322;74;0.09975141517627781;0.3158344743315362;1.3505784120197624;5.674874593464006
Fidelity (MSE);Tolerancja_1.0;322;8;0.9453698679257461;0.9723013256834252;3.0142946549724137;17.470189414852292
Fidelity (MSE);Tolerancja_0.01;323;870;0.009981596896357546;0.0999079421085108;0.35596255725846504;1.8412813964546741
Fidelity (MSE);Tolerancja_0.1;323;97;0.09981392842425599;0.3159334240378121;1.148948287293333;5.822583509599629
Fidelity (MSE);Tolerancja_1.0;323;6;0.9677869137723952;0.9837616143011453;3.143911113144185;18.130510154954056
Fidelity (MSE);Tolerancja_0.01;324;740;0.00999616355834123;0.09998081595156758;0.36298072653575275;1.8606054709122744
Fidelity (MSE);Tolerancja_0.1;324;86;0.0996203837437726;0.315626969290922;1.260528406726694;5.873699471652916
Fidelity (MSE);Tolerancja_1.0;324;9;0.9827390914180458;0.9913319784098795;2.991890331257194;18.448316159104035
Fidelity (MSE);Tolerancja_0.01;325;997;0.00999438212781605;0.09997190669291074;1.450504704237428;1.7638781537322272
Fidelity (MSE);Tolerancja_0.1;325;104;0.09884479102978529;0.3143959144610268;2.1466481918584597;5.547119220641975
Fidelity (MSE);Tolerancja_1.0;325;10;0.9731559019457776;0.9864866455993094;3.8185099824158;17.405312159006755
Fidelity (MSE);Tolerancja_0.01;326;1642;0.00998976010763259;0.09994878742452352;0.4369901315724478;1.8922466307818564
Fidelity (MSE);Tolerancja_0.1;326;214;0.0993714961905216;0.31523244787064925;1.287064860993124;5.96803175673141
Fidelity (MSE);Tolerancja_1.0;326;20;0.9438541864666089;0.9715215831192887;3.260233718804187;18.393003954926105
Fidelity (MSE);Tolerancja_0.01;327;402;0.0099668004513212;0.0998338642511708;0.4596485083463735;1.6961687368186917
Fidelity (MSE);Tolerancja_0.1;327;31;0.09673712058317774;0.3110259162564717;1.0029486271228665;5.284303472089921
Fidelity (MSE);Tolerancja_1.0;327;7;0.9219384633252841;0.9601762667996351;2.631658830273687;16.313311898689975
Fidelity (MSE);Tolerancja_0.01;328;452;0.009987813048536756;0.09993904666613923;0.9911062767066494;1.590028569069472
Fidelity (MSE);Tolerancja_0.1;328;49;0.09963190671266665;0.3156452228573508;1.6775200717770788;5.021910242050906
Fidelity (MSE);Tolerancja_1.0;328;4;0.901046036214683;0.9492344474441934;3.370356797678136;15.102304259747527
Fidelity (MSE);Tolerancja_0.01;329;914;0.00999958022315605;0.09999790109375321;2.172348878220153;1.503612710325211
Fidelity (MSE);Tolerancja_0.1;329;107;0.09969010033896172;0.31573739141723733;3.048460509645265;4.74756719558328
Fidelity (MSE);Tolerancja_1.0;329;14;0.9285878329839972;0.9636326234535634;3.0100448058074933;14.489606730348859
Fidelity (MSE);Tolerancja_0.01;330;998;0.009994236760830175;0.09997117965108832;0.976182650129616;2.0451408667485906
Fidelity (MSE);Tolerancja_0.1;330;112;0.09975209741033364;0.3158355543797019;1.3684023322680998;6.461144118619925
Fidelity (MSE);Tolerancja_1.0;330;10;0.9630161692726535;0.9813338724779929;3.416592994962133;20.07544587884179
Fidelity (MSE);Tolerancja_0.01;331;1445;0.00999587141595789;0.09997935494869874;0.42256708487171357;1.7986775166777424
Fidelity (MSE);Tolerancja_0.1;331;164;0.09932176617954436;0.3151535596809028;1.18843596205264;5.6697667472436
Fidelity (MSE);Tolerancja_1.0;331;16;0.9610436282331367;0.9803283267523879;3.563665036760105;17.63658628520469
Fidelity (MSE);Tolerancja_0.01;332;1106;0.009985856533971865;0.09992925764745711;0.9849030351739438;1.6102313138399345
Fidelity (MSE);Tolerancja_0.1;332;110;0.09950213897078379;0.31543959639015484;1.8531380207796238;5.0829029224293745
Fidelity (MSE);Tolerancja_1.0;332;10;0.9852190326065773;0.9925820029632701;2.6899212141545554;15.994180887083692
Fidelity (MSE);Tolerancja_0.01;333;1285;0.009999109565973843;0.09999554773075571;0.37376952099208616;1.716067331175943
Fidelity (MSE);Tolerancja_0.1;333;126;0.09938638474049538;0.31525606217881896;1.185430468427744;5.410247171373282
Fidelity (MSE);Tolerancja_1.0;333;13;0.983602760368145;0.9917674930991361;3.186040859798581;17.02015573345595
Fidelity (MSE);Tolerancja_0.01;334;1734;0.009990042336689512;0.09995019928289044;0.9444860896365208;1.5913863083183295
Fidelity (MSE);Tolerancja_0.1;334;224;0.09972681508118722;0.31579552732929456;2.106570174703207;5.0280307795847845
Fidelity (MSE);Tolerancja_1.0;334;20;0.9855750860285342;0.992761343943515;3.789098228530035;15.806539872000602
Fidelity (MSE);Tolerancja_0.01;335;956;0.009993248612861851;0.09996623736473155;0.8772557207141904;2.015266884650489
Fidelity (MSE);Tolerancja_0.1;335;92;0.0996879651785888;0.3157340101708855;1.204099055958801;6.365031953075897
Fidelity (MSE);Tolerancja_1.0;335;7;0.9758235448642772;0.9878378130362683;3.369945907027181;19.914291909919363
Fidelity (MSE);Tolerancja_0.01;336;478;0.009973261642740735;0.09986621872655806;0.3849539521893135;1.722459780709266
Fidelity (MSE);Tolerancja_0.1;336;48;0.09758622914815836;0.3123879465474914;1.2742810729333502;5.387964827022294
Fidelity (MSE);Tolerancja_1.0;336;6;0.7303777859717012;0.8546214284533832;3.0196708641913483;14.740230049901573
Fidelity (MSE);Tolerancja_0.01;337;860;0.00998459382803357;0.09992293944852489;0.37281896734557485;1.7031471681114463
Fidelity (MSE);Tolerancja_0.1;337;98;0.09937997159919755;0.3152458906935942;1.0621363964218968;5.3732421099376655
Fidelity (MSE);Tolerancja_1.0;337;9;0.9520035383018981;0.9757066866132967;3.169451666024716;16.630536385180076
Fidelity (MSE);Tolerancja_0.01;338;876;0.009988414696366618;0.09994205669469995;0.8491566056054083;1.6739474762822264
Fidelity (MSE);Tolerancja_0.1;338;94;0.09915544692767897;0.3148895789442372;1.465245802461994;5.2741421721135335
Fidelity (MSE);Tolerancja_1.0;338;10;0.8952356195368797;0.9461689170210992;3.3967476082518155;15.847553304035108
Fidelity (MSE);Tolerancja_0.01;339;1126;0.009997816931529803;0.09998908406186048;0.4207909050266734;2.112090212982469
Fidelity (MSE);Tolerancja_0.1;339;118;0.09926407425567306;0.31506201652321253;1.1929917470307836;6.655120484647195
Fidelity (MSE);Tolerancja_1.0;339;13;0.997030958624938;0.9985143757727968;4.062321287962643;21.091826776683668
Fidelity (MSE);Tolerancja_0.01;340;820;0.009987721283047505;0.09993858755779723;1.1840333832147278;1.9079020819732955
Fidelity (MSE);Tolerancja_0.1;340;84;0.09974268160967094;0.3158206478520221;1.9404705684181263;6.029251426217663
Fidelity (MSE);Tolerancja_1.0;340;10;0.98188054655803;0.9908988578851173;3.285080931554652;18.916997329891476
Fidelity (MSE);Tolerancja_0.01;341;856;0.009998341462356678;0.09999170696791149;0.4198431471031263;1.6499909927007168
Fidelity (MSE);Tolerancja_0.1;341;90;0.09872154160775877;0.3141998434241474;1.1826161615611208;5.184699084336946
Fidelity (MSE);Tolerancja_1.0;341;12;0.9594893980694762;0.9795352970003053;3.012242902590814;16.163584622088617
Fidelity (MSE);Tolerancja_0.01;342;1014;0.009988988131118709;0.09994492548958506;0.3655234830270744;1.8117574459707166
Fidelity (MSE);Tolerancja_0.1;342;97;0.09986903948039372;0.31602063141572534;1.2520264921961388;5.7286823642434115
Fidelity (MSE);Tolerancja_1.0;342;10;0.9515938003839408;0.9754966941942658;3.424321118583273;17.683373023380273
Fidelity (MSE);Tolerancja_0.01;343;1294;0.009991396790480094;0.09995697469651676;0.39406436817867085;1.5616286460069047
Fidelity (MSE);Tolerancja_0.1;343;137;0.09993637683477558;0.31612715295395866;1.0795095346533827;4.9388571366067096
Fidelity (MSE);Tolerancja_1.0;343;10;0.8299201485143402;0.9109995326641722;3.704027281967847;14.232553266308983
Fidelity (MSE);Tolerancja_0.01;344;568;0.00998463266370604;0.09992313377644858;0.5404351689372398;1.6871101214983826
Fidelity (MSE);Tolerancja_0.1;344;61;0.09961566443419731;0.315619493115044;1.2671574536049608;5.328944572213607
Fidelity (MSE);Tolerancja_1.0;344;5;0.920624792025087;0.9594919447421573;3.098495223705825;16.200138149111936
Fidelity (MSE);Tolerancja_0.01;345;991;0.009998123167095238;0.09999061539512215;1.6864413051222273;1.9176154288149276
Fidelity (MSE);Tolerancja_0.1;345;100;0.09871961197754534;0.3141967727038986;2.3840484933129877;6.0256512737718895
Fidelity (MSE);Tolerancja_1.0;345;6;0.9143052834635091;0.9561931203807676;4.12299810570434;18.33782773836492
Fidelity (MSE);Tolerancja_0.01;346;1028;0.009998915382154897;0.09999457676371702;0.39377383733053506;1.6957536054973763
Fidelity (MSE);Tolerancja_0.1;346;124;0.0994423596739804;0.3153448266168012;1.1649087871741153;5.347761288834399
Fidelity (MSE);Tolerancja_1.0;346;12;0.9501144537210746;0.974738146232656;3.2388232749006716;16.53005372276964
Fidelity (MSE);Tolerancja_0.01;347;1042;0.00998412848406314;0.09992061090717541;0.500417711796084;1.7102022013356533
Fidelity (MSE);Tolerancja_0.1;347;120;0.09867641329470164;0.31412802055006434;1.1902619172063709;5.3764926712167735
Fidelity (MSE);Tolerancja_1.0;347;9;0.9775347875624415;0.9887035893342562;3.4792633372423856;16.922264982133754
Fidelity (MSE);Tolerancja_0.01;348;1090;0.009998548952628666;0.09999274449993192;1.4635831565895705;1.8180126969436086
Fidelity (MSE);Tolerancja_0.1;348;100;0.09914704667376667;0.31487624024966804;1.9897927908279378;5.724905397912668
Fidelity (MSE);Tolerancja_1.0;348;8;0.8707081470074096;0.9331174347355266;2.925251249133792;16.965424367262873
Fidelity (MSE);Tolerancja_0.01;349;1254;0.009997876976138634;0.09998938431722956;0.521872212563582;1.6675446386273889
Fidelity (MSE);Tolerancja_0.1;349;128;0.09937913704168115;0.31524456702960185;1.1489572670705162;5.257401985182964
Fidelity (MSE);Tolerancja_1.0;349;13;0.9777192575187265;0.9887968737403686;4.157673155129351;16.490379821382227
Fidelity (MSE);Tolerancja_0.01;350;1343;0.009998377651415327;0.09999188792804808;0.8082664656079084;1.7248335412225597
Fidelity (MSE);Tolerancja_0.1;350;134;0.09928824923861651;0.31510037962309173;1.7583842607626963;5.435397959652062
Fidelity (MSE);Tolerancja_1.0;350;10;0.9447605385475952;0.9719879312767187;3.0986387562735196;16.7665339685955
Fidelity (MSE);Tolerancja_0.01;351;650;0.009991073392097833;0.09995535699549991;0.43497853491286165;1.8287652048284877
Fidelity (MSE);Tolerancja_0.1;351;71;0.0994619395571088;0.31537587028355357;1.2101799781636373;5.770060108364489
Fidelity (MSE);Tolerancja_1.0;351;8;0.8507272580913287;0.9223487724778131;2.953570646705833;16.875126981934862
Fidelity (MSE);Tolerancja_0.01;352;1295;0.009997091213527766;0.09998545500985515;0.6907714714029272;1.60001870793077
Fidelity (MSE);Tolerancja_0.1;352;158;0.09923546136786167;0.31501660490815664;1.3251672002062023;5.041057832983871
Fidelity (MSE);Tolerancja_1.0;352;15;0.9989980458982219;0.9994988973972017;3.097446579366166;15.994495741746354
Fidelity (MSE);Tolerancja_0.01;353;1094;0.009999796033594865;0.09999898016277399;1.0949750182182738;1.6364873845545094
Fidelity (MSE);Tolerancja_0.1;353;130;0.09977383041292398;0.31586995807281826;1.4408481717878816;5.169224733137414
Fidelity (MSE);Tolerancja_1.0;353;9;0.953975684189723;0.9767167881170687;3.462942852270907;15.984010031246337
Fidelity (MSE);Tolerancja_0.01;354;801;0.009995583660469777;0.09997791586380353;0.3583446859128072;1.833314417302843
Fidelity (MSE);Tolerancja_0.1;354;72;0.09897116101828528;0.31459682296279673;1.329429413939173;5.76882290646125
Fidelity (MSE);Tolerancja_1.0;354;6;0.8792022207930191;0.9376578378027984;3.0958288042850857;17.19401347476222
Fidelity (MSE);Tolerancja_0.01;355;1038;0.009997800618558239;0.09998900248806485;0.49412242983301;1.919242601173059
Fidelity (MSE);Tolerancja_0.1;355;100;0.09964980675034357;0.31567357626247966;1.5621890354215966;6.059208118412033
Fidelity (MSE);Tolerancja_1.0;355;10;0.9247677684352542;0.9616484640632741;3.497238144046051;18.45839696023749
Fidelity (MSE);Tolerancja_0.01;356;982;0.009985891122901438;0.09992943071438683;2.193462320792703;1.8947056429697833
Fidelity (MSE);Tolerancja_0.1;356;96;0.09846061997985325;0.31378435266892013;2.9376975842952584;5.949488348199199
Fidelity (MSE);Tolerancja_1.0;356;11;0.969375416766613;0.9845686450251262;4.299935674718337;18.667851445606694
Fidelity (MSE);Tolerancja_0.01;357;570;0.009985661070856246;0.09992827963522762;1.4347178677918855;1.7161006310362725
Fidelity (MSE);Tolerancja_0.1;357;54;0.0993105647997622;0.31513578787526214;2.1733455617211535;5.4119286993529
Fidelity (MSE);Tolerancja_1.0;357;6;0.8277768150996683;0.9098224085499699;3.2997919976465084;15.62467416774305
Fidelity (MSE);Tolerancja_0.01;358;499;0.00999437238235392;0.09997185795189524;1.0215367646015605;1.953921610478399
Fidelity (MSE);Tolerancja_0.1;358;49;0.09911674785126914;0.31482812430160867;1.1920232597349303;6.153226400526558
Fidelity (MSE);Tolerancja_1.0;358;6;0.974814028139813;0.9873267079036265;3.5229274382536038;19.297020488542564
Fidelity (MSE);Tolerancja_0.01;359;1370;0.009987908976529753;0.09993952659748671;0.5092774004992533;1.652028903910584
Fidelity (MSE);Tolerancja_0.1;359;176;0.09918779773160401;0.31494094324429145;1.1840753413219796;5.206063696498604
Fidelity (MSE);Tolerancja_1.0;359;14;0.9424911483879834;0.9708198331245522;2.8764115301971076;16.047928976799287
Fidelity (MSE);Tolerancja_0.01;360;982;0.009993484910393105;0.09996741924443736;0.6207367831168602;1.7334204921288403
Fidelity (MSE);Tolerancja_0.1;360;118;0.09999726977812283;0.31622344912754785;1.3461636545491222;5.483268558419394
Fidelity (MSE);Tolerancja_1.0;360;10;0.8668372877738549;0.9310409699760022;2.9582547965576795;16.14411483827235
Fidelity (MSE);Tolerancja_0.01;361;306;0.009956068784054577;0.09978010214493958;0.5646774604687641;1.878305085585914
Fidelity (MSE);Tolerancja_0.1;361;32;0.09853455056177587;0.3139021353252887;1.2727670086372918;5.909033609740294
Fidelity (MSE);Tolerancja_1.0;361;3;0.8102375660484571;0.9001319714622168;2.9599901060985347;16.944485156369453
Fidelity (MSE);Tolerancja_0.01;362;952;0.009992471172539022;0.09996234877462125;0.4197850027212038;1.6453979957735392
Fidelity (MSE);Tolerancja_0.1;362;99;0.09976976514540309;0.3158635229737728;1.3114181825556486;5.19916962746441
Fidelity (MSE);Tolerancja_1.0;362;8;0.9661493724737735;0.9829289763120088;3.5941428813849896;16.179185337651084
Fidelity (MSE);Tolerancja_0.01;363;1236;0.00999099554846201;0.09995496760272603;0.4625110483723134;1.8309097134920536
Fidelity (MSE);Tolerancja_0.1;363;136;0.09927145515624064;0.3150737297145553;1.2315215260823762;5.771314483271529
Fidelity (MSE);Tolerancja_1.0;363;10;0.9658956672677949;0.9827999121223988;3.2958130180362923;18.002285916152523
Fidelity (MSE);Tolerancja_0.01;364;1304;0.009987411475184695;0.09993703755457581;0.3877568648591385;1.7281372714327934
Fidelity (MSE);Tolerancja_0.1;364;143;0.09968745258124587;0.3157331984148101;1.1465941024670832;5.459740666330528
Fidelity (MSE);Tolerancja_1.0;364;13;0.9904330137370052;0.9952050109083079;3.104322892505875;17.20934414458816
Fidelity (MSE);Tolerancja_0.01;365;1180;0.009999217233497084;0.099996086090892;0.36325492765713463;1.4302128486762622
Fidelity (MSE);Tolerancja_0.1;365;139;0.09994494468236442;0.31614070393159505;1.221840844956609;4.521661941263805
Fidelity (MSE);Tolerancja_1.0;365;11;0.9836718584709538;0.9918023283250317;2.8481028773453696;14.185439538385033
Fidelity (MSE);Tolerancja_0.01;366;402;0.009991657715389351;0.09995827987410223;1.5069926319882967;2.033381891116882
Fidelity (MSE);Tolerancja_0.1;366;36;0.09947493370541852;0.3153964706610055;1.7680480992433587;6.415891437627898
Fidelity (MSE);Tolerancja_1.0;366;7;0.9270854321499407;0.9628527572531226;2.7119750761726307;19.586645177131633
Fidelity (MSE);Tolerancja_0.01;367;652;0.009982805142816832;0.09991398872438649;0.4981810490711869;2.1336324386803556
Fidelity (MSE);Tolerancja_0.1;367;60;0.09882253176407262;0.3143605124122186;0.9947353690871479;6.713071865973657
Fidelity (MSE);Tolerancja_1.0;367;9;0.9482239752884584;0.9737679268123686;3.1679506233858596;20.794513990674883
Fidelity (MSE);Tolerancja_0.01;368;670;0.009982784891921588;0.09991388738269365;0.42763306650745303;1.6776022556274768
Fidelity (MSE);Tolerancja_0.1;368;57;0.09952641857907064;0.3154780793954956;1.2153682140029867;5.297028786076238
Fidelity (MSE);Tolerancja_1.0;368;5;0.8592221314720647;0.9269423560675522;2.7732511542151457;15.563808276415095
Fidelity (MSE);Tolerancja_0.01;369;720;0.009993501381830038;0.09996750162842942;0.853859046071392;1.610277918438259
Fidelity (MSE);Tolerancja_0.1;369;84;0.09860450445625736;0.3140135418357899;1.128301066035724;5.058134536443802
Fidelity (MSE);Tolerancja_1.0;369;8;0.9691573227185286;0.9844578826534575;3.039173452865797;15.857661382411917
Fidelity (MSE);Tolerancja_0.01;370;590;0.009972625791071561;0.0998630351585188;0.717948877608614;1.6708307976044274
Fidelity (MSE);Tolerancja_0.1;370;78;0.09979051411885566;0.31589636610580957;1.4591797982305454;5.285332821129313
Fidelity (MSE);Tolerancja_1.0;370;9;0.9821969128931971;0.9910584810661766;2.645883211379151;16.581621315273797
Fidelity (MSE);Tolerancja_0.01;371;1008;0.009991959949252905;0.09995979166271259;0.7304740536052297;1.6563850110864236
Fidelity (MSE);Tolerancja_0.1;371;116;0.09988929956662576;0.3160526847957881;1.2504948716624131;5.237155071068894
Fidelity (MSE);Tolerancja_1.0;371;9;0.9723030155998375;0.986054266052248;3.230087250679963;16.3394248751323
Fidelity (MSE);Tolerancja_0.01;372;974;0.009982358134811315;0.09991175173527544;1.5500652859882198;1.786507899018601
Fidelity (MSE);Tolerancja_0.1;372;105;0.09967465250088713;0.3157129273578881;2.0987723176506465;5.645218192566383
Fidelity (MSE);Tolerancja_1.0;372;12;0.9243214715400818;0.961416388221088;3.8382496509045403;17.190950433476278
Fidelity (MSE);Tolerancja_0.01;373;1294;0.009998529031066664;0.09999264488484473;0.5113836737663249;1.9530726811620172
Fidelity (MSE);Tolerancja_0.1;373;131;0.09996777501502689;0.31617680973630385;1.198164809394851;6.175617118880003
Fidelity (MSE);Tolerancja_1.0;373;14;0.9925877106547829;0.9962869620018034;3.639990346021607;19.45963975974936
Fidelity (MSE);Tolerancja_0.01;374;1068;0.009986346929341056;0.09993171132999303;0.37562321916163377;1.5503561565872064
Fidelity (MSE);Tolerancja_0.1;374;122;0.09944453735990794;0.31534827946241906;1.188716033440632;4.892362394548601
Fidelity (MSE);Tolerancja_1.0;374;10;0.9870403193347178;0.9934990283511694;3.1804877041330997;15.413298888491584
Fidelity (MSE);Tolerancja_0.01;375;1070;0.009983725326592568;0.0999185934978699;0.8050745538866151;1.7789815403623923
Fidelity (MSE);Tolerancja_0.1;375;114;0.09963912246375156;0.31565665281085326;1.282254023139222;5.620048669470712
Fidelity (MSE);Tolerancja_1.0;375;10;0.9493356556540838;0.9743385734199811;3.502548776983736;17.347425293913147
Fidelity (MSE);Tolerancja_0.01;376;1308;0.00999370816395584;0.09996853586982177;0.8390018482742345;1.6983521951241463
Fidelity (MSE);Tolerancja_0.1;376;163;0.09988249618715989;0.31604192156604777;1.3736822280092413;5.369194282708137
Fidelity (MSE);Tolerancja_1.0;376;17;0.9969303837255966;0.998464012233589;3.5640961330818097;16.962772658164784
Fidelity (MSE);Tolerancja_0.01;377;1006;0.009990160400427493;0.09995078989396479;0.5349470328246948;1.769783445550351
Fidelity (MSE);Tolerancja_0.1;377;104;0.09990959203270003;0.3160847861455847;1.1189449703897707;5.596770395754085
Fidelity (MSE);Tolerancja_1.0;377;8;0.9571985557637145;0.9783652466046178;2.8999728923943957;17.323471069908873
Fidelity (MSE);Tolerancja_0.01;378;776;0.009982483659875542;0.09991237991297947;0.39793847827387463;1.6630819212944243
Fidelity (MSE);Tolerancja_0.1;378;75;0.09998786352238366;0.31620857597855195;1.108902997059647;5.263419473404694
Fidelity (MSE);Tolerancja_1.0;378;8;0.9654655488064428;0.9825810647506101;3.064657699314596;16.355458717090183
Fidelity (MSE);Tolerancja_0.01;379;826;0.009990518871611365;0.0999525831162525;0.35315689178887677;1.7929158622693806
Fidelity (MSE);Tolerancja_0.1;379;76;0.09890902307139773;0.3144980493920395;1.1856100402185379;5.641360371366737
Fidelity (MSE);Tolerancja_1.0;379;10;0.95418666339152;0.9768247864338415;2.7053979404285524;17.521954907540145
Fidelity (MSE);Tolerancja_0.01;380;858;0.00998230175002309;0.09991146956192312;0.37576359696959294;1.6045117394005055
Fidelity (MSE);Tolerancja_0.1;380;94;0.09970032426418843;0.31575358155401567;1.117358870439685;5.070792478406834
Fidelity (MSE);Tolerancja_1.0;380;12;0.9486405345564733;0.9739817937500029;3.2351461786173075;15.641499708556198
Fidelity (MSE);Tolerancja_0.01;381;752;0.009979003266611419;0.0998949611672752;0.7071407127093057;1.6629778054043505
Fidelity (MSE);Tolerancja_0.1;381;82;0.09957384470041442;0.3155532359213171;1.1491399233775423;5.253098070501876
Fidelity (MSE);Tolerancja_1.0;381;7;0.9626262303794642;0.9811351743666437;3.2217790325179028;16.333216410596666
Fidelity (MSE);Tolerancja_0.01;382;882;0.009998746669768807;0.09999373315247714;1.065815776276997;1.5563962950393901
Fidelity (MSE);Tolerancja_0.1;382;89;0.09970262521705806;0.3157572251224951;1.5498673553721138;4.914741752497472
Fidelity (MSE);Tolerancja_1.0;382;8;0.9201045340543035;0.9592207952574336;3.176027818424462;14.930212572290817
Fidelity (MSE);Tolerancja_0.01;383;858;0.009984735558123861;0.09992364864297071;0.8884024240765127;1.9068529953832558
Fidelity (MSE);Tolerancja_0.1;383;90;0.09885549256543662;0.31441293320319474;1.106998773786507;5.999973495842949
Fidelity (MSE);Tolerancja_1.0;383;10;0.9932587964522696;0.9966236985202939;3.539155533765977;19.018669860460996
Fidelity (MSE);Tolerancja_0.01;384;1180;0.009987360019708512;0.09993678011477311;0.7688117843817572;1.6082856599730289
Fidelity (MSE);Tolerancja_0.1;384;126;0.09905637289283593;0.3147322241093783;1.122375889209212;5.0649953118882305
Fidelity (MSE);Tolerancja_1.0;384;16;0.919930622338459;0.9591301383745894;2.765867276240417;15.435310661642696
Fidelity (MSE);Tolerancja_0.01;385;910;0.009988174426217944;0.0999408546402218;0.7383596039800553;1.6356129558931103
Fidelity (MSE);Tolerancja_0.1;385;108;0.09957806804432466;0.31555992781772;1.2736688010494017;5.164393562146269
Fidelity (MSE);Tolerancja_1.0;385;6;0.9573431658899201;0.9784391477705295;3.5482741230951733;16.01294838239678
Fidelity (MSE);Tolerancja_0.01;386;789;0.009999544762632233;0.09999772378725544;0.7813350613506698;2.027735966445837
Fidelity (MSE);Tolerancja_0.1;386;94;0.09953540470809562;0.31549232115551656;1.1844909333890232;6.397496888084718
Fidelity (MSE);Tolerancja_1.0;386;8;0.9747812112962081;0.9873100887240077;2.668614160067267;20.02049747852014
Fidelity (MSE);Tolerancja_0.01;387;1273;0.009990245364730362;0.09995121492373348;0.39210446805022947;1.513398571626427
Fidelity (MSE);Tolerancja_0.1;387;138;0.09964686642717516;0.3156689190072015;1.1348780542488566;4.779660672427896
Fidelity (MSE);Tolerancja_1.0;387;8;0.9223246542185277;0.960377349909153;3.3971711442670425;14.54143114402271
Fidelity (MSE);Tolerancja_0.01;388;999;0.009995253939982579;0.09997626688360882;0.36318009934688256;2.076268027317017
Fidelity (MSE);Tolerancja_0.1;388;114;0.09985359764639566;0.31599619878472535;1.1616866727306765;6.562485525232234
Fidelity (MSE);Tolerancja_1.0;388;12;0.9544809079532668;0.9769753875882784;3.1690621227401454;20.289442924356287
Fidelity (MSE);Tolerancja_0.01;389;1632;0.009994057126329392;0.09997028121561623;0.74001567104089;1.6351775890712794
Fidelity (MSE);Tolerancja_0.1;389;206;0.09977340567555033;0.3158692857426159;1.6940281465386016;5.166559209814402
Fidelity (MSE);Tolerancja_1.0;389;19;0.9812221323978773;0.9905665714114712;3.1362127315814945;16.20233771836378
Fidelity (MSE);Tolerancja_0.01;390;777;0.009999659991543673;0.0999982999432674;0.5511766896901324;1.7225683864041843
Fidelity (MSE);Tolerancja_0.1;390;80;0.09843240286159573;0.31373938685092717;1.3795388996512417;5.404467372603826
Fidelity (MSE);Tolerancja_1.0;390;11;0.9618353688886877;0.9807320576430076;3.259522947628988;16.89406758902317
Fidelity (MSE);Tolerancja_0.01;391;1121;0.009996472953502623;0.09998236321223171;0.4003879503709076;1.7153646549784325
Fidelity (MSE);Tolerancja_0.1;391;125;0.0996569944111328;0.3156849606983722;1.085907252721869;5.416103463575614
Fidelity (MSE);Tolerancja_1.0;391;8;0.8522472464490118;0.923172381762481;3.0615596603537387;15.838566155574558
Fidelity (MSE);Tolerancja_0.01;392;919;0.00999454711705716;0.09997273186753056;0.5794481045526307;1.8783324872965454
Fidelity (MSE);Tolerancja_0.1;392;90;0.09927841015806152;0.3150847666233033;1.1936463036942881;5.919953794850918
Fidelity (MSE);Tolerancja_1.0;392;6;0.9449559043182467;0.9720884241252165;3.3033632575791474;18.2640329362883
Fidelity (MSE);Tolerancja_0.01;393;1092;0.009990475567588683;0.09995236649318856;0.464859065733803;1.6131923214852633
Fidelity (MSE);Tolerancja_0.1;393;121;0.0997448097266988;0.31582401702007845;1.1219798278887083;5.09727680366769
Fidelity (MSE);Tolerancja_1.0;393;9;0.9835040756746893;0.9917177399213394;3.419755150952593;16.005938621081548
Fidelity (MSE);Tolerancja_0.01;394;895;0.009995271101998597;0.09997635271402232;0.816998867729521;1.7461116442583062
Fidelity (MSE);Tolerancja_0.1;394;89;0.09966505054483606;0.31569772020848685;1.222106938485204;5.513738502730199
Fidelity (MSE);Tolerancja_1.0;394;12;0.8725550393420053;0.9341065460331628;3.426302085429646;16.314401083143807
Fidelity (MSE);Tolerancja_0.01;395;1092;0.00999962233050773;0.09999811163470904;0.7023720497600809;1.7135885569371567
Fidelity (MSE);Tolerancja_0.1;395;116;0.09911096875469605;0.3148189459907012;1.1370346973368188;5.394803307159992
Fidelity (MSE);Tolerancja_1.0;395;13;0.9666678999753227;0.9831927074461663;2.774246022492887;16.84819588292133
Fidelity (MSE);Tolerancja_0.01;396;706;0.009999838767683105;0.09999919383516602;0.4024789536154616;1.8868053512968126
Fidelity (MSE);Tolerancja_0.1;396;72;0.0995261808814787;0.31547770266926745;1.1337912790741234;5.952498163058919
Fidelity (MSE);Tolerancja_1.0;396;4;0.9718002698372274;0.9857993050500834;3.264404581914688;18.600263989519078
Fidelity (MSE);Tolerancja_0.01;397;1516;0.009988871895807841;0.09994434399108257;0.8501459664893023;1.6267853682016855
Fidelity (MSE);Tolerancja_0.1;397;176;0.09978603998757318;0.31588928438231834;1.8568960368705545;5.141702324352717
Fidelity (MSE);Tolerancja_1.0;397;12;0.9269381269533805;0.9627762600694829;3.158994685221458;15.671025194509463
Fidelity (MSE);Tolerancja_0.01;398;1321;0.009998079633760091;0.09999039770778037;0.4204927518588093;1.607636453663572
Fidelity (MSE);Tolerancja_0.1;398;147;0.09972927209091742;0.31579941749616547;1.3740218950855354;5.077394102344423
Fidelity (MSE);Tolerancja_1.0;398;18;0.9841935747818474;0.9920653077201357;3.301670274032946;15.950335128847676
Fidelity (MSE);Tolerancja_0.01;399;915;0.00999464343811704;0.09997321360302988;2.0354344163914577;1.5665845661607465
Fidelity (MSE);Tolerancja_0.1;399;90;0.09958841485527277;0.3155763217595274;2.721310982927828;4.945094563802941
Fidelity (MSE);Tolerancja_1.0;399;8;0.9173710793427781;0.9577949046339608;4.138906941303667;15.008687438066834
Fidelity (MSE);Tolerancja_0.01;400;324;0.00999348962630497;0.0999674428316788;0.344374382777465;2.196625963360955
Fidelity (MSE);Tolerancja_0.1;400;32;0.0983809485551073;0.313657374463135;1.0639814943430077;6.892123203605821
Fidelity (MSE);Tolerancja_1.0;400;6;0.7362481645315082;0.8580490455279979;2.879790402649089;18.854266527728026
Fidelity (MSE);Tolerancja_0.01;401;899;0.009997522960328794;0.09998761403458327;0.3493367598403614;1.6896437871861785
Fidelity (MSE);Tolerancja_0.1;401;97;0.09971064116255884;0.3157699180773223;1.1956953513834008;5.336047723622029
Fidelity (MSE);Tolerancja_1.0;401;7;0.9864444723112067;0.993199110103914;3.4594656618118975;16.783605869877917
Fidelity (MSE);Tolerancja_0.01;402;696;0.009990894541579712;0.09995446233950595;0.948647545680831;1.653869932751229
Fidelity (MSE);Tolerancja_0.1;402;70;0.09860185552642464;0.3140093239482303;1.2958180880078403;5.195671782191745
Fidelity (MSE);Tolerancja_1.0;402;4;0.9650896908195647;0.9823897855838917;3.1629554380436966;16.254851365219757
Fidelity (MSE);Tolerancja_0.01;403;1294;0.009991564763121191;0.09995781491770012;0.44039459386228685;1.7254110893961876
Fidelity (MSE);Tolerancja_0.1;403;141;0.09980404618044177;0.315917783893914;1.1559467008083417;5.453180905533237
Fidelity (MSE);Tolerancja_1.0;403;10;0.995532868908683;0.9977639344597914;4.068038048650383;17.22279502141908
Fidelity (MSE);Tolerancja_0.01;404;474;0.009976518413767264;0.09988252306468466;0.4190245630300238;1.9359919140525657
Fidelity (MSE);Tolerancja_0.1;404;55;0.09942176724641409;0.31531217427561226;1.3488373308206585;6.111597915929618
Fidelity (MSE);Tolerancja_1.0;404;6;0.8828338352888175;0.9395923771981217;3.2963495079713048;18.21182714400362
Fidelity (MSE);Tolerancja_0.01;405;1174;0.009996286364889972;0.09998143010024398;0.9187914210978332;1.5451086899842648
Fidelity (MSE);Tolerancja_0.1;405;140;0.09899333576487453;0.3146320641080221;1.5103217721838744;4.86231029015662
Fidelity (MSE);Tolerancja_1.0;405;9;0.9413540610233584;0.9702340238434016;3.5364738077564564;14.993954577922985
Fidelity (MSE);Tolerancja_0.01;406;1244;0.009988890778897459;0.09994443845906315;0.7551311683453905;1.6054485448945277
Fidelity (MSE);Tolerancja_0.1;406;136;0.09997868723266148;0.31619406577711334;1.1464914724526398;5.079155084893252
Fidelity (MSE);Tolerancja_1.0;406;14;0.98664684492175;0.9933009840535496;3.4048474984483637;15.95580148408412
Fidelity (MSE);Tolerancja_0.01;407;444;0.009980780245220524;0.09990385500680404;0.36354880604370354;1.6253004153604107
Fidelity (MSE);Tolerancja_0.1;407;50;0.09803715873892055;0.31310886084382944;1.0909341002703492;5.093857104391439
Fidelity (MSE);Tolerancja_1.0;407;5;0.9104253399174046;0.9541621140652172;2.8113858785587755;15.522925318605038
Fidelity (MSE);Tolerancja_0.01;408;1230;0.009993240412548203;0.09996619634930701;0.3710562575625813;1.7312463698553344
Fidelity (MSE);Tolerancja_0.1;408;138;0.09945162444370326;0.31535951617749425;1.1943161978210028;5.461496360968686
Fidelity (MSE);Tolerancja_1.0;408;10;0.9519177036990961;0.9756626997580138;3.391320969002267;16.896836819289717
Fidelity (MSE);Tolerancja_0.01;409;736;0.009990089796793694;0.09995043670136561;0.401517730447412;1.8665866092746422
Fidelity (MSE);Tolerancja_0.1;409;85;0.09965810578224944;0.3156867209469689;1.1896086587433983;5.89548805880687
Fidelity (MSE);Tolerancja_1.0;409;10;0.8706988108161109;0.9331124320338418;2.9007995938859246;17.42598860059074
Fidelity (MSE);Tolerancja_0.01;410;508;0.00999870479533277;0.09999352376695587;0.48129715414334306;1.6079002635121815
Fidelity (MSE);Tolerancja_0.1;410;54;0.09698026635181299;0.3114165479736313;1.2112680271683471;5.007591798803346
Fidelity (MSE);Tolerancja_1.0;410;6;0.9601067766252495;0.9798503848166052;3.3444822490255275;15.756037317186502
Fidelity (MSE);Tolerancja_0.01;411;1042;0.009998138982862292;0.09999069448134808;0.42020458603979804;1.914978689406548
Fidelity (MSE);Tolerancja_0.1;411;114;0.09938944835149195;0.3152609210661733;1.1658850394677227;6.037741297586619
Fidelity (MSE);Tolerancja_1.0;411;12;0.9893080508657;0.9946396588039811;3.2330311057699856;19.0489101023648
Fidelity (MSE);Tolerancja_0.01;412;1184;0.00999323083065783;0.09996614842364304;0.4261426187942252;1.6633144842259293
Fidelity (MSE);Tolerancja_0.1;412;140;0.09893840079338284;0.3145447516544869;1.0735521852655499;5.233640083310609
Fidelity (MSE);Tolerancja_1.0;412;10;0.9924712119353709;0.9962284938383217;3.1159773831368183;16.576024079446825
Fidelity (MSE);Tolerancja_0.01;413;1012;0.009997190783672652;0.09998595293176263;0.375476267485813;1.7154795812047072
Fidelity (MSE);Tolerancja_0.1;413;106;0.0994030094647487;0.31528242809384205;1.3672266477575663;5.409365534344092
Fidelity (MSE);Tolerancja_1.0;413;12;0.923729101611821;0.9611082673725271;3.373622759978576;16.489932432107075
Fidelity (MSE);Tolerancja_0.01;414;1644;0.00999268117166214;0.09996339916020333;0.42911523388099404;1.7902311825004382
Fidelity (MSE);Tolerancja_0.1;414;198;0.09973526187155142;0.31580890087448676;1.2220444578304255;5.655779483354918
Fidelity (MSE);Tolerancja_1.0;414;18;0.9619329819893985;0.9807818218081932;3.4465735599082192;17.56469083065787
Fidelity (MSE);Tolerancja_0.01;415;1286;0.009999556170640269;0.09999778082857774;0.3631626055186308;1.6457901900409027
Fidelity (MSE);Tolerancja_0.1;415;140;0.09951060146215623;0.31545300991139114;1.06443628495777;5.191809906472175
Fidelity (MSE);Tolerancja_1.0;415;14;0.979060261289802;0.989474740096887;3.9796639013401407;16.285039598392157
Fidelity (MSE);Tolerancja_0.01;416;637;0.00999654476003242;0.09998272230756883;0.8297500604051464;1.5625478653024243
Fidelity (MSE);Tolerancja_0.1;416;82;0.09983147927349999;0.3159611989999721;1.1361355204785317;4.937898125008614
Fidelity (MSE);Tolerancja_1.0;416;7;0.9778044060018332;0.988839929413165;3.4946564760160808;15.453767262680085
Fidelity (MSE);Tolerancja_0.01;417;668;0.009993447192248643;0.09996723059207274;0.9024064764401345;1.6765730544290713
Fidelity (MSE);Tolerancja_0.1;417;73;0.09938332758723982;0.31525121345879037;1.4970956299364184;5.287149466187052
Fidelity (MSE);Tolerancja_1.0;417;10;0.8912573231579123;0.9440642579601837;2.4224713551703987;15.833115383623852
Fidelity (MSE);Tolerancja_0.01;418;978;0.009992154303660777;0.09996076382091514;0.35182386259605014;1.6937134080653948
Fidelity (MSE);Tolerancja_0.1;418;100;0.09891407872490447;0.31450608694412335;1.0466854888226251;5.328922629380582
Fidelity (MSE);Tolerancja_1.0;418;8;0.8990193457438334;0.9481663070072852;3.3312280685141995;16.06552337006128
Fidelity (MSE);Tolerancja_0.01;419;1164;0.009998775554063671;0.0999938775828984;0.8457180288557842;1.7177486470443308
Fidelity (MSE);Tolerancja_0.1;419;135;0.09969549127317558;0.31574592835565685;1.4410604992824556;5.424053495605672
Fidelity (MSE);Tolerancja_1.0;419;11;0.9484100001558463;0.9738634401988023;3.3367151408525615;16.729550320924172
Fidelity (MSE);Tolerancja_0.01;420;914;0.009998341625034384;0.09999170778136747;0.45506471131652493;1.5682324203327527
Fidelity (MSE);Tolerancja_0.1;420;102;0.09907888285460838;0.3147679825754334;1.02959126689891;4.936702913774145
Fidelity (MSE);Tolerancja_1.0;420;8;0.9123670059953238;0.9551790439469052;2.8631429255500738;14.980669669281388
Fidelity (MSE);Tolerancja_0.01;421;896;0.009985834246398028;0.09992914613063612;0.3764721150569592;1.596036439129481
Fidelity (MSE);Tolerancja_0.1;421;102;0.09932452668747796;0.3151579392740693;1.1290468662186264;5.0336020534469545
Fidelity (MSE);Tolerancja_1.0;421;8;0.9643737469403605;0.982025329072708;3.4318733888905513;15.684595236100456
Fidelity (MSE);Tolerancja_0.01;422;605;0.009996617915624126;0.09998308814806695;0.9044825967356203;1.6846576343328252
Fidelity (MSE);Tolerancja_0.1;422;60;0.0982572472042858;0.31346012059636197;1.1672572793082083;5.281623072489175
Fidelity (MSE);Tolerancja_1.0;422;6;0.998399381594346;0.9991993702932094;3.41694028231694;16.83593574237436
Fidelity (MSE);Tolerancja_0.01;423;688;0.009995138767454862;0.09997569088260837;0.4051597149477457;1.9199656824186364
Fidelity (MSE);Tolerancja_0.1;423;65;0.0995045411425614;0.31544340402449594;1.0996806951631681;6.05787772133021
Fidelity (MSE);Tolerancja_1.0;423;5;0.8687292772513858;0.9320564775009;2.8546468314542457;17.899515723066912
Fidelity (MSE);Tolerancja_0.01;424;580;0.009979732659891669;0.09989861190172598;0.5050078273680443;1.6174773663984672
Fidelity (MSE);Tolerancja_0.1;424;52;0.09975651754344654;0.31584255182518794;1.050867696663433;5.113866641363712
Fidelity (MSE);Tolerancja_1.0;424;8;0.7666063720118084;0.8755606044197103;2.47939960329226;14.17636775526182
Fidelity (MSE);Tolerancja_0.01;425;1175;0.009997853556589055;0.09998926720698105;0.34347308230337426;1.604904497306733
Fidelity (MSE);Tolerancja_0.1;425;130;0.099089208705364;0.31478438446874074;1.3763997125703566;5.052531020854824
Fidelity (MSE);Tolerancja_1.0;425;15;0.9877147818146114;0.9938384083011742;3.5220743873621982;15.951869391911682
Fidelity (MSE);Tolerancja_0.01;426;858;0.009982395665247732;0.09991193955302706;0.66341598534517;1.7388959953445415
Fidelity (MSE);Tolerancja_0.1;426;85;0.0998132912508672;0.3159324156380082;1.0564125120097345;5.498578196061207
Fidelity (MSE);Tolerancja_1.0;426;10;0.9107535951103942;0.9543341108387535;3.2028234314540125;16.609504039078825
Fidelity (MSE);Tolerancja_0.01;427;906;0.009993682324007285;0.09996840662933107;0.6020378549235108;1.663595801970618
Fidelity (MSE);Tolerancja_0.1;427;100;0.09951788755789967;0.3154645583229591;1.310375927952319;5.249713710477509
Fidelity (MSE);Tolerancja_1.0;427;11;0.9601111282101578;0.9798526053494769;3.099984677512431;16.30593840365454
Fidelity (MSE);Tolerancja_0.01;428;898;0.00999816145136387;0.09999080683424787;0.5778715044629821;1.8646012608242442
Fidelity (MSE);Tolerancja_0.1;428;94;0.09988037203400653;0.31603856099217786;1.1261718335493516;5.89340078305337
Fidelity (MSE);Tolerancja_1.0;428;8;0.8567827504799256;0.9256255995163085;3.3311830769890465;17.2608134142804
Fidelity (MSE);Tolerancja_0.01;429;962;0.009989195582452292;0.09994596331244344;1.3669871719240323;1.5704940660739126
Fidelity (MSE);Tolerancja_0.1;429;104;0.09987635406568018;0.3160322041591334;1.9189203411336209;4.965950448329761
Fidelity (MSE);Tolerancja_1.0;429;8;0.9709770582654986;0.9853816815150861;3.6641428364734985;15.48372772994931
Fidelity (MSE);Tolerancja_0.01;430;1238;0.009995880581869369;0.09997940078770912;1.1388218329775333;1.7332444089618477
Fidelity (MSE);Tolerancja_0.1;430;140;0.09986359278309102;0.31601201366892845;2.2361242592092676;5.478389063557777
Fidelity (MSE);Tolerancja_1.0;430;9;0.9811579403216405;0.9905341691843046;3.0963377210119614;17.17191538554833
Fidelity (MSE);Tolerancja_0.01;431;1224;0.009994325920556916;0.09997162557724525;0.3871905881399744;1.8461487030923203
Fidelity (MSE);Tolerancja_0.1;431;128;0.09969129442587264;0.3157392823610528;1.1373349704324802;5.830671085724879
Fidelity (MSE);Tolerancja_1.0;431;15;0.9573258657455738;0.9784303070457159;3.2631279491032172;18.068405229871658
Fidelity (MSE);Tolerancja_0.01;432;1563;0.009999299966940612;0.09999649977344513;0.3790291291165637;1.8564827949802676
Fidelity (MSE);Tolerancja_0.1;432;179;0.09979872959714385;0.3159093692772404;1.0935078345416258;5.865008376943303
Fidelity (MSE);Tolerancja_1.0;432;20;0.9592930734412739;0.9794350787271578;3.084077350603278;18.18368019457395
Fidelity (MSE);Tolerancja_0.01;433;958;0.009995870318569331;0.09997934946062277;0.38530290457138516;1.9474326944049503
Fidelity (MSE);Tolerancja_0.1;433;101;0.09988988108660983;0.31605360476762456;1.130637807311083;6.156202520115682
Fidelity (MSE);Tolerancja_1.0;433;6;0.9862782467010874;0.9931154246617497;3.304536628571517;19.34424916483249
Fidelity (MSE);Tolerancja_0.01;434;463;0.009999478116695847;0.09999739054943307;1.1623944670585198;1.976342719482788
Fidelity (MSE);Tolerancja_0.1;434;46;0.09878098487400015;0.3142944238671761;1.4791824741472643;6.211697055003326
Fidelity (MSE);Tolerancja_1.0;434;5;0.9255275114183121;0.9620434041239055;2.532617773231653;19.013770930620524
Fidelity (MSE);Tolerancja_0.01;435;1006;0.009994692369938364;0.0999734583273899;0.8025264533373235;1.6391915132243595
Fidelity (MSE);Tolerancja_0.1;435;109;0.09999066544212365;0.3162130064404746;1.3103618902945113;5.18471287480086
Fidelity (MSE);Tolerancja_1.0;435;12;0.9309426974626773;0.9648537181680327;3.2109286522283806;15.819999155622877
Fidelity (MSE);Tolerancja_0.01;436;1228;0.009989811403926092;0.09994904403707967;0.36644448033402877;1.9018459454083807
Fidelity (MSE);Tolerancja_0.1;436;128;0.09981895532854519;0.31594137957625174;1.248402407381553;6.011781678581235
Fidelity (MSE);Tolerancja_1.0;436;11;0.9550666844346662;0.9772751324139309;3.043340712197373;18.595743121268363
Fidelity (MSE);Tolerancja_0.01;437;1320;0.009991826164067307;0.0999591224654724;0.34039425858939687;1.8439978318951107
Fidelity (MSE);Tolerancja_0.1;437;162;0.09926797277854094;0.3150682033759372;1.0549711798923092;5.81222673423327
Fidelity (MSE);Tolerancja_1.0;437;14;0.9897423078303076;0.9948579334911631;3.050404720887748;18.35266083928487
Fidelity (MSE);Tolerancja_0.01;438;1762;0.009997213346972594;0.09998606576404831;0.35113026823963445;1.8488585172290282
Fidelity (MSE);Tolerancja_0.1;438;240;0.09983715036891688;0.3159701732267096;1.1631831161743698;5.842655589020953
Fidelity (MSE);Tolerancja_1.0;438;24;0.9882321264164128;0.9940986502437335;3.040475045005437;18.38203896137168
Fidelity (MSE);Tolerancja_0.01;439;1591;0.009998949340767184;0.09999474656584306;0.620905534956087;1.7170186468931636
Fidelity (MSE);Tolerancja_0.1;439;175;0.09999403650464649;0.3162183367621911;1.5252931753118553;5.429813058756127
Fidelity (MSE);Tolerancja_1.0;439;12;0.9700311495411499;0.9849015938362319;3.575994613338333;16.911832471699704
Fidelity (MSE);Tolerancja_0.01;440;460;0.009976449448802625;0.09988217783369877;0.3185837893810173;1.7421493915400499
Fidelity (MSE);Tolerancja_0.1;440;56;0.09779898275198581;0.3127282890177763;1.1590633238056984;5.454620736612191
Fidelity (MSE);Tolerancja_1.0;440;8;0.7133417706609605;0.8445956255279568;2.4907502682376226;14.731474493485514
Fidelity (MSE);Tolerancja_0.01;441;794;0.009998365118334934;0.0999918252575426;2.047546532631565;1.525964279945691
Fidelity (MSE);Tolerancja_0.1;441;82;0.09969212438088845;0.3157405966626535;2.771100472046355;4.818482620904102
Fidelity (MSE);Tolerancja_1.0;441;10;0.8585652281263315;0.9265879494825796;3.867697802500026;14.14055708550917
Fidelity (MSE);Tolerancja_0.01;442;998;0.009993249384422044;0.09996624122383538;0.36774633846168836;1.8828385996153858
Fidelity (MSE);Tolerancja_0.1;442;112;0.09912220330518794;0.31483678836055345;1.110396065875773;5.929870428726787
Fidelity (MSE);Tolerancja_1.0;442;9;0.9928407569555795;0.9964139485954517;2.9150245372135295;18.76720201382718
Fidelity (MSE);Tolerancja_0.01;443;741;0.009996915124995323;0.09998457443523638;0.8316412559347381;1.8283671003388913
Fidelity (MSE);Tolerancja_0.1;443;76;0.09826981304157995;0.3134801637130808;1.0750518746698408;5.73245244258254
Fidelity (MSE);Tolerancja_1.0;443;8;0.9650448120055476;0.9823669436649156;3.3405067004899243;17.964045057978595
Fidelity (MSE);Tolerancja_0.01;444;770;0.009998591644673385;0.09999295797541638;0.620495817363504;1.6042782377952896
Fidelity (MSE);Tolerancja_0.1;444;85;0.09998639823349233;0.3162062590042966;1.106301204085856;5.073185454719434
Fidelity (MSE);Tolerancja_1.0;444;8;0.9161836188666277;0.9571748110280732;3.2477992070069917;15.356828622628438
Fidelity (MSE);Tolerancja_0.01;445;1072;0.009992233463181498;0.09996115977309136;0.4406946426178333;1.813471154123731
Fidelity (MSE);Tolerancja_0.1;445;118;0.09935387552722365;0.3152044979489088;1.214839610257961;5.718363672229744
Fidelity (MSE);Tolerancja_1.0;445;5;0.9831892805200286;0.9915590151473732;3.586439696114112;17.988623538010877
Fidelity (MSE);Tolerancja_0.01;446;622;0.009998213737655278;0.09999106828939912;1.522348586103556;1.5880777565467314
Fidelity (MSE);Tolerancja_0.1;446;66;0.0981009757818333;0.31321075297925727;1.8258826027583037;4.974474604851734
Fidelity (MSE);Tolerancja_1.0;446;4;0.9610088801322397;0.9803106039068636;2.6895629138014527;15.569485267079939
Fidelity (MSE);Tolerancja_0.01;447;1390;0.009998913732575594;0.09999456851537285;0.37996101590326514;1.6679860990783268
Fidelity (MSE);Tolerancja_0.1;447;156;0.0999913518239217;0.31621409175418114;1.116671899744441;5.274693587957888
Fidelity (MSE);Tolerancja_1.0;447;15;0.9919097190704768;0.9959466446906062;3.056436217227941;16.613153928578047
Fidelity (MSE);Tolerancja_0.01;448;1058;0.009988437980436093;0.09994217318247633;0.4586209255037259;1.7503086216817005
Fidelity (MSE);Tolerancja_0.1;448;100;0.0995249114732437;0.31547569078019894;1.2015173189562391;5.52499314273857
Fidelity (MSE);Tolerancja_1.0;448;12;0.9095818162495282;0.9537199883873296;2.828912426490799;16.70270182435063
Fidelity (MSE);Tolerancja_0.01;449;1050;0.009992654666999227;0.09996326658827845;0.7683707553024304;1.6527164351128998
Fidelity (MSE);Tolerancja_0.1;449;128;0.09948621028111497;0.31541434698046783;1.2992179188120212;5.214820332673561
Fidelity (MSE);Tolerancja_1.0;449;13;0.9667195429879281;0.9832189700102049;3.002059979684521;16.255792817810796
Fidelity (MSE);Tolerancja_0.01;450;714;0.009983718751680009;0.09991856059651785;0.695474411530435;1.7876852923515227
Fidelity (MSE);Tolerancja_0.1;450;78;0.09955858699535854;0.315529058876292;1.1288445304806025;5.645264047992327
Fidelity (MSE);Tolerancja_1.0;450;6;0.9036782666193424;0.9506199380506083;2.624136572840592;17.007943986819328
Fidelity (MSE);Tolerancja_0.01;451;1016;0.009987263775926904;0.09993629859028652;0.4232790007784377;1.8628597510566127
Fidelity (MSE);Tolerancja_0.1;451;110;0.09940007462466606;0.3152777737562007;1.1096151347822385;5.87692643631935
Fidelity (MSE);Tolerancja_1.0;451;12;0.9867649348014853;0.9933604254254773;3.3186362162628797;18.516706951536598
Fidelity (MSE);Tolerancja_0.01;452;1257;0.009997160630437015;0.09998580214428954;0.7079259630954917;1.7926083972282083
Fidelity (MSE);Tolerancja_0.1;452;148;0.09933122096086731;0.31516855960083856;1.2284166419929345;5.650540320389373
Fidelity (MSE);Tolerancja_1.0;452;6;0.9933622528141964;0.9966756005913843;3.324267898266177;17.869027528071133
Fidelity (MSE);Tolerancja_0.01;453;1096;0.009985278254434042;0.09992636416098627;0.35544305775094376;1.7477348534338952
Fidelity (MSE);Tolerancja_0.1;453;124;0.09887406135766985;0.31444246112392304;1.2082602531504487;5.499670215364201
Fidelity (MSE);Tolerancja_1.0;453;14;0.9715022429336257;0.9856481334297883;3.022468259949963;17.239210197241114
Fidelity (MSE);Tolerancja_0.01;454;1692;0.009995322018388169;0.09997660735586185;0.3468629197848099;1.8373514330449066
Fidelity (MSE);Tolerancja_0.1;454;214;0.0999677962297;0.31617684328505147;1.1693944069582884;5.810639023162883
Fidelity (MSE);Tolerancja_1.0;454;20;0.9459465439840722;0.9725978326030098;3.6774692061614314;17.874221468115604
Fidelity (MSE);Tolerancja_0.01;455;938;0.009988893000832425;0.09994444957491348;0.3918222270335301;1.6061809589759155
Fidelity (MSE);Tolerancja_0.1;455;102;0.09847684829983681;0.31381021063667897;1.1908433443572788;5.043161348135238
Fidelity (MSE);Tolerancja_1.0;455;11;0.9954443967742138;0.9977195982710843;3.3063954001277676;16.034089216119458
Fidelity (MSE);Tolerancja_0.01;456;1089;0.009994697211592388;0.09997348254208407;0.3721863959701026;1.7095785041076332
Fidelity (MSE);Tolerancja_0.1;456;104;0.09919450902558066;0.3149515979092353;1.157451455817335;5.385772986284879
Fidelity (MSE);Tolerancja_1.0;456;6;0.9505639739821323;0.9749687041039483;2.9652151625805585;16.672276451029386
Fidelity (MSE);Tolerancja_0.01;457;1320;0.009993941533565273;0.09996970307830905;0.3348013167782611;1.6427130135782464
Fidelity (MSE);Tolerancja_0.1;457;150;0.09985708613310283;0.31600171856036297;1.2066016979010765;5.192574544165377
Fidelity (MSE);Tolerancja_1.0;457;8;0.9998868993780676;0.9999434480899746;2.865316116006705;16.431179291719964
Fidelity (MSE);Tolerancja_0.01;458;968;0.009989150879263525;0.0999457396754035;1.6311188813920947;1.695726213221779
Fidelity (MSE);Tolerancja_0.1;458;101;0.09961981427799575;0.31562606717125846;2.4256297648395257;5.355059629521324
Fidelity (MSE);Tolerancja_1.0;458;9;0.9801185336682929;0.9900093603942808;4.11161596836697;16.796962323834354
Fidelity (MSE);Tolerancja_0.01;459;698;0.009986338276701142;0.09993166803722002;0.35334271406940587;1.6014187580987018
Fidelity (MSE);Tolerancja_0.1;459;61;0.09965487355887392;0.3156816015526941;1.1270375499636467;5.058841188609345
Fidelity (MSE);Tolerancja_1.0;459;6;0.8502470703317268;0.9220884286941935;3.937094426616656;14.776594200215426
Fidelity (MSE);Tolerancja_0.01;460;772;0.009978910237118851;0.09989449552962791;0.35272738551400185;1.7658622584809787
Fidelity (MSE);Tolerancja_0.1;460;66;0.09874643191671391;0.31423944996883174;1.0397808303085716;5.554896512402944
Fidelity (MSE);Tolerancja_1.0;460;6;0.9877460564987596;0.9938541424669717;3.2483984925857494;17.568630897153696
Fidelity (MSE);Tolerancja_0.01;461;516;0.009975515415592204;0.0998775020492213;1.510701189424303;1.7877649669239117
Fidelity (MSE);Tolerancja_0.1;461;53;0.09953116757689918;0.31548560597418573;1.6154897105243426;5.64705867044467
Fidelity (MSE);Tolerancja_1.0;461;6;0.8882678247778891;0.9424796150463357;3.1211386409149964;16.869985765056587
Fidelity (MSE);Tolerancja_0.01;462;530;0.009987430602646001;0.09993713325209004;0.7771394072820188;1.7185868573550798
Fidelity (MSE);Tolerancja_0.1;462;51;0.09923358118761019;0.31501362063823557;1.477244773492191;5.417188293275246
Fidelity (MSE);Tolerancja_1.0;462;3;0.8250868881181623;0.9083429353048122;2.9669275803968187;15.620482395151535
Fidelity (MSE);Tolerancja_0.01;463;1188;0.009989921806499921;0.09994959632984979;0.5011009996166989;1.6378127325608096
Fidelity (MSE);Tolerancja_0.1;463;131;0.09961743149362501;0.31562229245353535;1.288603497688567;5.1719089245191014
Fidelity (MSE);Tolerancja_1.0;463;4;0.8452773989124338;0.9193896882782805;3.240670022988894;15.065474928762471
Fidelity (MSE);Tolerancja_0.01;464;1312;0.009995782828169408;0.09997891191731088;1.4026932028730048;2.014991887799774
Fidelity (MSE);Tolerancja_0.1;464;149;0.09978340543860327;0.31588511430360766;2.336359968355792;6.3664019800986225
Fidelity (MSE);Tolerancja_1.0;464;12;0.9502967864501285;0.9748316708284197;3.24185810411734;19.64692224610478
Fidelity (MSE);Tolerancja_0.01;465;1112;0.009999987642945855;0.09999993821471019;0.44791578610662874;1.7031434123087594
Fidelity (MSE);Tolerancja_0.1;465;122;0.09988133773794393;0.3160400888146058;1.324690153344993;5.382619278567632
Fidelity (MSE);Tolerancja_1.0;465;10;0.966673111879822;0.9831953579425718;3.0626777432586305;16.745237315017842
Fidelity (MSE);Tolerancja_0.01;466;1120;0.009988716562465954;0.0999435668888496;0.36495865520437043;1.5930295171884699
Fidelity (MSE);Tolerancja_0.1;466;108;0.09957948503489891;0.31556217301016753;1.1764218914901479;5.029837054669062
Fidelity (MSE);Tolerancja_1.0;466;12;0.9026308331471291;0.9500688570557027;2.923966414987735;15.143423231376612
Fidelity (MSE);Tolerancja_0.01;467;463;0.009989194776030285;0.09994595927815333;0.935073374649118;1.7730972229965276
Fidelity (MSE);Tolerancja_0.1;467;52;0.09865402963672186;0.3140923902878289;1.4615591925571056;5.572174693263707
Fidelity (MSE);Tolerancja_1.0;467;5;0.9623634817001876;0.9810012648820529;3.597001983670533;17.403511168246474
Fidelity (MSE);Tolerancja_0.01;468;550;0.009978993618382247;0.09989491287539244;0.48663939968550807;2.052416310380061
Fidelity (MSE);Tolerancja_0.1;468;50;0.09992502435127924;0.31610919687867234;1.055627656671703;6.494701810734024
Fidelity (MSE);Tolerancja_1.0;468;6;0.8581687058913663;0.9263739557497104;4.042370247443394;19.03305144941329
Fidelity (MSE);Tolerancja_0.01;469;576;0.009990738713785481;0.09995368284253203;0.8097808450045783;1.7770473326730767
Fidelity (MSE);Tolerancja_0.1;469;52;0.09830569609824781;0.31353739186618207;1.1303450583030084;5.574289711634179
Fidelity (MSE);Tolerancja_1.0;469;4;0.9824745650904293;0.9911985497822469;3.207824012293571;17.622229506189385
Fidelity (MSE);Tolerancja_0.01;470;951;0.009994828738052944;0.09997414034665636;0.392602281363275;1.9486787415617983
Fidelity (MSE);Tolerancja_0.1;470;106;0.09930860806709185;0.3151326832733981;1.108006751790823;6.142512038981854
Fidelity (MSE);Tolerancja_1.0;470;7;0.951362123657375;0.9753779388818342;3.060239687276412;19.011898956038007
Fidelity (MSE);Tolerancja_0.01;471;762;0.00998954364697127;0.09994770456079154;0.5666902825593172;2.0473914512961837
Fidelity (MSE);Tolerancja_0.1;471;68;0.09941604448748456;0.3153030993940348;1.207153154398012;6.458866395214642
Fidelity (MSE);Tolerancja_1.0;471;7;0.9450679678628358;0.9721460630290264;2.6030743563170713;19.914049528233676
Fidelity (MSE);Tolerancja_0.01;472;1157;0.0099981660146914;0.09999082965298067;0.7018835374509429;1.9610252631429705
Fidelity (MSE);Tolerancja_0.1;472;119;0.09966905234184406;0.3157040581649911;1.5972936086476963;6.191604128967742
Fidelity (MSE);Tolerancja_1.0;472;7;0.9854254750042383;0.9926859901319441;3.066105757620334;19.468608389117474
Fidelity (MSE);Tolerancja_0.01;473;1316;0.009998523824795146;0.09999261885156897;0.3909718990722215;1.921586183948597
Fidelity (MSE);Tolerancja_0.1;473;138;0.09934107909278429;0.3151841986724339;1.1058237278688856;6.056983090590947
Fidelity (MSE);Tolerancja_1.0;473;12;0.9406785938573415;0.9698858664076622;3.090640010542006;18.638568549369833
Fidelity (MSE);Tolerancja_0.01;474;777;0.00999685890980216;0.0999842933155111;1.4121297279126486;1.8159131263735715
Fidelity (MSE);Tolerancja_0.1;474;86;0.09842984107105328;0.3137353041515304;1.9007413285326153;5.698055545762264
Fidelity (MSE);Tolerancja_1.0;474;8;0.9595972390715495;0.979590342475644;3.4131422694040516;17.7913040376947
Fidelity (MSE);Tolerancja_0.01;475;992;0.009992470437463659;0.09996234509786002;0.7896737255331194;1.8506716781163366
Fidelity (MSE);Tolerancja_0.1;475;104;0.09884533297033239;0.31439677633578306;1.054769778048354;5.820643854304356
Fidelity (MSE);Tolerancja_1.0;475;8;0.9815012904953401;0.990707469687869;2.824354901490667;18.341649084510014
Fidelity (MSE);Tolerancja_0.01;476;1374;0.009994917372012224;0.09997458363010182;0.3268849977799908;1.6282827224622198
Fidelity (MSE);Tolerancja_0.1;476;151;0.09970647260276293;0.3157633173799055;1.1855905125910415;5.14282666061783
Fidelity (MSE);Tolerancja_1.0;476;16;0.9409875724408503;0.9700451393831373;3.5562765709400628;15.799092960567599
Fidelity (MSE);Tolerancja_0.01;477;851;0.009996351321064984;0.09998175494091402;1.3192144817110547;1.69196072968377
Fidelity (MSE);Tolerancja_0.1;477;86;0.0988326589770092;0.31437661964117053;1.8071794608090381;5.3200996029519105
Fidelity (MSE);Tolerancja_1.0;477;12;0.9186863830902785;0.9584812899009967;2.6011830238600466;16.22008639083712
Fidelity (MSE);Tolerancja_0.01;478;864;0.009984285017340193;0.09992139419233596;0.6364913771955676;1.9549879815941542
Fidelity (MSE);Tolerancja_0.1;478;87;0.09999359164778251;0.3162176333599733;1.2120662327263831;6.186879974842374
Fidelity (MSE);Tolerancja_1.0;478;8;0.9853398486715218;0.9926428605855793;2.8191412026012967;19.42131490604136
Fidelity (MSE);Tolerancja_0.01;479;710;0.009996310645275203;0.0999815515246448;0.37669783380465827;1.539956487573577
Fidelity (MSE);Tolerancja_0.1;479;72;0.09854411009635922;0.3139173618906084;1.1241875637502234;4.835082779109155
Fidelity (MSE);Tolerancja_1.0;479;6;0.9483405361835102;0.9738277754220764;2.7338070406877706;14.999291145936223
Fidelity (MSE);Tolerancja_0.01;480;860;0.009991182933992522;0.0999559049480946;0.3607867340203246;1.6857726005268816
Fidelity (MSE);Tolerancja_0.1;480;92;0.0998671288140193;0.3160176083923478;1.110122665054858;5.32968838397785
Fidelity (MSE);Tolerancja_1.0;480;10;0.8546177815741505;0.9244553972875871;2.9391121916965837;15.591090691098932
Fidelity (MSE);Tolerancja_0.01;481;704;0.009997330187036815;0.09998665004407746;0.5111449196557878;1.731282709842755
Fidelity (MSE);Tolerancja_0.1;481;82;0.09917865335145311;0.31492642529875625;1.1026239984465334;5.452994722315115
Fidelity (MSE);Tolerancja_1.0;481;8;0.925859434042819;0.9622158978331313;3.419355200141964;16.66090169357562
Fidelity (MSE);Tolerancja_0.01;482;1134;0.009999810487393224;0.0999990524324767;1.0070155761526425;1.795254699075963
Fidelity (MSE);Tolerancja_0.1;482;120;0.09943357625210901;0.3153308996151646;1.485163327120556;5.66104643521725
Fidelity (MSE);Tolerancja_1.0;482;14;0.9663937867768185;0.9830532980346582;3.2205563918903586;17.64847775863203
Fidelity (MSE);Tolerancja_0.01;483;714;0.009982798006229554;0.09991395301072596;1.7169722779578;1.6867951275599264
Fidelity (MSE);Tolerancja_0.1;483;80;0.0995138395937872;0.31545814237991576;2.1561739552007726;5.325715192736135
Fidelity (MSE);Tolerancja_1.0;483;10;0.8773610319553576;0.936675521168007;2.7373770194066718;15.813404010160975
Fidelity (MSE);Tolerancja_0.01;484;1079;0.009998123704890916;0.09999061808435288;0.3757660913247971;1.604726565226873
Fidelity (MSE);Tolerancja_0.1;484;120;0.09978711257343088;0.3158909821021026;1.1558387657801745;5.069662138373924
Fidelity (MSE);Tolerancja_1.0;484;12;0.9218107904932915;0.9601097804383056;2.653881694653292;15.408582322230785
Fidelity (MSE);Tolerancja_0.01;485;1064;0.009986010395565249;0.09993002749707042;0.5943754464642561;1.5982769090068925
Fidelity (MSE);Tolerancja_0.1;485;125;0.09955607526993392;0.31552507867035534;1.2488955053577957;5.046495633819337
Fidelity (MSE);Tolerancja_1.0;485;14;0.9172455877780192;0.9577293917271305;3.4251750121860924;15.317886026995883
Fidelity (MSE);Tolerancja_0.01;486;1338;0.009999007346731998;0.09999503661048381;0.3658101549297843;1.7134975326036348
Fidelity (MSE);Tolerancja_0.1;486;148;0.09923848175167313;0.3150213988789859;1.0631687964898635;5.398151828266791
Fidelity (MSE);Tolerancja_1.0;486;8;0.9832351308587458;0.9915821352055239;3.2846877163107386;16.99157877872483
Fidelity (MSE);Tolerancja_0.01;487;937;0.009998441024615246;0.09999220481925201;0.5213626737908568;1.665097856114782
Fidelity (MSE);Tolerancja_0.1;487;104;0.09936922267633225;0.3152288417583839;1.1861360965279961;5.2492778766727595
Fidelity (MSE);Tolerancja_1.0;487;10;0.9713756080824248;0.9855838919556391;3.059209209421021;16.41221561703807
Fidelity (MSE);Tolerancja_0.01;488;581;0.00999840727477614;0.09999203605675874;1.2561551242122686;1.5996118860639108
Fidelity (MSE);Tolerancja_0.1;488;60;0.09930092356565683;0.31512049055187896;1.8406777911409282;5.041106293134676
Fidelity (MSE);Tolerancja_1.0;488;9;0.9991532261907307;0.9995765234291623;3.1408630867604193;15.990618362847636
Fidelity (MSE);Tolerancja_0.01;489;812;0.009984646184478254;0.09992320143229126;1.0138606076624903;1.582232599628704
Fidelity (MSE);Tolerancja_0.1;489;84;0.09920584286749938;0.31496959038532496;1.5783518593924493;4.987381775763562
Fidelity (MSE);Tolerancja_1.0;489;12;0.9475636511589264;0.9734288115516853;2.9598981761057717;15.413745526343533
Fidelity (MSE);Tolerancja_0.01;490;1062;0.009990081253835612;0.0999503939653847;0.421864685825482;1.4882264042647257
Fidelity (MSE);Tolerancja_0.1;490;124;0.09950839371044656;0.3154495105566762;1.3779605342811543;4.696932870373834
Fidelity (MSE);Tolerancja_1.0;490;10;0.9542544716632979;0.9768594943303248;3.203071536520645;14.545096172633002
Fidelity (MSE);Tolerancja_0.01;491;796;0.00999002786805654;0.099950126903654;0.4782901971847644;2.0638329005360205
Fidelity (MSE);Tolerancja_0.1;491;84;0.09981737983421733;0.3159388862331089;1.0043465782601002;6.523704252973383
Fidelity (MSE);Tolerancja_1.0;491;8;0.8146456673996547;0.9025772362516433;3.2309573380154033;18.636980793897468
Fidelity (MSE);Tolerancja_0.01;492;1344;0.00999697366843883;0.09998486719718554;0.7948146543787604;1.8232700898025904
Fidelity (MSE);Tolerancja_0.1;492;152;0.09912510179132755;0.31484139148359697;1.322729687883026;5.7412777374777475
Fidelity (MSE);Tolerancja_1.0;492;12;0.9832229537864027;0.9915759949627677;3.149492429882356;18.08184482374098
Fidelity (MSE);Tolerancja_0.01;493;314;0.009971185044556076;0.09985582128527148;0.38262880845262703;1.4686768727881185
Fidelity (MSE);Tolerancja_0.1;493;31;0.09839814387818438;0.3136847842630949;0.9644158202801103;4.613667806873171
Fidelity (MSE);Tolerancja_1.0;493;5;0.6487768547086178;0.805466855127272;2.280761590030945;11.846785962966067
Fidelity (MSE);Tolerancja_0.01;494;1298;0.00999945623260058;0.09999728112604152;0.3499156600202151;1.6112119770976614
Fidelity (MSE);Tolerancja_0.1;494;150;0.0991703251992978;0.31491320264367734;1.1855840691112425;5.07405719567649
Fidelity (MSE);Tolerancja_1.0;494;11;0.956337903423178;0.9779253056461817;2.9274933088008286;15.756878061294472
Fidelity (MSE);Tolerancja_0.01;495;1126;0.009997986273091761;0.09998993085852076;0.40055278338159894;1.6712317380325334
Fidelity (MSE);Tolerancja_0.1;495;123;0.09960461850248964;0.31560199381893905;1.1058864928616527;5.274971830942232
Fidelity (MSE);Tolerancja_1.0;495;8;0.9253948037251827;0.9619744298707646;3.780342455538353;16.078440944724115
Fidelity (MSE);Tolerancja_0.01;496;512;0.009974915005464354;0.09987449627139229;0.35142165343830634;2.182433075301915
Fidelity (MSE);Tolerancja_0.1;496;53;0.09935390279246055;0.31520454119898167;1.1107701092299203;6.887772573377836
Fidelity (MSE);Tolerancja_1.0;496;6;0.8413654514740696;0.917259751364939;3.5767519858996044;20.043735836047052
Fidelity (MSE);Tolerancja_0.01;497;488;0.009996543406807444;0.09998271554027448;0.8489757104564397;1.6784021561245093
Fidelity (MSE);Tolerancja_0.1;497;50;0.09957789175334295;0.3155596484871647;1.3640219346195064;5.297275549526402
Fidelity (MSE);Tolerancja_1.0;497;6;0.8777008662572272;0.9368569081013531;2.8841078570467067;15.726944862825393
Fidelity (MSE);Tolerancja_0.01;498;1487;0.009996822973608186;0.09998411360615338;0.40732911511855807;1.7391264405356932
Fidelity (MSE);Tolerancja_0.1;498;186;0.0998119856439285;0.31593034935556363;1.0163593592421902;5.495301244518156
Fidelity (MSE);Tolerancja_1.0;498;17;0.9996953645200176;0.9998476706578946;3.36061256272048;17.391378068306967
Fidelity (MSE);Tolerancja_0.01;499;1112;0.009990067612431298;0.09995032572448825;0.4717751014855489;1.805756700613702
Fidelity (MSE);Tolerancja_0.1;499;127;0.09954170130594578;0.31550230000103924;1.1071285731722402;5.700035374135126
Fidelity (MSE);Tolerancja_1.0;499;9;0.9683817642409173;0.9840639025189966;3.0871716837853356;17.778631264333935
Fidelity (MSE);Tolerancja_0.01;500;616;0.009994157271792063;0.09997078209052915;1.0420955862986796;1.497719086127527
Fidelity (MSE);Tolerancja_0.1;500;66;0.09766845243092201;0.3125195232796217;1.6614258773529453;4.682032540062606
Fidelity (MSE);Tolerancja_1.0;500;9;0.9558471999814626;0.9776743834127304;3.102294360705174;14.647095415630728
Fidelity (MSE);Tolerancja_0.01;501;1146;0.009995260553796625;0.09997629996052378;0.6870764155186526;1.873225194228416
Fidelity (MSE);Tolerancja_0.1;501;132;0.09915387366195466;0.31488708081144684;1.2046620115292646;5.8999424198129855
Fidelity (MSE);Tolerancja_1.0;501;11;0.9922873275964769;0.9961361993203925;4.366199876275548;18.664297700421947
Fidelity (MSE);Tolerancja_0.01;502;1309;0.009998339545408394;0.09999169738237468;0.4263976097559552;1.6295287755735022
Fidelity (MSE);Tolerancja_0.1;502;134;0.09998509939701185;0.3162042052171537;1.2581516428826935;5.153066352982276
Fidelity (MSE);Tolerancja_1.0;502;15;0.983822612064567;0.991878325231763;3.27711898023791;16.164284787085847
Fidelity (MSE);Tolerancja_0.01;503;1218;0.00998822378264141;0.09994110156808063;0.42966988741568546;1.5386893630304705
Fidelity (MSE);Tolerancja_0.1;503;132;0.09926009076994703;0.3150556947111844;1.2071048150203803;4.85058538087099
Fidelity (MSE);Tolerancja_1.0;503;12;0.9924434362376775;0.9962145533155383;3.224412129887308;15.337681018440358
Fidelity (MSE);Tolerancja_0.01;504;1122;0.009995503146006285;0.09997751320175094;1.1733819497994622;1.6342123219534332
Fidelity (MSE);Tolerancja_0.1;504;132;0.09920143880671796;0.3149625990601391;1.8427711085966392;5.148315294659118
Fidelity (MSE);Tolerancja_1.0;504;10;0.988535387752562;0.9942511693493561;3.380915633172907;16.251829636815486
Fidelity (MSE);Tolerancja_0.01;505;947;0.009997229741002528;0.09998614774558788;0.4784091231826295;1.6165437423085134
Fidelity (MSE);Tolerancja_0.1;505;121;0.0996771181063584;0.3157168321555859;1.182310325339003;5.104407769176215
Fidelity (MSE);Tolerancja_1.0;505;8;0.956456152619168;0.9779857629941082;3.3429631651504437;15.811757937285927
Fidelity (MSE);Tolerancja_0.01;506;1441;0.009998210678819248;0.09999105299385165;0.32926674907133524;1.7451658795413432
Fidelity (MSE);Tolerancja_0.1;506;160;0.09946964801519491;0.31538809111187904;1.1577228689246786;5.504537845560757
Fidelity (MSE);Tolerancja_1.0;506;14;0.9586019282848501;0.9790821866854948;3.2080480898481607;17.088137131382314
Fidelity (MSE);Tolerancja_0.01;507;824;0.009987115650234664;0.0999355574869859;0.5323670928151429;1.7535802703775016
Fidelity (MSE);Tolerancja_0.1;507;86;0.09866946762929467;0.31411696488616253;1.0471142556300226;5.51184509364416
Fidelity (MSE);Tolerancja_1.0;507;8;0.9201516090604195;0.9592453330928535;2.74298886697234;16.83198385902211
Fidelity (MSE);Tolerancja_0.01;508;984;0.00999514370858388;0.0999757155942576;0.4042355034172669;1.9748521312825906
Fidelity (MSE);Tolerancja_0.1;508;102;0.09905563174454542;0.3147310466804084;1.1060961405231584;6.216982540441107
Fidelity (MSE);Tolerancja_1.0;508;11;0.9626043756816418;0.98112403684837;3.128457110882278;19.380455380645188
Fidelity (MSE);Tolerancja_0.01;509;671;0.009995233703967247;0.09997616567946206;0.38967379134566915;1.6784359280364405
Fidelity (MSE);Tolerancja_0.1;509;67;0.09962605215594758;0.31563594877001505;1.1118815496763998;5.299010149018881
Fidelity (MSE);Tolerancja_1.0;509;6;0.8593636378822496;0.927018682596122;3.413558483404254;15.563123993161652
Fidelity (MSE);Tolerancja_0.01;510;550;0.009976067638216315;0.09988026651053908;0.39735291237811143;1.589309357360361
Fidelity (MSE);Tolerancja_0.1;510;48;0.09760953655377846;0.3124252495458369;1.1765643900308076;4.971356103925202
Fidelity (MSE);Tolerancja_1.0;510;4;0.8744058889338968;0.9350967270469386;2.9998862482167103;14.879395402653753
Fidelity (MSE);Tolerancja_0.01;511;834;0.009992622317993893;0.09996310478368453;0.46092335476920177;1.8740776367997967
Fidelity (MSE);Tolerancja_0.1;511;84;0.09928024750414374;0.315087682247567;1.1037533313076242;5.907167251447993
Fidelity (MSE);Tolerancja_1.0;511;10;0.9667510415531687;0.9832349879622718;3.1818542310760245;18.433388064992958
Fidelity (MSE);Tolerancja_0.01;512;460;0.009986317138898715;0.09993156227588317;1.0670156810616565;1.7299077960435723
Fidelity (MSE);Tolerancja_0.1;512;50;0.09745838320797488;0.31218325260650176;1.3524602588054568;5.404180923213275
Fidelity (MSE);Tolerancja_1.0;512;6;0.8879284269960702;0.942299542075698;2.798304964160062;16.312076854605863
Fidelity (MSE);Tolerancja_0.01;513;901;0.00999982361275599;0.09999911805989085;0.657183427132888;1.5941472864620845
Fidelity (MSE);Tolerancja_0.1;513;86;0.09914925036577113;0.3148797395288734;1.1643580020482993;5.019691093987527
Fidelity (MSE);Tolerancja_1.0;513;4;0.9773769901462942;0.9886237859500925;3.8522034192072923;15.760258253080961
Fidelity (MSE);Tolerancja_0.01;514;1418;0.009989530448190327;0.09994763853233515;0.3587160817751327;1.8218643454549865
Fidelity (MSE);Tolerancja_0.1;514;175;0.09994677855385613;0.31614360432223854;1.1360801843025667;5.762725054999442
Fidelity (MSE);Tolerancja_1.0;514;19;0.9977189009945144;0.9988587993277701;3.1294429019712697;18.20738598091543
Fidelity (MSE);Tolerancja_0.01;515;702;0.009997539096528315;0.09998769472554267;0.4105616605285558;1.643598066221208
Fidelity (MSE);Tolerancja_0.1;515;72;0.09807713684238645;0.31317269491829336;1.3009537619590281;5.1479338249959605
Fidelity (MSE);Tolerancja_1.0;515;7;0.9733757416037726;0.986598064869262;2.710873152416517;16.217702348351686
Fidelity (MSE);Tolerancja_0.01;516;452;0.00999257436706792;0.0999628649402763;1.0935839361509014;1.6356362135325253
Fidelity (MSE);Tolerancja_0.1;516;45;0.09988499681011652;0.31604587769834386;1.2615706913743612;5.171281185367495
Fidelity (MSE);Tolerancja_1.0;516;6;0.6323146379797919;0.7951821413863568;2.5250725006155554;13.01111875477897
Fidelity (MSE);Tolerancja_0.01;517;1455;0.00999591750436863;0.09997958543807146;0.47509443927412764;1.8399545752561264
Fidelity (MSE);Tolerancja_0.1;517;164;0.09967400122665358;0.3157118959219839;1.1107631426005278;5.810141588597142
Fidelity (MSE);Tolerancja_1.0;517;13;0.9933364959428909;0.9966626791161044;2.9598449169302867;18.3418849797351
Fidelity (MSE);Tolerancja_0.01;518;966;0.009983571093556493;0.09991782170141868;0.381695828532747;1.8685784136577712
Fidelity (MSE);Tolerancja_0.1;518;100;0.0997421211195202;0.3158197604956349;1.3666272457481181;5.906193479999891
Fidelity (MSE);Tolerancja_1.0;518;8;0.9310731929646394;0.9649213402991145;2.7501542383331303;18.04514106350909
Fidelity (MSE);Tolerancja_0.01;519;1312;0.009989066795763548;0.09994531902877467;0.35939638552869724;1.811579643667264
Fidelity (MSE);Tolerancja_0.1;519;147;0.09984558001252417;0.31598351224790855;1.1528216912760145;5.727424796733021
Fidelity (MSE);Tolerancja_1.0;519;10;0.9294142880720255;0.9640613507822132;3.0525922775359624;17.474294297070642
Fidelity (MSE);Tolerancja_0.01;520;724;0.009999270197210263;0.09999635091947237;0.560130240511941;1.6290284258717043
Fidelity (MSE);Tolerancja_0.1;520;79;0.09997955256337734;0.3161954341279731;1.3813141366310244;5.151101471093862
Fidelity (MSE);Tolerancja_1.0;520;6;0.9113808392539071;0.954662683492922;2.8856440598841853;15.552294001021313
Fidelity (MSE);Tolerancja_0.01;521;542;0.00999658384146477;0.09998291774830723;0.9904006364348028;1.8150102451983539
Fidelity (MSE);Tolerancja_0.1;521;52;0.09887543063152318;0.3144446384206975;1.2519893782394669;5.708177488058159
Fidelity (MSE);Tolerancja_1.0;521;6;0.9129513641185982;0.9554848842962396;2.913578992521819;17.34511147689726
Fidelity (MSE);Tolerancja_0.01;522;497;0.009992365810646787;0.09996182176534593;0.6400569757361652;1.6495008996901348
Fidelity (MSE);Tolerancja_0.1;522;48;0.09840088220706568;0.3136891490107136;1.4128262849539777;5.176281548077829
Fidelity (MSE);Tolerancja_1.0;522;6;0.932876007396327;0.965855065419407;3.0672889673903425;15.937872792269358
Fidelity (MSE);Tolerancja_0.01;523;1193;0.009996995910953734;0.09998497842653033;0.379692542432271;1.5172008378906536
Fidelity (MSE);Tolerancja_0.1;523;127;0.09961481328807721;0.31561814473834865;1.1777840985437384;4.789280561803421
Fidelity (MSE);Tolerancja_1.0;523;7;0.9873746723085783;0.9936672845115604;3.3119787623765244;15.078193348346419
Fidelity (MSE);Tolerancja_0.01;524;1418;0.009987243396350598;0.09993619662740122;0.3868452677934209;1.7692750490801605
Fidelity (MSE);Tolerancja_0.1;524;148;0.09990061182415381;0.3160705804470796;1.09693605018294;5.595728180633721
Fidelity (MSE);Tolerancja_1.0;524;13;0.9682026737052791;0.983972902932433;3.3270347600327392;17.420301801359436
Fidelity (MSE);Tolerancja_0.01;525;1438;0.009986326766695074;0.09993161044782113;0.3598947709407643;1.6612030987751456
Fidelity (MSE);Tolerancja_0.1;525;163;0.09974939141737195;0.31583127048690407;1.1430321287267393;5.250189433271318
Fidelity (MSE);Tolerancja_1.0;525;8;0.9643153886197033;0.9819956153770256;3.1295607005484776;16.324105575179278
Fidelity (MSE);Tolerancja_0.01;526;1184;0.009987968793777826;0.09993982586425607;0.4123170470285151;1.948006189242197
Fidelity (MSE);Tolerancja_0.1;526;122;0.09995016916575361;0.316148966732067;1.1250678581445939;6.162309555682917
Fidelity (MSE);Tolerancja_1.0;526;15;0.9759494164066725;0.9879015216137045;3.4283903014820827;19.25596989811811
Fidelity (MSE);Tolerancja_0.01;527;1104;0.009999704230672299;0.0999985211424264;0.3993825680221148;2.0987888831636097
Fidelity (MSE);Tolerancja_0.1;527;128;0.09912549486427845;0.31484201572261356;1.1122895050303345;6.607966947934109
Fidelity (MSE);Tolerancja_1.0;527;11;0.989627215188853;0.9948000880522946;3.067919634533851;20.879062429339392
Fidelity (MSE);Tolerancja_0.01;528;958;0.009997413179534884;0.0999870650611112;1.4033426784853473;1.8623123455877084
Fidelity (MSE);Tolerancja_0.1;528;109;0.09969520575273648;0.3157454762189579;2.2892012464129454;5.880927678661683
Fidelity (MSE);Tolerancja_1.0;528;11;0.9775517450610769;0.9887121649201435;3.0711597032068063;18.415290716235674
Fidelity (MSE);Tolerancja_0.01;529;1056;0.009988041508538008;0.09994018965630398;0.47885009720639804;1.5694116952811408
Fidelity (MSE);Tolerancja_0.1;529;112;0.09888000575739167;0.3144519132671825;1.263642402112434;4.9379985367470045
Fidelity (MSE);Tolerancja_1.0;529;10;0.9615468538740455;0.9805849549498735;2.7926515990131104;15.398624935649094
Fidelity (MSE);Tolerancja_0.01;530;1357;0.009994961403181839;0.09997480384167723;0.4571404989696637;1.5389612350763744
Fidelity (MSE);Tolerancja_0.1;530;171;0.09986902962120164;0.31602061581675595;0.9902395232528649;4.864660479825874
Fidelity (MSE);Tolerancja_1.0;530;10;0.9416610568599549;0.9703922180540995;3.320110227302222;14.937723796588005
Fidelity (MSE);Tolerancja_0.01;531;658;0.009981219839981346;0.09990605507165892;1.3789606810916828;1.5934331555515717
Fidelity (MSE);Tolerancja_0.1;531;62;0.09887292555261289;0.31444065505690083;1.9747008317006367;5.015113096615046
Fidelity (MSE);Tolerancja_1.0;531;6;0.9018061721602113;0.9496347572410202;3.426953247620851;15.146023999913332
Fidelity (MSE);Tolerancja_0.01;532;1424;0.009998721570028646;0.09999360764583227;0.4393338355162548;1.8868099401082836
Fidelity (MSE);Tolerancja_0.1;532;164;0.09946106320201213;0.3153744808985219;1.1947815123982766;5.950897456599795
Fidelity (MSE);Tolerancja_1.0;532;14;0.9651476797286362;0.9824192993465857;3.381694446930549;18.53756998074079
Fidelity (MSE);Tolerancja_0.01;533;1471;0.009996922922825778;0.09998461343039627;0.39777360074086854;1.9652354542368067
Fidelity (MSE);Tolerancja_0.1;533;174;0.09997332467918306;0.31618558581817585;1.3199278565988033;6.214747470130325
Fidelity (MSE);Tolerancja_1.0;533;12;0.9633666232272273;0.9815124162369151;3.7573521590601064;19.291998368381098
Fidelity (MSE);Tolerancja_0.01;534;902;0.009993437583354468;0.09996718253184125;0.6697372405163762;1.7596843507534023
Fidelity (MSE);Tolerancja_0.1;534;94;0.09876559842861578;0.3142699451564145;1.190672156793287;5.53197449800816
Fidelity (MSE);Tolerancja_1.0;534;6;0.945964544349533;0.9726070863146808;2.8873563361692707;17.12043318490717
Fidelity (MSE);Tolerancja_0.01;535;632;0.009986093553465402;0.099930443576847;2.039398839549846;1.755190138289605
Fidelity (MSE);Tolerancja_0.1;535;62;0.09775403387939263;0.31265641506195363;2.550899590865324;5.491534278717722
Fidelity (MSE);Tolerancja_1.0;535;6;0.8526260607098831;0.9233775288092532;3.1588670437047197;16.218312202706255
Fidelity (MSE);Tolerancja_0.01;536;900;0.009983136915075812;0.09991564899992299;0.36759039440253183;1.8475217145311424
Fidelity (MSE);Tolerancja_0.1;536;93;0.09979040086693017;0.31589618685088644;1.2988399502074026;5.841177739285362
Fidelity (MSE);Tolerancja_1.0;536;6;0.908988471362847;0.9534088689344393;3.0815914956674715;17.629306378066065
Fidelity (MSE);Tolerancja_0.01;537;982;0.009992216311595461;0.09996107398180284;0.3583457189641761;1.927089157019312
Fidelity (MSE);Tolerancja_0.1;537;104;0.09975334607058105;0.3158375311304549;1.2031416017477028;6.088840959552401
Fidelity (MSE);Tolerancja_1.0;537;7;0.985581612855582;0.9927646311465684;3.158267959633887;19.138909576972956
Fidelity (MSE);Tolerancja_0.01;538;992;0.009997683697006222;0.09998841781429599;0.34133735214435745;2.0140864315369953
Fidelity (MSE);Tolerancja_0.1;538;99;0.09993100078493465;0.31611864985308075;1.116881715559999;6.367640346178701
Fidelity (MSE);Tolerancja_1.0;538;10;0.9624852071694914;0.9810633043639393;3.188423789084779;19.76175174076758
Fidelity (MSE);Tolerancja_0.01;539;955;0.009996320501487804;0.09998160081478893;0.39026410035980685;1.9527480824962056
Fidelity (MSE);Tolerancja_0.1;539;112;0.09852981108146891;0.3138945859384467;1.2082185683301399;6.130698506545374
Fidelity (MSE);Tolerancja_1.0;539;9;0.9572357881693441;0.9783842742855918;3.2812461566811777;19.1088960367299
Fidelity (MSE);Tolerancja_0.01;540;528;0.009986432518935778;0.09993213956948874;0.41595143691817116;2.0357719786812627
Fidelity (MSE);Tolerancja_0.1;540;56;0.09758160586958178;0.3123805465607322;1.0367923407409663;6.363674050341657
Fidelity (MSE);Tolerancja_1.0;540;7;0.9422785864607155;0.9707103514749987;2.82880547998403;19.774868640478882
Fidelity (MSE);Tolerancja_0.01;541;1251;0.009998897623190029;0.09999448796403744;0.3988239879223423;1.9180318565701953
Fidelity (MSE);Tolerancja_0.1;541;124;0.09945257046890758;0.3153610160893505;1.1571737381889786;6.049058178059373
Fidelity (MSE);Tolerancja_1.0;541;10;0.988032163975925;0.9939980704085521;3.726247660430431;19.0662505827179
Fidelity (MSE);Tolerancja_0.01;542;460;0.009995826288352768;0.0999791292638257;0.4002110370437362;1.9063736632740185
Fidelity (MSE);Tolerancja_0.1;542;52;0.0975584797210431;0.3123435283802805;1.0850690144358017;5.955677757774694
Fidelity (MSE);Tolerancja_1.0;542;6;0.9657457715596214;0.9827236496389111;2.9423606150435946;18.738295659732145
Fidelity (MSE);Tolerancja_0.01;543;1181;0.009996322524013288;0.09998161092927683;0.38662148639806304;1.6141727415058618
Fidelity (MSE);Tolerancja_0.1;543;132;0.0997753530709467;0.3158723683245287;1.4998372115716938;5.099663448161664
Fidelity (MSE);Tolerancja_1.0;543;10;0.9037363196992452;0.9506504718871417;3.199633132281754;15.347963131993994
Fidelity (MSE);Tolerancja_0.01;544;1153;0.009997188198812044;0.09998594000564301;1.4668148167700075;2.1951690075651733
Fidelity (MSE);Tolerancja_0.1;544;135;0.09999534127132517;0.3162203998342377;2.0873718799166374;6.942548334663945
Fidelity (MSE);Tolerancja_1.0;544;11;0.9613351139269118;0.9804769828644178;3.5922783936117737;21.526153430107346
Fidelity (MSE);Tolerancja_0.01;545;1282;0.009987709975627855;0.09993853098594083;0.3219493538869376;1.6917571629566788
Fidelity (MSE);Tolerancja_0.1;545;153;0.09978276880964176;0.3158841066113358;1.2995016851910597;5.347278919870023
Fidelity (MSE);Tolerancja_1.0;545;16;0.9998937548756661;0.9999468760267548;3.1765995650945404;16.92707780878225
Fidelity (MSE);Tolerancja_0.01;546;870;0.009995716573203608;0.09997858057205858;0.7235938412130976;1.808598244840106
Fidelity (MSE);Tolerancja_0.1;546;100;0.09921899792923614;0.31499047275947273;1.3851331297935117;5.6981326691624545
Fidelity (MSE);Tolerancja_1.0;546;6;0.9573396034084897;0.97843732727676;3.021130227119088;17.69979152207878
Fidelity (MSE);Tolerancja_0.01;547;1160;0.009986156858900492;0.09993076032383869;0.9427871057279136;1.630954397476017
Fidelity (MSE);Tolerancja_0.1;547;136;0.0995911847253141;0.31558071031879326;1.3432535035745508;5.150543692303508
Fidelity (MSE);Tolerancja_1.0;547;14;0.893418269423353;0.9452080561566077;2.9831795475816243;15.426593680691008
Fidelity (MSE);Tolerancja_0.01;548;1004;0.009984056719757167;0.09992025179990875;0.43050403943215443;2.166204749641209
Fidelity (MSE);Tolerancja_0.1;548;110;0.09982314999537036;0.3159480178690323;1.1309357082362892;6.849543357017926
Fidelity (MSE);Tolerancja_1.0;548;12;0.9522247111881909;0.9758200198746646;3.42230447016151;21.15513045423899
Fidelity (MSE);Tolerancja_0.01;549;632;0.009987361755349679;0.0999367887984684;1.280358529708181;1.6082851049417763
Fidelity (MSE);Tolerancja_0.1;549;71;0.0994725549514967;0.3153926995849725;1.9149154411727185;5.075622171258534
Fidelity (MSE);Tolerancja_1.0;549;6;0.9932882295254826;0.996638464803302;3.1177499923196406;16.038926377627963
Fidelity (MSE);Tolerancja_0.01;550;1585;0.009996129098792196;0.09998064362061386;0.40256753208664886;1.7344583020843753
Fidelity (MSE);Tolerancja_0.1;550;200;0.0992747398148749;0.31507894219524557;1.3551769695913745;5.465970885086721
Fidelity (MSE);Tolerancja_1.0;550;17;0.9836513951149969;0.991792012024193;3.3263930257300727;17.205549263354165
Fidelity (MSE);Tolerancja_0.01;551;1259;0.009995237431390894;0.09997618432102165;0.38664828513634575;1.6362496552653256
Fidelity (MSE);Tolerancja_0.1;551;142;0.09947383353064086;0.3153947265422186;1.088334789811686;5.161874461223019
Fidelity (MSE);Tolerancja_1.0;551;6;0.9766586401994313;0.9882604111262533;3.356698627396235;16.174259579915688
Fidelity (MSE);Tolerancja_0.01;552;938;0.00998351127169056;0.09991752234563545;0.6884868109367499;1.807223785030187
Fidelity (MSE);Tolerancja_0.1;552;102;0.0995354510263843;0.3154923945618726;1.335261880164218;5.706360066415821
Fidelity (MSE);Tolerancja_1.0;552;9;0.9812230000878651;0.9905670093879895;3.170117052744189;17.91653974204448
Fidelity (MSE);Tolerancja_0.01;553;366;0.009963454950816268;0.09981710750575909;0.41604841653266167;1.9793794980612005
Fidelity (MSE);Tolerancja_0.1;553;32;0.09656945049669226;0.31075625576437277;1.1088915075632828;6.162316029031125
Fidelity (MSE);Tolerancja_1.0;553;6;0.9972918702648138;0.9986450171431357;3.0547554745365746;19.803193281873554
Fidelity (MSE);Tolerancja_0.01;554;660;0.009995686392587624;0.09997842963653522;0.35312047602181984;1.8935676907400187
Fidelity (MSE);Tolerancja_0.1;554;76;0.09953756957000057;0.3154957520633211;1.3430324389327324;5.975414545364247
Fidelity (MSE);Tolerancja_1.0;554;8;0.8640597380639683;0.9295481364964207;3.4544508339321385;17.60542073581437
Fidelity (MSE);Tolerancja_0.01;555;921;0.009995876362617168;0.09997937968709932;0.8011884566219081;1.6376928299216758
Fidelity (MSE);Tolerancja_0.1;555;92;0.09959922593907654;0.31559345040586084;1.264438226486492;5.169517279637719
Fidelity (MSE);Tolerancja_1.0;555;9;0.9766697779995648;0.9882660461634634;3.0303951634253368;16.18810021548659
Fidelity (MSE);Tolerancja_0.01;556;867;0.00999469110356217;0.09997345199382769;0.6147528552736623;1.8976410901539946
Fidelity (MSE);Tolerancja_0.1;556;99;0.09951510967830644;0.3154601554528027;1.1232027178946353;5.987891198661062
Fidelity (MSE);Tolerancja_1.0;556;10;0.8940089238833702;0.945520451330044;3.53739825638087;17.947349263638692
Fidelity (MSE);Tolerancja_0.01;557;1152;0.009999643346369465;0.09999821671594682;0.8232375411253288;1.728377275107607
Fidelity (MSE);Tolerancja_0.1;557;132;0.09996013223124034;0.31616472325552125;1.5029628947389284;5.464616678293075
Fidelity (MSE);Tolerancja_1.0;557;16;0.9214047025861044;0.9598982772075927;3.4181536578127822;16.590959551341403
Fidelity (MSE);Tolerancja_0.01;558;534;0.009983957081731483;0.09991975321092163;0.3734251442410308;1.7446256170340624
Fidelity (MSE);Tolerancja_0.1;558;46;0.0992166087028841;0.314986680199154;1.120499686334509;5.499751687135809
Fidelity (MSE);Tolerancja_1.0;558;5;0.9614859343962476;0.9805538916328096;2.432952623733284;17.120733220926883
Fidelity (MSE);Tolerancja_0.01;559;888;0.009998902699155904;0.09999451334526262;0.35654865532109614;1.7916562058493883
Fidelity (MSE);Tolerancja_0.1;559;110;0.0986210786790035;0.3140399316631621;1.0935060481717978;5.626824648929387
Fidelity (MSE);Tolerancja_1.0;559;6;0.9094784708057412;0.9536658066669588;3.0675457585019883;17.087350132117717
Fidelity (MSE);Tolerancja_0.01;560;1268;0.009993635848345383;0.09996817417731196;0.3792931702883293;1.6363988100815863
Fidelity (MSE);Tolerancja_0.1;560;125;0.0999536621191027;0.31615449090453024;1.2273147304922176;5.175195375685254
Fidelity (MSE);Tolerancja_1.0;560;10;0.8570931619399991;0.9257932609065584;2.8653709713975566;15.15449294734513
Fidelity (MSE);Tolerancja_0.01;561;1009;0.009996003841730543;0.09998001721209365;0.7939018767356112;1.6489840913154776
Fidelity (MSE);Tolerancja_0.1;561;105;0.09974985119831078;0.31583199837621073;1.3079819102503834;5.209060323983928
Fidelity (MSE);Tolerancja_1.0;561;5;0.9650499662006882;0.9823695670167557;2.826446392677835;16.202355560378503
Fidelity (MSE);Tolerancja_0.01;562;1034;0.009990078762911355;0.09995038150458134;1.8428828483368447;1.5904581741199642
Fidelity (MSE);Tolerancja_0.1;562;116;0.0997766580881065;0.3158744340526889;2.6258988145848097;5.026344752987153
Fidelity (MSE);Tolerancja_1.0;562;6;0.9773716946827975;0.9886211077469454;5.351949800053385;15.731410908637624
Fidelity (MSE);Tolerancja_0.01;563;962;0.00999932946226279;0.09999664725510946;0.34520013234834046;1.7634539781896534
Fidelity (MSE);Tolerancja_0.1;563;114;0.09888009549059534;0.3144520559490673;1.24161142169309;5.545403213355877
Fidelity (MSE);Tolerancja_1.0;563;6;0.9583407960419729;0.9789488219728204;3.321602747295308;17.263890759735805
Fidelity (MSE);Tolerancja_0.01;564;1034;0.009994693326698743;0.09997346311246172;1.1998496602283182;1.5895732985043758
Fidelity (MSE);Tolerancja_0.1;564;110;0.09999186475373595;0.31621490280145864;1.7771693545622762;5.027801882954879
Fidelity (MSE);Tolerancja_1.0;564;11;0.988718840765431;0.9943434219450697;3.1585155216806617;15.810013016047384
Fidelity (MSE);Tolerancja_0.01;565;1102;0.00999726642481775;0.09998633118990691;0.850317958643541;1.8278953480209783
Fidelity (MSE);Tolerancja_0.1;565;120;0.09997645662532789;0.3161905384816691;1.4052546963696368;5.780422258730036
Fidelity (MSE);Tolerancja_1.0;565;8;0.9669808733208479;0.9833518563163686;2.866148850218938;17.97710009195665
Fidelity (MSE);Tolerancja_0.01;566;889;0.009999569719461976;0.09999784857416671;1.323946272245033;1.6547448255257124
Fidelity (MSE);Tolerancja_0.1;566;92;0.09976833883406992;0.3158612651688553;2.150131061476051;5.226810392170717
Fidelity (MSE);Tolerancja_1.0;566;4;0.9574259959687502;0.9784814745148476;3.520387864517252;16.191719921107367
Fidelity (MSE);Tolerancja_0.01;567;1072;0.009999131020725284;0.0999956550092317;0.4771118840476696;1.6787371421133708
Fidelity (MSE);Tolerancja_0.1;567;116;0.09965567550278978;0.3156828717285589;1.1088446994855845;5.299715891163645
Fidelity (MSE);Tolerancja_1.0;567;11;0.9757174727966973;0.9877841225676273;3.2437858630746232;16.583019480106937
Fidelity (MSE);Tolerancja_0.01;568;820;0.00998232670529631;0.09991159444877412;0.3596433941875361;1.5144640890750567
Fidelity (MSE);Tolerancja_0.1;568;94;0.09858136490706138;0.31397669484702423;1.1498936802347468;4.759271751949605
Fidelity (MSE);Tolerancja_1.0;568;7;0.9834348166792226;0.9916828206030508;2.857982823757245;15.031969290871523
Fidelity (MSE);Tolerancja_0.01;569;680;0.009980942892530643;0.09990466902267703;0.4830709263406172;1.7959084580259064
Fidelity (MSE);Tolerancja_0.1;569;70;0.09825011195164109;0.3134487389536622;1.09997774138498;5.634623956530598
Fidelity (MSE);Tolerancja_1.0;569;7;0.9878139023666689;0.9938882745895883;2.9542567008212144;17.866355758238488
Fidelity (MSE);Tolerancja_0.01;570;798;0.009993079876150304;0.09996539339266516;0.49209026030010694;1.9235451372348136
Fidelity (MSE);Tolerancja_0.1;570;88;0.09894501200190675;0.3145552606489148;1.041691600893782;6.052707056692732
Fidelity (MSE);Tolerancja_1.0;570;8;0.895720310020409;0.9464250155297085;3.095712126343761;18.211214647339443
Fidelity (MSE);Tolerancja_0.01;571;312;0.00996900537932982;0.09984490662687717;0.6080434398544288;1.869311308843695
Fidelity (MSE);Tolerancja_0.1;571;28;0.09657197489041114;0.31076031743195776;1.061986828439144;5.818101246629249
Fidelity (MSE);Tolerancja_1.0;571;5;0.7253406891479762;0.8516693543553016;2.342668234002001;15.945081319385146
Fidelity (MSE);Tolerancja_0.01;572;822;0.009997903818358833;0.0999895185424894;0.7067654349912305;1.675895109718261
Fidelity (MSE);Tolerancja_0.1;572;92;0.09940320400720828;0.315282736614627;1.2069563085332158;5.2843618428517045
Fidelity (MSE);Tolerancja_1.0;572;9;0.938979765044849;0.9690096826373042;2.8990679682194003;16.24128820773769
Fidelity (MSE);Tolerancja_0.01;573;1144;0.009999669821855727;0.09999834909565121;0.9833134643152022;1.643904615549638
Fidelity (MSE);Tolerancja_0.1;573;116;0.09932815033882057;0.31516368816667406;1.5468850509167993;5.181075950916611
Fidelity (MSE);Tolerancja_1.0;573;14;0.9805617579950274;0.9902331836466739;3.710395538376509;16.278757757391542
Fidelity (MSE);Tolerancja_0.01;574;1350;0.009996187134430875;0.09998093385456486;0.5873745876967247;1.7456099807975662
Fidelity (MSE);Tolerancja_0.1;574;144;0.09920838087611049;0.3149736193336046;1.1696054516390282;5.499259432768041
Fidelity (MSE);Tolerancja_1.0;574;17;0.9855354974090529;0.9927414051045986;3.1903544761735;17.332697728372597
Fidelity (MSE);Tolerancja_0.01;575;389;0.009999061727295904;0.0999953085264299;0.40172096261396373;1.8719639161468058
Fidelity (MSE);Tolerancja_0.1;575;38;0.09803836509219972;0.3131107872498163;1.1786710171650645;5.86159595010454
Fidelity (MSE);Tolerancja_1.0;575;7;0.8817047419561747;0.9389913428547543;2.635339947116417;17.57840380015167
Fidelity (MSE);Tolerancja_0.01;576;706;0.009991373479943179;0.09995685809359545;0.8132083078964198;1.5136043963018366
Fidelity (MSE);Tolerancja_0.1;576;64;0.09901815377415091;0.3146715013695249;1.2783194581004347;4.764937363455701
Fidelity (MSE);Tolerancja_1.0;576;5;0.964624460531622;0.9821529720627139;2.924750189725234;14.872326768845179
Fidelity (MSE);Tolerancja_0.01;577;846;0.009999156854400693;0.09999578418313791;0.39422621478667086;1.7995015130386118
Fidelity (MSE);Tolerancja_0.1;577;84;0.09908070197761992;0.3147708721874054;1.2572116145307248;5.6645454144779395
Fidelity (MSE);Tolerancja_1.0;577;6;0.9503736723023881;0.9748711054813288;3.3653769500336894;17.54355989766913
Fidelity (MSE);Tolerancja_0.01;578;922;0.009984171684644761;0.09992082708146865;0.5881736526682735;1.9254897534446695
Fidelity (MSE);Tolerancja_0.1;578;100;0.09891997546734017;0.31451546141221765;1.1674780101729985;6.060761464227927
Fidelity (MSE);Tolerancja_1.0;578;8;0.9076886231996032;0.9527269405236756;3.1780883559584296;18.359195128692516
Fidelity (MSE);Tolerancja_0.01;579;872;0.009993171906627522;0.09996585370328971;0.45718373257716305;1.6328834092574525
Fidelity (MSE);Tolerancja_0.1;579;93;0.09951527950989128;0.3154604246334099;1.477325579627121;5.152860447629575
Fidelity (MSE);Tolerancja_1.0;579;6;0.8186520781470973;0.9047939423687016;2.7665347781869603;14.779276748595175
Fidelity (MSE);Tolerancja_0.01;580;482;0.009997486792499026;0.09998743317286941;1.9531650955201734;1.8139045250329358
Fidelity (MSE);Tolerancja_0.1;580;44;0.09933267524575293;0.3151708667465204;2.7904180758978736;5.717617136562199
Fidelity (MSE);Tolerancja_1.0;580;6;0.8486719149729288;0.9212339089356887;3.1625441341063087;16.71240377921455
Fidelity (MSE);Tolerancja_0.01;581;898;0.009992793362955858;0.0999639603204868;0.5194903850144605;1.594483381036707
Fidelity (MSE);Tolerancja_0.1;581;98;0.09961133809240662;0.31561263931028904;1.1537337890322394;5.034205393743826
Fidelity (MSE);Tolerancja_1.0;581;8;0.9346300824898244;0.966762681576934;2.76110792991963;15.420427764554944
Fidelity (MSE);Tolerancja_0.01;582;392;0.009987873212512906;0.09993934766903828;0.7688368273279442;1.6297564875293702
Fidelity (MSE);Tolerancja_0.1;582;42;0.09750923876354788;0.31226469343098634;1.2339989054894884;5.092242663328736
Fidelity (MSE);Tolerancja_1.0;582;5;0.9326211602612375;0.9657231281590172;2.944584531862846;15.748487157295266
Fidelity (MSE);Tolerancja_0.01;583;612;0.009991193775894556;0.09995595918150431;0.6309422882566018;1.8673995622989283
Fidelity (MSE);Tolerancja_0.1;583;70;0.09863628706055765;0.31406414481847117;1.111853746222908;5.867416523939698
Fidelity (MSE);Tolerancja_1.0;583;5;0.9792350362885117;0.989563053215161;2.836212299605706;18.487238055368664
Fidelity (MSE);Tolerancja_0.01;584;400;0.00996966965016533;0.09984823308484397;0.6749942584623092;1.6499759702087051
Fidelity (MSE);Tolerancja_0.1;584;40;0.09809326798076734;0.3131984482413145;1.3616513668190384;5.175553913565093
Fidelity (MSE);Tolerancja_1.0;584;8;0.9134447534438083;0.955743037350421;3.0462033822208348;15.793499760606602
Fidelity (MSE);Tolerancja_0.01;585;380;0.009962397357639981;0.09981180971027417;0.8299044591463085;1.9327982986908325
Fidelity (MSE);Tolerancja_0.1;585;44;0.0979676418474483;0.3129978304197144;1.3194268050105933;6.061022998031803
Fidelity (MSE);Tolerancja_1.0;585;6;0.8751576967872328;0.9354986353743295;2.990207610985016;18.115393119587726
Fidelity (MSE);Tolerancja_0.01;586;668;0.00998674178213621;0.09993368692356051;0.6203974724455845;1.88131925894936
Fidelity (MSE);Tolerancja_0.1;586;70;0.09871509194423005;0.3141895796238794;1.1489169194831073;5.914831377728857
Fidelity (MSE);Tolerancja_1.0;586;4;0.8337912294773748;0.9131216947797127;2.823631007171657;17.190133607975035
Fidelity (MSE);Tolerancja_0.01;587;666;0.009999651871220048;0.09999825934095077;1.2233959273338648;1.795136097199318
Fidelity (MSE);Tolerancja_0.1;587;62;0.09920011739734198;0.3149605013288841;1.8103066271681332;5.654068069322235
Fidelity (MSE);Tolerancja_1.0;587;10;0.8268558119984561;0.9093161232478264;3.6586214695304893;16.323746106838954
Fidelity (MSE);Tolerancja_0.01;588;544;0.009975696939682201;0.09987841077871734;0.38323249617824295;1.5909863379819564
Fidelity (MSE);Tolerancja_0.1;588;60;0.09736537301055671;0.31203424973960264;1.1152824185372046;4.970465833883115
Fidelity (MSE);Tolerancja_1.0;588;6;0.8663384827858397;0.9307730565426997;3.1501734245319772;14.82649959260955
Fidelity (MSE);Tolerancja_0.01;589;534;0.009980977800326696;0.09990484372805303;0.6597553439246777;1.6552801365684495
Fidelity (MSE);Tolerancja_0.1;589;50;0.09866113901231849;0.31410370741574906;1.0338403470218491;5.204248445881935
Fidelity (MSE);Tolerancja_1.0;589;6;0.8288067355807726;0.9103882334371268;2.875253069613162;15.083828802896871
Fidelity (MSE);Tolerancja_0.01;590;876;0.009992997332905082;0.09996498053270997;0.7854302475802477;1.5816633458959377
Fidelity (MSE);Tolerancja_0.1;590;94;0.098753598949865;0.31425085353880106;1.3190402953296312;4.972131778650186
Fidelity (MSE);Tolerancja_1.0;590;8;0.9351946621226285;0.9670546324394649;3.9628111704266162;15.300906952188903
Fidelity (MSE);Tolerancja_0.01;591;950;0.009992892337162095;0.0999644553687064;0.45782014802310034;1.7153174698964764
Fidelity (MSE);Tolerancja_0.1;591;99;0.09946204870944121;0.31537604333468516;1.0894593630104028;5.411623908953571
Fidelity (MSE);Tolerancja_1.0;591;10;0.9474972879096344;0.973394723588347;2.8098820982129724;16.702746674482782
Fidelity (MSE);Tolerancja_0.01;592;1336;0.009994863096538199;0.09997431218337138;0.38222730073571043;1.5522138675425843
Fidelity (MSE);Tolerancja_0.1;592;162;0.099574697346461;0.31555458695202165;1.143635902441038;4.899340591963278
Fidelity (MSE);Tolerancja_1.0;592;14;0.9716949259409493;0.9857458729007945;2.7932950444686058;15.304815610864297
Fidelity (MSE);Tolerancja_0.01;593;1000;0.00998764069288728;0.09993818435856877;0.7235806774978757;1.6003804812268614
Fidelity (MSE);Tolerancja_0.1;593;111;0.09992229330278521;0.31610487706263757;1.3205966374906413;5.062009866584959
Fidelity (MSE);Tolerancja_1.0;593;11;0.9721901182009209;0.9859970173387549;3.1128567638352163;15.78946416952341
Fidelity (MSE);Tolerancja_0.01;594;690;0.009991029337135691;0.09995513662206505;0.4574414116302252;1.7564637954762388
Fidelity (MSE);Tolerancja_0.1;594;78;0.09960339987872723;0.3156000631792193;1.2299404500475712;5.545888921349761
Fidelity (MSE);Tolerancja_1.0;594;5;0.8466993396472783;0.9201626702096093;2.64163401669731;16.169578380778667
Fidelity (MSE);Tolerancja_0.01;595;1299;0.00999803002741017;0.09999014965190406;0.47416452730516045;1.8246215653011628
Fidelity (MSE);Tolerancja_0.1;595;162;0.09929055652561042;0.3151040407954338;1.1601018396291183;5.75002267873831
Fidelity (MSE);Tolerancja_1.0;595;12;0.9375076004478322;0.9682497613982831;3.2103745288439782;17.668634374439808
Fidelity (MSE);Tolerancja_0.01;596;1226;0.009985766731743114;0.09992880831743724;0.3465128932035597;1.6083786926212693
Fidelity (MSE);Tolerancja_0.1;596;134;0.09992848065694693;0.31611466378032343;1.0163935455911028;5.087943088786831
Fidelity (MSE);Tolerancja_1.0;596;10;0.9854613336514795;0.9927040513926996;3.2837134898617335;15.977815318950606
Fidelity (MSE);Tolerancja_0.01;597;1439;0.009997080696748912;0.0999854024182976;0.40328907656417634;1.5626473480652687
Fidelity (MSE);Tolerancja_0.1;597;147;0.09999417959179326;0.3162185630095002;1.1583644464653409;4.942102416396105
Fidelity (MSE);Tolerancja_1.0;597;12;0.9362789833129366;0.9676151008086514;3.768177985175667;15.122619248965878
Fidelity (MSE);Tolerancja_0.01;598;469;0.009998588362931495;0.09999294156554998;0.40768418744026835;1.7282984538472677
Fidelity (MSE);Tolerancja_0.1;598;50;0.09914347585890906;0.31487057001077295;0.9622718527493284;5.442287333400277
Fidelity (MSE);Tolerancja_1.0;598;6;0.8101620232555977;0.9000900084189346;2.7470850787278045;15.557339803370374
Fidelity (MSE);Tolerancja_0.01;599;476;0.009981189539689772;0.09990590342762419;0.35960669456196204;2.1362904090734682
Fidelity (MSE);Tolerancja_0.1;599;40;0.09943415288877701;0.31533181394965054;1.0310721572049424;6.742747992909043
Fidelity (MSE);Tolerancja_1.0;599;5;0.9017336788619621;0.9495965874317167;2.817562839974669;20.305247363974647
Fidelity (MSE);Tolerancja_0.01;600;894;0.00999466273798802;0.09997331012819381;0.6875515106053562;1.7199786957532888
Fidelity (MSE);Tolerancja_0.1;600;102;0.09994563961583296;0.31614180301857103;1.2997054490989903;5.439023328643673
Fidelity (MSE);Tolerancja_1.0;600;9;0.9831587085809086;0.9915435989309338;2.771339281857046;17.058891657032316
Fidelity (MSE);Tolerancja_0.01;601;992;0.009984193154408308;0.09992093451528718;0.6621374966409856;2.0756231768451823
Fidelity (MSE);Tolerancja_0.1;601;116;0.09902628949896078;0.3146844284342026;1.2407607997505976;6.536831307861521
Fidelity (MSE);Tolerancja_1.0;601;10;0.9323280427549587;0.9655713555998638;2.9499542487403074;20.057481390691724
Fidelity (MSE);Tolerancja_0.01;602;988;0.009996964070012817;0.09998481919778031;0.5511198486222995;1.6885441604112643
Fidelity (MSE);Tolerancja_0.1;602;102;0.09926347194159602;0.3150610606558608;1.1602408790903826;5.320752874404792
Fidelity (MSE);Tolerancja_1.0;602;10;0.9610452890737703;0.9803291738358959;3.8699614206346498;16.555804321523944
Fidelity (MSE);Tolerancja_0.01;603;634;0.009989526104664134;0.0999476168033242;0.3736837120661507;1.7339032136488888
Fidelity (MSE);Tolerancja_0.1;603;72;0.09860179560829363;0.31400922854001223;1.1781758914228702;5.447469663557071
Fidelity (MSE);Tolerancja_1.0;603;8;0.8521086257086821;0.9230973002390821;2.674924544098395;16.014002400324607
Fidelity (MSE);Tolerancja_0.01;604;952;0.009985327394390552;0.09992661004152273;0.45336564106308597;1.513929768761013
Fidelity (MSE);Tolerancja_0.1;604;94;0.09943752847163412;0.3153371663341226;1.4076008828533588;4.777489430609093
Fidelity (MSE);Tolerancja_1.0;604;8;0.8730791066071746;0.9343870218529229;2.643366954039941;14.15635262058101
Fidelity (MSE);Tolerancja_0.01;605;582;0.009995301396244357;0.09997650422096362;1.3310422152296315;1.9172985726699856
Fidelity (MSE);Tolerancja_0.1;605;62;0.09909672818536755;0.3147963281001981;1.6860976278074267;6.037003946590331
Fidelity (MSE);Tolerancja_1.0;605;9;0.8921115986011644;0.9445165951962752;3.419157300564664;18.113459096654527
Fidelity (MSE);Tolerancja_0.01;606;730;0.009985908858069917;0.09992951945281192;0.42593711234815235;2.0265448738565226
Fidelity (MSE);Tolerancja_0.1;606;70;0.0981092614177125;0.31322397963392345;1.1522449788178584;6.352101498855009
Fidelity (MSE);Tolerancja_1.0;606;6;0.9055604271537911;0.9516093879075548;3.0173723528424654;19.2983928826802
Fidelity (MSE);Tolerancja_0.01;607;1504;0.00998763418907699;0.09993815181939773;0.5902801411610428;1.6253994240021588
Fidelity (MSE);Tolerancja_0.1;607;184;0.09916966164629804;0.3149121490928828;1.4277882716617212;5.12174796540017
Fidelity (MSE);Tolerancja_1.0;607;16;0.9420859966633935;0.9706111459608289;3.3523410193469827;15.786071373681262
Fidelity (MSE);Tolerancja_0.01;608;1083;0.009996365909850435;0.09998182789812574;0.3982253986517783;1.684556499912528
Fidelity (MSE);Tolerancja_0.1;608;139;0.09964989267886833;0.315673712365899;1.1000017282260144;5.318668554042923
Fidelity (MSE);Tolerancja_1.0;608;12;0.9482356242099482;0.9737739081583303;3.1169903047328074;16.40675311622394
Fidelity (MSE);Tolerancja_0.01;609;1075;0.009994581198054605;0.0999729023188514;0.8751259472360511;1.6889834868010507
Fidelity (MSE);Tolerancja_0.1;609;118;0.09975174862919008;0.31583500222298044;1.5312720115997065;5.3358469238698785
Fidelity (MSE);Tolerancja_1.0;609;14;0.9019039836945307;0.9496862553993981;2.750745848855976;16.04439168821699
Fidelity (MSE);Tolerancja_0.01;610;1202;0.009999027080751312;0.09999513528542932;0.5827696807691529;1.932893609947757
Fidelity (MSE);Tolerancja_0.1;610;140;0.09998946585959043;0.3162111096397317;1.2230699936389282;6.112321679174603
Fidelity (MSE);Tolerancja_1.0;610;11;0.9799528950662656;0.9899257017909302;3.0812413047809697;19.135141503164203
Fidelity (MSE);Tolerancja_0.01;611;1277;0.009997463050298739;0.0999873144468774;0.37463753489993934;1.7028080517525375
Fidelity (MSE);Tolerancja_0.1;611;134;0.09925643765714318;0.3150498970911484;1.1681046023129795;5.365375642283485
Fidelity (MSE);Tolerancja_1.0;611;12;0.987250529232209;0.993604815423219;3.426908993530547;16.921329363853012
Fidelity (MSE);Tolerancja_0.01;612;1494;0.009996379112938419;0.09998189392554244;1.0787769456650507;1.8066946600468898
Fidelity (MSE);Tolerancja_0.1;612;182;0.09917142346054043;0.3149149463911493;2.1603223662572386;5.690581861127264
Fidelity (MSE);Tolerancja_1.0;612;20;0.94182691010953;0.9704776711030141;3.7623666465846526;17.53674347659688
Fidelity (MSE);Tolerancja_0.01;613;729;0.009996386737248602;0.09998193205398964;0.3355978968475548;1.5809526054207108
Fidelity (MSE);Tolerancja_0.1;613;74;0.09853557922768126;0.3139037738347235;1.1042915013305832;4.963566705506536
Fidelity (MSE);Tolerancja_1.0;613;8;0.8907350156594228;0.9437875903292132;4.005919585103038;14.923530874448273
Fidelity (MSE);Tolerancja_0.01;614;1157;0.009994184170934261;0.09997091662545793;0.698779197874682;1.687332537697013
Fidelity (MSE);Tolerancja_0.1;614;142;0.09986753836610704;0.316018256381031;1.5170405128849298;5.333830122771946
Fidelity (MSE);Tolerancja_1.0;614;13;0.9912913428277017;0.9956361498196525;3.207218210382357;16.804580051937503
Fidelity (MSE);Tolerancja_0.01;615;920;0.009986128670203931;0.09993061928259991;0.34563470065290414;1.8803508379342089
Fidelity (MSE);Tolerancja_0.1;615;94;0.09893827967244465;0.3145445591207145;1.147761204261748;5.918647653305064
Fidelity (MSE);Tolerancja_1.0;615;8;0.9430172653446538;0.9710907606113106;3.208188999593495;18.27259090891665
Fidelity (MSE);Tolerancja_0.01;616;1212;0.009985375991316207;0.09992685320431244;0.8886454658020044;1.639049664750359
Fidelity (MSE);Tolerancja_0.1;616;125;0.09993317904421785;0.31612209515346734;1.4244441665981986;5.185190941838953
Fidelity (MSE);Tolerancja_1.0;616;10;0.9055971142806513;0.9516286640705246;3.087304509329086;15.609083972878594
Fidelity (MSE);Tolerancja_0.01;617;451;0.009990769574317134;0.0999538372165728;0.6186922289278556;1.9876397223049926
Fidelity (MSE);Tolerancja_0.1;617;42;0.0998647767352837;0.3160138869342354;1.0091740591125324;6.284118468703865
Fidelity (MSE);Tolerancja_1.0;617;5;0.8017271063038345;0.8953921522460617;2.9886354036391998;17.805389551861513
Fidelity (MSE);Tolerancja_0.01;618;762;0.009993302953880465;0.09996650916122092;0.39330658553791586;1.5611420082098275
Fidelity (MSE);Tolerancja_0.1;618;90;0.0984293479182408;0.31373451821283677;1.1988080120430187;4.8994822357719
Fidelity (MSE);Tolerancja_1.0;618;6;0.8492859503173967;0.9215671165560307;3.0359909000106162;14.391791322033306
Fidelity (MSE);Tolerancja_0.01;619;898;0.00999989742632862;0.09999948713032793;1.902921645657524;1.7626695794706775
Fidelity (MSE);Tolerancja_0.1;619;95;0.09988301456649362;0.31604274167664986;2.4962879831887674;5.570817836694573
Fidelity (MSE);Tolerancja_1.0;619;8;0.9158387662703921;0.956994653208884;3.1863396038803398;16.868740143926157
Fidelity (MSE);Tolerancja_0.01;620;982;0.00998687713840834;0.0999343641517188;0.6008844115997931;1.7673487656841322
Fidelity (MSE);Tolerancja_0.1;620;104;0.09944064296225376;0.31534210464550044;1.1963383532884508;5.5768552103593505
Fidelity (MSE);Tolerancja_1.0;620;8;0.8939467282674023;0.9454875611383803;3.0360708060202812;16.721037736435896
Fidelity (MSE);Tolerancja_0.01;621;972;0.009988701055688318;0.09994348931115182;1.2321425377931625;1.9683079867306361
Fidelity (MSE);Tolerancja_0.1;621;116;0.09974176354562028;0.31581919439074674;2.0659322479039695;6.219809283892793
Fidelity (MSE);Tolerancja_1.0;621;10;0.9876031465787876;0.9937822430385781;3.3128116391604614;19.571755394232156
Fidelity (MSE);Tolerancja_0.01;622;769;0.009999475455477486;0.09999737724299317;1.2926138149734339;1.5791535185123229
Fidelity (MSE);Tolerancja_0.1;622;79;0.09990504665976982;0.3160775959472133;1.9758634493454617;4.991481392057538
Fidelity (MSE);Tolerancja_1.0;622;5;0.9895869052989228;0.9947798275492536;3.5116730694198894;15.709512670539166
Fidelity (MSE);Tolerancja_0.01;623;689;0.009992895873583652;0.09996447305709989;1.0502603596190636;1.5417029852921749
Fidelity (MSE);Tolerancja_0.1;623;60;0.09880612214990524;0.3143344113359294;1.4680178736133533;4.84782528748839
Fidelity (MSE);Tolerancja_1.0;623;9;0.9989253227891226;0.9994625169505471;3.618754424743543;15.414219661720608
Fidelity (MSE);Tolerancja_0.01;624;1032;0.009991143400438347;0.09995570719292794;0.42820693663820997;2.044641675637297
Fidelity (MSE);Tolerancja_0.1;624;114;0.0992184501151275;0.31498960318576785;1.0992684897394174;6.443262602534445
Fidelity (MSE);Tolerancja_1.0;624;9;0.9880332008324821;0.9939985919670521;3.4501089637445803;20.332715397009586
Fidelity (MSE);Tolerancja_0.01;625;1205;0.009997950104364746;0.09998974999651088;0.4707869135341687;1.7784911045722565
Fidelity (MSE);Tolerancja_0.1;625;124;0.09951759702023547;0.31546409783085533;1.127584109480523;5.611076053532147
Fidelity (MSE);Tolerancja_1.0;625;10;0.9308468911672738;0.9648040687970143;3.3730091707214083;17.160713513840022
Fidelity (MSE);Tolerancja_0.01;626;1592;0.009989874138446379;0.09994935786910479;0.3383084272981116;1.7490781275255038
Fidelity (MSE);Tolerancja_0.1;626;212;0.09950783916661993;0.31544863158146674;1.2629046943719384;5.5202385850198965
Fidelity (MSE);Tolerancja_1.0;626;18;0.9932645367463665;0.996626578386492;3.0840856569275497;17.44060979210379
Fidelity (MSE);Tolerancja_0.01;627;728;0.009990180686385972;0.09995089137364395;0.34846540916290003;1.966708855739342
Fidelity (MSE);Tolerancja_0.1;627;86;0.09999708621137486;0.31622315887893926;1.1773504649788489;6.2222445283871926
Fidelity (MSE);Tolerancja_1.0;627;6;0.9521302473285727;0.9757716163778144;3.3312345685848452;19.20001565504173
Fidelity (MSE);Tolerancja_0.01;628;432;0.009996297055583268;0.09998148356362427;0.6546954142607655;1.8638230358814358
Fidelity (MSE);Tolerancja_0.1;628;52;0.09723867676815176;0.3118311670891025;1.149371203660005;5.8130574963574215
Fidelity (MSE);Tolerancja_1.0;628;7;0.8711865100889962;0.9333737247689139;2.936561959611342;17.39965628939403
Fidelity (MSE);Tolerancja_0.01;629;1138;0.00998753071547869;0.09993763412988467;0.9966411725368882;1.944577456952576
Fidelity (MSE);Tolerancja_0.1;629;132;0.09981936333997274;0.3159420252830774;1.5702156529182725;6.147571387080645
Fidelity (MSE);Tolerancja_1.0;629;15;0.9748705447673898;0.9873553285253439;3.09877272153176;19.21187078890682
Fidelity (MSE);Tolerancja_0.01;630;940;0.009992510268989006;0.09996254433030907;1.5574882074759702;1.8576284154953466
Fidelity (MSE);Tolerancja_0.1;630;96;0.09953347555923006;0.3154892637780723;2.42650334370685;5.8628141680879295
Fidelity (MSE);Tolerancja_1.0;630;10;0.9340771351872942;0.9664766604462284;3.2131521554676965;17.960272213815607
Fidelity (MSE);Tolerancja_0.01;631;361;0.00998833218912751;0.09994164391847629;0.7823734598615228;1.8245088646417051
Fidelity (MSE);Tolerancja_0.1;631;48;0.09582402346135344;0.30955455651848096;1.313407428603461;5.651148113181957
Fidelity (MSE);Tolerancja_1.0;631;4;0.9957367877591314;0.9978661171515603;2.8908795361946114;18.216786367389755
Fidelity (MSE);Tolerancja_0.01;632;564;0.009978391309386388;0.09989189811684623;0.5994611683837512;1.4693322518588106
Fidelity (MSE);Tolerancja_0.1;632;54;0.09900652910123836;0.3146530297029386;1.415282350408397;4.628301728202385
Fidelity (MSE);Tolerancja_1.0;632;8;0.8013655766819309;0.895190246082882;2.7148828391254782;13.167553374352991
Fidelity (MSE);Tolerancja_0.01;633;1784;0.009998650171668472;0.09999325063057242;0.7896202620715433;1.7111054221217292
Fidelity (MSE);Tolerancja_0.1;633;230;0.09963552941872314;0.3156509613777901;1.589290944809962;5.401485281310943
Fidelity (MSE);Tolerancja_1.0;633;20;0.9736044367680784;0.9867139589405222;3.1784743465991956;16.884855673549968
Fidelity (MSE);Tolerancja_0.01;634;636;0.009995317071692487;0.0999765826165932;0.4034293311645598;1.8856662283793475
Fidelity (MSE);Tolerancja_0.1;634;62;0.09912170865567232;0.3148360027945856;1.4316531071187413;5.93814673806587
Fidelity (MSE);Tolerancja_1.0;634;9;0.9594060861596004;0.979492769835286;3.0317843455493536;18.474290565654886
Fidelity (MSE);Tolerancja_0.01;635;1588;0.009991061976953736;0.09995529989427142;0.4566517448806726;1.6292738153478186
Fidelity (MSE);Tolerancja_0.1;635;193;0.09972994542746744;0.31580048357700063;1.132764856740673;5.147555550435341
Fidelity (MSE);Tolerancja_1.0;635;13;0.9966770706457614;0.9983371527924629;3.2488227714275384;16.27291983170644
Fidelity (MSE);Tolerancja_0.01;636;1187;0.009995918638790936;0.099979591111341;0.667242351648087;1.628337027540185
Fidelity (MSE);Tolerancja_0.1;636;148;0.09934861387070978;0.31519615142115837;1.4504917021626467;5.133503333952083
Fidelity (MSE);Tolerancja_1.0;636;10;0.9873343698452199;0.9936470046476364;4.119696441767682;16.183224916075964
Fidelity (MSE);Tolerancja_0.01;637;490;0.009997843823286397;0.09998921853523207;0.9403338536128896;1.713526967520888
Fidelity (MSE);Tolerancja_0.1;637;43;0.09920103636410608;0.3149619601858391;1.4451691482726678;5.397540059096562
Fidelity (MSE);Tolerancja_1.0;637;6;0.7652465687030104;0.874783726816526;2.8325994733901987;14.991271345123765
Fidelity (MSE);Tolerancja_0.01;638;923;0.009998597170900072;0.09999298560849192;0.8039654356109063;1.4409798877052455
Fidelity (MSE);Tolerancja_0.1;638;98;0.09974663342473797;0.3158269042129533;1.2706556917855227;4.551321417173759
Fidelity (MSE);Tolerancja_1.0;638;12;0.915724922858522;0.9569351717115021;3.1792213727787066;13.79021066210603
Fidelity (MSE);Tolerancja_0.01;639;1166;0.0099958921913302;0.09997945884695615;0.39305611454416667;1.5547568710017436
Fidelity (MSE);Tolerancja_0.1;639;119;0.09984269037454542;0.31597893976425934;1.1390846372348955;4.913713610336118
Fidelity (MSE);Tolerancja_1.0;639;14;0.9311585628869324;0.9649655760113582;3.5409682538631575;15.005950991196931
Fidelity (MSE);Tolerancja_0.01;640;907;0.009995486278857395;0.09997742884700224;1.5536502594174433;1.7461611538036437
Fidelity (MSE);Tolerancja_0.1;640;106;0.09977192388763906;0.3158669401625296;2.0802066898408436;5.516791010165763
Fidelity (MSE);Tolerancja_1.0;640;8;0.9011939803448713;0.9493123723753268;4.225195898379588;16.580266231928395
Fidelity (MSE);Tolerancja_0.01;641;616;0.009973766470141822;0.099868746212926;1.229876905193957;1.9236272987045815
Fidelity (MSE);Tolerancja_0.1;641;64;0.09958616568217067;0.3155727581433015;1.7823757235301372;6.0784218818337745
Fidelity (MSE);Tolerancja_1.0;641;8;0.9025508877604412;0.9500267826542793;3.3283057887130774;18.298992657001264
Fidelity (MSE);Tolerancja_0.01;642;1249;0.00999646607569821;0.09998232881713753;0.41019223442336106;1.8085021470155074
Fidelity (MSE);Tolerancja_0.1;642;137;0.09997815240100641;0.3161932200427555;1.1410463137354516;5.719371853849579
Fidelity (MSE);Tolerancja_1.0;642;9;0.9861706186497219;0.9930612361026494;3.6984461643182582;17.962707999072716
Fidelity (MSE);Tolerancja_0.01;643;822;0.009981930625200454;0.09990961227629928;0.47068355143890894;1.7786019891303957
Fidelity (MSE);Tolerancja_0.1;643;82;0.09969024936836038;0.3157376274192868;1.3929506889602816;5.6207962314800435
Fidelity (MSE);Tolerancja_1.0;643;10;0.8852069662846181;0.9408543810200483;2.4931375794803188;16.74919395079339
Fidelity (MSE);Tolerancja_0.01;644;662;0.009982299880808955;0.09991146020757057;0.6878406348731358;1.697216691054684
Fidelity (MSE);Tolerancja_0.1;644;56;0.09848446982680709;0.3138223539310211;1.2831399102420784;5.330965396874874
Fidelity (MSE);Tolerancja_1.0;644;3;0.9018730474859907;0.9496699676656047;2.8909936395884257;16.13224065354313
Fidelity (MSE);Tolerancja_0.01;645;1090;0.009992459328586676;0.0999622895325366;0.6190562784066005;1.8276829806196973
Fidelity (MSE);Tolerancja_0.1;645;122;0.09917454930394161;0.31491990934830016;1.0442126697547387;5.757908920111753
Fidelity (MSE);Tolerancja_1.0;645;8;0.9214754829191039;0.9599351451629968;3.388548551749391;17.55118990889111
Fidelity (MSE);Tolerancja_0.01;646;1530;0.009997483057576853;0.0999874144959097;0.4121084845707852;1.7563727815845704
Fidelity (MSE);Tolerancja_0.1;646;163;0.0998406341314014;0.31597568598137643;1.1319590698099473;5.550409492015675
Fidelity (MSE);Tolerancja_1.0;646;10;0.9910207389163407;0.9955002455631745;2.7618141913892202;17.48689616771161
Fidelity (MSE);Tolerancja_0.01;647;834;0.009999205231854442;0.09999602608031202;0.3624531411708207;1.569842299843873
Fidelity (MSE);Tolerancja_0.1;647;89;0.09979185299361987;0.31589848526642206;0.9522514198013265;4.959305125081111
Fidelity (MSE);Tolerancja_1.0;647;10;0.8955355231934947;0.9463273868981573;3.1827543352966465;14.856437997448973
Fidelity (MSE);Tolerancja_0.01;648;994;0.009988159339742213;0.0999407791631735;0.583499473177616;1.5795788440518446
Fidelity (MSE);Tolerancja_0.1;648;109;0.09969272925489779;0.3157415545266378;1.1183531989801017;4.9903421195468916
Fidelity (MSE);Tolerancja_1.0;648;8;0.9303603028672375;0.9645518663437636;3.5284673351604283;15.24488536936229
Fidelity (MSE);Tolerancja_0.01;649;724;0.009988520515916803;0.09994258609780318;0.39230020657516995;1.8972453366950564
Fidelity (MSE);Tolerancja_0.1;649;68;0.09811416713942815;0.31323181054839905;1.2522984832469843;5.946189858304679
Fidelity (MSE);Tolerancja_1.0;649;6;0.9881199947556337;0.9940422499851974;2.9973517371894527;18.870254382017958
Fidelity (MSE);Tolerancja_0.01;650;1596;0.009995840158369105;0.09997919862836022;0.40330025730613084;1.8017714134518845
Fidelity (MSE);Tolerancja_0.1;650;206;0.09999837838059805;0.3162252020010392;1.1084786405716462;5.698840728824363
Fidelity (MSE);Tolerancja_1.0;650;14;0.978173868182449;0.9890267277391693;3.418434173858669;17.823708427632976
Fidelity (MSE);Tolerancja_0.01;651;1036;0.009991665248519598;0.09995831755546708;0.41415694569224915;1.6545595177988346
Fidelity (MSE);Tolerancja_0.1;651;100;0.09963524337579631;0.3156505082774243;1.4176867076515043;5.224803353444276
Fidelity (MSE);Tolerancja_1.0;651;7;0.9909687580008307;0.9954741372837522;3.144218809486995;16.47758034394139
Fidelity (MSE);Tolerancja_0.01;652;440;0.009988807230422662;0.09994402048358202;0.9185109076770432;1.9572037061466898
Fidelity (MSE);Tolerancja_0.1;652;50;0.09605813199754802;0.3099324636070704;1.1708149077690981;6.069407289119209
Fidelity (MSE);Tolerancja_1.0;652;6;0.977545747985494;0.9887091321442794;2.5596610041632744;19.36189046999309
Fidelity (MSE);Tolerancja_0.01;653;1094;0.009997054307622608;0.09998527045331532;0.4015469391067912;1.9491452122398265
Fidelity (MSE);Tolerancja_0.1;653;122;0.09935846779837136;0.3152117824548622;1.08622228651031;6.144840473280976
Fidelity (MSE);Tolerancja_1.0;653;7;0.9954847794368572;0.9977398355467507;3.343349875689036;19.450263170763044
Fidelity (MSE);Tolerancja_0.01;654;576;0.009997660396961908;0.09998830130051169;0.8784509609424722;1.7460430829455829
Fidelity (MSE);Tolerancja_0.1;654;56;0.09930668778774104;0.3151296364795622;1.4026445300513553;5.5029429928267
Fidelity (MSE);Tolerancja_1.0;654;4;0.966746455285758;0.9832326557258755;3.8502508729290987;17.169674403175357
Fidelity (MSE);Tolerancja_0.01;655;1126;0.009988925970944453;0.09994461451696361;0.39202011675293047;1.9524102277885438
Fidelity (MSE);Tolerancja_0.1;655;130;0.09920982034122476;0.31497590438194595;1.34864781365326;6.153029657419712
Fidelity (MSE);Tolerancja_1.0;655;10;0.9739242968357896;0.9868760291119597;3.600410037942365;19.278546043824115
Fidelity (MSE);Tolerancja_0.01;656;619;0.009992531923432751;0.0999626526430384;0.5352808376752938;1.7740493108292261
Fidelity (MSE);Tolerancja_0.1;656;60;0.09794263894851794;0.3129578868610247;1.1176960363796766;5.554101545173804
Fidelity (MSE);Tolerancja_1.0;656;6;0.9242875298058825;0.961398736116229;3.4934668235398094;17.062059880799534
Fidelity (MSE);Tolerancja_0.01;657;708;0.009994274273079161;0.09997136726622859;0.47296620350923924;1.9313004217321275
Fidelity (MSE);Tolerancja_0.1;657;66;0.0982298095816646;0.3134163518096409;1.1757702827973064;6.054744963282918
Fidelity (MSE);Tolerancja_1.0;657;10;0.921435982402787;0.9599145703669608;3.429989028986963;18.544143841101462
Fidelity (MSE);Tolerancja_0.01;658;820;0.009990713282216894;0.09995355562568495;0.46036541945075893;1.6641868829760678
Fidelity (MSE);Tolerancja_0.1;658;90;0.09985592686073667;0.31599988427329634;1.1959229914928695;5.261272189245059
Fidelity (MSE);Tolerancja_1.0;658;8;0.962362704992745;0.9810008690071303;2.6855550821598007;16.333273670659405
Fidelity (MSE);Tolerancja_0.01;659;558;0.009992234448043343;0.09996116469931382;0.4058319590837698;1.619328458669924
Fidelity (MSE);Tolerancja_0.1;659;56;0.09818178738718038;0.3133397315808839;1.2659894289574982;5.075970714298847
Fidelity (MSE);Tolerancja_1.0;659;5;0.7330504381721992;0.8561836474566652;2.682446752727495;13.869811844878521
Fidelity (MSE);Tolerancja_0.01;660;1078;0.009994989126639084;0.09997494249380233;0.3925521010740667;1.779397554207571
Fidelity (MSE);Tolerancja_0.1;660;101;0.09986521413307453;0.31601457898817664;1.267300426872426;5.624565065194771
Fidelity (MSE);Tolerancja_1.0;660;14;0.9237187783313747;0.9611028968489143;3.188912822264772;17.10612780898361
Fidelity (MSE);Tolerancja_0.01;661;1702;0.009989775456728;0.09994886420929455;0.5634390512580101;1.6665300568391943
Fidelity (MSE);Tolerancja_0.1;661;218;0.09950761594739897;0.3154482777689537;1.1149163102142126;5.2597299673089575
Fidelity (MSE);Tolerancja_1.0;661;20;0.9813873853274099;0.9906499812382827;3.61073844142786;16.517926267612907
Fidelity (MSE);Tolerancja_0.01;662;996;0.009995016371313906;0.09997507875122633;0.37135456848404047;1.5955417298344505
Fidelity (MSE);Tolerancja_0.1;662;108;0.09924580242036715;0.31503301798441247;1.0886382334527358;5.027736239354064
Fidelity (MSE);Tolerancja_1.0;662;8;0.9921995346588676;0.9960921316117639;3.488428734627213;15.89702736520049
Fidelity (MSE);Tolerancja_0.01;663;588;0.009997877634381229;0.0999893876087919;0.3849189349355888;1.8427444359929948
Fidelity (MSE);Tolerancja_0.1;663;50;0.09922949480787586;0.31500713453487983;1.2521128417944398;5.805392535589507
Fidelity (MSE);Tolerancja_1.0;663;10;0.8521351775102616;0.9231116820354196;2.8060432289975648;17.012394580575794
Fidelity (MSE);Tolerancja_0.01;664;1571;0.009999177693413549;0.09999588838254075;0.37041776384962866;2.1484568199461673
Fidelity (MSE);Tolerancja_0.1;664;188;0.09944790711770235;0.3153536223316649;1.0577820427433795;6.775514989189182
Fidelity (MSE);Tolerancja_1.0;664;16;0.9475816947113627;0.9734380795465948;3.788052268177214;20.914756742761607
Fidelity (MSE);Tolerancja_0.01;665;832;0.009997238618070507;0.09998619213706714;0.3731946227658778;1.6840717964034861
Fidelity (MSE);Tolerancja_0.1;665;98;0.09953833999737899;0.31549697303996277;1.2586278141446465;5.313929281544268
Fidelity (MSE);Tolerancja_1.0;665;7;0.9841994942606254;0.9920682911274936;2.9988306313884943;16.7094495098253
Fidelity (MSE);Tolerancja_0.01;666;1220;0.009999575572521912;0.09999787784009175;0.6393112694274281;1.5446513344749762
Fidelity (MSE);Tolerancja_0.1;666;143;0.09993842508621047;0.31613039253796915;1.0548286331433303;4.8832159566699875
Fidelity (MSE);Tolerancja_1.0;666;14;0.9375096654576606;0.9682508277598634;3.063962099877255;14.956416731137312
Fidelity (MSE);Tolerancja_0.01;667;254;0.009961743272719894;0.09980853306566476;1.063529550265787;1.7336864392836573
Fidelity (MSE);Tolerancja_0.1;667;29;0.09939021563011172;0.3152621379584166;1.244678491647215;5.476141935063717
Fidelity (MSE);Tolerancja_1.0;667;3;0.8853388254110792;0.9409244525524242;2.430337594589493;16.34397294174551
Fidelity (MSE);Tolerancja_0.01;668;1075;0.00999680772516735;0.09998403735180607;0.39602204029966703;1.7584721359002786
Fidelity (MSE);Tolerancja_0.1;668;134;0.09931233945982447;0.3151386035696428;1.1599908365533658;5.542509264492417
Fidelity (MSE);Tolerancja_1.0;668;10;0.9870715605634003;0.9935147510547593;3.306987376634699;17.47346929178729
Fidelity (MSE);Tolerancja_0.01;669;896;0.009984788949364205;0.09992391580279571;0.8227774047485621;1.764602554149557
Fidelity (MSE);Tolerancja_0.1;669;92;0.09982164667533819;0.3159456387977815;1.2734543475405449;5.579429876379805
Fidelity (MSE);Tolerancja_1.0;669;12;0.9854327978331449;0.9926896785164762;2.976872968681225;17.530365259555477
Fidelity (MSE);Tolerancja_0.01;670;866;0.009997214572820693;0.0999860718941428;1.9425453100532666;1.8159517110753705
Fidelity (MSE);Tolerancja_0.1;670;103;0.09993741944531155;0.3161288019863289;2.574548021488396;5.741546077488321
Fidelity (MSE);Tolerancja_1.0;670;10;0.9868653430840655;0.9934109638432955;3.3517928420989413;18.04237635720084
Fidelity (MSE);Tolerancja_0.01;671;456;0.00998345437039575;0.09991723760390771;0.627283971140737;1.868888038198355
Fidelity (MSE);Tolerancja_0.1;671;40;0.09764274635473465;0.3124783934206246;1.3859640759683565;5.844708537422631
Fidelity (MSE);Tolerancja_1.0;671;4;0.9453627815495572;0.9722976815510552;2.980531812256827;18.186206406367805
Fidelity (MSE);Tolerancja_0.01;672;580;0.009997734087120732;0.09998866979373579;0.7169764630913464;1.6541219701038292
Fidelity (MSE);Tolerancja_0.1;672;52;0.09975790034257173;0.3158447408816106;1.0917202772116053;5.225049259198706
Fidelity (MSE);Tolerancja_1.0;672;4;0.9020615807952065;0.9497692250200606;2.967407125325768;15.712121632131101
Fidelity (MSE);Tolerancja_0.01;673;778;0.009983125807425046;0.09991559341476708;0.854382903152624;1.8789289578415962
Fidelity (MSE);Tolerancja_0.1;673;75;0.09988910346770923;0.31605237456426305;1.389075562849535;5.94341622231336
Fidelity (MSE);Tolerancja_1.0;673;8;0.8785900333243737;0.9373313359342968;3.930513007179506;17.626667970317083
Fidelity (MSE);Tolerancja_0.01;674;1636;0.009992749887310453;0.09996374286365259;0.4152216028313278;1.6928686002722526
Fidelity (MSE);Tolerancja_0.1;674;207;0.09977251111528773;0.3158678697102441;1.2102904215985406;5.349167439605622
Fidelity (MSE);Tolerancja_1.0;674;7;0.9910363647927015;0.9955080937856314;3.121654120186901;16.858756435172985
Fidelity (MSE);Tolerancja_0.01;675;802;0.00999612329797153;0.0999806146108911;1.2124999446445317;1.7977535161932858
Fidelity (MSE);Tolerancja_0.1;675;85;0.09961562142478554;0.31561942498012624;1.6132191233029918;5.675159462113531
Fidelity (MSE);Tolerancja_1.0;675;12;0.9184507947144727;0.9583583853206861;3.34384232824706;17.232262110898297
Fidelity (MSE);Tolerancja_0.01;676;1088;0.009998665744374092;0.09999332849932585;0.6480046555664156;1.9965522501740083
Fidelity (MSE);Tolerancja_0.1;676;112;0.09849269161651165;0.3138354530904876;1.2090566642836862;6.266306857226149
Fidelity (MSE);Tolerancja_1.0;676;8;0.9546092681634953;0.9770410780327997;3.1193064328631124;19.50843713410317
Fidelity (MSE);Tolerancja_0.01;677;852;0.009991107557351902;0.09995552789792018;0.3745439395081265;1.9363657043552986
Fidelity (MSE);Tolerancja_0.1;677;95;0.09987103182470512;0.3160237836377274;1.1710331270705683;6.122098789990256
Fidelity (MSE);Tolerancja_1.0;677;10;0.9436396700072012;0.9714111745328037;2.8777997102307;18.818441788570244
Fidelity (MSE);Tolerancja_0.01;678;1213;0.00999528114955935;0.09997640296369613;0.3609423441428583;1.5853569102594347
Fidelity (MSE);Tolerancja_0.1;678;129;0.09974703301369589;0.3158275368198535;1.1722206954571162;5.008175460457273
Fidelity (MSE);Tolerancja_1.0;678;12;0.9471416194677846;0.9732120115718798;2.873170928530926;15.432525495573438
Fidelity (MSE);Tolerancja_0.01;679;949;0.009996609537022775;0.09998304624796533;0.39941563069632124;1.93680231329562
Fidelity (MSE);Tolerancja_0.1;679;93;0.09980544946269848;0.315920004847269;1.1222017019237658;6.119783494964335
Fidelity (MSE);Tolerancja_1.0;679;5;0.978652465018126;0.9892686515897114;4.197215899258127;19.163427048601083
Fidelity (MSE);Tolerancja_0.01;680;980;0.009992613242874992;0.09996305939133211;1.105881415567291;1.6797326691406993
Fidelity (MSE);Tolerancja_0.1;680;108;0.0994290158187072;0.31532366834525316;1.9862144732025655;5.2985519880830685
Fidelity (MSE);Tolerancja_1.0;680;10;0.9817704570784834;0.9908433060168915;3.276841221219617;16.649669200303258
Fidelity (MSE);Tolerancja_0.01;681;1584;0.00998928618366582;0.09994641656240517;0.35093005498664276;1.86667203230853
Fidelity (MSE);Tolerancja_0.1;681;183;0.0997499658713191;0.31583217991730844;1.1421066813289658;5.8987117040515935
Fidelity (MSE);Tolerancja_1.0;681;18;0.9774659855247275;0.9886687946550794;2.9452126606749003;18.465098116314195
Fidelity (MSE);Tolerancja_0.01;682;467;0.009991027083922768;0.0999551253509432;0.352960694815474;1.6348519154801395
Fidelity (MSE);Tolerancja_0.1;682;50;0.09580931581282452;0.3095307994575411;1.1456902703374894;5.062642046784097
Fidelity (MSE);Tolerancja_1.0;682;5;0.9762649609325692;0.9880612131505665;2.423197477748636;16.1605896772115
Fidelity (MSE);Tolerancja_0.01;683;873;0.009995353146959752;0.09997676303501606;0.4846939674906725;1.6217940634956078
Fidelity (MSE);Tolerancja_0.1;683;98;0.09969768745990654;0.3157494061117242;1.0558134845902787;5.121995320101592
Fidelity (MSE);Tolerancja_1.0;683;12;0.8549803327546126;0.924651465555867;2.9777260678349817;14.999427988239605
Fidelity (MSE);Tolerancja_0.01;684;517;0.009998483521680347;0.09999241732091663;0.5091497435314514;1.7235154902833
Fidelity (MSE);Tolerancja_0.1;684;57;0.09951787534433786;0.3154645389649015;1.1291413553048697;5.437492503017561
Fidelity (MSE);Tolerancja_1.0;684;5;0.9150051324826544;0.9565590062733477;3.734711828333629;16.48769285565865
Fidelity (MSE);Tolerancja_0.01;685;546;0.009998923150944921;0.09999461560976632;0.8391956152374505;1.6250267327777699
Fidelity (MSE);Tolerancja_0.1;685;62;0.09809249044478631;0.31319720695559583;1.1861954599453117;5.089812394703242
Fidelity (MSE);Tolerancja_1.0;685;6;0.9454229893434564;0.9723286426633005;3.0178266900060065;15.801451185528284
Fidelity (MSE);Tolerancja_0.01;686;1328;0.009991967988030962;0.09995983187276258;0.3797786290764975;1.9441945663521223
Fidelity (MSE);Tolerancja_0.1;686;140;0.09914122503226386;0.3148669957811772;1.369171873141521;6.124086954253728
Fidelity (MSE);Tolerancja_1.0;686;13;0.9777207588730791;0.9887976329224697;3.3758421481625294;19.231874935491287
Fidelity (MSE);Tolerancja_0.01;687;884;0.009985797059783988;0.09992896006555851;1.0198851532837523;1.6313624414214387
Fidelity (MSE);Tolerancja_0.1;687;103;0.099630323983202;0.31564271571383046;1.4945260857326126;5.152937356557985
Fidelity (MSE);Tolerancja_1.0;687;10;0.9071468498191191;0.9524425703522071;2.6810341360439773;15.548836251914643
Fidelity (MSE);Tolerancja_0.01;688;900;0.009998442946280085;0.09999221442832479;0.390502023335932;1.8507535815002703
Fidelity (MSE);Tolerancja_0.1;688;106;0.09988625248463964;0.3160478642304669;1.092867190360348;5.849722600846368
Fidelity (MSE);Tolerancja_1.0;688;8;0.8610081781593141;0.9279052635691394;3.279023519765354;17.174577037440535
Fidelity (MSE);Tolerancja_0.01;689;1443;0.009996956941368743;0.09998478354914184;0.40234046619589225;1.5941702557255057
Fidelity (MSE);Tolerancja_0.1;689;158;0.09926254408065882;0.31505958814271756;1.087387971309699;5.023350617660656
Fidelity (MSE);Tolerancja_1.0;689;13;0.9898240207983874;0.9948990003002252;3.8825487748679786;15.86279769211215
Fidelity (MSE);Tolerancja_0.01;690;938;0.009987435523942708;0.09993715787404957;0.9875942006478873;1.8053374132593887
Fidelity (MSE);Tolerancja_0.1;690;92;0.09856412179374054;0.3139492344213321;1.653610515555049;5.671407020392648
Fidelity (MSE);Tolerancja_1.0;690;9;0.9904301002242575;0.9952035471320716;3.297172598469856;17.9780797819999
Fidelity (MSE);Tolerancja_0.01;691;937;0.009995157682188277;0.09997578547922631;0.3633239797137069;1.644982238364388
Fidelity (MSE);Tolerancja_0.1;691;110;0.09997951391543454;0.3161953730139556;1.2831095832377475;5.202617513508177
Fidelity (MSE);Tolerancja_1.0;691;6;0.9923373332449162;0.9961612988090414;2.994149894220318;16.39064534709124
Fidelity (MSE);Tolerancja_0.01;692;582;0.00998359005479553;0.099917916585543;0.41940768034550935;1.8529828403354205
Fidelity (MSE);Tolerancja_0.1;692;56;0.09746439363062448;0.3121928788915988;0.974112550724576;5.789632802899609
Fidelity (MSE);Tolerancja_1.0;692;6;0.8791816734478083;0.9376468809993495;3.1248500833978206;17.388709053979724
Fidelity (MSE);Tolerancja_0.01;693;869;0.0099968788397237;0.09998439298072324;1.2492280735929278;1.6619633693823996
Fidelity (MSE);Tolerancja_0.1;693;104;0.09936191719175033;0.3152172539562997;1.8197408784574183;5.239613042144308
Fidelity (MSE);Tolerancja_1.0;693;8;0.9599935085485056;0.9797925844527022;3.2259280457598205;16.286335661075125
Fidelity (MSE);Tolerancja_0.01;694;860;0.009998636380812342;0.0999931816716137;0.7602176870663424;1.800644297998738
Fidelity (MSE);Tolerancja_0.1;694;84;0.09935426340040855;0.3152051132205957;1.3254408549731118;5.676109914020628
Fidelity (MSE);Tolerancja_1.0;694;7;0.885842846078717;0.9411922471412081;3.6165850213142265;16.948680148023993
Fidelity (MSE);Tolerancja_0.01;695;425;0.009998898245995324;0.09999449107823552;1.0705197878916808;1.7517789339609686
Fidelity (MSE);Tolerancja_0.1;695;44;0.09730026127462192;0.3119298980133548;1.32941772301068;5.464623283945319
Fidelity (MSE);Tolerancja_1.0;695;6;0.9810221406990196;0.9904656181306949;2.8845268282964582;17.351723939436418
Fidelity (MSE);Tolerancja_0.01;696;996;0.009994223921804673;0.09997111543743359;1.05364410886;1.9497564000350214
Fidelity (MSE);Tolerancja_0.1;696;100;0.09995025381333085;0.31614910060496904;1.3633699091548088;6.165918321233834
Fidelity (MSE);Tolerancja_1.0;696;8;0.8781329694628041;0.9370874929603981;2.860160253268341;18.27620236903114
Fidelity (MSE);Tolerancja_0.01;697;758;0.009986957702703362;0.09993476723694994;0.371850891908859;1.7433929425078285
Fidelity (MSE);Tolerancja_0.1;697;90;0.09937178463527309;0.315232905381518;1.2872450883894526;5.499335593440763
Fidelity (MSE);Tolerancja_1.0;697;10;0.966569315772815;0.9831425714375382;3.127051558143695;17.151226424125458
Fidelity (MSE);Tolerancja_0.01;698;579;0.009996205042820385;0.09998102341354775;0.7257811880540626;1.6499732870395252
Fidelity (MSE);Tolerancja_0.1;698;62;0.09777199369407366;0.3126851350705269;1.2933273876555162;5.160200431103069
Fidelity (MSE);Tolerancja_1.0;698;8;0.9564985255110486;0.9780074261021992;2.8060220552945037;16.13992408259597
Fidelity (MSE);Tolerancja_0.01;699;1122;0.009985554045704262;0.0999277441239632;0.703072935422437;1.9328064870691455
Fidelity (MSE);Tolerancja_0.1;699;116;0.09975375938683216;0.31583818544759934;1.3227085205914033;6.108955015936137
Fidelity (MSE);Tolerancja_1.0;699;12;0.89686655405222;0.9470303870796438;3.160867749024031;18.317500226247915
Fidelity (MSE);Tolerancja_0.01;700;1102;0.009989494276359753;0.09994745757826835;0.9725402822721243;1.806322116953731
Fidelity (MSE);Tolerancja_0.1;700;108;0.09997384832961348;0.3161864138915736;1.3436970915911886;5.714347581531857
Fidelity (MSE);Tolerancja_1.0;700;11;0.9944214305104999;0.9972068143121064;3.0705970914663157;18.0222365582272
Fidelity (MSE);Tolerancja_0.01;701;584;0.009972163556924851;0.09986072079113414;0.7878553895845446;1.5840101072663444
Fidelity (MSE);Tolerancja_0.1;701;58;0.09858812115198966;0.31398745381303;1.351288954647548;4.980529846514193
Fidelity (MSE);Tolerancja_1.0;701;6;0.9602893408995539;0.9799435396488687;2.807867705545961;15.54405434946527
Fidelity (MSE);Tolerancja_0.01;702;862;0.00999964996151223;0.09999824979224502;0.3879795395154364;1.778998978748247
Fidelity (MSE);Tolerancja_0.1;702;94;0.09961675992668542;0.3156212285741969;1.0844263282039233;5.614996707155443
Fidelity (MSE);Tolerancja_1.0;702;10;0.8615920129745679;0.9282198085445967;3.4257211439804225;16.513309931778338
Fidelity (MSE);Tolerancja_0.01;703;551;0.009997955652992795;0.09998977774249122;0.6188753027341853;1.7327491538466306
Fidelity (MSE);Tolerancja_0.1;703;60;0.09947197307547825;0.3153917771208981;1.2333776054179415;5.465507047568776
Fidelity (MSE);Tolerancja_1.0;703;3;0.8890894231824971;0.9429153849537598;2.764547542262245;16.34002867408405
Fidelity (MSE);Tolerancja_0.01;704;1319;0.009997854950596774;0.09998927417776755;0.37288111368224097;1.5942597070038034
Fidelity (MSE);Tolerancja_0.1;704;144;0.0989873482192324;0.31462254880925555;1.2196998478721293;5.01643857909873
Fidelity (MSE);Tolerancja_1.0;704;9;0.9852584512560072;0.9926018593857293;3.189944068020294;15.826349001216991
Fidelity (MSE);Tolerancja_0.01;705;504;0.00997665279530654;0.09988319576038074;1.1405883844569642;1.9521052172256974
Fidelity (MSE);Tolerancja_0.1;705;52;0.09650873379653264;0.3106585485650325;1.5560499178576839;6.071473472719121
Fidelity (MSE);Tolerancja_1.0;705;8;0.8489610810524569;0.9213908405516396;3.368540601217796;18.00755225393251
Fidelity (MSE);Tolerancja_0.01;706;1098;0.00999222858876396;0.09996113539153084;0.39993814652904813;2.061227986494023
Fidelity (MSE);Tolerancja_0.1;706;130;0.09880502587591361;0.31433266752902667;1.0573128721954514;6.481631974690884
Fidelity (MSE);Tolerancja_1.0;706;7;0.9787678187560935;0.9893269524055703;3.327139637653481;20.400212483620656
Fidelity (MSE);Tolerancja_0.01;707;1176;0.009994177774894822;0.099970884635952;0.3502717241832789;1.6514125838916622
Fidelity (MSE);Tolerancja_0.1;707;130;0.09861941990432245;0.3140372906269611;1.2794562476229445;5.187561713004023
Fidelity (MSE);Tolerancja_1.0;707;14;0.9638963796097334;0.9817822465341963;2.8941283242122546;16.217997494691854
Fidelity (MSE);Tolerancja_0.01;708;803;0.009998715931674272;0.09999357945225419;1.4194563116198173;1.7096514938464646
Fidelity (MSE);Tolerancja_0.1;708;84;0.09931376118417294;0.31514085927434565;2.0686534238068592;5.388156357455984
Fidelity (MSE);Tolerancja_1.0;708;7;0.9650386832036851;0.9823638242543773;2.742106686159677;16.796076196463837
Fidelity (MSE);Tolerancja_0.01;709;990;0.00999068167974108;0.0999533975397589;1.275504493225034;1.6786105274782057
Fidelity (MSE);Tolerancja_0.1;709;117;0.09963419702879016;0.315648850827609;1.8120172291219907;5.300985229390135
Fidelity (MSE);Tolerancja_1.0;709;12;0.9140620623602472;0.9560659299233747;2.956820177842671;16.056105889689682
Fidelity (MSE);Tolerancja_0.01;710;1149;0.009995482291506291;0.09997740890574376;1.5629706874361493;1.6725915069513537
Fidelity (MSE);Tolerancja_0.1;710;128;0.09905196327237417;0.3147252186787296;2.3952910766532356;5.265256756971308
Fidelity (MSE);Tolerancja_1.0;710;11;0.9930069772656683;0.9964973543696282;4.825501926202098;16.67109629925985
Fidelity (MSE);Tolerancja_0.01;711;602;0.009995531000840689;0.09997765250715127;0.43604091503629094;1.718754825191591
Fidelity (MSE);Tolerancja_0.1;711;68;0.09819355252822964;0.31335850479639077;1.1103770527483459;5.387068296038402
Fidelity (MSE);Tolerancja_1.0;711;8;0.8093422955517723;0.8996345344370525;2.4621284110374804;15.465968225870007
Fidelity (MSE);Tolerancja_0.01;712;730;0.009989878612064526;0.09994938024852644;0.4242905738185243;1.8188058664030233
Fidelity (MSE);Tolerancja_0.1;712;76;0.09947891133425639;0.31540277635787606;0.9997082760835267;5.7394695043940835
Fidelity (MSE);Tolerancja_1.0;712;7;0.9414577715161113;0.9702874684938022;3.0174640271514015;17.656583116430923
Fidelity (MSE);Tolerancja_0.01;713;386;0.00996497881162426;0.09982474047862214;1.3317880197288758;1.8514685181078676
Fidelity (MSE);Tolerancja_0.1;713;42;0.09973230016091562;0.31580421175297146;1.6152033739213838;5.8572810021150366
Fidelity (MSE);Tolerancja_1.0;713;5;0.9045450955952019;0.9510757570221218;2.815786722102507;17.63978362497388
Fidelity (MSE);Tolerancja_0.01;714;1406;0.00999705028444102;0.09998525033444193;0.3816143021340235;1.6925420350240874
Fidelity (MSE);Tolerancja_0.1;714;178;0.09963658611659569;0.31565263521250014;1.1903127004234015;5.343341660657382
Fidelity (MSE);Tolerancja_1.0;714;16;0.9495928219000367;0.9744705341363774;3.721716161715298;16.495756478093732
Fidelity (MSE);Tolerancja_0.01;715;1064;0.009997646486993896;0.09998823174251005;0.6612039968901984;1.6697412406871104
Fidelity (MSE);Tolerancja_0.1;715;130;0.09875961407106049;0.31426042396563475;1.4437018126219399;5.247953494792583
Fidelity (MSE);Tolerancja_1.0;715;16;0.9311367520125273;0.9649542745708355;2.8407192442739175;16.114135829279043
Fidelity (MSE);Tolerancja_0.01;716;927;0.009994404704560542;0.09997201960829111;0.3730210291059075;1.8552001271905656
Fidelity (MSE);Tolerancja_0.1;716;90;0.09920801618711486;0.31497304041316754;1.2172558513136194;5.845015704650683
Fidelity (MSE);Tolerancja_1.0;716;6;0.9445396076180863;0.9718742756231828;3.0545240223896846;18.03525913364498
Fidelity (MSE);Tolerancja_0.01;717;1039;0.009995927185349902;0.09997963385284976;0.3894298127035283;2.131484451146362
Fidelity (MSE);Tolerancja_0.1;717;108;0.0994037475361821;0.31528359858416694;1.3439446404521163;6.7215898097077105
Fidelity (MSE);Tolerancja_1.0;717;6;0.9926052771466206;0.9962957779427857;3.4229355228943206;21.240215407803145
Fidelity (MSE);Tolerancja_0.01;718;656;0.009976973990160454;0.09988480359974912;0.4127056703967167;1.8944215488120655
Fidelity (MSE);Tolerancja_0.1;718;72;0.09942527562192185;0.3153177375631156;1.051064856796259;5.980336299762562
Fidelity (MSE);Tolerancja_1.0;718;6;0.9286723614323408;0.9636764817262797;3.456580196917538;18.277149549005536
Fidelity (MSE);Tolerancja_0.01;719;1217;0.009995244219928019;0.09997621827178711;0.4087310145077474;1.4930628887336124
Fidelity (MSE);Tolerancja_0.1;719;126;0.09983254671345629;0.3159628881901422;1.29871491568895;4.718646801495549
Fidelity (MSE);Tolerancja_1.0;719;10;0.9661615220062036;0.9829351565623257;3.6425356112884133;14.67933104155949
Fidelity (MSE);Tolerancja_0.01;720;800;0.009981019622991682;0.09990505304033266;0.8957960936220157;1.9959149508738037
Fidelity (MSE);Tolerancja_0.1;720;80;0.09998224665410375;0.3161996942663034;1.1724510962460952;6.317074842981728
Fidelity (MSE);Tolerancja_1.0;720;6;0.8490824786729406;0.9214567155721101;2.8320840426620224;18.408971110309725
Fidelity (MSE);Tolerancja_0.01;721;866;0.009999624983116412;0.09999812489800201;0.3311181643578074;1.6720654209510997
Fidelity (MSE);Tolerancja_0.1;721;93;0.09977216324980381;0.3158673190594491;1.054794835231208;5.281607253601468
Fidelity (MSE);Tolerancja_1.0;721;8;0.9727558106308551;0.9862838387760671;3.011055874505152;16.49162025530462
Fidelity (MSE);Tolerancja_0.01;722;869;0.00999485196059846;0.0999742564893506;0.472333185722718;1.8581517167659771
Fidelity (MSE);Tolerancja_0.1;722;93;0.09977736683132303;0.3158755559256256;1.1905267513592581;5.8709584560914525
Fidelity (MSE);Tolerancja_1.0;722;10;0.9871690807038837;0.9935638281982108;3.417658380794463;18.466677301868614
Fidelity (MSE);Tolerancja_0.01;723;666;0.009980276077303962;0.09990133170936193;1.0104179694902289;1.7731477545031349
Fidelity (MSE);Tolerancja_0.1;723;71;0.09963281944310824;0.315646668671013;1.4575625636982696;5.602409619510131
Fidelity (MSE);Tolerancja_1.0;723;6;0.8016351494455399;0.8953408007264831;2.794047726939286;15.891395071107228
Fidelity (MSE);Tolerancja_0.01;724;894;0.009999590423908154;0.09999795209857126;0.9374202338183872;1.5577363030605758
Fidelity (MSE);Tolerancja_0.1;724;94;0.09976567857222841;0.31585705401688974;1.5146206088380891;4.9203207595178755
Fidelity (MSE);Tolerancja_1.0;724;6;0.9733160986887814;0.9865678378544384;3.0170375859674525;15.368440095082663
Fidelity (MSE);Tolerancja_0.01;725;1132;0.009984075410079297;0.09992034532606109;0.36670051625747746;2.0852816291363636
Fidelity (MSE);Tolerancja_0.1;725;129;0.09997724182713602;0.3161917801384723;1.32675514748421;6.598745313130038
Fidelity (MSE);Tolerancja_1.0;725;11;0.9815514660588247;0.9907327924616328;2.813591174914847;20.676038345960084
Fidelity (MSE);Tolerancja_0.01;726;781;0.009994097131741476;0.09997048130193971;0.7259959194581782;1.7623230346084393
Fidelity (MSE);Tolerancja_0.1;726;80;0.0991316783332878;0.3148518355247239;1.2363144851437577;5.550344811866007
Fidelity (MSE);Tolerancja_1.0;726;6;0.8708664054805544;0.9332022318236034;3.172260365095582;16.450893980629775
Fidelity (MSE);Tolerancja_0.01;727;1174;0.009994689365422223;0.09997344330081975;0.43376802057833697;1.6246751595383606
Fidelity (MSE);Tolerancja_0.1;727;140;0.09960663882695842;0.3156051945500239;1.3354661016563485;5.128921270259887
Fidelity (MSE);Tolerancja_1.0;727;13;0.9665662117905373;0.9831409928339563;2.9511359569439994;15.977090481669073
Fidelity (MSE);Tolerancja_0.01;728;1004;0.009986357280117245;0.09993176311922673;0.8867913274786936;1.692717736183242
Fidelity (MSE);Tolerancja_0.1;728;112;0.09859130851069615;0.3139925293867613;1.3124686147919427;5.318636506872044
Fidelity (MSE);Tolerancja_1.0;728;11;0.9962668762174877;0.9981316928228898;3.4814685369026357;16.907089065086662
Fidelity (MSE);Tolerancja_0.01;729;1601;0.009992666307021005;0.09996332480975713;0.3952265532108141;1.596128771643692
Fidelity (MSE);Tolerancja_0.1;729;203;0.09995297989855287;0.3161534119672803;1.1677971922739094;5.048066959103812
Fidelity (MSE);Tolerancja_1.0;729;10;0.9675393897125149;0.9836358013576544;3.3609576846267286;15.705854185559337
Fidelity (MSE);Tolerancja_0.01;730;816;0.009992328118676804;0.0999616332333401;0.3950044197727651;1.7996277601582782
Fidelity (MSE);Tolerancja_0.1;730;80;0.09946617662223799;0.31538258769665456;1.1747060643750848;5.677891022094172
Fidelity (MSE);Tolerancja_1.0;730;6;0.9302350464779922;0.9644869343220738;3.353224251364338;17.363836555814157
Fidelity (MSE);Tolerancja_0.01;731;950;0.009983887047093052;0.09991940275588647;1.3067590380464917;1.9166705775619635
Fidelity (MSE);Tolerancja_0.1;731;98;0.09943384507488424;0.3153313258699241;1.78823957935459;6.048737860804331
Fidelity (MSE);Tolerancja_1.0;731;10;0.9581017220951719;0.9788267068767442;3.2092543703467458;18.7760164478365
Fidelity (MSE);Tolerancja_0.01;732;708;0.009980310475295616;0.09990150386903901;0.7015057082519016;1.7233370598399946
Fidelity (MSE);Tolerancja_0.1;732;70;0.0978264952633672;0.3127722738085446;1.0789641017719918;5.395434801975338
Fidelity (MSE);Tolerancja_1.0;732;6;0.9364904447241912;0.9677243640232436;2.895817665624625;16.69359514765218
Fidelity (MSE);Tolerancja_0.01;733;1024;0.009985628839193413;0.09992811836111702;0.3855182906304204;1.5496048790005632
Fidelity (MSE);Tolerancja_0.1;733;102;0.0990127814121325;0.31466296479270084;1.3013246425041904;4.879540148264042
Fidelity (MSE);Tolerancja_1.0;733;10;0.9641401190723181;0.9819063698094224;3.5007822878747605;15.226614153584105
Fidelity (MSE);Tolerancja_0.01;734;1403;0.009995937494714991;0.09997968541016215;0.37798406765544357;1.7563621760601702
Fidelity (MSE);Tolerancja_0.1;734;166;0.09966334372283363;0.315695016943305;1.1056248015035521;5.545874490954713
Fidelity (MSE);Tolerancja_1.0;734;13;0.9671875542175702;0.9834569407033387;2.9092608606930233;17.276575389780394
Fidelity (MSE);Tolerancja_0.01;735;604;0.009991499496554803;0.09995748844661316;0.4252716226830344;1.9219486485981891
Fidelity (MSE);Tolerancja_0.1;735;67;0.0999299268911936;0.3161169512873259;1.0333287303066583;6.0781894059908375
Fidelity (MSE);Tolerancja_1.0;735;10;0.933509501339334;0.9661829543825196;3.044958444677265;18.5774377921258
Fidelity (MSE);Tolerancja_0.01;736;1370;0.009985481948746147;0.09992738337786168;0.3821297523805156;1.7949758960650886
Fidelity (MSE);Tolerancja_0.1;736;160;0.09982624023425948;0.31595290825415656;1.1357562471354017;5.675399829727946
Fidelity (MSE);Tolerancja_1.0;736;16;0.9801125144615309;0.9900063204149411;3.5640293615735885;17.783288444342496
Fidelity (MSE);Tolerancja_0.01;737;1038;0.009998836557001655;0.09999418261579848;0.4020671334408945;1.703676464976499
Fidelity (MSE);Tolerancja_0.1;737;112;0.09877740536722612;0.3142887293035277;1.1832505017655217;5.354774621030731
Fidelity (MSE);Tolerancja_1.0;737;11;0.9767825555821465;0.9883231028272822;3.644672839909399;16.83880767893153
Fidelity (MSE);Tolerancja_0.01;738;641;0.009992227508678108;0.09996112998900177;0.7256151369491057;2.007406218546303
Fidelity (MSE);Tolerancja_0.1;738;60;0.09959080079053552;0.31558010201933756;1.0679178783292649;6.337437955261165
Fidelity (MSE);Tolerancja_1.0;738;6;0.9362295188374808;0.967589540475444;2.7418353859896696;19.431005439459042
Fidelity (MSE);Tolerancja_0.01;739;628;0.009981956718718182;0.09990974286183596;1.4899490442108998;1.9250591460485185
Fidelity (MSE);Tolerancja_0.1;739;60;0.09943684331160733;0.3153360799394946;1.746062771202112;6.075889972072897
Fidelity (MSE);Tolerancja_1.0;739;6;0.9747640529296796;0.9873013992341344;3.0961675859362057;19.02330577639967
Fidelity (MSE);Tolerancja_0.01;740;1169;0.00999728446435459;0.09998642139988104;0.639738076877483;1.7334082433010563
Fidelity (MSE);Tolerancja_0.1;740;116;0.09964782415977873;0.31567043599263256;1.1141015972961656;5.472600461693478
Fidelity (MSE);Tolerancja_1.0;740;14;0.9875066556926451;0.9937336945543535;3.3837121308871483;17.22780107208217
Fidelity (MSE);Tolerancja_0.01;741;1384;0.009988734808028053;0.09994365816813018;0.7890092490440948;1.6821696461177302
Fidelity (MSE);Tolerancja_0.1;741;166;0.09959077055297667;0.3155800541114357;1.4392612624437522;5.311584523486325
Fidelity (MSE);Tolerancja_1.0;741;14;0.9366429035611312;0.9678031326468887;3.574219018993535;16.28926820366661
Fidelity (MSE);Tolerancja_0.01;742;704;0.009979743840926805;0.09989866786362471;1.2006839023856761;1.644851494163612
Fidelity (MSE);Tolerancja_0.1;742;77;0.0998886523150899;0.3160516608326713;1.533970437447162;5.203853641603986
Fidelity (MSE);Tolerancja_1.0;742;7;0.9508731174976509;0.9751272314409289;3.0345301830138993;16.055664384082018
Fidelity (MSE);Tolerancja_0.01;743;742;0.009979781701518822;0.09989885735842438;0.49720093485904826;1.783598255121481
Fidelity (MSE);Tolerancja_0.1;743;82;0.09853769682185783;0.31390714681551585;1.057923792984738;5.604510943719038
Fidelity (MSE);Tolerancja_1.0;743;10;0.91429477310615;0.9561876244263727;3.4972812185973035;17.071812667252825
Fidelity (MSE);Tolerancja_0.01;744;722;0.009984827857052042;0.09992411048917094;0.736943803438419;1.6240432958050957
Fidelity (MSE);Tolerancja_0.1;744;76;0.09965712665836951;0.3156851701590835;1.316115843846685;5.13075754862498
Fidelity (MSE);Tolerancja_1.0;744;8;0.784781047162769;0.885878686481828;2.4418534189973986;14.397979973345407
Fidelity (MSE);Tolerancja_0.01;745;918;0.009983293627494064;0.09991643322043708;1.0660661435556462;2.0081863965224787
Fidelity (MSE);Tolerancja_0.1;745;92;0.09969072820896127;0.31573838570715673;1.4244569776014795;6.345918390003012
Fidelity (MSE);Tolerancja_1.0;745;11;0.994887223032958;0.9974403355754959;3.2927616282276393;20.047213943539976
Fidelity (MSE);Tolerancja_0.01;746;1351;0.009997673468020607;0.09998836666343043;0.3730489584107266;1.7456789119149267
Fidelity (MSE);Tolerancja_0.1;746;146;0.09927569044331601;0.31508045074760826;1.3027950852735826;5.500932926309279
Fidelity (MSE);Tolerancja_1.0;746;14;0.9976877903109634;0.9988432260925453;3.74467923909888;17.438624254840963
Fidelity (MSE);Tolerancja_0.01;747;1024;0.009990280972850865;0.0999513930510769;0.4642580909695049;1.7745763276872601
Fidelity (MSE);Tolerancja_0.1;747;112;0.09900836193565836;0.31465594215850806;1.3445724864373672;5.586525302706664
Fidelity (MSE);Tolerancja_1.0;747;8;0.9727808801838713;0.9862965477907095;3.602569618439958;17.511096667703743
Fidelity (MSE);Tolerancja_0.01;748;522;0.009989118099197048;0.09994557568595544;1.0011698361990709;1.8207902823173634
Fidelity (MSE);Tolerancja_0.1;748;56;0.09916106016284064;0.3148984918395778;1.3815174373853925;5.736763332671135
Fidelity (MSE);Tolerancja_1.0;748;6;0.8065215450324409;0.898065445851493;2.7489498402958015;16.360792616067638
Fidelity (MSE);Tolerancja_0.01;749;932;0.009998237639017023;0.09999118780681138;0.38709245223865096;1.9440704439053162
Fidelity (MSE);Tolerancja_0.1;749;103;0.09976649141895921;0.3158583407462263;1.04335801124485;6.141049808230039
Fidelity (MSE);Tolerancja_1.0;749;10;0.9815702623694768;0.9907422784808756;3.2426490070033465;19.26242525334694
Fidelity (MSE);Tolerancja_0.01;750;589;0.009995697365008898;0.09997848451046304;0.44876783340997406;1.7238971767419535
Fidelity (MSE);Tolerancja_0.1;750;68;0.099782809293242;0.31588417069116015;1.1333359130553187;5.446690182375944
Fidelity (MSE);Tolerancja_1.0;750;4;0.7769910192207811;0.8814709406558908;2.764523968291242;15.198922782408625
Fidelity (MSE);Tolerancja_0.01;751;714;0.009981992432489891;0.09990992159185139;0.38385751061678164;1.5427296331863656
Fidelity (MSE);Tolerancja_0.1;751;78;0.09849825749268022;0.31384432047223704;1.1737680875940737;4.846134654951503
Fidelity (MSE);Tolerancja_1.0;751;6;0.8584997315086733;0.9265526059046368;2.833118353230706;14.307089216570004
Fidelity (MSE);Tolerancja_0.01;752;885;0.009999247695680615;0.09999623840765519;0.4553675101931596;1.7505881401723655
Fidelity (MSE);Tolerancja_0.1;752;88;0.0991781833685788;0.3149256791190245;1.1532385481367582;5.513258975342489
Fidelity (MSE);Tolerancja_1.0;752;8;0.9078568489995534;0.9528152229050255;3.2762175234688238;16.680497742258414
Fidelity (MSE);Tolerancja_0.01;753;738;0.009979537970996528;0.09989763746453931;0.3487271409491859;1.6298277899064721
Fidelity (MSE);Tolerancja_0.1;753;87;0.09996561488658144;0.3161733937044378;1.1633297275602663;5.15836206508339
Fidelity (MSE);Tolerancja_1.0;753;8;0.9218635089333602;0.960137234427121;2.9014076289251483;15.664618168259933
Fidelity (MSE);Tolerancja_0.01;754;1041;0.009996430426472365;0.0999821505393456;0.37293379262584825;1.6958113420958758
Fidelity (MSE);Tolerancja_0.1;754;121;0.09970439981357165;0.31576003517476947;1.365784219883726;5.355650445018638
Fidelity (MSE);Tolerancja_1.0;754;13;0.9702928220151255;0.9850344268172181;2.775713386580061;16.707307697829414
Fidelity (MSE);Tolerancja_0.01;755;692;0.0099913487756265;0.09995673451862311;1.1742070734591463;1.9819985126001034
Fidelity (MSE);Tolerancja_0.1;755;68;0.09935910148984542;0.3152127876369317;1.6708575166003863;6.250216948939367
Fidelity (MSE);Tolerancja_1.0;755;6;0.8943749031526168;0.9457139647655716;3.675142382329538;18.752149923037813
Fidelity (MSE);Tolerancja_0.01;756;1118;0.009989644270377254;0.09994820793979878;0.40621342778162095;1.8184894864884393
Fidelity (MSE);Tolerancja_0.1;756;117;0.09959349636972178;0.3155843728224225;1.111420545101729;5.741842459279402
Fidelity (MSE);Tolerancja_1.0;756;8;0.926874331005585;0.9627431282567459;3.6752175147878634;17.516454702003216
Fidelity (MSE);Tolerancja_0.01;757;368;0.009972510688401243;0.09986245885417223;0.8705581534882612;1.6768211986836807
Fidelity (MSE);Tolerancja_0.1;757;40;0.09452831011711464;0.30745456593961107;1.2433248348748522;5.162563987659011
Fidelity (MSE);Tolerancja_1.0;757;4;0.8260460093697959;0.90887073303622;2.937753620992516;15.261127449743714
Fidelity (MSE);Tolerancja_0.01;758;1446;0.009993843225979637;0.09996921139020572;0.3724659616673973;1.6254714276308035
Fidelity (MSE);Tolerancja_0.1;758;166;0.09959745962103383;0.3155906519861351;1.1836731170004322;5.131415767886088
Fidelity (MSE);Tolerancja_1.0;758;12;0.9854024765596969;0.992674406116979;3.3489431706806476;16.140608309746167
Fidelity (MSE);Tolerancja_0.01;759;728;0.009980614788131874;0.09990302692176986;1.721646607815396;1.6547720694916799
Fidelity (MSE);Tolerancja_0.1;759;79;0.09978758225712978;0.31589172552811473;2.2897381359330935;5.232362026395701
Fidelity (MSE);Tolerancja_1.0;759;6;0.9014493067135086;0.9494468424896196;3.2624291889857764;15.72643156897708
Fidelity (MSE);Tolerancja_0.01;760;957;0.009998526481849518;0.09999263213782063;0.4043778112944634;1.606210521176246
Fidelity (MSE);Tolerancja_0.1;760;106;0.0994068377384851;0.31528849921696334;1.0439436579120196;5.064570197033647
Fidelity (MSE);Tolerancja_1.0;760;5;0.9568539331473704;0.9781891090925979;3.1905164889493003;15.71293409457392
Fidelity (MSE);Tolerancja_0.01;761;1056;0.009991006024332814;0.09995502000566461;0.6489953000021673;1.6444865118871794
Fidelity (MSE);Tolerancja_0.1;761;105;0.09993968285552293;0.3161323818521648;1.5554950568934611;5.201093830977076
Fidelity (MSE);Tolerancja_1.0;761;10;0.9489807651931598;0.9741564377414748;3.8560284592605907;16.027080203106667
Fidelity (MSE);Tolerancja_0.01;762;998;0.009983747637943435;0.0999187051454503;1.0333357186210135;1.7098552544192596
Fidelity (MSE);Tolerancja_0.1;762;87;0.09996669543490727;0.316175102490546;1.8524651883368293;5.410535089731638
Fidelity (MSE);Tolerancja_1.0;762;14;0.8949687919489079;0.9460279023099202;2.873017481149705;16.18886851302938
Fidelity (MSE);Tolerancja_0.01;763;1180;0.009996261463455764;0.09998130556987023;0.9627184501992163;1.655091620677595
Fidelity (MSE);Tolerancja_0.1;763;133;0.09994607341320298;0.31614248909819603;1.774580223524321;5.2334262056712335
Fidelity (MSE);Tolerancja_1.0;763;10;0.9944201781416229;0.9972061863735217;3.0034168659167957;16.507762063591723
Fidelity (MSE);Tolerancja_0.01;764;610;0.009978747436024327;0.09989368066111252;0.7675610723048507;1.7117044493380422
Fidelity (MSE);Tolerancja_0.1;764;63;0.09899337449447417;0.31463212565546156;1.2566782204149165;5.391304092760231
Fidelity (MSE);Tolerancja_1.0;764;10;0.9120179961620386;0.9549963330620901;2.6214153044246338;16.36411294073233
Fidelity (MSE);Tolerancja_0.01;765;1028;0.00999999915031189;0.09999999575155936;0.5324619906625738;1.7007692542607273
Fidelity (MSE);Tolerancja_0.1;765;107;0.0996706122194682;0.3157065286297833;1.1184087454305018;5.369439800746658
Fidelity (MSE);Tolerancja_1.0;765;9;0.967630427182944;0.98368207627411;2.852706535161099;16.730163023714667
Fidelity (MSE);Tolerancja_0.01;766;808;0.00999010057307978;0.09995049060950016;0.78296807010127;1.7386238160237508
Fidelity (MSE);Tolerancja_0.1;766;89;0.09953522615390803;0.31549203817831606;1.219895772544775;5.487936757466586
Fidelity (MSE);Tolerancja_1.0;766;6;0.9735808196349921;0.9867019912998007;2.6596167711443477;17.163533374680977
Fidelity (MSE);Tolerancja_0.01;767;743;0.009997138032749922;0.09998568913974601;0.3566147025943227;1.5318948916467563
Fidelity (MSE);Tolerancja_0.1;767;75;0.09961590658695438;0.31561987672983205;1.0869060930620886;4.835656792732058
Fidelity (MSE);Tolerancja_1.0;767;10;0.9740218444040462;0.9869254502767908;3.0582560114300676;15.120824477212091
Fidelity (MSE);Tolerancja_0.01;768;561;0.009998298388065935;0.09999149157836348;0.648953525780346;1.692150392765292
Fidelity (MSE);Tolerancja_0.1;768;67;0.09934033223034773;0.3151830138670987;1.2988600135515407;5.333824431353567
Fidelity (MSE);Tolerancja_1.0;768;7;0.9655086744361153;0.9826030095802248;3.544855515084987;16.628535511848682
Fidelity (MSE);Tolerancja_0.01;769;406;0.009993593886350934;0.0999679643003244;1.180339239915015;1.8931789196313058
Fidelity (MSE);Tolerancja_0.1;769;43;0.09928652432991837;0.31509764253310174;1.6388613232306484;5.967273802606113
Fidelity (MSE);Tolerancja_1.0;769;3;0.9710407140037219;0.9854139810271224;2.9964505715595893;18.6616281430516
Fidelity (MSE);Tolerancja_0.01;770;536;0.009989481180187698;0.0999473920629633;0.5823148459846008;1.7689168579573669
Fidelity (MSE);Tolerancja_0.1;770;60;0.0991682065916071;0.3149098388294769;1.0046770136038017;5.573425290488599
Fidelity (MSE);Tolerancja_1.0;770;8;0.7269050499144545;0.8525872682103894;2.387564683331117;15.089498189878656
Fidelity (MSE);Tolerancja_0.01;771;1385;0.009988244073630434;0.09994120308276479;0.5483983629119171;1.721243786365579
Fidelity (MSE);Tolerancja_0.1;771;153;0.09997174043490781;0.31618308056394767;1.176097104943457;5.4454834041163975
Fidelity (MSE);Tolerancja_1.0;771;12;0.9195726337189817;0.9589434987104202;2.9811377291738435;16.515465971167874
Fidelity (MSE);Tolerancja_0.01;772;774;0.009987632133900238;0.09993814153715407;0.8095130462118281;1.8020447302440807
Fidelity (MSE);Tolerancja_0.1;772;88;0.09876588624188672;0.31427040306380544;1.2244177832162273;5.666798631654254
Fidelity (MSE);Tolerancja_1.0;772;6;0.9318244445069;0.9653105430414091;3.4230761691155305;17.406094914123614
Fidelity (MSE);Tolerancja_0.01;773;1265;0.009997997707621496;0.09998998803691045;0.4780398523820546;1.7228712841570533
Fidelity (MSE);Tolerancja_0.1;773;148;0.0991005083092193;0.3148023321216336;1.5634345587833458;5.4241820490850055
Fidelity (MSE);Tolerancja_1.0;773;8;0.9573201828838391;0.9784274029706236;3.3950219787596456;16.858732652194995
Fidelity (MSE);Tolerancja_0.01;774;840;0.009998838557060704;0.09999419261667501;0.6556494876855243;1.7262645102128629
Fidelity (MSE);Tolerancja_0.1;774;80;0.09817798699678155;0.3133336671932679;1.3599377935563703;5.409282033048656
Fidelity (MSE);Tolerancja_1.0;774;6;0.9102802377864582;0.9540860746213929;3.4887564663309147;16.471005837518586
Fidelity (MSE);Tolerancja_0.01;775;1064;0.009992976508023863;0.09996487637177302;0.7439159169712148;1.6721787225486802
Fidelity (MSE);Tolerancja_0.1;775;126;0.09855961165062259;0.31394205142131343;1.2700705102259633;5.251516708204907
Fidelity (MSE);Tolerancja_1.0;775;10;0.9447504277125277;0.9719827301513786;2.7697228219255177;16.258999150854283
Fidelity (MSE);Tolerancja_0.01;776;992;0.00999533110593289;0.0999766528042067;0.3491322704229267;1.646264060515656
Fidelity (MSE);Tolerancja_0.1;776;97;0.09958110000386394;0.3155647318758292;1.086198930911463;5.196241945315235
Fidelity (MSE);Tolerancja_1.0;776;10;0.9485260473805458;0.9739230192271594;2.940424466748926;16.0370888531598
Fidelity (MSE);Tolerancja_0.01;777;840;0.009992940665102276;0.09996469709403553;0.7384014457728947;1.6882648696581528
Fidelity (MSE);Tolerancja_0.1;777;94;0.09970010551599255;0.3157532351631453;1.453350291800648;5.332633518665001
Fidelity (MSE);Tolerancja_1.0;777;8;0.9841979989294017;0.9920675374839163;3.7244723690282715;16.75464259434345
Fidelity (MSE);Tolerancja_0.01;778;738;0.009983195639780685;0.09991594287089867;0.7660893581803068;1.5683574278415535
Fidelity (MSE);Tolerancja_0.1;778;70;0.09912966570690843;0.3148486393601034;1.182488165730602;4.942106214463263
Fidelity (MSE);Tolerancja_1.0;778;9;0.9850838208598769;0.992513889504765;2.69721489809678;15.579260787760493
Fidelity (MSE);Tolerancja_0.01;779;941;0.009994499351203459;0.09997249297283457;0.38972530828286445;1.700591047768221
Fidelity (MSE);Tolerancja_0.1;779;92;0.09980089431493253;0.31591279542768214;1.0812799975486485;5.373862907727355
Fidelity (MSE);Tolerancja_1.0;779;8;0.8974674354476132;0.9473475790055165;2.7707236784705787;16.114940860977107
Fidelity (MSE);Tolerancja_0.01;780;978;0.009983466657607869;0.09991729909083746;1.102256694956723;2.0016776347659895
Fidelity (MSE);Tolerancja_0.1;780;122;0.09958309665676911;0.31556789547856273;1.5723933451284111;6.3218802387297
Fidelity (MSE);Tolerancja_1.0;780;8;0.9108687935754045;0.9543944643465848;2.7805220596017572;19.119712716516073
Fidelity (MSE);Tolerancja_0.01;781;662;0.009995656739832293;0.09997828134066064;1.6497972508746201;1.923801139659926
Fidelity (MSE);Tolerancja_0.1;781;72;0.09825297237078663;0.3134533017385311;2.2213554765797134;6.031528158201165
Fidelity (MSE);Tolerancja_1.0;781;8;0.9637842508046524;0.9817251401510773;3.7738521308710253;18.89054220706374
Fidelity (MSE);Tolerancja_0.01;782;1276;0.00998969203498009;0.09994844688628278;0.40018362960350906;1.5616074157008197
Fidelity (MSE);Tolerancja_0.1;782;157;0.09977306153026946;0.31586874098313283;1.3501851171980688;4.935173918895968
Fidelity (MSE);Tolerancja_1.0;782;15;0.9949807043528582;0.9974871950821516;3.181384184523938;15.584868494046397
Fidelity (MSE);Tolerancja_0.01;783;1022;0.009985025688752454;0.09992510039400739;0.7729182194430537;1.8716234671560656
Fidelity (MSE);Tolerancja_0.1;783;105;0.09974148489780642;0.31581875323958586;1.5252979655380807;5.9153684870015715
Fidelity (MSE);Tolerancja_1.0;783;7;0.9567481330625913;0.9781350280317086;3.292330006454451;18.320726877361146
Fidelity (MSE);Tolerancja_0.01;784;810;0.009984739563320974;0.09992366868425606;0.5100723865976295;1.8114494931297656
Fidelity (MSE);Tolerancja_0.1;784;84;0.09964310210600169;0.3156629564994944;1.0438606344923516;5.722443041574856
Fidelity (MSE);Tolerancja_1.0;784;10;0.9721047915604558;0.9859537471709593;3.264443088348067;17.873697384007574
Fidelity (MSE);Tolerancja_0.01;785;762;0.00999791731987517;0.09998958605712482;0.81853860087414;1.6222122983059921
Fidelity (MSE);Tolerancja_0.1;785;74;0.09863256736922603;0.31405822289700686;1.3451570011222982;5.095221729156728
Fidelity (MSE);Tolerancja_1.0;785;8;0.9703875357063091;0.9850825019795596;3.58669132034506;15.981793830452718
Fidelity (MSE);Tolerancja_0.01;786;1190;0.009990642070919247;0.0999531994031169;0.9087904241420786;1.805489490702015
Fidelity (MSE);Tolerancja_0.1;786;133;0.09999885621068454;0.31622595752196647;1.336987703515061;5.712099726697575
Fidelity (MSE);Tolerancja_1.0;786;12;0.962810791578748;0.9812292247883508;3.542442712063279;17.724285604706793
Fidelity (MSE);Tolerancja_0.01;787;548;0.0099790854728047;0.0998953726295903;0.6240023771959224;1.8244918220548894
Fidelity (MSE);Tolerancja_0.1;787;58;0.09907703070209928;0.31476504047002946;1.1821561378251282;5.748877321232737
Fidelity (MSE);Tolerancja_1.0;787;6;0.8690870053429602;0.9322483603326746;2.5314224332315964;17.026609589393754
Fidelity (MSE);Tolerancja_0.01;788;325;0.009985021009544763;0.0999250769804295;0.8148383105110968;1.7331243322877115
Fidelity (MSE);Tolerancja_0.1;788;30;0.09784936681441923;0.3128088342972737;1.0844673954274846;5.425430917419641
Fidelity (MSE);Tolerancja_1.0;788;4;0.824444369714377;0.9079891903070085;2.4721507712537187;15.748380754147407
Fidelity (MSE);Tolerancja_0.01;789;686;0.009984948064387154;0.09992471198050637;0.5990520275416591;1.6186347829198706
Fidelity (MSE);Tolerancja_0.1;789;74;0.09813880659489824;0.31327113910301124;1.126497321150901;5.074536140129024
Fidelity (MSE);Tolerancja_1.0;789;10;0.8977680183343986;0.9475062101824973;3.027613570202648;15.348220459551268
Fidelity (MSE);Tolerancja_0.01;790;451;0.009989821960138912;0.09994909684503864;0.9700589515764486;1.8616577166612434
Fidelity (MSE);Tolerancja_0.1;790;48;0.09699445273330798;0.31143932432065796;1.9425086399834064;5.800887048456576
Fidelity (MSE);Tolerancja_1.0;790;6;0.6754314665538536;0.8218463764925009;2.248912088752613;15.307758619164483
Fidelity (MSE);Tolerancja_0.01;791;526;0.009978413253896184;0.09989200795807532;0.4657554754448645;1.6003057683082962
Fidelity (MSE);Tolerancja_0.1;791;50;0.099258846437691;0.3150537199235886;1.1764086884914038;5.047273506928708
Fidelity (MSE);Tolerancja_1.0;791;5;0.9234731942092349;0.9609751267380623;2.930850388333524;15.395165939252662
Fidelity (MSE);Tolerancja_0.01;792;729;0.00999474792576754;0.09997373617989647;0.46320253318254245;1.8009805497322622
Fidelity (MSE);Tolerancja_0.1;792;80;0.09981474017832032;0.3159347087268512;1.2286932485843902;5.691417437661034
Fidelity (MSE);Tolerancja_1.0;792;6;0.9157526702610674;0.9569496696593126;3.8432329015921978;17.23900504256337
Fidelity (MSE);Tolerancja_0.01;793;586;0.009987595514412499;0.09993795832621606;0.5353556412215639;1.8565630014290786
Fidelity (MSE);Tolerancja_0.1;793;62;0.09769893057873716;0.31256828146620563;1.270643268388663;5.806629598097372
Fidelity (MSE);Tolerancja_1.0;793;9;0.9269052804509341;0.9627592016963193;2.8121327220310244;17.88532748808317
Fidelity (MSE);Tolerancja_0.01;794;612;0.009996952501224326;0.0999847613450386;0.9201880757715264;1.6589347473992624
Fidelity (MSE);Tolerancja_0.1;794;67;0.09989290671836457;0.316058391311423;1.776448643331853;5.244001590844926
Fidelity (MSE);Tolerancja_1.0;794;9;0.9280390672989947;0.9633478433561756;2.857999171471758;15.983747819937195
Fidelity (MSE);Tolerancja_0.01;795;1285;0.009997841359399653;0.09998920621446923;0.4256477426667722;1.8082372610762878
Fidelity (MSE);Tolerancja_0.1;795;149;0.09974232872705652;0.31582008917587323;1.1747269117101808;5.711393005954381
Fidelity (MSE);Tolerancja_1.0;795;17;0.9953917583682691;0.9976932185638374;2.74200812025851;18.04260800971532
Fidelity (MSE);Tolerancja_0.01;796;1017;0.009994710839550475;0.099973550699925;0.9118006601718793;1.635542178269772
Fidelity (MSE);Tolerancja_0.1;796;110;0.09879150165823919;0.3143111542058907;1.3579668423501863;5.142051534684307
Fidelity (MSE);Tolerancja_1.0;796;14;0.9374213978897525;0.9682052457458349;3.217713317277937;15.839594628307532
Fidelity (MSE);Tolerancja_0.01;797;1413;0.009995522557690466;0.09997761028195497;0.4130427275773787;1.654400403149585
Fidelity (MSE);Tolerancja_0.1;797;162;0.09929071989495268;0.3151043000261226;1.1238878811190238;5.214254266802338
Fidelity (MSE);Tolerancja_1.0;797;16;0.9199232652460836;0.9591263030727932;2.85432468551486;15.871342973691771
Fidelity (MSE);Tolerancja_0.01;798;1105;0.009997644890361635;0.09998822375840885;1.0090623228709283;1.8875861124876887
Fidelity (MSE);Tolerancja_0.1;798;118;0.09906861168722388;0.3147516666949102;1.5811476937362028;5.94190848285473
Fidelity (MSE);Tolerancja_1.0;798;14;0.9935914129430903;0.9967905562068143;3.1302043708584844;18.817496103351154
Fidelity (MSE);Tolerancja_0.01;799;505;0.009997888984111986;0.09998944436345261;1.2880321800778995;1.821852259829456
Fidelity (MSE);Tolerancja_0.1;799;62;0.09758172318402247;0.312380734335558;1.734346638148197;5.691716264646417
Fidelity (MSE);Tolerancja_1.0;799;5;0.8304595616293984;0.9112955402224892;2.4910286335474288;16.60421107344094
Fidelity (MSE);Tolerancja_0.01;800;1664;0.009999129049159125;0.09999564515097208;0.3756750799959816;1.802491048956361
Fidelity (MSE);Tolerancja_0.1;800;214;0.09941157235677286;0.3152960075179717;1.2019478599655722;5.683429818016398
Fidelity (MSE);Tolerancja_1.0;800;16;0.9536176820379846;0.9765335027729385;4.0075808021975226;17.60269554835821
Fidelity (MSE);Tolerancja_0.01;801;494;0.009997773827203158;0.09998886851646616;1.0011282962169563;1.9617855819652859
Fidelity (MSE);Tolerancja_0.1;801;53;0.09950607230016249;0.31544583100773815;1.519121321461058;6.189059765789116
Fidelity (MSE);Tolerancja_1.0;801;6;0.9027063937670097;0.9501086220885534;2.8138196490595586;18.641168999800016
Fidelity (MSE);Tolerancja_0.01;802;1332;0.009994032244948672;0.09997015677165197;0.9358286379410536;1.7588111084210851
Fidelity (MSE);Tolerancja_0.1;802;154;0.09946228943823872;0.315376424988043;1.6946287586197695;5.548531456943649
Fidelity (MSE);Tolerancja_1.0;802;10;0.9682702386760972;0.9840072350730441;3.234804301699782;17.311995016336205
Fidelity (MSE);Tolerancja_0.01;803;808;0.009996461448496906;0.09998230567703921;0.730746461531929;1.6373207577739186
Fidelity (MSE);Tolerancja_0.1;803;78;0.09884448333710115;0.3143954251211381;1.1881068234798509;5.148572562056953
Fidelity (MSE);Tolerancja_1.0;803;6;0.8771145141677829;0.9365439200420783;3.201169855684305;15.33694177652877
Fidelity (MSE);Tolerancja_0.01;804;462;0.00999414079652978;0.0999706996901081;2.635054172895167;1.4653010830187363
Fidelity (MSE);Tolerancja_0.1;804;46;0.09814994338226514;0.3132889135961647;2.886078298045714;4.591971305724959
Fidelity (MSE);Tolerancja_1.0;804;4;0.9427865056039878;0.9709719386285001;4.133647535606311;14.231832303499653
Fidelity (MSE);Tolerancja_0.01;805;1042;0.009988034537750712;0.09994015478150267;0.3739539513133785;1.7604025010143904
Fidelity (MSE);Tolerancja_0.1;805;108;0.09931783984093503;0.3151473303725339;1.3120788346222936;5.551183603715002
Fidelity (MSE);Tolerancja_1.0;805;12;0.946610777256509;0.9729392464365434;3.86220105510293;17.137903043141502
Fidelity (MSE);Tolerancja_0.01;806;493;0.00999727865594724;0.09998639235389603;0.3978711416825558;1.7389190302444328
Fidelity (MSE);Tolerancja_0.1;806;53;0.0998453434948492;0.3159831379913321;1.1353699159631718;5.495438718747507
Fidelity (MSE);Tolerancja_1.0;806;6;0.9028219105424885;0.9501694114959124;3.0446626293000696;16.52492536942717
Fidelity (MSE);Tolerancja_0.01;807;610;0.009993148111874274;0.09996573468881362;0.4321249006462047;1.769153897620524
Fidelity (MSE);Tolerancja_0.1;807;62;0.0990543087053223;0.3147289448165235;1.0550528518962663;5.569947954160887
Fidelity (MSE);Tolerancja_1.0;807;6;0.8474154078139545;0.9205516866607516;3.047657898818264;16.291558397352123
Fidelity (MSE);Tolerancja_0.01;808;734;0.009982973101025059;0.0999148292348291;1.2244249382418602;1.5321730839769407
Fidelity (MSE);Tolerancja_0.1;808;74;0.09967716833210288;0.31571691169796856;1.870798677581627;4.84145304520351
Fidelity (MSE);Tolerancja_1.0;808;3;0.9404209288118811;0.9697530246469361;3.102031974015219;14.870960535569031
Fidelity (MSE);Tolerancja_0.01;809;1215;0.009994881698250802;0.09997440521578911;0.6289828874392782;1.7078275839064856
Fidelity (MSE);Tolerancja_0.1;809;135;0.09971207448084729;0.31577218763033466;1.2449584223249275;5.394225162946103
Fidelity (MSE);Tolerancja_1.0;809;12;0.9433506877195361;0.9712624195960308;3.261321705225035;16.59173413252663
Fidelity (MSE);Tolerancja_0.01;810;1676;0.009996523311296275;0.09998261504529812;0.852513269634569;1.9397149006803929
Fidelity (MSE);Tolerancja_0.1;810;222;0.09973237855866078;0.31580433587691725;2.027377081194401;6.1267688959965785
Fidelity (MSE);Tolerancja_1.0;810;21;0.9999378032833037;0.9999689011580829;3.44154208812885;19.39991844496718
Fidelity (MSE);Tolerancja_0.01;811;1170;0.009988803427918178;0.0999440014604087;0.4968581493550852;1.6993924798942024
Fidelity (MSE);Tolerancja_0.1;811;134;0.0993243315466441;0.31515762968178973;1.0225141778409808;5.358765889263257
Fidelity (MSE);Tolerancja_1.0;811;12;0.9715471945712721;0.9856709362516844;3.109079878787364;16.75980301208905
Fidelity (MSE);Tolerancja_0.01;812;641;0.009994975255910199;0.09997487312275119;0.38859292451872474;1.4704852760822447
Fidelity (MSE);Tolerancja_0.1;812;76;0.09798802516060465;0.313030390155021;1.1640014651594122;4.6042226942770395
Fidelity (MSE);Tolerancja_1.0;812;7;0.9191808830128193;0.9587392153306442;2.809418368930845;14.101662304840948
Fidelity (MSE);Tolerancja_0.01;813;1262;0.009996390390694694;0.09998195032451955;0.3562460285212452;1.4466512997654495
Fidelity (MSE);Tolerancja_0.1;813;124;0.0991058893521451;0.31481087870679614;0.9738163962070487;4.555037838162699
Fidelity (MSE);Tolerancja_1.0;813;12;0.8950251888734343;0.9460577090608343;2.769245348794823;13.688626897392506
Fidelity (MSE);Tolerancja_0.01;814;1059;0.00999723332931774;0.09998616568964798;1.2053171327472105;2.0170563204417227
Fidelity (MSE);Tolerancja_0.1;814;106;0.09921050460193055;0.3149769905912661;1.660016669837861;6.354142348430955
Fidelity (MSE);Tolerancja_1.0;814;8;0.940369647101581;0.9697265836830405;3.7504884103057985;19.562637703195264
Fidelity (MSE);Tolerancja_0.01;815;1564;0.009992963206087837;0.09996480983870192;0.3694894022517863;1.627292421122619
Fidelity (MSE);Tolerancja_0.1;815;198;0.09942134096968923;0.31531149831506183;1.252466227488588;5.132846371926639
Fidelity (MSE);Tolerancja_1.0;815;18;0.9725092856828967;0.9861588541826802;3.6139109838264387;16.053337489700766
Fidelity (MSE);Tolerancja_0.01;816;652;0.009999262918717583;0.09999631452567431;0.45970049722719875;1.499912654704239
Fidelity (MSE);Tolerancja_0.1;816;72;0.09870475198857105;0.31417312423021015;1.1687323382400496;4.712496125843408
Fidelity (MSE);Tolerancja_1.0;816;8;0.9583096898231228;0.9789329342825905;3.024805941332759;14.683680125633202
Fidelity (MSE);Tolerancja_0.01;817;726;0.009986494517313135;0.09993244977139876;0.7387284045886817;1.497544544025842
Fidelity (MSE);Tolerancja_0.1;817;80;0.09974327410257744;0.3158215858717979;1.272522287737655;4.732765922278659
Fidelity (MSE);Tolerancja_1.0;817;6;0.8661282596430437;0.9306601203678192;3.0905211808292217;13.946470728851754
Fidelity (MSE);Tolerancja_0.01;818;1001;0.009999504882055608;0.09999752437963456;0.847363814669468;1.5779236959247471
Fidelity (MSE);Tolerancja_0.1;818;94;0.09898796359224903;0.31462352676214317;1.3733621561230636;4.964642087424583
Fidelity (MSE);Tolerancja_1.0;818;9;0.9970490888739314;0.9985234543434277;2.975454957408827;15.756328262322574
Fidelity (MSE);Tolerancja_0.01;819;518;0.009994200056279151;0.0999709960752575;0.8205578616850637;1.866840378600252
Fidelity (MSE);Tolerancja_0.1;819;47;0.0992183014890041;0.31498936726341115;1.1356354647657727;5.882054723096002
Fidelity (MSE);Tolerancja_1.0;819;6;0.9416512789216264;0.9703871799037879;2.7367381474997643;18.120835456682748
Fidelity (MSE);Tolerancja_0.01;820;952;0.009994690145648044;0.09997344720298508;1.0800956331826548;1.57659433748061
Fidelity (MSE);Tolerancja_0.1;820;94;0.09989425373439162;0.3160605222649479;2.0198071987929973;4.984315772290411
Fidelity (MSE);Tolerancja_1.0;820;8;0.999746814864491;0.9998733994183919;3.495511331831302;15.7681342778931
Fidelity (MSE);Tolerancja_0.01;821;1606;0.009995603434168717;0.09997801475408839;0.7428569673324632;2.094117570389528
Fidelity (MSE);Tolerancja_0.1;821;190;0.09964087884038775;0.3156594348984167;1.6420714029981158;6.611733294623878
Fidelity (MSE);Tolerancja_1.0;821;14;0.9644779078747991;0.9820783613718403;3.3701590086659827;20.570397973060643
Fidelity (MSE);Tolerancja_0.01;822;1246;0.00999432958859355;0.09997164392263214;0.42244675177583746;1.6956941128770386
Fidelity (MSE);Tolerancja_0.1;822;143;0.09978401766204581;0.31588608336241375;1.1966061322982418;5.357981032221157
Fidelity (MSE);Tolerancja_1.0;822;13;0.9714366384242072;0.9856148529847789;2.9650984290377638;16.717753536831648
Fidelity (MSE);Tolerancja_0.01;823;602;0.009988076089519845;0.09994036266454032;0.5448667232972566;1.8186808774436771
Fidelity (MSE);Tolerancja_0.1;823;63;0.09930641051160646;0.31512919653946136;1.2832575473131351;5.734614407936865
Fidelity (MSE);Tolerancja_1.0;823;5;0.9286260328162214;0.9636524439943176;2.9908827856644447;17.53622085880381
Fidelity (MSE);Tolerancja_0.01;824;612;0.00998616573394114;0.0999308047297786;1.7516494642445632;1.7074168062289004
Fidelity (MSE);Tolerancja_0.1;824;60;0.09967533997838564;0.3157140161259643;2.083930827584491;5.394286762256596
Fidelity (MSE);Tolerancja_1.0;824;7;0.922903638200088;0.9606787382887622;3.3429453955734507;16.41414804550471
Fidelity (MSE);Tolerancja_0.01;825;1140;0.009995006842047394;0.09997503109300539;0.36994798893324443;1.8310092424886613
Fidelity (MSE);Tolerancja_0.1;825;132;0.09948072498805755;0.31540565148401756;1.116604913433041;5.77654897114404
Fidelity (MSE);Tolerancja_1.0;825;8;0.9237216091512542;0.9611043695412347;3.0929778201488616;17.602304939411617
Fidelity (MSE);Tolerancja_0.01;826;838;0.009986541265938745;0.09993268367225382;0.4147580471446002;1.55601022348529
Fidelity (MSE);Tolerancja_0.1;826;80;0.09954552438840136;0.3155083586664565;1.2822452056147275;4.912649331926
Fidelity (MSE);Tolerancja_1.0;826;8;0.9970681446250079;0.9985329962625211;3.356436774762228;15.547741675462198
Fidelity (MSE);Tolerancja_0.01;827;1294;0.009999021067047732;0.09999510521544408;0.3630015118614933;1.8422488964068413
Fidelity (MSE);Tolerancja_0.1;827;146;0.09918909640815365;0.31494300501543715;1.1046494437087917;5.802318045174994
Fidelity (MSE);Tolerancja_1.0;827;10;0.8926333811178422;0.9447927715207405;3.5507820166619384;17.406286406891255
Fidelity (MSE);Tolerancja_0.01;828;886;0.009992951240298151;0.09996474998867426;0.4133441644636626;1.8146823490054291
Fidelity (MSE);Tolerancja_0.1;828;98;0.09975127435792695;0.31583425140083676;1.1051454356498418;5.733409439761284
Fidelity (MSE);Tolerancja_1.0;828;8;0.9867057511889172;0.9933306353822564;3.542682019264138;18.03215204318278
Fidelity (MSE);Tolerancja_0.01;829;984;0.009997276408615143;0.09998638111570567;0.37157973198361605;1.7160990670565794
Fidelity (MSE);Tolerancja_0.1;829;100;0.09864503953982598;0.3140780787317478;1.1802589489880413;5.390625121942852
Fidelity (MSE);Tolerancja_1.0;829;8;0.9569340495760614;0.9782300596363115;2.8546759780295874;16.789683494654284
Fidelity (MSE);Tolerancja_0.01;830;1204;0.009993543122791706;0.09996771040086747;0.3955481435972086;1.7962812793925895
Fidelity (MSE);Tolerancja_0.1;830;129;0.09979736614755809;0.3159072112940097;1.4019637667919316;5.676414988370332
Fidelity (MSE);Tolerancja_1.0;830;14;0.9681300307620011;0.9839359891588483;3.5203552835148786;17.679966764861827
Fidelity (MSE);Tolerancja_0.01;831;960;0.009994570058182;0.09997284660437553;0.42085047829654343;1.7766124825449494
Fidelity (MSE);Tolerancja_0.1;831;104;0.0997071445089686;0.3157643813177297;1.243937337293282;5.611433108553786
Fidelity (MSE);Tolerancja_1.0;831;8;0.9267264478571862;0.9626663221787631;2.8321073873830054;17.10749531096751
Fidelity (MSE);Tolerancja_0.01;832;734;0.009985396942839444;0.09992695803855656;1.0104083265665569;1.9653271371209184
Fidelity (MSE);Tolerancja_0.1;832;78;0.09813075244639347;0.3132582839230169;1.3788528354113918;6.161050215141
Fidelity (MSE);Tolerancja_1.0;832;8;0.9342500317669564;0.9665661031543349;3.0017453243384495;19.010071252418875
Fidelity (MSE);Tolerancja_0.01;833;676;0.009997505579218208;0.09998752711822714;0.3553346775941888;1.6742571700132935
Fidelity (MSE);Tolerancja_0.1;833;75;0.09967083461514312;0.3157068808485857;1.3768657424257835;5.2864044558105805
Fidelity (MSE);Tolerancja_1.0;833;9;0.9431065593496644;0.9711367356606712;2.8501332951645266;16.261354686976603
Fidelity (MSE);Tolerancja_0.01;834;1648;0.009999610205657572;0.09999805100929503;0.38624354702192054;1.6661439646880267
Fidelity (MSE);Tolerancja_0.1;834;182;0.09955940518882701;0.3155303554158094;1.2812008245728652;5.257292437660131
Fidelity (MSE);Tolerancja_1.0;834;14;0.9573191906331103;0.9784268959064394;3.1310459033642344;16.30231840569996
Fidelity (MSE);Tolerancja_0.01;835;1216;0.009987379647310753;0.09993687831481807;0.38977390737368545;1.8512304254752772
Fidelity (MSE);Tolerancja_0.1;835;128;0.09920264227079256;0.3149645095416189;1.1169918645047536;5.834401602695335
Fidelity (MSE);Tolerancja_1.0;835;10;0.9283024372454692;0.9634845288044169;2.7516308885202916;17.847584438036034
Fidelity (MSE);Tolerancja_0.01;836;1115;0.009995003695698279;0.09997501535732956;0.41689708757769317;1.4834152484832623
Fidelity (MSE);Tolerancja_0.1;836;118;0.09862814758542256;0.3140511862506215;1.1287761532233667;4.659847431113942
Fidelity (MSE);Tolerancja_1.0;836;10;0.9654426619015049;0.9825694183626441;3.1955457544947103;14.579227146731489
Fidelity (MSE);Tolerancja_0.01;837;937;0.009997747395577662;0.09998873634353853;1.405420015744693;1.9330286023625232
Fidelity (MSE);Tolerancja_0.1;837;108;0.09873453564424822;0.3142205207242968;1.881590755575746;6.0746567685627415
Fidelity (MSE);Tolerancja_1.0;837;10;0.9355371284710089;0.9672316829338299;2.528174393248456;18.69897127010902
Fidelity (MSE);Tolerancja_0.01;838;1303;0.009998786389884074;0.09999393176530301;0.6944411486952431;1.6296754783970298
Fidelity (MSE);Tolerancja_0.1;838;144;0.09961845486796592;0.3156239136503537;1.3331865890480783;5.143957672141089
Fidelity (MSE);Tolerancja_1.0;838;10;0.9874746308192549;0.9937175810154789;3.32951977267418;16.195354514451346
Fidelity (MSE);Tolerancja_0.01;839;592;0.009984782693536455;0.09992388449983546;1.0934738974950506;1.568068665590552
Fidelity (MSE);Tolerancja_0.1;839;60;0.09860239020986268;0.3140101753285436;1.4843773378436;4.927645868391911
Fidelity (MSE);Tolerancja_1.0;839;6;0.9578556626570648;0.9787010077940376;3.1618456551885137;15.358393951410607
Fidelity (MSE);Tolerancja_0.01;840;1225;0.009995299809106578;0.09997649628340942;0.740379481525884;1.6332401730659394
Fidelity (MSE);Tolerancja_0.1;840;134;0.09947196736212645;0.3153917680633508;1.2446684604528881;5.152316044314502
Fidelity (MSE);Tolerancja_1.0;840;14;0.9622174314118124;0.9809268226589649;3.3935482273842252;16.024657326088033
Fidelity (MSE);Tolerancja_0.01;841;575;0.009996985783440647;0.09998492778134437;0.4066018005494638;2.31608069020801
Fidelity (MSE);Tolerancja_0.1;841;56;0.0984597362577081;0.31378294449779787;1.1697246035873032;7.268561720195203
Fidelity (MSE);Tolerancja_1.0;841;6;0.7849361763381236;0.8859662388252295;3.6104033591539846;20.522786218406395
Fidelity (MSE);Tolerancja_0.01;842;1430;0.009988051301042022;0.09994023864811422;0.42044388979574965;1.7345602688782393
Fidelity (MSE);Tolerancja_0.1;842;165;0.09982597655699911;0.3159524909808421;1.1658612343000265;5.483663488518395
Fidelity (MSE);Tolerancja_1.0;842;16;0.9591839329844697;0.9793793611182899;2.980005616853786;16.998083564083963
Fidelity (MSE);Tolerancja_0.01;843;830;0.00999379340913731;0.09996896222897039;1.1513469061068413;1.8592888912756056
Fidelity (MSE);Tolerancja_0.1;843;92;0.0985158841025617;0.3138724009889396;1.68072711515667;5.837606547321146
Fidelity (MSE);Tolerancja_1.0;843;8;0.9418285690925288;0.9704785258276089;3.088197558911401;18.049601616949616
Fidelity (MSE);Tolerancja_0.01;844;592;0.00999772131228356;0.09998860591229163;0.5616956884593325;1.8139406851072772
Fidelity (MSE);Tolerancja_0.1;844;66;0.09877680027895379;0.314287766670855;1.1584820291623608;5.701643318198162
Fidelity (MSE);Tolerancja_1.0;844;8;0.9199911253391773;0.9591616784146337;2.7653820696120555;17.400606561094225
Fidelity (MSE);Tolerancja_0.01;845;1056;0.009996146561112614;0.09998073094908146;0.4908071736934021;1.576747522149766
Fidelity (MSE);Tolerancja_0.1;845;114;0.09894100188198358;0.3145488863149631;1.232826229986065;4.960597631004247
Fidelity (MSE);Tolerancja_1.0;845;9;0.9507330415116793;0.9750554043292511;2.9410688979379733;15.377124953385923
Fidelity (MSE);Tolerancja_0.01;846;898;0.009992602018895678;0.0999630032506811;0.5539305270514818;1.9021258998264134
Fidelity (MSE);Tolerancja_0.1;846;86;0.0995877736842943;0.3155753058848146;1.1800462496420612;6.004861230147752
Fidelity (MSE);Tolerancja_1.0;846;7;0.9953432738066021;0.9976689199361691;3.0495117152169113;18.983942362190902
Fidelity (MSE);Tolerancja_0.01;847;625;0.00999491182347516;0.09997455588035968;1.1234907885326795;1.8139677411858215
Fidelity (MSE);Tolerancja_0.1;847;68;0.0987142379554471;0.3141882205867163;1.4331046388067872;5.7007234669480775
Fidelity (MSE);Tolerancja_1.0;847;6;0.9971988677335406;0.9985984516979488;3.0373428419625794;18.118863963206135
Fidelity (MSE);Tolerancja_0.01;848;834;0.009984236199099522;0.0999211499088132;0.6781918410410235;1.4628905328863535
Fidelity (MSE);Tolerancja_0.1;848;90;0.09905382876621223;0.3147281823513939;1.2331269100004754;4.607762008489204
Fidelity (MSE);Tolerancja_1.0;848;8;0.9392773513356991;0.9691632222364297;2.953411220308399;14.188985053966594
Fidelity (MSE);Tolerancja_0.01;849;1468;0.009988111971180018;0.09994054217973813;0.3471632966005167;1.6216940523222885
Fidelity (MSE);Tolerancja_0.1;849;182;0.09966624310123157;0.31569960896591487;1.2023712793351207;5.122727644000038
Fidelity (MSE);Tolerancja_1.0;849;16;0.9685360017053255;0.984142267004789;3.3323986614584102;15.96927159120623
Fidelity (MSE);Tolerancja_0.01;850;424;0.009987117810243485;0.09993556829399373;1.073294823106858;1.4977446185119412
Fidelity (MSE);Tolerancja_0.1;850;37;0.09993534376042842;0.316125518995902;1.3066889848244863;4.737805597477783
Fidelity (MSE);Tolerancja_1.0;850;5;0.9701609018714684;0.9849674623415072;2.9470465005390856;14.761808446332905
Fidelity (MSE);Tolerancja_0.01;851;1065;0.009998262009031669;0.09999130966754895;0.4216141169940597;1.7026615891012045
Fidelity (MSE);Tolerancja_0.1;851;101;0.09951959770582218;0.3154672688343787;1.1630463745720698;5.371806840502669
Fidelity (MSE);Tolerancja_1.0;851;12;0.9283744214934574;0.9635218842836198;3.7536401568205724;16.40694284415956
Fidelity (MSE);Tolerancja_0.01;852;1178;0.009993236019951621;0.09996617437889489;2.247541597208914;1.7131403415003545
Fidelity (MSE);Tolerancja_0.1;852;130;0.09939346625570897;0.3152672933491658;3.637451718420518;5.402798716143618
Fidelity (MSE);Tolerancja_1.0;852;14;0.951134643253496;0.9752613204949204;4.561409692599702;16.71324847655158
Fidelity (MSE);Tolerancja_0.01;853;534;0.009981243723197702;0.09990617459996005;0.989888621962181;1.8155108196511867
Fidelity (MSE);Tolerancja_0.1;853;64;0.0973601370995487;0.31202585966478597;1.4175067837331028;5.670183314501647
Fidelity (MSE);Tolerancja_1.0;853;5;0.928394101290643;0.9635320966582499;2.9612845066670737;17.50945778445355
Fidelity (MSE);Tolerancja_0.01;854;1154;0.009990520632080061;0.09995259192277137;0.447905540916099;1.7604117362878728
Fidelity (MSE);Tolerancja_0.1;854;112;0.09956862084925572;0.31554495852295866;1.1511249149075429;5.55752519894118
Fidelity (MSE);Tolerancja_1.0;854;11;0.9835517647823188;0.9917417833197907;3.44482423171112;17.467019525338355
Fidelity (MSE);Tolerancja_0.01;855;1192;0.00998962500162059;0.09994811154604467;0.38289156544746206;1.901310534345157
Fidelity (MSE);Tolerancja_0.1;855;134;0.09993294815646914;0.3161217299656402;1.264815694637682;6.013576104859107
Fidelity (MSE);Tolerancja_1.0;855;12;0.9439030675638934;0.9715467397731791;3.1056922391399553;18.481710383176715
Fidelity (MSE);Tolerancja_0.01;856;861;0.00999428010698002;0.09997139644408304;0.4404805008696373;1.8035686091555376
Fidelity (MSE);Tolerancja_0.1;856;96;0.09981517792386775;0.315935401504592;1.3418763677547165;5.699742055652344
Fidelity (MSE);Tolerancja_1.0;856;12;0.9153621075779625;0.9567455814258891;3.7114197577225916;17.26050009287558
Fidelity (MSE);Tolerancja_0.01;857;1044;0.009997901303147406;0.09998950596511319;0.4066421003836469;1.648866070443134
Fidelity (MSE);Tolerancja_0.1;857;113;0.09980689300669532;0.31592228950597223;1.1609145492323503;5.2096821464930505
Fidelity (MSE);Tolerancja_1.0;857;8;0.9581989876090112;0.9788763903624458;3.1079746532054178;16.142054625108656
Fidelity (MSE);Tolerancja_0.01;858;700;0.009999132401675413;0.09999566191428212;1.1116502699767152;2.2926751421863765
Fidelity (MSE);Tolerancja_0.1;858;74;0.09849665821175566;0.31384177257298884;1.5572293569507005;7.195684460537903
Fidelity (MSE);Tolerancja_1.0;858;8;0.9514514731890771;0.9754237403247252;3.135177312418353;22.36426780651719
Fidelity (MSE);Tolerancja_0.01;859;1084;0.009987626096808045;0.09993811133300472;1.1386761818969902;1.511673547165081
Fidelity (MSE);Tolerancja_0.1;859;123;0.09992981874272319;0.31611678022959044;2.0648004712198107;4.781613021440536
Fidelity (MSE);Tolerancja_1.0;859;10;0.8928914621179219;0.9449293423944046;3.081341996369213;14.293092712929603
Fidelity (MSE);Tolerancja_0.01;860;890;0.009987408104235894;0.09993702068921154;0.8784313901690965;1.7424173340713869
Fidelity (MSE);Tolerancja_0.1;860;96;0.09939526903154598;0.31527015245903944;1.2867530763213755;5.496783622040287
Fidelity (MSE);Tolerancja_1.0;860;8;0.9632015547414492;0.9814283237921398;2.785262360988961;17.11135384796052
Fidelity (MSE);Tolerancja_0.01;861;462;0.009991809064085536;0.09995903693056239;1.3999026773397434;1.563124539964445
Fidelity (MSE);Tolerancja_0.1;861;48;0.0974842021405707;0.3122246020744853;1.620713170242718;4.882459380058733
Fidelity (MSE);Tolerancja_1.0;861;6;0.9724932554664371;0.9861507265456113;2.9922417918420736;15.421080955772059
Fidelity (MSE);Tolerancja_0.01;862;1269;0.009998998247827927;0.09999499111369492;0.4053023004026928;1.781408737114988
Fidelity (MSE);Tolerancja_0.1;862;146;0.0993602116042017;0.31521454852877856;1.0702369687641964;5.615540784202522
Fidelity (MSE);Tolerancja_1.0;862;14;0.9882239715160962;0.99409454857981;3.3185768001994753;17.7097742060394
Fidelity (MSE);Tolerancja_0.01;863;640;0.009981552855843586;0.09990772170279726;1.472110536791046;1.9337093342261347
Fidelity (MSE);Tolerancja_0.1;863;62;0.09887228703364263;0.31443963973017564;1.912899251825599;6.085964688552392
Fidelity (MSE);Tolerancja_1.0;863;6;0.8844209952149031;0.940436598189853;2.980531331576149;18.202106875956073
Fidelity (MSE);Tolerancja_0.01;864;1425;0.009998989896174027;0.09999494935332498;0.38795692351206945;1.7864218240971077
Fidelity (MSE);Tolerancja_0.1;864;157;0.09977286963105463;0.3158684372188121;1.1805702065335568;5.6430277073026
Fidelity (MSE);Tolerancja_1.0;864;14;0.9017146242863812;0.9495865543942696;3.157743584675792;16.96447826224827
Fidelity (MSE);Tolerancja_0.01;865;1133;0.009999735478092608;0.09999867738171644;0.38052942723471705;1.8609073617688752
Fidelity (MSE);Tolerancja_0.1;865;126;0.09982418792807358;0.3159496604335469;1.1023935343445501;5.879608255265422
Fidelity (MSE);Tolerancja_1.0;865;10;0.9573120776681359;0.9784232610011558;3.0287971063647237;18.20779131280654
Fidelity (MSE);Tolerancja_0.01;866;728;0.009984368601491834;0.09992181244098725;0.5320780120130593;1.7489786766481774
Fidelity (MSE);Tolerancja_0.1;866;81;0.0996393074464525;0.31565694582323467;1.3573986436125534;5.525092608851319
Fidelity (MSE);Tolerancja_1.0;866;7;0.932096936237055;0.9654516747290125;2.804972820051372;16.898756649681037
Fidelity (MSE);Tolerancja_0.01;867;684;0.009994683668473676;0.09997341480850634;1.072562592412103;1.9338179958747648
Fidelity (MSE);Tolerancja_0.1;867;69;0.09992859877781828;0.31611485061258715;1.3280600458637926;6.11471147653416
Fidelity (MSE);Tolerancja_1.0;867;5;0.9781371473912354;0.9890081634603606;2.990379555274031;19.130703779900934
Fidelity (MSE);Tolerancja_0.01;868;273;0.009986281139838423;0.09993138215715033;1.3247692320282818;1.4597505452974973
Fidelity (MSE);Tolerancja_0.1;868;32;0.09504607656635859;0.3082954371481333;1.6329875980800672;4.503434484494587
Fidelity (MSE);Tolerancja_1.0;868;4;0.7719497046183879;0.8786066836863853;3.1306987408207414;12.834272457037734
Fidelity (MSE);Tolerancja_0.01;869;1161;0.009998076879711566;0.09999038393621441;0.37473776090532684;1.775474980424514
Fidelity (MSE);Tolerancja_0.1;869;128;0.09994296651976166;0.3161375753050587;1.305487196144992;5.613483349401497
Fidelity (MSE);Tolerancja_1.0;869;10;0.9838926265614395;0.9919136184978203;3.4778799607949074;17.612871788837953
Fidelity (MSE);Tolerancja_0.01;870;933;0.009998211253836998;0.09999105586919761;0.33985727082387474;1.9036449677968401
Fidelity (MSE);Tolerancja_0.1;870;92;0.09996211248368149;0.3161678549183669;1.303776866003072;6.019251829701679
Fidelity (MSE);Tolerancja_1.0;870;10;0.8497452901233561;0.9218162995539599;2.816827654363223;17.54967926505887
Fidelity (MSE);Tolerancja_0.01;871;514;0.009994829381013478;0.09997414356229054;0.4211856943372281;1.7116355032018953
Fidelity (MSE);Tolerancja_0.1;871;60;0.09896375613587186;0.3145850538977843;1.2623710526616163;5.385942083041064
Fidelity (MSE);Tolerancja_1.0;871;7;0.9408109889952005;0.9699541169535807;2.7446422307906655;16.60637284699691
Fidelity (MSE);Tolerancja_0.01;872;984;0.009985627148766659;0.09992810990290299;0.7015612151915702;1.782160748282025
Fidelity (MSE);Tolerancja_0.1;872;112;0.09928585755838423;0.3150965844917781;1.2385483944386189;5.619567560565497
Fidelity (MSE);Tolerancja_1.0;872;8;0.996196325282937;0.998096350701142;3.00535472890473;17.800478173273554
Fidelity (MSE);Tolerancja_0.01;873;746;0.009988254044054309;0.09994125296420046;0.9104791509860122;1.8863625115793734
Fidelity (MSE);Tolerancja_0.1;873;75;0.09973859264694318;0.31581417423374647;1.718755369825295;5.960902042256097
Fidelity (MSE);Tolerancja_1.0;873;7;0.9541309580117738;0.9767962725214372;3.414745022572231;18.436749743321062
Fidelity (MSE);Tolerancja_0.01;874;508;0.009973680099981442;0.09986831379362246;0.9952468027346271;1.6536771085506392
Fidelity (MSE);Tolerancja_0.1;874;56;0.09739799275832581;0.3120865148613855;1.2812072081915478;5.167708414303672
Fidelity (MSE);Tolerancja_1.0;874;7;0.9787390907307436;0.9893124333246518;3.128232144361523;16.381605556836604
Fidelity (MSE);Tolerancja_0.01;875;642;0.009999575704073217;0.09999787849786222;1.6096151148676876;1.5731563176804735
Fidelity (MSE);Tolerancja_0.1;875;70;0.0993266742146926;0.315161346320726;1.9100121913710568;4.958085816427927
Fidelity (MSE);Tolerancja_1.0;875;7;0.9685762675900789;0.984162724141734;2.556486535438355;15.482746537890726
Fidelity (MSE);Tolerancja_0.01;876;806;0.009997673292904286;0.09998836578774696;0.35817684448192466;1.8025468275020946
Fidelity (MSE);Tolerancja_0.1;876;79;0.09987065224091471;0.3160231830750945;1.1782842990253823;5.697128676733833
Fidelity (MSE);Tolerancja_1.0;876;6;0.9946426772250659;0.9973177413568185;3.1149307137805065;17.979211046517452
Fidelity (MSE);Tolerancja_0.01;877;301;0.00999120617425527;0.09995602120060237;0.516831629342211;1.6519705579599488
Fidelity (MSE);Tolerancja_0.1;877;36;0.09688402938461212;0.3112619947642373;1.2194700662786726;5.144218877324672
Fidelity (MSE);Tolerancja_1.0;877;6;0.8289647879131488;0.910475034206402;2.7551404706991915;15.047397167280296
Fidelity (MSE);Tolerancja_0.01;878;459;0.00999468980466061;0.09997344549759506;0.42676421556930144;1.7789425502703766
Fidelity (MSE);Tolerancja_0.1;878;40;0.09816894361174172;0.31331923594273897;1.0843016146545281;5.575249686179417
Fidelity (MSE);Tolerancja_1.0;878;3;0.9837308719827866;0.9918320785207477;3.421553774340927;17.648809425560028
Fidelity (MSE);Tolerancja_0.01;879;362;0.00998279049866975;0.0999139154405919;0.9555318594851743;1.7563346167879947
Fidelity (MSE);Tolerancja_0.1;879;38;0.09856282809281237;0.3139471740481388;1.542778565679395;5.5187136565713715
Fidelity (MSE);Tolerancja_1.0;879;6;0.8878734855335739;0.9422703887598155;2.6234471617256405;16.563679792302423
Fidelity (MSE);Tolerancja_0.01;880;530;0.009981548794076403;0.09990770137520132;1.2739015622188807;1.784981050946426
Fidelity (MSE);Tolerancja_0.1;880;49;0.09936888428105678;0.3152283050125048;1.4883983285805575;5.631963736771015
Fidelity (MSE);Tolerancja_1.0;880;6;0.8974920344518666;0.9473605620099808;3.074005440758933;16.92582882325737
Fidelity (MSE);Tolerancja_0.01;881;624;0.00998943178578057;0.09994714496062691;0.37725305768510564;1.765459512138818
Fidelity (MSE);Tolerancja_0.1;881;62;0.09964969143732227;0.3156733936164438;1.1169612428974975;5.576033169420072
Fidelity (MSE);Tolerancja_1.0;881;10;0.9201808126323086;0.9592605551320812;2.760429829142728;16.94431263989227
Fidelity (MSE);Tolerancja_0.01;882;1098;0.009987684299584404;0.09993840252667842;1.235989233006257;1.7401355862316632
Fidelity (MSE);Tolerancja_0.1;882;128;0.09983692545906075;0.3159698173228904;1.6832405312932837;5.501692136332707
Fidelity (MSE);Tolerancja_1.0;882;11;0.9810020878112237;0.9904554951188992;4.025336450900709;17.24589156980976
Fidelity (MSE);Tolerancja_0.01;883;906;0.009982533430184345;0.09991262898244818;0.6458501583659921;2.0020683442646825
Fidelity (MSE);Tolerancja_0.1;883;101;0.09996583611708722;0.31617374356054173;1.3577913474898757;6.335549867088579
Fidelity (MSE);Tolerancja_1.0;883;6;0.9324513467142973;0.965635203746372;2.9477266043893655;19.349582662546176
Fidelity (MSE);Tolerancja_0.01;884;1549;0.00999664857594988;0.09998324147550869;0.7148136685959541;1.9007857362976193
Fidelity (MSE);Tolerancja_0.1;884;184;0.09978167121364982;0.3158823692668678;1.221012600786752;6.005253410367139
Fidelity (MSE);Tolerancja_1.0;884;17;0.992459091016469;0.9962224104167046;2.8949589501740163;18.9392274140657
Fidelity (MSE);Tolerancja_0.01;885;871;0.009998045939465005;0.09999022921998431;1.5384362351171585;1.6209279173917683
Fidelity (MSE);Tolerancja_0.1;885;94;0.09947427010007018;0.3153954186415367;2.048005526627432;5.112831954498155
Fidelity (MSE);Tolerancja_1.0;885;10;0.9507425094044738;0.9750602593709139;3.338191764380934;15.80656838056022
Fidelity (MSE);Tolerancja_0.01;886;1094;0.00999279521277923;0.09996396957293778;0.3843943150506277;2.000342312408195
Fidelity (MSE);Tolerancja_0.1;886;112;0.09969917324310686;0.31575175889154894;1.066352340818307;6.318392579110481
Fidelity (MSE);Tolerancja_1.0;886;10;0.9190625700184395;0.9586775109589457;3.2711013359119754;19.183743876098582
Fidelity (MSE);Tolerancja_0.01;887;812;0.00998982086022848;0.09994909134268545;1.1364916561856404;1.8253309826133015
Fidelity (MSE);Tolerancja_0.1;887;91;0.09973239176923714;0.3158043567926781;1.85578250179912;5.767410880420443
Fidelity (MSE);Tolerancja_1.0;887;11;0.9625013424944445;0.9810715277157138;3.9431376683731623;17.916923822342593
Fidelity (MSE);Tolerancja_0.01;888;1524;0.009996925271298482;0.09998462517456612;0.7372126359407307;1.5556630223321157
Fidelity (MSE);Tolerancja_0.1;888;168;0.0993204439106854;0.31515146185712894;1.3230309368513242;4.903448653121114
Fidelity (MSE);Tolerancja_1.0;888;16;0.9766908248075797;0.9882766944573669;3.528689487755776;15.376619222362473
Fidelity (MSE);Tolerancja_0.01;889;788;0.009986296148521399;0.09993145725206552;1.1899003277486173;1.7544493205604916
Fidelity (MSE);Tolerancja_0.1;889;80;0.09938075111757123;0.31524712705680796;1.7389456629005027;5.534644676284171
Fidelity (MSE);Tolerancja_1.0;889;10;0.9861461572100838;0.993048919847398;3.156830124754875;17.43449010570279
Fidelity (MSE);Tolerancja_0.01;890;1238;0.009989052703348631;0.0999452485281248;0.8324352918773652;1.563218154475749
Fidelity (MSE);Tolerancja_0.1;890;124;0.09984946663711941;0.3159896622314082;1.292468340851923;4.942313755793959
Fidelity (MSE);Tolerancja_1.0;890;10;0.9370526029646815;0.9680147741458709;3.921419292685812;15.140472318899132
Fidelity (MSE);Tolerancja_0.01;891;1211;0.009996533775413274;0.09998266737496692;0.4520084708781429;1.587013533268498
Fidelity (MSE);Tolerancja_0.1;891;144;0.09966638432483255;0.31569983263352003;1.2567232864088451;5.011067617960338
Fidelity (MSE);Tolerancja_1.0;891;11;0.9732396927225558;0.9865291139761441;3.088028030124862;15.65906467539909
Fidelity (MSE);Tolerancja_0.01;892;1058;0.009984101024782208;0.09992047350159129;1.5986489817454874;2.00038307567804
Fidelity (MSE);Tolerancja_0.1;892;108;0.0996794342243561;0.3157205001648707;2.3182808533371464;6.320646040216725
Fidelity (MSE);Tolerancja_1.0;892;8;0.9279962149846204;0.9633256017487651;3.426060287287077;19.285539415252117
Fidelity (MSE);Tolerancja_0.01;893;758;0.00998777752579593;0.09993886894394959;0.3493547277930755;1.6117502811513564
Fidelity (MSE);Tolerancja_0.1;893;74;0.09991838409580524;0.3160986936002824;1.112846131336548;5.097837944989827
Fidelity (MSE);Tolerancja_1.0;893;7;0.9845664202261629;0.9922532036865201;2.661251696752855;16.002426252312553
Fidelity (MSE);Tolerancja_0.01;894;486;0.00998975154628219;0.09994874459582867;0.6243903638683084;1.741575912043289
Fidelity (MSE);Tolerancja_0.1;894;54;0.09890006638343883;0.31448380941383747;1.0527317128184066;5.479782956929804
Fidelity (MSE);Tolerancja_1.0;894;4;0.807294241896797;0.8984955436154355;2.501738141092952;15.65600650780149
Fidelity (MSE);Tolerancja_0.01;895;1075;0.009997108905989672;0.09998554348499422;0.36840948703189813;1.8551367904563736
Fidelity (MSE);Tolerancja_0.1;895;112;0.09914635215170756;0.3148751373984735;1.3438716602928982;5.842209097714018
Fidelity (MSE);Tolerancja_1.0;895;11;0.9833807381748302;0.9916555541995569;2.76996208347032;18.39922690755886
Fidelity (MSE);Tolerancja_0.01;896;866;0.00999815062035953;0.09999075267423248;1.1251729372557966;1.7546137353075117
Fidelity (MSE);Tolerancja_0.1;896;94;0.09969442153152873;0.31574423435991467;1.507080843624823;5.540604062227725
Fidelity (MSE);Tolerancja_1.0;896;6;0.9728039627587507;0.9863082493616033;3.3769049040469383;17.307500496722902
Fidelity (MSE);Tolerancja_0.01;897;876;0.009997064917770984;0.0999853235118584;0.3511595558147329;1.7506134972726
Fidelity (MSE);Tolerancja_0.1;897;98;0.09894719750155287;0.31455873458156086;1.1219284316732896;5.507515974363573
Fidelity (MSE);Tolerancja_1.0;897;12;0.9313382045948593;0.965058653447996;2.8924674027619535;16.896926919333435
Fidelity (MSE);Tolerancja_0.01;898;589;0.009993751078016954;0.09996875050743084;2.394365575683123;1.5724558433994367
Fidelity (MSE);Tolerancja_0.1;898;63;0.099475414364417;0.3153972326518053;2.788468310742231;4.9610325122396945
Fidelity (MSE);Tolerancja_1.0;898;8;0.9454068202349932;0.9723203279963827;3.933382245585239;15.294087138763638
Fidelity (MSE);Tolerancja_0.01;899;1100;0.009991115348662103;0.0999555668717961;0.40592586022248245;1.7251765017557046
Fidelity (MSE);Tolerancja_0.1;899;108;0.09872277097856147;0.31420179976976814;1.0687550717208518;5.422945201915543
Fidelity (MSE);Tolerancja_1.0;899;11;0.9452326259558848;0.9722307472796181;2.6541871975202636;16.780152341514576
Fidelity (MSE);Tolerancja_0.01;900;614;0.009981911980180502;0.09990951896681569;0.4073937500060434;2.2453582803043903
Fidelity (MSE);Tolerancja_0.1;900;57;0.09940088387672828;0.3152790571489459;0.9929381007917089;7.085555499582338
Fidelity (MSE);Tolerancja_1.0;900;4;0.8311516752673862;0.9116752027270382;3.836300814694768;20.488913234296017
Fidelity (MSE);Tolerancja_0.01;901;1308;0.009993457838260009;0.09996728383956428;0.3697602247090064;1.712762667391034
Fidelity (MSE);Tolerancja_0.1;901;148;0.09943666037093842;0.31533578986683136;1.2699942344886797;5.402721248713351
Fidelity (MSE);Tolerancja_1.0;901;10;0.9862423386574745;0.993097346012703;3.486184560879625;17.014967237336194
Fidelity (MSE);Tolerancja_0.01;902;606;0.009993206415052351;0.09996602630420172;0.3566722462725491;1.8839889870089326
Fidelity (MSE);Tolerancja_0.1;902;73;0.09943276121418321;0.31532960725910786;1.0883373718460776;5.94279406031608
Fidelity (MSE);Tolerancja_1.0;902;8;0.9770996052937783;0.9884834876181687;2.833914858136022;18.629249089543283
Fidelity (MSE);Tolerancja_0.01;903;734;0.009998808694701822;0.0999940432960975;0.8162995287532162;1.6104308091822543
Fidelity (MSE);Tolerancja_0.1;903;71;0.09996529322325987;0.3161728850221977;1.2594517412877408;5.092048868951552
Fidelity (MSE);Tolerancja_1.0;903;9;0.9861295864287196;0.9930405764261194;3.1307874573171643;15.99318405706614
Fidelity (MSE);Tolerancja_0.01;904;1390;0.009992874824427856;0.09996436777386158;0.6250436846326171;1.7236022584983592
Fidelity (MSE);Tolerancja_0.1;904;173;0.09981309709676156;0.3159321083662779;1.2609875111753954;5.447353968607304
Fidelity (MSE);Tolerancja_1.0;904;16;0.9855698266665753;0.9927586950848506;3.231883354185854;17.11731056873199
Fidelity (MSE);Tolerancja_0.01;905;818;0.00999618292118899;0.09998091278433595;0.5726495067710484;1.722755642424968
Fidelity (MSE);Tolerancja_0.1;905;78;0.09876961272287171;0.3142763317891943;1.0864795436928762;5.41524685855119
Fidelity (MSE);Tolerancja_1.0;905;8;0.910770715949257;0.9543430808410867;2.999173020718395;16.44413800136651
Fidelity (MSE);Tolerancja_0.01;906;556;0.00997444485553193;0.09987214254000927;1.4304848986343384;1.7787225465099679
Fidelity (MSE);Tolerancja_0.1;906;60;0.09910366890894548;0.31480735205669114;1.7945163773457837;5.606717956271108
Fidelity (MSE);Tolerancja_1.0;906;6;0.8399388871588662;0.916481798596604;2.803746098795169;16.322537968750737
Fidelity (MSE);Tolerancja_0.01;907;1046;0.00999280350215075;0.09996401103472564;0.3848228595440091;1.7898765723870655
Fidelity (MSE);Tolerancja_0.1;907;120;0.09900590660956603;0.3146520405297986;1.1686571394626268;5.633910744162024
Fidelity (MSE);Tolerancja_1.0;907;12;0.9453209485562382;0.9722761688719096;3.0672575564212137;17.40880861562817
Fidelity (MSE);Tolerancja_0.01;908;1265;0.009999282204091842;0.09999641095605304;2.2983757942191856;1.6807036074100512
Fidelity (MSE);Tolerancja_0.1;908;137;0.09956549983918281;0.3155400130556865;3.355514374226985;5.303482726574846
Fidelity (MSE);Tolerancja_1.0;908;13;0.9710116504113545;0.9853992340221066;3.898027456379019;16.562234899489702
Fidelity (MSE);Tolerancja_0.01;909;1496;0.009997611443646543;0.09998805650499736;1.1942554308450228;1.7813393465449654
Fidelity (MSE);Tolerancja_0.1;909;163;0.09976696913619285;0.3158590969660251;2.1639099379154754;5.627194457586252
Fidelity (MSE);Tolerancja_1.0;909;12;0.9859521912442364;0.9929512532064383;3.3555085453919515;17.68994416297469
Fidelity (MSE);Tolerancja_0.01;910;1118;0.009994118647669996;0.09997058891328987;0.39829068111157095;1.7469151005342096
Fidelity (MSE);Tolerancja_0.1;910;116;0.09947325657406436;0.3153938118829606;1.2364714540786883;5.511283054171801
Fidelity (MSE);Tolerancja_1.0;910;10;0.9216134913735392;0.9600070267313355;3.134845866042639;16.77544155582118
Fidelity (MSE);Tolerancja_0.01;911;480;0.009979188316936494;0.09989588738750206;0.47672294671686366;1.7567160344118729
Fidelity (MSE);Tolerancja_0.1;911;39;0.09966730593665048;0.31570129226319377;1.1103547540587497;5.551755299514831
Fidelity (MSE);Tolerancja_1.0;911;3;0.9737855163172753;0.9868057135613247;2.921580404191984;17.35344131974057
Fidelity (MSE);Tolerancja_0.01;912;802;0.009991051326878178;0.09995524662006582;0.5531302783469307;1.8743424060577745
Fidelity (MSE);Tolerancja_0.1;912;97;0.09980240752450034;0.3159151903984681;1.2088911169318326;5.923983563688143
Fidelity (MSE);Tolerancja_1.0;912;6;0.8763452860372024;0.936133156146711;2.67825955180963;17.55419681922175
Fidelity (MSE);Tolerancja_0.01;913;1806;0.009991218018994247;0.09995608045033702;0.4123634391329416;1.9288125661504567
Fidelity (MSE);Tolerancja_0.1;913;219;0.09982605342107362;0.3159526126194775;1.1956663689768439;6.096811387390298
Fidelity (MSE);Tolerancja_1.0;913;17;0.9903840672933211;0.9951804194684103;2.9446779597067336;19.203599120828475
Fidelity (MSE);Tolerancja_0.01;914;835;0.009994328904359636;0.09997164050049212;0.356536999341297;1.9098133977839094
Fidelity (MSE);Tolerancja_0.1;914;96;0.09832008313737531;0.31356033412626555;1.1886522191463267;5.9901160382077885
Fidelity (MSE);Tolerancja_1.0;914;8;0.8534079209213258;0.9238008015374991;3.472476236075161;17.647876325998123
Fidelity (MSE);Tolerancja_0.01;915;598;0.0099748683173484;0.09987426253719424;0.6530276672670698;1.7010898993492456
Fidelity (MSE);Tolerancja_0.1;915;60;0.09947667494991715;0.31539923105473344;1.3063957677172704;5.371979052260029
Fidelity (MSE);Tolerancja_1.0;915;6;0.903815156667706;0.9506919357329723;3.433598891778405;16.192484511871854
Fidelity (MSE);Tolerancja_0.01;916;486;0.009990199754949459;0.09995098676326042;0.36802167450409273;1.7001710512412338
Fidelity (MSE);Tolerancja_0.1;916;56;0.09979974243015736;0.31591097231681803;1.0389318642467709;5.3736607040677145
Fidelity (MSE);Tolerancja_1.0;916;5;0.928453337382015;0.9635628352017397;3.530245574010708;16.39024977654444
Fidelity (MSE);Tolerancja_0.01;917;810;0.009997082066180583;0.09998540926645538;0.39849027328209186;1.675336331674539
Fidelity (MSE);Tolerancja_0.1;917;78;0.09882249330914439;0.3143604512484743;1.1810715554474402;5.2673633991401125
Fidelity (MSE);Tolerancja_1.0;917;6;0.8445674506736525;0.9190035096089962;2.785498963864814;15.398646461318274
Fidelity (MSE);Tolerancja_0.01;918;666;0.009984746256682895;0.09992370217662522;0.5270913937273161;1.6497575197540228
Fidelity (MSE);Tolerancja_0.1;918;80;0.09855075500823539;0.3139279455675066;1.030154782917581;5.1830044081581
Fidelity (MSE);Tolerancja_1.0;918;8;0.9967702725789052;0.9983838302871823;3.402207385601306;16.48348885938697
Fidelity (MSE);Tolerancja_0.01;919;1048;0.009995717755716095;0.09997858648588755;0.746060195955061;1.6515191306718198
Fidelity (MSE);Tolerancja_0.1;919;112;0.09954233091295461;0.3155032977845947;1.1448525821335447;5.211713331782864
Fidelity (MSE);Tolerancja_1.0;919;10;0.9716032565152547;0.9856993743100655;3.0599977109077;16.282500393162717
Fidelity (MSE);Tolerancja_0.01;920;674;0.009979679620411514;0.099898346434821;0.8414159197581279;1.6280331020184329
Fidelity (MSE);Tolerancja_0.1;920;61;0.09980593843908497;0.31592077873904556;1.293797331973729;5.1485285168176755
Fidelity (MSE);Tolerancja_1.0;920;7;0.9925782263796289;0.9962822021794974;2.983741827471219;16.236308827777336
Fidelity (MSE);Tolerancja_0.01;921;984;0.00999354208119219;0.09996770519118757;0.6146054658896327;1.8402017661085708
Fidelity (MSE);Tolerancja_0.1;921;98;0.09982161514727127;0.31594558890301233;1.165374010643379;5.8159145454184955
Fidelity (MSE);Tolerancja_1.0;921;10;0.9849186660872757;0.9924306857847937;3.400256952311431;18.268626825321068
Fidelity (MSE);Tolerancja_0.01;922;560;0.009998847662520943;0.09999423814660995;0.6090197382401392;1.5472485751182823
Fidelity (MSE);Tolerancja_0.1;922;50;0.09802962370247019;0.3130968279980974;1.2633926691314095;4.844665352455949
Fidelity (MSE);Tolerancja_1.0;922;8;0.9208929006910602;0.9596316484417655;2.6955403486447107;14.848742569676432
Fidelity (MSE);Tolerancja_0.01;923;336;0.009984830402922223;0.09992412322818861;0.5048788513238138;1.6409949766922831
Fidelity (MSE);Tolerancja_0.1;923;36;0.09690858758042305;0.31130144166133095;0.9552744747936819;5.1123200834771065
Fidelity (MSE);Tolerancja_1.0;923;5;0.981147033438092;0.990528663612564;2.456026202670468;16.26686838718638
Fidelity (MSE);Tolerancja_0.01;924;589;0.009993321691117907;0.09996660287875099;0.8270033044824894;2.1238341892232326
Fidelity (MSE);Tolerancja_0.1;924;63;0.09991045271638385;0.316086147618626;1.1557326610945955;6.7153884169349425
Fidelity (MSE);Tolerancja_1.0;924;7;0.8931725036624008;0.9450780410433843;3.007946728442229;20.07859622364648
Fidelity (MSE);Tolerancja_0.01;925;816;0.009989957453454398;0.09994977465434526;0.3485369507848075;1.600310759789095
Fidelity (MSE);Tolerancja_0.1;925;90;0.09860701116925043;0.3140175332194851;1.187326205783453;5.027781592419275
Fidelity (MSE);Tolerancja_1.0;925;7;0.9565065053302239;0.9780115057248682;2.9944557240293745;15.659088189259846
Fidelity (MSE);Tolerancja_0.01;926;701;0.009995994069955336;0.09997996834344036;0.39694207823653205;1.7841155246970417
Fidelity (MSE);Tolerancja_0.1;926;69;0.09920560097727912;0.3149692063952905;1.1673294742334699;5.620540396662502
Fidelity (MSE);Tolerancja_1.0;926;8;0.9757600615817624;0.9878056800716234;3.751930737903672;17.62712549723797
Fidelity (MSE);Tolerancja_0.01;927;1084;0.00998489633869125;0.09992445315682869;0.9035798434034925;1.8500897617671714
Fidelity (MSE);Tolerancja_0.1;927;133;0.09974250179735723;0.31582036317716633;1.3607509719153699;5.847377713987874
Fidelity (MSE);Tolerancja_1.0;927;11;0.9591450036798113;0.9793594864398931;3.4056842843351856;18.132728293326455
Fidelity (MSE);Tolerancja_0.01;928;678;0.009994244055250649;0.09997121613369844;0.5204983241919594;1.8783848326643007
Fidelity (MSE);Tolerancja_0.1;928;78;0.09984284542120711;0.31597918510751166;1.1828740385196705;5.937013989604826
Fidelity (MSE);Tolerancja_1.0;928;9;0.9662039155069709;0.9829567210752317;2.9222589956953975;18.469026060099825
Fidelity (MSE);Tolerancja_0.01;929;1298;0.00998535897949347;0.09992676808289894;0.5144291753153825;1.8629502334608719
Fidelity (MSE);Tolerancja_0.1;929;143;0.09980272681485686;0.3159156957399503;1.1532832856391853;5.889665306141465
Fidelity (MSE);Tolerancja_1.0;929;10;0.9656147738128676;0.9826569970304326;3.3161673866831;18.319826780659106
Fidelity (MSE);Tolerancja_0.01;930;870;0.009993725472401745;0.09996862243925213;2.218117184368886;2.0180435008699162
Fidelity (MSE);Tolerancja_0.1;930;87;0.09948943723898443;0.3154194623655687;3.1736359080379586;6.367299864130057
Fidelity (MSE);Tolerancja_1.0;930;7;0.9898043022353633;0.9948890904193106;3.685563190662771;20.083596372722933
Fidelity (MSE);Tolerancja_0.01;931;1176;0.009990162521196992;0.09995080050303246;0.6149166224227902;1.7209264279447918
Fidelity (MSE);Tolerancja_0.1;931;138;0.09903894351286327;0.31470453367065315;1.1975281907929451;5.418499364309116
Fidelity (MSE);Tolerancja_1.0;931;18;0.94814734985256;0.9737285812034892;2.797118147020414;16.765400983331098
Fidelity (MSE);Tolerancja_0.01;932;748;0.009984544914425669;0.09992269469157479;0.39782968490873927;1.7524240015852843
Fidelity (MSE);Tolerancja_0.1;932;74;0.09938341705834966;0.31525135536322385;1.084823473222015;5.528814483797009
Fidelity (MSE);Tolerancja_1.0;932;7;0.9533041529091424;0.9763729578952617;2.81430486274743;17.12343138058649
Fidelity (MSE);Tolerancja_0.01;933;890;0.00999074043522145;0.09995369145369995;0.3525851162122011;1.7694858231945192
Fidelity (MSE);Tolerancja_0.1;933;106;0.09915685236113324;0.31489181056536425;1.0640544642447827;5.574547438236115
Fidelity (MSE);Tolerancja_1.0;933;10;0.9070494744651451;0.9523914502268198;3.311238519186179;16.860239424860623
Fidelity (MSE);Tolerancja_0.01;934;1050;0.009989000590535892;0.09994498782098026;1.0591568526813164;1.8100933814858666
Fidelity (MSE);Tolerancja_0.1;934;115;0.0998656767669102;0.31601531096912094;1.5119209398968119;5.7233207517918885
Fidelity (MSE);Tolerancja_1.0;934;12;0.9330877544433577;0.9659646755670508;2.679872791857009;17.494486758304674
Fidelity (MSE);Tolerancja_0.01;935;1221;0.00999977336446036;0.09999886681588127;1.0138035563414123;1.7538312566678045
Fidelity (MSE);Tolerancja_0.1;935;128;0.09925544749428838;0.3150483256490794;1.7754305034630944;5.525478622688363
Fidelity (MSE);Tolerancja_1.0;935;14;0.9846664429872358;0.9923036042397688;3.3933518451268307;17.403527986213494
Fidelity (MSE);Tolerancja_0.01;936;674;0.009983332398884858;0.0999166272393382;0.7368685862746585;1.7645232218601976
Fidelity (MSE);Tolerancja_0.1;936;62;0.09833675326135717;0.31358691500341207;1.362913010665408;5.53793106196011
Fidelity (MSE);Tolerancja_1.0;936;8;0.868950710945341;0.9321752576341753;2.8263173189152564;16.462173858200675
Fidelity (MSE);Tolerancja_0.01;937;1091;0.009996051596773617;0.09998025603474726;1.4230019530526006;1.823678199398418
Fidelity (MSE);Tolerancja_0.1;937;122;0.09965079958638234;0.3156751488261031;2.2541785956273706;5.75803573463484
Fidelity (MSE);Tolerancja_1.0;937;11;0.9642450938024482;0.9819598229064406;3.9780153644128315;17.91132362270844
Fidelity (MSE);Tolerancja_0.01;938;283;0.009999901599679478;0.09999950799718706;0.5290904910323366;1.7877059702276834
Fidelity (MSE);Tolerancja_0.1;938;28;0.09859523305980811;0.3139987787552813;1.4602900832823007;5.613402532348539
Fidelity (MSE);Tolerancja_1.0;938;4;0.8151292656745411;0.9028450950603548;2.1502825522462463;16.140295077007565
Fidelity (MSE);Tolerancja_0.01;939;1476;0.009994061875869915;0.09997030497037565;0.37304797814826873;1.6515105195843067
Fidelity (MSE);Tolerancja_0.1;939;162;0.09978531077638632;0.3158881301606414;1.3721582236837575;5.218475327515604
Fidelity (MSE);Tolerancja_1.0;939;15;0.990429991251353;0.9952034923830166;3.5231269090500827;16.44077246022846
Fidelity (MSE);Tolerancja_0.01;940;948;0.009990699489209777;0.09995348662858028;0.557038870782641;1.9344859836200217
Fidelity (MSE);Tolerancja_0.1;940;102;0.09862713284003474;0.3140495706732215;1.1632717903165726;6.0780720425166175
Fidelity (MSE);Tolerancja_1.0;940;12;0.9253496178424073;0.9619509435737392;2.9102928360788827;18.617465783743462
Fidelity (MSE);Tolerancja_0.01;941;1729;0.009987642647252071;0.0999381941364365;0.9345000098623348;1.729675739953465
Fidelity (MSE);Tolerancja_0.1;941;218;0.09952833738794714;0.3154811204936789;1.8764374887812045;5.460175113693621
Fidelity (MSE);Tolerancja_1.0;941;18;0.9874657286620535;0.993713101786453;3.8621236928147447;17.198644216918844
Fidelity (MSE);Tolerancja_0.01;942;1183;0.009998120245264289;0.0999906007845952;1.2135517087667447;1.6615979127800538
Fidelity (MSE);Tolerancja_0.1;942;129;0.09979385668109332;0.3159016566608876;2.192232131279545;5.249508746149665
Fidelity (MSE);Tolerancja_1.0;942;10;0.9429191427413932;0.9710402374471375;3.291788855166536;16.136301003365787
Fidelity (MSE);Tolerancja_0.01;943;250;0.009961666110954729;0.09980814651597698;1.115806774207587;1.5234438701319726
Fidelity (MSE);Tolerancja_0.1;943;22;0.09766489736504687;0.31251383547780226;1.2649194178612433;4.770124519984724
Fidelity (MSE);Tolerancja_1.0;943;6;0.8130778688583259;0.9017083058607844;2.345093815816683;13.763425523494716
Fidelity (MSE);Tolerancja_0.01;944;1134;0.009985643763245894;0.09992819303502838;0.9802716152805226;1.7094485448357428
Fidelity (MSE);Tolerancja_0.1;944;118;0.09896495414910336;0.31458695800859793;1.6883676082517356;5.381566515503718
Fidelity (MSE);Tolerancja_1.0;944;7;0.9570338817703061;0.9782810852563317;3.217573085182238;16.735228836226025
Fidelity (MSE);Tolerancja_0.01;945;1011;0.009996905505893284;0.09998452633229446;0.402797369080214;1.7437543517201906
Fidelity (MSE);Tolerancja_0.1;945;108;0.099605571282457;0.3156035032797592;1.2350834278586778;5.504201524475917
Fidelity (MSE);Tolerancja_1.0;945;9;0.9669109570699713;0.9833163057073605;2.781284640866608;17.149274493695376
Fidelity (MSE);Tolerancja_0.01;946;528;0.009987780567222647;0.09993888416038398;0.5923052063614982;1.65822744760644
Fidelity (MSE);Tolerancja_0.1;946;66;0.09748102647692619;0.31221951648948243;1.0261392114450931;5.180475810500405
Fidelity (MSE);Tolerancja_1.0;946;6;0.790588073037777;0.8891501971195739;2.7277002702152315;14.753149130044168
Fidelity (MSE);Tolerancja_0.01;947;496;0.009984428837945805;0.09992211385847381;1.2448358156672148;1.5899872808616382
Fidelity (MSE);Tolerancja_0.1;947;54;0.09813347128943935;0.31326262351170997;1.746964481700819;4.98471827425944
Fidelity (MSE);Tolerancja_1.0;947;10;0.8354678953599896;0.914039329219476;2.8700267907589034;14.544437177587028
Fidelity (MSE);Tolerancja_0.01;948;1153;0.009998631863063117;0.09999315908132474;0.36962754463309366;1.756339664749896
Fidelity (MSE);Tolerancja_0.1;948;124;0.09976027433758765;0.3158484990269665;1.1174645868137199;5.5477519861294775
Fidelity (MSE);Tolerancja_1.0;948;14;0.9461289530223319;0.9726916022164126;3.095329231493829;17.084937192077163
Fidelity (MSE);Tolerancja_0.01;949;554;0.009972744514885622;0.09986362958998447;1.3485138283285112;1.5887626064805798
Fidelity (MSE);Tolerancja_0.1;949;59;0.09902856034098229;0.3146880365393357;1.5945602079387102;5.006473199634569
Fidelity (MSE);Tolerancja_1.0;949;4;0.9441704016790867;0.9716843117386874;2.8537724833737332;15.458838279087283
Fidelity (MSE);Tolerancja_0.01;950;1368;0.00999151321790719;0.09995755708252974;1.2729640938173699;1.808761892621652
Fidelity (MSE);Tolerancja_0.1;950;140;0.09957560847416949;0.3155560306414211;2.16363050412634;5.710080756974698
Fidelity (MSE);Tolerancja_1.0;950;18;0.9696203472580106;0.9846930218387915;3.026855951424033;17.818314750949
Fidelity (MSE);Tolerancja_0.01;951;1414;0.009988561567422354;0.09994279147303398;0.6551747683979698;1.6434280346786043
Fidelity (MSE);Tolerancja_0.1;951;176;0.09985307074011279;0.31599536506112363;1.2002933955254358;5.196129046586311
Fidelity (MSE);Tolerancja_1.0;951;12;0.9900689404791115;0.9950220803977726;4.563232811622344;16.36183218367621
Fidelity (MSE);Tolerancja_0.01;952;1554;0.009998995705099734;0.0999949783994163;0.35213905190473316;1.8247239390708005
Fidelity (MSE);Tolerancja_0.1;952;178;0.09932301986277874;0.3151555486783927;1.2101174362436113;5.751007534672492
Fidelity (MSE);Tolerancja_1.0;952;8;0.9612534196818804;0.9804353215189059;3.6918835225497277;17.891136440273165
Fidelity (MSE);Tolerancja_0.01;953;886;0.009996854378246432;0.09998427065417057;1.4310879903421725;1.7176267453931213
Fidelity (MSE);Tolerancja_0.1;953;78;0.09991690384880546;0.3160963521599157;1.928682220715317;5.430209622361505
Fidelity (MSE);Tolerancja_1.0;953;10;0.993597307716281;0.996793513078953;3.4608159568600545;17.123885452149985
Fidelity (MSE);Tolerancja_0.01;954;576;0.009985411082832159;0.09992702879017348;0.4529021181772177;1.709653870087614
Fidelity (MSE);Tolerancja_0.1;954;54;0.09839210023048463;0.31367515080172453;1.096535660452076;5.366675483212405
Fidelity (MSE);Tolerancja_1.0;954;7;0.9774574197206575;0.9886644626569003;3.206013136862439;16.91508338898672
Fidelity (MSE);Tolerancja_0.01;955;765;0.009996091301271146;0.09998045459624169;0.4484652852331559;1.6805400456657116
Fidelity (MSE);Tolerancja_0.1;955;76;0.09922626611138767;0.31500200969420444;1.2091271290666485;5.294769801698708
Fidelity (MSE);Tolerancja_1.0;955;7;0.9107209721253865;0.954317018671147;2.988224401072011;16.040814903410748
Fidelity (MSE);Tolerancja_0.01;956;1053;0.0099994967802282;0.09999748386948644;1.1258242263733544;1.6845403643308405
Fidelity (MSE);Tolerancja_0.1;956;120;0.09862640037896649;0.31404840451587474;1.497246119846431;5.290405251107722
Fidelity (MSE);Tolerancja_1.0;956;14;0.9601674502121905;0.9798813449659048;3.3383740441216965;16.506912113951138
Fidelity (MSE);Tolerancja_0.01;957;536;0.009998236710449802;0.09999118316356599;0.5482114158694387;1.6563082125649091
Fidelity (MSE);Tolerancja_0.1;957;56;0.0968668630778517;0.3112344182089309;1.0879735579895051;5.155455777226443
Fidelity (MSE);Tolerancja_1.0;957;8;0.8552064041023046;0.9247737042662408;2.939496718344282;15.318453414384237
Fidelity (MSE);Tolerancja_0.01;958;1020;0.009984377152161867;0.09992185522778221;1.1840001120341066;1.8812625981814817
Fidelity (MSE);Tolerancja_0.1;958;98;0.09946913948734286;0.3153872849170411;1.7888596063151536;5.937903191487861
Fidelity (MSE);Tolerancja_1.0;958;11;0.989594075409697;0.9947834314109263;2.60657621729363;18.729124459687498
Fidelity (MSE);Tolerancja_0.01;959;744;0.009980942100059313;0.09990466505653935;0.5982459912004456;1.9615917483860417
Fidelity (MSE);Tolerancja_0.1;959;76;0.09996179937055828;0.3161673597488493;1.222780067432005;6.207831072166221
Fidelity (MSE);Tolerancja_1.0;959;10;0.873059601286309;0.9343765842990228;3.130508013896568;18.346144262721058
Fidelity (MSE);Tolerancja_0.01;960;614;0.009991889132805914;0.09995943743742215;0.3532635311065171;1.7644376564731352
Fidelity (MSE);Tolerancja_0.1;960;63;0.09985721225428593;0.3160019181180487;1.066662038571776;5.577919385493535
Fidelity (MSE);Tolerancja_1.0;960;6;0.8325944082932439;0.9124661135040818;3.3083350206864592;16.106428889520284
Fidelity (MSE);Tolerancja_0.01;961;1119;0.009996336442968731;0.09998168053683;0.4224933909510984;1.823099464200531
Fidelity (MSE);Tolerancja_0.1;961;120;0.09947771864427789;0.31540088561111856;1.1827155458219245;5.751125430965218
Fidelity (MSE);Tolerancja_1.0;961;8;0.9368301606843513;0.9678998712079423;3.0245965804016217;17.649010569980863
Fidelity (MSE);Tolerancja_0.01;962;998;0.009996927698554075;0.09998463731270957;0.5591871104212931;1.75069870424659
Fidelity (MSE);Tolerancja_0.1;962;93;0.09990535619774557;0.31607808560187395;1.125609174544869;5.534425185474002
Fidelity (MSE);Tolerancja_1.0;962;8;0.9287313743021256;0.9637070998504295;3.1057632871524694;16.874200040398826
Fidelity (MSE);Tolerancja_0.01;963;1312;0.009999376062277758;0.09999688026272499;0.7127559076413492;1.6034189027294525
Fidelity (MSE);Tolerancja_0.1;963;160;0.09998764923046129;0.3162082371325284;1.17330155955353;5.070300826235362
Fidelity (MSE);Tolerancja_1.0;963;9;0.9920086887644458;0.9959963296942644;3.981815087305245;15.970491658190658
Fidelity (MSE);Tolerancja_0.01;964;1475;0.009995953034249768;0.09997976312359301;0.816826629587653;1.7570606727835458
Fidelity (MSE);Tolerancja_0.1;964;174;0.09996966841275658;0.31617980392927786;1.518146378133963;5.556595471483465
Fidelity (MSE);Tolerancja_1.0;964;12;0.9536575687474979;0.9765539251610726;2.981245925013403;17.16211804414668
Fidelity (MSE);Tolerancja_0.01;965;1242;0.009993950763536921;0.09996974924214284;0.5757684706648085;1.6654276881953982
Fidelity (MSE);Tolerancja_0.1;965;134;0.09985070800885273;0.31599162648534335;1.1502181127527695;5.264204501622782
Fidelity (MSE);Tolerancja_1.0;965;12;0.971023531132292;0.9854052623830928;3.264493493701626;16.41617809894865
Fidelity (MSE);Tolerancja_0.01;966;514;0.009985814928480012;0.09992904947251331;1.3784860634685376;1.860749001226634
Fidelity (MSE);Tolerancja_0.1;966;58;0.09692247979013376;0.3113237539766822;1.7069610331763805;5.797066692099176
Fidelity (MSE);Tolerancja_1.0;966;4;0.9979501684020637;0.9989745584358312;3.152687760774217;18.601607056930796
Fidelity (MSE);Tolerancja_0.01;967;1530;0.009992139527320086;0.09996068991018463;1.0646030942294642;1.6505274710314999
Fidelity (MSE);Tolerancja_0.1;967;188;0.09997778416678814;0.31619263774918627;2.534421889548149;5.220898687392619
Fidelity (MSE);Tolerancja_1.0;967;16;0.9776481829229262;0.9887609331496295;3.4194904790464165;16.326188663889244
Fidelity (MSE);Tolerancja_0.01;968;714;0.009983189640476044;0.09991591284913552;1.100407456129365;1.751143405311546
Fidelity (MSE);Tolerancja_0.1;968;76;0.09884551809935731;0.3143970707550522;1.6390662334386707;5.510176921800906
Fidelity (MSE);Tolerancja_1.0;968;6;0.909464078002124;0.9536582605955469;2.795668978237165;16.71397804756403
Fidelity (MSE);Tolerancja_0.01;969;846;0.009988674403048096;0.09994335597251124;0.7662895658821505;1.6297819153895239
Fidelity (MSE);Tolerancja_0.1;969;84;0.09881096211468673;0.3143421099927382;1.1624612485790236;5.125994430809953
Fidelity (MSE);Tolerancja_1.0;969;8;0.9149229640799807;0.9565160553174111;3.7070622427553284;15.597961000677332
Fidelity (MSE);Tolerancja_0.01;970;930;0.009994138855452202;0.0999706899818752;0.42604886488261595;1.6254088495145278
Fidelity (MSE);Tolerancja_0.1;970;94;0.09953442021614099;0.31549076090456435;1.0752449795915044;5.129518209860535
Fidelity (MSE);Tolerancja_1.0;970;12;0.9517001409058841;0.9755511985056879;3.13799680493506;15.86134447499695
Fidelity (MSE);Tolerancja_0.01;971;1178;0.009998155287757153;0.09999077601337612;0.37682571532713194;1.5948297184331672
Fidelity (MSE);Tolerancja_0.1;971;130;0.09975305986113481;0.31583707803412636;1.1424437148654647;5.037528243250531
Fidelity (MSE);Tolerancja_1.0;971;12;0.9575686535664779;0.9785543692439771;2.9779807769114237;15.60771554532337
Fidelity (MSE);Tolerancja_0.01;972;843;0.009997400627384596;0.09998700229222095;0.523781268352213;1.6727881849789308
Fidelity (MSE);Tolerancja_0.1;972;76;0.09831264450004779;0.31354847232931593;1.2730897241021166;5.245683617934402
Fidelity (MSE);Tolerancja_1.0;972;6;0.9112961325837421;0.9546183177499488;3.0700510182441576;15.970818271254592
Fidelity (MSE);Tolerancja_0.01;973;646;0.009993188498409362;0.09996593669050154;0.36943481462992667;1.6652059243393655
Fidelity (MSE);Tolerancja_0.1;973;60;0.09973368009903627;0.31580639654547255;1.2130851097331394;5.260618765569529
Fidelity (MSE);Tolerancja_1.0;973;8;0.9382132628301044;0.968614093863033;3.342045636713131;16.13491536115007
Fidelity (MSE);Tolerancja_0.01;974;1101;0.00999729422924425;0.099986470230948;0.8985799031020623;1.6813410947250946
Fidelity (MSE);Tolerancja_0.1;974;125;0.09993276291428464;0.31612143697364886;1.4637752440554932;5.315798844380361
Fidelity (MSE);Tolerancja_1.0;974;10;0.9668208180310474;0.9832704704358041;3.2392760416971376;16.53436755347813
Fidelity (MSE);Tolerancja_0.01;975;1280;0.00999327144571241;0.09996635156747699;0.4030009762223514;1.6077310267259948
Fidelity (MSE);Tolerancja_0.1;975;148;0.09940356647749168;0.315283311447802;1.2361833271395382;5.070613802299231
Fidelity (MSE);Tolerancja_1.0;975;18;0.9544994707436435;0.9769848876741357;3.2891379808950068;15.712576201161863
Fidelity (MSE);Tolerancja_0.01;976;1226;0.00998462691838148;0.0999231050277236;0.4166620750806027;1.627245716018796
Fidelity (MSE);Tolerancja_0.1;976;141;0.0998386578145314;0.31597255864161905;1.1595276764329485;5.145606637087766
Fidelity (MSE);Tolerancja_1.0;976;9;0.9756071034640796;0.98772825385532;3.3216136525497726;16.08513435637191
Fidelity (MSE);Tolerancja_0.01;977;952;0.009992975017168138;0.09996486891487498;0.7095429743794393;1.4759863331536813
Fidelity (MSE);Tolerancja_0.1;977;103;0.09959957434434803;0.3155940023896969;1.2727385485577836;4.659761368257534
Fidelity (MSE);Tolerancja_1.0;977;8;0.822321591014771;0.9068194919689204;2.9044951193729824;13.389235551574124
Fidelity (MSE);Tolerancja_0.01;978;1215;0.00999514130039056;0.09997570355036547;0.897420967611561;1.6386059604849075
Fidelity (MSE);Tolerancja_0.1;978;123;0.09988750450493974;0.3160498449690171;1.5699279797752892;5.180070170905731
Fidelity (MSE);Tolerancja_1.0;978;10;0.9847816468001829;0.9923616512140032;2.782818082345098;16.26484894719169
Fidelity (MSE);Tolerancja_0.01;979;1016;0.009989484979135446;0.09994741106769822;0.5658109185265126;1.7445673398561012
Fidelity (MSE);Tolerancja_0.1;979;115;0.0999973359063432;0.3162235536868549;1.1038101362062998;5.519635555959022
Fidelity (MSE);Tolerancja_1.0;979;10;0.9284765835635402;0.9635748977446124;3.0571428199101645;16.81905792408983
Fidelity (MSE);Tolerancja_0.01;980;808;0.009987972608769402;0.09993984495069723;0.8493084678579641;1.782176760441146
Fidelity (MSE);Tolerancja_0.1;980;78;0.09895542193230403;0.3145718072750704;1.2252823170277742;5.609600101862979
Fidelity (MSE);Tolerancja_1.0;980;11;0.9222699680547348;0.9603488783013884;3.405370815625127;17.125416330881713
Fidelity (MSE);Tolerancja_0.01;981;754;0.009978810806356249;0.09989399784950169;1.1022832285359145;1.8160969278118981
Fidelity (MSE);Tolerancja_0.1;981;77;0.09964743398137516;0.31566981797659266;1.2238190978402272;5.738953280195411
Fidelity (MSE);Tolerancja_1.0;981;8;0.9116981208202413;0.954828843730771;2.9821516001957935;17.359018229485052
Fidelity (MSE);Tolerancja_0.01;982;742;0.009998382009983976;0.09999190972265694;1.295774766693634;1.6696333965878003
Fidelity (MSE);Tolerancja_0.1;982;80;0.09871930487646281;0.3141962839953121;1.79156434110915;5.246350532732068
Fidelity (MSE);Tolerancja_1.0;982;10;0.8593898409260686;0.9270328154526508;2.6756282629348647;15.479301802572207
Fidelity (MSE);Tolerancja_0.01;983;628;0.009994043075601177;0.09997021094106573;0.42698075629770305;1.8925077785913509
Fidelity (MSE);Tolerancja_0.1;983;59;0.09994591810458453;0.31614224346737424;1.199540968128586;5.984799364443036
Fidelity (MSE);Tolerancja_1.0;983;8;0.662576264682971;0.813987877479125;3.064089186166012;15.4093742056466
Fidelity (MSE);Tolerancja_0.01;984;1083;0.009997291438469818;0.09998645627518668;0.41733862204644456;1.7961531806223587
Fidelity (MSE);Tolerancja_0.1;984;122;0.09970063374630606;0.31575407162268876;1.1351749079475635;5.67219502688084
Fidelity (MSE);Tolerancja_1.0;984;8;0.9182680683648332;0.9582630475839258;3.1174150384796935;17.214203652278897
Fidelity (MSE);Tolerancja_0.01;985;846;0.009993944962916617;0.09996972023026081;0.38426383997543123;1.675448628078367
Fidelity (MSE);Tolerancja_0.1;985;84;0.09953378672989605;0.31548975693340037;1.3832987361738005;5.287469837960395
Fidelity (MSE);Tolerancja_1.0;985;7;0.9936025489163207;0.9967961421054562;2.8230038008554956;16.705865785336695
Fidelity (MSE);Tolerancja_0.01;986;1052;0.009992693580487497;0.09996346122702783;0.7968852923372669;1.5769084451571238
Fidelity (MSE);Tolerancja_0.1;986;100;0.09983336526076206;0.3159641835094004;1.506094805458111;4.984287090775868
Fidelity (MSE);Tolerancja_1.0;986;10;0.9998255499024231;0.9999127711467751;3.5263539379620856;15.773472365675644
Fidelity (MSE);Tolerancja_0.01;987;777;0.009995921209190997;0.09997960396596396;0.4335835609387928;2.045095060760994
Fidelity (MSE);Tolerancja_0.1;987;68;0.09901036817879803;0.3146591301373568;1.2299481411433648;6.436391097191466
Fidelity (MSE);Tolerancja_1.0;987;9;0.9868837155483398;0.9934202109622794;3.929268391893438;20.320532249664964
Fidelity (MSE);Tolerancja_0.01;988;730;0.00999010207229885;0.09995049810930834;0.4070015724926499;1.524041494301589
Fidelity (MSE);Tolerancja_0.1;988;84;0.09786453827513403;0.31283308372858204;1.2026895232342856;4.770067277416408
Fidelity (MSE);Tolerancja_1.0;988;6;0.8949726150630244;0.9460299229215873;3.0166980066798166;14.425029236038995
Fidelity (MSE);Tolerancja_0.01;989;741;0.009995665297462725;0.09997832413809868;0.9156073548375172;1.8576930259819067
Fidelity (MSE);Tolerancja_0.1;989;84;0.0998838959733789;0.31604413611611104;1.798287647472777;5.87240276956838
Fidelity (MSE);Tolerancja_1.0;989;4;0.9704095553842148;0.985093678481501;3.670290670926695;18.30398411085778
Fidelity (MSE);Tolerancja_0.01;990;502;0.009989245228199176;0.09994621167507639;0.4518725899646916;1.6883562137194965
Fidelity (MSE);Tolerancja_0.1;990;49;0.09969146911951521;0.3157395590031683;1.037367391571851;5.333677359308931
Fidelity (MSE);Tolerancja_1.0;990;8;0.884660646574316;0.9405640045070383;2.6564727274241307;15.888617035060197
Fidelity (MSE);Tolerancja_0.01;991;796;0.009997035342861352;0.09998517561549487;0.3981619066548836;1.7389566592157755
Fidelity (MSE);Tolerancja_0.1;991;86;0.09938787894111786;0.3152584319905145;1.1488560027791115;5.4830203208531465
Fidelity (MSE);Tolerancja_1.0;991;7;0.9792938381194924;0.9895927637768439;3.304821779033672;17.211140710491506
Fidelity (MSE);Tolerancja_0.01;992;522;0.009998188223383412;0.09999094070656307;0.5171169163730136;1.6775430433161067
Fidelity (MSE);Tolerancja_0.1;992;44;0.09979071832927365;0.31589668932939713;1.0892650243556021;5.299783058810013
Fidelity (MSE);Tolerancja_1.0;992;6;0.7866563078460819;0.8869364733993533;2.7914124432783227;14.880089139082846
Fidelity (MSE);Tolerancja_0.01;993;700;0.009999360090668305;0.09999680040215439;0.3567250290426034;1.7154545132334442
Fidelity (MSE);Tolerancja_0.1;993;63;0.09951331617851371;0.3154573127675339;1.1880575378244682;5.411699861827792
Fidelity (MSE);Tolerancja_1.0;993;8;0.940076451686287;0.9695753976284087;2.8276027990576162;16.63315711195426
Fidelity (MSE);Tolerancja_0.01;994;1152;0.009987815592944206;0.0999390593959349;0.5666466911894679;1.6841006356379615
Fidelity (MSE);Tolerancja_0.1;994;117;0.09988107479185244;0.3160396728131651;1.5093843242710765;5.325671635179648
Fidelity (MSE);Tolerancja_1.0;994;10;0.9882663264283248;0.9941158516130425;3.404372220078776;16.7521202192483
Fidelity (MSE);Tolerancja_0.01;995;1036;0.009990755746109614;0.0999537680435791;0.4014574191349607;1.7067782411736097
Fidelity (MSE);Tolerancja_0.1;995;122;0.09935630223909035;0.31520834734995573;1.2567645143097153;5.382395873846774
Fidelity (MSE);Tolerancja_1.0;995;10;0.8595190892720146;0.9271025236035196;3.2588612483826354;15.830903082450416
Fidelity (MSE);Tolerancja_0.01;996;874;0.00999479573502586;0.0999739752887013;0.44810773310659346;1.9479185387615179
Fidelity (MSE);Tolerancja_0.1;996;102;0.09945642961806815;0.31536713465113664;1.1394401117368318;6.144694019909358
Fidelity (MSE);Tolerancja_1.0;996;8;0.9720653772091679;0.9859337590371717;2.7172520019019153;19.210185867605368
Fidelity (MSE);Tolerancja_0.01;997;1237;0.009997353778093741;0.09998676801504157;0.36571561043333123;1.7089913169296014
Fidelity (MSE);Tolerancja_0.1;997;156;0.09996459648347301;0.31617178318672434;1.078618014004947;5.404063386096997
Fidelity (MSE);Tolerancja_1.0;997;17;0.9867316818514978;0.9933436876788908;3.5177548337925004;16.97840394955733
Fidelity (MSE);Tolerancja_0.01;998;1134;0.009990729135153182;0.09995363492716602;0.9316690018919975;1.730740270084769
Fidelity (MSE);Tolerancja_0.1;998;124;0.09968082057425295;0.31572269569078015;1.560060324022968;5.466874556487379
Fidelity (MSE);Tolerancja_1.0;998;14;0.9579554960812078;0.9787520094902528;4.207976117545725;16.94751289921097
Fidelity (MSE);Tolerancja_0.01;999;1088;0.009995003683665087;0.09997501529714856;0.6220971447705805;1.619274337417934
Fidelity (MSE);Tolerancja_0.1;999;112;0.09956754018144155;0.3155432461350449;1.111978082298024;5.110787723246311
Fidelity (MSE);Tolerancja_1.0;999;12;0.8919018898249902;0.9444055748591228;2.965833668862004;15.296338859649328
